barcode,tissue,row,col,imagerow,imagecol,pxl_col_in_fullres,pxl_row_in_fullres,total_CTA_objects,Tumor_count,Immune_cells_count,Stroma_count,Tumor_fraction,Immune_cells_fraction,Stroma_fraction,dominant_CTA_class,dominant_CTA_fraction,CTA_mapped,unmatched_reason,Tumor_endpoint_status,Immune_cells_endpoint_status,Stroma_endpoint_status,primary_endpoint_status,primary_endpoint_class,rgb_mean,rgb_std,darkness,saturation,red_blue,edge_proxy,tissue_coverage,x_plot,y_plot,morphology_domain,morphology_domain_source,morphology_domain_frozen,signed_distance_to_tumor_stroma_boundary,abs_distance_to_tumor_stroma_boundary,interface_band,tumor_region_for_boundary,stroma_or_immune_region_for_boundary,boundary_seed_spot,boundary_definition_frozen
AAACAAGTATCTCCCA-1,1,50,102,8711,10218,34060.0,29036.6666666667,15,8,3,4,0.5333333333333333,0.2,0.2666666666666666,Tumor,0.5333333333333333,True,,ambiguous,negative,ambiguous,negative,Immune cells,0.4356851882027049,0.1342344382721126,0.5643148117972951,0.2298299929390038,0.012416490141763,0.0906470970454458,1.0,425.06879999999995,362.3776,mixed_boundary,CTA_composition_plus_H&E_patch_feature_proxy,True,0.0,0.0,True,False,True,True,True
AAACAGTGTTCCTGGG-1,1,73,43,12203,5077,16923.3333333333,40676.6666666667,22,0,12,10,0.0,0.5454545454545454,0.4545454545454545,Immune cells,0.5454545454545454,True,,negative,ambiguous,ambiguous,ambiguous,Immune cells,0.8157731790777253,0.0460824036405711,0.1842268209222746,0.1104339796860572,0.0433545163217641,0.0062531055307112,1.0,211.20319999999998,507.6448,immune_enriched,CTA_composition_plus_H&E_patch_feature_proxy,True,7.249628073218679,7.249628073218679,True,False,False,False,True
AAACATTTCCCGGATT-1,1,61,97,10380,9784,32613.3333333333,34600.0,28,26,1,1,0.9285714285714286,0.0357142857142857,0.0357142857142857,Tumor,0.9285714285714286,True,,positive,negative,negative,negative,Immune cells,0.4885774808538374,0.1282849730316141,0.5114225191461625,0.2058986475476616,0.0004888381945576,0.0835798646944157,1.0,407.01439999999997,431.808,tumor_core,CTA_composition_plus_H&E_patch_feature_proxy,True,-7.306457067553315,7.306457067553315,True,True,False,False,True
AAACCCGAACGAAATC-1,1,45,115,7952,11351,37836.6666666667,26506.6666666667,27,27,0,0,1.0,0.0,0.0,Tumor,1.0,True,,positive,negative,negative,negative,Immune cells,0.4460992522586135,0.1294089752241554,0.5539007477413865,0.2399326489598609,0.0229210797892564,0.0873905897641707,1.0,472.2016,330.8032,tumor_core,CTA_composition_plus_H&E_patch_feature_proxy,True,-7.238400000000013,7.238400000000013,True,True,False,False,True
AAACCGGAAATGTTAA-1,1,54,124,9317,12137,40456.6666666667,31056.6666666667,17,0,11,6,0.0,0.6470588235294118,0.3529411764705882,Immune cells,0.6470588235294118,True,,negative,positive,ambiguous,positive,Immune cells,0.6503249868737891,0.1760122049829454,0.3496750131262107,0.1346586279941339,0.0234859594807452,0.134873676566143,1.0,504.89919999999995,387.5872,immune_enriched,CTA_composition_plus_H&E_patch_feature_proxy,True,14.518399999999986,14.518399999999986,False,False,False,False,True
AAACCGTTCGTCCAGG-1,1,52,42,9018,4988,16626.6666666667,30060.0,15,8,3,4,0.5333333333333333,0.2,0.2666666666666666,Tumor,0.5333333333333333,True,,ambiguous,negative,ambiguous,negative,Immune cells,0.4790940198794199,0.1216658351231582,0.5209059801205801,0.2184346314703166,0.0105589050024441,0.107965447387532,1.0,207.5008,375.1488,mixed_boundary,CTA_composition_plus_H&E_patch_feature_proxy,True,0.0,0.0,True,False,True,True,True
AAACCTAAGCAGCCGG-1,1,65,83,10988,8563,28543.3333333333,36626.6666666667,15,11,4,0,0.7333333333333333,0.2666666666666666,0.0,Tumor,0.7333333333333333,True,,positive,ambiguous,negative,ambiguous,Immune cells,0.4935672514619882,0.122404178765079,0.5064327485380117,0.2159578512845581,0.0141871707131606,0.0886977793066544,1.0,356.2208,457.1008,tumor_core,CTA_composition_plus_H&E_patch_feature_proxy,True,-7.270485210768231,7.270485210768231,True,True,False,False,True
AAACGAGACGGTTGAT-1,1,35,79,6437,8212,27373.3333333333,21456.6666666667,32,18,8,6,0.5625,0.25,0.1875,Tumor,0.5625,True,,ambiguous,ambiguous,negative,ambiguous,Immune cells,0.4860536273604547,0.1254853055741871,0.5139463726395451,0.2034979088588344,0.0118081581663136,0.1037801475365974,1.0,341.6192,267.7792,mixed_boundary,CTA_composition_plus_H&E_patch_feature_proxy,True,0.0,0.0,True,False,True,True,True
AAACGGGCGTACGGGT-1,1,65,91,10987,9261,30870.0,36623.3333333333,17,11,5,1,0.6470588235294118,0.2941176470588235,0.0588235294117647,Tumor,0.6470588235294118,True,,positive,ambiguous,negative,ambiguous,Immune cells,0.4941574783191207,0.1209029831685239,0.5058425216808792,0.2079734941067839,0.0084406061593612,0.08340404387876,1.0,385.25759999999997,457.0592,mixed_boundary,CTA_composition_plus_H&E_patch_feature_proxy,True,0.0,0.0,True,False,True,True,True
AAACGGTTGCGAACTG-1,1,67,59,11292,6471,21570.0,37640.0,20,8,11,1,0.4,0.55,0.05,Immune cells,0.55,True,,ambiguous,ambiguous,negative,ambiguous,Immune cells,0.5268517009758659,0.1122315866007621,0.4731482990241342,0.2106458095703655,0.0217804573352886,0.0697817528570882,1.0,269.1936,469.74719999999996,immune_enriched,CTA_composition_plus_H&E_patch_feature_proxy,True,12.646400000000028,12.646400000000028,False,False,False,False,True
AAACTCGGTTCGCAAT-1,1,66,70,11140,7430,24766.6666666667,37133.3333333333,21,18,2,1,0.8571428571428571,0.0952380952380952,0.0476190476190476,Tumor,0.8571428571428571,True,,positive,negative,negative,negative,Immune cells,0.4920246953813843,0.1251224356037088,0.5079753046186157,0.2174243658682309,0.0095595024713486,0.0853992279172877,1.0,309.08799999999997,463.424,tumor_core,CTA_composition_plus_H&E_patch_feature_proxy,True,-7.285702909122775,7.285702909122775,True,True,False,False,True
AAACTCGTGATATAAG-1,1,23,113,4615,11175,37250.0,15383.3333333333,27,19,4,4,0.7037037037037037,0.1481481481481481,0.1481481481481481,Tumor,0.7037037037037037,True,,positive,negative,negative,negative,Immune cells,0.4781597957742653,0.1759685153721516,0.5218402042257346,0.2144587474879148,0.0332844495138775,0.1256201505943507,1.0,464.88,191.98399999999998,tumor_core,CTA_composition_plus_H&E_patch_feature_proxy,True,-12.6464,12.6464,False,True,False,False,True
AAACTGCTGGCTCCAA-1,1,45,67,7955,7167,23890.0,26516.6666666667,29,29,0,0,1.0,0.0,0.0,Tumor,1.0,True,,positive,negative,negative,negative,Immune cells,0.4437455868774103,0.1267726112397256,0.5562544131225897,0.2227907229373744,0.0087664982890663,0.0859916676222145,1.0,298.1472,330.928,tumor_core,CTA_composition_plus_H&E_patch_feature_proxy,True,-19.2082115773437,19.2082115773437,False,True,False,False,True
AAAGCTTGCCTACATA-1,1,26,122,5069,11960,39866.6666666667,16896.6666666667,27,27,0,0,1.0,0.0,0.0,Tumor,1.0,True,,positive,negative,negative,negative,Immune cells,0.4406315065268952,0.1290820969519384,0.5593684934731048,0.2471131388843626,0.028624192059095,0.0799182050988036,1.0,497.536,210.8704,tumor_core,CTA_composition_plus_H&E_patch_feature_proxy,True,-7.238399999999956,7.238399999999956,True,True,False,False,True
AAAGGCCCTATAATAC-1,1,66,22,11143,3245,10816.6666666667,37143.3333333333,17,0,14,3,0.0,0.8235294117647058,0.1764705882352941,Immune cells,0.8235294117647058,True,,negative,positive,negative,positive,Immune cells,0.7935726829974832,0.1135596034690949,0.2064273170025165,0.0628537287491173,0.0022160664819944,0.0431372549019607,1.0,134.992,463.54879999999997,immune_enriched,CTA_composition_plus_H&E_patch_feature_proxy,True,7.280000000000001,7.280000000000001,True,False,False,False,True
AAAGGCTACGGACCAT-1,1,62,54,10534,6035,20116.6666666667,35113.3333333333,21,21,0,0,1.0,0.0,0.0,Tumor,1.0,True,,positive,negative,negative,negative,Immune cells,0.4666992558796371,0.1244430244706133,0.5333007441203628,0.2205420672424094,0.009841942317093,0.1003401750563773,1.0,251.05599999999998,438.21439999999996,tumor_core,CTA_composition_plus_H&E_patch_feature_proxy,True,-19.253970279399528,19.253970279399528,False,True,False,False,True
AAAGGCTCTCGCGCCG-1,1,55,55,9472,6121,20403.3333333333,31573.3333333333,20,15,2,3,0.75,0.1,0.15,Tumor,0.75,True,,positive,negative,negative,negative,Immune cells,0.5061901399525646,0.1180652877091026,0.4938098600474354,0.2029764814513063,0.0114170876106675,0.0836830638688223,1.0,254.6336,394.0352,tumor_core,CTA_composition_plus_H&E_patch_feature_proxy,True,-7.285702909122747,7.285702909122747,True,True,False,False,True
AAAGTGTGATTTATCT-1,1,44,94,7801,9520,31733.3333333333,26003.3333333333,28,28,0,0,1.0,0.0,0.0,Tumor,1.0,True,,positive,negative,negative,negative,Immune cells,0.4384299241395543,0.1183721384029253,0.5615700758604457,0.2195643908532942,-0.0014665145836728,0.0916064671482627,1.0,396.032,324.5216,tumor_core,CTA_composition_plus_H&E_patch_feature_proxy,True,-36.43385853845295,36.43385853845295,False,True,False,False,True
AAAGTTGACTCCCGTA-1,1,42,96,7498,9695,32316.6666666667,24993.3333333333,33,33,0,0,1.0,0.0,0.0,Tumor,1.0,True,,positive,negative,negative,negative,Immune cells,0.4022848659315988,0.123494495773539,0.5977151340684012,0.222703818369453,0.0013796100157514,0.0878263196116653,1.0,403.31199999999995,311.91679999999997,tumor_core,CTA_composition_plus_H&E_patch_feature_proxy,True,-33.21381619025437,33.21381619025437,False,True,False,False,True
AAATAAGGTAGTGCCC-1,1,31,115,5828,11350,37833.3333333333,19426.6666666667,22,22,0,0,1.0,0.0,0.0,Tumor,1.0,True,,positive,negative,negative,negative,Immune cells,0.4167762026324842,0.1315101079258836,0.5832237973675158,0.2513605996415187,0.0293194286024659,0.0894583954439475,1.0,472.15999999999997,242.4448,tumor_core,CTA_composition_plus_H&E_patch_feature_proxy,True,-45.3942928430436,45.3942928430436,False,True,False,False,True
AAATACCTATAAGCAT-1,1,47,69,8258,7341,24470.0,27526.6666666667,11,8,1,2,0.7272727272727273,0.0909090909090909,0.1818181818181818,Tumor,0.7272727272727273,True,,positive,negative,negative,negative,Immune cells,0.476577408433364,0.1207581423190438,0.5234225915666358,0.2175655857911031,0.0112106892618543,0.0885945801322478,1.0,305.3856,343.5328,tumor_core,CTA_composition_plus_H&E_patch_feature_proxy,True,-26.141917958711485,26.141917958711485,False,True,False,False,True
AAATAGCTTAGACTTT-1,1,36,106,6587,10566,35220.0,21956.6666666667,20,20,0,0,1.0,0.0,0.0,Tumor,1.0,True,,positive,negative,negative,negative,Immune cells,0.4101171401155106,0.1257465652711888,0.5898828598844893,0.2348378686654717,0.0135245233827603,0.0979169055536444,1.0,439.5456,274.0192,tumor_core,CTA_composition_plus_H&E_patch_feature_proxy,True,-44.32719618112562,44.32719618112562,False,True,False,False,True
AAATAGGGTGCTATTG-1,1,53,79,9167,8214,27380.0,30556.6666666667,13,13,0,0,1.0,0.0,0.0,Tumor,1.0,True,,positive,negative,negative,negative,Immune cells,0.4659859142179494,0.1275181808371847,0.5340140857820506,0.2203030796806257,0.0101352452338276,0.0865535297939838,1.0,341.7024,381.3472,tumor_core,CTA_composition_plus_H&E_patch_feature_proxy,True,-12.543762446730252,12.543762446730252,False,True,False,False,True
AAATCCGATACACGCC-1,1,65,87,10987,8912,29706.6666666667,36623.3333333333,22,22,0,0,1.0,0.0,0.0,Tumor,1.0,True,,positive,negative,negative,negative,Immune cells,0.5120706823819093,0.1307322512548669,0.4879293176180906,0.2133507142469176,0.01929281407854,0.0956656346749226,1.0,370.7392,457.0592,tumor_core,CTA_composition_plus_H&E_patch_feature_proxy,True,-7.249628073218616,7.249628073218616,True,True,False,False,True
AAATCGTGTACCACAA-1,1,44,56,7803,6207,20690.0,26010.0,21,18,0,3,0.8571428571428571,0.0,0.1428571428571428,Tumor,0.8571428571428571,True,,positive,negative,negative,negative,Immune cells,0.4664023319392392,0.1179480684067106,0.5335976680607608,0.21543642387703,0.0034870457878442,0.1032756182394985,1.0,258.21119999999996,324.6048,tumor_core,CTA_composition_plus_H&E_patch_feature_proxy,True,-19.194557361919003,19.194557361919003,False,True,False,False,True
AAATCTAGCCCTGCTA-1,1,53,101,9166,10132,33773.3333333333,30553.3333333333,26,26,0,0,1.0,0.0,0.0,Tumor,1.0,True,,positive,negative,negative,negative,Immune cells,0.4446110115329603,0.1314021243826879,0.5553889884670397,0.2300472543588072,0.0156210960838629,0.088862133547376,1.0,421.4912,381.30559999999997,tumor_core,CTA_composition_plus_H&E_patch_feature_proxy,True,-19.263135927465175,19.263135927465175,False,True,False,False,True
AAATGACTGATCAAAC-1,1,76,60,12658,6559,21863.3333333333,42193.3333333333,4,1,2,1,0.25,0.5,0.25,Immune cells,0.5,True,,ambiguous,ambiguous,ambiguous,ambiguous,Immune cells,0.7802255897742292,0.0795057983070739,0.2197744102257707,0.1271956982238879,0.0532942262777687,0.0342124374116118,1.0,272.8544,526.5728,unmapped_or_excluded,CTA_composition_plus_H&E_patch_feature_proxy,True,12.646400000000085,12.646400000000085,False,False,False,False,True
AAATGATTCGATCAGC-1,1,21,111,4311,11000,36666.6666666667,14370.0,15,1,3,11,0.0666666666666666,0.2,0.7333333333333333,Stroma,0.7333333333333333,True,,negative,negative,positive,negative,Immune cells,0.6747705176253327,0.1352469029783314,0.3252294823746673,0.1116180544239856,0.0096789962522405,0.1555173336391086,1.0,457.59999999999997,179.33759999999998,stroma_rich,CTA_composition_plus_H&E_patch_feature_proxy,True,7.28000000000003,7.28000000000003,True,False,True,False,True
AAATGGTCAATGTGCC-1,1,33,51,6135,5771,19236.6666666667,20450.0,24,23,1,0,0.9583333333333334,0.0416666666666666,0.0,Tumor,0.9583333333333334,True,,positive,negative,negative,negative,Immune cells,0.5497365705284883,0.1213716945400724,0.4502634294715115,0.1719298245614035,0.0071370376405409,0.080491533845507,1.0,240.0736,255.21599999999998,tumor_core,CTA_composition_plus_H&E_patch_feature_proxy,True,-7.238399999999984,7.238399999999984,True,True,False,False,True
AAATTAACGGGTAGCT-1,1,34,58,6286,6381,21270.0,20953.3333333333,16,0,2,14,0.0,0.125,0.875,Stroma,0.875,True,,negative,negative,positive,negative,Immune cells,0.5765538717795522,0.1124898464642987,0.4234461282204478,0.1818152191624572,0.0285481505621639,0.0705003248862898,1.0,265.4496,261.4976,stroma_rich,CTA_composition_plus_H&E_patch_feature_proxy,True,0.0,0.0,True,False,True,True,True
AAATTACCTATCGATG-1,1,26,94,5071,9519,31730.0,16903.3333333333,0,0,0,0,0.0,0.0,0.0,unmapped,0.0,False,no_CTA_object_captured,excluded,excluded,excluded,excluded,Immune cells,0.679829087683088,0.1459683611090547,0.3201709123169119,0.1173320297648145,0.0100266145239259,0.1389022665596453,1.0,395.99039999999997,210.9536,unmapped_or_excluded,CTA_composition_plus_H&E_patch_feature_proxy,True,43.6627424956335,43.6627424956335,False,False,False,False,True
AAATTCCAGGTCCAAA-1,1,35,115,6435,11350,37833.3333333333,21450.0,18,18,0,0,1.0,0.0,0.0,Tumor,1.0,True,,positive,negative,negative,negative,Immune cells,0.3885901544366593,0.1286789084629478,0.6114098455633408,0.241866275596111,0.0188148389549725,0.0842296372740129,1.0,472.15999999999997,267.69599999999997,tumor_core,CTA_composition_plus_H&E_patch_feature_proxy,True,-43.555219866280105,43.555219866280105,False,True,False,False,True
AAATTGATAGTCCTTT-1,1,55,31,9473,4029,13430.0,31576.6666666667,29,29,0,0,1.0,0.0,0.0,Tumor,1.0,True,,positive,negative,negative,negative,Immune cells,0.527029131135372,0.1323213690804369,0.472970868864628,0.18006626473304,-0.002704904676552,0.107804915338455,1.0,167.60639999999998,394.0768,tumor_core,CTA_composition_plus_H&E_patch_feature_proxy,True,-12.604800000000012,12.604800000000012,False,True,False,False,True
AAATTTGCGGGTGTGG-1,1,47,33,8260,4203,14010.0,27533.3333333333,23,19,2,2,0.8260869565217391,0.0869565217391304,0.0869565217391304,Tumor,0.8260869565217391,True,,positive,negative,negative,negative,Immune cells,0.5511053174732498,0.1693918869264922,0.4488946825267503,0.1626310357938189,-0.0045190375319102,0.0916026449566181,1.0,174.8448,343.616,tumor_core,CTA_composition_plus_H&E_patch_feature_proxy,True,-7.285702909122762,7.285702909122762,True,True,False,False,True
AACAATACATTGTCGA-1,1,61,37,10383,4553,15176.6666666667,34610.0,24,24,0,0,1.0,0.0,0.0,Tumor,1.0,True,,positive,negative,negative,negative,Immune cells,0.5350098672894829,0.1145342271069003,0.4649901327105173,0.1944598337950138,0.0091575688447124,0.087497611130222,1.0,189.4048,431.9328,tumor_core,CTA_composition_plus_H&E_patch_feature_proxy,True,-7.27048521076828,7.27048521076828,True,True,False,False,True
AACACACGCTCGCCGC-1,1,51,93,8863,9434,31446.6666666667,29543.3333333333,30,14,14,2,0.4666666666666667,0.4666666666666667,0.0666666666666666,Tumor,0.4666666666666667,True,,ambiguous,ambiguous,negative,ambiguous,Immune cells,0.4562308764687777,0.1267635768096983,0.5437691235312223,0.2191515941556678,0.0077019173320297,0.1045560524404693,1.0,392.45439999999996,368.70079999999996,immune_enriched,CTA_composition_plus_H&E_patch_feature_proxy,True,19.194557361918985,19.194557361918985,False,False,False,False,True
AACAGCTGTGTGGCAA-1,1,59,31,10080,4029,13430.0,33600.0,12,7,1,4,0.5833333333333334,0.0833333333333333,0.3333333333333333,Tumor,0.5833333333333334,True,,ambiguous,negative,ambiguous,negative,Immune cells,0.5121467238788406,0.1210352529137631,0.4878532761211595,0.1921894519580685,0.0045190375319102,0.0953483927684134,1.0,167.60639999999998,419.328,mixed_boundary,CTA_composition_plus_H&E_patch_feature_proxy,True,0.0,0.0,True,False,True,True,True
AACAGGTAGTATGGAT-1,1,49,113,8559,11177,37256.6666666667,28530.0,17,9,0,8,0.5294117647058824,0.0,0.4705882352941176,Tumor,0.5294117647058824,True,,ambiguous,negative,ambiguous,negative,Immune cells,0.4855249579055999,0.1264512604514433,0.5144750420944002,0.2150888056053446,0.0164141002661452,0.0805259335703092,1.0,464.9632,356.0544,stroma_rich,CTA_composition_plus_H&E_patch_feature_proxy,True,0.0,0.0,True,False,True,True,True
AACATATCAACTGGTG-1,1,27,99,5222,9955,33183.3333333333,17406.6666666667,29,28,1,0,0.9655172413793104,0.0344827586206896,0.0,Tumor,0.9655172413793104,True,,positive,negative,negative,negative,Immune cells,0.4237249470425289,0.1277079008813958,0.576275052957471,0.2269404160556189,0.0176633534300146,0.0975920192638458,1.0,414.128,217.2352,tumor_core,CTA_composition_plus_H&E_patch_feature_proxy,True,-50.87736123974986,50.87736123974986,False,True,False,False,True
AACATTGAAGTTGATC-1,1,67,23,11294,3333,11110.0,37646.6666666667,19,8,10,1,0.4210526315789473,0.5263157894736842,0.0526315789473684,Immune cells,0.5263157894736842,True,,ambiguous,ambiguous,negative,ambiguous,Immune cells,0.8206289718103307,0.0567074308874983,0.1793710281896691,0.0568573135625441,0.0067025148009342,0.01763941444024,1.0,138.65279999999998,469.8304,immune_enriched,CTA_composition_plus_H&E_patch_feature_proxy,True,7.238400000000013,7.238400000000013,True,False,False,False,True
AACATTGTGACTCGAG-1,1,64,52,10838,5861,19536.6666666667,36126.6666666667,24,10,13,1,0.4166666666666667,0.5416666666666666,0.0416666666666666,Immune cells,0.5416666666666666,True,,ambiguous,ambiguous,negative,ambiguous,Immune cells,0.4495174985968533,0.1260758479290258,0.5504825014031466,0.2305469556243549,0.0163815110531747,0.0941367580170469,1.0,243.8176,450.8608,immune_enriched,CTA_composition_plus_H&E_patch_feature_proxy,True,7.280000000000001,7.280000000000001,True,False,False,False,True
AACCCATCCCATGATC-1,1,56,14,9626,2547,8490.0,32086.6666666667,0,0,0,0,0.0,0.0,0.0,unmapped,0.0,False,no_CTA_object_captured,excluded,excluded,excluded,excluded,Immune cells,0.7554976191769414,0.1413397127226935,0.2445023808230586,0.0710444842757047,0.0088751289989679,0.1029507319496999,1.0,105.95519999999999,400.4416,unmapped_or_excluded,CTA_composition_plus_H&E_patch_feature_proxy,True,43.513619885272696,43.513619885272696,False,False,False,False,True
AACCCGACAACCCGTG-1,1,67,43,11293,5076,16920.0,37643.3333333333,27,27,0,0,1.0,0.0,0.0,Tumor,1.0,True,,positive,negative,negative,negative,Immune cells,0.4855828942842141,0.1195657229109208,0.5144171057157858,0.2081798924555972,0.0064092118841996,0.0970836677751022,1.0,211.1616,469.7888,tumor_core,CTA_composition_plus_H&E_patch_feature_proxy,True,-14.535316219470442,14.535316219470442,False,True,False,False,True
AACCCGAGCAGAATCG-1,1,57,113,9772,11178,37260.0,32573.3333333333,13,10,2,1,0.7692307692307693,0.1538461538461538,0.0769230769230769,Tumor,0.7692307692307693,True,,positive,negative,negative,negative,Immune cells,0.5234044864483189,0.1189740221456036,0.4765955135516811,0.2138504155124654,0.0243984574439194,0.0805221113786645,1.0,465.0048,406.5152,tumor_core,CTA_composition_plus_H&E_patch_feature_proxy,True,-7.2385195392428265,7.2385195392428265,True,True,False,False,True
AACCCGCTGTATTCCA-1,1,75,59,12506,6472,21573.3333333333,41686.6666666667,17,6,10,1,0.3529411764705882,0.5882352941176471,0.0588235294117647,Immune cells,0.5882352941176471,True,,ambiguous,ambiguous,negative,ambiguous,Immune cells,0.7860337117303061,0.0741632537743364,0.2139662882696937,0.1278583455542881,0.0531964586388572,0.0276000458662997,1.0,269.23519999999996,520.2496,immune_enriched,CTA_composition_plus_H&E_patch_feature_proxy,True,7.285702909122796,7.285702909122796,True,False,False,False,True
AACCCTACTGTCAATA-1,1,40,96,7194,9694,32313.3333333333,23980.0,27,26,1,0,0.9629629629629628,0.037037037037037,0.0,Tumor,0.9629629629629628,True,,positive,negative,negative,negative,Immune cells,0.3855774627487191,0.126729176327059,0.6144225372512809,0.2235511379066862,-0.000260713703764,0.0905133203378817,1.0,403.2704,299.2704,tumor_core,CTA_composition_plus_H&E_patch_feature_proxy,True,-37.74498006357932,37.74498006357932,False,True,False,False,True
AACCGCTAAGGGATGC-1,1,46,92,8105,9346,31153.3333333333,27016.6666666667,20,16,4,0,0.8,0.2,0.0,Tumor,0.8,True,,positive,negative,negative,negative,Immune cells,0.4620100302355476,0.1217705333003239,0.5379899697644525,0.2148715441855412,0.0052903155722122,0.1007262164124909,1.0,388.79359999999997,337.168,tumor_core,CTA_composition_plus_H&E_patch_feature_proxy,True,-29.106714683728878,29.106714683728878,False,True,False,False,True
AACCTCGCTTTAGCCC-1,1,62,82,10533,8476,28253.3333333333,35110.0,16,10,3,3,0.625,0.1875,0.1875,Tumor,0.625,True,,positive,negative,negative,negative,Immune cells,0.4776275052957471,0.1227471933026581,0.5223724947042528,0.2222149801748954,0.010808755635218,0.0822382754271299,1.0,352.60159999999996,438.1728,mixed_boundary,CTA_composition_plus_H&E_patch_feature_proxy,True,0.0,0.0,True,False,True,True,True
AACCTGTCACGGAATT-1,1,36,118,6587,11612,38706.6666666667,21956.6666666667,25,25,0,0,1.0,0.0,0.0,Tumor,1.0,True,,positive,negative,negative,negative,Immune cells,0.4038889794144805,0.1305791582362587,0.5961110205855195,0.2475585247949595,0.0220194448970724,0.0851431410770935,1.0,483.0592,274.0192,tumor_core,CTA_composition_plus_H&E_patch_feature_proxy,True,-33.270482639120225,33.270482639120225,False,True,False,False,True
AACCTTTAAATACGGT-1,1,54,68,9320,7255,24183.3333333333,31066.6666666667,18,16,0,2,0.8888888888888888,0.0,0.1111111111111111,Tumor,0.8888888888888888,True,,positive,negative,negative,negative,Immune cells,0.5108286712653667,0.1200321334032112,0.4891713287346333,0.1994568464504915,0.0074520666992558,0.0925964147842373,1.0,301.808,387.712,tumor_core,CTA_composition_plus_H&E_patch_feature_proxy,True,-7.285702909122747,7.285702909122747,True,True,False,False,True
AACGATAATGCCGTAG-1,1,53,73,9168,7690,25633.3333333333,30560.0,21,21,0,0,1.0,0.0,0.0,Tumor,1.0,True,,positive,negative,negative,negative,Immune cells,0.4607607770716782,0.1198799983813526,0.5392392229283217,0.2228450382923252,0.0074520666992558,0.0797653174330161,1.0,319.904,381.3888,tumor_core,CTA_composition_plus_H&E_patch_feature_proxy,True,-19.278761387599562,19.278761387599562,False,True,False,False,True
AACGCGACCTTGGGCG-1,1,67,53,11293,5948,19826.6666666667,37643.3333333333,30,30,0,0,1.0,0.0,0.0,Tumor,1.0,True,,positive,negative,negative,negative,Immune cells,0.4772291926927742,0.1263821108896345,0.5227708073072258,0.2249416109934278,0.0180001086307099,0.0837327523602033,1.0,247.43679999999998,469.7888,tumor_core,CTA_composition_plus_H&E_patch_feature_proxy,True,-12.604800000000012,12.604800000000012,False,True,False,False,True
AACGCTGTTGCTGAAA-1,1,54,94,9318,9521,31736.6666666667,31060.0,24,22,1,1,0.9166666666666666,0.0416666666666666,0.0416666666666666,Tumor,0.9166666666666666,True,,positive,negative,negative,negative,Immune cells,0.4848804156935165,0.126763100800143,0.5151195843064834,0.2106566726413557,0.0059638259736027,0.0884034705500133,1.0,396.0736,387.62879999999996,tumor_core,CTA_composition_plus_H&E_patch_feature_proxy,True,-33.2998840598582,33.2998840598582,False,True,False,False,True
AACGGACGTACGTATA-1,1,50,92,8712,9347,31156.6666666667,29040.0,20,20,0,0,1.0,0.0,0.0,Tumor,1.0,True,,positive,negative,negative,negative,Immune cells,0.4633280828490214,0.1255468220849585,0.5366719171509785,0.2210634946499375,0.0112867307587855,0.1040094790352788,1.0,388.8352,362.4192,tumor_core,CTA_composition_plus_H&E_patch_feature_proxy,True,-14.518399999999986,14.518399999999986,False,True,False,False,True
AACGGCCATCTCCGGT-1,1,47,39,8259,4726,15753.3333333333,27530.0,24,17,1,6,0.7083333333333334,0.0416666666666666,0.25,Tumor,0.7083333333333334,True,,positive,negative,ambiguous,negative,Immune cells,0.4470407184110948,0.1124560399274997,0.5529592815889052,0.207397751344305,-0.0022595187659551,0.0946871536138821,1.0,196.6016,343.57439999999997,tumor_core,CTA_composition_plus_H&E_patch_feature_proxy,True,-7.238400000000013,7.238400000000013,True,True,False,False,True
AACGTACTGTGGGTAC-1,1,48,42,8411,4987,16623.3333333333,28036.6666666667,20,8,10,2,0.4,0.5,0.1,Immune cells,0.5,True,,ambiguous,ambiguous,negative,ambiguous,Immune cells,0.4922998931798019,0.1119223036475432,0.5077001068201981,0.1906577589484547,-0.0034870457878442,0.0953636815349921,1.0,207.45919999999998,349.8976,immune_enriched,CTA_composition_plus_H&E_patch_feature_proxy,True,7.280000000000001,7.280000000000001,True,False,False,False,True
AACGTGCGAAAGTCTC-1,1,36,74,6589,7776,25920.0,21963.3333333333,28,25,3,0,0.8928571428571429,0.1071428571428571,0.0,Tumor,0.8928571428571429,True,,positive,negative,negative,negative,Immune cells,0.4711386308909528,0.1172775364219037,0.528861369109047,0.1949269458475911,-0.0084840584433219,0.1221037342812368,1.0,323.48159999999996,274.1024,tumor_core,CTA_composition_plus_H&E_patch_feature_proxy,True,-7.238400000000013,7.238400000000013,True,True,False,False,True
AACTACCCGTTTGTCA-1,1,47,113,8255,11177,37256.6666666667,27516.6666666667,21,21,0,0,1.0,0.0,0.0,Tumor,1.0,True,,positive,negative,negative,negative,Immune cells,0.4308837108250502,0.1254027049434546,0.5691162891749497,0.232925968171202,0.0130248221172125,0.0803424683713641,1.0,464.9632,343.40799999999996,tumor_core,CTA_composition_plus_H&E_patch_feature_proxy,True,-12.604799999999955,12.604799999999955,False,True,False,False,True
AACTAGGCTTGGGTGT-1,1,55,61,9472,6644,22146.6666666667,31573.3333333333,19,13,5,1,0.6842105263157895,0.2631578947368421,0.0526315789473684,Tumor,0.6842105263157895,True,,positive,ambiguous,negative,ambiguous,Immune cells,0.5186971556859125,0.1137599062732017,0.4813028443140876,0.2020096681331812,0.0136548802346423,0.0828421817069907,1.0,276.3904,394.0352,mixed_boundary,CTA_composition_plus_H&E_patch_feature_proxy,True,0.0,0.0,True,False,True,True,True
AACTCAAGTTAATTGC-1,1,38,44,6894,5161,17203.3333333333,22980.0,23,15,5,3,0.6521739130434783,0.217391304347826,0.1304347826086956,Tumor,0.6521739130434783,True,,positive,ambiguous,negative,ambiguous,Immune cells,0.5108757445729908,0.1183517179408211,0.4891242554270091,0.1952202487643256,0.0098528053880832,0.1076634942476015,1.0,214.6976,286.7904,mixed_boundary,CTA_composition_plus_H&E_patch_feature_proxy,True,0.0,0.0,True,False,True,True,True
AACTCCAGAGCGTGTT-1,1,60,92,10229,9348,31160.0,34096.6666666667,15,2,6,7,0.1333333333333333,0.4,0.4666666666666667,Stroma,0.4666666666666667,True,,negative,ambiguous,ambiguous,ambiguous,Immune cells,0.4947983995075408,0.1251770033907629,0.5052016004924592,0.2086035522242138,0.009070664276791,0.0887321790314566,1.0,388.8768,425.52639999999997,immune_enriched,CTA_composition_plus_H&E_patch_feature_proxy,True,7.27048521076828,7.27048521076828,True,False,False,False,True
AACTCTCAATAGAGCG-1,1,35,93,6436,9432,31440.0,21453.3333333333,26,21,4,1,0.8076923076923077,0.1538461538461538,0.0384615384615384,Tumor,0.8076923076923077,True,,positive,negative,negative,negative,Immune cells,0.4526243369000416,0.1172104997137252,0.5473756630999583,0.2062462658193471,-0.0054423985660746,0.0998356457592783,1.0,392.3712,267.7376,tumor_core,CTA_composition_plus_H&E_patch_feature_proxy,True,-26.215295492517352,26.215295492517352,False,True,False,False,True
AACTCTCAGTGTGCTC-1,1,53,41,9170,4901,16336.6666666667,30566.6666666667,18,18,0,0,1.0,0.0,0.0,Tumor,1.0,True,,positive,negative,negative,negative,Immune cells,0.4641355711259572,0.1202651284351233,0.5358644288740426,0.2172614198033784,0.0055401662049861,0.1053701792607881,1.0,203.8816,381.472,tumor_core,CTA_composition_plus_H&E_patch_feature_proxy,True,-7.285702909122762,7.285702909122762,True,True,False,False,True
AACTGAGTTATACTGA-1,1,51,127,8861,12398,41326.6666666667,29536.6666666667,23,23,0,0,1.0,0.0,0.0,Tumor,1.0,True,,positive,negative,negative,negative,Immune cells,0.5840276646207883,0.1710168292808153,0.4159723353792116,0.1509858236923578,0.0166639508989191,0.118266253869969,1.0,515.7568,368.6176,tumor_core,CTA_composition_plus_H&E_patch_feature_proxy,True,-31.633100638413577,31.633100638413577,False,True,False,False,True
AACTTTCTCGATCATG-1,1,22,124,4462,12134,40446.6666666667,14873.3333333333,25,25,0,0,1.0,0.0,0.0,Tumor,1.0,True,,positive,negative,negative,negative,Immune cells,0.4534933825792551,0.1287243737802739,0.5465066174207448,0.2297539514420726,0.0269621421975992,0.0926384588923288,1.0,504.77439999999996,185.61919999999998,tumor_core,CTA_composition_plus_H&E_patch_feature_proxy,True,-25.25120000000001,25.25120000000001,False,True,False,False,True
AAGAAATCACCAGATT-1,1,20,126,4159,12308,41026.6666666667,13863.3333333333,24,24,0,0,1.0,0.0,0.0,Tumor,1.0,True,,positive,negative,negative,negative,Immune cells,0.4555754711857042,0.1192505082541441,0.5444245288142958,0.2079952202487643,0.0145021997718755,0.1052211137866452,1.0,512.0128,173.0144,tumor_core,CTA_composition_plus_H&E_patch_feature_proxy,True,-31.654647956974635,31.654647956974635,False,True,False,False,True
AAGACCCAACTGAACA-1,1,60,54,10231,6035,20116.6666666667,34103.3333333333,24,24,0,0,1.0,0.0,0.0,Tumor,1.0,True,,positive,negative,negative,negative,Immune cells,0.4465156699799033,0.1202803222905583,0.5534843300200966,0.2187387974580414,0.0029873445222964,0.1002866643733516,1.0,251.05599999999998,425.6096,tumor_core,CTA_composition_plus_H&E_patch_feature_proxy,True,-19.270905340434837,19.270905340434837,False,True,False,False,True
AAGACTGCAAGCTACT-1,1,36,68,6589,7253,24176.6666666667,21963.3333333333,25,25,0,0,1.0,0.0,0.0,Tumor,1.0,True,,positive,negative,negative,negative,Immune cells,0.4793800807488276,0.1267960576019549,0.5206199192511722,0.2242681005920374,0.0294497854543479,0.1156442304017123,1.0,301.72479999999996,274.1024,tumor_core,CTA_composition_plus_H&E_patch_feature_proxy,True,-7.285702909122775,7.285702909122775,True,True,False,False,True
AAGAGCTCTTTATCGG-1,1,35,77,6437,8037,26790.0,21456.6666666667,24,23,1,0,0.9583333333333334,0.0416666666666666,0.0,Tumor,0.9583333333333334,True,,positive,negative,negative,negative,Immune cells,0.4968370358300292,0.1284062183974878,0.5031629641699709,0.19614360979849,0.0089077182119385,0.1190765584986431,1.0,334.3392,267.7792,tumor_core,CTA_composition_plus_H&E_patch_feature_proxy,True,-7.279999999999973,7.279999999999973,True,True,False,False,True
AAGAGGCATGGATCGC-1,1,36,80,6589,8299,27663.3333333333,21963.3333333333,20,20,0,0,1.0,0.0,0.0,Tumor,1.0,True,,positive,negative,negative,negative,Immune cells,0.4658881465790378,0.1230088167271897,0.534111853420962,0.2218347726902395,0.0207919178751833,0.1026946451095057,1.0,345.23839999999996,274.1024,tumor_core,CTA_composition_plus_H&E_patch_feature_proxy,True,-7.285702909122747,7.285702909122747,True,True,False,False,True
AAGAGGCCCTTTGGAA-1,1,59,109,10076,10830,36100.0,33586.6666666667,17,15,2,0,0.8823529411764706,0.1176470588235294,0.0,Tumor,0.8823529411764706,True,,positive,negative,negative,negative,Immune cells,0.5354733583183967,0.1201569626502472,0.4645266416816033,0.2086687306501548,0.0207376025202324,0.0801666475557084,1.0,450.52799999999996,419.16159999999996,tumor_core,CTA_composition_plus_H&E_patch_feature_proxy,True,-7.238400000000013,7.238400000000013,True,True,False,False,True
AAGATGGCACCGGACC-1,1,59,39,10080,4727,15756.6666666667,33600.0,22,22,0,0,1.0,0.0,0.0,Tumor,1.0,True,,positive,negative,negative,negative,Immune cells,0.4900150272482031,0.1297995490048389,0.5099849727517969,0.2170007060996144,0.0170984737385258,0.102679356342927,1.0,196.64319999999998,419.328,tumor_core,CTA_composition_plus_H&E_patch_feature_proxy,True,-12.564646274368421,12.564646274368421,False,True,False,False,True
AAGCACCCTGCGTATC-1,1,59,73,10078,7691,25636.6666666667,33593.3333333333,20,20,0,0,1.0,0.0,0.0,Tumor,1.0,True,,positive,negative,negative,negative,Immune cells,0.5111364582767549,0.120041591653764,0.4888635417232451,0.2132855358209766,0.012992232904242,0.0797653174330161,1.0,319.9456,419.2448,tumor_core,CTA_composition_plus_H&E_patch_feature_proxy,True,-14.518400000000042,14.518400000000042,False,True,False,False,True
AAGCATACTCTCCTGA-1,1,53,69,9168,7342,24473.3333333333,30560.0,20,20,0,0,1.0,0.0,0.0,Tumor,1.0,True,,positive,negative,negative,negative,Immune cells,0.4893270327521591,0.1171743388671505,0.510672967247841,0.2061919504643962,0.0040084731953723,0.0912433589420173,1.0,305.42719999999997,381.3888,tumor_core,CTA_composition_plus_H&E_patch_feature_proxy,True,-14.571405818245495,14.571405818245495,False,True,False,False,True
AAGCCGAAGCGGTTTA-1,1,49,107,8559,10654,35513.3333333333,28530.0,11,6,0,5,0.5454545454545454,0.0,0.4545454545454545,Tumor,0.5454545454545454,True,,ambiguous,negative,ambiguous,negative,Immune cells,0.4571940687632393,0.1304940954907895,0.5428059312367606,0.2153277931671283,0.0053011786432024,0.0938806711768528,1.0,443.2064,356.0544,stroma_rich,CTA_composition_plus_H&E_patch_feature_proxy,True,0.0,0.0,True,False,True,True,True
AAGCCGCCGTGAAATC-1,1,65,23,10991,3332,11106.6666666667,36636.6666666667,7,0,4,3,0.0,0.5714285714285714,0.4285714285714285,Immune cells,0.5714285714285714,True,,negative,ambiguous,ambiguous,ambiguous,Immune cells,0.6629008020567414,0.1716921366760507,0.3370991979432585,0.1144859051653902,0.0021726141980337,0.0992049841379046,1.0,138.6112,457.2256,immune_enriched,CTA_composition_plus_H&E_patch_feature_proxy,True,7.306457067553315,7.306457067553315,True,False,False,False,True
AAGCCGCTTTACCTTG-1,1,19,125,4007,12221,40736.6666666667,13356.6666666667,31,31,0,0,1.0,0.0,0.0,Tumor,1.0,True,,positive,negative,negative,negative,Immune cells,0.4455742038274219,0.1197078859772831,0.5544257961725779,0.208234207810548,0.0129487806202813,0.095463058517754,1.0,508.3936,166.69119999999998,tumor_core,CTA_composition_plus_H&E_patch_feature_proxy,True,-25.251234266863058,25.251234266863058,False,True,False,False,True
AAGCGCAGGGCTTTGA-1,1,67,73,11292,7692,25640.0,37640.0,24,24,0,0,1.0,0.0,0.0,Tumor,1.0,True,,positive,negative,negative,negative,Immune cells,0.5119149783643836,0.1239031573189279,0.4880850216356164,0.2124816685677041,0.0152517516701971,0.0841455490578297,1.0,319.9872,469.74719999999996,tumor_core,CTA_composition_plus_H&E_patch_feature_proxy,True,-7.249628073218693,7.249628073218693,True,True,False,False,True
AAGCGTCCCTCATCGA-1,1,57,35,9777,4378,14593.3333333333,32590.0,19,18,0,1,0.9473684210526316,0.0,0.0526315789473684,Tumor,0.9473684210526316,True,,positive,negative,negative,negative,Immune cells,0.5251317147357558,0.121860817070544,0.4748682852642442,0.1905274020965727,0.0021182988430829,0.0884913809578412,1.0,182.1248,406.72319999999996,tumor_core,CTA_composition_plus_H&E_patch_feature_proxy,True,-19.208211577343693,19.208211577343693,False,True,False,False,True
AAGCTAGATCGAGTAA-1,1,50,68,8713,7254,24180.0,29043.3333333333,29,29,0,0,1.0,0.0,0.0,Tumor,1.0,True,,positive,negative,negative,negative,Immune cells,0.4582115764126518,0.1139518677913322,0.541788423587348,0.2118407473792841,-0.0034327304328933,0.0862821541872109,1.0,301.7664,362.4608,tumor_core,CTA_composition_plus_H&E_patch_feature_proxy,True,-19.222621340493557,19.222621340493557,False,True,False,False,True
AAGCTCGTGCCAAGTC-1,1,35,73,6437,7689,25630.0,21456.6666666667,21,21,0,0,1.0,0.0,0.0,Tumor,1.0,True,,positive,negative,negative,negative,Immune cells,0.5079499574529719,0.1378744032285509,0.492050042547028,0.1852044973113899,-0.0005431535495084,0.1204831250238886,1.0,319.8624,267.7792,tumor_core,CTA_composition_plus_H&E_patch_feature_proxy,True,-12.564646274368396,12.564646274368396,False,True,False,False,True
AAGCTCTTTCATGGTG-1,1,57,81,9774,8388,27960.0,32580.0,18,9,3,6,0.5,0.1666666666666666,0.3333333333333333,Tumor,0.5,True,,ambiguous,negative,ambiguous,negative,Immune cells,0.4866293701229337,0.1195278203593932,0.5133706298770662,0.2184129053283363,0.0080060833197544,0.0909184726522187,1.0,348.94079999999997,406.59839999999997,mixed_boundary,CTA_composition_plus_H&E_patch_feature_proxy,True,0.0,0.0,True,False,True,True,True
AAGGATCGATCGCTTG-1,1,39,109,7042,10828,36093.3333333333,23473.3333333333,30,30,0,0,1.0,0.0,0.0,Tumor,1.0,True,,positive,negative,negative,negative,Immune cells,0.4066554414933101,0.1250476884044527,0.5933445585066899,0.235304980718049,0.0126446146325566,0.0928907235408783,1.0,450.4448,292.9472,tumor_core,CTA_composition_plus_H&E_patch_feature_proxy,True,-29.12742762414832,29.12742762414832,False,True,False,False,True
AAGGCAGGCTGTCTCC-1,1,42,118,7497,11613,38710.0,24990.0,26,26,0,0,1.0,0.0,0.0,Tumor,1.0,True,,positive,negative,negative,negative,Immune cells,0.390976409030833,0.1333150069721261,0.609023590969167,0.2438868068002824,0.0185541252512085,0.0683331422237511,1.0,483.1008,311.8752,tumor_core,CTA_composition_plus_H&E_patch_feature_proxy,True,-12.543762446730224,12.543762446730224,False,True,False,False,True
AAGGGAACGACTGGCT-1,1,63,21,10688,3158,10526.6666666667,35626.6666666667,15,0,5,10,0.0,0.3333333333333333,0.6666666666666666,Stroma,0.6666666666666666,True,,negative,ambiguous,positive,ambiguous,Immune cells,0.593717523944019,0.1533839936212176,0.4062824760559809,0.1503666286459182,0.0077019173320297,0.0839467950923059,1.0,131.37279999999998,444.6208,immune_enriched,CTA_composition_plus_H&E_patch_feature_proxy,True,14.518459598731553,14.518459598731553,False,False,False,False,True
AAGGGACTATGCATTC-1,1,60,26,10232,3593,11976.6666666667,34106.6666666667,14,0,3,11,0.0,0.2142857142857142,0.7857142857142857,Stroma,0.7857142857142857,True,,negative,ambiguous,positive,ambiguous,Immune cells,0.6450238082305868,0.1470037549242408,0.3549761917694132,0.1244256151213948,-0.0008255933952528,0.1077743378052975,1.0,149.4688,425.65119999999996,stroma_rich,CTA_composition_plus_H&E_patch_feature_proxy,True,0.0,0.0,True,False,True,True,True
AAGGTGATAAACCAGC-1,1,44,92,7801,9346,31153.3333333333,26003.3333333333,29,28,0,1,0.9655172413793104,0.0,0.0344827586206896,Tumor,0.9655172413793104,True,,positive,negative,negative,negative,Immune cells,0.4547824670034218,0.1205219085713095,0.545217532996578,0.2177611210689262,0.0048449296616153,0.0905553644459733,1.0,388.79359999999997,324.5216,tumor_core,CTA_composition_plus_H&E_patch_feature_proxy,True,-33.270482639120225,33.270482639120225,False,True,False,False,True
AAGTCAATTGTCGTCA-1,1,45,101,7953,10131,33770.0,26510.0,26,26,0,0,1.0,0.0,0.0,Tumor,1.0,True,,positive,negative,negative,negative,Immune cells,0.415157605054949,0.1266665123883302,0.5848423949450509,0.2375753625549943,0.0150779425343544,0.0869128158085846,1.0,421.4496,330.84479999999996,tumor_core,CTA_composition_plus_H&E_patch_feature_proxy,True,-19.222621340493603,19.222621340493603,False,True,False,False,True
AAGTCTAGTAGCTGCC-1,1,21,125,4311,12221,40736.6666666667,14370.0,29,29,0,0,1.0,0.0,0.0,Tumor,1.0,True,,positive,negative,negative,negative,Immune cells,0.4586931725598827,0.1284701539838555,0.5413068274401174,0.2144261582749443,0.018141328553582,0.0987463211405419,1.0,508.3936,179.33759999999998,tumor_core,CTA_composition_plus_H&E_patch_feature_proxy,True,-31.69106457284134,31.69106457284134,False,True,False,False,True
AAGTGAGTCGGGTTTA-1,1,62,48,10534,5512,18373.3333333333,35113.3333333333,20,20,0,0,1.0,0.0,0.0,Tumor,1.0,True,,positive,negative,negative,negative,Immune cells,0.5234189705429725,0.1159681953794368,0.4765810294570275,0.1951767964803649,0.0061810873934061,0.0810228184841188,1.0,229.29919999999998,438.21439999999996,tumor_core,CTA_composition_plus_H&E_patch_feature_proxy,True,-14.571405818245571,14.571405818245571,False,True,False,False,True
AAGTGCCTTGACTGTA-1,1,44,104,7801,10392,34640.0,26003.3333333333,30,30,0,0,1.0,0.0,0.0,Tumor,1.0,True,,positive,negative,negative,negative,Immune cells,0.3923922292832184,0.1287141043957317,0.6076077707167816,0.2309706153929716,0.0073760252023246,0.0914344685242518,1.0,432.30719999999997,324.5216,tumor_core,CTA_composition_plus_H&E_patch_feature_proxy,True,-7.285702909122775,7.285702909122775,True,True,False,False,True
AAGTGCTTCTCTATTG-1,1,69,37,11597,4553,15176.6666666667,38656.6666666667,26,23,3,0,0.8846153846153846,0.1153846153846153,0.0,Tumor,0.8846153846153846,True,,positive,negative,negative,negative,Immune cells,0.6374232795611319,0.1754202525249599,0.362576720438868,0.1418934332735864,0.0123621747868122,0.1041088560180407,1.0,189.4048,482.43519999999995,tumor_core,CTA_composition_plus_H&E_patch_feature_proxy,True,-14.518399999999986,14.518399999999986,False,True,False,False,True
AAGTGTTTGGAGACGG-1,1,52,80,9016,8301,27670.0,30053.3333333333,23,22,0,1,0.9565217391304348,0.0,0.0434782608695652,Tumor,0.9565217391304348,True,,positive,negative,negative,negative,Immune cells,0.4577154961707675,0.1239060442444418,0.5422845038292324,0.2269947314105697,0.0115908967465102,0.0908420288193249,1.0,345.3216,375.06559999999996,tumor_core,CTA_composition_plus_H&E_patch_feature_proxy,True,-7.238400000000013,7.238400000000013,True,True,False,False,True
AAGTTCACTCCAAGCT-1,1,57,85,9774,8737,29123.3333333333,32580.0,23,15,8,0,0.6521739130434783,0.3478260869565217,0.0,Tumor,0.6521739130434783,True,,positive,ambiguous,negative,ambiguous,Immune cells,0.4773523074973295,0.123386859580491,0.5226476925026705,0.2204225734615175,0.0090380750638205,0.0877498757787715,1.0,363.4592,406.59839999999997,immune_enriched,CTA_composition_plus_H&E_patch_feature_proxy,True,14.518400000000042,14.518400000000042,False,False,False,False,True
AAGTTCGGCCAACAGG-1,1,46,34,8108,4290,14300.0,27026.6666666667,29,18,8,3,0.6206896551724138,0.2758620689655172,0.1034482758620689,Tumor,0.6206896551724138,True,,positive,ambiguous,negative,ambiguous,Immune cells,0.534148063657596,0.1567244631037182,0.465851936342404,0.1690402476780185,-0.0079191787518331,0.117417727324848,1.0,178.464,337.2928,mixed_boundary,CTA_composition_plus_H&E_patch_feature_proxy,True,0.0,0.0,True,False,True,True,True
AAGTTGTGATGTTATA-1,1,66,106,11138,10569,35230.0,37126.6666666667,10,0,0,10,0.0,0.0,1.0,Stroma,1.0,True,,negative,negative,positive,negative,Immune cells,0.6357431245813191,0.1658245063071111,0.3642568754186808,0.1466840475802509,0.0136766063766226,0.1077552268470741,1.0,439.6704,463.3408,stroma_rich,CTA_composition_plus_H&E_patch_feature_proxy,True,0.0,0.0,True,False,True,True,True
AAGTTTATGGGCCCAA-1,1,68,70,11443,7430,24766.6666666667,38143.3333333333,17,17,0,0,1.0,0.0,0.0,Tumor,1.0,True,,positive,negative,negative,negative,Immune cells,0.5698115257183206,0.1196147000867496,0.4301884742816794,0.1950573026994731,0.0200532290478518,0.0888583113557314,1.0,309.08799999999997,476.0288,tumor_core,CTA_composition_plus_H&E_patch_feature_proxy,True,-12.564646274368396,12.564646274368396,False,True,False,False,True
AATAACACTAGAACAA-1,1,52,38,9018,4639,15463.3333333333,30060.0,15,9,1,5,0.6,0.0666666666666666,0.3333333333333333,Tumor,0.6,True,,positive,negative,ambiguous,negative,Immune cells,0.4531566273785599,0.1184496058215463,0.5468433726214401,0.2133724403888979,-0.0005648796914887,0.1002522646485494,1.0,192.98239999999998,375.1488,mixed_boundary,CTA_composition_plus_H&E_patch_feature_proxy,True,0.0,0.0,True,False,True,True,True
AATAATCTTCGTATCG-1,1,52,122,9013,11962,39873.3333333333,30043.3333333333,23,22,1,0,0.9565217391304348,0.0434782608695652,0.0,Tumor,0.9565217391304348,True,,positive,negative,negative,negative,Immune cells,0.5384607028406931,0.1453302648409092,0.4615392971593069,0.1856498832219868,0.0053880832111237,0.1109161793372319,1.0,497.6192,374.94079999999997,tumor_core,CTA_composition_plus_H&E_patch_feature_proxy,True,-12.564646274368425,12.564646274368425,False,True,False,False,True
AATACCGGAGGGCTGT-1,1,67,37,11294,4553,15176.6666666667,37646.6666666667,17,17,0,0,1.0,0.0,0.0,Tumor,1.0,True,,positive,negative,negative,negative,Immune cells,0.4942950772183295,0.1226506902793572,0.5057049227816703,0.1934930204768888,-0.0028243984574439,0.1055154225432863,1.0,189.4048,469.8304,tumor_core,CTA_composition_plus_H&E_patch_feature_proxy,True,-7.2857029091228105,7.2857029091228105,True,True,False,False,True
AATAGAACAGAGTGGC-1,1,52,46,9018,5336,17786.6666666667,30060.0,24,24,0,0,1.0,0.0,0.0,Tumor,1.0,True,,positive,negative,negative,negative,Immune cells,0.4813390545507214,0.1243722956572957,0.5186609454492784,0.2143066644940525,0.0092118841996632,0.113324160073386,1.0,221.9776,375.1488,tumor_core,CTA_composition_plus_H&E_patch_feature_proxy,True,-7.24962807321863,7.24962807321863,True,True,False,False,True
AATAGAATCTGTTTCA-1,1,48,86,8409,8823,29410.0,28030.0,25,20,0,5,0.8,0.0,0.2,Tumor,0.8,True,,positive,negative,negative,negative,Immune cells,0.4982528560824145,0.1263617477891473,0.5017471439175856,0.2205529303133996,0.0231817934930204,0.1136414019798952,1.0,367.03679999999997,349.8144,tumor_core,CTA_composition_plus_H&E_patch_feature_proxy,True,-7.249628073218664,7.249628073218664,True,True,False,False,True
AATAGTCCGTCCCGAC-1,1,57,57,9775,6296,20986.6666666667,32583.3333333333,16,7,4,5,0.4375,0.25,0.3125,Tumor,0.4375,True,,ambiguous,ambiguous,ambiguous,ambiguous,Immune cells,0.4823131099161733,0.1185528644170153,0.5176868900838267,0.2058877844766715,0.0032480582260605,0.0945648434812521,1.0,261.9136,406.64,mixed_boundary,CTA_composition_plus_H&E_patch_feature_proxy,True,0.0,0.0,True,False,True,True,True
AATATCGAATCAATGC-1,1,49,109,8559,10829,36096.6666666667,28530.0,31,31,0,0,1.0,0.0,0.0,Tumor,1.0,True,,positive,negative,negative,negative,Immune cells,0.4677565947893469,0.1256005515805311,0.532243405210653,0.2160990712074303,0.0091141165607517,0.0919198868631273,1.0,450.4864,356.0544,tumor_core,CTA_composition_plus_H&E_patch_feature_proxy,True,-7.28000000000003,7.28000000000003,True,True,False,False,True
AATATCGAGGGTTCTC-1,1,27,101,5222,10129,33763.3333333333,17406.6666666667,28,28,0,0,1.0,0.0,0.0,Tumor,1.0,True,,positive,negative,negative,negative,Immune cells,0.4248981587094671,0.1303103384750028,0.5751018412905329,0.2339796860572484,0.0245722665797621,0.1011504796850514,1.0,421.3664,217.2352,tumor_core,CTA_composition_plus_H&E_patch_feature_proxy,True,-56.73132795202314,56.73132795202314,False,True,False,False,True
AATCAGGTTTCATTTA-1,1,69,33,11597,4205,14016.6666666667,38656.6666666667,22,22,0,0,1.0,0.0,0.0,Tumor,1.0,True,,positive,negative,negative,negative,Immune cells,0.7281661325656762,0.1604119651688166,0.2718338674343236,0.1095323447938732,0.0160882081364401,0.059102549401827,1.0,174.928,482.43519999999995,tumor_core,CTA_composition_plus_H&E_patch_feature_proxy,True,-7.280000000000001,7.280000000000001,True,True,False,False,True
AATCATGTAAAGACTC-1,1,54,98,9318,9870,32900.0,31060.0,26,25,0,1,0.9615384615384616,0.0,0.0384615384615384,Tumor,0.9615384615384616,True,,positive,negative,negative,negative,Immune cells,0.4760487389785093,0.1292236209857198,0.5239512610214908,0.2127966976264189,0.0089077182119385,0.1035584604212055,1.0,410.592,387.62879999999996,tumor_core,CTA_composition_plus_H&E_patch_feature_proxy,True,-29.106714683728878,29.106714683728878,False,True,False,False,True
AATCGCCTCAGCGCCA-1,1,39,79,7044,8212,27373.3333333333,23480.0,22,17,0,5,0.7727272727272727,0.0,0.2272727272727272,Tumor,0.7727272727272727,True,,positive,negative,ambiguous,negative,Immune cells,0.4532254268281643,0.1189170411060322,0.5467745731718356,0.2192167725816088,0.0143283906360328,0.1007147498375568,1.0,341.6192,293.0304,tumor_core,CTA_composition_plus_H&E_patch_feature_proxy,True,-21.841743168529383,21.841743168529383,False,True,False,False,True
AATCGCGCAGAGGACT-1,1,42,114,7497,11264,37546.6666666667,24990.0,22,22,0,0,1.0,0.0,0.0,Tumor,1.0,True,,positive,negative,negative,negative,Immune cells,0.4322741839117918,0.1320538587797118,0.5677258160882082,0.2416272880343273,0.0253109554070935,0.0843710583648664,1.0,468.5824,311.8752,tumor_core,CTA_composition_plus_H&E_patch_feature_proxy,True,-19.270905340434844,19.270905340434844,False,True,False,False,True
AATCGTGAGCCGAGCA-1,1,67,83,11291,8564,28546.6666666667,37636.6666666667,19,19,0,0,1.0,0.0,0.0,Tumor,1.0,True,,positive,negative,negative,negative,Immune cells,0.4946209693480347,0.1250286376175305,0.5053790306519653,0.2219542664711314,0.0171962413774374,0.0810228184841188,1.0,356.26239999999996,469.7056,tumor_core,CTA_composition_plus_H&E_patch_feature_proxy,True,-7.238400000000013,7.238400000000013,True,True,False,False,True
AATCTATGCCGGAGCC-1,1,26,110,5070,10914,36380.0,16900.0,34,33,1,0,0.9705882352941176,0.0294117647058823,0.0,Tumor,0.9705882352941176,True,,positive,negative,negative,negative,Immune cells,0.4542863867615375,0.14794262165708,0.5457136132384625,0.2128292868393894,0.015631959154853,0.1314337040859228,1.0,454.0224,210.91199999999998,tumor_core,CTA_composition_plus_H&E_patch_feature_proxy,True,-33.38907325937633,33.38907325937633,False,True,False,False,True
AATCTGCGTTGGGACG-1,1,32,92,5981,9345,31150.0,19936.6666666667,26,26,0,0,1.0,0.0,0.0,Tumor,1.0,True,,positive,negative,negative,negative,Immune cells,0.4097007223942208,0.1194642961963011,0.590299277605779,0.2254087230460051,0.0040736516213133,0.0899782135076252,1.0,388.752,248.8096,tumor_core,CTA_composition_plus_H&E_patch_feature_proxy,True,-14.518400000000042,14.518400000000042,False,True,False,False,True
AATGACAGCAATGTCT-1,1,48,30,8412,3941,13136.6666666667,28040.0,27,17,1,9,0.6296296296296297,0.037037037037037,0.3333333333333333,Tumor,0.6296296296296297,True,,positive,negative,ambiguous,negative,Immune cells,0.7441927832998388,0.1408854975804457,0.255807216700161,0.077236434740101,-0.0011840747379284,0.047215533386844,1.0,163.94559999999998,349.93919999999997,mixed_boundary,CTA_composition_plus_H&E_patch_feature_proxy,True,0.0,0.0,True,False,True,True,True
AATGACGTAGGATGTC-1,1,44,78,7802,8125,27083.3333333333,26006.6666666667,18,18,0,0,1.0,0.0,0.0,Tumor,1.0,True,,positive,negative,negative,negative,Immune cells,0.4599206995817717,0.122687122352569,0.5400793004182283,0.2240617022432241,0.0188148389549725,0.1033444176891029,1.0,338.0,324.5632,tumor_core,CTA_composition_plus_H&E_patch_feature_proxy,True,-12.646468420867514,12.646468420867514,False,True,False,False,True
AATGATGCGACTCCTG-1,1,25,101,4919,10129,33763.3333333333,16396.6666666667,32,30,2,0,0.9375,0.0625,0.0,Tumor,0.9375,True,,positive,negative,negative,negative,Immune cells,0.5402567305777344,0.1673864068042509,0.4597432694222657,0.1701265547770354,0.0111455108359133,0.1357986469441577,1.0,421.3664,204.63039999999998,tumor_core,CTA_composition_plus_H&E_patch_feature_proxy,True,-50.33049887294978,50.33049887294978,False,True,False,False,True
AATGTGCCCGAGGTGT-1,1,55,27,9474,3680,12266.6666666667,31580.0,10,0,1,9,0.0,0.1,0.9,Stroma,0.9,True,,negative,negative,positive,negative,Immune cells,0.7402422464830807,0.1514859148438886,0.2597577535169191,0.0915974145891043,0.0125251208516647,0.0709857432251653,1.0,153.088,394.1184,stroma_rich,CTA_composition_plus_H&E_patch_feature_proxy,True,0.0,0.0,True,False,True,True,True
AATGTGCTAATCTGAG-1,1,66,32,11142,4117,13723.3333333333,37140.0,14,2,12,0,0.1428571428571428,0.8571428571428571,0.0,Immune cells,0.8571428571428571,True,,negative,positive,negative,positive,Immune cells,0.5395433889160465,0.116049674157098,0.4604566110839534,0.1769485633588615,0.0042257346151757,0.1108206245461147,1.0,171.2672,463.50719999999995,immune_enriched,CTA_composition_plus_H&E_patch_feature_proxy,True,7.238400000000013,7.238400000000013,True,False,False,False,True
AATGTTGTCGTGAGAC-1,1,68,108,11441,10743,35810.0,38136.6666666667,14,14,0,0,1.0,0.0,0.0,Tumor,1.0,True,,positive,negative,negative,negative,Immune cells,0.8208860644904314,0.0462620832532221,0.1791139355095684,0.1102058551952637,0.0426810059203736,0.0058326644497954,1.0,446.9088,475.94559999999996,tumor_core,CTA_composition_plus_H&E_patch_feature_proxy,True,-7.285702909122796,7.285702909122796,True,True,False,False,True
AATTAAAGGTCGGCGT-1,1,40,50,7197,5684,18946.6666666667,23990.0,19,1,17,1,0.0526315789473684,0.8947368421052632,0.0526315789473684,Immune cells,0.8947368421052632,True,,negative,positive,negative,positive,Immune cells,0.5202614379084968,0.121371979199401,0.4797385620915033,0.1828472109065232,-0.0019010374232795,0.104043878760081,1.0,236.4544,299.3952,immune_enriched,CTA_composition_plus_H&E_patch_feature_proxy,True,14.518400000000014,14.518400000000014,False,False,False,False,True
AATTAACGGATTTCCA-1,1,58,66,9927,7081,23603.3333333333,33090.0,20,19,1,0,0.95,0.05,0.0,Tumor,0.95,True,,positive,negative,negative,negative,Immune cells,0.4984447703365742,0.1146607022595201,0.5015552296634259,0.2142740752810819,0.0127532453424583,0.0870886366242403,1.0,294.5696,412.9632,tumor_core,CTA_composition_plus_H&E_patch_feature_proxy,True,-12.543762446730252,12.543762446730252,False,True,False,False,True
AATTAGCGCTGCAGCG-1,1,51,63,8865,6818,22726.6666666667,29550.0,21,21,0,0,1.0,0.0,0.0,Tumor,1.0,True,,positive,negative,negative,negative,Immune cells,0.4954827729799214,0.1157546863277088,0.5045172270200786,0.2073651621313345,0.0104068220085818,0.0920651301456255,1.0,283.6288,368.784,tumor_core,CTA_composition_plus_H&E_patch_feature_proxy,True,-7.306457067553315,7.306457067553315,True,True,False,False,True
AATTCCAAGCATGTAC-1,1,66,58,11141,6384,21280.0,37136.6666666667,12,9,2,1,0.75,0.1666666666666666,0.0833333333333333,Tumor,0.75,True,,positive,negative,negative,negative,Immune cells,0.5233393080223779,0.1113273870357247,0.4766606919776221,0.2103525066536309,0.0195318016403237,0.0708901884340481,1.0,265.57439999999997,463.4656,tumor_core,CTA_composition_plus_H&E_patch_feature_proxy,True,-19.19455736191904,19.19455736191904,False,True,False,False,True
AATTCGATTCGAGGAT-1,1,66,76,11140,7953,26510.0,37133.3333333333,20,20,0,0,1.0,0.0,0.0,Tumor,1.0,True,,positive,negative,negative,negative,Immune cells,0.4794452591747687,0.1278633805341895,0.5205547408252312,0.2273423496822551,0.0198685568410189,0.0760692581126017,1.0,330.84479999999996,463.424,tumor_core,CTA_composition_plus_H&E_patch_feature_proxy,True,-7.249628073218693,7.249628073218693,True,True,False,False,True
AATTCTAGAGTTAGGC-1,1,49,63,8562,6818,22726.6666666667,28540.0,23,22,1,0,0.9565217391304348,0.0434782608695652,0.0,Tumor,0.9565217391304348,True,,positive,negative,negative,negative,Immune cells,0.4832075027610304,0.1176972941760271,0.5167924972389695,0.2061484981804355,0.0070827222855901,0.1016053204907694,1.0,283.6288,356.1792,tumor_core,CTA_composition_plus_H&E_patch_feature_proxy,True,-19.270905340434844,19.270905340434844,False,True,False,False,True
AATTGAACGCTCTGGT-1,1,45,83,7954,8561,28536.6666666667,26513.3333333333,23,13,4,6,0.5652173913043478,0.1739130434782608,0.2608695652173913,Tumor,0.5652173913043478,True,,ambiguous,negative,ambiguous,negative,Immune cells,0.4845979758477721,0.1196443036638807,0.5154020241522278,0.2128944652653304,0.0125577100646352,0.0960440316477468,1.0,356.13759999999996,330.8864,mixed_boundary,CTA_composition_plus_H&E_patch_feature_proxy,True,0.0,0.0,True,False,True,True,True
AATTGCAGCAATCGAC-1,1,64,102,10835,10220,34066.6666666667,36116.6666666667,6,0,1,5,0.0,0.1666666666666666,0.8333333333333334,Stroma,0.8333333333333334,True,,negative,negative,positive,negative,Immune cells,0.591878043923017,0.1241427032658057,0.4081219560769829,0.1854108956602031,0.0275161588180978,0.0961357642472193,1.0,425.152,450.736,stroma_rich,CTA_composition_plus_H&E_patch_feature_proxy,True,0.0,0.0,True,False,True,True,True
ACAAACCATGCGTCCT-1,1,64,16,10840,2722,9073.33333333333,36133.3333333333,0,0,0,0,0.0,0.0,0.0,unmapped,0.0,False,no_CTA_object_captured,excluded,excluded,excluded,excluded,Immune cells,0.8469864030561439,0.0319012069660994,0.153013596943856,0.0500678941936885,0.0158818097876269,0.0102472957994113,1.0,113.23519999999999,450.94399999999996,unmapped_or_excluded,CTA_composition_plus_H&E_patch_feature_proxy,True,31.654647956974664,31.654647956974664,False,False,False,False,True
ACAAAGCATGACCTAG-1,1,63,97,10683,9784,32613.3333333333,35610.0,18,18,0,0,1.0,0.0,0.0,Tumor,1.0,True,,positive,negative,negative,negative,Immune cells,0.5273477812177502,0.1297414613863041,0.4726522187822497,0.2008690456792135,0.0110151539840312,0.0941061804838894,1.0,407.01439999999997,444.4128,tumor_core,CTA_composition_plus_H&E_patch_feature_proxy,True,-7.27048521076828,7.27048521076828,True,True,False,False,True
ACAAATCGCACCGAAT-1,1,50,82,8712,8475,28250.0,29040.0,27,27,0,0,1.0,0.0,0.0,Tumor,1.0,True,,positive,negative,negative,negative,Immune cells,0.464504915539623,0.1197903670505385,0.535495084460377,0.2132963988919667,0.0028787138123947,0.0981347704773917,1.0,352.56,362.4192,tumor_core,CTA_composition_plus_H&E_patch_feature_proxy,True,-12.564646274368396,12.564646274368396,False,True,False,False,True
ACAAATGGTAGTGTTT-1,1,44,84,7802,8649,28830.0,26006.6666666667,23,22,0,1,0.9565217391304348,0.0,0.0434782608695652,Tumor,0.9565217391304348,True,,positive,negative,negative,negative,Immune cells,0.4668332337551826,0.1226057180182294,0.5331667662448174,0.2149041333985117,0.0097224485362011,0.108320911210488,1.0,359.79839999999996,324.5632,tumor_core,CTA_composition_plus_H&E_patch_feature_proxy,True,-7.306457067553315,7.306457067553315,True,True,False,False,True
ACAACAGCATGAGCTA-1,1,32,72,5982,7601,25336.6666666667,19940.0,0,0,0,0,0.0,0.0,0.0,unmapped,0.0,False,no_CTA_object_captured,excluded,excluded,excluded,excluded,Immune cells,0.7281625115420128,0.1246924552018809,0.271837488457987,0.1002878713812394,0.0166748139699092,0.1178037686809616,1.0,316.2016,248.85119999999998,unmapped_or_excluded,CTA_composition_plus_H&E_patch_feature_proxy,True,12.56464627436841,12.56464627436841,False,False,False,False,True
ACAAGGAAATCCGCCC-1,1,49,75,8561,7864,26213.3333333333,28536.6666666667,23,23,0,0,1.0,0.0,0.0,Tumor,1.0,True,,positive,negative,negative,negative,Immune cells,0.4335668893596219,0.1208225041139916,0.5664331106403779,0.2260387811634349,0.008103850958666,0.0923441501356878,1.0,327.1424,356.13759999999996,tumor_core,CTA_composition_plus_H&E_patch_feature_proxy,True,-21.841743168529355,21.841743168529355,False,True,False,False,True
ACAAGGATGCTTTAGG-1,1,61,87,10381,8912,29706.6666666667,34603.3333333333,27,27,0,0,1.0,0.0,0.0,Tumor,1.0,True,,positive,negative,negative,negative,Immune cells,0.5243568156717904,0.1165559661155948,0.4756431843282095,0.20836456466243,0.019618706208245,0.0813018384741811,1.0,370.7392,431.84959999999995,tumor_core,CTA_composition_plus_H&E_patch_feature_proxy,True,-12.604800000000012,12.604800000000012,False,True,False,False,True
ACAAGGGCAGGCTCTG-1,1,44,76,7802,7951,26503.3333333333,26006.6666666667,25,25,0,0,1.0,0.0,0.0,Tumor,1.0,True,,positive,negative,negative,negative,Immune cells,0.4639726250611048,0.1258127816592247,0.5360273749388952,0.226690565422845,0.0234207810548041,0.1035813935710736,1.0,330.7616,324.5632,tumor_core,CTA_composition_plus_H&E_patch_feature_proxy,True,-12.57978772475913,12.57978772475913,False,True,False,False,True
ACAATAGTCGTACGTT-1,1,42,20,7502,3069,10230.0,25006.6666666667,0,0,0,0,0.0,0.0,0.0,unmapped,0.0,False,no_CTA_object_captured,excluded,excluded,excluded,excluded,Immune cells,0.7823547516883023,0.1048360552018391,0.2176452483116976,0.0493726576503177,-0.0138612785834555,0.0699002407980736,1.0,127.6704,312.0832,unmapped_or_excluded,CTA_composition_plus_H&E_patch_feature_proxy,True,37.74498006357932,37.74498006357932,False,False,False,False,True
ACAATGAATACGGAGA-1,1,57,31,9777,4029,13430.0,32590.0,30,30,0,0,1.0,0.0,0.0,Tumor,1.0,True,,positive,negative,negative,negative,Immune cells,0.5315373055962921,0.1169285561949904,0.468462694403708,0.1875509206452664,0.0056162077019173,0.0905477200626839,1.0,167.60639999999998,406.72319999999996,tumor_core,CTA_composition_plus_H&E_patch_feature_proxy,True,-7.285702909122796,7.285702909122796,True,True,False,False,True
ACAATTGTGTCTCTTT-1,1,51,97,8863,9783,32610.0,29543.3333333333,28,28,0,0,1.0,0.0,0.0,Tumor,1.0,True,,positive,negative,negative,negative,Immune cells,0.4604674741549436,0.1261981281142491,0.5395325258450564,0.2154472869480202,0.0040193362663625,0.0987960096319229,1.0,406.9728,368.70079999999996,tumor_core,CTA_composition_plus_H&E_patch_feature_proxy,True,-14.535316219470364,14.535316219470364,False,True,False,False,True
ACAATTTGGCCATATT-1,1,43,123,7648,12049,40163.3333333333,25493.3333333333,31,31,0,0,1.0,0.0,0.0,Tumor,1.0,True,,positive,negative,negative,negative,Immune cells,0.420194448970724,0.1356768285059891,0.5798055510292759,0.2374124164901417,0.0212047145728097,0.0787065703474372,1.0,501.23839999999996,318.1568,tumor_core,CTA_composition_plus_H&E_patch_feature_proxy,True,-7.279999999999973,7.279999999999973,True,True,False,False,True
ACACACCAGGACCAGT-1,1,44,90,7802,9172,30573.3333333333,26006.6666666667,24,24,0,0,1.0,0.0,0.0,Tumor,1.0,True,,positive,negative,negative,negative,Immune cells,0.4688211757463835,0.1236176273205889,0.5311788242536165,0.2131334528271142,0.0072782575634131,0.1034858387799564,1.0,381.55519999999996,324.5632,tumor_core,CTA_composition_plus_H&E_patch_feature_proxy,True,-26.19231276538976,26.19231276538976,False,True,False,False,True
ACACATGATCAAATCT-1,1,60,16,10233,2722,9073.33333333333,34110.0,0,0,0,0,0.0,0.0,0.0,unmapped,0.0,False,no_CTA_object_captured,excluded,excluded,excluded,excluded,Immune cells,0.676780185758514,0.1817937941050454,0.323219814241486,0.1186573244256151,0.017880614849818,0.0952146160608493,1.0,113.23519999999999,425.6928,unmapped_or_excluded,CTA_composition_plus_H&E_patch_feature_proxy,True,33.21381619025431,33.21381619025431,False,False,False,False,True
ACACATTTCCGTAGAC-1,1,73,67,12202,7169,23896.6666666667,40673.3333333333,21,1,20,0,0.0476190476190476,0.9523809523809524,0.0,Immune cells,0.9523809523809524,True,,negative,positive,negative,positive,Immune cells,0.6392808647004508,0.1466769591539256,0.3607191352995491,0.1597197327684536,0.0269186899136385,0.0951037725031533,1.0,298.2304,507.60319999999996,immune_enriched,CTA_composition_plus_H&E_patch_feature_proxy,True,19.2082115773437,19.2082115773437,False,False,False,False,True
ACACCACATAATTAGC-1,1,31,117,5828,11524,38413.3333333333,19426.6666666667,31,31,0,0,1.0,0.0,0.0,Tumor,1.0,True,,positive,negative,negative,negative,Immune cells,0.4356779461553781,0.1303583619407324,0.5643220538446219,0.2477323339308022,0.0290369887567215,0.0897985705003248,1.0,479.3984,242.4448,tumor_core,CTA_composition_plus_H&E_patch_feature_proxy,True,-40.50782777883799,40.50782777883799,False,True,False,False,True
ACACCGGTCTGACCGC-1,1,65,17,10991,2809,9363.33333333333,36636.6666666667,1,0,0,1,0.0,0.0,1.0,Stroma,1.0,True,,ambiguous,ambiguous,ambiguous,ambiguous,Immune cells,0.8431119077363168,0.0237621052819908,0.1568880922636829,0.046819835967628,0.0093965564064961,0.0074838512403011,1.0,116.8544,457.2256,unmapped_or_excluded,CTA_composition_plus_H&E_patch_feature_proxy,True,26.19231276538976,26.19231276538976,False,False,False,False,True
ACACCTTACTACTTGC-1,1,41,111,7345,11002,36673.3333333333,24483.3333333333,31,31,0,0,1.0,0.0,0.0,Tumor,1.0,True,,positive,negative,negative,negative,Immune cells,0.4035920554740825,0.1238920511133659,0.5964079445259174,0.2430068980500787,0.0146434196947477,0.0830447578641593,1.0,457.6832,305.55199999999996,tumor_core,CTA_composition_plus_H&E_patch_feature_proxy,True,-25.16524943647491,25.16524943647491,False,True,False,False,True
ACACGTAGGCCACAAG-1,1,58,110,9924,10917,36390.0,33080.0,15,6,0,9,0.4,0.0,0.6,Stroma,0.6,True,,ambiguous,negative,positive,negative,Immune cells,0.5324461825358029,0.1224386815361003,0.4675538174641971,0.2175547227201129,0.0255825321818478,0.0754959293658984,1.0,454.1472,412.8384,stroma_rich,CTA_composition_plus_H&E_patch_feature_proxy,True,0.0,0.0,True,False,True,True,True
ACACTGATCAAGGTGT-1,1,52,48,9017,5511,18370.0,30056.6666666667,27,24,3,0,0.8888888888888888,0.1111111111111111,0.0,Tumor,0.8888888888888888,True,,positive,negative,negative,negative,Immune cells,0.4700812919812431,0.1215694977856498,0.5299187080187568,0.2132529466080061,0.0072130791374721,0.0983488132094943,1.0,229.2576,375.1072,tumor_core,CTA_composition_plus_H&E_patch_feature_proxy,True,-12.600611845462108,12.600611845462108,False,True,False,False,True
ACACTGGGACAGTCGT-1,1,59,115,10076,11353,37843.3333333333,33586.6666666667,17,17,0,0,1.0,0.0,0.0,Tumor,1.0,True,,positive,negative,negative,negative,Immune cells,0.5661905020549309,0.1383453497409911,0.433809497945069,0.1810765303351257,0.0201618597577535,0.0972289110576004,1.0,472.28479999999996,419.16159999999996,tumor_core,CTA_composition_plus_H&E_patch_feature_proxy,True,-12.564646274368396,12.564646274368396,False,True,False,False,True
ACAGCGACATTCTCAT-1,1,59,99,10077,9958,33193.3333333333,33590.0,20,20,0,0,1.0,0.0,0.0,Tumor,1.0,True,,positive,negative,negative,negative,Immune cells,0.4955914036898231,0.1185749709586363,0.5044085963101769,0.2034218673619032,0.0082776600945087,0.0800022933149868,1.0,414.2528,419.2032,tumor_core,CTA_composition_plus_H&E_patch_feature_proxy,True,-7.249628073218664,7.249628073218664,True,True,False,False,True
ACAGGCACGGATCCTT-1,1,69,95,11594,9610,32033.3333333333,38646.6666666667,20,20,0,0,1.0,0.0,0.0,Tumor,1.0,True,,positive,negative,negative,negative,Immune cells,0.6004345228396067,0.1613408866436144,0.3995654771603932,0.1476074086144153,0.00579001683776,0.1468868249054007,1.0,399.77599999999995,482.31039999999996,tumor_core,CTA_composition_plus_H&E_patch_feature_proxy,True,-12.600611845462058,12.600611845462058,False,True,False,False,True
ACAGGCTTGCCCGACT-1,1,53,87,9167,8911,29703.3333333333,30556.6666666667,27,25,1,1,0.925925925925926,0.037037037037037,0.037037037037037,Tumor,0.925925925925926,True,,positive,negative,negative,negative,Immune cells,0.4576901490051238,0.1293238174229113,0.5423098509948763,0.2232904242029222,0.0134376188148389,0.0969690020257615,1.0,370.69759999999997,381.3472,tumor_core,CTA_composition_plus_H&E_patch_feature_proxy,True,-19.194557361919003,19.194557361919003,False,True,False,False,True
ACAGGTGGAGGTGAGG-1,1,51,39,8866,4726,15753.3333333333,29553.3333333333,26,25,1,0,0.9615384615384616,0.0384615384615384,0.0,Tumor,0.9615384615384616,True,,positive,negative,negative,negative,Immune cells,0.4545181322759944,0.1171869908327156,0.5454818677240055,0.2157949052197056,0.0042257346151757,0.0995910254940182,1.0,196.6016,368.8256,tumor_core,CTA_composition_plus_H&E_patch_feature_proxy,True,-7.285702909122762,7.285702909122762,True,True,False,False,True
ACAGTATACCGTGGGA-1,1,19,119,4008,11698,38993.3333333333,13360.0,38,38,0,0,1.0,0.0,0.0,Tumor,1.0,True,,positive,negative,negative,negative,Immune cells,0.439719008563721,0.1488406961882285,0.560280991436279,0.2031611536581391,0.0102764651566997,0.1138592669036425,1.0,486.6368,166.7328,tumor_core,CTA_composition_plus_H&E_patch_feature_proxy,True,-7.306457067553339,7.306457067553339,True,True,False,False,True
ACATCCCGGCCATACG-1,1,55,57,9472,6296,20986.6666666667,31573.3333333333,19,3,14,2,0.1578947368421052,0.7368421052631579,0.1052631578947368,Immune cells,0.7368421052631579,True,,negative,positive,negative,positive,Immune cells,0.5484764542936288,0.1073249731447738,0.4515235457063712,0.1860735429906034,0.0112215523328444,0.0818637006459503,1.0,261.9136,394.0352,immune_enriched,CTA_composition_plus_H&E_patch_feature_proxy,True,7.285702909122775,7.285702909122775,True,False,False,False,True
ACATCCTGGTAACTGT-1,1,42,102,7498,10218,34060.0,24993.3333333333,32,32,0,0,1.0,0.0,0.0,Tumor,1.0,True,,positive,negative,negative,negative,Immune cells,0.4205058570057756,0.1347722325822042,0.5794941429942245,0.2265493454999728,0.0094834609744174,0.0940297366509956,1.0,425.06879999999995,311.91679999999997,tumor_core,CTA_composition_plus_H&E_patch_feature_proxy,True,-12.5437624467303,12.5437624467303,False,True,False,False,True
ACATCGATCGTTTACC-1,1,42,62,7500,6730,22433.3333333333,25000.0,29,29,0,0,1.0,0.0,0.0,Tumor,1.0,True,,positive,negative,negative,negative,Immune cells,0.4674813969909293,0.1191502144133698,0.5325186030090707,0.2090163489218402,0.0022812449079354,0.1033520620723923,1.0,279.96799999999996,312.0,tumor_core,CTA_composition_plus_H&E_patch_feature_proxy,True,-25.144369733202705,25.144369733202705,False,True,False,False,True
ACATCGGTCAGCCGCG-1,1,41,37,7349,4551,15170.0,24496.6666666667,24,24,0,0,1.0,0.0,0.0,Tumor,1.0,True,,positive,negative,negative,negative,Immune cells,0.4126699617982003,0.12527650329848,0.5873300382017996,0.2213350714246917,-0.0009124979631741,0.0852883843595917,1.0,189.3216,305.7184,tumor_core,CTA_composition_plus_H&E_patch_feature_proxy,True,-12.543762446730224,12.543762446730224,False,True,False,False,True
ACATCGTATGCAATGG-1,1,45,81,7954,8387,27956.6666666667,26513.3333333333,30,30,0,0,1.0,0.0,0.0,Tumor,1.0,True,,positive,negative,negative,negative,Immune cells,0.4904640341824633,0.120904630715103,0.5095359658175366,0.2104720004345228,0.0120145565151268,0.0960707869892596,1.0,348.8992,330.8864,tumor_core,CTA_composition_plus_H&E_patch_feature_proxy,True,-7.238399999999956,7.238399999999956,True,True,False,False,True
ACATGGCGCCAAAGTA-1,1,40,104,7194,10392,34640.0,23980.0,25,25,0,0,1.0,0.0,0.0,Tumor,1.0,True,,positive,negative,negative,negative,Immune cells,0.3940506581210508,0.1271304612679004,0.6059493418789491,0.2361197110423117,0.0091792949866927,0.0892711080533577,1.0,432.30719999999997,299.2704,tumor_core,CTA_composition_plus_H&E_patch_feature_proxy,True,-19.270905340434844,19.270905340434844,False,True,False,False,True
ACATTAGTTTATATCC-1,1,51,61,8865,6644,22146.6666666667,29550.0,14,14,0,0,1.0,0.0,0.0,Tumor,1.0,True,,positive,negative,negative,negative,Immune cells,0.5288577480853838,0.1105612968001249,0.4711422519146163,0.191385584704796,0.0077236434740101,0.0882773382257386,1.0,276.3904,368.784,tumor_core,CTA_composition_plus_H&E_patch_feature_proxy,True,-12.564646274368396,12.564646274368396,False,True,False,False,True
ACCAACCGCACTCCAC-1,1,65,97,10987,9784,32613.3333333333,36623.3333333333,21,12,9,0,0.5714285714285714,0.4285714285714285,0.0,Tumor,0.5714285714285714,True,,ambiguous,ambiguous,negative,ambiguous,Immune cells,0.5235094961345572,0.1195213805484212,0.4764905038654428,0.1982293194286024,0.0091141165607517,0.1011275465351832,1.0,407.01439999999997,457.0592,immune_enriched,CTA_composition_plus_H&E_patch_feature_proxy,True,7.285702909122747,7.285702909122747,True,False,False,False,True
ACCAACGCTTATTTAT-1,1,53,49,9169,5598,18660.0,30563.3333333333,21,21,0,0,1.0,0.0,0.0,Tumor,1.0,True,,positive,negative,negative,negative,Immune cells,0.4909239041877139,0.1191511344909416,0.5090760958122862,0.2075606974091575,0.0102112867307587,0.0898673699499292,1.0,232.8768,381.43039999999996,tumor_core,CTA_composition_plus_H&E_patch_feature_proxy,True,-12.604800000000012,12.604800000000012,False,True,False,False,True
ACCAATATGCAAGTTA-1,1,56,78,9623,8127,27090.0,32076.6666666667,8,6,1,1,0.75,0.125,0.125,Tumor,0.75,True,,positive,negative,negative,negative,Immune cells,0.5042384081979975,0.1202139821453868,0.4957615918020024,0.2214219759926131,0.0172505567323882,0.0938959599434315,1.0,338.0832,400.3168,tumor_core,CTA_composition_plus_H&E_patch_feature_proxy,True,-7.249628073218616,7.249628073218616,True,True,False,False,True
ACCACAAGTTTCTATC-1,1,30,54,5680,6032,20106.6666666667,18933.3333333333,2,0,0,2,0.0,0.0,1.0,Stroma,1.0,True,,negative,negative,positive,negative,Immune cells,0.6820198069994388,0.1136484976947841,0.3179801930005612,0.1402422464830807,0.0304709141274238,0.114344685242518,1.0,250.9312,236.28799999999998,unmapped_or_excluded,CTA_composition_plus_H&E_patch_feature_proxy,True,19.270905340434837,19.270905340434837,False,False,False,False,True
ACCACCAATGTAACAA-1,1,41,107,7346,10653,35510.0,24486.6666666667,20,20,0,0,1.0,0.0,0.0,Tumor,1.0,True,,positive,negative,negative,negative,Immune cells,0.3912697119475676,0.1249170810680302,0.6087302880524323,0.2369561675085547,0.0069849546466786,0.0787295034973053,1.0,443.16479999999996,305.5936,tumor_core,CTA_composition_plus_H&E_patch_feature_proxy,True,-14.535316219470413,14.535316219470413,False,True,False,False,True
ACCACCCTCTCTTCTA-1,1,23,121,4614,11872,39573.3333333333,15380.0,28,28,0,0,1.0,0.0,0.0,Tumor,1.0,True,,positive,negative,negative,negative,Immune cells,0.4273604548005721,0.1272806044708813,0.5726395451994278,0.2450057031122698,0.0276682418119602,0.0828460038986354,1.0,493.87519999999995,191.9424,tumor_core,CTA_composition_plus_H&E_patch_feature_proxy,True,-21.841743168529383,21.841743168529383,False,True,False,False,True
ACCACGTGCAGCTATA-1,1,48,76,8409,7951,26503.3333333333,28030.0,21,21,0,0,1.0,0.0,0.0,Tumor,1.0,True,,positive,negative,negative,negative,Immune cells,0.4199445983379501,0.1216712584800972,0.5800554016620498,0.230101569713758,0.0099505730269947,0.0977525513129228,1.0,330.7616,349.8144,tumor_core,CTA_composition_plus_H&E_patch_feature_proxy,True,-14.556077185835472,14.556077185835472,False,True,False,False,True
ACCAGTGCGGGAGACG-1,1,48,94,8408,9521,31736.6666666667,28026.6666666667,30,30,0,0,1.0,0.0,0.0,Tumor,1.0,True,,positive,negative,negative,negative,Immune cells,0.4716310901091739,0.126596936755902,0.5283689098908261,0.2092336103416436,0.0053880832111237,0.1025799793601651,1.0,396.0736,349.77279999999996,tumor_core,CTA_composition_plus_H&E_patch_feature_proxy,True,-19.208211577343665,19.208211577343665,False,True,False,False,True
ACCATATCCGCAATAA-1,1,38,56,6893,6207,20690.0,22976.6666666667,20,15,4,1,0.75,0.2,0.05,Tumor,0.75,True,,positive,negative,negative,negative,Immune cells,0.5325439501747143,0.1185311363846435,0.4674560498252855,0.2026180001086306,0.0263755363641301,0.0869625042999656,1.0,258.21119999999996,286.74879999999996,tumor_core,CTA_composition_plus_H&E_patch_feature_proxy,True,-7.238400000000013,7.238400000000013,True,True,False,False,True
ACCATCGTATATGGTA-1,1,42,42,7501,4987,16623.3333333333,25003.3333333333,13,9,0,4,0.6923076923076923,0.0,0.3076923076923077,Tumor,0.6923076923076923,True,,positive,negative,ambiguous,negative,Immune cells,0.47931852334655,0.1222926952144722,0.5206814766534499,0.2029764814513063,0.0036825810656672,0.108026602453847,1.0,207.45919999999998,312.04159999999996,mixed_boundary,CTA_composition_plus_H&E_patch_feature_proxy,True,0.0,0.0,True,False,True,True,True
ACCCAACGCCCGTGGC-1,1,30,86,5678,8822,29406.6666666667,18926.6666666667,0,0,0,0,0.0,0.0,0.0,unmapped,0.0,False,no_CTA_object_captured,excluded,excluded,excluded,excluded,Immune cells,0.639179476037876,0.1497439535499737,0.3608205239621241,0.1202759220031502,0.0020965727011026,0.1616443068455452,1.0,366.9952,236.20479999999998,unmapped_or_excluded,CTA_composition_plus_H&E_patch_feature_proxy,True,14.535316219470413,14.535316219470413,False,False,False,False,True
ACCCATCTTGAGGGTA-1,1,37,37,6743,4550,15166.6666666667,22476.6666666667,18,17,1,0,0.9444444444444444,0.0555555555555555,0.0,Tumor,0.9444444444444444,True,,positive,negative,negative,negative,Immune cells,0.4739521662774066,0.1443475791518902,0.5260478337225933,0.2171527890934767,0.0247895279995654,0.0920269082291786,1.0,189.28,280.5088,tumor_core,CTA_composition_plus_H&E_patch_feature_proxy,True,-12.646400000000028,12.646400000000028,False,True,False,False,True
ACCCATTTGTCCCTCT-1,1,60,100,10228,10045,33483.3333333333,34093.3333333333,19,8,4,7,0.4210526315789473,0.2105263157894736,0.3684210526315789,Tumor,0.4210526315789473,True,,ambiguous,ambiguous,ambiguous,ambiguous,Immune cells,0.5070591856317781,0.1203092575969676,0.4929408143682219,0.2035087719298245,0.0105371788604638,0.080380690287811,1.0,417.87199999999996,425.4848,stroma_rich,CTA_composition_plus_H&E_patch_feature_proxy,True,0.0,0.0,True,False,True,True,True
ACCCGAGCGAAATTAC-1,1,61,29,10384,3855,12850.0,34613.3333333333,27,19,2,6,0.7037037037037037,0.074074074074074,0.2222222222222222,Tumor,0.7037037037037037,True,,positive,negative,ambiguous,negative,Immune cells,0.5042999656002752,0.1288300878262268,0.4957000343997248,0.1967193525609689,0.0053880832111237,0.1083744218935137,1.0,160.368,431.9744,tumor_core,CTA_composition_plus_H&E_patch_feature_proxy,True,-7.2857029091228105,7.2857029091228105,True,True,False,False,True
ACCCGATTGGTTCCGA-1,1,69,35,11597,4379,14596.6666666667,38656.6666666667,21,13,8,0,0.6190476190476191,0.3809523809523809,0.0,Tumor,0.6190476190476191,True,,positive,ambiguous,negative,ambiguous,Immune cells,0.6814332011659696,0.1719627521632392,0.3185667988340303,0.1254576068654608,0.0134484818858291,0.0849749646447272,1.0,182.16639999999998,482.43519999999995,immune_enriched,CTA_composition_plus_H&E_patch_feature_proxy,True,12.604800000000012,12.604800000000012,False,False,False,False,True
ACCCGGAAACTCCCAG-1,1,57,65,9775,6993,23310.0,32583.3333333333,23,22,1,0,0.9565217391304348,0.0434782608695652,0.0,Tumor,0.9565217391304348,True,,positive,negative,negative,negative,Immune cells,0.4901562471710752,0.114735014015024,0.5098437528289247,0.2182390961924936,0.0141654445711802,0.0824714291174559,1.0,290.9088,406.64,tumor_core,CTA_composition_plus_H&E_patch_feature_proxy,True,-7.285702909122747,7.285702909122747,True,True,False,False,True
ACCCGGAGCACCACAA-1,1,59,123,10075,12050,40166.6666666667,33583.3333333333,3,2,0,1,0.6666666666666666,0.0,0.3333333333333333,Tumor,0.6666666666666666,True,,positive,negative,ambiguous,negative,Immune cells,0.7389097097749534,0.1400920414708358,0.2610902902250465,0.1031014067676932,0.0212373037857802,0.1004433742307839,1.0,501.28,419.12,unmapped_or_excluded,CTA_composition_plus_H&E_patch_feature_proxy,True,7.249628073218664,7.249628073218664,True,False,False,False,True
ACCCGGATGACGCATC-1,1,38,100,6891,10043,33476.6666666667,22970.0,25,19,6,0,0.76,0.24,0.0,Tumor,0.76,True,,positive,ambiguous,negative,ambiguous,Immune cells,0.4001412199228722,0.1203775849325762,0.5998587800771278,0.2283200260713704,0.0041062408342838,0.0921148186370064,1.0,417.7888,286.6656,tumor_core,CTA_composition_plus_H&E_patch_feature_proxy,True,-36.37705333860896,36.37705333860896,False,True,False,False,True
ACCCGGTTACACTTCC-1,1,42,48,7500,5510,18366.6666666667,25000.0,18,4,13,1,0.2222222222222222,0.7222222222222222,0.0555555555555555,Immune cells,0.7222222222222222,True,,ambiguous,positive,negative,positive,Immune cells,0.482830916300038,0.1162969936287634,0.517169083699962,0.20321546901309,0.0048775188745858,0.0930780109314681,1.0,229.21599999999998,312.0,immune_enriched,CTA_composition_plus_H&E_patch_feature_proxy,True,7.285702909122762,7.285702909122762,True,False,False,False,True
ACCCGTGTCATCAGTA-1,1,58,54,9927,6034,20113.3333333333,33090.0,19,14,5,0,0.7368421052631579,0.2631578947368421,0.0,Tumor,0.7368421052631579,True,,positive,ambiguous,negative,ambiguous,Immune cells,0.4492785110350696,0.1209024629373632,0.5507214889649303,0.2175329965781326,0.0047797512356743,0.1033138401559454,1.0,251.0144,412.9632,tumor_core,CTA_composition_plus_H&E_patch_feature_proxy,True,-7.270485210768231,7.270485210768231,True,True,False,False,True
ACCCTATGCCATATCG-1,1,56,40,9625,4814,16046.6666666667,32083.3333333333,26,26,0,0,1.0,0.0,0.0,Tumor,1.0,True,,positive,negative,negative,negative,Immune cells,0.4673510401390472,0.1266787144961696,0.5326489598609527,0.2237901254684699,0.0115908967465102,0.1067194129113633,1.0,200.26239999999999,400.4,tumor_core,CTA_composition_plus_H&E_patch_feature_proxy,True,-7.238400000000013,7.238400000000013,True,True,False,False,True
ACCCTCCCGTCAGGGC-1,1,69,99,11594,9959,33196.6666666667,38646.6666666667,15,8,5,2,0.5333333333333333,0.3333333333333333,0.1333333333333333,Tumor,0.5333333333333333,True,,ambiguous,ambiguous,negative,ambiguous,Immune cells,0.6952329223471475,0.1610536956294505,0.3047670776528524,0.1327793167128347,0.0259627396665037,0.0945151549898712,1.0,414.2944,482.31039999999996,immune_enriched,CTA_composition_plus_H&E_patch_feature_proxy,True,7.285702909122747,7.285702909122747,True,False,False,False,True
ACCCTCCCTTGCTATT-1,1,48,84,8409,8649,28830.0,28030.0,27,27,0,0,1.0,0.0,0.0,Tumor,1.0,True,,positive,negative,negative,negative,Immune cells,0.4883022830554198,0.1262044715894514,0.5116977169445802,0.217044158383575,0.0159904404975286,0.1127814088598402,1.0,359.79839999999996,349.8144,tumor_core,CTA_composition_plus_H&E_patch_feature_proxy,True,-7.249628073218693,7.249628073218693,True,True,False,False,True
ACCCTGGTAACGCCCT-1,1,21,115,4311,11349,37830.0,14370.0,20,20,0,0,1.0,0.0,0.0,Tumor,1.0,True,,positive,negative,negative,negative,Immune cells,0.5038473376423516,0.1718071047362237,0.4961526623576485,0.1899951116180544,0.0192276356525989,0.1308259756144173,1.0,472.11839999999995,179.33759999999998,tumor_core,CTA_composition_plus_H&E_patch_feature_proxy,True,-7.238399999999956,7.238399999999956,True,True,False,False,True
ACCCTTGCCTGGGTCG-1,1,16,126,3552,12308,41026.6666666667,11840.0,39,38,1,0,0.9743589743589745,0.0256410256410256,0.0,Tumor,0.9743589743589745,True,,positive,negative,negative,negative,Immune cells,0.5856535042456502,0.1650531170095243,0.4143464957543497,0.1579381891260659,0.0218999511161805,0.1217253373084126,1.0,512.0128,147.76319999999998,tumor_core,CTA_composition_plus_H&E_patch_feature_proxy,True,-7.306457067553315,7.306457067553315,True,True,False,False,True
ACCGAAGAGTCTGGTT-1,1,57,11,9778,2285,7616.66666666667,32593.3333333333,0,0,0,0,0.0,0.0,0.0,unmapped,0.0,False,no_CTA_object_captured,excluded,excluded,excluded,excluded,Immune cells,0.8681150761320225,0.0114473656397891,0.1318849238679774,0.0234533702677746,0.0074846559122263,0.0043458319000114,1.0,95.056,406.7648,unmapped_or_excluded,CTA_composition_plus_H&E_patch_feature_proxy,True,54.78378850426464,54.78378850426464,False,False,False,False,True
ACCGACACATCTCCCA-1,1,61,67,10382,7168,23893.3333333333,34606.6666666667,17,9,7,1,0.5294117647058824,0.4117647058823529,0.0588235294117647,Tumor,0.5294117647058824,True,,ambiguous,ambiguous,negative,ambiguous,Immune cells,0.5029674288921478,0.1205167622762491,0.4970325711078522,0.2187279343870512,0.0135027972407799,0.0871803692237128,1.0,298.1888,431.89119999999997,immune_enriched,CTA_composition_plus_H&E_patch_feature_proxy,True,7.238399999999956,7.238399999999956,True,False,False,False,True
ACCGAGTCTCCTTATT-1,1,71,79,11898,8215,27383.3333333333,39660.0,30,28,0,2,0.9333333333333332,0.0,0.0666666666666666,Tumor,0.9333333333333332,True,,positive,negative,negative,negative,Immune cells,0.5664294896167147,0.1401508514408359,0.4335705103832853,0.1914616262017272,0.0234207810548041,0.1083935328517372,1.0,341.74399999999997,494.9568,tumor_core,CTA_composition_plus_H&E_patch_feature_proxy,True,-7.285702909122747,7.285702909122747,True,True,False,False,True
ACCGATAGGCATAACC-1,1,60,118,10227,11614,38713.3333333333,34090.0,20,0,20,0,0.0,1.0,0.0,Immune cells,1.0,True,,negative,positive,negative,positive,Immune cells,0.7429145619466623,0.1356131529125449,0.2570854380533376,0.1171256314160013,0.0274835696051273,0.0872835683981194,1.0,483.14239999999995,425.4432,immune_enriched,CTA_composition_plus_H&E_patch_feature_proxy,True,12.564646274368396,12.564646274368396,False,False,False,False,True
ACCGATATTTAATCAT-1,1,54,120,9317,11788,39293.3333333333,31056.6666666667,10,0,2,8,0.0,0.2,0.8,Stroma,0.8,True,,negative,negative,positive,negative,Immune cells,0.5663281009541397,0.1217002958650641,0.4336718990458602,0.1767530280810385,0.0095595024713486,0.0763712112525322,1.0,490.38079999999997,387.5872,stroma_rich,CTA_composition_plus_H&E_patch_feature_proxy,True,0.0,0.0,True,False,True,True,True
ACCGATGGTAGCATCG-1,1,36,92,6588,9345,31150.0,21960.0,19,9,9,1,0.4736842105263157,0.4736842105263157,0.0526315789473684,Tumor,0.4736842105263157,True,,ambiguous,ambiguous,negative,ambiguous,Immune cells,0.4435355675049336,0.1234637605254014,0.5564644324950663,0.2101243821628374,-0.0005974689044592,0.0992814279707984,1.0,388.752,274.0608,immune_enriched,CTA_composition_plus_H&E_patch_feature_proxy,True,29.127427624148346,29.127427624148346,False,False,False,False,True
ACCGCAATAACTGCCT-1,1,51,79,8864,8213,27376.6666666667,29546.6666666667,27,27,0,0,1.0,0.0,0.0,Tumor,1.0,True,,positive,negative,negative,negative,Immune cells,0.4633787771803089,0.123515040181763,0.5366212228196912,0.2228667644343056,0.0113736353267068,0.0928104575163398,1.0,341.6608,368.7424,tumor_core,CTA_composition_plus_H&E_patch_feature_proxy,True,-12.600611845462108,12.600611845462108,False,True,False,False,True
ACCGCGGTGGAAGTCG-1,1,44,106,7801,10567,35223.3333333333,26003.3333333333,24,24,0,0,1.0,0.0,0.0,Tumor,1.0,True,,positive,negative,negative,negative,Immune cells,0.4004634910289139,0.1314645082192607,0.5995365089710861,0.2282222584324588,0.0041931454022052,0.0872950349730535,1.0,439.5872,324.5216,tumor_core,CTA_composition_plus_H&E_patch_feature_proxy,True,-7.306457067553315,7.306457067553315,True,True,False,False,True
ACCGGGCCTTTGTTGA-1,1,46,98,8105,9869,32896.6666666667,27016.6666666667,28,28,0,0,1.0,0.0,0.0,Tumor,1.0,True,,positive,negative,negative,negative,Immune cells,0.4482754874803107,0.1280341910004978,0.5517245125196892,0.2253000923361034,0.0082776600945087,0.0942896456828345,1.0,410.55039999999997,337.168,tumor_core,CTA_composition_plus_H&E_patch_feature_proxy,True,-19.278761387599562,19.278761387599562,False,True,False,False,True
ACCGGTCAGGTACACC-1,1,59,15,10081,2634,8780.0,33603.3333333333,0,0,0,0,0.0,0.0,0.0,unmapped,0.0,False,no_CTA_object_captured,excluded,excluded,excluded,excluded,Immune cells,0.6688356598410371,0.1891075879015201,0.3311643401589629,0.1173537559067948,0.0189017435228939,0.0919428200129954,1.0,109.5744,419.3696,unmapped_or_excluded,CTA_composition_plus_H&E_patch_feature_proxy,True,38.402748834946685,38.402748834946685,False,False,False,False,True
ACCGTGACCACGTGGG-1,1,61,39,10383,4727,15756.6666666667,34610.0,17,13,3,1,0.7647058823529411,0.1764705882352941,0.0588235294117647,Tumor,0.7647058823529411,True,,positive,negative,negative,negative,Immune cells,0.5107417666974453,0.129272228497334,0.4892582333025546,0.2052251371462712,0.0106240834283852,0.0998585789091465,1.0,196.64319999999998,431.9328,tumor_core,CTA_composition_plus_H&E_patch_feature_proxy,True,-12.579787724759106,12.579787724759106,False,True,False,False,True
ACCTAAGTACCTTTCA-1,1,50,30,8715,3941,13136.6666666667,29050.0,27,23,1,3,0.8518518518518519,0.037037037037037,0.1111111111111111,Tumor,0.8518518518518519,True,,positive,negative,negative,negative,Immune cells,0.69818405663281,0.194320237199203,0.3018159433671898,0.0952582695127912,0.0003041659877247,0.0690975805526889,1.0,163.94559999999998,362.544,tumor_core,CTA_composition_plus_H&E_patch_feature_proxy,True,-12.604800000000012,12.604800000000012,False,True,False,False,True
ACCTACAGTATGTGGT-1,1,41,113,7345,11177,37256.6666666667,24483.3333333333,25,25,0,0,1.0,0.0,0.0,Tumor,1.0,True,,positive,negative,negative,negative,Immune cells,0.4078757264678725,0.1262492728633465,0.5921242735321275,0.246885014393569,0.0217152789093476,0.0771509383480487,1.0,464.9632,305.55199999999996,tumor_core,CTA_composition_plus_H&E_patch_feature_proxy,True,-25.25120000000004,25.25120000000004,False,True,False,False,True
ACCTACTATAAATCTA-1,1,68,58,11444,6384,21280.0,38146.6666666667,19,4,11,4,0.2105263157894736,0.5789473684210527,0.2105263157894736,Immune cells,0.5789473684210527,True,,ambiguous,ambiguous,ambiguous,ambiguous,Immune cells,0.5214274075281081,0.1163053990821358,0.4785725924718917,0.2114388137526478,0.0216392374124164,0.0791423001949317,1.0,265.57439999999997,476.0704,immune_enriched,CTA_composition_plus_H&E_patch_feature_proxy,True,7.285702909122775,7.285702909122775,True,False,False,False,True
ACCTCCGCCCTCGCTG-1,1,55,107,9469,10655,35516.6666666667,31563.3333333333,17,0,8,9,0.0,0.4705882352941176,0.5294117647058824,Stroma,0.5294117647058824,True,,negative,ambiguous,ambiguous,ambiguous,Immune cells,0.513953614686872,0.1176081466122156,0.486046385313128,0.2045950790288414,0.0110803324099723,0.0767610748002905,1.0,443.248,393.9104,immune_enriched,CTA_composition_plus_H&E_patch_feature_proxy,True,14.571405818245571,14.571405818245571,False,False,False,False,True
ACCTCCGTTATTCACC-1,1,34,112,6283,11089,36963.3333333333,20943.3333333333,29,29,0,0,1.0,0.0,0.0,Tumor,1.0,True,,positive,negative,negative,negative,Immune cells,0.4031213223978419,0.1305259144654643,0.5968786776021582,0.2348704578784422,0.0173483243712997,0.1047700951725719,1.0,461.3024,261.3728,tumor_core,CTA_composition_plus_H&E_patch_feature_proxy,True,-54.774184634734645,54.774184634734645,False,True,False,False,True
ACGACTCTAGGGCCGA-1,1,71,93,11897,9436,31453.3333333333,39656.6666666667,11,0,1,10,0.0,0.0909090909090909,0.9090909090909092,Stroma,0.9090909090909092,True,,negative,negative,positive,negative,Immune cells,0.743990005974689,0.1357489090041347,0.2560099940253108,0.118776818206507,0.0274835696051273,0.0598822764973435,1.0,392.5376,494.91519999999997,stroma_rich,CTA_composition_plus_H&E_patch_feature_proxy,True,0.0,0.0,True,False,True,True,True
ACGACTGGTCATACTC-1,1,64,34,10839,4291,14303.3333333333,36130.0,17,7,6,4,0.4117647058823529,0.3529411764705882,0.2352941176470588,Tumor,0.4117647058823529,True,,ambiguous,ambiguous,ambiguous,ambiguous,Immune cells,0.5066174207448446,0.1290237306382212,0.4933825792551555,0.1897995763402313,-0.0005540166204986,0.103134197148645,1.0,178.5056,450.9024,immune_enriched,CTA_composition_plus_H&E_patch_feature_proxy,True,7.238399999999984,7.238399999999984,True,False,False,False,True
ACGAGGTTTACAACGT-1,1,57,13,9778,2460,8200.0,32593.3333333333,0,0,0,0,0.0,0.0,0.0,unmapped,0.0,False,no_CTA_object_captured,excluded,excluded,excluded,excluded,Immune cells,0.7827928955515724,0.1412836081678492,0.2172071044484275,0.0566074629297702,0.0088859920699581,0.0736765661430264,1.0,102.336,406.7648,unmapped_or_excluded,CTA_composition_plus_H&E_patch_feature_proxy,True,47.56060885733066,47.56060885733066,False,False,False,False,True
ACGAGTACGGATGCCC-1,1,28,104,5374,10391,34636.6666666667,17913.3333333333,23,23,0,0,1.0,0.0,0.0,Tumor,1.0,True,,positive,negative,negative,negative,Immune cells,0.4463889341516847,0.1424748430623733,0.5536110658483153,0.2309923415349519,0.0255608060398674,0.1247486908993617,1.0,432.2656,223.55839999999998,tumor_core,CTA_composition_plus_H&E_patch_feature_proxy,True,-54.94704942032829,54.94704942032829,False,True,False,False,True
ACGATCATCTTGTAAA-1,1,36,102,6587,10217,34056.6666666667,21956.6666666667,31,30,1,0,0.967741935483871,0.032258064516129,0.0,Tumor,0.967741935483871,True,,positive,negative,negative,negative,Immune cells,0.4147918816649467,0.1255740551071666,0.5852081183350534,0.2258649720275922,0.0064635272391505,0.0914956235905668,1.0,425.0272,274.0192,tumor_core,CTA_composition_plus_H&E_patch_feature_proxy,True,-45.50378306558696,45.50378306558696,False,True,False,False,True
ACGATGCATATGTTAT-1,1,37,43,6742,5073,16910.0,22473.3333333333,18,13,0,5,0.7222222222222222,0.0,0.2777777777777778,Tumor,0.7222222222222222,True,,positive,negative,ambiguous,negative,Immune cells,0.4838448029257871,0.1231463985123898,0.5161551970742129,0.2056487969148878,0.0085600999402531,0.1079998471123342,1.0,211.0368,280.4672,tumor_core,CTA_composition_plus_H&E_patch_feature_proxy,True,-7.285702909122762,7.285702909122762,True,True,False,False,True
ACGCAAACTAATAGAT-1,1,63,47,10686,5425,18083.3333333333,35620.0,29,29,0,0,1.0,0.0,0.0,Tumor,1.0,True,,positive,negative,negative,negative,Immune cells,0.5211232415403835,0.1152380120280463,0.4788767584596165,0.1969909293357232,0.0082124816685677,0.0812062836830638,1.0,225.67999999999998,444.5376,tumor_core,CTA_composition_plus_H&E_patch_feature_proxy,True,-12.564646274368421,12.564646274368421,False,True,False,False,True
ACGCAATCACTACAGC-1,1,25,109,4918,10826,36086.6666666667,16393.3333333333,22,22,0,0,1.0,0.0,0.0,Tumor,1.0,True,,positive,negative,negative,negative,Immune cells,0.4746437817971141,0.146824428239099,0.525356218202886,0.1918418336863831,0.0072348052794525,0.1308068646561938,1.0,450.36159999999995,204.5888,tumor_core,CTA_composition_plus_H&E_patch_feature_proxy,True,-29.127427624148375,29.127427624148375,False,True,False,False,True
ACGCATACGTTTACTA-1,1,56,102,9621,10219,34063.3333333333,32070.0,12,10,0,2,0.8333333333333334,0.0,0.1666666666666666,Tumor,0.8333333333333334,True,,positive,negative,negative,negative,Immune cells,0.4752303876305831,0.1287205766023464,0.5247696123694168,0.2187387974580414,0.013959046222367,0.1016817643236631,1.0,425.11039999999997,400.23359999999997,tumor_core,CTA_composition_plus_H&E_patch_feature_proxy,True,-12.646400000000028,12.646400000000028,False,True,False,False,True
ACGCATTCGTGAGTAC-1,1,33,61,6135,6642,22140.0,20450.0,12,0,0,12,0.0,0.0,1.0,Stroma,1.0,True,,negative,negative,positive,negative,Immune cells,0.5709231799829811,0.1236918544050644,0.4290768200170188,0.2160013035685188,0.0565096952908587,0.0785842602148071,1.0,276.30719999999997,255.21599999999998,stroma_rich,CTA_composition_plus_H&E_patch_feature_proxy,True,0.0,0.0,True,False,True,True,True
ACGCCACTCGAAACAG-1,1,75,71,12505,7518,25060.0,41683.3333333333,11,8,0,3,0.7272727272727273,0.0,0.2727272727272727,Tumor,0.7272727272727273,True,,positive,negative,ambiguous,negative,Immune cells,0.7845454710046531,0.0791754233372544,0.2154545289953469,0.1154309923415349,0.0440714790071153,0.0316515690096701,1.0,312.74879999999996,520.208,tumor_core,CTA_composition_plus_H&E_patch_feature_proxy,True,-14.518400000000042,14.518400000000042,False,True,False,False,True
ACGCCGCTAGACGACC-1,1,43,71,7651,7515,25050.0,25503.3333333333,27,27,0,0,1.0,0.0,0.0,Tumor,1.0,True,,positive,negative,negative,negative,Immune cells,0.4353375699310194,0.1210991409866275,0.5646624300689804,0.2242789636630275,0.0115908967465102,0.0962274968466918,1.0,312.62399999999997,318.28159999999997,tumor_core,CTA_composition_plus_H&E_patch_feature_proxy,True,-7.238400000000013,7.238400000000013,True,True,False,False,True
ACGCGAAGTCAGACGA-1,1,49,59,8562,6469,21563.3333333333,28540.0,24,19,1,4,0.7916666666666666,0.0416666666666666,0.1666666666666666,Tumor,0.7916666666666666,True,,positive,negative,negative,negative,Immune cells,0.5183640215088804,0.1145181543272557,0.4816359784911194,0.1921894519580685,0.0057574276247895,0.0975346863891755,1.0,269.11039999999997,356.1792,tumor_core,CTA_composition_plus_H&E_patch_feature_proxy,True,-12.564646274368396,12.564646274368396,False,True,False,False,True
ACGCGCTACACAGGGT-1,1,41,31,7350,4028,13426.6666666667,24500.0,31,30,1,0,0.967741935483871,0.032258064516129,0.0,Tumor,0.967741935483871,True,,positive,negative,negative,negative,Immune cells,0.7403400141219922,0.1537226547112688,0.2596599858780076,0.0792243767313019,-0.0046493943837922,0.0537820586324198,1.0,167.5648,305.76,tumor_core,CTA_composition_plus_H&E_patch_feature_proxy,True,-26.268184863061986,26.268184863061986,False,True,False,False,True
ACGCGGGCCAAGGACA-1,1,34,62,6286,6730,22433.3333333333,20953.3333333333,20,16,2,2,0.8,0.1,0.1,Tumor,0.8,True,,positive,negative,negative,negative,Immune cells,0.5160067351040138,0.1342654451580691,0.4839932648959861,0.2347401010265602,0.0571180272663081,0.0993616939953369,1.0,279.96799999999996,261.4976,tumor_core,CTA_composition_plus_H&E_patch_feature_proxy,True,-7.270485210768256,7.270485210768256,True,True,False,False,True
ACGCTAGTGATACACT-1,1,28,100,5374,10042,33473.3333333333,17913.3333333333,25,25,0,0,1.0,0.0,0.0,Tumor,1.0,True,,positive,negative,negative,negative,Immune cells,0.4260641283290786,0.1320452452678119,0.5739358716709214,0.2405083917223399,0.0277768725218619,0.0974238428314795,1.0,417.74719999999996,223.55839999999998,tumor_core,CTA_composition_plus_H&E_patch_feature_proxy,True,-50.309606303369144,50.309606303369144,False,True,False,False,True
ACGGAACACGAGTGCC-1,1,73,101,12200,10133,33776.6666666667,40666.6666666667,0,0,0,0,0.0,0.0,0.0,unmapped,0.0,False,no_CTA_object_captured,excluded,excluded,excluded,excluded,Immune cells,0.8285771187514711,0.0483556418762622,0.1714228812485288,0.1169192330671881,0.049198848514475,0.003417039330352,1.0,421.5328,507.52,unmapped_or_excluded,CTA_composition_plus_H&E_patch_feature_proxy,True,19.270905340434833,19.270905340434833,False,False,False,False,True
ACGGACTCTCAAAGCG-1,1,61,75,10381,7866,26220.0,34603.3333333333,20,18,0,2,0.9,0.0,0.1,Tumor,0.9,True,,positive,negative,negative,negative,Immune cells,0.521648289971575,0.1183614633467691,0.4783517100284251,0.2133507142469176,0.0163923741241649,0.082322363643313,1.0,327.2256,431.84959999999995,tumor_core,CTA_composition_plus_H&E_patch_feature_proxy,True,-7.238400000000013,7.238400000000013,True,True,False,False,True
ACGGATGGTGCGGATA-1,1,57,79,9774,8214,27380.0,32580.0,18,18,0,0,1.0,0.0,0.0,Tumor,1.0,True,,positive,negative,negative,negative,Immune cells,0.4921622942805931,0.1180210440823879,0.5078377057194068,0.2247134865026343,0.0151322578893053,0.0868440163589802,1.0,341.7024,406.59839999999997,tumor_core,CTA_composition_plus_H&E_patch_feature_proxy,True,-7.238399999999956,7.238399999999956,True,True,False,False,True
ACGGCACTTGCTTGGG-1,1,52,60,9017,6557,21856.6666666667,30056.6666666667,21,21,0,0,1.0,0.0,0.0,Tumor,1.0,True,,positive,negative,negative,negative,Immune cells,0.5612767729437111,0.1119342046215436,0.4387232270562888,0.1825321818478083,0.0126120254195861,0.0919389978213507,1.0,272.77119999999996,375.1072,tumor_core,CTA_composition_plus_H&E_patch_feature_proxy,True,-7.238399999999956,7.238399999999956,True,True,False,False,True
ACGGCCAACATGGACT-1,1,53,55,9169,6121,20403.3333333333,30563.3333333333,14,14,0,0,1.0,0.0,0.0,Tumor,1.0,True,,positive,negative,negative,negative,Immune cells,0.510589683703583,0.1230740921927289,0.4894103162964169,0.2036825810656672,0.0143283906360328,0.0792378549860489,1.0,254.6336,381.43039999999996,tumor_core,CTA_composition_plus_H&E_patch_feature_proxy,True,-7.249628073218664,7.249628073218664,True,True,False,False,True
ACGGCGACGATGGGAA-1,1,49,77,8561,8039,26796.6666666667,28536.6666666667,33,33,0,0,1.0,0.0,0.0,Tumor,1.0,True,,positive,negative,negative,negative,Immune cells,0.4347763112631941,0.1217106473748448,0.5652236887368058,0.2266036608549236,0.0102438759437292,0.0997936016511867,1.0,334.4224,356.13759999999996,tumor_core,CTA_composition_plus_H&E_patch_feature_proxy,True,-19.222621340493603,19.222621340493603,False,True,False,False,True
ACGGGCGTATGCGACA-1,1,24,118,4766,11611,38703.3333333333,15886.6666666667,28,28,0,0,1.0,0.0,0.0,Tumor,1.0,True,,positive,negative,negative,negative,Immune cells,0.4032046059420998,0.1292876467506613,0.5967953940579002,0.2515018195643908,0.0299820759328662,0.0840499942667125,1.0,483.01759999999996,198.26559999999998,tumor_core,CTA_composition_plus_H&E_patch_feature_proxy,True,-25.144369733202705,25.144369733202705,False,True,False,False,True
ACGGTACAGTTCAATG-1,1,71,97,11897,9784,32613.3333333333,39656.6666666667,10,2,7,1,0.2,0.7,0.1,Immune cells,0.7,True,,negative,positive,negative,positive,Immune cells,0.7867796426049644,0.0988877717259447,0.2132203573950354,0.1068926185432622,0.0335343001466514,0.040675763482781,1.0,407.01439999999997,494.91519999999997,immune_enriched,CTA_composition_plus_H&E_patch_feature_proxy,True,12.564646274368396,12.564646274368396,False,False,False,False,True
ACGTACTTTGGCACGG-1,1,70,32,11749,4118,13726.6666666667,39163.3333333333,23,18,1,4,0.782608695652174,0.0434782608695652,0.1739130434782608,Tumor,0.782608695652174,True,,positive,negative,negative,negative,Immune cells,0.8294570275016747,0.0354782303240839,0.1705429724983252,0.0764542936288088,0.0208353701591439,0.006845545235638,1.0,171.3088,488.7584,tumor_core,CTA_composition_plus_H&E_patch_feature_proxy,True,-7.306457067553364,7.306457067553364,True,True,False,False,True
ACGTAGGAGAGTCGCT-1,1,70,72,11747,7605,25350.0,39156.6666666667,15,6,4,5,0.4,0.2666666666666666,0.3333333333333333,Tumor,0.4,True,,ambiguous,ambiguous,ambiguous,ambiguous,Immune cells,0.5895533467311209,0.1281736326581198,0.4104466532688792,0.194666232143827,0.030166748139699,0.097270955165692,1.0,316.368,488.67519999999996,mixed_boundary,CTA_composition_plus_H&E_patch_feature_proxy,True,0.0,0.0,True,False,True,True,True
ACGTATTACTCCGATC-1,1,41,97,7346,9782,32606.6666666667,24486.6666666667,23,23,0,0,1.0,0.0,0.0,Tumor,1.0,True,,positive,negative,negative,negative,Immune cells,0.3911574602140025,0.1272604786920605,0.6088425397859976,0.2217587311933083,-0.0011406224539677,0.0925352597179222,1.0,406.9312,305.5936,tumor_core,CTA_composition_plus_H&E_patch_feature_proxy,True,-31.616492627741,31.616492627741,False,True,False,False,True
ACGTTAATGTCGAAGA-1,1,41,69,7348,7341,24470.0,24493.3333333333,28,28,0,0,1.0,0.0,0.0,Tumor,1.0,True,,positive,negative,negative,negative,Immune cells,0.4308293954700993,0.1197972018552592,0.5691706045299005,0.2226169138015317,0.0128836021943403,0.0975843748805564,1.0,305.3856,305.6768,tumor_core,CTA_composition_plus_H&E_patch_feature_proxy,True,-19.195278619493855,19.195278619493855,False,True,False,False,True
ACGTTAGATTTGCCCG-1,1,39,39,7046,4725,15750.0,23486.6666666667,25,25,0,0,1.0,0.0,0.0,Tumor,1.0,True,,positive,negative,negative,negative,Immune cells,0.4637191534046674,0.1222770539862676,0.5362808465953325,0.2123078594318614,0.0100048883819455,0.1117952834155104,1.0,196.56,293.11359999999996,tumor_core,CTA_composition_plus_H&E_patch_feature_proxy,True,-7.285702909122796,7.285702909122796,True,True,False,False,True
ACGTTCGCAATCAATT-1,1,33,113,6132,11176,37253.3333333333,20440.0,26,26,0,0,1.0,0.0,0.0,Tumor,1.0,True,,positive,negative,negative,negative,Immune cells,0.4088063295493636,0.1288628200236014,0.5911936704506364,0.2412036282657106,0.0238118516104502,0.0968122921683293,1.0,464.92159999999996,255.0912,tumor_core,CTA_composition_plus_H&E_patch_feature_proxy,True,-52.32421805626916,52.32421805626916,False,True,False,False,True
ACGTTCGTTCAGGAAA-1,1,60,44,10231,5163,17210.0,34103.3333333333,27,27,0,0,1.0,0.0,0.0,Tumor,1.0,True,,positive,negative,negative,negative,Immune cells,0.4752810819618706,0.1274958931174729,0.5247189180381293,0.209972299168975,-0.0004779751235674,0.1085387761342353,1.0,214.7808,425.6096,tumor_core,CTA_composition_plus_H&E_patch_feature_proxy,True,-14.556077185835486,14.556077185835486,False,True,False,False,True
ACGTTCTGTACAAGTC-1,1,65,95,10987,9610,32033.3333333333,36623.3333333333,20,17,0,3,0.85,0.0,0.15,Tumor,0.85,True,,positive,negative,negative,negative,Immune cells,0.5194068763239368,0.11698726298509,0.4805931236760632,0.2022377926239748,0.0092227472706534,0.0856935366739288,1.0,399.77599999999995,457.0592,tumor_core,CTA_composition_plus_H&E_patch_feature_proxy,True,-7.285702909122775,7.285702909122775,True,True,False,False,True
ACTACAAAGAGAGGTG-1,1,71,49,11900,5600,18666.6666666667,39666.6666666667,20,19,1,0,0.95,0.05,0.0,Tumor,0.95,True,,positive,negative,negative,negative,Immune cells,0.5867687795339743,0.1493623317273772,0.4132312204660258,0.1649448699147249,0.0096355439682798,0.0953178152352559,1.0,232.95999999999998,495.03999999999996,tumor_core,CTA_composition_plus_H&E_patch_feature_proxy,True,-19.208211577343672,19.208211577343672,False,True,False,False,True
ACTACATCCCGACAAG-1,1,63,17,10688,2809,9363.33333333333,35626.6666666667,0,0,0,0,0.0,0.0,0.0,unmapped,0.0,False,no_CTA_object_captured,excluded,excluded,excluded,excluded,Immune cells,0.8014411674180291,0.1188585553181543,0.1985588325819708,0.0766932811905925,0.0198142414860681,0.0349118984825899,1.0,116.8544,444.6208,unmapped_or_excluded,CTA_composition_plus_H&E_patch_feature_proxy,True,29.036829799411645,29.036829799411645,False,False,False,False,True
ACTACGCGTTAGAATT-1,1,60,56,10231,6209,20696.6666666667,34103.3333333333,27,21,6,0,0.7777777777777778,0.2222222222222222,0.0,Tumor,0.7777777777777778,True,,positive,ambiguous,negative,ambiguous,Immune cells,0.4448318939764271,0.1203082125426018,0.5551681060235728,0.2155124653739612,-0.002900439954375,0.1040744562932385,1.0,258.2944,425.6096,tumor_core,CTA_composition_plus_H&E_patch_feature_proxy,True,-19.226672140544718,19.226672140544718,False,True,False,False,True
ACTAGTTGCGATCGTC-1,1,50,104,8711,10393,34643.3333333333,29036.6666666667,25,25,0,0,1.0,0.0,0.0,Tumor,1.0,True,,positive,negative,negative,negative,Immune cells,0.4244274256332265,0.1311757021118262,0.5755725743667734,0.2270599098365107,0.0053772201401336,0.0918434430302335,1.0,432.3488,362.3776,tumor_core,CTA_composition_plus_H&E_patch_feature_proxy,True,-7.28000000000003,7.28000000000003,True,True,False,False,True
ACTATCCAGGGCATGG-1,1,38,108,6890,10740,35800.0,22966.6666666667,29,29,0,0,1.0,0.0,0.0,Tumor,1.0,True,,positive,negative,negative,negative,Immune cells,0.4005178063838647,0.1288109875313002,0.5994821936161352,0.2433219271087936,0.0188908804519037,0.0960096319229446,1.0,446.784,286.62399999999997,tumor_core,CTA_composition_plus_H&E_patch_feature_proxy,True,-33.38907325937636,33.38907325937636,False,True,False,False,True
ACTATCTGCCCGCGTA-1,1,53,113,9166,11178,37260.0,30553.3333333333,20,19,0,1,0.95,0.0,0.05,Tumor,0.95,True,,positive,negative,negative,negative,Immune cells,0.4803613781616063,0.1248876984681138,0.5196386218383937,0.2262560425832382,0.0236380424746075,0.0768222298666055,1.0,465.0048,381.30559999999997,tumor_core,CTA_composition_plus_H&E_patch_feature_proxy,True,-7.306457067553315,7.306457067553315,True,True,False,False,True
ACTATGTCCAGCTGCC-1,1,64,22,10839,3245,10816.6666666667,36130.0,22,3,7,12,0.1363636363636363,0.3181818181818182,0.5454545454545454,Stroma,0.5454545454545454,True,,negative,ambiguous,ambiguous,ambiguous,Immune cells,0.6096174388499629,0.16835343267998,0.3903825611500371,0.1381456737819781,0.0035630872847754,0.1028704659251615,1.0,134.992,450.9024,immune_enriched,CTA_composition_plus_H&E_patch_feature_proxy,True,12.600611845462137,12.600611845462137,False,False,False,False,True
ACTATTTCCGGGCCCA-1,1,59,41,10080,4901,16336.6666666667,33600.0,22,21,0,1,0.9545454545454546,0.0,0.0454545454545454,Tumor,0.9545454545454546,True,,positive,negative,negative,negative,Immune cells,0.4655006970470552,0.1264199721806708,0.5344993029529448,0.2194340340014122,0.0097876269621421,0.0974505981729924,1.0,203.8816,419.328,tumor_core,CTA_composition_plus_H&E_patch_feature_proxy,True,-7.285702909122762,7.285702909122762,True,True,False,False,True
ACTCAACGAATGTATT-1,1,7,33,2192,4199,13996.6666666667,7306.66666666667,0,0,0,0,0.0,0.0,0.0,unmapped,0.0,False,no_CTA_object_captured,excluded,excluded,excluded,excluded,Immune cells,0.7694747705176253,0.0856180422503276,0.2305252294823745,0.0604855792732605,0.0039324316984411,0.0935596070786989,1.0,174.67839999999998,91.18719999999999,unmapped_or_excluded,CTA_composition_plus_H&E_patch_feature_proxy,True,152.99089311459034,152.99089311459034,False,False,False,False,True
ACTCAAGTGCAAGGCT-1,1,60,86,10229,8824,29413.3333333333,34096.6666666667,19,18,0,1,0.9473684210526316,0.0,0.0526315789473684,Tumor,0.9473684210526316,True,,positive,negative,negative,negative,Immune cells,0.4888707837705719,0.1222546460423783,0.5111292162294281,0.2165553201890174,0.013763510944544,0.0790314566372357,1.0,367.0784,425.52639999999997,tumor_core,CTA_composition_plus_H&E_patch_feature_proxy,True,-12.564646274368396,12.564646274368396,False,True,False,False,True
ACTCCAATATCATCAT-1,1,63,29,10687,3855,12850.0,35623.3333333333,16,16,0,0,1.0,0.0,0.0,Tumor,1.0,True,,positive,negative,negative,negative,Immune cells,0.4878496550974961,0.1253258001205761,0.5121503449025039,0.2068980500787572,0.0098310792461028,0.1089057065321255,1.0,160.368,444.57919999999996,tumor_core,CTA_composition_plus_H&E_patch_feature_proxy,True,-7.238400000000013,7.238400000000013,True,True,False,False,True
ACTCCCGAATTCGTTT-1,1,32,104,5980,10391,34636.6666666667,19933.3333333333,25,22,0,3,0.88,0.0,0.12,Tumor,0.88,True,,positive,negative,negative,negative,Immune cells,0.4222367063168758,0.1158875614037931,0.5777632936831242,0.2117321166693824,-0.0076910542610395,0.0938692046019187,1.0,432.2656,248.768,tumor_core,CTA_composition_plus_H&E_patch_feature_proxy,True,-58.03201491039239,58.03201491039239,False,True,False,False,True
ACTCCCGTAGACTAGG-1,1,21,123,4311,12047,40156.6666666667,14370.0,24,24,0,0,1.0,0.0,0.0,Tumor,1.0,True,,positive,negative,negative,negative,Immune cells,0.4610577010120761,0.1264243092109955,0.5389422989879238,0.2226603660854923,0.0189560588778447,0.0975155754309521,1.0,501.1552,179.33759999999998,tumor_core,CTA_composition_plus_H&E_patch_feature_proxy,True,-26.19231276538976,26.19231276538976,False,True,False,False,True
ACTCCCTAATGCTAAA-1,1,57,69,9775,7342,24473.3333333333,32583.3333333333,11,5,1,5,0.4545454545454545,0.0909090909090909,0.4545454545454545,Tumor,0.4545454545454545,True,,ambiguous,negative,ambiguous,negative,Immune cells,0.5244799304763457,0.1088829786780078,0.4755200695236544,0.2040627885503231,0.009972299168975,0.0762145013950999,1.0,305.42719999999997,406.64,stroma_rich,CTA_composition_plus_H&E_patch_feature_proxy,True,0.0,0.0,True,False,True,True,True
ACTCCCTAGAATAGTA-1,1,48,70,8409,7428,24760.0,28030.0,32,28,4,0,0.875,0.125,0.0,Tumor,0.875,True,,positive,negative,negative,negative,Immune cells,0.4763529049662339,0.1190216424711822,0.523647095033766,0.2173809135842702,0.0101895605887784,0.0958682108320911,1.0,309.0048,349.8144,tumor_core,CTA_composition_plus_H&E_patch_feature_proxy,True,-31.59993065308847,31.59993065308847,False,True,False,False,True
ACTCCGGCCGACCACT-1,1,70,90,11746,9174,30580.0,39153.3333333333,14,14,0,0,1.0,0.0,0.0,Tumor,1.0,True,,positive,negative,negative,negative,Immune cells,0.6299603497908859,0.1596241630121955,0.370039650209114,0.1615555917657921,0.0255173537559068,0.1037801475365975,1.0,381.6384,488.6336,tumor_core,CTA_composition_plus_H&E_patch_feature_proxy,True,-12.5797877247591,12.5797877247591,False,True,False,False,True
ACTCGCCGTTCGATAA-1,1,67,111,11290,11005,36683.3333333333,37633.3333333333,22,4,18,0,0.1818181818181818,0.8181818181818182,0.0,Immune cells,0.8181818181818182,True,,negative,positive,negative,positive,Immune cells,0.8184418735176434,0.0574203349889684,0.1815581264823564,0.1100211829884308,0.0421378523708652,0.0095937010281695,1.0,457.808,469.664,immune_enriched,CTA_composition_plus_H&E_patch_feature_proxy,True,7.285702909122747,7.285702909122747,True,False,False,False,True
ACTCGCGATCTGACGC-1,1,42,126,7496,12310,41033.3333333333,24986.6666666667,29,29,0,0,1.0,0.0,0.0,Tumor,1.0,True,,positive,negative,negative,negative,Immune cells,0.4273713178715623,0.1401220109878432,0.5726286821284376,0.2323393623377329,0.0284395198522622,0.0887436456063907,1.0,512.096,311.8336,tumor_core,CTA_composition_plus_H&E_patch_feature_proxy,True,-19.2082115773437,19.2082115773437,False,True,False,False,True
ACTCGTCAGTAATCCC-1,1,36,78,6589,8125,27083.3333333333,21963.3333333333,24,24,0,0,1.0,0.0,0.0,Tumor,1.0,True,,positive,negative,negative,negative,Immune cells,0.4650806583021019,0.1247308136106354,0.534919341697898,0.2186084406061593,0.0188148389549725,0.1042235217673814,1.0,338.0,274.1024,tumor_core,CTA_composition_plus_H&E_patch_feature_proxy,True,-7.28000000000003,7.28000000000003,True,True,False,False,True
ACTCTCTGACTTAGGT-1,1,42,78,7499,8125,27083.3333333333,24996.6666666667,21,21,0,0,1.0,0.0,0.0,Tumor,1.0,True,,positive,negative,negative,negative,Immune cells,0.4521572248474643,0.1215938826352556,0.5478427751525355,0.2217261419803378,0.0152952039541578,0.1004395520391392,1.0,338.0,311.9584,tumor_core,CTA_composition_plus_H&E_patch_feature_proxy,True,-19.2082115773437,19.2082115773437,False,True,False,False,True
ACTCTGACCTAATAGA-1,1,69,97,11594,9784,32613.3333333333,38646.6666666667,27,20,7,0,0.7407407407407407,0.2592592592592592,0.0,Tumor,0.7407407407407407,True,,positive,ambiguous,negative,ambiguous,Immune cells,0.6420509478029438,0.1670507405250901,0.357949052197056,0.1350279724077996,0.0121449133670088,0.1340404387876008,1.0,407.01439999999997,482.31039999999996,tumor_core,CTA_composition_plus_H&E_patch_feature_proxy,True,-12.600611845462108,12.600611845462108,False,True,False,False,True
ACTCTTCAGCTCCCGC-1,1,36,126,6586,12309,41030.0,21953.3333333333,21,17,1,3,0.8095238095238095,0.0476190476190476,0.1428571428571428,Tumor,0.8095238095238095,True,,positive,negative,negative,negative,Immune cells,0.4857965346803541,0.1232249372944913,0.5142034653196459,0.1994677095214817,0.0186844821030905,0.0896571494094713,1.0,512.0544,273.9776,tumor_core,CTA_composition_plus_H&E_patch_feature_proxy,True,-7.306457067553315,7.306457067553315,True,True,False,False,True
ACTCTTGTATAGTAAC-1,1,36,70,6589,7427,24756.6666666667,21963.3333333333,26,25,1,0,0.9615384615384616,0.0384615384615384,0.0,Tumor,0.9615384615384616,True,,positive,negative,negative,negative,Immune cells,0.4843589882859884,0.123439822495153,0.5156410117140116,0.2128510129813698,0.0179566563467492,0.1222833772885372,1.0,308.9632,274.1024,tumor_core,CTA_composition_plus_H&E_patch_feature_proxy,True,-7.285702909122747,7.285702909122747,True,True,False,False,True
ACTGAAACGCCGTTAG-1,1,57,93,9774,9434,31446.6666666667,32580.0,30,30,0,0,1.0,0.0,0.0,Tumor,1.0,True,,positive,negative,negative,negative,Immune cells,0.4899824380352326,0.1266608771442047,0.5100175619647674,0.2216718266253869,0.0143175275650426,0.081351526965562,1.0,392.45439999999996,406.59839999999997,tumor_core,CTA_composition_plus_H&E_patch_feature_proxy,True,-26.22819793123425,26.22819793123425,False,True,False,False,True
ACTGAATGGCGAAAGT-1,1,47,83,8257,8562,28540.0,27523.3333333333,10,10,0,0,1.0,0.0,0.0,Tumor,1.0,True,,positive,negative,negative,negative,Immune cells,0.4853076964857966,0.1219363745714522,0.5146923035142035,0.2146434196947477,0.014089403074249,0.1021710048541834,1.0,356.1792,343.4912,tumor_core,CTA_composition_plus_H&E_patch_feature_proxy,True,-7.279999999999973,7.279999999999973,True,True,False,False,True
ACTGCCCGCCATTCTC-1,1,68,30,11446,3943,13143.3333333333,38153.3333333333,15,7,4,4,0.4666666666666667,0.2666666666666666,0.2666666666666666,Tumor,0.4666666666666667,True,,ambiguous,ambiguous,ambiguous,ambiguous,Immune cells,0.7159850089620335,0.1664035178814281,0.2840149910379664,0.1123241540383466,0.0168703492477323,0.0845392347972327,1.0,164.0288,476.1536,mixed_boundary,CTA_composition_plus_H&E_patch_feature_proxy,True,0.0,0.0,True,False,True,True,True
ACTGCGGACACACCGT-1,1,37,119,6738,11699,38996.6666666667,22460.0,25,25,0,0,1.0,0.0,0.0,Tumor,1.0,True,,positive,negative,negative,negative,Immune cells,0.4153676244274256,0.1303091824479194,0.5846323755725743,0.2477431970017924,0.0228559013633154,0.0823988074762068,1.0,486.67839999999995,280.3008,tumor_core,CTA_composition_plus_H&E_patch_feature_proxy,True,-31.671235959463292,31.671235959463292,False,True,False,False,True
ACTGGGATGCCAGTGC-1,1,73,53,12203,5949,19830.0,40676.6666666667,15,14,0,1,0.9333333333333332,0.0,0.0666666666666666,Tumor,0.9333333333333332,True,,positive,negative,negative,negative,Immune cells,0.7028660402295729,0.1587817498177174,0.297133959770427,0.1583401227527021,0.0441257943620661,0.0664984902343003,1.0,247.4784,507.6448,tumor_core,CTA_composition_plus_H&E_patch_feature_proxy,True,-14.476799999999997,14.476799999999997,False,True,False,False,True
ACTGTCCAGGATTATA-1,1,33,55,6135,6119,20396.6666666667,20450.0,16,0,14,2,0.0,0.875,0.125,Immune cells,0.875,True,,negative,positive,negative,positive,Immune cells,0.613781616062861,0.0944051192571759,0.386218383937139,0.155309325946445,0.0173809135842702,0.0690478920613079,1.0,254.5504,255.21599999999998,immune_enriched,CTA_composition_plus_H&E_patch_feature_proxy,True,7.238400000000013,7.238400000000013,True,False,False,False,True
ACTTACGCATCCACGC-1,1,58,78,9926,8127,27090.0,33086.6666666667,24,24,0,0,1.0,0.0,0.0,Tumor,1.0,True,,positive,negative,negative,negative,Immune cells,0.5007441203628266,0.1196807759938878,0.4992558796371735,0.2252566400521427,0.0204442996034979,0.0893475518862515,1.0,338.0832,412.92159999999996,tumor_core,CTA_composition_plus_H&E_patch_feature_proxy,True,-7.285702909122747,7.285702909122747,True,True,False,False,True
ACTTATACTTACCCGG-1,1,36,90,6588,9171,30570.0,21960.0,26,26,0,0,1.0,0.0,0.0,Tumor,1.0,True,,positive,negative,negative,negative,Immune cells,0.4347183748845799,0.128442786227653,0.5652816251154201,0.2074520666992559,-0.0022160664819944,0.1036272598708099,1.0,381.5136,274.0608,tumor_core,CTA_composition_plus_H&E_patch_feature_proxy,True,-26.279678488139833,26.279678488139833,False,True,False,False,True
ACTTATTAGGATCGGT-1,1,38,52,6893,5858,19526.6666666667,22976.6666666667,27,11,16,0,0.4074074074074074,0.5925925925925926,0.0,Immune cells,0.5925925925925926,True,,ambiguous,ambiguous,negative,ambiguous,Immune cells,0.5341806528705665,0.1098314275862003,0.4658193471294335,0.1712671772310032,-0.0051382325783498,0.1035852157627183,1.0,243.69279999999998,286.74879999999996,immune_enriched,CTA_composition_plus_H&E_patch_feature_proxy,True,19.19455736191904,19.19455736191904,False,False,False,False,True
ACTTATTTATGTGCCA-1,1,46,90,8105,9172,30573.3333333333,27016.6666666667,24,18,6,0,0.75,0.25,0.0,Tumor,0.75,True,,positive,ambiguous,negative,ambiguous,Immune cells,0.4618760523600022,0.1237545185003351,0.5381239476399978,0.2180978762696214,0.00900548585085,0.1042808546420517,1.0,381.55519999999996,337.168,tumor_core,CTA_composition_plus_H&E_patch_feature_proxy,True,-26.182301050900776,26.182301050900776,False,True,False,False,True
ACTTCAGGCTGATCCC-1,1,51,81,8864,8388,27960.0,29546.6666666667,27,27,0,0,1.0,0.0,0.0,Tumor,1.0,True,,positive,negative,negative,negative,Immune cells,0.4483189397642713,0.1208004812950421,0.5516810602357286,0.2214545652055836,0.0039432947694313,0.0924244161602262,1.0,348.94079999999997,368.7424,tumor_core,CTA_composition_plus_H&E_patch_feature_proxy,True,-7.285702909122775,7.285702909122775,True,True,False,False,True
ACTTCCATGCGGGACA-1,1,61,85,10381,8737,29123.3333333333,34603.3333333333,28,26,1,1,0.9285714285714286,0.0357142857142857,0.0357142857142857,Tumor,0.9285714285714286,True,,positive,negative,negative,negative,Immune cells,0.4870819980808574,0.1241488545677892,0.5129180019191425,0.2125902992776057,0.0087882244310466,0.0769407178075908,1.0,363.4592,431.84959999999995,tumor_core,CTA_composition_plus_H&E_patch_feature_proxy,True,-7.238400000000013,7.238400000000013,True,True,False,False,True
ACTTCGCTAGCGAGTG-1,1,31,127,5828,12396,41320.0,19426.6666666667,24,24,0,0,1.0,0.0,0.0,Tumor,1.0,True,,positive,negative,negative,negative,Immune cells,0.4416091829160103,0.1267994703525438,0.5583908170839896,0.2157080006517842,0.0177611210689261,0.0878683637197569,1.0,515.6736,242.4448,tumor_core,CTA_composition_plus_H&E_patch_feature_proxy,True,-25.209634323409002,25.209634323409002,False,True,False,False,True
ACTTGACTCCCTCTTT-1,1,42,72,7499,7602,25340.0,24996.6666666667,24,19,0,5,0.7916666666666666,0.0,0.2083333333333333,Tumor,0.7916666666666666,True,,positive,negative,ambiguous,negative,Immune cells,0.4432929589194865,0.1206585806984722,0.5567070410805135,0.2208896855140948,0.0087230460051056,0.1004968849138095,1.0,316.2432,311.9584,tumor_core,CTA_composition_plus_H&E_patch_feature_proxy,True,-7.285702909122747,7.285702909122747,True,True,False,False,True
ACTTGTGGATGGAACG-1,1,52,108,9014,10742,35806.6666666667,30046.6666666667,20,18,0,2,0.9,0.0,0.1,Tumor,0.9,True,,positive,negative,negative,negative,Immune cells,0.5225426828164321,0.1191760690681163,0.4774573171835679,0.2030416598772473,0.0116234859594807,0.0875740549631158,1.0,446.86719999999997,374.9824,tumor_core,CTA_composition_plus_H&E_patch_feature_proxy,True,-7.238400000000013,7.238400000000013,True,True,False,False,True
ACTTGTTACCGGATCA-1,1,75,57,12506,6298,20993.3333333333,41686.6666666667,7,0,4,3,0.0,0.5714285714285714,0.4285714285714285,Immune cells,0.5714285714285714,True,,negative,ambiguous,ambiguous,ambiguous,Immune cells,0.7851755291220828,0.0734317733515011,0.2148244708779171,0.1262614741187333,0.0519580685459779,0.024855712265413,1.0,261.9968,520.2496,immune_enriched,CTA_composition_plus_H&E_patch_feature_proxy,True,7.285702909122796,7.285702909122796,True,False,False,False,True
ACTTTACCCTCATGAA-1,1,32,106,5980,10565,35216.6666666667,19933.3333333333,28,27,0,1,0.9642857142857144,0.0,0.0357142857142857,Tumor,0.9642857142857144,True,,positive,negative,negative,negative,Immune cells,0.3964405337388879,0.1226890054219293,0.6035594662611119,0.2194014447884417,-0.0029982075932866,0.0900584795321637,1.0,439.50399999999996,248.768,tumor_core,CTA_composition_plus_H&E_patch_feature_proxy,True,-65.27041325685015,65.27041325685015,False,True,False,False,True
ACTTTGGTCGTGCTCC-1,1,61,13,10385,2460,8200.0,34616.6666666667,0,0,0,0,0.0,0.0,0.0,unmapped,0.0,False,no_CTA_object_captured,excluded,excluded,excluded,excluded,Immune cells,0.859634638712364,0.0292298903422088,0.1403653612876359,0.0340774536961599,0.0107653033512573,0.0086916638000229,1.0,102.336,432.01599999999996,unmapped_or_excluded,CTA_composition_plus_H&E_patch_feature_proxy,True,43.51361988527268,43.51361988527268,False,False,False,False,True
ACTTTGTCGACGCACT-1,1,56,120,9620,11788,39293.3333333333,32066.6666666667,12,0,8,4,0.0,0.6666666666666666,0.3333333333333333,Immune cells,0.6666666666666666,True,,negative,positive,ambiguous,positive,Immune cells,0.5948871145872938,0.1312702722780612,0.4051128854127061,0.1638368366737276,0.0135136603117701,0.1263234338569736,1.0,490.38079999999997,400.192,immune_enriched,CTA_composition_plus_H&E_patch_feature_proxy,True,7.238400000000013,7.238400000000013,True,False,False,False,True
AGAAATTATGACTCGC-1,1,53,115,9166,11352,37840.0,30553.3333333333,19,19,0,0,1.0,0.0,0.0,Tumor,1.0,True,,positive,negative,negative,negative,Immune cells,0.497923342929046,0.1194717282492983,0.502076657070954,0.2214111129216229,0.0231383412090597,0.076508810151741,1.0,472.2432,381.30559999999997,tumor_core,CTA_composition_plus_H&E_patch_feature_proxy,True,-12.600611845462058,12.600611845462058,False,True,False,False,True
AGAACCCAGCGTGACA-1,1,44,124,7800,12136,40453.3333333333,26000.0,28,28,0,0,1.0,0.0,0.0,Tumor,1.0,True,,positive,negative,negative,negative,Immune cells,0.4089439284485724,0.1325454920982076,0.5910560715514276,0.2281570800065178,0.0182065069795231,0.0835875090777051,1.0,504.8576,324.47999999999996,tumor_core,CTA_composition_plus_H&E_patch_feature_proxy,True,-12.600611845462108,12.600611845462108,False,True,False,False,True
AGAAGGTACACTTCAC-1,1,52,14,9019,2547,8490.0,30063.3333333333,0,0,0,0,0.0,0.0,0.0,unmapped,0.0,False,no_CTA_object_captured,excluded,excluded,excluded,excluded,Immune cells,0.8189017435228939,0.093879859513875,0.181098256477106,0.0495681929281407,0.0134593449568192,0.0506707946336429,1.0,105.95519999999999,375.1904,unmapped_or_excluded,CTA_composition_plus_H&E_patch_feature_proxy,True,50.28873946640538,50.28873946640538,False,False,False,False,True
AGAAGGTTGCCGAATT-1,1,42,44,7501,5161,17203.3333333333,25003.3333333333,24,24,0,0,1.0,0.0,0.0,Tumor,1.0,True,,positive,negative,negative,negative,Immune cells,0.4862781308275849,0.1222499237331044,0.5137218691724149,0.1976318505241431,0.0038346640595296,0.1075488284982608,1.0,214.6976,312.04159999999996,tumor_core,CTA_composition_plus_H&E_patch_feature_proxy,True,-7.238400000000013,7.238400000000013,True,True,False,False,True
AGAAGGTTGTAGGTCG-1,1,64,78,10836,8127,27090.0,36120.0,14,10,2,2,0.7142857142857143,0.1428571428571428,0.1428571428571428,Tumor,0.7142857142857143,True,,positive,negative,negative,negative,Immune cells,0.5013995256459001,0.1219661625360029,0.4986004743540999,0.2242029221660963,0.022768996795394,0.0869548599166762,1.0,338.0832,450.7776,tumor_core,CTA_composition_plus_H&E_patch_feature_proxy,True,-7.238400000000013,7.238400000000013,True,True,False,False,True
AGAATTATGGATTCGA-1,1,32,98,5981,9868,32893.3333333333,19936.6666666667,29,29,0,0,1.0,0.0,0.0,Tumor,1.0,True,,positive,negative,negative,negative,Immune cells,0.4106711567360093,0.1237319676005928,0.5893288432639907,0.216207701917332,-0.003671717994677,0.1126705653021442,1.0,410.5088,248.8096,tumor_core,CTA_composition_plus_H&E_patch_feature_proxy,True,-36.27520000000004,36.27520000000004,False,True,False,False,True
AGACAGGCATCTCAGC-1,1,55,125,9468,12224,40746.6666666667,31560.0,7,0,3,4,0.0,0.4285714285714285,0.5714285714285714,Stroma,0.5714285714285714,True,,negative,ambiguous,ambiguous,ambiguous,Immune cells,0.7279090398855755,0.1644341665533377,0.2720909601144243,0.1154961707674759,0.034859594807452,0.1064442151129457,1.0,508.5184,393.86879999999996,immune_enriched,CTA_composition_plus_H&E_patch_feature_proxy,True,19.19455736191904,19.19455736191904,False,False,False,False,True
AGACCCACCGCTGATC-1,1,49,65,8561,6993,23310.0,28536.6666666667,22,22,0,0,1.0,0.0,0.0,Tumor,1.0,True,,positive,negative,negative,negative,Immune cells,0.4788333061756558,0.1168349342268468,0.5211666938243441,0.2078322741839118,0.0057357014828091,0.0965982494362267,1.0,290.9088,356.13759999999996,tumor_core,CTA_composition_plus_H&E_patch_feature_proxy,True,-19.311766692874073,19.311766692874073,False,True,False,False,True
AGACCGCTCCGCGGTT-1,1,51,111,8862,11003,36676.6666666667,29540.0,12,0,0,12,0.0,0.0,1.0,Stroma,1.0,True,,negative,negative,positive,negative,Immune cells,0.4911991019861315,0.1310169589270664,0.5088008980138685,0.2142849383520721,0.0143609798490033,0.0894583954439475,1.0,457.72479999999996,368.6592,stroma_rich,CTA_composition_plus_H&E_patch_feature_proxy,True,0.0,0.0,True,False,True,True,True
AGACGAAGTGCCGGTC-1,1,49,97,8560,9782,32606.6666666667,28533.3333333333,31,29,2,0,0.935483870967742,0.064516129032258,0.0,Tumor,0.935483870967742,True,,positive,negative,negative,negative,Immune cells,0.4629985696956529,0.1267436828032278,0.537001430304347,0.2124599424257237,0.0058226060507305,0.0865993960937201,1.0,406.9312,356.096,tumor_core,CTA_composition_plus_H&E_patch_feature_proxy,True,-7.279999999999973,7.279999999999973,True,True,False,False,True
AGACGACGATGCCGCT-1,1,53,33,9170,4203,14010.0,30566.6666666667,24,24,0,0,1.0,0.0,0.0,Tumor,1.0,True,,positive,negative,negative,negative,Immune cells,0.5081056614704977,0.1406751700048437,0.4918943385295023,0.1866166965401119,-0.0019770789202107,0.117417727324848,1.0,174.8448,381.472,tumor_core,CTA_composition_plus_H&E_patch_feature_proxy,True,-7.238400000000013,7.238400000000013,True,True,False,False,True
AGACGCCCACTTCGCC-1,1,60,120,10227,11789,39296.6666666667,34090.0,12,0,9,3,0.0,0.75,0.25,Immune cells,0.75,True,,negative,positive,ambiguous,positive,Immune cells,0.7677185740408814,0.1152825979875666,0.2322814259591185,0.1000706099614361,0.0213024822117212,0.0732790582119787,1.0,490.4224,425.4432,immune_enriched,CTA_composition_plus_H&E_patch_feature_proxy,True,14.5560771858355,14.5560771858355,False,False,False,False,True
AGACTGTTACCGGGTC-1,1,63,45,10686,5250,17500.0,35620.0,21,18,3,0,0.8571428571428571,0.1428571428571428,0.0,Tumor,0.8571428571428571,True,,positive,negative,negative,negative,Immune cells,0.5068636503539551,0.1150982008318084,0.4931363496460449,0.2000325892129704,0.0053880832111237,0.0905477200626839,1.0,218.39999999999998,444.5376,tumor_core,CTA_composition_plus_H&E_patch_feature_proxy,True,-7.285702909122747,7.285702909122747,True,True,False,False,True
AGAGAAACACCAGAAA-1,1,68,34,11445,4292,14306.6666666667,38150.0,19,3,14,2,0.1578947368421052,0.7368421052631579,0.1052631578947368,Immune cells,0.7368421052631579,True,,negative,positive,negative,positive,Immune cells,0.5950681657704634,0.1723871960817714,0.4049318342295367,0.1509206452664168,0.0034327304328933,0.1152773000038222,1.0,178.5472,476.11199999999997,immune_enriched,CTA_composition_plus_H&E_patch_feature_proxy,True,12.600611845462108,12.600611845462108,False,False,False,False,True
AGAGAAGGAGTACAAT-1,1,58,34,9928,4291,14303.3333333333,33093.3333333333,29,29,0,0,1.0,0.0,0.0,Tumor,1.0,True,,positive,negative,negative,negative,Immune cells,0.5384824289826735,0.1143288432845982,0.4615175710173265,0.1847591114007929,0.0041931454022052,0.0967014486106333,1.0,178.5056,413.0048,tumor_core,CTA_composition_plus_H&E_patch_feature_proxy,True,-12.600611845462108,12.600611845462108,False,True,False,False,True
AGAGCCGCCGAGATTT-1,1,58,112,9924,11091,36970.0,33080.0,21,20,1,0,0.9523809523809524,0.0476190476190476,0.0,Tumor,0.9523809523809524,True,,positive,negative,negative,negative,Immune cells,0.5206706135824597,0.1192530775809776,0.4793293864175402,0.2122969963608712,0.0218456357612297,0.0786071933646753,1.0,461.38559999999995,412.8384,tumor_core,CTA_composition_plus_H&E_patch_feature_proxy,True,-7.238399999999956,7.238399999999956,True,True,False,False,True
AGAGCGCTTGTAACGG-1,1,19,127,4007,12395,41316.6666666667,13356.6666666667,22,22,0,0,1.0,0.0,0.0,Tumor,1.0,True,,positive,negative,negative,negative,Immune cells,0.4387594372929226,0.1162371134063769,0.5612405627070772,0.2011949378089186,0.012481668567704,0.0978442839123953,1.0,515.632,166.69119999999998,tumor_core,CTA_composition_plus_H&E_patch_feature_proxy,True,-26.27967848813982,26.27967848813982,False,True,False,False,True
AGAGGCTTCGGAAACC-1,1,51,101,8863,10131,33770.0,29543.3333333333,23,23,0,0,1.0,0.0,0.0,Tumor,1.0,True,,positive,negative,negative,negative,Immune cells,0.4316658519363424,0.1364795687979241,0.5683341480636576,0.2287654119819673,0.0105263157894736,0.0863815311699728,1.0,421.4496,368.70079999999996,tumor_core,CTA_composition_plus_H&E_patch_feature_proxy,True,-7.285702909122747,7.285702909122747,True,True,False,False,True
AGAGTAAACTTCACTA-1,1,48,106,8408,10567,35223.3333333333,28026.6666666667,27,27,0,0,1.0,0.0,0.0,Tumor,1.0,True,,positive,negative,negative,negative,Immune cells,0.4299965600275198,0.1309689641123776,0.5700034399724803,0.2217261419803378,0.0041062408342838,0.0919389978213507,1.0,439.5872,349.77279999999996,tumor_core,CTA_composition_plus_H&E_patch_feature_proxy,True,-7.249628073218664,7.249628073218664,True,True,False,False,True
AGAGTATAGTGTTACG-1,1,28,122,5373,11960,39866.6666666667,17910.0,25,25,0,0,1.0,0.0,0.0,Tumor,1.0,True,,positive,negative,negative,negative,Immune cells,0.4364564662430069,0.1296207844162547,0.5635435337569931,0.2368583998696431,0.0231817934930204,0.0807170431525436,1.0,497.536,223.5168,tumor_core,CTA_composition_plus_H&E_patch_feature_proxy,True,-14.571405818245518,14.571405818245518,False,True,False,False,True
AGATAACTTCAGGGCC-1,1,32,44,5984,5160,17200.0,19946.6666666667,30,8,22,0,0.2666666666666666,0.7333333333333333,0.0,Immune cells,0.7333333333333333,True,,ambiguous,positive,negative,positive,Immune cells,0.5349990042184926,0.1333054600826331,0.4650009957815074,0.1790885883439248,0.0073760252023246,0.0936628062531055,1.0,214.65599999999998,248.93439999999998,immune_enriched,CTA_composition_plus_H&E_patch_feature_proxy,True,7.238400000000013,7.238400000000013,True,False,False,False,True
AGATACCAATAGAACC-1,1,64,110,10834,10917,36390.0,36113.3333333333,23,3,19,1,0.1304347826086956,0.8260869565217391,0.0434782608695652,Immune cells,0.8260869565217391,True,,negative,positive,negative,positive,Immune cells,0.6288957688338493,0.1589713972760514,0.3711042311661506,0.146499375373418,0.0142958014230622,0.127879065856362,1.0,454.1472,450.6944,immune_enriched,CTA_composition_plus_H&E_patch_feature_proxy,True,7.249628073218616,7.249628073218616,True,False,False,False,True
AGATACCGGTGTTCAC-1,1,40,38,7198,4638,15460.0,23993.3333333333,26,26,0,0,1.0,0.0,0.0,Tumor,1.0,True,,positive,negative,negative,negative,Immune cells,0.4368402947513262,0.1200067900855409,0.5631597052486738,0.2197273369181467,0.0063983488132094,0.0957229675495929,1.0,192.9408,299.4368,tumor_core,CTA_composition_plus_H&E_patch_feature_proxy,True,-7.238399999999984,7.238399999999984,True,True,False,False,True
AGATACTCAAGATCGA-1,1,46,82,8105,8474,28246.6666666667,27016.6666666667,26,22,2,2,0.8461538461538461,0.0769230769230769,0.0769230769230769,Tumor,0.8461538461538461,True,,positive,negative,negative,negative,Immune cells,0.4834935636304383,0.121320063364205,0.5165064363695616,0.2125902992776057,0.0127315192004779,0.1003057753315751,1.0,352.5184,337.168,tumor_core,CTA_composition_plus_H&E_patch_feature_proxy,True,-7.249628073218664,7.249628073218664,True,True,False,False,True
AGATATAATACGACTA-1,1,64,72,10837,7604,25346.6666666667,36123.3333333333,23,19,4,0,0.8260869565217391,0.1739130434782608,0.0,Tumor,0.8260869565217391,True,,positive,negative,negative,negative,Immune cells,0.4766679340249489,0.1239832898417114,0.5233320659750512,0.2239096192493617,0.0103850958666014,0.080602377403203,1.0,316.3264,450.81919999999997,tumor_core,CTA_composition_plus_H&E_patch_feature_proxy,True,-7.249628073218664,7.249628073218664,True,True,False,False,True
AGATGATGGAGTCTGG-1,1,34,106,6284,10566,35220.0,20946.6666666667,23,23,0,0,1.0,0.0,0.0,Tumor,1.0,True,,positive,negative,negative,negative,Immune cells,0.3921242735321275,0.1233390276909161,0.6078757264678725,0.2281570800065178,0.0038129379175492,0.0855406490081412,1.0,439.5456,261.4144,tumor_core,CTA_composition_plus_H&E_patch_feature_proxy,True,-56.89922024632674,56.89922024632674,False,True,False,False,True
AGATTATAGGACGTTT-1,1,36,54,6590,6032,20106.6666666667,21966.6666666667,21,1,19,1,0.0476190476190476,0.9047619047619048,0.0476190476190476,Immune cells,0.9047619047619048,True,,negative,positive,negative,positive,Immune cells,0.5711875147104086,0.101935257003571,0.4288124852895914,0.1635761229699636,0.0048340665906251,0.0881894278179108,1.0,250.9312,274.144,immune_enriched,CTA_composition_plus_H&E_patch_feature_proxy,True,12.600611845462108,12.600611845462108,False,False,False,False,True
AGATTCACAACCGATA-1,1,53,13,9171,2459,8196.66666666667,30570.0,0,0,0,0,0.0,0.0,0.0,unmapped,0.0,False,no_CTA_object_captured,excluded,excluded,excluded,excluded,Immune cells,0.8386652906776746,0.0855164151347321,0.1613347093223253,0.0382380098853946,0.0134810710987996,0.0321522761151244,1.0,102.2944,381.5136,unmapped_or_excluded,CTA_composition_plus_H&E_patch_feature_proxy,True,50.81456602510739,50.81456602510739,False,False,False,False,True
AGCAAAGGCCGCTAGT-1,1,60,72,10230,7604,25346.6666666667,34100.0,11,8,2,1,0.7272727272727273,0.1818181818181818,0.0909090909090909,Tumor,0.7272727272727273,True,,positive,negative,negative,negative,Immune cells,0.5089240128184237,0.1191102962779145,0.4910759871815762,0.2089837597088696,0.0077019173320297,0.0820051217368038,1.0,316.3264,425.568,tumor_core,CTA_composition_plus_H&E_patch_feature_proxy,True,-12.600611845462108,12.600611845462108,False,True,False,False,True
AGCAACATATCTTATT-1,1,41,93,7346,9433,31443.3333333333,24486.6666666667,15,2,7,6,0.1333333333333333,0.4666666666666667,0.4,Immune cells,0.4666666666666667,True,,negative,ambiguous,ambiguous,ambiguous,Immune cells,0.4686292614922239,0.1302524990841247,0.5313707385077762,0.2008038672532725,-0.0011949378089185,0.0981577036272598,1.0,392.4128,305.5936,immune_enriched,CTA_composition_plus_H&E_patch_feature_proxy,True,44.222345786717405,44.222345786717405,False,False,False,False,True
AGCACACGTTTAGACT-1,1,68,26,11446,3594,11980.0,38153.3333333333,17,3,8,6,0.1764705882352941,0.4705882352941176,0.3529411764705882,Immune cells,0.4705882352941176,True,,negative,ambiguous,ambiguous,ambiguous,Immune cells,0.8129017073126572,0.0785671303752681,0.1870982926873426,0.0759654554342512,0.0213676606376622,0.0258647708596108,1.0,149.5104,476.1536,immune_enriched,CTA_composition_plus_H&E_patch_feature_proxy,True,7.285702909122762,7.285702909122762,True,False,False,False,True
AGCACTACCTCACCAG-1,1,53,81,9167,8388,27960.0,30556.6666666667,17,17,0,0,1.0,0.0,0.0,Tumor,1.0,True,,positive,negative,negative,negative,Immune cells,0.4669382434414209,0.1232639904408481,0.5330617565585791,0.2177937102818967,0.0063440334582586,0.0857317585903757,1.0,348.94079999999997,381.3472,tumor_core,CTA_composition_plus_H&E_patch_feature_proxy,True,-7.249628073218693,7.249628073218693,True,True,False,False,True
AGCAGAAGGAGAAAGA-1,1,64,68,10837,7256,24186.6666666667,36123.3333333333,18,18,0,0,1.0,0.0,0.0,Tumor,1.0,True,,positive,negative,negative,negative,Immune cells,0.5032896999981894,0.120283829105697,0.4967103000018104,0.2132638096789962,0.009201021128673,0.0857814470817567,1.0,301.8496,450.81919999999997,tumor_core,CTA_composition_plus_H&E_patch_feature_proxy,True,-12.543762446730252,12.543762446730252,False,True,False,False,True
AGCAGCCAGATGAATA-1,1,56,58,9624,6383,21276.6666666667,32080.0,11,2,1,8,0.1818181818181818,0.0909090909090909,0.7272727272727273,Stroma,0.7272727272727273,True,,negative,negative,positive,negative,Immune cells,0.5271413828689371,0.1137548916049152,0.4728586171310629,0.1942317093042203,0.0099288468850143,0.0789703015709207,1.0,265.5328,400.35839999999996,stroma_rich,CTA_composition_plus_H&E_patch_feature_proxy,True,0.0,0.0,True,False,True,True,True
AGCATATCAATATGCT-1,1,51,95,8863,9608,32026.6666666667,29543.3333333333,26,26,0,0,1.0,0.0,0.0,Tumor,1.0,True,,positive,negative,negative,negative,Immune cells,0.452349139101624,0.1252335236080774,0.5476508608983759,0.2163815110531747,0.0028787138123947,0.1056262661009823,1.0,399.6928,368.70079999999996,tumor_core,CTA_composition_plus_H&E_patch_feature_proxy,True,-19.226672140544718,19.226672140544718,False,True,False,False,True
AGCATTACGAGGCAAG-1,1,67,105,11290,10482,34940.0,37633.3333333333,16,0,6,10,0.0,0.375,0.625,Stroma,0.625,True,,negative,ambiguous,positive,ambiguous,Immune cells,0.7225644089584126,0.1407936907964328,0.2774355910415874,0.1405355493998153,0.0361197110423116,0.0759660589381951,1.0,436.0512,469.664,immune_enriched,CTA_composition_plus_H&E_patch_feature_proxy,True,7.285702909122747,7.285702909122747,True,False,False,False,True
AGCCAAGCTTTGTGTC-1,1,64,58,10837,6384,21280.0,36123.3333333333,15,12,1,2,0.8,0.0666666666666666,0.1333333333333333,Tumor,0.8,True,,positive,negative,negative,negative,Immune cells,0.5181105498524434,0.1123145191574187,0.4818894501475567,0.2013361577317907,0.0096789962522405,0.0822153422772617,1.0,265.57439999999997,450.81919999999997,tumor_core,CTA_composition_plus_H&E_patch_feature_proxy,True,-14.535316219470442,14.535316219470442,False,True,False,False,True
AGCCACAGGTTACCCG-1,1,63,89,10684,9086,30286.6666666667,35613.3333333333,29,25,0,4,0.8620689655172413,0.0,0.1379310344827586,Tumor,0.8620689655172413,True,,positive,negative,negative,negative,Immune cells,0.4880560534463092,0.123676334362229,0.5119439465536907,0.2165770463309977,0.0149910379664331,0.0799220272904483,1.0,377.9776,444.45439999999996,tumor_core,CTA_composition_plus_H&E_patch_feature_proxy,True,-7.238400000000013,7.238400000000013,True,True,False,False,True
AGCCATATAGTATGTG-1,1,71,65,11899,6995,23316.6666666667,39663.3333333333,15,0,13,2,0.0,0.8666666666666667,0.1333333333333333,Immune cells,0.8666666666666667,True,,negative,positive,negative,positive,Immune cells,0.5369326308547426,0.1197181406657483,0.4630673691452573,0.1971430123295856,0.0165227309760469,0.083392577303826,1.0,290.99199999999996,494.9984,immune_enriched,CTA_composition_plus_H&E_patch_feature_proxy,True,7.279999999999973,7.279999999999973,True,False,False,False,True
AGCCCGCAACAAGCAG-1,1,68,54,11444,6035,20116.6666666667,38146.6666666667,21,21,0,0,1.0,0.0,0.0,Tumor,1.0,True,,positive,negative,negative,negative,Immune cells,0.5092064526641682,0.1198407338412683,0.4907935473358318,0.2137961001575145,0.019553527782304,0.0911936704506364,1.0,251.05599999999998,476.0704,tumor_core,CTA_composition_plus_H&E_patch_feature_proxy,True,-7.285702909122762,7.285702909122762,True,True,False,False,True
AGCCCGGCATTAGAGG-1,1,64,26,10839,3594,11980.0,36130.0,35,35,0,0,1.0,0.0,0.0,Tumor,1.0,True,,positive,negative,negative,negative,Immune cells,0.5337388879836329,0.1244918246606242,0.466261112016367,0.1821085220791918,0.009135842702732,0.1248595344570576,1.0,149.5104,450.9024,tumor_core,CTA_composition_plus_H&E_patch_feature_proxy,True,-7.285702909122796,7.285702909122796,True,True,False,False,True
AGCCCGGTAGCCTGTA-1,1,61,49,10383,5599,18663.3333333333,34610.0,28,28,0,0,1.0,0.0,0.0,Tumor,1.0,True,,positive,negative,negative,negative,Immune cells,0.5066282838158348,0.1171103343739704,0.4933717161841653,0.2036174026397262,0.0073868882733148,0.0859305125558995,1.0,232.9184,431.9328,tumor_core,CTA_composition_plus_H&E_patch_feature_proxy,True,-19.270905340434837,19.270905340434837,False,True,False,False,True
AGCCCTCCCTGGTGGC-1,1,67,29,11294,3856,12853.3333333333,37646.6666666667,18,12,0,6,0.6666666666666666,0.0,0.3333333333333333,Tumor,0.6666666666666666,True,,positive,negative,ambiguous,negative,Immune cells,0.6616696540111889,0.1682941790973564,0.338330345988811,0.1327032752159035,0.0165010048340665,0.105358712685854,1.0,160.40959999999998,469.8304,mixed_boundary,CTA_composition_plus_H&E_patch_feature_proxy,True,0.0,0.0,True,False,True,True,True
AGCCCTGTCGCACCGT-1,1,41,121,7345,11874,39580.0,24483.3333333333,30,30,0,0,1.0,0.0,0.0,Tumor,1.0,True,,positive,negative,negative,negative,Immune cells,0.3965889957090869,0.1306596995672398,0.603411004290913,0.2454945413068274,0.0183368638314051,0.06644115735963,1.0,493.9584,305.55199999999996,tumor_core,CTA_composition_plus_H&E_patch_feature_proxy,True,-12.604800000000012,12.604800000000012,False,True,False,False,True
AGCCCTTGGACATCCC-1,1,57,117,9772,11527,38423.3333333333,32573.3333333333,13,10,2,1,0.7692307692307693,0.1538461538461538,0.0769230769230769,Tumor,0.7692307692307693,True,,positive,negative,negative,negative,Immune cells,0.5735122119023047,0.1312687368507703,0.4264877880976953,0.1867036011080332,0.0223779262397479,0.1198104192944234,1.0,479.5232,406.5152,tumor_core,CTA_composition_plus_H&E_patch_feature_proxy,True,-7.285702909122747,7.285702909122747,True,True,False,False,True
AGCGACAGGAACGGTC-1,1,51,37,8866,4552,15173.3333333333,29553.3333333333,25,25,0,0,1.0,0.0,0.0,Tumor,1.0,True,,positive,negative,negative,negative,Immune cells,0.4535766661235131,0.1183311519014293,0.5464233338764869,0.21158003367552,-3.2589212970504184e-05,0.0911554485341895,1.0,189.36319999999998,368.8256,tumor_core,CTA_composition_plus_H&E_patch_feature_proxy,True,-7.285702909122762,7.285702909122762,True,True,False,False,True
AGCGAGACGTGAAGGC-1,1,68,22,11446,3246,10820.0,38153.3333333333,0,0,0,0,0.0,0.0,0.0,unmapped,0.0,False,no_CTA_object_captured,excluded,excluded,excluded,excluded,Immune cells,0.8313616859486176,0.0235297110071408,0.1686383140513822,0.047460757156048,0.0039867470533919,0.0087069525666016,1.0,135.0336,476.1536,unmapped_or_excluded,CTA_composition_plus_H&E_patch_feature_proxy,True,12.564646274368396,12.564646274368396,False,False,False,False,True
AGCGATGCGCCTAATA-1,1,64,108,10835,10743,35810.0,36116.6666666667,15,7,6,2,0.4666666666666667,0.4,0.1333333333333333,Tumor,0.4666666666666667,True,,ambiguous,ambiguous,negative,ambiguous,Immune cells,0.5471728857748086,0.1327167508103389,0.4528271142251914,0.1659008201618597,0.0016403237195155,0.1414172686618507,1.0,446.9088,450.736,immune_enriched,CTA_composition_plus_H&E_patch_feature_proxy,True,7.249628073218616,7.249628073218616,True,False,False,False,True
AGCGCATAATGAATCG-1,1,57,55,9776,6122,20406.6666666667,32586.6666666667,19,12,5,2,0.631578947368421,0.2631578947368421,0.1052631578947368,Tumor,0.631578947368421,True,,positive,ambiguous,negative,ambiguous,Immune cells,0.4703854579689678,0.1169600217087708,0.5296145420310321,0.2097876269621422,0.0052685894302319,0.0955280357757137,1.0,254.6752,406.6816,mixed_boundary,CTA_composition_plus_H&E_patch_feature_proxy,True,0.0,0.0,True,False,True,True,True
AGCGCTAGAGCGATGT-1,1,40,122,7193,11961,39870.0,23976.6666666667,24,24,0,0,1.0,0.0,0.0,Tumor,1.0,True,,positive,negative,negative,negative,Immune cells,0.3940180689080803,0.1266846573760511,0.6059819310919196,0.2421921677258161,0.0164249633371354,0.0720483125023888,1.0,497.57759999999996,299.2288,tumor_core,CTA_composition_plus_H&E_patch_feature_proxy,True,-19.270905340434833,19.270905340434833,False,True,False,False,True
AGCGGACACTTCGTAG-1,1,62,62,10534,6732,22440.0,35113.3333333333,19,19,0,0,1.0,0.0,0.0,Tumor,1.0,True,,positive,negative,negative,negative,Immune cells,0.4878351710028424,0.1164240058214705,0.5121648289971575,0.2229971212861876,0.0139155939384063,0.0761113022206933,1.0,280.0512,438.21439999999996,tumor_core,CTA_composition_plus_H&E_patch_feature_proxy,True,-7.238400000000013,7.238400000000013,True,True,False,False,True
AGCGGGTCTGACACTC-1,1,66,66,11140,7081,23603.3333333333,37133.3333333333,16,16,0,0,1.0,0.0,0.0,Tumor,1.0,True,,positive,negative,negative,negative,Immune cells,0.5103144859051654,0.1203228994700454,0.4896855140948345,0.2141871707131606,0.016272880343273,0.0919389978213507,1.0,294.5696,463.424,tumor_core,CTA_composition_plus_H&E_patch_feature_proxy,True,-7.285702909122747,7.285702909122747,True,True,False,False,True
AGCGTGGTATTCTACT-1,1,45,71,7954,7515,25050.0,26513.3333333333,21,21,0,0,1.0,0.0,0.0,Tumor,1.0,True,,positive,negative,negative,negative,Immune cells,0.4321583111545634,0.1246592216215445,0.5678416888454366,0.2221280756069741,0.0063983488132094,0.0985437449833734,1.0,312.62399999999997,330.8864,tumor_core,CTA_composition_plus_H&E_patch_feature_proxy,True,-14.535316219470442,14.535316219470442,False,True,False,False,True
AGCTAACAAGCAATGT-1,1,61,33,10384,4204,14013.3333333333,34613.3333333333,25,25,0,0,1.0,0.0,0.0,Tumor,1.0,True,,positive,negative,negative,negative,Immune cells,0.4991182807379646,0.1236226755000537,0.5008817192620353,0.2029873445222964,0.0050513280104285,0.1102052516913198,1.0,174.88639999999998,431.9744,tumor_core,CTA_composition_plus_H&E_patch_feature_proxy,True,-7.249628073218616,7.249628073218616,True,True,False,False,True
AGCTAAGTACGCAGGC-1,1,64,86,10836,8825,29416.6666666667,36120.0,18,16,0,2,0.8888888888888888,0.0,0.1111111111111111,Tumor,0.8888888888888888,True,,positive,negative,negative,negative,Immune cells,0.5078992631216845,0.1241075249789745,0.4921007368783155,0.2181087393406116,0.0227364075824235,0.0906967855368268,1.0,367.12,450.7776,tumor_core,CTA_composition_plus_H&E_patch_feature_proxy,True,-7.238399999999956,7.238399999999956,True,True,False,False,True
AGCTCCATATATGTTC-1,1,57,109,9773,10829,36096.6666666667,32576.6666666667,16,11,0,5,0.6875,0.0,0.3125,Tumor,0.6875,True,,positive,negative,ambiguous,negative,Immune cells,0.504064599062155,0.1226163302525976,0.4959354009378451,0.2302210634946499,0.0251262832002607,0.0736727439513817,1.0,450.4864,406.5568,mixed_boundary,CTA_composition_plus_H&E_patch_feature_proxy,True,0.0,0.0,True,False,True,True,True
AGCTCCTTCGCACATC-1,1,52,86,9015,8824,29413.3333333333,30050.0,17,17,0,0,1.0,0.0,0.0,Tumor,1.0,True,,positive,negative,negative,negative,Immune cells,0.4797892564227907,0.1255347240737952,0.5202107435772092,0.221802183477269,0.0158166313616859,0.0937468944692886,1.0,367.0784,375.024,tumor_core,CTA_composition_plus_H&E_patch_feature_proxy,True,-14.518459598731525,14.518459598731525,False,True,False,False,True
AGCTCGTTGATGGAAA-1,1,16,124,3552,12133,40443.3333333333,11840.0,31,26,5,0,0.8387096774193549,0.1612903225806451,0.0,Tumor,0.8387096774193549,True,,positive,negative,negative,negative,Immune cells,0.5683015588506871,0.1766356908671265,0.4316984411493128,0.1535386453750475,0.0112324154038346,0.1284829721362229,1.0,504.7328,147.76319999999998,tumor_core,CTA_composition_plus_H&E_patch_feature_proxy,True,-7.285702909122747,7.285702909122747,True,True,False,False,True
AGCTCTAGACGTTCCA-1,1,38,76,6892,7951,26503.3333333333,22973.3333333333,32,32,0,0,1.0,0.0,0.0,Tumor,1.0,True,,positive,negative,negative,negative,Immune cells,0.4561910452084804,0.1198093956144522,0.5438089547915196,0.2206506979523111,0.0173374613003096,0.1030424645491724,1.0,330.7616,286.7072,tumor_core,CTA_composition_plus_H&E_patch_feature_proxy,True,-12.60486864667777,12.60486864667777,False,True,False,False,True
AGCTCTTCGTAACCTT-1,1,39,107,7042,10653,35510.0,23473.3333333333,26,26,0,0,1.0,0.0,0.0,Tumor,1.0,True,,positive,negative,negative,negative,Immune cells,0.4019010374232795,0.12506561996385,0.5980989625767203,0.2375319102710336,0.0131443158981043,0.0910904712762297,1.0,443.16479999999996,292.9472,tumor_core,CTA_composition_plus_H&E_patch_feature_proxy,True,-26.26818486306198,26.26818486306198,False,True,False,False,True
AGCTCTTTACTCAGTT-1,1,41,45,7349,5248,17493.3333333333,24496.6666666667,20,20,0,0,1.0,0.0,0.0,Tumor,1.0,True,,positive,negative,negative,negative,Immune cells,0.5116325385186392,0.1212056631777726,0.4883674614813607,0.1903644560317201,0.0063983488132094,0.1079998471123342,1.0,218.3168,305.7184,tumor_core,CTA_composition_plus_H&E_patch_feature_proxy,True,-7.238400000000013,7.238400000000013,True,True,False,False,True
AGCTGTAACCTCAATC-1,1,54,28,9322,3767,12556.6666666667,31073.3333333333,22,22,0,0,1.0,0.0,0.0,Tumor,1.0,True,,positive,negative,negative,negative,Immune cells,0.7257146995455616,0.1555136548480856,0.2742853004544384,0.0978762696214219,0.0119059258052251,0.0878492527615334,1.0,156.7072,387.79519999999997,tumor_core,CTA_composition_plus_H&E_patch_feature_proxy,True,-7.2857029091228105,7.2857029091228105,True,True,False,False,True
AGCTTCTTCTCGAGCA-1,1,68,100,11442,10046,33486.6666666667,38140.0,11,5,3,3,0.4545454545454545,0.2727272727272727,0.2727272727272727,Tumor,0.4545454545454545,True,,ambiguous,ambiguous,ambiguous,ambiguous,Immune cells,0.6725689352379918,0.1523354387696495,0.3274310647620082,0.1521807615012764,0.0313942751615881,0.0899629247410465,1.0,417.9136,475.9872,mixed_boundary,CTA_composition_plus_H&E_patch_feature_proxy,True,0.0,0.0,True,False,True,True,True
AGGAAGCTGTCCGCCG-1,1,61,65,10382,6994,23313.3333333333,34606.6666666667,20,20,0,0,1.0,0.0,0.0,Tumor,1.0,True,,positive,negative,negative,negative,Immune cells,0.491130302536527,0.1190878848157959,0.5088696974634729,0.2239747976753028,0.0166313616859486,0.0739632305163781,1.0,290.9504,431.89119999999997,tumor_core,CTA_composition_plus_H&E_patch_feature_proxy,True,-12.600611845462108,12.600611845462108,False,True,False,False,True
AGGACAGTCGAATCCC-1,1,43,85,7650,8736,29120.0,25500.0,19,19,0,0,1.0,0.0,0.0,Tumor,1.0,True,,positive,negative,negative,negative,Immune cells,0.4732750348523528,0.1235172767537084,0.5267249651476471,0.2096355439682798,0.008103850958666,0.1089324618736383,1.0,363.4176,318.24,tumor_core,CTA_composition_plus_H&E_patch_feature_proxy,True,-14.592115438139862,14.592115438139862,False,True,False,False,True
AGGACGACCCATTAGA-1,1,43,45,7652,5248,17493.3333333333,25506.6666666667,21,16,1,4,0.7619047619047619,0.0476190476190476,0.1904761904761904,Tumor,0.7619047619047619,True,,positive,negative,negative,negative,Immune cells,0.4605000633679141,0.1225954683951148,0.5394999366320858,0.2070718592145999,0.0042040084731953,0.0937048503611971,1.0,218.3168,318.3232,tumor_core,CTA_composition_plus_H&E_patch_feature_proxy,True,-12.543762446730277,12.543762446730277,False,True,False,False,True
AGGAGACATCCACAGT-1,1,24,122,4766,11960,39866.6666666667,15886.6666666667,25,25,0,0,1.0,0.0,0.0,Tumor,1.0,True,,positive,negative,negative,negative,Immune cells,0.4295004797856354,0.1271040847319277,0.5704995202143646,0.2483732551192221,0.0301884742816794,0.0886710239651416,1.0,497.536,198.26559999999998,tumor_core,CTA_composition_plus_H&E_patch_feature_proxy,True,-14.535316219470413,14.535316219470413,False,True,False,False,True
AGGAGAGTCTGGCTAC-1,1,26,126,5069,12309,41030.0,16896.6666666667,19,19,0,0,1.0,0.0,0.0,Tumor,1.0,True,,positive,negative,negative,negative,Immune cells,0.4391142976119348,0.1307327465114408,0.560885702388065,0.2261800010863071,0.0244636358698604,0.0925161487596988,1.0,512.0544,210.8704,tumor_core,CTA_composition_plus_H&E_patch_feature_proxy,True,-7.28000000000003,7.28000000000003,True,True,False,False,True
AGGAGGCCTTCGCGCG-1,1,52,98,9015,9870,32900.0,30050.0,25,25,0,0,1.0,0.0,0.0,Tumor,1.0,True,,positive,negative,negative,negative,Immune cells,0.4522405083917223,0.1261623689325633,0.5477594916082776,0.2213893867796426,0.008169029384607,0.106600924970378,1.0,410.592,375.024,tumor_core,CTA_composition_plus_H&E_patch_feature_proxy,True,-19.222621340493596,19.222621340493596,False,True,False,False,True
AGGATAAAGTCGGGAT-1,1,53,65,9168,6993,23310.0,30560.0,20,20,0,0,1.0,0.0,0.0,Tumor,1.0,True,,positive,negative,negative,negative,Immune cells,0.4895732623612696,0.1160184367486146,0.5104267376387305,0.2075715604801477,0.0097876269621421,0.0864503306195772,1.0,290.9088,381.3888,tumor_core,CTA_composition_plus_H&E_patch_feature_proxy,True,-7.249628073218664,7.249628073218664,True,True,False,False,True
AGGATATAGGGATTTA-1,1,46,96,8105,9695,32316.6666666667,27016.6666666667,23,23,0,0,1.0,0.0,0.0,Tumor,1.0,True,,positive,negative,negative,negative,Immune cells,0.461651548892872,0.1214008223693433,0.538348451107128,0.2206506979523111,0.0060615936125142,0.0901081680235446,1.0,403.31199999999995,337.168,tumor_core,CTA_composition_plus_H&E_patch_feature_proxy,True,-21.841743168529383,21.841743168529383,False,True,False,False,True
AGGATATCCGACTGCA-1,1,71,95,11897,9610,32033.3333333333,39656.6666666667,9,0,3,6,0.0,0.3333333333333333,0.6666666666666666,Stroma,0.6666666666666666,True,,negative,ambiguous,positive,ambiguous,Immune cells,0.7689642061810874,0.1212337479649678,0.2310357938189124,0.1090652327412959,0.0279180924447341,0.0475862859763788,1.0,399.77599999999995,494.91519999999997,immune_enriched,CTA_composition_plus_H&E_patch_feature_proxy,True,7.238399999999956,7.238399999999956,True,False,False,False,True
AGGATTGCTTACGACA-1,1,30,120,5676,11786,39286.6666666667,18920.0,19,19,0,0,1.0,0.0,0.0,Tumor,1.0,True,,positive,negative,negative,negative,Immune cells,0.4134484818858291,0.1297385799007574,0.5865515181141707,0.2449187985443484,0.0236814947585682,0.08783014180331,1.0,490.2976,236.1216,tumor_core,CTA_composition_plus_H&E_patch_feature_proxy,True,-29.106714683728903,29.106714683728903,False,True,False,False,True
AGGCACGTGACTGTCC-1,1,57,115,9772,11352,37840.0,32573.3333333333,12,1,9,2,0.0833333333333333,0.75,0.1666666666666666,Immune cells,0.75,True,,negative,positive,negative,positive,Immune cells,0.5437003240816178,0.1218389355479464,0.4562996759183821,0.2006517842594101,0.0219868556841018,0.0973015326988495,1.0,472.2432,406.5152,immune_enriched,CTA_composition_plus_H&E_patch_feature_proxy,True,12.5437624467303,12.5437624467303,False,False,False,False,True
AGGCAGGGAGCGTACT-1,1,59,49,10079,5599,18663.3333333333,33596.6666666667,24,24,0,0,1.0,0.0,0.0,Tumor,1.0,True,,positive,negative,negative,negative,Immune cells,0.46859305125559,0.1201469275564253,0.5314069487444101,0.2190646895877465,0.0108956602031394,0.096361273554256,1.0,232.9184,419.28639999999996,tumor_core,CTA_composition_plus_H&E_patch_feature_proxy,True,-19.22667214054474,19.22667214054474,False,True,False,False,True
AGGCATTGTCGTAGGG-1,1,49,99,8560,9957,33190.0,28533.3333333333,13,6,1,6,0.4615384615384615,0.0769230769230769,0.4615384615384615,Tumor,0.4615384615384615,True,,ambiguous,negative,ambiguous,negative,Immune cells,0.470034218673619,0.1267936367817529,0.529965781326381,0.2193362663625007,0.0129053283363206,0.0841837709742766,1.0,414.21119999999996,356.096,stroma_rich,CTA_composition_plus_H&E_patch_feature_proxy,True,0.0,0.0,True,False,True,True,True
AGGCCACATTGGTTAC-1,1,46,126,8103,12310,41033.3333333333,27010.0,32,32,0,0,1.0,0.0,0.0,Tumor,1.0,True,,positive,negative,negative,negative,Immune cells,0.4370466931001394,0.1317635213462993,0.5629533068998606,0.2141763076421704,0.0155341915159415,0.0956197683751863,1.0,512.096,337.0848,tumor_core,CTA_composition_plus_H&E_patch_feature_proxy,True,-26.215295492517352,26.215295492517352,False,True,False,False,True
AGGCCTATCATACCAA-1,1,72,52,12051,5861,19536.6666666667,40170.0,26,25,1,0,0.9615384615384616,0.0384615384615384,0.0,Tumor,0.9615384615384616,True,,positive,negative,negative,negative,Immune cells,0.6102366338964025,0.1610350535714824,0.3897633661035974,0.1768399326489598,0.0281136277225571,0.0892405305202003,1.0,243.8176,501.3216,tumor_core,CTA_composition_plus_H&E_patch_feature_proxy,True,-12.600611845462083,12.600611845462083,False,True,False,False,True
AGGCCTGAGAATCTCG-1,1,62,88,10532,8999,29996.6666666667,35106.6666666667,21,17,2,2,0.8095238095238095,0.0952380952380952,0.0952380952380952,Tumor,0.8095238095238095,True,,positive,negative,negative,negative,Immune cells,0.5008527510727283,0.1249908331229105,0.4991472489272717,0.2138178262994948,0.0172614198033784,0.0900737682987425,1.0,374.35839999999996,438.1312,tumor_core,CTA_composition_plus_H&E_patch_feature_proxy,True,-7.285702909122747,7.285702909122747,True,True,False,False,True
AGGCGATAACTGGCGT-1,1,58,122,9924,11963,39876.6666666667,33080.0,23,23,0,0,1.0,0.0,0.0,Tumor,1.0,True,,positive,negative,negative,negative,Immune cells,0.6870457878442235,0.1541363701166489,0.3129542121557764,0.1156482537613383,0.0149475856824724,0.1399877689867369,1.0,497.6608,412.8384,tumor_core,CTA_composition_plus_H&E_patch_feature_proxy,True,-7.238399999999956,7.238399999999956,True,True,False,False,True
AGGCTTCCCGAAGAAG-1,1,50,42,8714,4987,16623.3333333333,29046.6666666667,14,4,6,4,0.2857142857142857,0.4285714285714285,0.2857142857142857,Immune cells,0.4285714285714285,True,,ambiguous,ambiguous,ambiguous,ambiguous,Immune cells,0.4770626256042583,0.1187897401270191,0.5229373743957417,0.2112975938297757,0.0074086144152952,0.098807476206857,1.0,207.45919999999998,362.50239999999997,immune_enriched,CTA_composition_plus_H&E_patch_feature_proxy,True,7.238399999999984,7.238399999999984,True,False,False,False,True
AGGGACCGGCTGCGTT-1,1,36,110,6587,10915,36383.3333333333,21956.6666666667,22,22,0,0,1.0,0.0,0.0,Tumor,1.0,True,,positive,negative,negative,negative,Immune cells,0.3870403563087285,0.1285718389119661,0.6129596436912714,0.2447775786214763,0.0184237683993264,0.0819745442036463,1.0,454.06399999999996,274.0192,tumor_core,CTA_composition_plus_H&E_patch_feature_proxy,True,-47.75745226035406,47.75745226035406,False,True,False,False,True
AGGGACTCTACGCGAC-1,1,55,53,9472,5947,19823.3333333333,31573.3333333333,21,21,0,0,1.0,0.0,0.0,Tumor,1.0,True,,positive,negative,negative,negative,Immune cells,0.4763891152028678,0.1233364577966955,0.5236108847971321,0.2171527890934767,0.0145782412688066,0.0995489813859266,1.0,247.3952,394.0352,tumor_core,CTA_composition_plus_H&E_patch_feature_proxy,True,-12.564646274368396,12.564646274368396,False,True,False,False,True
AGGGAGACATACTTCG-1,1,29,113,5525,11175,37250.0,18416.6666666667,30,29,1,0,0.9666666666666668,0.0333333333333333,0.0,Tumor,0.9666666666666668,True,,positive,negative,negative,negative,Immune cells,0.400343997248022,0.1280890185967673,0.599656002751978,0.2562272554451143,0.0311878768127749,0.0681802545579635,1.0,464.88,229.84,tumor_core,CTA_composition_plus_H&E_patch_feature_proxy,True,-44.17475382523368,44.17475382523368,False,True,False,False,True
AGGGCTGCAGTTACAG-1,1,35,65,6438,6991,23303.3333333333,21460.0,26,26,0,0,1.0,0.0,0.0,Tumor,1.0,True,,positive,negative,negative,negative,Immune cells,0.4904459290641464,0.1239173358465302,0.5095540709358536,0.2162837434142632,0.0279832708706751,0.1126782096854336,1.0,290.8256,267.82079999999996,tumor_core,CTA_composition_plus_H&E_patch_feature_proxy,True,-12.646399999999971,12.646399999999971,False,True,False,False,True
AGGGTCAGAGCACTCG-1,1,68,40,11445,4815,16050.0,38150.0,20,12,8,0,0.6,0.4,0.0,Tumor,0.6,True,,positive,ambiguous,negative,ambiguous,Immune cells,0.4856480727101551,0.1318716596682616,0.5143519272898449,0.1971538754005757,0.0023898756178371,0.1116271069831441,1.0,200.304,476.11199999999997,immune_enriched,CTA_composition_plus_H&E_patch_feature_proxy,True,7.285702909122747,7.285702909122747,True,False,False,False,True
AGGGTCGATGCGAACT-1,1,37,97,6739,9781,32603.3333333333,22463.3333333333,18,17,0,1,0.9444444444444444,0.0,0.0555555555555555,Tumor,0.9444444444444444,True,,positive,negative,negative,negative,Immune cells,0.411319319971756,0.1242826036635015,0.5886806800282439,0.2206941502362718,-7.604149693118202e-05,0.0888353782058632,1.0,406.8896,280.3424,tumor_core,CTA_composition_plus_H&E_patch_feature_proxy,True,-45.39528402642725,45.39528402642725,False,True,False,False,True
AGGGTGCCGTTCTTTA-1,1,65,33,10990,4204,14013.3333333333,36633.3333333333,33,33,0,0,1.0,0.0,0.0,Tumor,1.0,True,,positive,negative,negative,negative,Immune cells,0.5337099197943258,0.1113723917425687,0.4662900802056741,0.1829992939003856,0.0030959752321981,0.0998127126094102,1.0,174.88639999999998,457.18399999999997,tumor_core,CTA_composition_plus_H&E_patch_feature_proxy,True,-7.249628073218616,7.249628073218616,True,True,False,False,True
AGGGTGCTCTCGAGGG-1,1,34,92,6285,9345,31150.0,20950.0,24,23,0,1,0.9583333333333334,0.0,0.0416666666666666,Tumor,0.9583333333333334,True,,positive,negative,negative,negative,Immune cells,0.4371444607390509,0.1211431069364015,0.562855539260949,0.2139807723643473,-0.0005322904785182,0.1050032488628979,1.0,388.752,261.45599999999996,tumor_core,CTA_composition_plus_H&E_patch_feature_proxy,True,-19.25397027939953,19.25397027939953,False,True,False,False,True
AGGGTTCAGACGGTCC-1,1,69,45,11596,5251,17503.3333333333,38653.3333333333,28,28,0,0,1.0,0.0,0.0,Tumor,1.0,True,,positive,negative,negative,negative,Immune cells,0.5052160845871128,0.118998194224567,0.4947839154128871,0.1924284395198522,0.0031937428711096,0.1119863929977449,1.0,218.4416,482.3936,tumor_core,CTA_composition_plus_H&E_patch_feature_proxy,True,-7.285702909122762,7.285702909122762,True,True,False,False,True
AGGGTTCCCTTTGGTT-1,1,30,88,5678,8996,29986.6666666667,18926.6666666667,22,2,20,0,0.0909090909090909,0.9090909090909092,0.0,Immune cells,0.9090909090909092,True,,negative,positive,negative,positive,Immune cells,0.58113446671374,0.1698761730383491,0.41886553328626,0.1503992178588886,0.0058660583346912,0.1597523219814241,1.0,374.23359999999997,236.20479999999998,immune_enriched,CTA_composition_plus_H&E_patch_feature_proxy,True,12.604800000000012,12.604800000000012,False,False,False,False,True
AGGGTTTAGTTCGGGA-1,1,33,63,6134,6817,22723.3333333333,20446.6666666667,16,0,3,13,0.0,0.1875,0.8125,Stroma,0.8125,True,,negative,negative,positive,negative,Immune cells,0.5692321619321783,0.1443021794919854,0.4307678380678218,0.2332627233718972,0.0747162022703818,0.1063563047051179,1.0,283.5872,255.1744,stroma_rich,CTA_composition_plus_H&E_patch_feature_proxy,True,0.0,0.0,True,False,True,True,True
AGGTAGATCGAGATAT-1,1,63,35,10687,4378,14593.3333333333,35623.3333333333,21,20,0,1,0.9523809523809524,0.0,0.0476190476190476,Tumor,0.9523809523809524,True,,positive,negative,negative,negative,Immune cells,0.5163833215650064,0.1273193179069537,0.4836166784349935,0.1908641572972679,0.0026071370376405,0.0947291977219738,1.0,182.1248,444.57919999999996,tumor_core,CTA_composition_plus_H&E_patch_feature_proxy,True,-7.27048521076828,7.27048521076828,True,True,False,False,True
AGGTATAATTGATAGT-1,1,35,109,6435,10827,36090.0,21450.0,22,22,0,0,1.0,0.0,0.0,Tumor,1.0,True,,positive,negative,negative,negative,Immune cells,0.4042184925678489,0.1281423940175216,0.595781507432151,0.2364238770300364,0.0136766063766226,0.0884493368497496,1.0,450.40319999999997,267.69599999999997,tumor_core,CTA_composition_plus_H&E_patch_feature_proxy,True,-52.53636972612403,52.53636972612403,False,True,False,False,True
AGGTATGCGGACATTA-1,1,38,124,6890,12135,40450.0,22966.6666666667,18,18,0,0,1.0,0.0,0.0,Tumor,1.0,True,,positive,negative,negative,negative,Immune cells,0.4560679304039251,0.1270377093202959,0.5439320695960748,0.2259627396665037,0.0226712291564825,0.0755838397737262,1.0,504.816,286.62399999999997,tumor_core,CTA_composition_plus_H&E_patch_feature_proxy,True,-21.877803472926583,21.877803472926583,False,True,False,False,True
AGGTCGCGGAGTTACT-1,1,26,104,5070,10391,34636.6666666667,16900.0,20,11,7,2,0.55,0.35,0.1,Tumor,0.55,True,,ambiguous,ambiguous,negative,ambiguous,Immune cells,0.4966378795285427,0.1616467940520451,0.5033621204714573,0.201031991744066,0.0186953451740807,0.1449451515498987,1.0,432.2656,210.91199999999998,immune_enriched,CTA_composition_plus_H&E_patch_feature_proxy,True,45.3942928430436,45.3942928430436,False,False,False,False,True
AGGTGGTGACCTTCGC-1,1,64,56,10837,6209,20696.6666666667,36123.3333333333,23,23,0,0,1.0,0.0,0.0,Tumor,1.0,True,,positive,negative,negative,negative,Immune cells,0.4945992432060543,0.1210522747753651,0.5054007567939457,0.2119167888762153,0.0100157514529357,0.0914077131827389,1.0,258.2944,450.81919999999997,tumor_core,CTA_composition_plus_H&E_patch_feature_proxy,True,-19.226672140544757,19.226672140544757,False,True,False,False,True
AGGTTACACCATGCCG-1,1,43,115,7649,11351,37836.6666666667,25496.6666666667,23,23,0,0,1.0,0.0,0.0,Tumor,1.0,True,,positive,negative,negative,negative,Immune cells,0.454366049282132,0.1307227802402035,0.545633950717868,0.2411927651947205,0.02893922111781,0.0849826090280166,1.0,472.2016,318.1984,tumor_core,CTA_composition_plus_H&E_patch_feature_proxy,True,-14.535316219470442,14.535316219470442,False,True,False,False,True
AGGTTTCACACACCTT-1,1,41,67,7348,7166,23886.6666666667,24493.3333333333,31,28,0,3,0.9032258064516128,0.0,0.0967741935483871,Tumor,0.9032258064516128,True,,positive,negative,negative,negative,Immune cells,0.4199264932196331,0.1229899138734134,0.5800735067803668,0.2223887893107381,0.0121231872250285,0.1050720483125023,1.0,298.1056,305.6768,tumor_core,CTA_composition_plus_H&E_patch_feature_proxy,True,-25.144369733202677,25.144369733202677,False,True,False,False,True
AGTACAGAAGCTTATA-1,1,71,77,11898,8041,26803.3333333333,39660.0,20,20,0,0,1.0,0.0,0.0,Tumor,1.0,True,,positive,negative,negative,negative,Immune cells,0.5965962377564138,0.1331988679451466,0.4034037622435862,0.1926131117266851,0.0328499266742708,0.1173527500668883,1.0,334.50559999999996,494.9568,tumor_core,CTA_composition_plus_H&E_patch_feature_proxy,True,-7.285702909122775,7.285702909122775,True,True,False,False,True
AGTACATCATTTATCA-1,1,29,109,5525,10827,36090.0,18416.6666666667,29,16,13,0,0.5517241379310345,0.4482758620689655,0.0,Tumor,0.5517241379310345,True,,ambiguous,ambiguous,negative,ambiguous,Immune cells,0.4198178625097314,0.1460893526673595,0.5801821374902685,0.2150670794633642,0.0080169463907446,0.0997668463096739,1.0,450.40319999999997,229.84,immune_enriched,CTA_composition_plus_H&E_patch_feature_proxy,True,52.53636972612404,52.53636972612404,False,False,False,False,True
AGTACTCTTATGCCCA-1,1,56,88,9622,8998,29993.3333333333,32073.3333333333,31,31,0,0,1.0,0.0,0.0,Tumor,1.0,True,,positive,negative,negative,negative,Immune cells,0.461140984556334,0.1268218788076825,0.538859015443666,0.2228233121503449,0.0072130791374721,0.0994648931697435,1.0,374.3168,400.2752,tumor_core,CTA_composition_plus_H&E_patch_feature_proxy,True,-26.15194513301069,26.15194513301069,False,True,False,False,True
AGTAGAAGGCGCCTCA-1,1,70,62,11747,6733,22443.3333333333,39156.6666666667,26,26,0,0,1.0,0.0,0.0,Tumor,1.0,True,,positive,negative,negative,negative,Immune cells,0.4954682888852679,0.1299328853911627,0.5045317111147322,0.2054098093531041,0.0127641084134484,0.093471696670871,1.0,280.0928,488.67519999999996,tumor_core,CTA_composition_plus_H&E_patch_feature_proxy,True,-7.249628073218644,7.249628073218644,True,True,False,False,True
AGTATACACAGCGACA-1,1,64,48,10838,5512,18373.3333333333,36126.6666666667,18,1,15,2,0.0555555555555555,0.8333333333333334,0.1111111111111111,Immune cells,0.8333333333333334,True,,negative,positive,negative,positive,Immune cells,0.5023844440823421,0.1210799377228501,0.4976155559176579,0.2109825647710607,0.0147846396176198,0.0866643733516798,1.0,229.29919999999998,450.8608,immune_enriched,CTA_composition_plus_H&E_patch_feature_proxy,True,7.238400000000013,7.238400000000013,True,False,False,False,True
AGTATGCTGGAGACCA-1,1,58,26,9929,3593,11976.6666666667,33096.6666666667,20,2,0,18,0.1,0.0,0.9,Stroma,0.9,True,,negative,negative,positive,negative,Immune cells,0.7439067224304311,0.1389359389070084,0.2560932775695689,0.0931182445277279,0.0119385150181956,0.0990291633222489,1.0,149.4688,413.0464,stroma_rich,CTA_composition_plus_H&E_patch_feature_proxy,True,7.270485210768231,7.270485210768231,True,False,True,False,True
AGTATTTGGCACGACC-1,1,58,52,9927,5860,19533.3333333333,33090.0,20,20,0,0,1.0,0.0,0.0,Tumor,1.0,True,,positive,negative,negative,negative,Immune cells,0.4604095377763293,0.1222458500451387,0.5395904622236706,0.2200206398348813,0.0118190212373037,0.1082826892940411,1.0,243.77599999999998,412.9632,tumor_core,CTA_composition_plus_H&E_patch_feature_proxy,True,-12.5797877247591,12.5797877247591,False,True,False,False,True
AGTCAAATGATGTGAT-1,1,67,35,11294,4379,14596.6666666667,37646.6666666667,17,16,0,1,0.9411764705882352,0.0,0.0588235294117647,Tumor,0.9411764705882352,True,,positive,negative,negative,negative,Immune cells,0.5143120960295475,0.1225163727340323,0.4856879039704525,0.1834989951659333,-0.0011949378089185,0.1155639643771738,1.0,182.16639999999998,469.8304,tumor_core,CTA_composition_plus_H&E_patch_feature_proxy,True,-7.285702909122796,7.285702909122796,True,True,False,False,True
AGTCAACACCACCATC-1,1,41,47,7349,5423,18076.6666666667,24496.6666666667,24,24,0,0,1.0,0.0,0.0,Tumor,1.0,True,,positive,negative,negative,negative,Immune cells,0.4894501475567142,0.1188469111712664,0.5105498524432857,0.1939275433164955,-0.0022921079789256,0.1051026258456598,1.0,225.5968,305.7184,tumor_core,CTA_composition_plus_H&E_patch_feature_proxy,True,-7.306457067553329,7.306457067553329,True,True,False,False,True
AGTCAAGATGACACTT-1,1,48,90,8408,9172,30573.3333333333,28026.6666666667,22,22,0,0,1.0,0.0,0.0,Tumor,1.0,True,,positive,negative,negative,negative,Immune cells,0.4585483316133471,0.1297653555840007,0.5414516683866529,0.2286893704850361,0.0180326978436804,0.1014524328249818,1.0,381.55519999999996,349.77279999999996,tumor_core,CTA_composition_plus_H&E_patch_feature_proxy,True,-14.571405818245543,14.571405818245543,False,True,False,False,True
AGTCACTAGCTCTCGA-1,1,55,99,9470,9957,33190.0,31566.6666666667,30,30,0,0,1.0,0.0,0.0,Tumor,1.0,True,,positive,negative,negative,negative,Immune cells,0.4789853891695182,0.127561826598862,0.5210146108304817,0.2114714029656184,0.0084623323013415,0.0956159461835416,1.0,414.21119999999996,393.952,tumor_core,CTA_composition_plus_H&E_patch_feature_proxy,True,-21.841743168529383,21.841743168529383,False,True,False,False,True
AGTCCATTGGCTGATG-1,1,42,100,7498,10043,33476.6666666667,24993.3333333333,35,35,0,0,1.0,0.0,0.0,Tumor,1.0,True,,positive,negative,negative,negative,Immune cells,0.4215450907971683,0.1300459588592896,0.5784549092028316,0.224952474064418,0.0075389712671772,0.0908190956694568,1.0,417.7888,311.91679999999997,tumor_core,CTA_composition_plus_H&E_patch_feature_proxy,True,-19.194557361919056,19.194557361919056,False,True,False,False,True
AGTCCCTCGCAGAAAG-1,1,24,124,4766,12134,40446.6666666667,15886.6666666667,26,26,0,0,1.0,0.0,0.0,Tumor,1.0,True,,positive,negative,negative,negative,Immune cells,0.4491626382778412,0.1284968174494496,0.5508373617221589,0.2358155450545869,0.0302427896366302,0.0906318082788671,1.0,504.77439999999996,198.26559999999998,tumor_core,CTA_composition_plus_H&E_patch_feature_proxy,True,-12.604800000000012,12.604800000000012,False,True,False,False,True
AGTCGACGGTCTCAAG-1,1,38,90,6891,9171,30570.0,22970.0,26,26,0,0,1.0,0.0,0.0,Tumor,1.0,True,,positive,negative,negative,negative,Immune cells,0.4136621222819691,0.1271179524434991,0.5863378777180309,0.2165661832600076,0.0044104068220085,0.0998853342506593,1.0,381.5136,286.6656,tumor_core,CTA_composition_plus_H&E_patch_feature_proxy,True,-38.54964508267229,38.54964508267229,False,True,False,False,True
AGTCGGTTGCGTGAGA-1,1,40,112,7194,11089,36963.3333333333,23980.0,31,31,0,0,1.0,0.0,0.0,Tumor,1.0,True,,positive,negative,negative,negative,Immune cells,0.3984284757300889,0.1254561356951299,0.6015715242699111,0.2473847156591168,0.0194774862853728,0.0864273974697091,1.0,461.3024,299.2704,tumor_core,CTA_composition_plus_H&E_patch_feature_proxy,True,-31.657709329640365,31.657709329640365,False,True,False,False,True
AGTCGTATAAAGCAGA-1,1,65,81,10988,8389,27963.3333333333,36626.6666666667,18,18,0,0,1.0,0.0,0.0,Tumor,1.0,True,,positive,negative,negative,negative,Immune cells,0.4909456303296942,0.1209166387341723,0.5090543696703057,0.2184563576122969,0.0135027972407799,0.0891258647708596,1.0,348.9824,457.1008,tumor_core,CTA_composition_plus_H&E_patch_feature_proxy,True,-12.5797877247591,12.5797877247591,False,True,False,False,True
AGTCGTCGACCACCAA-1,1,57,91,9774,9260,30866.6666666667,32580.0,30,30,0,0,1.0,0.0,0.0,Tumor,1.0,True,,positive,negative,negative,negative,Immune cells,0.4608875128998967,0.1242631196656723,0.5391124871001032,0.2306990386182173,0.0144804736298951,0.0831326682719871,1.0,385.216,406.59839999999997,tumor_core,CTA_composition_plus_H&E_patch_feature_proxy,True,-25.209600000000023,25.209600000000023,False,True,False,False,True
AGTCGTGGGCATTACG-1,1,51,29,8867,3854,12846.6666666667,29556.6666666667,18,18,0,0,1.0,0.0,0.0,Tumor,1.0,True,,positive,negative,negative,negative,Immune cells,0.7790849673202614,0.1342571504983144,0.2209150326797385,0.0665037206018141,0.0046602574547824,0.0562550166265336,1.0,160.3264,368.86719999999997,tumor_core,CTA_composition_plus_H&E_patch_feature_proxy,True,-14.556077185835472,14.556077185835472,False,True,False,False,True
AGTCTAAAGTATACTC-1,1,29,111,5525,11001,36670.0,18416.6666666667,33,18,15,0,0.5454545454545454,0.4545454545454545,0.0,Tumor,0.5454545454545454,True,,ambiguous,ambiguous,negative,ambiguous,Immune cells,0.3858707656654536,0.1249141081336823,0.6141292343345462,0.2426049644234425,0.0207376025202324,0.0788021251385544,1.0,457.6416,229.84,immune_enriched,CTA_composition_plus_H&E_patch_feature_proxy,True,50.80695385476282,50.80695385476282,False,False,False,False,True
AGTCTCACAAGACTAC-1,1,54,30,9322,3942,13140.0,31073.3333333333,20,17,3,0,0.85,0.15,0.0,Tumor,0.85,True,,positive,negative,negative,negative,Immune cells,0.6033603099596256,0.1629005126059986,0.3966396900403744,0.1508554668404758,0.006496116452121,0.1213048962274968,1.0,163.9872,387.79519999999997,tumor_core,CTA_composition_plus_H&E_patch_feature_proxy,True,-7.285702909122747,7.285702909122747,True,True,False,False,True
AGTCTTTAAAGTGTCC-1,1,67,77,11291,8040,26800.0,37636.6666666667,7,3,0,4,0.4285714285714285,0.0,0.5714285714285714,Stroma,0.5714285714285714,True,,ambiguous,negative,ambiguous,negative,Immune cells,0.4681621494396465,0.1351592199125434,0.5318378505603535,0.2326761175384281,0.0200097767638911,0.0875434774299583,1.0,334.464,469.7056,stroma_rich,CTA_composition_plus_H&E_patch_feature_proxy,True,0.0,0.0,True,False,True,True,True
AGTGAACAAACTTCTC-1,1,44,102,7801,10218,34060.0,26003.3333333333,20,19,1,0,0.95,0.05,0.0,Tumor,0.95,True,,positive,negative,negative,negative,Immune cells,0.4040808936686401,0.1301372940036658,0.5959191063313598,0.2319808809950573,0.0107761664222475,0.0936398731032373,1.0,425.06879999999995,324.5216,tumor_core,CTA_composition_plus_H&E_patch_feature_proxy,True,-12.564646274368446,12.564646274368446,False,True,False,False,True
AGTGAAGATGGTGTCC-1,1,21,121,4311,11872,39573.3333333333,14370.0,28,28,0,0,1.0,0.0,0.0,Tumor,1.0,True,,positive,negative,negative,negative,Immune cells,0.4432350225408722,0.1265324751593631,0.5567649774591277,0.2290152626147411,0.0186627559611102,0.0933111646217941,1.0,493.87519999999995,179.33759999999998,tumor_core,CTA_composition_plus_H&E_patch_feature_proxy,True,-19.208211577343647,19.208211577343647,False,True,False,False,True
AGTGACCTACTTTACG-1,1,44,52,7804,5859,19530.0,26013.3333333333,23,23,0,0,1.0,0.0,0.0,Tumor,1.0,True,,positive,negative,negative,negative,Immune cells,0.4684626944037079,0.1226968796944895,0.5315373055962921,0.2324914453315952,0.0253000923361034,0.0884722699996177,1.0,243.7344,324.64639999999997,tumor_core,CTA_composition_plus_H&E_patch_feature_proxy,True,-7.306457067553315,7.306457067553315,True,True,False,False,True
AGTGACTGTGACACAA-1,1,66,28,11142,3768,12560.0,37140.0,21,20,0,1,0.9523809523809524,0.0,0.0476190476190476,Tumor,0.9523809523809524,True,,positive,negative,negative,negative,Immune cells,0.604461101153296,0.1537156697244945,0.395538898846704,0.1551681060235728,0.0163271956982238,0.1252646867713947,1.0,156.7488,463.50719999999995,tumor_core,CTA_composition_plus_H&E_patch_feature_proxy,True,-7.238399999999984,7.238399999999984,True,True,False,False,True
AGTGAGACTTCCAGTA-1,1,35,87,6436,8909,29696.6666666667,21453.3333333333,26,26,0,0,1.0,0.0,0.0,Tumor,1.0,True,,positive,negative,negative,negative,Immune cells,0.3957380551481904,0.1230684570589917,0.6042619448518096,0.2212047145728098,0.0043886806800282,0.0932117876390322,1.0,370.6144,267.7376,tumor_core,CTA_composition_plus_H&E_patch_feature_proxy,True,-19.270905340434833,19.270905340434833,False,True,False,False,True
AGTGAGCCTCGCCGCC-1,1,29,103,5525,10304,34346.6666666667,18416.6666666667,23,23,0,0,1.0,0.0,0.0,Tumor,1.0,True,,positive,negative,negative,negative,Immune cells,0.4367932214437021,0.1329888772821778,0.5632067785562979,0.2307750801151485,0.0225951876595513,0.1092153040553453,1.0,428.64639999999997,229.84,tumor_core,CTA_composition_plus_H&E_patch_feature_proxy,True,-57.624634732031055,57.624634732031055,False,True,False,False,True
AGTGAGTCGAATTAAC-1,1,67,109,11290,10830,36100.0,37633.3333333333,33,19,14,0,0.5757575757575758,0.4242424242424242,0.0,Tumor,0.5757575757575758,True,,ambiguous,ambiguous,negative,ambiguous,Immune cells,0.8017996487607046,0.0856198235923309,0.1982003512392952,0.1134647764923144,0.0397588398240182,0.0228605282268852,1.0,450.52799999999996,469.664,immune_enriched,CTA_composition_plus_H&E_patch_feature_proxy,True,12.564646274368396,12.564646274368396,False,False,False,False,True
AGTGATAACCTGCGCG-1,1,59,89,10077,9086,30286.6666666667,33590.0,8,0,4,4,0.0,0.5,0.5,Immune cells,0.5,True,,negative,ambiguous,ambiguous,ambiguous,Immune cells,0.5053935147466188,0.1248303499601699,0.4946064852533811,0.2239096192493618,0.0273640758242355,0.0715246722470664,1.0,377.9776,419.2032,immune_enriched,CTA_composition_plus_H&E_patch_feature_proxy,True,14.535316219470442,14.535316219470442,False,False,False,False,True
AGTGATATGAGTAGTT-1,1,45,49,7956,5597,18656.6666666667,26520.0,18,9,8,1,0.5,0.4444444444444444,0.0555555555555555,Tumor,0.5,True,,ambiguous,ambiguous,negative,ambiguous,Immune cells,0.4797530461861568,0.1144092432014609,0.5202469538138431,0.2138721416544457,0.0116995274564119,0.0731261705461912,1.0,232.8352,330.96959999999996,immune_enriched,CTA_composition_plus_H&E_patch_feature_proxy,True,12.646399999999971,12.646399999999971,False,False,False,False,True
AGTGATTCAAGCAGGA-1,1,33,87,6133,8909,29696.6666666667,20443.3333333333,34,26,6,2,0.7647058823529411,0.1764705882352941,0.0588235294117647,Tumor,0.7647058823529411,True,,positive,negative,negative,negative,Immune cells,0.4406604747162023,0.1331072536871313,0.5593395252837977,0.2022052034110043,0.0005540166204986,0.1098956541680999,1.0,370.6144,255.13279999999997,tumor_core,CTA_composition_plus_H&E_patch_feature_proxy,True,-7.285702909122747,7.285702909122747,True,True,False,False,True
AGTGCACGCTTAAGAA-1,1,52,96,9015,9696,32320.0,30050.0,24,24,0,0,1.0,0.0,0.0,Tumor,1.0,True,,positive,negative,negative,negative,Immune cells,0.4712834718374884,0.1240033287329915,0.5287165281625116,0.2101243821628374,0.0032046059420998,0.1116538623246569,1.0,403.3536,375.024,tumor_core,CTA_composition_plus_H&E_patch_feature_proxy,True,-21.8210142239081,21.8210142239081,False,True,False,False,True
AGTGCGTAGCTCGTAA-1,1,46,42,8108,4987,16623.3333333333,27026.6666666667,28,18,3,7,0.6428571428571429,0.1071428571428571,0.25,Tumor,0.6428571428571429,True,,positive,negative,ambiguous,negative,Immune cells,0.4504082704180472,0.1152388695867667,0.5495917295819527,0.2160664819944598,0.0122318179349302,0.0838550624928333,1.0,207.45919999999998,337.2928,mixed_boundary,CTA_composition_plus_H&E_patch_feature_proxy,True,0.0,0.0,True,False,True,True,True
AGTGCTAAACACAGCA-1,1,61,91,10380,9260,30866.6666666667,34600.0,13,1,0,12,0.0769230769230769,0.0,0.9230769230769232,Stroma,0.9230769230769232,True,,negative,negative,positive,negative,Immune cells,0.5048503611971105,0.12788028178437,0.4951496388028896,0.2064418010971702,0.0104502742925425,0.0868745938921377,1.0,385.216,431.808,stroma_rich,CTA_composition_plus_H&E_patch_feature_proxy,True,0.0,0.0,True,False,True,True,True
AGTGCTTGCACGAATA-1,1,41,89,7347,9084,30280.0,24490.0,25,25,0,0,1.0,0.0,0.0,Tumor,1.0,True,,positive,negative,negative,negative,Immune cells,0.4925931960965365,0.1219971586835532,0.5074068039034635,0.1961001575145293,0.0029873445222964,0.1059205748576233,1.0,377.89439999999996,305.6352,tumor_core,CTA_composition_plus_H&E_patch_feature_proxy,True,-33.3313883251208,33.3313883251208,False,True,False,False,True
AGTGGCGTCTGAAGGT-1,1,62,86,10532,8825,29416.6666666667,35106.6666666667,23,13,7,3,0.5652173913043478,0.3043478260869565,0.1304347826086956,Tumor,0.5652173913043478,True,,ambiguous,ambiguous,negative,ambiguous,Immune cells,0.5015298824977821,0.1219296636576048,0.4984701175022178,0.2170658845255554,0.0183260007604149,0.0783014180331001,1.0,367.12,438.1312,immune_enriched,CTA_composition_plus_H&E_patch_feature_proxy,True,7.285702909122747,7.285702909122747,True,False,False,False,True
AGTTAAACACTTGCGA-1,1,40,44,7197,5161,17203.3333333333,23990.0,25,24,1,0,0.96,0.04,0.0,Tumor,0.96,True,,positive,negative,negative,negative,Immune cells,0.5194865388445313,0.1162345707021867,0.4805134611554686,0.1836402150888055,0.0039107055564608,0.1105645377059205,1.0,214.6976,299.3952,tumor_core,CTA_composition_plus_H&E_patch_feature_proxy,True,-7.238399999999984,7.238399999999984,True,True,False,False,True
AGTTCCTATTTATGTT-1,1,43,65,7651,6992,23306.6666666667,25503.3333333333,22,20,0,2,0.9090909090909092,0.0,0.0909090909090909,Tumor,0.9090909090909092,True,,positive,negative,negative,negative,Immune cells,0.4388608259554976,0.124649630616132,0.5611391740445023,0.2233990549128238,0.0135353864537504,0.0919466422046401,1.0,290.86719999999997,318.28159999999997,tumor_core,CTA_composition_plus_H&E_patch_feature_proxy,True,-21.85710872736832,21.85710872736832,False,True,False,False,True
AGTTGACGGTCCTTGC-1,1,65,63,10989,6820,22733.3333333333,36630.0,29,29,0,0,1.0,0.0,0.0,Tumor,1.0,True,,positive,negative,negative,negative,Immune cells,0.5441312258975612,0.1136539321454599,0.4558687741024387,0.2033675520069523,0.0221715278909347,0.0795550968925582,1.0,283.712,457.14239999999995,tumor_core,CTA_composition_plus_H&E_patch_feature_proxy,True,-12.604800000000012,12.604800000000012,False,True,False,False,True
AGTTGGCAAGGCTAGA-1,1,68,106,11441,10569,35230.0,38136.6666666667,16,12,3,1,0.75,0.1875,0.0625,Tumor,0.75,True,,positive,negative,negative,negative,Immune cells,0.8050911592707259,0.077913911067863,0.194908840729274,0.1162022703818369,0.0424637445005703,0.0189618927493024,1.0,439.6704,475.94559999999996,tumor_core,CTA_composition_plus_H&E_patch_feature_proxy,True,-7.285702909122825,7.285702909122825,True,True,False,False,True
AGTTTATGTAAAGACA-1,1,25,121,4918,11873,39576.6666666667,16393.3333333333,29,29,0,0,1.0,0.0,0.0,Tumor,1.0,True,,positive,negative,negative,negative,Immune cells,0.4298987923886082,0.1287941157726988,0.5701012076113917,0.249003313236652,0.0290152626147411,0.0808546420517524,1.0,493.91679999999997,204.5888,tumor_core,CTA_composition_plus_H&E_patch_feature_proxy,True,-12.543762446730238,12.543762446730238,False,True,False,False,True
AGTTTGCACCTGCCTC-1,1,58,74,9926,7778,25926.6666666667,33086.6666666667,25,25,0,0,1.0,0.0,0.0,Tumor,1.0,True,,positive,negative,negative,negative,Immune cells,0.4970832654391396,0.119805642456912,0.5029167345608604,0.2221172125359839,0.0150453533213839,0.0830791575889615,1.0,323.5648,412.92159999999996,tumor_core,CTA_composition_plus_H&E_patch_feature_proxy,True,-12.600611845462108,12.600611845462108,False,True,False,False,True
AGTTTGGCACGGGTTG-1,1,48,102,8408,10218,34060.0,28026.6666666667,23,23,0,0,1.0,0.0,0.0,Tumor,1.0,True,,positive,negative,negative,negative,Immune cells,0.4394981261202542,0.1312286903359488,0.5605018738797458,0.2338493292053664,0.0172505567323882,0.0814432595650345,1.0,425.06879999999995,349.77279999999996,tumor_core,CTA_composition_plus_H&E_patch_feature_proxy,True,-12.564646274368425,12.564646274368425,False,True,False,False,True
AGTTTGGCCAGACCTA-1,1,47,31,8260,4028,13426.6666666667,27533.3333333333,35,34,0,1,0.9714285714285714,0.0,0.0285714285714285,Tumor,0.9714285714285714,True,,positive,negative,negative,negative,Immune cells,0.6802672315463582,0.1726357234380535,0.3197327684536418,0.10482863505513,-0.0045407636738906,0.0623017238084317,1.0,167.5648,343.616,tumor_core,CTA_composition_plus_H&E_patch_feature_proxy,True,-7.285702909122762,7.285702909122762,True,True,False,False,True
ATAAACGGACCCGTAA-1,1,47,61,8258,6644,22146.6666666667,27526.6666666667,25,25,0,0,1.0,0.0,0.0,Tumor,1.0,True,,positive,negative,negative,negative,Immune cells,0.4857494613727301,0.1176878236627146,0.5142505386272699,0.203280647439031,0.0031611536581391,0.1019990062301723,1.0,276.3904,343.5328,tumor_core,CTA_composition_plus_H&E_patch_feature_proxy,True,-7.249628073218664,7.249628073218664,True,True,False,False,True
ATAAACGTTGCACCAC-1,1,57,107,9773,10655,35516.6666666667,32576.6666666667,13,13,0,0,1.0,0.0,0.0,Tumor,1.0,True,,positive,negative,negative,negative,Immune cells,0.5153730559629207,0.1197238431397729,0.4846269440370793,0.2222584324588561,0.0215523328444951,0.0788021251385544,1.0,443.248,406.5568,tumor_core,CTA_composition_plus_H&E_patch_feature_proxy,True,-7.238400000000013,7.238400000000013,True,True,False,False,True
ATAAAGGCTCGGTCGT-1,1,34,50,6287,5683,18943.3333333333,20956.6666666667,31,31,0,0,1.0,0.0,0.0,Tumor,1.0,True,,positive,negative,negative,negative,Immune cells,0.5029927760577916,0.1128062177340479,0.4970072239422084,0.1964369127152245,0.0097007223942208,0.0909528723770209,1.0,236.41279999999998,261.5392,tumor_core,CTA_composition_plus_H&E_patch_feature_proxy,True,-12.600611845462122,12.600611845462122,False,True,False,False,True
ATAACGCCGGAGGGTC-1,1,35,81,6437,8386,27953.3333333333,21456.6666666667,27,27,0,0,1.0,0.0,0.0,Tumor,1.0,True,,positive,negative,negative,negative,Immune cells,0.4757373309434577,0.1163068209006252,0.5242626690565423,0.207332572918364,0.0084188800173809,0.0945801322478308,1.0,348.8576,267.7792,tumor_core,CTA_composition_plus_H&E_patch_feature_proxy,True,-7.238400000000013,7.238400000000013,True,True,False,False,True
ATAACGTTACCTCCAC-1,1,10,114,2643,11261,37536.6666666667,8810.0,0,0,0,0,0.0,0.0,0.0,unmapped,0.0,False,no_CTA_object_captured,excluded,excluded,excluded,excluded,Immune cells,0.8187098292687341,0.0637243227788269,0.1812901707312657,0.0463853131280212,0.0104394112215523,0.0610136452241715,1.0,468.45759999999996,109.94879999999999,unmapped_or_excluded,CTA_composition_plus_H&E_patch_feature_proxy,True,50.82576933800414,50.82576933800414,False,False,False,False,True
ATAAGGTGGAGAACAT-1,1,50,72,8713,7603,25343.3333333333,29043.3333333333,18,18,0,0,1.0,0.0,0.0,Tumor,1.0,True,,positive,negative,negative,negative,Immune cells,0.4724277153151195,0.119082946749542,0.5275722846848805,0.2089077182119385,-0.0008473195372331,0.0903642548637388,1.0,316.28479999999996,362.4608,tumor_core,CTA_composition_plus_H&E_patch_feature_proxy,True,-31.6331006384135,31.6331006384135,False,True,False,False,True
ATAAGTAGGATTCAGA-1,1,27,103,5222,10303,34343.3333333333,17406.6666666667,23,23,0,0,1.0,0.0,0.0,Tumor,1.0,True,,positive,negative,negative,negative,Immune cells,0.4403526877048141,0.1286960025532489,0.5596473122951857,0.2318070718592145,0.0233664656998533,0.0941711577418491,1.0,428.60479999999995,217.2352,tumor_core,CTA_composition_plus_H&E_patch_feature_proxy,True,-52.460634963751666,52.460634963751666,False,True,False,False,True
ATAAGTAGGGCGACTC-1,1,36,108,6587,10740,35800.0,21956.6666666667,24,24,0,0,1.0,0.0,0.0,Tumor,1.0,True,,positive,negative,negative,negative,Immune cells,0.3950174714391758,0.1295271871499586,0.604982528560824,0.2443430557818695,0.0181521916245722,0.0967473149103695,1.0,446.784,274.0192,tumor_core,CTA_composition_plus_H&E_patch_feature_proxy,True,-45.49383683973026,45.49383683973026,False,True,False,False,True
ATAAGTTACCGCGACG-1,1,46,52,8107,5859,19530.0,27023.3333333333,28,28,0,0,1.0,0.0,0.0,Tumor,1.0,True,,positive,negative,negative,negative,Immune cells,0.4545434794416381,0.1196304694352044,0.5454565205583618,0.2300038020748465,0.0165770463309977,0.0873982341474601,1.0,243.7344,337.2512,tumor_core,CTA_composition_plus_H&E_patch_feature_proxy,True,-19.278761387599562,19.278761387599562,False,True,False,False,True
ATAATAGCTGTTGAAT-1,1,47,63,8258,6818,22726.6666666667,27526.6666666667,27,27,0,0,1.0,0.0,0.0,Tumor,1.0,True,,positive,negative,negative,negative,Immune cells,0.4951749859685332,0.1194011189595588,0.5048250140314666,0.2027592200315028,0.0059746890445929,0.1056683102090738,1.0,283.6288,343.5328,tumor_core,CTA_composition_plus_H&E_patch_feature_proxy,True,-7.249628073218693,7.249628073218693,True,True,False,False,True
ATAATCTTGGAGAACC-1,1,61,77,10381,8040,26800.0,34603.3333333333,11,3,0,8,0.2727272727272727,0.0,0.7272727272727273,Stroma,0.7272727272727273,True,,ambiguous,negative,positive,negative,Immune cells,0.5103579381891261,0.1200603059557889,0.4896420618108739,0.2178914779208082,0.0180652870566509,0.0874823223636433,1.0,334.464,431.84959999999995,stroma_rich,CTA_composition_plus_H&E_patch_feature_proxy,True,0.0,0.0,True,False,True,True,True
ATAATTAGCTAAGTAG-1,1,64,64,10837,6907,23023.3333333333,36123.3333333333,30,30,0,0,1.0,0.0,0.0,Tumor,1.0,True,,positive,negative,negative,negative,Immune cells,0.5201926384588923,0.1179928813489533,0.4798073615411076,0.2180544239856607,0.0224756938786594,0.0864541528112219,1.0,287.33119999999997,450.81919999999997,tumor_core,CTA_composition_plus_H&E_patch_feature_proxy,True,-19.226672140544757,19.226672140544757,False,True,False,False,True
ATACAGGCCCTCCAAT-1,1,56,72,9623,7604,25346.6666666667,32076.6666666667,15,13,0,2,0.8666666666666667,0.0,0.1333333333333333,Tumor,0.8666666666666667,True,,positive,negative,negative,negative,Immune cells,0.5234841489689136,0.1168320769408201,0.4765158510310864,0.2083971538754006,0.0131334528271142,0.0793028322440087,1.0,316.3264,400.3168,tumor_core,CTA_composition_plus_H&E_patch_feature_proxy,True,-7.238400000000013,7.238400000000013,True,True,False,False,True
ATACCTAACCAAGAAA-1,1,58,64,9927,6906,23020.0,33090.0,19,18,1,0,0.9473684210526316,0.0526315789473684,0.0,Tumor,0.9473684210526316,True,,positive,negative,negative,negative,Immune cells,0.4933934423261455,0.1170870664152887,0.5066065576738543,0.2171310629514963,0.0158600836456466,0.0884378702748155,1.0,287.2896,412.9632,tumor_core,CTA_composition_plus_H&E_patch_feature_proxy,True,-14.535316219470442,14.535316219470442,False,True,False,False,True
ATACGAAGGCTTTCCA-1,1,37,123,6738,12048,40160.0,22460.0,31,31,0,0,1.0,0.0,0.0,Tumor,1.0,True,,positive,negative,negative,negative,Immune cells,0.4650842793257653,0.1302827985161213,0.5349157206742347,0.2263972625061104,0.0220194448970724,0.0786912815808584,1.0,501.1968,280.3008,tumor_core,CTA_composition_plus_H&E_patch_feature_proxy,True,-19.25397027939949,19.25397027939949,False,True,False,False,True
ATACGCCGGCGAAACC-1,1,40,78,7195,8125,27083.3333333333,23983.3333333333,25,25,0,0,1.0,0.0,0.0,Tumor,1.0,True,,positive,negative,negative,negative,Immune cells,0.450955044991219,0.1222467848999383,0.549044955008781,0.2232686980609418,0.0170007060996143,0.1112334212437411,1.0,338.0,299.312,tumor_core,CTA_composition_plus_H&E_patch_feature_proxy,True,-26.23970907155797,26.23970907155797,False,True,False,False,True
ATACGTACTTAGCCAC-1,1,55,77,9471,8039,26796.6666666667,31570.0,18,18,0,0,1.0,0.0,0.0,Tumor,1.0,True,,positive,negative,negative,negative,Immune cells,0.5056397443557293,0.1238653139722921,0.4943602556442706,0.2168594861767421,0.0167182662538699,0.0940947139089554,1.0,334.4224,393.99359999999996,tumor_core,CTA_composition_plus_H&E_patch_feature_proxy,True,-12.564646274368425,12.564646274368425,False,True,False,False,True
ATACGTCCACTCCTGT-1,1,47,93,8257,9433,31443.3333333333,27523.3333333333,26,26,0,0,1.0,0.0,0.0,Tumor,1.0,True,,positive,negative,negative,negative,Immune cells,0.4638531312802129,0.1227947914561321,0.5361468687197871,0.2160013035685188,0.0077996849709412,0.0926537476589076,1.0,392.4128,343.4912,tumor_core,CTA_composition_plus_H&E_patch_feature_proxy,True,-25.18037381771761,25.18037381771761,False,True,False,False,True
ATACGTTATGCACGGA-1,1,63,63,10685,6820,22733.3333333333,35616.6666666667,22,22,0,0,1.0,0.0,0.0,Tumor,1.0,True,,positive,negative,negative,negative,Immune cells,0.5091086850252566,0.1203800836948322,0.4908913149747433,0.2226060507305415,0.0216283743414263,0.081351526965562,1.0,283.712,444.496,tumor_core,CTA_composition_plus_H&E_patch_feature_proxy,True,-12.57978772475913,12.57978772475913,False,True,False,False,True
ATACTACCCGTACCAC-1,1,59,105,10076,10481,34936.6666666667,33586.6666666667,21,21,0,0,1.0,0.0,0.0,Tumor,1.0,True,,positive,negative,negative,negative,Immune cells,0.4992088063295492,0.1289750602773909,0.5007911936704506,0.2061593612514258,0.0084840584433219,0.0978289951458166,1.0,436.0096,419.16159999999996,tumor_core,CTA_composition_plus_H&E_patch_feature_proxy,True,-12.5797877247591,12.5797877247591,False,True,False,False,True
ATACTGCCTTACACCG-1,1,58,84,9926,8650,28833.3333333333,33086.6666666667,24,24,0,0,1.0,0.0,0.0,Tumor,1.0,True,,positive,negative,negative,negative,Immune cells,0.4769539948943566,0.1208959010219349,0.5230460051056434,0.2210417685079572,0.0096898593232306,0.0854030501089324,1.0,359.84,412.92159999999996,tumor_core,CTA_composition_plus_H&E_patch_feature_proxy,True,-12.600611845462108,12.600611845462108,False,True,False,False,True
ATAGACGAAGAGAAAG-1,1,33,45,6135,5247,17490.0,20450.0,20,16,1,3,0.8,0.05,0.15,Tumor,0.8,True,,positive,negative,negative,negative,Immune cells,0.4978255752901344,0.1124284339545726,0.5021744247098655,0.1990331866818749,0.0116886643854217,0.0767266750754882,1.0,218.27519999999998,255.21599999999998,tumor_core,CTA_composition_plus_H&E_patch_feature_proxy,True,-7.249628073218654,7.249628073218654,True,True,False,False,True
ATAGCAACTAGGGAAG-1,1,62,98,10532,9871,32903.3333333333,35106.6666666667,27,27,0,0,1.0,0.0,0.0,Tumor,1.0,True,,positive,negative,negative,negative,Immune cells,0.5438560280991437,0.1220904166166761,0.4561439719008563,0.1970017924067134,0.0119167888762153,0.0943584451324389,1.0,410.6336,438.1312,tumor_core,CTA_composition_plus_H&E_patch_feature_proxy,True,-7.28000000000003,7.28000000000003,True,True,False,False,True
ATAGGCGGCTATAGAA-1,1,43,33,7653,4202,14006.6666666667,25510.0,23,23,0,0,1.0,0.0,0.0,Tumor,1.0,True,,positive,negative,negative,negative,Immune cells,0.5519707421287998,0.1770558486116105,0.4480292578712003,0.1598609526913258,-0.0055618923469664,0.1177808355310935,1.0,174.8032,318.3648,tumor_core,CTA_composition_plus_H&E_patch_feature_proxy,True,-19.22262134049358,19.22262134049358,False,True,False,False,True
ATAGTGAAGCGTTCTC-1,1,41,57,7348,6294,20980.0,24493.3333333333,24,24,0,0,1.0,0.0,0.0,Tumor,1.0,True,,positive,negative,negative,negative,Immune cells,0.4806365759600238,0.1118500400776187,0.519363424039976,0.2046711205257726,-0.0057465645537993,0.0974238428314795,1.0,261.8304,305.6768,tumor_core,CTA_composition_plus_H&E_patch_feature_proxy,True,-7.249628073218693,7.249628073218693,True,True,False,False,True
ATAGTTCCACCCACTC-1,1,38,102,6891,10217,34056.6666666667,22970.0,27,27,0,0,1.0,0.0,0.0,Tumor,1.0,True,,positive,negative,negative,negative,Immune cells,0.3977078920210743,0.122595466042174,0.6022921079789256,0.23151376894248,0.0082885231654988,0.0925390819095669,1.0,425.0272,286.6656,tumor_core,CTA_composition_plus_H&E_patch_feature_proxy,True,-33.363303740487105,33.363303740487105,False,True,False,False,True
ATATAAAGCGCTCGTG-1,1,58,68,9927,7255,24183.3333333333,33090.0,28,28,0,0,1.0,0.0,0.0,Tumor,1.0,True,,positive,negative,negative,negative,Immune cells,0.5210182318541452,0.1140177723954,0.4789817681458548,0.2058769214056814,0.0117647058823529,0.0818598784543057,1.0,301.808,412.9632,tumor_core,CTA_composition_plus_H&E_patch_feature_proxy,True,-7.249628073218664,7.249628073218664,True,True,False,False,True
ATATAAATGTAGCTGC-1,1,54,74,9319,7778,25926.6666666667,31063.3333333333,26,26,0,0,1.0,0.0,0.0,Tumor,1.0,True,,positive,negative,negative,negative,Immune cells,0.4942480039107055,0.1202422766400091,0.5057519960892944,0.2193362663625007,0.0150670794633642,0.0902495891143982,1.0,323.5648,387.6704,tumor_core,CTA_composition_plus_H&E_patch_feature_proxy,True,-12.646400000000028,12.646400000000028,False,True,False,False,True
ATATAACACGGGCGCA-1,1,66,94,11139,9522,31740.0,37130.0,27,25,2,0,0.925925925925926,0.074074074074074,0.0,Tumor,0.925925925925926,True,,positive,negative,negative,negative,Immune cells,0.5007694675284702,0.12155005686713,0.4992305324715296,0.2021617511270436,0.0019010374232795,0.0941329358254022,1.0,396.11519999999996,463.38239999999996,tumor_core,CTA_composition_plus_H&E_patch_feature_proxy,True,-7.249628073218664,7.249628073218664,True,True,False,False,True
ATATACGCTCGTGACG-1,1,62,108,10531,10743,35810.0,35103.3333333333,11,5,2,4,0.4545454545454545,0.1818181818181818,0.3636363636363636,Tumor,0.4545454545454545,True,,ambiguous,negative,ambiguous,negative,Immune cells,0.5509170242427535,0.1189974620431939,0.4490829757572466,0.1904079083156808,0.0132963988919667,0.1056644880174292,1.0,446.9088,438.08959999999996,stroma_rich,CTA_composition_plus_H&E_patch_feature_proxy,True,0.0,0.0,True,False,True,True,True
ATATCAACCTACAGAG-1,1,37,105,6739,10479,34930.0,22463.3333333333,21,15,6,0,0.7142857142857143,0.2857142857142857,0.0,Tumor,0.7142857142857143,True,,positive,ambiguous,negative,ambiguous,Immune cells,0.4077345065450002,0.1275900865436466,0.5922654934549997,0.2388137526478735,0.0178371625658573,0.0993922715284944,1.0,435.9264,280.3424,tumor_core,CTA_composition_plus_H&E_patch_feature_proxy,True,-37.855999999999995,37.855999999999995,False,True,False,False,True
ATATCGGTAGGGAGAT-1,1,38,110,6890,10915,36383.3333333333,22966.6666666667,20,20,0,0,1.0,0.0,0.0,Tumor,1.0,True,,positive,negative,negative,negative,Immune cells,0.3970054134303767,0.1279384261132443,0.6029945865696232,0.2425180598555211,0.018912606593884,0.0900508351488743,1.0,454.06399999999996,286.62399999999997,tumor_core,CTA_composition_plus_H&E_patch_feature_proxy,True,-36.413119464281,36.413119464281,False,True,False,False,True
ATATCGTTCCTCGAAC-1,1,58,92,9925,9347,31156.6666666667,33083.3333333333,22,22,0,0,1.0,0.0,0.0,Tumor,1.0,True,,positive,negative,negative,negative,Immune cells,0.476548440244057,0.1247894000093815,0.523451559755943,0.224116017598175,0.0138612785834555,0.0817528570882543,1.0,388.8352,412.88,tumor_core,CTA_composition_plus_H&E_patch_feature_proxy,True,-19.270905340434833,19.270905340434833,False,True,False,False,True
ATATCTTAGGGCCTTC-1,1,35,61,6438,6643,22143.3333333333,21460.0,19,9,5,5,0.4736842105263157,0.2631578947368421,0.2631578947368421,Tumor,0.4736842105263157,True,,ambiguous,ambiguous,ambiguous,ambiguous,Immune cells,0.4640015932504119,0.1344419664683959,0.535998406749588,0.2416272880343273,0.047851827711694,0.0829912471811336,1.0,276.3488,267.82079999999996,mixed_boundary,CTA_composition_plus_H&E_patch_feature_proxy,True,0.0,0.0,True,False,True,True,True
ATATGGGATAGCAACT-1,1,71,55,11899,6123,20410.0,39663.3333333333,9,5,0,4,0.5555555555555556,0.0,0.4444444444444444,Tumor,0.5555555555555556,True,,ambiguous,negative,ambiguous,negative,Immune cells,0.5277678199627035,0.1116480690563942,0.4722321800372965,0.2003476182716854,0.0173591874422899,0.091468868249054,1.0,254.71679999999998,494.9984,stroma_rich,CTA_composition_plus_H&E_patch_feature_proxy,True,0.0,0.0,True,False,True,True,True
ATATGTCTAGAGCGTG-1,1,74,68,12354,7256,24186.6666666667,41180.0,25,0,25,0,0.0,1.0,0.0,Immune cells,1.0,True,,negative,positive,negative,positive,Immune cells,0.7226839027393043,0.1370874778426596,0.2773160972606955,0.1306284286567812,0.0329042420292216,0.0712418300653594,1.0,301.8496,513.9264,immune_enriched,CTA_composition_plus_H&E_patch_feature_proxy,True,19.25397027939949,19.25397027939949,False,False,False,False,True
ATATGTCTCCCTAGCC-1,1,35,97,6436,9781,32603.3333333333,21453.3333333333,22,20,2,0,0.9090909090909092,0.0909090909090909,0.0,Tumor,0.9090909090909092,True,,positive,negative,negative,negative,Immune cells,0.4079952202487643,0.1246971967855876,0.5920047797512356,0.2151974363152463,-0.0045516267448807,0.0966402935443183,1.0,406.8896,267.7376,tumor_core,CTA_composition_plus_H&E_patch_feature_proxy,True,-37.74498006357932,37.74498006357932,False,True,False,False,True
ATATTCAGTTAAACCT-1,1,44,40,7804,4813,16043.3333333333,26013.3333333333,27,26,1,0,0.9629629629629628,0.037037037037037,0.0,Tumor,0.9629629629629628,True,,positive,negative,negative,negative,Immune cells,0.4178407835895207,0.1199044797962362,0.5821592164104792,0.2234316441257943,0.0042691868991363,0.0943508007491495,1.0,200.2208,324.64639999999997,tumor_core,CTA_composition_plus_H&E_patch_feature_proxy,True,-14.535316219470428,14.535316219470428,False,True,False,False,True
ATATTCCACATAGTGA-1,1,51,77,8864,8039,26796.6666666667,29546.6666666667,16,16,0,0,1.0,0.0,0.0,Tumor,1.0,True,,positive,negative,negative,negative,Immune cells,0.4679412669961797,0.1251272061620518,0.5320587330038202,0.2253652707620444,0.0147085981206887,0.1000076443832893,1.0,334.4224,368.7424,tumor_core,CTA_composition_plus_H&E_patch_feature_proxy,True,-19.2082115773437,19.2082115773437,False,True,False,False,True
ATATTGGAGAGGCCTT-1,1,59,121,10075,11876,39586.6666666667,33583.3333333333,20,0,16,4,0.0,0.8,0.2,Immune cells,0.8,True,,negative,positive,negative,positive,Immune cells,0.7173175456701608,0.1384390597609851,0.2826824543298389,0.1079680625712889,0.0165553201890174,0.1158926728586171,1.0,494.04159999999996,419.12,immune_enriched,CTA_composition_plus_H&E_patch_feature_proxy,True,12.543762446730252,12.543762446730252,False,False,False,False,True
ATATTTAACCCTCAAG-1,1,31,55,5831,6119,20396.6666666667,19436.6666666667,6,0,0,6,0.0,0.0,1.0,Stroma,1.0,True,,negative,negative,positive,negative,Immune cells,0.6391541288722322,0.1076168151127976,0.3608458711277678,0.1676063223073162,0.0351528977241866,0.0839620838588846,1.0,254.5504,242.56959999999998,stroma_rich,CTA_composition_plus_H&E_patch_feature_proxy,True,14.571405818245546,14.571405818245546,False,False,True,False,True
ATCAAACACTGTTCCA-1,1,47,107,8256,10654,35513.3333333333,27520.0,31,31,0,0,1.0,0.0,0.0,Tumor,1.0,True,,positive,negative,negative,negative,Immune cells,0.4375644994840041,0.1270770346322371,0.5624355005159959,0.2227146814404432,0.0059638259736027,0.083675419485533,1.0,443.2064,343.4496,tumor_core,CTA_composition_plus_H&E_patch_feature_proxy,True,-12.604800000000012,12.604800000000012,False,True,False,False,True
ATCAAACGAAGGTTTG-1,1,49,33,8563,4203,14010.0,28543.3333333333,29,29,0,0,1.0,0.0,0.0,Tumor,1.0,True,,positive,negative,negative,negative,Immune cells,0.5037894012637372,0.1630680856433831,0.4962105987362626,0.1817283145945358,-0.0003476182716854,0.103306195772656,1.0,174.8448,356.2208,tumor_core,CTA_composition_plus_H&E_patch_feature_proxy,True,-12.57978772475913,12.57978772475913,False,True,False,False,True
ATCAAAGAGCCGTGGT-1,1,76,62,12657,6734,22446.6666666667,42190.0,10,8,2,0,0.8,0.2,0.0,Tumor,0.8,True,,positive,negative,negative,negative,Immune cells,0.7824380352325603,0.0806064381395432,0.2175619647674397,0.1301504535332138,0.0558579110314486,0.033619997706685,1.0,280.13439999999997,526.5312,tumor_core,CTA_composition_plus_H&E_patch_feature_proxy,True,-14.556077185835521,14.556077185835521,False,True,False,False,True
ATCAAGATCCCAGGAC-1,1,72,58,12051,6384,21280.0,40170.0,20,17,2,1,0.85,0.1,0.05,Tumor,0.85,True,,positive,negative,negative,negative,Immune cells,0.5441855412525121,0.1204608242585659,0.4558144587474879,0.1874748791483352,0.0130030959752321,0.1040018346519894,1.0,265.57439999999997,501.3216,tumor_core,CTA_composition_plus_H&E_patch_feature_proxy,True,-7.285702909122747,7.285702909122747,True,True,False,False,True
ATCAATCTGGGCTGCA-1,1,33,65,6134,6991,23303.3333333333,20446.6666666667,12,0,0,12,0.0,0.0,1.0,Stroma,1.0,True,,negative,negative,positive,negative,Immune cells,0.5746854235692429,0.1515724128735635,0.4253145764307569,0.2303948726304926,0.0803541361142795,0.1335053319573443,1.0,290.8256,255.1744,stroma_rich,CTA_composition_plus_H&E_patch_feature_proxy,True,0.0,0.0,True,False,True,True,True
ATCACGTGCTAATTAA-1,1,46,36,8108,4464,14880.0,27026.6666666667,19,10,1,8,0.5263157894736842,0.0526315789473684,0.4210526315789473,Tumor,0.5263157894736842,True,,ambiguous,negative,ambiguous,negative,Immune cells,0.4931037604330744,0.1538482275470012,0.5068962395669255,0.1840421487154418,-0.0095051871163978,0.1043840538164583,1.0,185.70239999999998,337.2928,stroma_rich,CTA_composition_plus_H&E_patch_feature_proxy,True,0.0,0.0,True,False,True,True,True
ATCAGACGGCACGCCG-1,1,44,42,7804,4987,16623.3333333333,26013.3333333333,28,28,0,0,1.0,0.0,0.0,Tumor,1.0,True,,positive,negative,negative,negative,Immune cells,0.4273821809425525,0.1178769301869538,0.5726178190574475,0.2216935527673673,0.0061593612514257,0.0935404961204754,1.0,207.45919999999998,324.64639999999997,tumor_core,CTA_composition_plus_H&E_patch_feature_proxy,True,-12.604800000000012,12.604800000000012,False,True,False,False,True
ATCAGCCTCATGCTGC-1,1,57,87,9774,8911,29703.3333333333,32580.0,23,23,0,0,1.0,0.0,0.0,Tumor,1.0,True,,positive,negative,negative,negative,Immune cells,0.4769974471783172,0.1245958527465299,0.5230025528216827,0.2231817934930204,0.0132312204660257,0.0895271948935519,1.0,370.69759999999997,406.59839999999997,tumor_core,CTA_composition_plus_H&E_patch_feature_proxy,True,-21.7568,21.7568,False,True,False,False,True
ATCAGGTAGCTGACAG-1,1,33,127,6131,12396,41320.0,20436.6666666667,24,23,1,0,0.9583333333333334,0.0416666666666666,0.0,Tumor,0.9583333333333334,True,,positive,negative,negative,negative,Immune cells,0.4314232433508953,0.1202566253352517,0.5685767566491047,0.2155341915159415,0.0178480256368475,0.0885410694492221,1.0,515.6736,255.0496,tumor_core,CTA_composition_plus_H&E_patch_feature_proxy,True,-12.60486864667777,12.60486864667777,False,True,False,False,True
ATCATAGCCCTATGTA-1,1,62,106,10531,10568,35226.6666666667,35103.3333333333,18,15,2,1,0.8333333333333334,0.1111111111111111,0.0555555555555555,Tumor,0.8333333333333334,True,,positive,negative,negative,negative,Immune cells,0.5590860536273604,0.1169332351687689,0.4409139463726396,0.1944272445820433,0.0162946064852533,0.0944196001987539,1.0,439.62879999999996,438.08959999999996,tumor_core,CTA_composition_plus_H&E_patch_feature_proxy,True,-7.238399999999956,7.238399999999956,True,True,False,False,True
ATCATCCAATATTTGT-1,1,39,59,7045,6469,21563.3333333333,23483.3333333333,24,24,0,0,1.0,0.0,0.0,Tumor,1.0,True,,positive,negative,negative,negative,Immune cells,0.4559520576466966,0.1265405561294637,0.5440479423533032,0.230546955624355,0.0228124490793547,0.0940259144593509,1.0,269.11039999999997,293.072,tumor_core,CTA_composition_plus_H&E_patch_feature_proxy,True,-7.306457067553364,7.306457067553364,True,True,False,False,True
ATCATGGACTACCGAC-1,1,44,126,7800,12310,41033.3333333333,26000.0,22,21,1,0,0.9545454545454546,0.0454545454545454,0.0,Tumor,0.9545454545454546,True,,positive,negative,negative,negative,Immune cells,0.414024224648308,0.134878779260836,0.585975775351692,0.2233664656998534,0.021802183477269,0.09329969804686,1.0,512.096,324.47999999999996,tumor_core,CTA_composition_plus_H&E_patch_feature_proxy,True,-19.2082115773437,19.2082115773437,False,True,False,False,True
ATCCACATCGACAGAA-1,1,62,72,10533,7604,25346.6666666667,35110.0,23,21,0,2,0.9130434782608696,0.0,0.0869565217391304,Tumor,0.9130434782608696,True,,positive,negative,negative,negative,Immune cells,0.5097858164503104,0.120390523670681,0.4902141835496895,0.211319319971756,0.0084840584433219,0.0883843595917899,1.0,316.3264,438.1728,tumor_core,CTA_composition_plus_H&E_patch_feature_proxy,True,-12.57978772475913,12.57978772475913,False,True,False,False,True
ATCCAGAGCAACAACC-1,1,50,52,8714,5859,19530.0,29046.6666666667,26,26,0,0,1.0,0.0,0.0,Tumor,1.0,True,,positive,negative,negative,negative,Immune cells,0.4619231256676262,0.1230504315918542,0.5380768743323737,0.2189126065938841,0.0115474444625495,0.0976569965218055,1.0,243.7344,362.50239999999997,tumor_core,CTA_composition_plus_H&E_patch_feature_proxy,True,-14.518399999999986,14.518399999999986,False,True,False,False,True
ATCCAGGATTCGTGAA-1,1,40,46,7197,5335,17783.3333333333,23990.0,15,6,2,7,0.4,0.1333333333333333,0.4666666666666667,Stroma,0.4666666666666667,True,,ambiguous,negative,ambiguous,negative,Immune cells,0.5054043778176089,0.1214836153008328,0.494595622182391,0.1886589538862636,0.0025636847536798,0.12059014638994,1.0,221.93599999999998,299.3952,stroma_rich,CTA_composition_plus_H&E_patch_feature_proxy,True,0.0,0.0,True,False,True,True,True
ATCCCATCCACAGCGC-1,1,62,14,10536,2547,8490.0,35120.0,0,0,0,0,0.0,0.0,0.0,unmapped,0.0,False,no_CTA_object_captured,excluded,excluded,excluded,excluded,Immune cells,0.852497601071823,0.0562894998942955,0.147502398928177,0.0459725164303948,0.0169246646026831,0.0140274433360088,1.0,105.95519999999999,438.2976,unmapped_or_excluded,CTA_composition_plus_H&E_patch_feature_proxy,True,40.39240039413354,40.39240039413354,False,False,False,False,True
ATCCCATTTCCGTGGG-1,1,71,57,11899,6297,20990.0,39663.3333333333,13,4,6,3,0.3076923076923077,0.4615384615384615,0.2307692307692307,Immune cells,0.4615384615384615,True,,ambiguous,ambiguous,ambiguous,ambiguous,Immune cells,0.538591059692575,0.1128619233213557,0.4614089403074249,0.1930693607082722,0.012927054478301,0.0881359171348851,1.0,261.9552,494.9984,immune_enriched,CTA_composition_plus_H&E_patch_feature_proxy,True,7.238400000000013,7.238400000000013,True,False,False,False,True
ATCCTACCTAAGCTCT-1,1,44,48,7804,5510,18366.6666666667,26013.3333333333,13,0,12,1,0.0,0.9230769230769232,0.0769230769230769,Immune cells,0.9230769230769232,True,,negative,positive,negative,positive,Immune cells,0.486520739413032,0.1153332679602682,0.5134792605869678,0.2120580087990874,0.0178480256368475,0.074135229140389,1.0,229.21599999999998,324.64639999999997,immune_enriched,CTA_composition_plus_H&E_patch_feature_proxy,True,7.285702909122762,7.285702909122762,True,False,False,False,True
ATCCTGAATCGCTGCG-1,1,38,26,6895,3591,11970.0,22983.3333333333,0,0,0,0,0.0,0.0,0.0,unmapped,0.0,False,no_CTA_object_captured,excluded,excluded,excluded,excluded,Immune cells,0.7293393442326145,0.1519451520483817,0.2706606557673854,0.0821791320406278,0.0081147140296562,0.0821885869357489,1.0,149.38559999999998,286.832,unmapped_or_excluded,CTA_composition_plus_H&E_patch_feature_proxy,True,31.682599327706697,31.682599327706697,False,False,False,False,True
ATCCTGCGTGGAATGG-1,1,45,47,7956,5423,18076.6666666667,26520.0,20,5,12,3,0.25,0.6,0.15,Immune cells,0.6,True,,ambiguous,positive,negative,positive,Immune cells,0.4851954447522315,0.1100706482279768,0.5148045552477685,0.2041062408342838,0.0072130791374721,0.0673661277376447,1.0,225.5968,330.96959999999996,immune_enriched,CTA_composition_plus_H&E_patch_feature_proxy,True,14.571405818245509,14.571405818245509,False,False,False,False,True
ATCCTTCTGAAAGAAC-1,1,48,126,8406,12311,41036.6666666667,28020.0,32,32,0,0,1.0,0.0,0.0,Tumor,1.0,True,,positive,negative,negative,negative,Immune cells,0.5141817391776655,0.1316327127703828,0.4858182608223345,0.1999022323610884,0.0259627396665037,0.1092420593968581,1.0,512.1376,349.6896,tumor_core,CTA_composition_plus_H&E_patch_feature_proxy,True,-33.27048263912028,33.27048263912028,False,True,False,False,True
ATCGACCCAATACAGA-1,1,43,63,7651,6818,22726.6666666667,25503.3333333333,29,29,0,0,1.0,0.0,0.0,Tumor,1.0,True,,positive,negative,negative,negative,Immune cells,0.4643745586877409,0.1214445159674211,0.535625441312259,0.2127641084134485,0.0070827222855901,0.0927263693001567,1.0,283.6288,318.28159999999997,tumor_core,CTA_composition_plus_H&E_patch_feature_proxy,True,-19.311766692874084,19.311766692874084,False,True,False,False,True
ATCGCCAGTCAACATT-1,1,45,105,7952,10479,34930.0,26506.6666666667,27,27,0,0,1.0,0.0,0.0,Tumor,1.0,True,,positive,negative,negative,negative,Immune cells,0.39420998316224,0.1272982153162428,0.60579001683776,0.2320134702080278,0.0051165064363695,0.0869357489584527,1.0,435.9264,330.8032,tumor_core,CTA_composition_plus_H&E_patch_feature_proxy,True,-12.604800000000012,12.604800000000012,False,True,False,False,True
ATCGCTGCGTGCAGCA-1,1,23,111,4615,11001,36670.0,15383.3333333333,24,13,10,1,0.5416666666666666,0.4166666666666667,0.0416666666666666,Tumor,0.5416666666666666,True,,ambiguous,ambiguous,negative,ambiguous,Immune cells,0.5195372331758188,0.1793203931582829,0.4804627668241811,0.1923632610939112,0.025017652490359,0.1221266674311049,1.0,457.6416,191.98399999999998,immune_enriched,CTA_composition_plus_H&E_patch_feature_proxy,True,14.571405818245546,14.571405818245546,False,False,False,False,True
ATCGCTTTACGTCTCA-1,1,35,125,6434,12222,40740.0,21446.6666666667,24,24,0,0,1.0,0.0,0.0,Tumor,1.0,True,,positive,negative,negative,negative,Immune cells,0.4987091050640016,0.1257199997622357,0.5012908949359984,0.201607734506545,0.0200532290478518,0.0960096319229446,1.0,508.43519999999995,267.6544,tumor_core,CTA_composition_plus_H&E_patch_feature_proxy,True,-7.28000000000003,7.28000000000003,True,True,False,False,True
ATCGGAGACAGACGGC-1,1,52,76,9016,7952,26506.6666666667,30053.3333333333,19,19,0,0,1.0,0.0,0.0,Tumor,1.0,True,,positive,negative,negative,negative,Immune cells,0.46088027085257,0.1274225299851833,0.5391197291474299,0.2280158600836456,0.0145891043397968,0.0890417765546764,1.0,330.8032,375.06559999999996,tumor_core,CTA_composition_plus_H&E_patch_feature_proxy,True,-21.7568,21.7568,False,True,False,False,True
ATCGGCAAGCAGTCCA-1,1,20,96,4161,9692,32306.6666666667,13870.0,0,0,0,0,0.0,0.0,0.0,unmapped,0.0,False,no_CTA_object_captured,excluded,excluded,excluded,excluded,Immune cells,0.5956258034146252,0.1403672956504817,0.4043741965853747,0.2008255933952528,0.0511976535766661,0.0895157283186178,1.0,403.18719999999996,173.0976,unmapped_or_excluded,CTA_composition_plus_H&E_patch_feature_proxy,True,62.00757350388744,62.00757350388744,False,False,False,False,True
ATCGTGGAAAGTCTGG-1,1,63,23,10687,3332,11106.6666666667,35623.3333333333,19,6,6,7,0.3157894736842105,0.3157894736842105,0.3684210526315789,Stroma,0.3684210526315789,True,,ambiguous,ambiguous,ambiguous,ambiguous,Immune cells,0.5325548132457045,0.1158519599363372,0.4674451867542955,0.1685188202704904,-0.0022703818369452,0.0967129151855674,1.0,138.6112,444.57919999999996,immune_enriched,CTA_composition_plus_H&E_patch_feature_proxy,True,7.280000000000001,7.280000000000001,True,False,False,False,True
ATCGTTAGCTAGCGGA-1,1,58,98,9925,9870,32900.0,33083.3333333333,25,25,0,0,1.0,0.0,0.0,Tumor,1.0,True,,positive,negative,negative,negative,Immune cells,0.5033367733058137,0.1241024984237322,0.4966632266941864,0.2042365976861658,0.0087121829341154,0.0905668310209074,1.0,410.592,412.88,tumor_core,CTA_composition_plus_H&E_patch_feature_proxy,True,-14.518399999999986,14.518399999999986,False,True,False,False,True
ATCTAATATCCTACGG-1,1,55,67,9472,7168,23893.3333333333,31573.3333333333,15,8,4,3,0.5333333333333333,0.2666666666666666,0.2,Tumor,0.5333333333333333,True,,ambiguous,ambiguous,negative,ambiguous,Immune cells,0.5182734959172958,0.1183624118217587,0.4817265040827042,0.2003584813426755,0.0093313779805551,0.0931009440813362,1.0,298.1888,394.0352,mixed_boundary,CTA_composition_plus_H&E_patch_feature_proxy,True,0.0,0.0,True,False,True,True,True
ATCTACCATCTGCTCC-1,1,70,88,11746,9000,30000.0,39153.3333333333,28,28,0,0,1.0,0.0,0.0,Tumor,1.0,True,,positive,negative,negative,negative,Immune cells,0.6119674832075027,0.1586508044986956,0.3880325167924972,0.1734289283580468,0.0284177937102819,0.0952069716775599,1.0,374.4,488.6336,tumor_core,CTA_composition_plus_H&E_patch_feature_proxy,True,-7.306457067553364,7.306457067553364,True,True,False,False,True
ATCTAGCTTGTGAGGG-1,1,67,65,11292,6994,23313.3333333333,37640.0,18,12,3,3,0.6666666666666666,0.1666666666666666,0.1666666666666666,Tumor,0.6666666666666666,True,,positive,negative,negative,negative,Immune cells,0.5144678000470734,0.1220249076473584,0.4855321999529267,0.2071587637825213,0.0145891043397968,0.0916064671482628,1.0,290.9504,469.74719999999996,mixed_boundary,CTA_composition_plus_H&E_patch_feature_proxy,True,0.0,0.0,True,False,True,True,True
ATCTCCCACGGAATAT-1,1,60,108,10228,10742,35806.6666666667,34093.3333333333,32,32,0,0,1.0,0.0,0.0,Tumor,1.0,True,,positive,negative,negative,negative,Immune cells,0.5273948545253744,0.1172009797959169,0.4726051454746257,0.2010102656020857,0.0121449133670088,0.0944157780071092,1.0,446.86719999999997,425.4848,tumor_core,CTA_composition_plus_H&E_patch_feature_proxy,True,-7.270485210768231,7.270485210768231,True,True,False,False,True
ATCTCGTGAGCGAAAC-1,1,48,116,8407,11439,38130.0,28023.3333333333,15,15,0,0,1.0,0.0,0.0,Tumor,1.0,True,,positive,negative,negative,negative,Immune cells,0.4559520576466967,0.1291958233966388,0.5440479423533032,0.2244853620118407,0.0151974363152463,0.0819592554370676,1.0,475.8624,349.7312,tumor_core,CTA_composition_plus_H&E_patch_feature_proxy,True,-7.285702909122747,7.285702909122747,True,True,False,False,True
ATCTGACATGGAAGGA-1,1,63,41,10687,4902,16340.0,35623.3333333333,17,12,3,2,0.7058823529411765,0.1764705882352941,0.1176470588235294,Tumor,0.7058823529411765,True,,positive,negative,negative,negative,Immune cells,0.5164847102275814,0.1212094318318604,0.4835152897724186,0.1941448047362989,0.0055944815599369,0.0952757711271643,1.0,203.92319999999998,444.57919999999996,tumor_core,CTA_composition_plus_H&E_patch_feature_proxy,True,-12.543762446730277,12.543762446730277,False,True,False,False,True
ATCTGCACCTCTGCGA-1,1,29,101,5526,10129,33763.3333333333,18420.0,27,26,1,0,0.9629629629629628,0.037037037037037,0.0,Tumor,0.9629629629629628,True,,positive,negative,negative,negative,Immune cells,0.4208136440171636,0.1311072362021119,0.5791863559828363,0.2405952962902612,0.0265493454999728,0.1005007071054542,1.0,421.3664,229.8816,tumor_core,CTA_composition_plus_H&E_patch_feature_proxy,True,-50.79143648135975,50.79143648135975,False,True,False,False,True
ATCTGCTGTTATCGCC-1,1,67,57,11292,6297,20990.0,37640.0,20,7,8,5,0.35,0.4,0.25,Immune cells,0.4,True,,ambiguous,ambiguous,ambiguous,ambiguous,Immune cells,0.5172958195281806,0.1151416895404799,0.4827041804718194,0.2174243658682309,0.0227581337244038,0.0736192332683561,1.0,261.9552,469.74719999999996,immune_enriched,CTA_composition_plus_H&E_patch_feature_proxy,True,14.571405818245571,14.571405818245571,False,False,False,False,True
ATCTGGGCTGTTCTTG-1,1,61,69,10382,7342,24473.3333333333,34606.6666666667,9,2,0,7,0.2222222222222222,0.0,0.7777777777777778,Stroma,0.7777777777777778,True,,ambiguous,negative,positive,negative,Immune cells,0.5074031828798001,0.1182203858264825,0.4925968171201998,0.2117429797403726,0.0078105480419314,0.0796659404502541,1.0,305.42719999999997,431.89119999999997,stroma_rich,CTA_composition_plus_H&E_patch_feature_proxy,True,0.0,0.0,True,False,True,True,True
ATCTTATCGCACACCC-1,1,64,104,10835,10394,34646.6666666667,36116.6666666667,14,3,7,4,0.2142857142857142,0.5,0.2857142857142857,Immune cells,0.5,True,,ambiguous,ambiguous,ambiguous,ambiguous,Immune cells,0.5779371028189669,0.125726897875625,0.4220628971810331,0.1833686383140513,0.0204334365325077,0.0995528035775714,1.0,432.3904,450.736,immune_enriched,CTA_composition_plus_H&E_patch_feature_proxy,True,7.238400000000013,7.238400000000013,True,False,False,False,True
ATCTTTCGTATAACCA-1,1,26,120,5069,11785,39283.3333333333,16896.6666666667,26,26,0,0,1.0,0.0,0.0,Tumor,1.0,True,,positive,negative,negative,negative,Immune cells,0.4395162312385711,0.1284091166089246,0.5604837687614288,0.2426918689913638,0.0258975612405627,0.0814050376485877,1.0,490.256,210.8704,tumor_core,CTA_composition_plus_H&E_patch_feature_proxy,True,-14.518399999999986,14.518399999999986,False,True,False,False,True
ATGACGCGTTCTATCC-1,1,52,30,9018,3941,13136.6666666667,30060.0,29,29,0,0,1.0,0.0,0.0,Tumor,1.0,True,,positive,negative,negative,negative,Immune cells,0.6724458204334365,0.1983276567873767,0.3275541795665634,0.1140839715387539,0.0057791537667698,0.0994801819363223,1.0,163.94559999999998,375.1488,tumor_core,CTA_composition_plus_H&E_patch_feature_proxy,True,-7.306457067553315,7.306457067553315,True,True,False,False,True
ATGACTATCAGCTGTG-1,1,63,43,10686,5076,16920.0,35620.0,31,31,0,0,1.0,0.0,0.0,Tumor,1.0,True,,positive,negative,negative,negative,Immune cells,0.512048956239929,0.120062415660274,0.487951043760071,0.1984791700613763,0.0061593612514257,0.0929977449069296,1.0,211.1616,444.5376,tumor_core,CTA_composition_plus_H&E_patch_feature_proxy,True,-7.285702909122762,7.285702909122762,True,True,False,False,True
ATGACTATGCGACATT-1,1,48,88,8408,8998,29993.3333333333,28026.6666666667,13,11,0,2,0.8461538461538461,0.0,0.1538461538461538,Tumor,0.8461538461538461,True,,positive,negative,negative,negative,Immune cells,0.4784530986909999,0.131420922219261,0.521546901309,0.2275161588180978,0.0231057519960892,0.1120437258724152,1.0,374.3168,349.77279999999996,tumor_core,CTA_composition_plus_H&E_patch_feature_proxy,True,-12.600611845462137,12.600611845462137,False,True,False,False,True
ATGAGGGCAGCGGCTA-1,1,42,120,7497,11787,39290.0,24990.0,29,29,0,0,1.0,0.0,0.0,Tumor,1.0,True,,positive,negative,negative,negative,Immune cells,0.3896511143700324,0.1285698724081527,0.6103488856299676,0.2448318939764271,0.0167074031828798,0.0645644612620876,1.0,490.3392,311.8752,tumor_core,CTA_composition_plus_H&E_patch_feature_proxy,True,-7.249628073218616,7.249628073218616,True,True,False,False,True
ATGATGCAATGGTACA-1,1,44,50,7804,5684,18946.6666666667,26013.3333333333,23,19,0,4,0.8260869565217391,0.0,0.1739130434782608,Tumor,0.8260869565217391,True,,positive,negative,negative,negative,Immune cells,0.4919160646714826,0.1186030277539686,0.5080839353285174,0.2234533702677747,0.0277334202379012,0.0794901196345984,1.0,236.4544,324.64639999999997,tumor_core,CTA_composition_plus_H&E_patch_feature_proxy,True,-7.285702909122762,7.285702909122762,True,True,False,False,True
ATGCACGCGCTGTTCA-1,1,59,11,10081,2286,7620.0,33603.3333333333,0,0,0,0,0.0,0.0,0.0,unmapped,0.0,False,no_CTA_object_captured,excluded,excluded,excluded,excluded,Immune cells,0.866065576738544,0.0127112764568399,0.133934423261456,0.022703818369453,0.007788821899951,0.0052669800863815,1.0,95.0976,419.3696,unmapped_or_excluded,CTA_composition_plus_H&E_patch_feature_proxy,True,52.29384750656619,52.29384750656619,False,False,False,False,True
ATGCCATTTGCGACCA-1,1,43,91,7650,9259,30863.3333333333,25500.0,22,22,0,0,1.0,0.0,0.0,Tumor,1.0,True,,positive,negative,negative,negative,Immune cells,0.481911176289537,0.1258623977534101,0.5180888237104629,0.2102330128727391,0.0092770626256042,0.0987386767572525,1.0,385.1744,318.24,tumor_core,CTA_composition_plus_H&E_patch_feature_proxy,True,-31.671235959463292,31.671235959463292,False,True,False,False,True
ATGCGACAGTCCCATT-1,1,35,71,6437,7514,25046.6666666667,21456.6666666667,26,26,0,0,1.0,0.0,0.0,Tumor,1.0,True,,positive,negative,negative,negative,Immune cells,0.5071750583890066,0.1445558455458324,0.4928249416109934,0.2058334691217207,0.022573461517571,0.1205519244734931,1.0,312.5824,267.7792,tumor_core,CTA_composition_plus_H&E_patch_feature_proxy,True,-7.238400000000013,7.238400000000013,True,True,False,False,True
ATGCGAGTCCCACCAC-1,1,48,104,8408,10393,34643.3333333333,28026.6666666667,22,19,1,2,0.8636363636363636,0.0454545454545454,0.0909090909090909,Tumor,0.8636363636363636,True,,positive,negative,negative,negative,Immune cells,0.4114931291075987,0.1296001844510857,0.5885068708924013,0.2342295366900222,0.0102764651566998,0.0823605855597599,1.0,432.3488,349.77279999999996,tumor_core,CTA_composition_plus_H&E_patch_feature_proxy,True,-12.543762446730252,12.543762446730252,False,True,False,False,True
ATGCTCTGGCGCGGTA-1,1,60,76,10230,7953,26510.0,34100.0,15,2,7,6,0.1333333333333333,0.4666666666666667,0.4,Immune cells,0.4666666666666667,True,,negative,ambiguous,ambiguous,ambiguous,Immune cells,0.5131135371969656,0.1191752614047865,0.4868864628030344,0.2195426647113139,0.0216392374124164,0.0833619997706685,1.0,330.84479999999996,425.568,immune_enriched,CTA_composition_plus_H&E_patch_feature_proxy,True,7.249628073218644,7.249628073218644,True,False,False,False,True
ATGCTTAGGAGTTGAT-1,1,56,112,9621,11091,36970.0,32070.0,15,8,1,6,0.5333333333333333,0.0666666666666666,0.4,Tumor,0.5333333333333333,True,,ambiguous,negative,ambiguous,negative,Immune cells,0.522318179349302,0.1209169910447953,0.4776818206506979,0.2125142577806746,0.0209874531530063,0.086859305125559,1.0,461.38559999999995,400.23359999999997,stroma_rich,CTA_composition_plus_H&E_patch_feature_proxy,True,0.0,0.0,True,False,True,True,True
ATGGAACCTTTGCACA-1,1,38,120,6890,11787,39290.0,22966.6666666667,30,30,0,0,1.0,0.0,0.0,Tumor,1.0,True,,positive,negative,negative,negative,Immune cells,0.4074918979595531,0.1318217371690463,0.5925081020404468,0.2443973711368204,0.0205420672424094,0.078400795015862,1.0,490.3392,286.62399999999997,tumor_core,CTA_composition_plus_H&E_patch_feature_proxy,True,-31.68259932770664,31.68259932770664,False,True,False,False,True
ATGGAGCAGGCCGTGA-1,1,36,66,6589,7079,23596.6666666667,21963.3333333333,22,22,0,0,1.0,0.0,0.0,Tumor,1.0,True,,positive,negative,negative,negative,Immune cells,0.4682888852678653,0.1233570876233437,0.5317111147321347,0.2135679756667209,0.0156645483678235,0.1209723655544088,1.0,294.4864,274.1024,tumor_core,CTA_composition_plus_H&E_patch_feature_proxy,True,-12.564646274368396,12.564646274368396,False,True,False,False,True
ATGGCAGCATTACGAT-1,1,64,18,10839,2896,9653.33333333333,36130.0,3,0,0,3,0.0,0.0,1.0,Stroma,1.0,True,,negative,negative,positive,negative,Immune cells,0.8067423460612314,0.1085476543547287,0.1932576539387684,0.0690999945684645,0.0141328553582097,0.0323357413140694,1.0,120.47359999999999,450.9024,unmapped_or_excluded,CTA_composition_plus_H&E_patch_feature_proxy,True,25.201223690924202,25.201223690924202,False,False,False,False,True
ATGGCGGAATAGTCGC-1,1,34,124,6283,12135,40450.0,20943.3333333333,24,24,0,0,1.0,0.0,0.0,Tumor,1.0,True,,positive,negative,negative,negative,Immune cells,0.4624083428385204,0.1346455156045016,0.5375916571614795,0.2136114279506817,0.0181087393406115,0.0947177311470397,1.0,504.816,261.3728,tumor_core,CTA_composition_plus_H&E_patch_feature_proxy,True,-12.57978772475913,12.57978772475913,False,True,False,False,True
ATGGGACCTGCTGAAC-1,1,61,31,10384,4030,13433.3333333333,34613.3333333333,19,17,0,2,0.8947368421052632,0.0,0.1052631578947368,Tumor,0.8947368421052632,True,,positive,negative,negative,negative,Immune cells,0.4811000669889377,0.124008452987642,0.5188999330110622,0.2074520666992558,0.0041714192602248,0.111504796850514,1.0,167.648,431.9744,tumor_core,CTA_composition_plus_H&E_patch_feature_proxy,True,-7.24962807321863,7.24962807321863,True,True,False,False,True
ATGGGCCTCGGCCTCT-1,1,45,91,7953,9259,30863.3333333333,26510.0,27,27,0,0,1.0,0.0,0.0,Tumor,1.0,True,,positive,negative,negative,negative,Immune cells,0.4603588434450419,0.1189437231670931,0.539641156554958,0.2169246646026832,0.006050730541524,0.1006077284715055,1.0,385.1744,330.84479999999996,tumor_core,CTA_composition_plus_H&E_patch_feature_proxy,True,-29.03682979941167,29.03682979941167,False,True,False,False,True
ATGGGTGTATACCTCC-1,1,64,24,10839,3420,11400.0,36130.0,21,9,10,2,0.4285714285714285,0.4761904761904761,0.0952380952380952,Immune cells,0.4761904761904761,True,,ambiguous,ambiguous,negative,ambiguous,Immune cells,0.5548856661778285,0.1363677671242175,0.4451143338221715,0.1557655749280321,-0.0022377926239747,0.1230287046592516,1.0,142.272,450.9024,immune_enriched,CTA_composition_plus_H&E_patch_feature_proxy,True,7.2857029091228105,7.2857029091228105,True,False,False,False,True
ATGGTATTGGGAACCG-1,1,73,61,12202,6646,22153.3333333333,40673.3333333333,24,17,3,4,0.7083333333333334,0.125,0.1666666666666666,Tumor,0.7083333333333334,True,,positive,negative,negative,negative,Immune cells,0.622377926239748,0.1649032231233905,0.377622073760252,0.1717560154255608,0.0264081255771006,0.088579291365669,1.0,276.4736,507.60319999999996,tumor_core,CTA_composition_plus_H&E_patch_feature_proxy,True,-7.285702909122747,7.285702909122747,True,True,False,False,True
ATGGTCGCGTGGTTTC-1,1,45,85,7954,8736,29120.0,26513.3333333333,22,22,0,0,1.0,0.0,0.0,Tumor,1.0,True,,positive,negative,negative,negative,Immune cells,0.4722502851556135,0.1196130499000681,0.5277497148443865,0.2107761664222475,0.0056705230568681,0.1034437946718648,1.0,363.4176,330.8864,tumor_core,CTA_composition_plus_H&E_patch_feature_proxy,True,-7.28000000000003,7.28000000000003,True,True,False,False,True
ATGTAAGGCTGCTCTT-1,1,32,112,5980,11089,36963.3333333333,19933.3333333333,27,27,0,0,1.0,0.0,0.0,Tumor,1.0,True,,positive,negative,negative,negative,Immune cells,0.3967374576792859,0.1263618393090457,0.6032625423207141,0.2393894954103525,0.0174135027972407,0.0972671329740473,1.0,461.3024,248.768,tumor_core,CTA_composition_plus_H&E_patch_feature_proxy,True,-57.597299492250514,57.597299492250514,False,True,False,False,True
ATGTACATGCGGTGAG-1,1,64,112,10834,11092,36973.3333333333,36113.3333333333,7,1,1,5,0.1428571428571428,0.1428571428571428,0.7142857142857143,Stroma,0.7142857142857143,True,,negative,negative,positive,negative,Immune cells,0.7256096898593232,0.1560286877967867,0.2743903101406767,0.1321818478083754,0.0329802835261528,0.0858043802316248,1.0,461.42719999999997,450.6944,stroma_rich,CTA_composition_plus_H&E_patch_feature_proxy,True,0.0,0.0,True,False,True,True,True
ATGTACGATGACGTCG-1,1,66,64,11140,6907,23023.3333333333,37133.3333333333,13,10,2,1,0.7692307692307693,0.1538461538461538,0.0769230769230769,Tumor,0.7692307692307693,True,,positive,negative,negative,negative,Immune cells,0.5274274437383448,0.1184897136725487,0.4725725562616552,0.2065504318070718,0.0181196024116017,0.0868172610174674,1.0,287.33119999999997,463.424,tumor_core,CTA_composition_plus_H&E_patch_feature_proxy,True,-7.285702909122747,7.285702909122747,True,True,False,False,True
ATGTAGCGCGCGTAGG-1,1,68,72,11443,7605,25350.0,38143.3333333333,21,21,0,0,1.0,0.0,0.0,Tumor,1.0,True,,positive,negative,negative,negative,Immune cells,0.5466224901779734,0.1223106783049229,0.4533775098220267,0.2032046059420998,0.0184780837542773,0.0962466078049153,1.0,316.368,476.0288,tumor_core,CTA_composition_plus_H&E_patch_feature_proxy,True,-7.238400000000013,7.238400000000013,True,True,False,False,True
ATGTGGACATCTTGAT-1,1,47,71,8258,7515,25050.0,27526.6666666667,26,26,0,0,1.0,0.0,0.0,Tumor,1.0,True,,positive,negative,negative,negative,Immune cells,0.4536201184074738,0.1243301970917566,0.5463798815925263,0.2238553038944109,0.0090489381348107,0.0895233727019072,1.0,312.62399999999997,343.5328,tumor_core,CTA_composition_plus_H&E_patch_feature_proxy,True,-26.192312765389772,26.192312765389772,False,True,False,False,True
ATGTTGATTAGAGACT-1,1,68,92,11442,9348,31160.0,38140.0,11,5,2,4,0.4545454545454545,0.1818181818181818,0.3636363636363636,Tumor,0.4545454545454545,True,,ambiguous,negative,ambiguous,negative,Immune cells,0.5527202940271214,0.1251008732403901,0.4472797059728785,0.192417576448862,0.017880614849818,0.1098115659519168,1.0,388.8768,475.9872,stroma_rich,CTA_composition_plus_H&E_patch_feature_proxy,True,0.0,0.0,True,False,True,True,True
ATGTTGTAGTCTGTTT-1,1,65,47,10990,5425,18083.3333333333,36633.3333333333,20,8,11,1,0.4,0.55,0.05,Immune cells,0.55,True,,ambiguous,ambiguous,negative,ambiguous,Immune cells,0.47180852026868,0.1205543134429675,0.52819147973132,0.2196295692792352,0.0111672369778936,0.0885601804074456,1.0,225.67999999999998,457.18399999999997,immune_enriched,CTA_composition_plus_H&E_patch_feature_proxy,True,12.564646274368421,12.564646274368421,False,False,False,False,True
ATGTTTCGGCCCGGAG-1,1,33,125,6131,12222,40740.0,20436.6666666667,28,28,0,0,1.0,0.0,0.0,Tumor,1.0,True,,positive,negative,negative,negative,Immune cells,0.4356453569424076,0.1278658628286497,0.5643546430575924,0.2212916191407311,0.0182608223344739,0.0871536138822,1.0,508.43519999999995,255.0496,tumor_core,CTA_composition_plus_H&E_patch_feature_proxy,True,-14.5560771858355,14.5560771858355,False,True,False,False,True
ATTAAACATGCGGACC-1,1,43,59,7652,6469,21563.3333333333,25506.6666666667,26,26,0,0,1.0,0.0,0.0,Tumor,1.0,True,,positive,negative,negative,negative,Immune cells,0.4794380171274419,0.11593591036057,0.5205619828725581,0.2035956764977459,-0.0024116017598174,0.1004433742307839,1.0,269.11039999999997,318.3232,tumor_core,CTA_composition_plus_H&E_patch_feature_proxy,True,-21.841743168529383,21.841743168529383,False,True,False,False,True
ATTACATGTCAGTCTT-1,1,50,108,8711,10742,35806.6666666667,29036.6666666667,29,29,0,0,1.0,0.0,0.0,Tumor,1.0,True,,positive,negative,negative,negative,Immune cells,0.4956746872340811,0.1281470193070232,0.5043253127659189,0.2091575688447123,0.0090815273477812,0.0936092955700798,1.0,446.86719999999997,362.3776,tumor_core,CTA_composition_plus_H&E_patch_feature_proxy,True,-7.306457067553315,7.306457067553315,True,True,False,False,True
ATTACCACACTGCCTG-1,1,48,118,8407,11613,38710.0,28023.3333333333,24,24,0,0,1.0,0.0,0.0,Tumor,1.0,True,,positive,negative,negative,negative,Immune cells,0.4489815870946717,0.1233560498948671,0.5510184129053283,0.2224974200206398,0.0078757264678724,0.0851087413522914,1.0,483.1008,349.7312,tumor_core,CTA_composition_plus_H&E_patch_feature_proxy,True,-7.285702909122775,7.285702909122775,True,True,False,False,True
ATTACGACTCCACAGT-1,1,19,121,4007,11872,39573.3333333333,13356.6666666667,28,28,0,0,1.0,0.0,0.0,Tumor,1.0,True,,positive,negative,negative,negative,Immune cells,0.4201184074737928,0.1269554349164171,0.5798815925262071,0.2145891043397968,0.00964640703927,0.1024194473110881,1.0,493.87519999999995,166.69119999999998,tumor_core,CTA_composition_plus_H&E_patch_feature_proxy,True,-12.579787724759067,12.579787724759067,False,True,False,False,True
ATTAGATTCCTCAGCA-1,1,25,105,4919,10478,34926.6666666667,16396.6666666667,36,28,8,0,0.7777777777777778,0.2222222222222222,0.0,Tumor,0.7777777777777778,True,,positive,ambiguous,negative,ambiguous,Immune cells,0.541089566020314,0.1654243587847575,0.458910433979686,0.1661398077236434,0.011254141545815,0.1717081374460115,1.0,435.8848,204.63039999999998,tumor_core,CTA_composition_plus_H&E_patch_feature_proxy,True,-38.476581902242835,38.476581902242835,False,True,False,False,True
ATTAGGCGATGCTTTC-1,1,37,71,6741,7515,25050.0,22470.0,26,26,0,0,1.0,0.0,0.0,Tumor,1.0,True,,positive,negative,negative,negative,Immune cells,0.4842213893867796,0.1133706475143611,0.5157786106132204,0.1996089294443538,0.0013252946608006,0.1088177961242976,1.0,312.62399999999997,280.4256,tumor_core,CTA_composition_plus_H&E_patch_feature_proxy,True,-14.592115438139835,14.592115438139835,False,True,False,False,True
ATTATAGCTACTTTAC-1,1,33,115,6132,11350,37833.3333333333,20440.0,22,22,0,0,1.0,0.0,0.0,Tumor,1.0,True,,positive,negative,negative,negative,Immune cells,0.4018539641156555,0.1305954160566444,0.5981460358843445,0.2487860518168486,0.0277442833088914,0.0897144822841417,1.0,472.15999999999997,255.0912,tumor_core,CTA_composition_plus_H&E_patch_feature_proxy,True,-45.33088837955861,45.33088837955861,False,True,False,False,True
ATTATCGGAATGTACG-1,1,69,57,11596,6297,20990.0,38653.3333333333,18,14,2,2,0.7777777777777778,0.1111111111111111,0.1111111111111111,Tumor,0.7777777777777778,True,,positive,negative,negative,negative,Immune cells,0.5294479749425164,0.112349095126232,0.4705520250574837,0.2015642822225843,0.0165227309760469,0.0829874249894889,1.0,261.9552,482.3936,tumor_core,CTA_composition_plus_H&E_patch_feature_proxy,True,-7.238400000000013,7.238400000000013,True,True,False,False,True
ATTATTATGTCCGTCA-1,1,59,37,10080,4552,15173.3333333333,33600.0,24,21,3,0,0.875,0.125,0.0,Tumor,0.875,True,,positive,negative,negative,negative,Immune cells,0.5172089149602592,0.1207041285242754,0.4827910850397407,0.2040410624083428,0.0136114279506816,0.0910560715514275,1.0,189.36319999999998,419.328,tumor_core,CTA_composition_plus_H&E_patch_feature_proxy,True,-7.285702909122747,7.285702909122747,True,True,False,False,True
ATTATTCAGAGTCACT-1,1,67,97,11290,9784,32613.3333333333,37633.3333333333,12,1,7,4,0.0833333333333333,0.5833333333333334,0.3333333333333333,Immune cells,0.5833333333333334,True,,negative,ambiguous,ambiguous,ambiguous,Immune cells,0.5371462712508827,0.1313701936563657,0.4628537287491174,0.1807832274183911,0.0040627885503231,0.1139586438864044,1.0,407.01439999999997,469.664,immune_enriched,CTA_composition_plus_H&E_patch_feature_proxy,True,7.249628073218664,7.249628073218664,True,False,False,False,True
ATTCAACCATTTAAGG-1,1,58,100,9925,10045,33483.3333333333,33083.3333333333,31,31,0,0,1.0,0.0,0.0,Tumor,1.0,True,,positive,negative,negative,negative,Immune cells,0.4889323411728495,0.1282234152645647,0.5110676588271506,0.2072022160664819,0.008875128998968,0.0928181018996292,1.0,417.87199999999996,412.88,tumor_core,CTA_composition_plus_H&E_patch_feature_proxy,True,-7.238400000000013,7.238400000000013,True,True,False,False,True
ATTCACTGATGTTGGA-1,1,56,68,9623,7255,24183.3333333333,32076.6666666667,25,25,0,0,1.0,0.0,0.0,Tumor,1.0,True,,positive,negative,negative,negative,Immune cells,0.5204642152336466,0.1153223941489851,0.4795357847663534,0.2035739503557656,0.0098528053880832,0.0812101058747085,1.0,301.808,400.3168,tumor_core,CTA_composition_plus_H&E_patch_feature_proxy,True,-7.249628073218664,7.249628073218664,True,True,False,False,True
ATTCATATACTGTCCA-1,1,46,60,8107,6556,21853.3333333333,27023.3333333333,21,18,3,0,0.8571428571428571,0.1428571428571428,0.0,Tumor,0.8571428571428571,True,,positive,negative,negative,negative,Immune cells,0.4926511324751507,0.1166909376715033,0.5073488675248493,0.1983488132094943,-0.001162348595948,0.1067270572946527,1.0,272.7296,337.2512,tumor_core,CTA_composition_plus_H&E_patch_feature_proxy,True,-7.279999999999973,7.279999999999973,True,True,False,False,True
ATTCATCGTTGAGGCA-1,1,61,89,10381,9086,30286.6666666667,34603.3333333333,25,21,3,1,0.84,0.12,0.04,Tumor,0.84,True,,positive,negative,negative,negative,Immune cells,0.4997483388553944,0.1270770508315009,0.5002516611446055,0.2148063657596002,0.0174026397262506,0.0802851354966938,1.0,377.9776,431.84959999999995,tumor_core,CTA_composition_plus_H&E_patch_feature_proxy,True,-7.2385195392428265,7.2385195392428265,True,True,False,False,True
ATTCGCAGAGGACACT-1,1,14,126,3249,12307,41023.3333333333,10830.0,8,6,1,1,0.75,0.125,0.125,Tumor,0.75,True,,positive,negative,negative,negative,Immune cells,0.7518114170876106,0.1033126391271137,0.2481885829123893,0.0730976046928466,0.0178262994948672,0.1073424301494477,1.0,511.97119999999995,135.1584,tumor_core,CTA_composition_plus_H&E_patch_feature_proxy,True,-7.24962807321864,7.24962807321864,True,True,False,False,True
ATTCGCGCCTTGAGAG-1,1,65,107,10986,10656,35520.0,36620.0,9,0,3,6,0.0,0.3333333333333333,0.6666666666666666,Stroma,0.6666666666666666,True,,negative,ambiguous,positive,ambiguous,Immune cells,0.5826987489363242,0.145037023329643,0.4173012510636756,0.1547987616099071,0.0027374938895225,0.130841264380996,1.0,443.2896,457.01759999999996,immune_enriched,CTA_composition_plus_H&E_patch_feature_proxy,True,7.238399999999956,7.238399999999956,True,False,False,False,True
ATTCGTGCTATCTCTT-1,1,42,110,7497,10915,36383.3333333333,24990.0,20,20,0,0,1.0,0.0,0.0,Tumor,1.0,True,,positive,negative,negative,negative,Immune cells,0.4131081056614705,0.1244552896032174,0.5868918943385295,0.2398240182499593,0.014024224648308,0.0886366242403393,1.0,454.06399999999996,311.8752,tumor_core,CTA_composition_plus_H&E_patch_feature_proxy,True,-19.208211577343647,19.208211577343647,False,True,False,False,True
ATTGATGAGTCCTAAC-1,1,33,99,6132,9955,33183.3333333333,20440.0,24,24,0,0,1.0,0.0,0.0,Tumor,1.0,True,,positive,negative,negative,negative,Immune cells,0.4165444571180273,0.1196376615618601,0.5834555428819728,0.2131334528271142,-0.0042365976861658,0.1010893246187363,1.0,414.128,255.0912,tumor_core,CTA_composition_plus_H&E_patch_feature_proxy,True,-40.38590905154917,40.38590905154917,False,True,False,False,True
ATTGCCTATTAGACCG-1,1,67,25,11294,3507,11690.0,37646.6666666667,11,0,2,9,0.0,0.1818181818181818,0.8181818181818182,Stroma,0.8181818181818182,True,,negative,negative,positive,negative,Immune cells,0.7882896094725979,0.1063050210493923,0.211710390527402,0.0777035467926782,0.0133833034598881,0.0394985284562167,1.0,145.8912,469.8304,stroma_rich,CTA_composition_plus_H&E_patch_feature_proxy,True,0.0,0.0,True,False,True,True,True
ATTGCCTTTATGTTTG-1,1,64,84,10836,8650,28833.3333333333,36120.0,19,19,0,0,1.0,0.0,0.0,Tumor,1.0,True,,positive,negative,negative,negative,Immune cells,0.4975141672550829,0.1224844845968274,0.502485832744917,0.217945793275759,0.0179675194177393,0.0930245002484424,1.0,359.84,450.7776,tumor_core,CTA_composition_plus_H&E_patch_feature_proxy,True,-12.600611845462137,12.600611845462137,False,True,False,False,True
ATTGCGATCAGTAACT-1,1,51,99,8863,9957,33190.0,29543.3333333333,22,22,0,0,1.0,0.0,0.0,Tumor,1.0,True,,positive,negative,negative,negative,Immune cells,0.4462839244654463,0.1308766116284241,0.5537160755345536,0.2225300092336103,0.008169029384607,0.0913006918166876,1.0,414.21119999999996,368.70079999999996,tumor_core,CTA_composition_plus_H&E_patch_feature_proxy,True,-12.564646274368396,12.564646274368396,False,True,False,False,True
ATTGCTGCTCCTCCAT-1,1,35,43,6439,5073,16910.0,21463.3333333333,31,31,0,0,1.0,0.0,0.0,Tumor,1.0,True,,positive,negative,negative,negative,Immune cells,0.4835261528434089,0.1124878618968582,0.5164738471565912,0.1918092444734126,-0.0074086144152952,0.0955930130336735,1.0,211.0368,267.8624,tumor_core,CTA_composition_plus_H&E_patch_feature_proxy,True,-12.579787724759106,12.579787724759106,False,True,False,False,True
ATTGGATTACAGCGTA-1,1,54,102,9318,10219,34063.3333333333,31060.0,29,29,0,0,1.0,0.0,0.0,Tumor,1.0,True,,positive,negative,negative,negative,Immune cells,0.4629406333170387,0.129862855254323,0.5370593666829613,0.2271142251914616,0.0200966813318125,0.0960937201391277,1.0,425.11039999999997,387.62879999999996,tumor_core,CTA_composition_plus_H&E_patch_feature_proxy,True,-25.25120000000004,25.25120000000004,False,True,False,False,True
ATTGTACAACTCGGCT-1,1,35,103,6436,10304,34346.6666666667,21453.3333333333,28,28,0,0,1.0,0.0,0.0,Tumor,1.0,True,,positive,negative,negative,negative,Immune cells,0.4100809298788768,0.1229066696112565,0.5899190701211232,0.2249198848514474,0.0060290043995437,0.0870274815579253,1.0,428.64639999999997,267.7376,tumor_core,CTA_composition_plus_H&E_patch_feature_proxy,True,-50.98323976210222,50.98323976210222,False,True,False,False,True
ATTGTCTGTTTCATGT-1,1,71,53,11899,5948,19826.6666666667,39663.3333333333,11,11,0,0,1.0,0.0,0.0,Tumor,1.0,True,,positive,negative,negative,negative,Immune cells,0.5355638839099813,0.1139727386916933,0.4644361160900186,0.1957308131008636,0.0182065069795231,0.093399075029622,1.0,247.43679999999998,494.9984,tumor_core,CTA_composition_plus_H&E_patch_feature_proxy,True,-7.280000000000001,7.280000000000001,True,True,False,False,True
ATTGTTCAACGATCCG-1,1,53,123,9165,12050,40166.6666666667,30550.0,27,8,19,0,0.2962962962962963,0.7037037037037037,0.0,Immune cells,0.7037037037037037,True,,ambiguous,positive,negative,positive,Immune cells,0.6067242409429144,0.1562609005713988,0.3932757590570855,0.1625658573678779,0.0172179675194177,0.1035011275465351,1.0,501.28,381.264,immune_enriched,CTA_composition_plus_H&E_patch_feature_proxy,True,12.600611845462108,12.600611845462108,False,False,False,False,True
ATTTACTAAGTCCATT-1,1,31,111,5828,11001,36670.0,19426.6666666667,24,24,0,0,1.0,0.0,0.0,Tumor,1.0,True,,positive,negative,negative,negative,Immune cells,0.3853674433762424,0.1250189634664737,0.6146325566237575,0.2421921677258161,0.0161859757753516,0.0868325497840461,1.0,457.6416,242.4448,tumor_core,CTA_composition_plus_H&E_patch_feature_proxy,True,-56.7313279520231,56.7313279520231,False,True,False,False,True
ATTTATACTGGTAAAG-1,1,75,75,12505,7867,26223.3333333333,41683.3333333333,5,0,0,5,0.0,0.0,1.0,Stroma,1.0,True,,negative,negative,positive,negative,Immune cells,0.7963246609816595,0.0763748014121906,0.2036753390183404,0.1312367606322307,0.0562924338710553,0.0234071016320758,1.0,327.2672,520.208,stroma_rich,CTA_composition_plus_H&E_patch_feature_proxy,True,0.0,0.0,True,False,True,True,True
ATTTCCGGGTTCTGCG-1,1,55,35,9473,4378,14593.3333333333,31576.6666666667,24,22,0,2,0.9166666666666666,0.0,0.0833333333333333,Tumor,0.9166666666666666,True,,positive,negative,negative,negative,Immune cells,0.4709105064001593,0.1201788946812229,0.5290894935998407,0.2089511704958992,-0.0022703818369453,0.0940144478844169,1.0,182.1248,394.0768,tumor_core,CTA_composition_plus_H&E_patch_feature_proxy,True,-19.22667214054478,19.22667214054478,False,True,False,False,True
ATTTGCGCGAGTAGCT-1,1,53,31,9170,4029,13430.0,30566.6666666667,21,10,2,9,0.4761904761904761,0.0952380952380952,0.4285714285714285,Tumor,0.4761904761904761,True,,ambiguous,negative,ambiguous,negative,Immune cells,0.5895859359440914,0.1695303542083642,0.4104140640559086,0.1524740644180109,0.001803269784368,0.1168482207697893,1.0,167.60639999999998,381.472,stroma_rich,CTA_composition_plus_H&E_patch_feature_proxy,True,0.0,0.0,True,False,True,True,True
ATTTGTCTTGGGAGCT-1,1,40,84,7195,8648,28826.6666666667,23983.3333333333,21,21,0,0,1.0,0.0,0.0,Tumor,1.0,True,,positive,negative,negative,negative,Immune cells,0.4670251480093422,0.1185687377202018,0.5329748519906576,0.2042040084731953,-0.0011188963119873,0.1121736803883346,1.0,359.7568,299.312,tumor_core,CTA_composition_plus_H&E_patch_feature_proxy,True,-31.781147619304093,31.781147619304093,False,True,False,False,True
CAAACCCTCCGGCGGG-1,1,70,70,11747,7430,24766.6666666667,39156.6666666667,13,0,4,9,0.0,0.3076923076923077,0.6923076923076923,Stroma,0.6923076923076923,True,,negative,ambiguous,positive,ambiguous,Immune cells,0.6101424872811544,0.128581736140403,0.3898575127188456,0.1801531693009613,0.0249742002063983,0.1015938539158353,1.0,309.08799999999997,488.67519999999996,immune_enriched,CTA_composition_plus_H&E_patch_feature_proxy,True,7.28000000000003,7.28000000000003,True,False,False,False,True
CAAACGAGTATCGCAG-1,1,47,47,8259,5423,18076.6666666667,27530.0,28,18,10,0,0.6428571428571429,0.3571428571428571,0.0,Tumor,0.6428571428571429,True,,positive,ambiguous,negative,ambiguous,Immune cells,0.4800861803631886,0.1104964669927273,0.5199138196368113,0.2131551789690945,0.0105589050024441,0.0667660436494285,1.0,225.5968,343.57439999999997,immune_enriched,CTA_composition_plus_H&E_patch_feature_proxy,True,12.56464627436845,12.56464627436845,False,False,False,False,True
CAAACTCGCGACGCCG-1,1,45,111,7952,11003,36676.6666666667,26506.6666666667,19,18,0,1,0.9473684210526316,0.0,0.0526315789473684,Tumor,0.9473684210526316,True,,positive,negative,negative,negative,Immune cells,0.4345843970090344,0.1264647967476168,0.5654156029909655,0.2346097441746781,0.0136114279506816,0.084646256163284,1.0,457.72479999999996,330.8032,tumor_core,CTA_composition_plus_H&E_patch_feature_proxy,True,-7.238400000000013,7.238400000000013,True,True,False,False,True
CAAAGATTATTGGGCC-1,1,56,30,9625,3942,13140.0,32083.3333333333,17,14,2,1,0.8235294117647058,0.1176470588235294,0.0588235294117647,Tumor,0.8235294117647058,True,,positive,negative,negative,negative,Immune cells,0.5419767168178444,0.1250906761822315,0.4580232831821556,0.1841507794253435,0.0068111455108359,0.1113366204181477,1.0,163.9872,400.4,tumor_core,CTA_composition_plus_H&E_patch_feature_proxy,True,-12.5797877247591,12.5797877247591,False,True,False,False,True
CAAAGGTCATCTGAAA-1,1,46,124,8103,12136,40453.3333333333,27010.0,34,34,0,0,1.0,0.0,0.0,Tumor,1.0,True,,positive,negative,negative,negative,Immune cells,0.416682056017236,0.1303267433147805,0.5833179439827639,0.2227255445114334,0.011514855249579,0.0866758399266139,1.0,504.8576,337.0848,tumor_core,CTA_composition_plus_H&E_patch_feature_proxy,True,-21.841743168529383,21.841743168529383,False,True,False,False,True
CAAATGTCCTTCCGTG-1,1,45,53,7955,5946,19820.0,26516.6666666667,23,23,0,0,1.0,0.0,0.0,Tumor,1.0,True,,positive,negative,negative,negative,Immune cells,0.455155432440751,0.1214296920535744,0.5448445675592489,0.2340665906251697,0.0206941502362717,0.0925887704009479,1.0,247.3536,330.928,tumor_core,CTA_composition_plus_H&E_patch_feature_proxy,True,-14.556077185835486,14.556077185835486,False,True,False,False,True
CAAATTGGATTATGCC-1,1,22,116,4463,11436,38120.0,14876.6666666667,23,23,0,0,1.0,0.0,0.0,Tumor,1.0,True,,positive,negative,negative,negative,Immune cells,0.4201654807814169,0.1322898084081606,0.5798345192185831,0.2313073705936668,0.0262560425832382,0.1060696403317662,1.0,475.7376,185.6608,tumor_core,CTA_composition_plus_H&E_patch_feature_proxy,True,-12.56464627436841,12.56464627436841,False,True,False,False,True
CAACACATCTCCTGCC-1,1,32,120,5980,11786,39286.6666666667,19933.3333333333,20,20,0,0,1.0,0.0,0.0,Tumor,1.0,True,,positive,negative,negative,negative,Immune cells,0.4129958539279054,0.1320029596461433,0.5870041460720944,0.2510998859377546,0.0280484492966161,0.0887704009479035,1.0,490.2976,248.768,tumor_core,CTA_composition_plus_H&E_patch_feature_proxy,True,-31.666235878613676,31.666235878613676,False,True,False,False,True
CAACCAGTGGCCTACC-1,1,61,115,10379,11353,37843.3333333333,34596.6666666667,11,0,3,8,0.0,0.2727272727272727,0.7272727272727273,Stroma,0.7272727272727273,True,,negative,ambiguous,positive,ambiguous,Immune cells,0.6836782358372713,0.1540378182970968,0.3163217641627287,0.1449676823638042,0.0290804410406821,0.0868172610174674,1.0,472.28479999999996,431.7664,stroma_rich,CTA_composition_plus_H&E_patch_feature_proxy,True,0.0,0.0,True,False,True,True,True
CAACCTACCGAGCAGT-1,1,61,103,10380,10307,34356.6666666667,34600.0,9,0,4,5,0.0,0.4444444444444444,0.5555555555555556,Stroma,0.5555555555555556,True,,negative,ambiguous,ambiguous,ambiguous,Immune cells,0.527224666413195,0.1218698588324981,0.472775333586805,0.2073434359893541,0.0184237683993264,0.0875511218132477,1.0,428.77119999999996,431.808,immune_enriched,CTA_composition_plus_H&E_patch_feature_proxy,True,7.249628073218644,7.249628073218644,True,False,False,False,True
CAACCTGAACCTGCCA-1,1,25,123,4918,12047,40156.6666666667,16393.3333333333,25,25,0,0,1.0,0.0,0.0,Tumor,1.0,True,,positive,negative,negative,negative,Immune cells,0.4351710028425035,0.1290445290078938,0.5648289971574965,0.2458204334365325,0.0306229971212861,0.0826778274662691,1.0,501.1552,204.5888,tumor_core,CTA_composition_plus_H&E_patch_feature_proxy,True,-7.24962807321864,7.24962807321864,True,True,False,False,True
CAACGTGGTGGAGTCT-1,1,55,113,9469,11178,37260.0,31563.3333333333,15,12,1,2,0.8,0.0666666666666666,0.1333333333333333,Tumor,0.8,True,,positive,negative,negative,negative,Immune cells,0.5195010229391849,0.1277960811922008,0.4804989770608152,0.2112867307587855,0.0231926565640106,0.0900279019990062,1.0,465.0048,393.9104,tumor_core,CTA_composition_plus_H&E_patch_feature_proxy,True,-7.285702909122775,7.285702909122775,True,True,False,False,True
CAACTGCTCATCCGAT-1,1,59,55,10079,6122,20406.6666666667,33596.6666666667,22,22,0,0,1.0,0.0,0.0,Tumor,1.0,True,,positive,negative,negative,negative,Immune cells,0.4521572248474644,0.1162730322270201,0.5478427751525355,0.2121666395089892,-0.0011188963119873,0.0963345182127431,1.0,254.6752,419.28639999999996,tumor_core,CTA_composition_plus_H&E_patch_feature_proxy,True,-12.604799999999955,12.604799999999955,False,True,False,False,True
CAAGACTCAGAAGCGC-1,1,30,126,5676,12309,41030.0,18920.0,32,32,0,0,1.0,0.0,0.0,Tumor,1.0,True,,positive,negative,negative,negative,Immune cells,0.4224756938786595,0.1298497057068484,0.5775243061213404,0.226755743848786,0.021802183477269,0.0918319764552994,1.0,512.0544,236.1216,tumor_core,CTA_composition_plus_H&E_patch_feature_proxy,True,-26.27967848813986,26.27967848813986,False,True,False,False,True
CAAGAGGGCGGAGTAC-1,1,46,74,8106,7777,25923.3333333333,27020.0,20,14,2,4,0.7,0.1,0.2,Tumor,0.7,True,,positive,negative,negative,negative,Immune cells,0.4482718664566473,0.1275856461904606,0.5517281335433526,0.2212047145728097,0.0092770626256042,0.1117723502656423,1.0,323.5232,337.20959999999997,tumor_core,CTA_composition_plus_H&E_patch_feature_proxy,True,-14.518399999999986,14.518399999999986,False,True,False,False,True
CAAGATATTATAACGT-1,1,45,89,7953,9085,30283.3333333333,26510.0,24,24,0,0,1.0,0.0,0.0,Tumor,1.0,True,,positive,negative,negative,negative,Immune cells,0.4634439556062499,0.1178598191860392,0.5365560443937502,0.2148606811145511,0.007528108196187,0.103428505905286,1.0,377.936,330.84479999999996,tumor_core,CTA_composition_plus_H&E_patch_feature_proxy,True,-21.798439694620363,21.798439694620363,False,True,False,False,True
CAAGCAACGTCGGAGT-1,1,32,38,5984,4637,15456.6666666667,19946.6666666667,22,8,13,1,0.3636363636363636,0.5909090909090909,0.0454545454545454,Immune cells,0.5909090909090909,True,,ambiguous,ambiguous,negative,ambiguous,Immune cells,0.7404595079028841,0.1677562728392857,0.2595404920971158,0.0876323936776926,0.0111129216229427,0.0519550510262584,1.0,192.89919999999998,248.93439999999998,immune_enriched,CTA_composition_plus_H&E_patch_feature_proxy,True,7.285702909122762,7.285702909122762,True,False,False,False,True
CAAGCGGCACATAATT-1,1,54,72,9320,7603,25343.3333333333,31066.6666666667,20,20,0,0,1.0,0.0,0.0,Tumor,1.0,True,,positive,negative,negative,negative,Immune cells,0.5112378469393298,0.1199268070979437,0.4887621530606702,0.2099505730269947,0.0137200586605833,0.0851316745021595,1.0,316.28479999999996,387.712,tumor_core,CTA_composition_plus_H&E_patch_feature_proxy,True,-14.5560771858355,14.5560771858355,False,True,False,False,True
CAAGGATCGCATGTTC-1,1,40,68,7196,7253,24176.6666666667,23986.6666666667,33,33,0,0,1.0,0.0,0.0,Tumor,1.0,True,,positive,negative,negative,negative,Immune cells,0.433976065033585,0.1212540474779558,0.566023934966415,0.2083428385204497,0.0003584813426755,0.1090050835148874,1.0,301.72479999999996,299.3536,tumor_core,CTA_composition_plus_H&E_patch_feature_proxy,True,-26.215295492517352,26.215295492517352,False,True,False,False,True
CAAGGCCAGTGGTGCA-1,1,66,100,11138,10046,33486.6666666667,37126.6666666667,21,16,4,1,0.7619047619047619,0.1904761904761904,0.0476190476190476,Tumor,0.7619047619047619,True,,positive,negative,negative,negative,Immune cells,0.6122716491952275,0.1361681672808387,0.3877283508047724,0.1741133018304274,0.0253544076910542,0.1022474486870772,1.0,417.9136,463.3408,tumor_core,CTA_composition_plus_H&E_patch_feature_proxy,True,-12.543762446730252,12.543762446730252,False,True,False,False,True
CAAGGTCCTATAGGCT-1,1,34,110,6284,10914,36380.0,20946.6666666667,33,33,0,0,1.0,0.0,0.0,Tumor,1.0,True,,positive,negative,negative,negative,Immune cells,0.3932214437021346,0.1285222806355748,0.6067785562978655,0.233186681874966,0.012286133289881,0.0896991935175629,1.0,454.0224,261.4144,tumor_core,CTA_composition_plus_H&E_patch_feature_proxy,True,-59.59771700325441,59.59771700325441,False,True,False,False,True
CAAGTAAGTGATAGAC-1,1,69,53,11596,5948,19826.6666666667,38653.3333333333,13,8,1,4,0.6153846153846154,0.0769230769230769,0.3076923076923077,Tumor,0.6153846153846154,True,,positive,negative,ambiguous,negative,Immune cells,0.5112269838683395,0.122362856101491,0.4887730161316604,0.2060181413285536,0.0162946064852533,0.0872759240148301,1.0,247.43679999999998,482.3936,mixed_boundary,CTA_composition_plus_H&E_patch_feature_proxy,True,0.0,0.0,True,False,True,True,True
CAAGTGTGGTTGCAAA-1,1,40,94,7195,9520,31733.3333333333,23983.3333333333,27,27,0,0,1.0,0.0,0.0,Tumor,1.0,True,,positive,negative,negative,negative,Immune cells,0.4075317292198505,0.1345822313310827,0.5924682707801495,0.2161533865623811,-0.0018575851393188,0.100982303252685,1.0,396.032,299.312,tumor_core,CTA_composition_plus_H&E_patch_feature_proxy,True,-44.13908989002832,44.13908989002832,False,True,False,False,True
CAATACGAGAGTCTGA-1,1,44,120,7800,11787,39290.0,26000.0,10,7,0,3,0.7,0.0,0.3,Tumor,0.7,True,,positive,negative,ambiguous,negative,Immune cells,0.3743341842738942,0.1236003076184337,0.6256658157261057,0.2401499103796643,0.0109065232741295,0.0606964033176623,1.0,490.3392,324.47999999999996,tumor_core,CTA_composition_plus_H&E_patch_feature_proxy,True,-7.285702909122747,7.285702909122747,True,True,False,False,True
CAATATTCTTGACCTA-1,1,54,40,9321,4813,16043.3333333333,31070.0,28,28,0,0,1.0,0.0,0.0,Tumor,1.0,True,,positive,negative,negative,negative,Immune cells,0.4576503177448264,0.1200678566221447,0.5423496822551734,0.2190538265167562,0.0032263320840801,0.1069372778351106,1.0,200.2208,387.7536,tumor_core,CTA_composition_plus_H&E_patch_feature_proxy,True,-14.535316219470442,14.535316219470442,False,True,False,False,True
CAATGACCCTTAATTT-1,1,73,57,12203,6297,20990.0,40676.6666666667,9,2,2,5,0.2222222222222222,0.2222222222222222,0.5555555555555556,Stroma,0.5555555555555556,True,,ambiguous,ambiguous,ambiguous,ambiguous,Immune cells,0.6508826245179513,0.160237994357191,0.3491173754820487,0.1617511270436152,0.0301124327847482,0.0815426365477965,1.0,261.9552,507.6448,stroma_rich,CTA_composition_plus_H&E_patch_feature_proxy,True,0.0,0.0,True,False,True,True,True
CAATGAGGTTCGACTA-1,1,29,119,5525,11699,38996.6666666667,18416.6666666667,30,30,0,0,1.0,0.0,0.0,Tumor,1.0,True,,positive,negative,negative,negative,Immune cells,0.4206434559049844,0.1301416727860505,0.5793565440950156,0.2380316115365814,0.0209114116560751,0.0865611741772732,1.0,486.67839999999995,229.84,tumor_core,CTA_composition_plus_H&E_patch_feature_proxy,True,-26.216615726672288,26.216615726672288,False,True,False,False,True
CAATGCGAGAAGTATC-1,1,54,82,9319,8475,28250.0,31063.3333333333,29,29,0,0,1.0,0.0,0.0,Tumor,1.0,True,,positive,negative,negative,negative,Immune cells,0.4727680915394782,0.1248508923625221,0.5272319084605218,0.2133615773179077,0.0040410624083428,0.0902916332224897,1.0,352.56,387.6704,tumor_core,CTA_composition_plus_H&E_patch_feature_proxy,True,-12.604800000000012,12.604800000000012,False,True,False,False,True
CAATGTGCCAACCCTT-1,1,37,115,6738,11351,37836.6666666667,22460.0,28,28,0,0,1.0,0.0,0.0,Tumor,1.0,True,,positive,negative,negative,negative,Immune cells,0.3877392138757627,0.1283669232714161,0.6122607861242373,0.2488620933137798,0.0235511379066862,0.0781867522837595,1.0,472.2016,280.3008,tumor_core,CTA_composition_plus_H&E_patch_feature_proxy,True,-43.6627424956335,43.6627424956335,False,True,False,False,True
CAATTTCGTATAAGGG-1,1,37,63,6741,6817,22723.3333333333,22470.0,24,24,0,0,1.0,0.0,0.0,Tumor,1.0,True,,positive,negative,negative,negative,Immune cells,0.4100881719262035,0.1241406176980271,0.5899118280737965,0.220194448970724,0.0097984900331323,0.1062760386805794,1.0,283.5872,280.4256,tumor_core,CTA_composition_plus_H&E_patch_feature_proxy,True,-14.535316219470442,14.535316219470442,False,True,False,False,True
CACAATGAGCTGCTAT-1,1,42,50,7500,5684,18946.6666666667,25000.0,14,3,7,4,0.2142857142857142,0.5,0.2857142857142857,Immune cells,0.5,True,,ambiguous,ambiguous,ambiguous,ambiguous,Immune cells,0.51939963427661,0.1137221623728004,0.4806003657233899,0.1975992613111726,0.0119276519472054,0.0878148530367312,1.0,236.4544,312.0,immune_enriched,CTA_composition_plus_H&E_patch_feature_proxy,True,7.285702909122762,7.285702909122762,True,False,False,False,True
CACACACGCTAACGAG-1,1,55,103,9470,10306,34353.3333333333,31566.6666666667,28,28,0,0,1.0,0.0,0.0,Tumor,1.0,True,,positive,negative,negative,negative,Immune cells,0.4629877066246627,0.1256597522341526,0.5370122933753372,0.2243332790179784,0.0154472869480202,0.0869510377250315,1.0,428.7296,393.952,tumor_core,CTA_composition_plus_H&E_patch_feature_proxy,True,-19.270905340434844,19.270905340434844,False,True,False,False,True
CACACAGCTTGCGCTC-1,1,47,115,8255,11351,37836.6666666667,27516.6666666667,25,25,0,0,1.0,0.0,0.0,Tumor,1.0,True,,positive,negative,negative,negative,Immune cells,0.4441945938116705,0.1256646348017006,0.5558054061883294,0.2341643582640812,0.0174460920102112,0.0799296716737377,1.0,472.2016,343.40799999999996,tumor_core,CTA_composition_plus_H&E_patch_feature_proxy,True,-14.535316219470392,14.535316219470392,False,True,False,False,True
CACACGCGCTGTCTTA-1,1,33,89,6133,9083,30276.6666666667,20443.3333333333,30,22,3,5,0.7333333333333333,0.1,0.1666666666666666,Tumor,0.7333333333333333,True,,positive,negative,negative,negative,Immune cells,0.4207665707095396,0.1225554075255876,0.5792334292904604,0.2177937102818967,0.0060833197544945,0.0985093452585712,1.0,377.8528,255.13279999999997,tumor_core,CTA_composition_plus_H&E_patch_feature_proxy,True,-7.285702909122775,7.285702909122775,True,True,False,False,True
CACAGAGACGAGGACG-1,1,64,20,10839,3071,10236.6666666667,36130.0,17,0,13,4,0.0,0.7647058823529411,0.2352941176470588,Immune cells,0.7647058823529411,True,,negative,positive,ambiguous,positive,Immune cells,0.7134828816106312,0.1671595942343277,0.2865171183893686,0.1026451577861061,0.0101352452338276,0.0671826625386996,1.0,127.75359999999999,450.9024,immune_enriched,CTA_composition_plus_H&E_patch_feature_proxy,True,19.208211577343704,19.208211577343704,False,False,False,False,True
CACAGGGCCATATAGT-1,1,57,97,9773,9783,32610.0,32576.6666666667,20,20,0,0,1.0,0.0,0.0,Tumor,1.0,True,,positive,negative,negative,negative,Immune cells,0.5090797168359494,0.1277532457042106,0.4909202831640505,0.2057139753408288,0.0093856933355059,0.0885831135573137,1.0,406.9728,406.5568,tumor_core,CTA_composition_plus_H&E_patch_feature_proxy,True,-19.208211577343647,19.208211577343647,False,True,False,False,True
CACAGGGCCGTTGTCA-1,1,62,60,10534,6558,21860.0,35113.3333333333,21,10,3,8,0.4761904761904761,0.1428571428571428,0.3809523809523809,Tumor,0.4761904761904761,True,,ambiguous,negative,ambiguous,negative,Immune cells,0.4945159596617964,0.1184777357976232,0.5054840403382036,0.2154907392319808,0.0101352452338276,0.0901463899399915,1.0,272.8128,438.21439999999996,stroma_rich,CTA_composition_plus_H&E_patch_feature_proxy,True,0.0,0.0,True,False,True,True,True
CACAGTCCCGCTTCGC-1,1,60,112,10228,11091,36970.0,34093.3333333333,12,4,3,5,0.3333333333333333,0.25,0.4166666666666667,Stroma,0.4166666666666667,True,,ambiguous,ambiguous,ambiguous,ambiguous,Immune cells,0.5650824688139336,0.1098167245631947,0.4349175311860663,0.181608820813644,0.0140785400032589,0.0897679929671674,1.0,461.38559999999995,425.4848,stroma_rich,CTA_composition_plus_H&E_patch_feature_proxy,True,0.0,0.0,True,False,True,True,True
CACAGTTCGCTTCCCA-1,1,54,114,9317,11265,37550.0,31056.6666666667,9,7,0,2,0.7777777777777778,0.0,0.2222222222222222,Tumor,0.7777777777777778,True,,positive,negative,ambiguous,negative,Immune cells,0.5087936559665417,0.1226529097938556,0.4912063440334582,0.2183042746184346,0.0256802998207593,0.0796391851087413,1.0,468.62399999999997,387.5872,tumor_core,CTA_composition_plus_H&E_patch_feature_proxy,True,-12.600611845462108,12.600611845462108,False,True,False,False,True
CACATATTAGCAGGAT-1,1,47,73,8258,7690,25633.3333333333,27526.6666666667,28,28,0,0,1.0,0.0,0.0,Tumor,1.0,True,,positive,negative,negative,negative,Immune cells,0.448771567722195,0.1235281281545312,0.5512284322778048,0.2247678018575851,0.0094182825484764,0.0968925581928678,1.0,319.904,343.5328,tumor_core,CTA_composition_plus_H&E_patch_feature_proxy,True,-19.208211577343665,19.208211577343665,False,True,False,False,True
CACATCGTGCACGCGC-1,1,60,38,10232,4640,15466.6666666667,34106.6666666667,20,20,0,0,1.0,0.0,0.0,Tumor,1.0,True,,positive,negative,negative,negative,Immune cells,0.5025256640052143,0.1232855151287615,0.4974743359947857,0.2078757264678724,0.0095051871163978,0.1013798111837327,1.0,193.024,425.65119999999996,tumor_core,CTA_composition_plus_H&E_patch_feature_proxy,True,-7.280000000000001,7.280000000000001,True,True,False,False,True
CACATCTCACCGACGA-1,1,57,75,9774,7865,26216.6666666667,32580.0,16,12,1,3,0.75,0.0625,0.1875,Tumor,0.75,True,,positive,negative,negative,negative,Immune cells,0.4913077326960331,0.1190136605447228,0.5086922673039668,0.2229971212861876,0.013698332518603,0.071738714979169,1.0,327.18399999999997,406.59839999999997,tumor_core,CTA_composition_plus_H&E_patch_feature_proxy,True,-7.249628073218616,7.249628073218616,True,True,False,False,True
CACATGATTCAGCAAC-1,1,38,64,6893,6904,23013.3333333333,22976.6666666667,26,26,0,0,1.0,0.0,0.0,Tumor,1.0,True,,positive,negative,negative,negative,Immune cells,0.4126047833722593,0.1265880128396592,0.5873952166277407,0.2182499592634837,0.0070935853565803,0.1125597217444482,1.0,287.2064,286.74879999999996,tumor_core,CTA_composition_plus_H&E_patch_feature_proxy,True,-21.7568,21.7568,False,True,False,False,True
CACATTTCTTGTCAGA-1,1,44,108,7801,10741,35803.3333333333,26003.3333333333,38,38,0,0,1.0,0.0,0.0,Tumor,1.0,True,,positive,negative,negative,negative,Immune cells,0.4356453569424076,0.1300417876848687,0.5643546430575924,0.2260713703764054,0.009776763891152,0.0991400068799449,1.0,446.82559999999995,324.5216,tumor_core,CTA_composition_plus_H&E_patch_feature_proxy,True,-12.600611845462058,12.600611845462058,False,True,False,False,True
CACCCAAATCTTATGT-1,1,35,105,6436,10479,34930.0,21453.3333333333,18,14,0,4,0.7777777777777778,0.0,0.2222222222222222,Tumor,0.7777777777777778,True,,positive,negative,ambiguous,negative,Immune cells,0.3974363152463201,0.1271493767760768,0.6025636847536798,0.2295366900222693,0.0085709630112432,0.0935060963956732,1.0,435.9264,267.7376,tumor_core,CTA_composition_plus_H&E_patch_feature_proxy,True,-50.460800000000006,50.460800000000006,False,True,False,False,True
CACCCGGTTTGTGACT-1,1,53,39,9170,4726,15753.3333333333,30566.6666666667,24,24,0,0,1.0,0.0,0.0,Tumor,1.0,True,,positive,negative,negative,negative,Immune cells,0.4604167798236562,0.1204214380243727,0.5395832201763439,0.2152517516701972,0.0021291619140731,0.1062416389557772,1.0,196.6016,381.472,tumor_core,CTA_composition_plus_H&E_patch_feature_proxy,True,-7.285702909122762,7.285702909122762,True,True,False,False,True
CACCCTAACAAGATCT-1,1,56,80,9623,8301,27670.0,32076.6666666667,17,16,1,0,0.9411764705882352,0.0588235294117647,0.0,Tumor,0.9411764705882352,True,,positive,negative,negative,negative,Immune cells,0.4753933336954357,0.1229619802505782,0.5246066663045643,0.2221823909619249,0.0086470045081744,0.0943928448572411,1.0,345.3216,400.3168,tumor_core,CTA_composition_plus_H&E_patch_feature_proxy,True,-7.249628073218616,7.249628073218616,True,True,False,False,True
CACCGGGCATCACAAG-1,1,72,94,12049,9523,31743.3333333333,40163.3333333333,14,9,1,4,0.6428571428571429,0.0714285714285714,0.2857142857142857,Tumor,0.6428571428571429,True,,positive,negative,ambiguous,negative,Immune cells,0.8178444046131842,0.0481066110684551,0.1821555953868157,0.1098799630655586,0.0420292216609635,0.0068035011275465,1.0,396.1568,501.23839999999996,mixed_boundary,CTA_composition_plus_H&E_patch_feature_proxy,True,0.0,0.0,True,False,True,True,True
CACCGTATCCCATCCG-1,1,52,104,9014,10393,34643.3333333333,30046.6666666667,18,18,0,0,1.0,0.0,0.0,Tumor,1.0,True,,positive,negative,negative,negative,Immune cells,0.4534716564372748,0.129775656051087,0.5465283435627252,0.2224322415946988,0.009201021128673,0.0893399075029622,1.0,432.3488,374.9824,tumor_core,CTA_composition_plus_H&E_patch_feature_proxy,True,-14.5560771858355,14.5560771858355,False,True,False,False,True
CACCGTTAGGGATCAC-1,1,53,37,9170,4552,15173.3333333333,30566.6666666667,19,19,0,0,1.0,0.0,0.0,Tumor,1.0,True,,positive,negative,negative,negative,Immune cells,0.46773848967103,0.1205232696595983,0.53226151032897,0.2046711205257726,-0.0044864483189397,0.1037151702786377,1.0,189.36319999999998,381.472,tumor_core,CTA_composition_plus_H&E_patch_feature_proxy,True,-7.285702909122762,7.285702909122762,True,True,False,False,True
CACCTTGGCGCCTTTG-1,1,43,103,7649,10305,34350.0,25496.6666666667,30,30,0,0,1.0,0.0,0.0,Tumor,1.0,True,,positive,negative,negative,negative,Immune cells,0.3958394438107653,0.1326445169082369,0.6041605561892347,0.2277008310249307,0.0066481994459833,0.0821924091273936,1.0,428.688,318.1984,tumor_core,CTA_composition_plus_H&E_patch_feature_proxy,True,-7.238400000000013,7.238400000000013,True,True,False,False,True
CACGCAGCGAGGCTTT-1,1,31,43,5832,5073,16910.0,19440.0,32,5,27,0,0.15625,0.84375,0.0,Immune cells,0.84375,True,,negative,positive,negative,positive,Immune cells,0.6515706190139953,0.1767630640767193,0.3484293809860047,0.125729183640215,0.0048014773776546,0.0793448763521003,1.0,211.0368,242.6112,immune_enriched,CTA_composition_plus_H&E_patch_feature_proxy,True,12.564646274368396,12.564646274368396,False,False,False,False,True
CACGCGGAACTGTTGC-1,1,42,98,7498,9869,32896.6666666667,24993.3333333333,26,26,0,0,1.0,0.0,0.0,Tumor,1.0,True,,positive,negative,negative,negative,Immune cells,0.3963681132656201,0.1268974519752642,0.6036318867343797,0.2254521753299658,0.0029438922383357,0.0952604823605855,1.0,410.55039999999997,311.91679999999997,tumor_core,CTA_composition_plus_H&E_patch_feature_proxy,True,-26.141917958711485,26.141917958711485,False,True,False,False,True
CACGGACGTGGATGGC-1,1,23,123,4614,12047,40156.6666666667,15380.0,24,24,0,0,1.0,0.0,0.0,Tumor,1.0,True,,positive,negative,negative,negative,Immune cells,0.4374305216084587,0.1287673505395511,0.5625694783915413,0.2441801097170169,0.0309597523219814,0.0844933684974964,1.0,501.1552,191.9424,tumor_core,CTA_composition_plus_H&E_patch_feature_proxy,True,-19.270905340434833,19.270905340434833,False,True,False,False,True
CACGTCAATCAATGGA-1,1,62,116,10531,11440,38133.3333333333,35103.3333333333,6,0,0,6,0.0,0.0,1.0,Stroma,1.0,True,,negative,negative,positive,negative,Immune cells,0.7921025473901472,0.1026094462264849,0.2078974526098526,0.1196350008147303,0.0413339851175927,0.0385697358865573,1.0,475.904,438.08959999999996,stroma_rich,CTA_composition_plus_H&E_patch_feature_proxy,True,0.0,0.0,True,False,True,True,True
CACGTCGGCAACCTCT-1,1,49,37,8563,4551,15170.0,28543.3333333333,35,35,0,0,1.0,0.0,0.0,Tumor,1.0,True,,positive,negative,negative,negative,Immune cells,0.4313942751615882,0.1192711016644253,0.5686057248384118,0.2138721416544457,0.0003476182716854,0.0940259144593509,1.0,189.3216,356.2208,tumor_core,CTA_composition_plus_H&E_patch_feature_proxy,True,-12.5797877247591,12.5797877247591,False,True,False,False,True
CACGTTCGTGCTCTAG-1,1,37,81,6740,8386,27953.3333333333,22466.6666666667,24,19,3,2,0.7916666666666666,0.125,0.0833333333333333,Tumor,0.7916666666666666,True,,positive,negative,negative,negative,Immune cells,0.4649177122372495,0.1195890147083244,0.5350822877627505,0.2195100754983434,0.0170007060996143,0.0977028628215418,1.0,348.8576,280.384,tumor_core,CTA_composition_plus_H&E_patch_feature_proxy,True,-14.535316219470442,14.535316219470442,False,True,False,False,True
CACGTTTCGTACACAC-1,1,55,91,9470,9260,30866.6666666667,31566.6666666667,29,29,0,0,1.0,0.0,0.0,Tumor,1.0,True,,positive,negative,negative,negative,Immune cells,0.4519001321673637,0.1231890078535441,0.5480998678326363,0.2280267231546358,0.0116995274564119,0.0918396208385888,1.0,385.216,393.952,tumor_core,CTA_composition_plus_H&E_patch_feature_proxy,True,-33.363303740487105,33.363303740487105,False,True,False,False,True
CACTAAAGTTGCCTAT-1,1,35,51,6438,5771,19236.6666666667,21460.0,10,1,8,1,0.1,0.8,0.1,Immune cells,0.8,True,,negative,positive,negative,positive,Immune cells,0.5167273188130285,0.1124734295439194,0.4832726811869716,0.190679485090435,0.0082016185975775,0.090914650460574,1.0,240.0736,267.82079999999996,immune_enriched,CTA_composition_plus_H&E_patch_feature_proxy,True,14.535316219470403,14.535316219470403,False,False,False,False,True
CACTACGGGAGCTGCC-1,1,59,107,10076,10655,35516.6666666667,33586.6666666667,26,26,0,0,1.0,0.0,0.0,Tumor,1.0,True,,positive,negative,negative,negative,Immune cells,0.5221769594264298,0.1210912885305362,0.4778230405735701,0.2065395687360817,0.0136005648796914,0.0902343003478194,1.0,443.248,419.16159999999996,tumor_core,CTA_composition_plus_H&E_patch_feature_proxy,True,-12.600611845462108,12.600611845462108,False,True,False,False,True
CACTCAAGAGCTATGG-1,1,39,57,7045,6294,20980.0,23483.3333333333,26,26,0,0,1.0,0.0,0.0,Tumor,1.0,True,,positive,negative,negative,negative,Immune cells,0.4905943910343454,0.1164166479327154,0.5094056089656546,0.2162620172722829,0.0195209385693335,0.0875090777051561,1.0,261.8304,293.072,tumor_core,CTA_composition_plus_H&E_patch_feature_proxy,True,-7.285702909122775,7.285702909122775,True,True,False,False,True
CACTCCTATGTAAGAT-1,1,56,36,9625,4465,14883.3333333333,32083.3333333333,23,23,0,0,1.0,0.0,0.0,Tumor,1.0,True,,positive,negative,negative,negative,Immune cells,0.473119330834827,0.1237247405888476,0.526880669165173,0.2100266145239259,-0.0012383900928792,0.1008217712036081,1.0,185.744,400.4,tumor_core,CTA_composition_plus_H&E_patch_feature_proxy,True,-21.7568,21.7568,False,True,False,False,True
CACTCGAGCTGAACAA-1,1,48,74,8409,7777,25923.3333333333,28030.0,20,20,0,0,1.0,0.0,0.0,Tumor,1.0,True,,positive,negative,negative,negative,Immune cells,0.4421378523708653,0.1225227411681826,0.5578621476291348,0.225919287382543,0.0088425397859975,0.0998432901425677,1.0,323.5232,349.8144,tumor_core,CTA_composition_plus_H&E_patch_feature_proxy,True,-19.226672140544757,19.226672140544757,False,True,False,False,True
CACTCTCAAGCATCGA-1,1,69,47,11596,5425,18083.3333333333,38653.3333333333,20,15,0,5,0.75,0.0,0.25,Tumor,0.75,True,,positive,negative,ambiguous,negative,Immune cells,0.5053645465573117,0.1146934978261707,0.4946354534426881,0.2007821411112921,0.0098528053880832,0.0932308985972556,1.0,225.67999999999998,482.3936,tumor_core,CTA_composition_plus_H&E_patch_feature_proxy,True,-12.564646274368396,12.564646274368396,False,True,False,False,True
CACTCTTCTGCTAGCC-1,1,59,101,10076,10132,33773.3333333333,33586.6666666667,21,18,1,2,0.8571428571428571,0.0476190476190476,0.0952380952380952,Tumor,0.8571428571428571,True,,positive,negative,negative,negative,Immune cells,0.4788224431046657,0.1257805169863192,0.5211775568953343,0.2092553364836239,0.0093965564064961,0.0884264036998815,1.0,421.4912,419.16159999999996,tumor_core,CTA_composition_plus_H&E_patch_feature_proxy,True,-7.249628073218616,7.249628073218616,True,True,False,False,True
CACTGACGATTGTGGA-1,1,65,51,10989,5774,19246.6666666667,36630.0,19,14,5,0,0.7368421052631579,0.2631578947368421,0.0,Tumor,0.7368421052631579,True,,positive,ambiguous,negative,ambiguous,Immune cells,0.4492423007984357,0.1244892490732118,0.5507576992015643,0.2353375699310195,0.0203573950355765,0.0870083705997018,1.0,240.1984,457.14239999999995,tumor_core,CTA_composition_plus_H&E_patch_feature_proxy,True,-7.270485210768231,7.270485210768231,True,True,False,False,True
CACTTAATCAGACGGA-1,1,34,48,6287,5509,18363.3333333333,20956.6666666667,17,12,3,2,0.7058823529411765,0.1764705882352941,0.1176470588235294,Tumor,0.7058823529411765,True,,positive,negative,negative,negative,Immune cells,0.4876867090326435,0.1155707618377532,0.5123132909673564,0.213633154092662,0.021161262288849,0.0887092458815885,1.0,229.1744,261.5392,tumor_core,CTA_composition_plus_H&E_patch_feature_proxy,True,-14.535316219470442,14.535316219470442,False,True,False,False,True
CAGAACTTAGCCCTCT-1,1,53,85,9167,8737,29123.3333333333,30556.6666666667,23,18,3,2,0.782608695652174,0.1304347826086956,0.0869565217391304,Tumor,0.782608695652174,True,,positive,negative,negative,negative,Immune cells,0.4670106639146886,0.1285220860837431,0.5329893360853113,0.2163706479821845,0.0094617348324371,0.095463058517754,1.0,363.4592,381.3472,tumor_core,CTA_composition_plus_H&E_patch_feature_proxy,True,-12.57978772475913,12.57978772475913,False,True,False,False,True
CAGAATAACACACGGA-1,1,55,111,9469,11004,36680.0,31563.3333333333,24,24,0,0,1.0,0.0,0.0,Tumor,1.0,True,,positive,negative,negative,negative,Immune cells,0.5109409229989318,0.1276440414236376,0.4890590770010682,0.2083754277334202,0.016403237195155,0.0849673202614379,1.0,457.7664,393.9104,tumor_core,CTA_composition_plus_H&E_patch_feature_proxy,True,-7.285702909122747,7.285702909122747,True,True,False,False,True
CAGAATATTCGTTATC-1,1,50,124,8710,12136,40453.3333333333,29033.3333333333,17,11,6,0,0.6470588235294118,0.3529411764705882,0.0,Tumor,0.6470588235294118,True,,positive,ambiguous,negative,ambiguous,Immune cells,0.4833197544945956,0.1393442713823357,0.5166802455054044,0.1975014936722611,0.0075715604801477,0.1138707334785766,1.0,504.8576,362.33599999999996,immune_enriched,CTA_composition_plus_H&E_patch_feature_proxy,True,25.12929254873687,25.12929254873687,False,False,False,False,True
CAGACACCGATCGCTG-1,1,53,51,9169,5772,19240.0,30563.3333333333,26,26,0,0,1.0,0.0,0.0,Tumor,1.0,True,,positive,negative,negative,negative,Immune cells,0.4713015769558054,0.1188223161404597,0.5286984230441946,0.2174352289392211,0.0137743740155341,0.0865764629438519,1.0,240.1152,381.43039999999996,tumor_core,CTA_composition_plus_H&E_patch_feature_proxy,True,-14.535316219470428,14.535316219470428,False,True,False,False,True
CAGACCTGTAAGTGTT-1,1,31,99,5829,9955,33183.3333333333,19430.0,24,23,0,1,0.9583333333333334,0.0,0.0416666666666666,Tumor,0.9583333333333334,True,,positive,negative,negative,negative,Immune cells,0.4163380587692141,0.1225976125470901,0.5836619412307859,0.2187931128129922,0.0004997012655477,0.107116920842411,1.0,414.128,242.48639999999997,tumor_core,CTA_composition_plus_H&E_patch_feature_proxy,True,-40.39240039413357,40.39240039413357,False,True,False,False,True
CAGACGAACCTGATAC-1,1,50,50,8714,5685,18950.0,29046.6666666667,29,29,0,0,1.0,0.0,0.0,Tumor,1.0,True,,positive,negative,negative,negative,Immune cells,0.4553545887422374,0.1214160733484013,0.5446454112577626,0.2194992124273532,0.0077996849709412,0.1000038221916446,1.0,236.49599999999998,362.50239999999997,tumor_core,CTA_composition_plus_H&E_patch_feature_proxy,True,-21.7568,21.7568,False,True,False,False,True
CAGAGACGGTCACCCA-1,1,51,57,8865,6295,20983.3333333333,29550.0,13,5,7,1,0.3846153846153846,0.5384615384615384,0.0769230769230769,Immune cells,0.5384615384615384,True,,ambiguous,ambiguous,negative,ambiguous,Immune cells,0.562334111853421,0.1162059275119253,0.437665888146579,0.1797620987453153,0.0098528053880832,0.0925696594427244,1.0,261.872,368.784,immune_enriched,CTA_composition_plus_H&E_patch_feature_proxy,True,7.249628073218693,7.249628073218693,True,False,False,False,True
CAGAGGCGATGCATGA-1,1,54,48,9321,5511,18370.0,31070.0,36,36,0,0,1.0,0.0,0.0,Tumor,1.0,True,,positive,negative,negative,negative,Immune cells,0.5126428041207249,0.1142975125330765,0.487357195879275,0.200195535277823,0.0123947639997827,0.0899705691243358,1.0,229.2576,387.7536,tumor_core,CTA_composition_plus_H&E_patch_feature_proxy,True,-7.24962807321863,7.24962807321863,True,True,False,False,True
CAGATAATGGGCGGGT-1,1,66,102,11138,10220,34066.6666666667,37126.6666666667,23,23,0,0,1.0,0.0,0.0,Tumor,1.0,True,,positive,negative,negative,negative,Immune cells,0.62122644071479,0.1428956703273255,0.3787735592852099,0.169713758079409,0.0281788061484981,0.1115812406834078,1.0,425.152,463.3408,tumor_core,CTA_composition_plus_H&E_patch_feature_proxy,True,-7.249628073218664,7.249628073218664,True,True,False,False,True
CAGCAGTCCAGACTAT-1,1,50,100,8711,10044,33480.0,29036.6666666667,30,30,0,0,1.0,0.0,0.0,Tumor,1.0,True,,positive,negative,negative,negative,Immune cells,0.4620389984248547,0.132198525843502,0.5379610015751454,0.2221280756069741,0.0137417848025636,0.0924244161602262,1.0,417.8304,362.3776,tumor_core,CTA_composition_plus_H&E_patch_feature_proxy,True,-7.238399999999956,7.238399999999956,True,True,False,False,True
CAGCAGTCTGTGCTGC-1,1,62,74,10533,7778,25926.6666666667,35110.0,21,18,3,0,0.8571428571428571,0.1428571428571428,0.0,Tumor,0.8571428571428571,True,,positive,negative,negative,negative,Immune cells,0.5178534571723425,0.1230179177877024,0.4821465428276574,0.2141002661452392,0.0152082993862364,0.0879753850858082,1.0,323.5648,438.1728,tumor_core,CTA_composition_plus_H&E_patch_feature_proxy,True,-7.279999999999973,7.279999999999973,True,True,False,False,True
CAGCGATTCCCTTCAA-1,1,53,43,9169,5075,16916.6666666667,30563.3333333333,28,28,0,0,1.0,0.0,0.0,Tumor,1.0,True,,positive,negative,negative,negative,Immune cells,0.4661271341408216,0.1221101951078849,0.5338728658591784,0.2170767475965455,0.0055727554179566,0.1070290104345831,1.0,211.11999999999998,381.43039999999996,tumor_core,CTA_composition_plus_H&E_patch_feature_proxy,True,-7.238400000000013,7.238400000000013,True,True,False,False,True
CAGCTCACTGAGACAT-1,1,33,59,6135,6468,21560.0,20450.0,23,8,6,9,0.3478260869565217,0.2608695652173913,0.391304347826087,Stroma,0.391304347826087,True,,ambiguous,ambiguous,ambiguous,ambiguous,Immune cells,0.5774880958847066,0.1128783298546054,0.4225119041152934,0.2028243984574439,0.0446472217695942,0.0663456025685128,1.0,269.0688,255.21599999999998,stroma_rich,CTA_composition_plus_H&E_patch_feature_proxy,True,0.0,0.0,True,False,True,True,True
CAGCTCGACAAGTTAA-1,1,28,90,5374,9170,30566.6666666667,17913.3333333333,0,0,0,0,0.0,0.0,0.0,unmapped,0.0,False,no_CTA_object_captured,excluded,excluded,excluded,excluded,Immune cells,0.722531819745442,0.1122917462208718,0.2774681802545579,0.1066427679104882,0.0197164738471565,0.1387646676604365,1.0,381.472,223.55839999999998,unmapped_or_excluded,CTA_composition_plus_H&E_patch_feature_proxy,True,26.26818486306202,26.26818486306202,False,False,False,False,True
CAGGACAGCTGCCCTT-1,1,35,127,6434,12397,41323.3333333333,21446.6666666667,14,6,3,5,0.4285714285714285,0.2142857142857142,0.3571428571428571,Tumor,0.4285714285714285,True,,ambiguous,ambiguous,ambiguous,ambiguous,Immune cells,0.4633642930856553,0.115730531524261,0.5366357069143447,0.19935907881158,0.01222095486394,0.0825325841837709,1.0,515.7152,267.6544,stroma_rich,CTA_composition_plus_H&E_patch_feature_proxy,True,0.0,0.0,True,False,True,True,True
CAGGATATATCGTTGT-1,1,44,60,7803,6556,21853.3333333333,26010.0,16,1,14,1,0.0625,0.875,0.0625,Immune cells,0.875,True,,negative,positive,negative,positive,Immune cells,0.5010193181612441,0.1142845370145044,0.4989806818387557,0.1921459996741078,-0.0042148715441855,0.0992317394794175,1.0,272.7296,324.6048,immune_enriched,CTA_composition_plus_H&E_patch_feature_proxy,True,14.592115438139835,14.592115438139835,False,False,False,False,True
CAGGCAGTCTTACCAG-1,1,65,85,10988,8738,29126.6666666667,36626.6666666667,27,27,0,0,1.0,0.0,0.0,Tumor,1.0,True,,positive,negative,negative,negative,Immune cells,0.5163434903047092,0.1241424062651804,0.4836565096952908,0.2109065232741295,0.0184346314703166,0.0887627565646141,1.0,363.50079999999997,457.1008,tumor_core,CTA_composition_plus_H&E_patch_feature_proxy,True,-7.249628073218616,7.249628073218616,True,True,False,False,True
CAGGCCGTTTGGGTGT-1,1,39,43,7046,5074,16913.3333333333,23486.6666666667,25,25,0,0,1.0,0.0,0.0,Tumor,1.0,True,,positive,negative,negative,negative,Immune cells,0.521268082486919,0.1188888314461322,0.478731917513081,0.1888979414480473,0.0078431372549019,0.1081221572449642,1.0,211.0784,293.11359999999996,tumor_core,CTA_composition_plus_H&E_patch_feature_proxy,True,-7.285702909122762,7.285702909122762,True,True,False,False,True
CAGGCGCACGGTGGTC-1,1,56,28,9625,3767,12556.6666666667,32083.3333333333,22,18,0,4,0.8181818181818182,0.0,0.1818181818181818,Tumor,0.8181818181818182,True,,positive,negative,negative,negative,Immune cells,0.6463744500570311,0.1645248185779555,0.3536255499429688,0.140068437347238,0.0122535440769105,0.1043534762833008,1.0,156.7072,400.4,tumor_core,CTA_composition_plus_H&E_patch_feature_proxy,True,-7.238400000000013,7.238400000000013,True,True,False,False,True
CAGGCGCCATGCTAGG-1,1,49,73,8561,7690,25633.3333333333,28536.6666666667,25,25,0,0,1.0,0.0,0.0,Tumor,1.0,True,,positive,negative,negative,negative,Immune cells,0.4550757699201564,0.1219427036201092,0.5449242300798436,0.2180978762696214,0.0052360002172614,0.0932079654473875,1.0,319.904,356.13759999999996,tumor_core,CTA_composition_plus_H&E_patch_feature_proxy,True,-26.215295492517313,26.215295492517313,False,True,False,False,True
CAGTCGAGGATGCAAT-1,1,25,99,4919,9955,33183.3333333333,16396.6666666667,18,18,0,0,1.0,0.0,0.0,Tumor,1.0,True,,positive,negative,negative,negative,Immune cells,0.538033422048413,0.1639627719819518,0.4619665779515869,0.1694964966596056,0.0078105480419314,0.1235103008064824,1.0,414.128,204.63039999999998,tumor_core,CTA_composition_plus_H&E_patch_feature_proxy,True,-56.705301655488974,56.705301655488974,False,True,False,False,True
CAGTCTGTATACTGGG-1,1,42,66,7500,7079,23596.6666666667,25000.0,24,24,0,0,1.0,0.0,0.0,Tumor,1.0,True,,positive,negative,negative,negative,Immune cells,0.4258106566726413,0.1235488814520381,0.5741893433273586,0.2228015860083645,0.0134376188148389,0.1008370599701869,1.0,294.4864,312.0,tumor_core,CTA_composition_plus_H&E_patch_feature_proxy,True,-26.141917958711417,26.141917958711417,False,True,False,False,True
CAGTGTCGGCTGGCCC-1,1,52,92,9015,9347,31156.6666666667,30050.0,26,26,0,0,1.0,0.0,0.0,Tumor,1.0,True,,positive,negative,negative,negative,Immune cells,0.4637698477359549,0.1267647202803675,0.536230152264045,0.2157297267937646,0.0075498343381674,0.1059052860910445,1.0,388.8352,375.024,tumor_core,CTA_composition_plus_H&E_patch_feature_proxy,True,-19.226672140544757,19.226672140544757,False,True,False,False,True
CAGTTCGAGGACCCGA-1,1,69,49,11596,5600,18666.6666666667,38653.3333333333,21,21,0,0,1.0,0.0,0.0,Tumor,1.0,True,,positive,negative,negative,negative,Immune cells,0.485868955153622,0.1231483099075407,0.5141310448463781,0.2050513280104285,0.0075172451251968,0.0949050185376294,1.0,232.95999999999998,482.3936,tumor_core,CTA_composition_plus_H&E_patch_feature_proxy,True,-14.476799999999997,14.476799999999997,False,True,False,False,True
CATAACGGACAGTCGT-1,1,36,94,6588,9520,31733.3333333333,21960.0,24,20,4,0,0.8333333333333334,0.1666666666666666,0.0,Tumor,0.8333333333333334,True,,positive,negative,negative,negative,Immune cells,0.4426122064707693,0.1224676730408442,0.5573877935292307,0.2161859757753517,0.0010754440280267,0.0965676719030692,1.0,396.032,274.0608,tumor_core,CTA_composition_plus_H&E_patch_feature_proxy,True,-33.35855728295215,33.35855728295215,False,True,False,False,True
CATAAGAAGCTTGGCT-1,1,58,72,9926,7604,25346.6666666667,33086.6666666667,17,15,1,1,0.8823529411764706,0.0588235294117647,0.0588235294117647,Tumor,0.8823529411764706,True,,positive,negative,negative,negative,Immune cells,0.5073271413828689,0.11819833543448,0.492672858617131,0.2123947639997827,0.0103090543696703,0.0766502312425945,1.0,316.3264,412.92159999999996,tumor_core,CTA_composition_plus_H&E_patch_feature_proxy,True,-12.5797877247591,12.5797877247591,False,True,False,False,True
CATACACGGTTCCCAC-1,1,61,55,10382,6122,20406.6666666667,34606.6666666667,31,31,0,0,1.0,0.0,0.0,Tumor,1.0,True,,positive,negative,negative,negative,Immune cells,0.4482899715749642,0.1201948197477683,0.5517100284250358,0.2195861169952745,0.0030416598772472,0.0981882811604173,1.0,254.6752,431.89119999999997,tumor_core,CTA_composition_plus_H&E_patch_feature_proxy,True,-19.208211577343672,19.208211577343672,False,True,False,False,True
CATACGAACTAGCTGG-1,1,65,31,10990,4030,13433.3333333333,36633.3333333333,31,31,0,0,1.0,0.0,0.0,Tumor,1.0,True,,positive,negative,negative,negative,Immune cells,0.5268299748338855,0.1092218245740809,0.4731700251661144,0.1874966052903155,0.0069958177176687,0.0925314375262775,1.0,167.648,457.18399999999997,tumor_core,CTA_composition_plus_H&E_patch_feature_proxy,True,-7.24962807321863,7.24962807321863,True,True,False,False,True
CATACGGCGTCTGGGC-1,1,39,63,7045,6817,22723.3333333333,23483.3333333333,36,33,3,0,0.9166666666666666,0.0833333333333333,0.0,Tumor,0.9166666666666666,True,,positive,negative,negative,negative,Immune cells,0.4006191950464396,0.1232466050845102,0.5993808049535604,0.2198794199120091,0.0049644234425071,0.1036463708290333,1.0,283.5872,293.072,tumor_core,CTA_composition_plus_H&E_patch_feature_proxy,True,-19.208211577343718,19.208211577343718,False,True,False,False,True
CATACTATGTAATTGT-1,1,36,48,6590,5509,18363.3333333333,21966.6666666667,23,22,1,0,0.9565217391304348,0.0434782608695652,0.0,Tumor,0.9565217391304348,True,,positive,negative,negative,negative,Immune cells,0.5085184581681241,0.114259997861622,0.4914815418318758,0.1916788876215306,8.69045679213549e-05,0.1081680235447005,1.0,229.1744,274.144,tumor_core,CTA_composition_plus_H&E_patch_feature_proxy,True,-7.238400000000013,7.238400000000013,True,True,False,False,True
CATACTTAGGCAATAC-1,1,37,113,6738,11176,37253.3333333333,22460.0,21,21,0,0,1.0,0.0,0.0,Tumor,1.0,True,,positive,negative,negative,negative,Immune cells,0.3824887295638477,0.1261375637467314,0.6175112704361524,0.2464504915539623,0.0216283743414263,0.0800672705729465,1.0,464.92159999999996,280.3008,tumor_core,CTA_composition_plus_H&E_patch_feature_proxy,True,-47.70966872909516,47.70966872909516,False,True,False,False,True
CATACTTCTTTCTCCG-1,1,68,52,11444,5861,19536.6666666667,38146.6666666667,22,21,0,1,0.9545454545454546,0.0,0.0454545454545454,Tumor,0.9545454545454546,True,,positive,negative,negative,negative,Immune cells,0.4848043741965853,0.124845229672966,0.5151956258034146,0.2180435609146706,0.0164466894791157,0.0922294843863471,1.0,243.8176,476.0704,tumor_core,CTA_composition_plus_H&E_patch_feature_proxy,True,-7.285702909122747,7.285702909122747,True,True,False,False,True
CATAGAGGAGATACTA-1,1,69,87,11594,8912,29706.6666666667,38646.6666666667,12,5,0,7,0.4166666666666667,0.0,0.5833333333333334,Stroma,0.5833333333333334,True,,ambiguous,negative,ambiguous,negative,Immune cells,0.5204461101153296,0.1270000904181987,0.4795538898846704,0.2029221660963554,0.0179892455597197,0.0970951343500363,1.0,370.7392,482.31039999999996,stroma_rich,CTA_composition_plus_H&E_patch_feature_proxy,True,0.0,0.0,True,False,True,True,True
CATAGCGTTGCCCACC-1,1,54,42,9321,4988,16626.6666666667,31070.0,27,27,0,0,1.0,0.0,0.0,Tumor,1.0,True,,positive,negative,negative,negative,Immune cells,0.4734126337515616,0.1235923599907238,0.5265873662484384,0.2169355276736733,0.0071587637825213,0.1133165156900966,1.0,207.5008,387.7536,tumor_core,CTA_composition_plus_H&E_patch_feature_proxy,True,-12.564646274368425,12.564646274368425,False,True,False,False,True
CATAGTCAAATACATA-1,1,65,93,10987,9435,31450.0,36623.3333333333,22,22,0,0,1.0,0.0,0.0,Tumor,1.0,True,,positive,negative,negative,negative,Immune cells,0.5168830228305542,0.117260536879571,0.4831169771694458,0.1998370539351475,0.0079300418228233,0.0793142988189428,1.0,392.496,457.0592,tumor_core,CTA_composition_plus_H&E_patch_feature_proxy,True,-7.238400000000013,7.238400000000013,True,True,False,False,True
CATAGTCCACAAGAAC-1,1,45,31,7957,4028,13426.6666666667,26523.3333333333,8,8,0,0,1.0,0.0,0.0,Tumor,1.0,True,,positive,negative,negative,negative,Immune cells,0.6625350786667391,0.1721529226226509,0.3374649213332608,0.1113138884362609,-0.0063874857422193,0.1032221075564729,1.0,167.5648,331.0112,tumor_core,CTA_composition_plus_H&E_patch_feature_proxy,True,-7.238399999999984,7.238399999999984,True,True,False,False,True
CATATAGGTACAGTCA-1,1,43,55,7652,6120,20400.0,25506.6666666667,20,19,1,0,0.95,0.05,0.0,Tumor,0.95,True,,positive,negative,negative,negative,Immune cells,0.4710770734886752,0.115856976298511,0.5289229265113248,0.2162620172722829,0.0061919504643962,0.0976302411802927,1.0,254.59199999999998,318.3232,tumor_core,CTA_composition_plus_H&E_patch_feature_proxy,True,-14.518399999999986,14.518399999999986,False,True,False,False,True
CATCATTACCCTGAGG-1,1,52,94,9015,9521,31736.6666666667,30050.0,23,23,0,0,1.0,0.0,0.0,Tumor,1.0,True,,positive,negative,negative,negative,Immune cells,0.4708815382108521,0.1268420959896038,0.5291184617891478,0.2120254195861169,0.0038455271305198,0.1094178802125138,1.0,396.0736,375.024,tumor_core,CTA_composition_plus_H&E_patch_feature_proxy,True,-25.144369733202705,25.144369733202705,False,True,False,False,True
CATCCAATATAGTTTG-1,1,66,18,11143,2897,9656.66666666667,37143.3333333333,10,0,2,8,0.0,0.2,0.8,Stroma,0.8,True,,negative,negative,positive,negative,Immune cells,0.8380859268915322,0.0282326275965168,0.1619140731084677,0.047786649285753,0.0055510292759763,0.0112028437105836,1.0,120.5152,463.54879999999997,stroma_rich,CTA_composition_plus_H&E_patch_feature_proxy,True,21.7568,21.7568,False,False,True,False,True
CATCCTCTCAAAGATC-1,1,54,92,9318,9347,31156.6666666667,31060.0,19,16,0,3,0.8421052631578947,0.0,0.1578947368421052,Tumor,0.8421052631578947,True,,positive,negative,negative,negative,Immune cells,0.4761573696884109,0.1257502917834627,0.5238426303115891,0.2198359676280485,0.0131008636141437,0.0963077628712303,1.0,388.8352,387.62879999999996,tumor_core,CTA_composition_plus_H&E_patch_feature_proxy,True,-29.091371069786273,29.091371069786273,False,True,False,False,True
CATCGGACGGGTTAAT-1,1,42,58,7500,6382,21273.3333333333,25000.0,21,21,0,0,1.0,0.0,0.0,Tumor,1.0,True,,positive,negative,negative,negative,Immune cells,0.4780403019933735,0.1175752941919854,0.5219596980066264,0.2058443321927109,-0.0028787138123947,0.1109505790620341,1.0,265.4912,312.0,tumor_core,CTA_composition_plus_H&E_patch_feature_proxy,True,-14.5560771858355,14.5560771858355,False,True,False,False,True
CATCTAGTGAAGGGAA-1,1,45,121,7952,11874,39580.0,26506.6666666667,15,15,0,0,1.0,0.0,0.0,Tumor,1.0,True,,positive,negative,negative,negative,Immune cells,0.3787192439302591,0.1230243190906736,0.621280756069741,0.2343164412579436,0.0064743903101406,0.063379581852234,1.0,493.9584,330.8032,tumor_core,CTA_composition_plus_H&E_patch_feature_proxy,True,-12.646400000000028,12.646400000000028,False,True,False,False,True
CATCTTACACCACCTC-1,1,37,99,6739,9956,33186.6666666667,22463.3333333333,36,36,0,0,1.0,0.0,0.0,Tumor,1.0,True,,positive,negative,negative,negative,Immune cells,0.3981858671446418,0.122134191054434,0.6018141328553582,0.2177611210689262,-0.0044104068220085,0.0938233383021824,1.0,414.1696,280.3424,tumor_core,CTA_composition_plus_H&E_patch_feature_proxy,True,-43.6627424956335,43.6627424956335,False,True,False,False,True
CATGACTTCGCTGAAT-1,1,40,106,7194,10566,35220.0,23980.0,24,24,0,0,1.0,0.0,0.0,Tumor,1.0,True,,positive,negative,negative,negative,Immune cells,0.3847410062824761,0.1232114095386007,0.6152589937175239,0.2375101841290533,0.0075063820542067,0.082322363643313,1.0,439.5456,299.2704,tumor_core,CTA_composition_plus_H&E_patch_feature_proxy,True,-19.270905340434833,19.270905340434833,False,True,False,False,True
CATGAGATGCACTCTC-1,1,59,79,10078,8214,27380.0,33593.3333333333,10,5,0,5,0.5,0.0,0.5,Tumor,0.5,True,,ambiguous,negative,ambiguous,negative,Immune cells,0.4937627867398113,0.1159004152668113,0.5062372132601886,0.2190429634457661,0.0147520504046493,0.0852348736765661,1.0,341.7024,419.2448,stroma_rich,CTA_composition_plus_H&E_patch_feature_proxy,True,0.0,0.0,True,False,True,True,True
CATGATGGAAGTTAGC-1,1,45,103,7953,10305,34350.0,26510.0,17,17,0,0,1.0,0.0,0.0,Tumor,1.0,True,,positive,negative,negative,negative,Immune cells,0.3990404287292017,0.1261621426809371,0.6009595712707982,0.2359133126934984,0.0110586062679919,0.0825402285670603,1.0,428.688,330.84479999999996,tumor_core,CTA_composition_plus_H&E_patch_feature_proxy,True,-14.571405818245523,14.571405818245523,False,True,False,False,True
CATGCGACCAGTTTAA-1,1,26,98,5071,9867,32890.0,16903.3333333333,22,22,0,0,1.0,0.0,0.0,Tumor,1.0,True,,positive,negative,negative,negative,Immune cells,0.4822443104665689,0.1570301809926933,0.5177556895334311,0.2021182988430829,0.0150453533213839,0.1255131292282995,1.0,410.4672,210.9536,tumor_core,CTA_composition_plus_H&E_patch_feature_proxy,True,-52.401817763890605,52.401817763890605,False,True,False,False,True
CATGCGTTGAGAGGAG-1,1,72,46,12052,5338,17793.3333333333,40173.3333333333,20,0,19,1,0.0,0.95,0.05,Immune cells,0.95,True,,negative,positive,negative,positive,Immune cells,0.7347998479170061,0.1436396852596723,0.2652001520829938,0.1289772418662756,0.0303405572755418,0.0483736574551848,1.0,222.0608,501.36319999999995,immune_enriched,CTA_composition_plus_H&E_patch_feature_proxy,True,7.238400000000013,7.238400000000013,True,False,False,False,True
CATGGATTGTCTTCCG-1,1,55,101,9470,10132,33773.3333333333,31566.6666666667,30,30,0,0,1.0,0.0,0.0,Tumor,1.0,True,,positive,negative,negative,negative,Immune cells,0.4779280502598084,0.1280307197088563,0.5220719497401916,0.2207919178751833,0.017174515235457,0.1002063983488132,1.0,421.4912,393.952,tumor_core,CTA_composition_plus_H&E_patch_feature_proxy,True,-19.270905340434833,19.270905340434833,False,True,False,False,True
CATGGGTATGCCTTAT-1,1,56,82,9622,8475,28250.0,32073.3333333333,23,22,0,1,0.9565217391304348,0.0,0.0434782608695652,Tumor,0.9565217391304348,True,,positive,negative,negative,negative,Immune cells,0.4583057230278999,0.1237891264166324,0.5416942769721,0.2195752539242844,0.0019010374232795,0.0890647097045445,1.0,352.56,400.2752,tumor_core,CTA_composition_plus_H&E_patch_feature_proxy,True,-7.285702909122775,7.285702909122775,True,True,False,False,True
CATGGTAAGTAGCGTT-1,1,45,73,7954,7690,25633.3333333333,26513.3333333333,17,17,0,0,1.0,0.0,0.0,Tumor,1.0,True,,positive,negative,negative,negative,Immune cells,0.4450346713015769,0.1245408655629766,0.554965328698423,0.2198033784150779,0.0086144152952039,0.1084737988762756,1.0,319.904,330.8864,tumor_core,CTA_composition_plus_H&E_patch_feature_proxy,True,-12.60486864667777,12.60486864667777,False,True,False,False,True
CATGGTTTATTAATCA-1,1,69,103,11593,10307,34356.6666666667,38643.3333333333,12,2,4,6,0.1666666666666666,0.3333333333333333,0.5,Stroma,0.5,True,,negative,ambiguous,ambiguous,ambiguous,Immune cells,0.8120797349410679,0.0636334300423167,0.187920265058932,0.1269675737330943,0.0520666992558796,0.0162634254481519,1.0,428.77119999999996,482.2688,immune_enriched,CTA_composition_plus_H&E_patch_feature_proxy,True,7.285702909122747,7.285702909122747,True,False,False,False,True
CATGTAAGAGACATTT-1,1,54,90,9319,9173,30576.6666666667,31063.3333333333,16,6,8,2,0.375,0.5,0.125,Immune cells,0.5,True,,ambiguous,ambiguous,negative,ambiguous,Immune cells,0.46130755164485,0.1262729213785284,0.53869244835515,0.2261039595893759,0.0144478844169246,0.100638306004663,1.0,381.5968,387.6704,immune_enriched,CTA_composition_plus_H&E_patch_feature_proxy,True,26.27967848813982,26.27967848813982,False,False,False,False,True
CATGTCTCATTTATGG-1,1,49,85,8560,8736,29120.0,28533.3333333333,9,4,2,3,0.4444444444444444,0.2222222222222222,0.3333333333333333,Tumor,0.4444444444444444,True,,ambiguous,ambiguous,ambiguous,ambiguous,Immune cells,0.4863396882298626,0.1259381602201912,0.5136603117701374,0.217815436423877,0.0165553201890174,0.1036654817872568,1.0,363.4176,356.096,mixed_boundary,CTA_composition_plus_H&E_patch_feature_proxy,True,0.0,0.0,True,False,True,True,True
CATTACATAGATTGTG-1,1,27,117,5221,11524,38413.3333333333,17403.3333333333,27,25,2,0,0.925925925925926,0.074074074074074,0.0,Tumor,0.925925925925926,True,,positive,negative,negative,negative,Immune cells,0.4006083319754495,0.1282889265991972,0.5993916680245506,0.2526315789473684,0.0304383249144533,0.0802545579635363,1.0,479.3984,217.1936,tumor_core,CTA_composition_plus_H&E_patch_feature_proxy,True,-26.151945133010642,26.151945133010642,False,True,False,False,True
CATTATCCCATTAACG-1,1,67,31,11294,4030,13433.3333333333,37646.6666666667,17,5,8,4,0.2941176470588235,0.4705882352941176,0.2352941176470588,Immune cells,0.4705882352941176,True,,ambiguous,ambiguous,ambiguous,ambiguous,Immune cells,0.5913711006101424,0.1559218754967127,0.4086288993898575,0.1529846287545489,0.0071370376405409,0.1158276956006574,1.0,167.648,469.8304,immune_enriched,CTA_composition_plus_H&E_patch_feature_proxy,True,7.238400000000013,7.238400000000013,True,False,False,False,True
CATTCCCATTCCGTCG-1,1,32,118,5980,11612,38706.6666666667,19933.3333333333,22,22,0,0,1.0,0.0,0.0,Tumor,1.0,True,,positive,negative,negative,negative,Immune cells,0.4267847120380931,0.1327906055535948,0.5732152879619068,0.2474173048720873,0.0281462169355276,0.092894545732523,1.0,483.0592,248.768,tumor_core,CTA_composition_plus_H&E_patch_feature_proxy,True,-37.72413605319545,37.72413605319545,False,True,False,False,True
CATTGATGAACACGCC-1,1,23,119,4614,11698,38993.3333333333,15380.0,28,26,1,1,0.9285714285714286,0.0357142857142857,0.0357142857142857,Tumor,0.9285714285714286,True,,positive,negative,negative,negative,Immune cells,0.4038346640595296,0.125218748255655,0.5961653359404703,0.2534245831296507,0.0302102004236597,0.0743722050223598,1.0,486.6368,191.9424,tumor_core,CTA_composition_plus_H&E_patch_feature_proxy,True,-21.841743168529383,21.841743168529383,False,True,False,False,True
CATTGCGGGTCAATTC-1,1,25,115,4918,11349,37830.0,16393.3333333333,25,25,0,0,1.0,0.0,0.0,Tumor,1.0,True,,positive,negative,negative,negative,Immune cells,0.394079626310358,0.1295258122603721,0.605920373689642,0.2586823094888925,0.0363152463201347,0.0776631120284371,1.0,472.11839999999995,204.5888,tumor_core,CTA_composition_plus_H&E_patch_feature_proxy,True,-26.268184863062007,26.268184863062007,False,True,False,False,True
CATTTGAGTGGTACGT-1,1,50,48,8714,5511,18370.0,29046.6666666667,24,24,0,0,1.0,0.0,0.0,Tumor,1.0,True,,positive,negative,negative,negative,Immune cells,0.4457190447739576,0.1240461283617913,0.5542809552260424,0.2228450382923253,0.0078322741839117,0.0946680426556587,1.0,229.2576,362.50239999999997,tumor_core,CTA_composition_plus_H&E_patch_feature_proxy,True,-19.208211577343718,19.208211577343718,False,True,False,False,True
CCAAATAACAAGATTC-1,1,51,113,8862,11178,37260.0,29540.0,23,22,0,1,0.9565217391304348,0.0,0.0434782608695652,Tumor,0.9565217391304348,True,,positive,negative,negative,negative,Immune cells,0.4999474951568808,0.1268862873111527,0.5000525048431191,0.2152517516701972,0.0185541252512085,0.079925849482093,1.0,465.0048,368.6592,tumor_core,CTA_composition_plus_H&E_patch_feature_proxy,True,-7.28000000000003,7.28000000000003,True,True,False,False,True
CCAACCTTATGTAACT-1,1,67,41,11293,4902,16340.0,37643.3333333333,24,22,1,1,0.9166666666666666,0.0416666666666666,0.0416666666666666,Tumor,0.9166666666666666,True,,positive,negative,negative,negative,Immune cells,0.4831821555953868,0.1244361579213071,0.5168178444046132,0.2045190375319102,0.0043235022540872,0.1010740358521576,1.0,203.92319999999998,469.7888,tumor_core,CTA_composition_plus_H&E_patch_feature_proxy,True,-12.579787724759106,12.579787724759106,False,True,False,False,True
CCAACTTGATAGATCC-1,1,47,123,8255,12049,40163.3333333333,27516.6666666667,25,25,0,0,1.0,0.0,0.0,Tumor,1.0,True,,positive,negative,negative,negative,Immune cells,0.4164756576684228,0.1310436167851292,0.5835243423315771,0.2228450382923252,0.0092444734126337,0.0827963154072545,1.0,501.23839999999996,343.40799999999996,tumor_core,CTA_composition_plus_H&E_patch_feature_proxy,True,-25.16524943647491,25.16524943647491,False,True,False,False,True
CCAAGAAAGTGGGCGA-1,1,52,52,9017,5859,19530.0,30056.6666666667,24,24,0,0,1.0,0.0,0.0,Tumor,1.0,True,,positive,negative,negative,negative,Immune cells,0.4653087827928955,0.1213216887114056,0.5346912172071044,0.2177719841399163,0.0104285481505621,0.0977410847379887,1.0,243.7344,375.1072,tumor_core,CTA_composition_plus_H&E_patch_feature_proxy,True,-19.226672140544757,19.226672140544757,False,True,False,False,True
CCAATAGTGCCGTCGA-1,1,34,42,6287,4986,16620.0,20956.6666666667,16,12,4,0,0.75,0.25,0.0,Tumor,0.75,True,,positive,ambiguous,negative,ambiguous,Immune cells,0.5032462477142288,0.1082193232689375,0.4967537522857712,0.1818695345174081,-0.0080495356037151,0.0895463058517754,1.0,207.4176,261.5392,tumor_core,CTA_composition_plus_H&E_patch_feature_proxy,True,-19.195278619493916,19.195278619493916,False,True,False,False,True
CCAATGTCACAGCAAG-1,1,37,49,6742,5597,18656.6666666667,22473.3333333333,34,34,0,0,1.0,0.0,0.0,Tumor,1.0,True,,positive,negative,negative,negative,Immune cells,0.5171111473213477,0.1126075151466169,0.4828888526786523,0.1894193688555754,0.001097170170007,0.1085234873676566,1.0,232.8352,280.4672,tumor_core,CTA_composition_plus_H&E_patch_feature_proxy,True,-12.600611845462108,12.600611845462108,False,True,False,False,True
CCAATTGAATGTTAAT-1,1,20,46,4163,5333,17776.6666666667,13876.6666666667,0,0,0,0,0.0,0.0,0.0,unmapped,0.0,False,no_CTA_object_captured,excluded,excluded,excluded,excluded,Immune cells,0.7829377364981079,0.0823639472034278,0.2170622635018919,0.0617131062951496,0.0059312367606322,0.0903604326720941,1.0,221.8528,173.1808,unmapped_or_excluded,CTA_composition_plus_H&E_patch_feature_proxy,True,73.90813397400856,73.90813397400856,False,False,False,False,True
CCACACTGAGATATTA-1,1,39,49,7045,5597,18656.6666666667,23483.3333333333,25,20,1,4,0.8,0.04,0.16,Tumor,0.8,True,,positive,negative,negative,negative,Immune cells,0.5174080712617457,0.1191095512455669,0.4825919287382544,0.184118190212373,0.0001629460648525,0.108703130374957,1.0,232.8352,293.072,tumor_core,CTA_composition_plus_H&E_patch_feature_proxy,True,-12.600611845462108,12.600611845462108,False,True,False,False,True
CCACAGTACCCATCCT-1,1,48,92,8408,9346,31153.3333333333,28026.6666666667,21,21,0,0,1.0,0.0,0.0,Tumor,1.0,True,,positive,negative,negative,negative,Immune cells,0.4568066192312567,0.1263990929866304,0.5431933807687432,0.2201509966867633,0.0102547390147194,0.1015021213163628,1.0,388.79359999999997,349.77279999999996,tumor_core,CTA_composition_plus_H&E_patch_feature_proxy,True,-19.222621340493596,19.222621340493596,False,True,False,False,True
CCACATACTGCACCCA-1,1,52,118,9014,11614,38713.3333333333,30046.6666666667,6,4,0,2,0.6666666666666666,0.0,0.3333333333333333,Tumor,0.6666666666666666,True,,positive,negative,ambiguous,negative,Immune cells,0.4852135498705484,0.1154033032629427,0.5147864501294517,0.2062788550323176,0.0032480582260605,0.0807017543859649,1.0,483.14239999999995,374.9824,mixed_boundary,CTA_composition_plus_H&E_patch_feature_proxy,True,0.0,0.0,True,False,True,True,True
CCACCAACTTTACTGT-1,1,52,40,9018,4813,16043.3333333333,30060.0,19,19,0,0,1.0,0.0,0.0,Tumor,1.0,True,,positive,negative,negative,negative,Immune cells,0.4605579997465283,0.1204875674190988,0.5394420002534717,0.2182499592634837,0.0051056433653793,0.1030653976990406,1.0,200.2208,375.1488,tumor_core,CTA_composition_plus_H&E_patch_feature_proxy,True,-7.238400000000013,7.238400000000013,True,True,False,False,True
CCACCCAAGGAAAGTG-1,1,37,75,6741,7863,26210.0,22470.0,23,22,1,0,0.9565217391304348,0.0434782608695652,0.0,Tumor,0.9565217391304348,True,,positive,negative,negative,negative,Immune cells,0.4614523925913856,0.114909168530846,0.5385476074086144,0.2051165064363695,0.0005866058334691,0.1002025761571685,1.0,327.1008,280.4256,tumor_core,CTA_composition_plus_H&E_patch_feature_proxy,True,-7.285702909122747,7.285702909122747,True,True,False,False,True
CCACGAATTTAACCTC-1,1,41,109,7345,10828,36093.3333333333,24483.3333333333,37,37,0,0,1.0,0.0,0.0,Tumor,1.0,True,,positive,negative,negative,negative,Immune cells,0.4018539641156555,0.1232376147525408,0.5981460358843445,0.2379229808266797,0.008103850958666,0.0817605014715437,1.0,450.4448,305.55199999999996,tumor_core,CTA_composition_plus_H&E_patch_feature_proxy,True,-19.253970279399528,19.253970279399528,False,True,False,False,True
CCACGGTGCCCGGTAG-1,1,35,107,6435,10653,35510.0,21450.0,25,23,0,2,0.92,0.0,0.08,Tumor,0.92,True,,positive,negative,negative,negative,Immune cells,0.396932992957109,0.1261881634268175,0.6030670070428911,0.2326978436804084,0.0098636684590733,0.0883576042502771,1.0,443.16479999999996,267.69599999999997,tumor_core,CTA_composition_plus_H&E_patch_feature_proxy,True,-51.01849508090181,51.01849508090181,False,True,False,False,True
CCACGTAAATTAGACT-1,1,34,122,6283,11961,39870.0,20943.3333333333,28,28,0,0,1.0,0.0,0.0,Tumor,1.0,True,,positive,negative,negative,negative,Immune cells,0.4435898828598845,0.1429916366360452,0.5564101171401155,0.2254413122589756,0.017815436423877,0.091358024691358,1.0,497.57759999999996,261.3728,tumor_core,CTA_composition_plus_H&E_patch_feature_proxy,True,-19.194557361919056,19.194557361919056,False,True,False,False,True
CCACTATCCGGGTCAC-1,1,30,116,5676,11437,38123.3333333333,18920.0,25,25,0,0,1.0,0.0,0.0,Tumor,1.0,True,,positive,negative,negative,negative,Immune cells,0.4290949251353357,0.1289870062850164,0.5709050748646641,0.2503177448264624,0.029199934821574,0.0881703168596873,1.0,475.7792,236.1216,tumor_core,CTA_composition_plus_H&E_patch_feature_proxy,True,-38.44924868550747,38.44924868550747,False,True,False,False,True
CCACTCAGATCCGCAA-1,1,72,80,12050,8302,27673.3333333333,40166.6666666667,17,16,1,0,0.9411764705882352,0.0588235294117647,0.0,Tumor,0.9411764705882352,True,,positive,negative,negative,negative,Immune cells,0.6587945612224576,0.1615651303526179,0.3412054387775423,0.1618923469664874,0.0314268643745586,0.092944234223904,1.0,345.3632,501.28,tumor_core,CTA_composition_plus_H&E_patch_feature_proxy,True,-7.249628073218693,7.249628073218693,True,True,False,False,True
CCACTGTTTGGATTAA-1,1,58,106,9924,10568,35226.6666666667,33080.0,18,18,0,0,1.0,0.0,0.0,Tumor,1.0,True,,positive,negative,negative,negative,Immune cells,0.5211341046113737,0.1250319053387683,0.4788658953886264,0.2104611373635327,0.0159795774265384,0.0946412873141459,1.0,439.62879999999996,412.8384,tumor_core,CTA_composition_plus_H&E_patch_feature_proxy,True,-12.543762446730273,12.543762446730273,False,True,False,False,True
CCAGAAAGCAACTCAT-1,1,52,36,9018,4465,14883.3333333333,30060.0,26,26,0,0,1.0,0.0,0.0,Tumor,1.0,True,,positive,negative,negative,negative,Immune cells,0.4661343761881484,0.1220012153118809,0.5338656238118515,0.205855195263701,-0.0025854108956602,0.1086496196919313,1.0,185.744,375.1488,tumor_core,CTA_composition_plus_H&E_patch_feature_proxy,True,-7.238399999999984,7.238399999999984,True,True,False,False,True
CCAGATGTAAATGGGT-1,1,19,123,4007,12046,40153.3333333333,13356.6666666667,32,29,3,0,0.90625,0.09375,0.0,Tumor,0.90625,True,,positive,negative,negative,negative,Immune cells,0.4346713015769558,0.1262206869577555,0.5653286984230442,0.2145239259138558,0.0133507142469176,0.0996368917937545,1.0,501.11359999999996,166.69119999999998,tumor_core,CTA_composition_plus_H&E_patch_feature_proxy,True,-19.194557361918992,19.194557361918992,False,True,False,False,True
CCAGCCTGGACCAATA-1,1,37,65,6741,6991,23303.3333333333,22470.0,27,27,0,0,1.0,0.0,0.0,Tumor,1.0,True,,positive,negative,negative,negative,Immune cells,0.4554306302391686,0.1222692807177122,0.5445693697608314,0.2127858345554288,0.0104937265765031,0.1055880441845354,1.0,290.8256,280.4256,tumor_core,CTA_composition_plus_H&E_patch_feature_proxy,True,-19.195278619493937,19.195278619493937,False,True,False,False,True
CCAGCGGGATCACCAG-1,1,32,124,5979,12135,40450.0,19930.0,24,24,0,0,1.0,0.0,0.0,Tumor,1.0,True,,positive,negative,negative,negative,Immune cells,0.4033349627939818,0.1268209817101201,0.596665037206018,0.2390527402096572,0.0220737602520232,0.0804074456293238,1.0,504.816,248.72639999999998,tumor_core,CTA_composition_plus_H&E_patch_feature_proxy,True,-21.84174316852941,21.84174316852941,False,True,False,False,True
CCAGCTCGAACGCATT-1,1,63,65,10685,6994,23313.3333333333,35616.6666666667,25,25,0,0,1.0,0.0,0.0,Tumor,1.0,True,,positive,negative,negative,negative,Immune cells,0.4920210743577208,0.1238961828532679,0.5079789256422791,0.2258866981695725,0.0179349302047688,0.0824446737759431,1.0,290.9504,444.496,tumor_core,CTA_composition_plus_H&E_patch_feature_proxy,True,-19.194557361919056,19.194557361919056,False,True,False,False,True
CCAGGCTGGCGTCTGA-1,1,56,122,9620,11963,39876.6666666667,32066.6666666667,19,0,18,1,0.0,0.9473684210526316,0.0526315789473684,Immune cells,0.9473684210526316,True,,negative,positive,negative,positive,Immune cells,0.6633715351329821,0.1586364051399728,0.3366284648670178,0.1301504535332138,0.0158600836456466,0.1337461300309597,1.0,497.6608,400.192,immune_enriched,CTA_composition_plus_H&E_patch_feature_proxy,True,12.57978772475913,12.57978772475913,False,False,False,False,True
CCAGTCTTGTCATAGA-1,1,59,59,10079,6470,21566.6666666667,33596.6666666667,21,21,0,0,1.0,0.0,0.0,Tumor,1.0,True,,positive,negative,negative,negative,Immune cells,0.480042728079228,0.1154722152161223,0.519957271920772,0.2077670957579707,0.0018793112812992,0.0957764782326185,1.0,269.152,419.28639999999996,tumor_core,CTA_composition_plus_H&E_patch_feature_proxy,True,-12.57978772475913,12.57978772475913,False,True,False,False,True
CCATACCTTTACTTGT-1,1,30,102,5677,10217,34056.6666666667,18923.3333333333,21,21,0,0,1.0,0.0,0.0,Tumor,1.0,True,,positive,negative,negative,negative,Immune cells,0.4374087954664784,0.1253866759629093,0.5625912045335216,0.2275487480310684,0.0144913367008853,0.1025990903183885,1.0,425.0272,236.1632,tumor_core,CTA_composition_plus_H&E_patch_feature_proxy,True,-52.34425693349752,52.34425693349752,False,True,False,False,True
CCATATGGAAACTATA-1,1,53,103,9166,10306,34353.3333333333,30553.3333333333,32,32,0,0,1.0,0.0,0.0,Tumor,1.0,True,,positive,negative,negative,negative,Immune cells,0.4518530588597396,0.129600598847854,0.5481469411402603,0.2262017272282874,0.0154146977350496,0.0814661927149027,1.0,428.7296,381.30559999999997,tumor_core,CTA_composition_plus_H&E_patch_feature_proxy,True,-19.278761387599573,19.278761387599573,False,True,False,False,True
CCATCGCAGTTAAACT-1,1,50,62,8713,6731,22436.6666666667,29043.3333333333,26,26,0,0,1.0,0.0,0.0,Tumor,1.0,True,,positive,negative,negative,negative,Immune cells,0.4913656690746475,0.1158163076744702,0.5086343309253526,0.2033566889359621,0.004953560371517,0.0941176470588235,1.0,280.0096,362.4608,tumor_core,CTA_composition_plus_H&E_patch_feature_proxy,True,-14.592115438139862,14.592115438139862,False,True,False,False,True
CCATCTCACCAGTGAA-1,1,38,98,6891,9869,32896.6666666667,22970.0,27,27,0,0,1.0,0.0,0.0,Tumor,1.0,True,,positive,negative,negative,negative,Immune cells,0.3967555627976029,0.1203751734759766,0.6032444372023971,0.227842050947803,0.0006300581174297,0.0880441845354126,1.0,410.55039999999997,286.6656,tumor_core,CTA_composition_plus_H&E_patch_feature_proxy,True,-40.475410459191174,40.475410459191174,False,True,False,False,True
CCATGCCCTAGATTTC-1,1,56,98,9622,9870,32900.0,32073.3333333333,9,7,2,0,0.7777777777777778,0.2222222222222222,0.0,Tumor,0.7777777777777778,True,,positive,ambiguous,negative,ambiguous,Immune cells,0.5031339959806638,0.129118682352743,0.4968660040193363,0.2036608549236869,0.0074194774862853,0.0995260482360585,1.0,410.592,400.2752,tumor_core,CTA_composition_plus_H&E_patch_feature_proxy,True,-19.226672140544757,19.226672140544757,False,True,False,False,True
CCATGCCTGTTTAGTA-1,1,35,53,6438,5945,19816.6666666667,21460.0,20,3,16,1,0.15,0.8,0.05,Immune cells,0.8,True,,negative,positive,negative,positive,Immune cells,0.5465464486810421,0.110465883730905,0.4534535513189578,0.1750692520775623,0.0082124816685677,0.0892328861369109,1.0,247.31199999999998,267.82079999999996,immune_enriched,CTA_composition_plus_H&E_patch_feature_proxy,True,12.604799999999983,12.604799999999983,False,False,False,False,True
CCATGTTCATCTATAT-1,1,68,28,11446,3769,12563.3333333333,38153.3333333333,6,0,0,6,0.0,0.0,1.0,Stroma,1.0,True,,negative,negative,positive,negative,Immune cells,0.7773939492694585,0.1287860069976856,0.2226060507305414,0.0949541035250665,0.0243224159469882,0.0530329090700607,1.0,156.7904,476.1536,stroma_rich,CTA_composition_plus_H&E_patch_feature_proxy,True,7.238399999999984,7.238399999999984,True,False,True,False,True
CCATTAGCGATAATCC-1,1,32,42,5984,4986,16620.0,19946.6666666667,25,7,15,3,0.28,0.6,0.12,Immune cells,0.6,True,,ambiguous,positive,negative,positive,Immune cells,0.5691199101986132,0.1568297414954794,0.4308800898013868,0.1594481559936994,0.0026505893216012,0.0853915835339983,1.0,207.4176,248.93439999999998,immune_enriched,CTA_composition_plus_H&E_patch_feature_proxy,True,12.600611845462108,12.600611845462108,False,False,False,False,True
CCATTCCCTGCCCACA-1,1,33,39,6136,4724,15746.6666666667,20453.3333333333,27,15,12,0,0.5555555555555556,0.4444444444444444,0.0,Tumor,0.5555555555555556,True,,ambiguous,ambiguous,negative,ambiguous,Immune cells,0.5820904169608749,0.1649918629184907,0.4179095830391251,0.1579055999130954,0.0116343490304709,0.0953942590681496,1.0,196.51839999999999,255.2576,immune_enriched,CTA_composition_plus_H&E_patch_feature_proxy,True,12.6464,12.6464,False,False,False,False,True
CCATTGTTTCCTCCAT-1,1,29,123,5524,12047,40156.6666666667,18413.3333333333,25,25,0,0,1.0,0.0,0.0,Tumor,1.0,True,,positive,negative,negative,negative,Immune cells,0.4344359350388355,0.1280130822172131,0.5655640649611645,0.2372060181413285,0.0250067894193688,0.0875549440048924,1.0,501.1552,229.7984,tumor_core,CTA_composition_plus_H&E_patch_feature_proxy,True,-19.270905340434833,19.270905340434833,False,True,False,False,True
CCATTTCTACCTATTA-1,1,55,71,9471,7516,25053.3333333333,31570.0,11,11,0,0,1.0,0.0,0.0,Tumor,1.0,True,,positive,negative,negative,negative,Immune cells,0.5318921659153042,0.1177948085749231,0.4681078340846957,0.2025419586116995,0.0146216935527673,0.0847418109544012,1.0,312.6656,393.99359999999996,tumor_core,CTA_composition_plus_H&E_patch_feature_proxy,True,-12.600611845462137,12.600611845462137,False,True,False,False,True
CCCAAACATGCTGCTC-1,1,34,88,6285,8996,29986.6666666667,20950.0,24,23,0,1,0.9583333333333334,0.0,0.0416666666666666,Tumor,0.9583333333333334,True,,positive,negative,negative,negative,Immune cells,0.4048376876142885,0.1243015040250206,0.5951623123857115,0.2203356688935961,0.0064635272391505,0.097553797347399,1.0,374.23359999999997,261.45599999999996,tumor_core,CTA_composition_plus_H&E_patch_feature_proxy,True,-12.646399999999971,12.646399999999971,False,True,False,False,True
CCCAACATACGTCGCG-1,1,43,35,7653,4377,14590.0,25510.0,28,28,0,0,1.0,0.0,0.0,Tumor,1.0,True,,positive,negative,negative,negative,Immune cells,0.4340122752702188,0.1383084708193863,0.5659877247297811,0.2059420998316224,-0.0066481994459833,0.1014218552918243,1.0,182.0832,318.3648,tumor_core,CTA_composition_plus_H&E_patch_feature_proxy,True,-19.270905340434833,19.270905340434833,False,True,False,False,True
CCCAAGTCATTACACT-1,1,68,96,11442,9697,32323.3333333333,38140.0,17,15,1,1,0.8823529411764706,0.0588235294117647,0.0588235294117647,Tumor,0.8823529411764706,True,,positive,negative,negative,negative,Immune cells,0.5601180453714264,0.1531024469828265,0.4398819546285735,0.1684536418445494,0.0058986475476617,0.1320528991323625,1.0,403.3952,475.9872,tumor_core,CTA_composition_plus_H&E_patch_feature_proxy,True,-12.600611845462108,12.600611845462108,False,True,False,False,True
CCCAATGAGATTTGCA-1,1,60,40,10231,4814,16046.6666666667,34103.3333333333,12,8,4,0,0.6666666666666666,0.3333333333333333,0.0,Tumor,0.6666666666666666,True,,positive,ambiguous,negative,ambiguous,Immune cells,0.4866764434305579,0.1309668474874269,0.5133235565694422,0.2152517516701972,0.0115474444625495,0.1064327485380116,1.0,200.26239999999999,425.6096,immune_enriched,CTA_composition_plus_H&E_patch_feature_proxy,True,14.518459598731525,14.518459598731525,False,False,False,False,True
CCCAATTTCACAACTT-1,1,39,33,7046,4202,14006.6666666667,23486.6666666667,28,24,1,3,0.8571428571428571,0.0357142857142857,0.1071428571428571,Tumor,0.8571428571428571,True,,positive,negative,negative,negative,Immune cells,0.6504046493943837,0.2017924915080033,0.3495953506056162,0.1116397805659659,-0.0074737928412362,0.0734357680694109,1.0,174.8032,293.11359999999996,tumor_core,CTA_composition_plus_H&E_patch_feature_proxy,True,-25.251234266863058,25.251234266863058,False,True,False,False,True
CCCAGGAAGAATTCGA-1,1,74,66,12354,7082,23606.6666666667,41180.0,19,0,9,10,0.0,0.4736842105263157,0.5263157894736842,Stroma,0.5263157894736842,True,,negative,ambiguous,ambiguous,ambiguous,Immune cells,0.7021708036862021,0.1566942269087604,0.2978291963137978,0.1488349356363043,0.0385421758731193,0.0630508733707908,1.0,294.6112,513.9264,immune_enriched,CTA_composition_plus_H&E_patch_feature_proxy,True,21.7568,21.7568,False,False,False,False,True
CCCAGGTCTGAAGGCT-1,1,53,111,9166,11003,36676.6666666667,30553.3333333333,14,2,12,0,0.1428571428571428,0.8571428571428571,0.0,Immune cells,0.8571428571428571,True,,negative,positive,negative,positive,Immune cells,0.4878786232868032,0.1266503385710604,0.5121213767131969,0.2189126065938841,0.0183368638314051,0.0795245193594006,1.0,457.72479999999996,381.30559999999997,immune_enriched,CTA_composition_plus_H&E_patch_feature_proxy,True,7.285702909122747,7.285702909122747,True,False,False,False,True
CCCAGTTAAGGCGCCG-1,1,42,82,7499,8474,28246.6666666667,24996.6666666667,18,13,3,2,0.7222222222222222,0.1666666666666666,0.1111111111111111,Tumor,0.7222222222222222,True,,positive,negative,negative,negative,Immune cells,0.4746510238444408,0.1220273164810478,0.5253489761555591,0.2060398674705339,0.0044755852479495,0.1055842219928907,1.0,352.5184,311.9584,tumor_core,CTA_composition_plus_H&E_patch_feature_proxy,True,-19.270905340434833,19.270905340434833,False,True,False,False,True
CCCGAGTTTCTCCGTA-1,1,48,108,8407,10741,35803.3333333333,28023.3333333333,31,31,0,0,1.0,0.0,0.0,Tumor,1.0,True,,positive,negative,negative,negative,Immune cells,0.454561584559955,0.1264803648280054,0.5454384154400449,0.221161262288849,0.0086361414371842,0.0970722012001681,1.0,446.82559999999995,349.7312,tumor_core,CTA_composition_plus_H&E_patch_feature_proxy,True,-7.285702909122747,7.285702909122747,True,True,False,False,True
CCCGATAGCCTCGCCT-1,1,37,127,6738,12397,41323.3333333333,22460.0,26,26,0,0,1.0,0.0,0.0,Tumor,1.0,True,,positive,negative,negative,negative,Immune cells,0.4795538898846705,0.123702554394562,0.5204461101153296,0.1924827548748031,0.0126446146325566,0.087386767572526,1.0,515.7152,280.3008,tumor_core,CTA_composition_plus_H&E_patch_feature_proxy,True,-12.646399999999971,12.646399999999971,False,True,False,False,True
CCCGCAGCGCGAACTA-1,1,49,67,8561,7167,23890.0,28536.6666666667,27,26,0,1,0.9629629629629628,0.0,0.037037037037037,Tumor,0.9629629629629628,True,,positive,negative,negative,negative,Immune cells,0.4762841055166295,0.117674472874995,0.5237158944833704,0.2077779588289609,0.0028135353864537,0.0962848297213622,1.0,298.1472,356.13759999999996,tumor_core,CTA_composition_plus_H&E_patch_feature_proxy,True,-21.85710872736832,21.85710872736832,False,True,False,False,True
CCCGGGTCGTTCAGGG-1,1,65,57,10989,6297,20990.0,36630.0,25,21,3,1,0.84,0.12,0.04,Tumor,0.84,True,,positive,negative,negative,negative,Immune cells,0.5136711748411276,0.1130515934053682,0.4863288251588724,0.2071261745695508,0.0128401499103796,0.0800022933149868,1.0,261.9552,457.14239999999995,tumor_core,CTA_composition_plus_H&E_patch_feature_proxy,True,-21.8210142239081,21.8210142239081,False,True,False,False,True
CCCGTAGCTGGGAAGA-1,1,57,39,9776,4727,15756.6666666667,32586.6666666667,23,23,0,0,1.0,0.0,0.0,Tumor,1.0,True,,positive,negative,negative,negative,Immune cells,0.4801187695761592,0.1258760050821566,0.5198812304238408,0.2202379012546847,0.0141002661452392,0.1006497725795971,1.0,196.64319999999998,406.6816,tumor_core,CTA_composition_plus_H&E_patch_feature_proxy,True,-12.543762446730277,12.543762446730277,False,True,False,False,True
CCCGTTTCGCAGATGT-1,1,52,106,9014,10567,35223.3333333333,30046.6666666667,33,33,0,0,1.0,0.0,0.0,Tumor,1.0,True,,positive,negative,negative,negative,Immune cells,0.4966559846468598,0.1266614081957651,0.5033440153531403,0.211254141545815,0.0115039921785888,0.0840996827580935,1.0,439.5872,374.9824,tumor_core,CTA_composition_plus_H&E_patch_feature_proxy,True,-14.518399999999986,14.518399999999986,False,True,False,False,True
CCCTACTTGAACAATG-1,1,70,86,11746,8825,29416.6666666667,39153.3333333333,14,1,10,3,0.0714285714285714,0.7142857142857143,0.2142857142857142,Immune cells,0.7142857142857143,True,,negative,positive,ambiguous,positive,Immune cells,0.6065033584994477,0.1489517263886443,0.3934966415005521,0.1731356254413122,0.0247895279995654,0.0764667660436494,1.0,367.12,488.6336,immune_enriched,CTA_composition_plus_H&E_patch_feature_proxy,True,7.285702909122796,7.285702909122796,True,False,False,False,True
CCCTATGTAGAGCAGA-1,1,60,24,10232,3419,11396.6666666667,34106.6666666667,21,10,0,11,0.4761904761904761,0.0,0.5238095238095238,Stroma,0.5238095238095238,True,,ambiguous,negative,ambiguous,negative,Immune cells,0.6589937175239441,0.1455099556824643,0.3410062824760559,0.1097496062136766,-0.0079191787518331,0.0978022398043038,1.0,142.2304,425.65119999999996,stroma_rich,CTA_composition_plus_H&E_patch_feature_proxy,True,7.238399999999984,7.238399999999984,True,False,True,False,True
CCCTCCTCGCTCGTAT-1,1,50,106,8711,10567,35223.3333333333,29036.6666666667,23,23,0,0,1.0,0.0,0.0,Tumor,1.0,True,,positive,negative,negative,negative,Immune cells,0.4746691289627577,0.1330774975270654,0.5253308710372422,0.2121340502960187,0.0060724566835044,0.0907082521117608,1.0,439.5872,362.3776,tumor_core,CTA_composition_plus_H&E_patch_feature_proxy,True,-7.285702909122747,7.285702909122747,True,True,False,False,True
CCCTCGATAATACACA-1,1,69,29,11597,3856,12853.3333333333,38656.6666666667,15,2,6,7,0.1333333333333333,0.4,0.4666666666666667,Stroma,0.4666666666666667,True,,negative,ambiguous,ambiguous,ambiguous,Immune cells,0.8198069994387412,0.0732389649736656,0.1801930005612586,0.0817554722720113,0.025017652490359,0.0237281657302297,1.0,160.40959999999998,482.43519999999995,immune_enriched,CTA_composition_plus_H&E_patch_feature_proxy,True,7.238400000000013,7.238400000000013,True,False,False,False,True
CCCTGAAATGAGTTGA-1,1,31,39,5832,4724,15746.6666666667,19440.0,15,8,1,6,0.5333333333333333,0.0666666666666666,0.4,Tumor,0.5333333333333333,True,,ambiguous,negative,ambiguous,negative,Immune cells,0.7710390527402097,0.1560670182562371,0.2289609472597903,0.078072891206344,0.0144261582749443,0.0432519206513014,1.0,196.51839999999999,242.6112,stroma_rich,CTA_composition_plus_H&E_patch_feature_proxy,True,0.0,0.0,True,False,True,True,True
CCCTTTAATGGAGTTC-1,1,63,109,10683,10830,36100.0,35610.0,12,11,0,1,0.9166666666666666,0.0,0.0833333333333333,Tumor,0.9166666666666666,True,,positive,negative,negative,negative,Immune cells,0.5712997664439737,0.126763490751606,0.4287002335560262,0.171321492585954,0.011319319971756,0.1213736956771012,1.0,450.52799999999996,444.4128,tumor_core,CTA_composition_plus_H&E_patch_feature_proxy,True,-7.238400000000013,7.238400000000013,True,True,False,False,True
CCCTTTGACAGGTCTT-1,1,50,56,8714,6208,20693.3333333333,29046.6666666667,18,11,4,3,0.6111111111111112,0.2222222222222222,0.1666666666666666,Tumor,0.6111111111111112,True,,positive,ambiguous,negative,ambiguous,Immune cells,0.5405500334944688,0.1192408214337809,0.4594499665055311,0.1854326218021834,0.0071913529954918,0.1048350724305316,1.0,258.2528,362.50239999999997,mixed_boundary,CTA_composition_plus_H&E_patch_feature_proxy,True,0.0,0.0,True,False,True,True,True
CCGAACCTTCCCGGCC-1,1,49,71,8561,7516,25053.3333333333,28536.6666666667,19,10,8,1,0.5263157894736842,0.4210526315789473,0.0526315789473684,Tumor,0.5263157894736842,True,,ambiguous,ambiguous,negative,ambiguous,Immune cells,0.4705339199391668,0.1199617076146105,0.5294660800608332,0.212286133289881,0.0043560914670577,0.0888315560142185,1.0,312.6656,356.13759999999996,immune_enriched,CTA_composition_plus_H&E_patch_feature_proxy,True,31.657709329640365,31.657709329640365,False,False,False,False,True
CCGAAGGGCGTACCGC-1,1,29,125,5524,12222,40740.0,18413.3333333333,27,27,0,0,1.0,0.0,0.0,Tumor,1.0,True,,positive,negative,negative,negative,Immune cells,0.4203139427516159,0.1289379085872925,0.5796860572483841,0.2368040845146923,0.027461843463147,0.0912127814088598,1.0,508.43519999999995,229.7984,tumor_core,CTA_composition_plus_H&E_patch_feature_proxy,True,-19.278761387599562,19.278761387599562,False,True,False,False,True
CCGACAATAGGCCGCC-1,1,57,111,9773,11004,36680.0,32576.6666666667,16,8,1,7,0.5,0.0625,0.4375,Tumor,0.5,True,,ambiguous,negative,ambiguous,negative,Immune cells,0.513229409954194,0.1238493098248419,0.486770590045806,0.2221715278909347,0.0242789636630275,0.0782287963918511,1.0,457.7664,406.5568,stroma_rich,CTA_composition_plus_H&E_patch_feature_proxy,True,0.0,0.0,True,False,True,True,True
CCGAGAAGTCGCATAA-1,1,46,112,8104,11090,36966.6666666667,27013.3333333333,21,20,0,1,0.9523809523809524,0.0,0.0476190476190476,Tumor,0.9523809523809524,True,,positive,negative,negative,negative,Immune cells,0.4374269005847953,0.1260270338492949,0.5625730994152047,0.2326218021834772,0.0114714029656183,0.0914650460574093,1.0,461.344,337.1264,tumor_core,CTA_composition_plus_H&E_patch_feature_proxy,True,-7.285702909122747,7.285702909122747,True,True,False,False,True
CCGATATGACGTAAGG-1,1,55,127,9468,12398,41326.6666666667,31560.0,2,0,0,2,0.0,0.0,1.0,Stroma,1.0,True,,negative,negative,positive,negative,Immune cells,0.7481215939746166,0.1456066458882523,0.2518784060253833,0.1091847265221878,0.0378578024007386,0.076963650957459,1.0,515.7568,393.86879999999996,unmapped_or_excluded,CTA_composition_plus_H&E_patch_feature_proxy,True,21.85710872736835,21.85710872736835,False,False,False,False,True
CCGATCTCAACCTTAT-1,1,37,101,6739,10130,33766.6666666667,22463.3333333333,33,33,0,0,1.0,0.0,0.0,Tumor,1.0,True,,positive,negative,negative,negative,Immune cells,0.396867814531168,0.1241006362740594,0.6031321854688321,0.2226820922274727,0.000901634892184,0.0960249206895233,1.0,421.40799999999996,280.3424,tumor_core,CTA_composition_plus_H&E_patch_feature_proxy,True,-40.54455172473856,40.54455172473856,False,True,False,False,True
CCGCACAAAGACCAAC-1,1,36,76,6589,7950,26500.0,21963.3333333333,23,13,2,8,0.5652173913043478,0.0869565217391304,0.3478260869565217,Tumor,0.5652173913043478,True,,ambiguous,negative,ambiguous,negative,Immune cells,0.4695345174080713,0.1206041680035771,0.5304654825919287,0.203476182716854,0.0030307968062571,0.1082941558689752,1.0,330.71999999999997,274.1024,mixed_boundary,CTA_composition_plus_H&E_patch_feature_proxy,True,0.0,0.0,True,False,True,True,True
CCGCACACGAACGTGT-1,1,45,123,7952,12049,40163.3333333333,26506.6666666667,30,30,0,0,1.0,0.0,0.0,Tumor,1.0,True,,positive,negative,negative,negative,Immune cells,0.4057212173881556,0.1283651119527112,0.5942787826118444,0.2283960675683015,0.0110803324099723,0.0793983870351259,1.0,501.23839999999996,330.8032,tumor_core,CTA_composition_plus_H&E_patch_feature_proxy,True,-14.592115438139883,14.592115438139883,False,True,False,False,True
CCGCACTTGCAATGAC-1,1,69,107,11593,10656,35520.0,38643.3333333333,12,4,3,5,0.3333333333333333,0.25,0.4166666666666667,Stroma,0.4166666666666667,True,,ambiguous,ambiguous,ambiguous,ambiguous,Immune cells,0.8227001973457897,0.0440840618374641,0.1772998026542102,0.1058606267991961,0.0402476780185758,0.0043802316248136,1.0,443.2896,482.2688,stroma_rich,CTA_composition_plus_H&E_patch_feature_proxy,True,0.0,0.0,True,False,True,True,True
CCGCATGTGGTACGAT-1,1,56,66,9623,7080,23600.0,32076.6666666667,15,6,4,5,0.4,0.2666666666666666,0.3333333333333333,Tumor,0.4,True,,ambiguous,ambiguous,ambiguous,ambiguous,Immune cells,0.4949106512411059,0.1161390575749208,0.5050893487588941,0.2129813698332518,0.0100266145239259,0.0878645415281122,1.0,294.52799999999996,400.3168,mixed_boundary,CTA_composition_plus_H&E_patch_feature_proxy,True,0.0,0.0,True,False,True,True,True
CCGCCGGAACTTCTCG-1,1,54,12,9323,2372,7906.66666666667,31076.6666666667,0,0,0,0,0.0,0.0,0.0,unmapped,0.0,False,no_CTA_object_captured,excluded,excluded,excluded,excluded,Immune cells,0.8486629370122935,0.0649207068646235,0.1513370629877066,0.0300689805007875,0.0103742327956112,0.0255131292282995,1.0,98.67519999999999,387.8368,unmapped_or_excluded,CTA_composition_plus_H&E_patch_feature_proxy,True,52.32421805626912,52.32421805626912,False,False,False,False,True
CCGCCGTTGAGGATAA-1,1,45,119,7952,11700,39000.0,26506.6666666667,21,19,1,1,0.9047619047619048,0.0476190476190476,0.0476190476190476,Tumor,0.9047619047619048,True,,positive,negative,negative,negative,Immune cells,0.3897271558669636,0.1292155465713091,0.6102728441330364,0.2349682255173537,0.0080821248166856,0.0691740243855826,1.0,486.71999999999997,330.8032,tumor_core,CTA_composition_plus_H&E_patch_feature_proxy,True,-14.571405818245571,14.571405818245571,False,True,False,False,True
CCGCGGAATGCGTCAC-1,1,51,45,8866,5249,17496.6666666667,29553.3333333333,39,39,0,0,1.0,0.0,0.0,Tumor,1.0,True,,positive,negative,negative,negative,Immune cells,0.4746546448681041,0.1260947252146231,0.5253453551318958,0.2214111129216229,0.0128401499103796,0.0966785154607652,1.0,218.3584,368.8256,tumor_core,CTA_composition_plus_H&E_patch_feature_proxy,True,-7.238400000000013,7.238400000000013,True,True,False,False,True
CCGCTATCAGCACCAG-1,1,45,63,7955,6818,22726.6666666667,26516.6666666667,28,22,4,2,0.7857142857142857,0.1428571428571428,0.0714285714285714,Tumor,0.7857142857142857,True,,positive,negative,negative,negative,Immune cells,0.4860898375970887,0.1227497444498759,0.5139101624029112,0.2037151702786377,0.0057139753408288,0.0942246684248748,1.0,283.6288,330.928,tumor_core,CTA_composition_plus_H&E_patch_feature_proxy,True,-7.285702909122775,7.285702909122775,True,True,False,False,True
CCGCTCCAGGGCGATC-1,1,71,69,11899,7343,24476.6666666667,39663.3333333333,3,0,0,3,0.0,0.0,1.0,Stroma,1.0,True,,negative,negative,positive,negative,Immune cells,0.6290949251353357,0.1263572467338445,0.3709050748646643,0.1671717994677095,0.021030905436967,0.0972977105072048,1.0,305.4688,494.9984,unmapped_or_excluded,CTA_composition_plus_H&E_patch_feature_proxy,True,12.5797877247591,12.5797877247591,False,False,False,False,True
CCGCTCTTCCGAACTA-1,1,63,99,10683,9958,33193.3333333333,35610.0,22,22,0,0,1.0,0.0,0.0,Tumor,1.0,True,,positive,negative,negative,negative,Immune cells,0.570354679267829,0.1173320249037049,0.429645320732171,0.1916897506925207,0.0208679593721145,0.1020066506134617,1.0,414.2528,444.4128,tumor_core,CTA_composition_plus_H&E_patch_feature_proxy,True,-12.57978772475913,12.57978772475913,False,True,False,False,True
CCGCTTACCTCACTCT-1,1,47,35,8260,4377,14590.0,27533.3333333333,33,30,3,0,0.9090909090909092,0.0909090909090909,0.0,Tumor,0.9090909090909092,True,,positive,negative,negative,negative,Immune cells,0.459011822642261,0.12892709401805,0.5409881773577391,0.2004562489815871,-0.0071044484275704,0.0954401253678859,1.0,182.0832,343.616,tumor_core,CTA_composition_plus_H&E_patch_feature_proxy,True,-7.285702909122747,7.285702909122747,True,True,False,False,True
CCGCTTGCTGACATGG-1,1,27,113,5221,11175,37250.0,17403.3333333333,33,19,14,0,0.5757575757575758,0.4242424242424242,0.0,Tumor,0.5757575757575758,True,,ambiguous,ambiguous,negative,ambiguous,Immune cells,0.4156174750601995,0.1269822776621469,0.5843825249398004,0.2562381185161045,0.0327956113193199,0.0757405496311585,1.0,464.88,217.1936,immune_enriched,CTA_composition_plus_H&E_patch_feature_proxy,True,37.85600000000002,37.85600000000002,False,False,False,False,True
CCGGAAGTTATCAGTC-1,1,49,127,8558,12398,41326.6666666667,28526.6666666667,27,27,0,0,1.0,0.0,0.0,Tumor,1.0,True,,positive,negative,negative,negative,Immune cells,0.5380986004743541,0.1498814384192448,0.4619013995256459,0.1757427624789528,0.0206398348813209,0.1272751595765011,1.0,515.7568,356.01279999999997,tumor_core,CTA_composition_plus_H&E_patch_feature_proxy,True,-36.27522385320321,36.27522385320321,False,True,False,False,True
CCGGAGCGTACTTTCT-1,1,58,56,9927,6209,20696.6666666667,33090.0,25,24,1,0,0.96,0.04,0.0,Tumor,0.96,True,,positive,negative,negative,negative,Immune cells,0.4539749787264859,0.118617682738876,0.5460250212735139,0.2103199174406605,-0.0016837760034761,0.1009402591445935,1.0,258.2944,412.9632,tumor_core,CTA_composition_plus_H&E_patch_feature_proxy,True,-7.24962807321863,7.24962807321863,True,True,False,False,True
CCGGAGGTCTTATGGT-1,1,18,118,3856,11610,38700.0,12853.3333333333,9,3,0,6,0.3333333333333333,0.0,0.6666666666666666,Stroma,0.6666666666666666,True,,ambiguous,negative,positive,negative,Immune cells,0.5858780077127804,0.2002148980449866,0.4141219922872196,0.1412742382271468,0.0077888218999511,0.1359438902266559,1.0,482.976,160.40959999999998,stroma_rich,CTA_composition_plus_H&E_patch_feature_proxy,True,0.0,0.0,True,False,True,True,True
CCGGCACGACCGTTTC-1,1,35,111,6435,11002,36673.3333333333,21450.0,31,31,0,0,1.0,0.0,0.0,Tumor,1.0,True,,positive,negative,negative,negative,Immune cells,0.3963500081473032,0.1294247561821272,0.6036499918526967,0.2379990223236109,0.0169029384607028,0.090004968849138,1.0,457.6832,267.69599999999997,tumor_core,CTA_composition_plus_H&E_patch_feature_proxy,True,-54.98955129840579,54.98955129840579,False,True,False,False,True
CCGGGCTGCTCCATAC-1,1,36,86,6588,8822,29406.6666666667,21960.0,13,12,0,1,0.9230769230769232,0.0,0.0769230769230769,Tumor,0.9230769230769232,True,,positive,negative,negative,negative,Immune cells,0.4093820723118426,0.1256509015881767,0.5906179276881575,0.2272228559013633,0.012286133289881,0.0978901502121316,1.0,366.9952,274.0608,tumor_core,CTA_composition_plus_H&E_patch_feature_proxy,True,-26.14191795871147,26.14191795871147,False,True,False,False,True
CCGGGTTCGAGGTTAC-1,1,38,32,6895,4115,13716.6666666667,22983.3333333333,26,21,3,2,0.8076923076923077,0.1153846153846153,0.0769230769230769,Tumor,0.8076923076923077,True,,positive,negative,negative,negative,Immune cells,0.7582677022794344,0.1480203326918007,0.2417322977205655,0.0687415132257889,-0.0032589212970506,0.0657493406719413,1.0,171.184,286.832,tumor_core,CTA_composition_plus_H&E_patch_feature_proxy,True,-19.304013725647845,19.304013725647845,False,True,False,False,True
CCGGTAATGGCTAGTC-1,1,38,114,6890,11263,37543.3333333333,22966.6666666667,27,27,0,0,1.0,0.0,0.0,Tumor,1.0,True,,positive,negative,negative,negative,Immune cells,0.3953469845925443,0.128449235153097,0.6046530154074556,0.2486013796100157,0.0255173537559067,0.0880709398769254,1.0,468.5408,286.62399999999997,tumor_core,CTA_composition_plus_H&E_patch_feature_proxy,True,-40.50150448563609,40.50150448563609,False,True,False,False,True
CCGGTTTGTAATTGTG-1,1,56,42,9625,4988,16626.6666666667,32083.3333333333,18,12,5,1,0.6666666666666666,0.2777777777777778,0.0555555555555555,Tumor,0.6666666666666666,True,,positive,ambiguous,negative,ambiguous,Immune cells,0.4898086288993898,0.1260659999453448,0.5101913711006101,0.2170876106675357,0.0137743740155341,0.112131636280243,1.0,207.5008,400.4,mixed_boundary,CTA_composition_plus_H&E_patch_feature_proxy,True,0.0,0.0,True,False,True,True,True
CCGTAAGTTGGTCCCA-1,1,33,77,6134,8037,26790.0,20446.6666666667,19,7,11,1,0.3684210526315789,0.5789473684210527,0.0526315789473684,Immune cells,0.5789473684210527,True,,ambiguous,ambiguous,negative,ambiguous,Immune cells,0.6563793384389768,0.1481919204398573,0.3436206615610233,0.1331595241974906,0.0171636521644668,0.1253296640293544,1.0,334.3392,255.1744,immune_enriched,CTA_composition_plus_H&E_patch_feature_proxy,True,14.556077185835472,14.556077185835472,False,False,False,False,True
CCGTAGGAAATCCCTG-1,1,60,96,10228,9696,32320.0,34093.3333333333,21,21,0,0,1.0,0.0,0.0,Tumor,1.0,True,,positive,negative,negative,negative,Immune cells,0.4895877464559231,0.1204296156003219,0.5104122535440769,0.2050730541524089,0.002639726250611,0.0852425180598555,1.0,403.3536,425.4848,tumor_core,CTA_composition_plus_H&E_patch_feature_proxy,True,-12.646399999999971,12.646399999999971,False,True,False,False,True
CCGTAGGGTTGTTTAC-1,1,60,104,10228,10394,34646.6666666667,34093.3333333333,35,35,0,0,1.0,0.0,0.0,Tumor,1.0,True,,positive,negative,negative,negative,Immune cells,0.5141744971303388,0.127136457492458,0.4858255028696612,0.20579001683776,0.0134810710987996,0.0979895271948935,1.0,432.3904,425.4848,tumor_core,CTA_composition_plus_H&E_patch_feature_proxy,True,-12.564646274368396,12.564646274368396,False,True,False,False,True
CCGTGAGGCATTCATG-1,1,36,120,6586,11786,39286.6666666667,21953.3333333333,24,24,0,0,1.0,0.0,0.0,Tumor,1.0,True,,positive,negative,negative,negative,Immune cells,0.4242789636630275,0.1317521909280238,0.5757210363369724,0.239552441475205,0.0183585899733854,0.0838206627680311,1.0,490.2976,273.9776,tumor_core,CTA_composition_plus_H&E_patch_feature_proxy,True,-26.19231276538976,26.19231276538976,False,True,False,False,True
CCGTGGAACGATCCAA-1,1,24,106,4767,10565,35216.6666666667,15890.0,25,25,0,0,1.0,0.0,0.0,Tumor,1.0,True,,positive,negative,negative,negative,Immune cells,0.5711042311661506,0.1605248479063665,0.4288957688338493,0.1433708109282494,0.0069415023627179,0.1790276344455911,1.0,439.50399999999996,198.3072,tumor_core,CTA_composition_plus_H&E_patch_feature_proxy,True,-31.68259932770672,31.68259932770672,False,True,False,False,True
CCGTGTTAAATTCCAT-1,1,48,36,8411,4464,14880.0,28036.6666666667,32,31,1,0,0.96875,0.03125,0.0,Tumor,0.96875,True,,positive,negative,negative,negative,Immune cells,0.426346568174823,0.1193742284026329,0.5736534318251768,0.2130248221172125,-0.004182282331215,0.0955853686503841,1.0,185.70239999999998,349.8976,tumor_core,CTA_composition_plus_H&E_patch_feature_proxy,True,-12.604800000000012,12.604800000000012,False,True,False,False,True
CCGTTACGTTAGAACA-1,1,20,88,4161,8995,29983.3333333333,13870.0,0,0,0,0,0.0,0.0,0.0,unmapped,0.0,False,no_CTA_object_captured,excluded,excluded,excluded,excluded,Immune cells,0.6480256368475368,0.1659189060374863,0.3519743631524631,0.1692575090978219,0.054793330074412,0.1161755150403241,1.0,374.192,173.0976,unmapped_or_excluded,CTA_composition_plus_H&E_patch_feature_proxy,True,75.71201142857056,75.71201142857056,False,False,False,False,True
CCGTTCCGAATCTCGG-1,1,40,22,7199,3243,10810.0,23996.6666666667,0,0,0,0,0.0,0.0,0.0,unmapped,0.0,False,no_CTA_object_captured,excluded,excluded,excluded,excluded,Immune cells,0.788959498850325,0.1248213000595862,0.2110405011496749,0.0469936451034707,-0.0106349464993753,0.0528914879792072,1.0,134.90879999999999,299.47839999999997,unmapped_or_excluded,CTA_composition_plus_H&E_patch_feature_proxy,True,40.501504485636104,40.501504485636104,False,False,False,False,True
CCTAAATTAACGGTTC-1,1,42,68,7499,7253,24176.6666666667,24996.6666666667,29,26,3,0,0.896551724137931,0.1034482758620689,0.0,Tumor,0.896551724137931,True,,positive,negative,negative,negative,Immune cells,0.4142704542574185,0.1220768932095693,0.5857295457425814,0.2293520178154363,0.0165010048340665,0.0984023238925199,1.0,301.72479999999996,311.9584,tumor_core,CTA_composition_plus_H&E_patch_feature_proxy,True,-19.2082115773437,19.2082115773437,False,True,False,False,True
CCTAAATTGTATCCTA-1,1,52,114,9014,11265,37550.0,30046.6666666667,14,13,0,1,0.9285714285714286,0.0,0.0714285714285714,Tumor,0.9285714285714286,True,,positive,negative,negative,negative,Immune cells,0.486669201383231,0.1237112073914076,0.5133307986167689,0.2242898267340177,0.0219651295421215,0.0801169590643274,1.0,468.62399999999997,374.9824,tumor_core,CTA_composition_plus_H&E_patch_feature_proxy,True,-7.279999999999973,7.279999999999973,True,True,False,False,True
CCTAACCCAAACAAGT-1,1,49,89,8560,9085,30283.3333333333,28533.3333333333,36,35,1,0,0.9722222222222222,0.0277777777777777,0.0,Tumor,0.9722222222222222,True,,positive,negative,negative,negative,Immune cells,0.4789962522405084,0.1270555516625078,0.5210037477594917,0.2253218184780837,0.0220737602520232,0.1015862095325459,1.0,377.936,356.096,tumor_core,CTA_composition_plus_H&E_patch_feature_proxy,True,-7.285702909122747,7.285702909122747,True,True,False,False,True
CCTACATTCACAGACG-1,1,51,33,8867,4203,14010.0,29556.6666666667,21,18,0,3,0.8571428571428571,0.0,0.1428571428571428,Tumor,0.8571428571428571,True,,positive,negative,negative,negative,Immune cells,0.4946463165136784,0.1533884763144714,0.5053536834863216,0.1883656509695291,7.604149693118464e-05,0.1232121698581966,1.0,174.8448,368.86719999999997,tumor_core,CTA_composition_plus_H&E_patch_feature_proxy,True,-14.535316219470442,14.535316219470442,False,True,False,False,True
CCTACTGCGGCGGCCA-1,1,22,126,4462,12308,41026.6666666667,14873.3333333333,31,31,0,0,1.0,0.0,0.0,Tumor,1.0,True,,positive,negative,negative,negative,Immune cells,0.4345192185830934,0.1292410642602461,0.5654807814169066,0.2302210634946499,0.0285264244201835,0.0917402438558269,1.0,512.0128,185.61919999999998,tumor_core,CTA_composition_plus_H&E_patch_feature_proxy,True,-26.26818486306202,26.26818486306202,False,True,False,False,True
CCTAGGCGTAGCGATC-1,1,36,88,6588,8997,29990.0,21960.0,32,32,0,0,1.0,0.0,0.0,Tumor,1.0,True,,positive,negative,negative,negative,Immune cells,0.4195752539242843,0.1311704904968484,0.5804247460757156,0.2158383575036662,0.0046711205257726,0.1020334059549745,1.0,374.2752,274.0608,tumor_core,CTA_composition_plus_H&E_patch_feature_proxy,True,-25.251234266863058,25.251234266863058,False,True,False,False,True
CCTATAATGAGTGCCC-1,1,55,81,9471,8388,27960.0,31570.0,27,26,0,1,0.9629629629629628,0.0,0.037037037037037,Tumor,0.9629629629629628,True,,positive,negative,negative,negative,Immune cells,0.4672786196657795,0.1245317528254667,0.5327213803342205,0.2159578512845581,0.0024116017598175,0.0849520314948591,1.0,348.94079999999997,393.99359999999996,tumor_core,CTA_composition_plus_H&E_patch_feature_proxy,True,-12.604800000000012,12.604800000000012,False,True,False,False,True
CCTATACCGTCCTGTC-1,1,55,45,9473,5249,17496.6666666667,31576.6666666667,13,5,8,0,0.3846153846153846,0.6153846153846154,0.0,Immune cells,0.6153846153846154,True,,ambiguous,positive,negative,positive,Immune cells,0.521648289971575,0.116220632951763,0.4783517100284249,0.2005431535495084,0.0113084569007658,0.0981156595191682,1.0,218.3584,394.0768,immune_enriched,CTA_composition_plus_H&E_patch_feature_proxy,True,7.24962807321863,7.24962807321863,True,False,False,False,True
CCTATATTTGTCCTGG-1,1,62,52,10534,5860,19533.3333333333,35113.3333333333,25,25,0,0,1.0,0.0,0.0,Tumor,1.0,True,,positive,negative,negative,negative,Immune cells,0.4823927724367678,0.1240347546132739,0.5176072275632321,0.2152843408831676,0.0126011623485959,0.0908917173107059,1.0,243.77599999999998,438.21439999999996,tumor_core,CTA_composition_plus_H&E_patch_feature_proxy,True,-14.571405818245557,14.571405818245557,False,True,False,False,True
CCTATGAAGTGGTGCC-1,1,37,111,6739,11002,36673.3333333333,22463.3333333333,25,25,0,0,1.0,0.0,0.0,Tumor,1.0,True,,positive,negative,negative,negative,Immune cells,0.3822026686944399,0.1280687567396001,0.61779733130556,0.2460159687143555,0.0197599261311172,0.08192867790391,1.0,457.6832,280.3424,tumor_core,CTA_composition_plus_H&E_patch_feature_proxy,True,-43.6627424956335,43.6627424956335,False,True,False,False,True
CCTATGGCTCCTAGTG-1,1,62,24,10536,3419,11396.6666666667,35120.0,17,15,0,2,0.8823529411764706,0.0,0.1176470588235294,Tumor,0.8823529411764706,True,,positive,negative,negative,negative,Immune cells,0.5270834464903228,0.0996889949486012,0.4729165535096771,0.1669979903318668,-0.0120362826571071,0.0868478385506249,1.0,142.2304,438.2976,tumor_core,CTA_composition_plus_H&E_patch_feature_proxy,True,-7.270485210768231,7.270485210768231,True,True,False,False,True
CCTATGGTCAAAGCTG-1,1,68,68,11444,7256,24186.6666666667,38146.6666666667,26,22,4,0,0.8461538461538461,0.1538461538461538,0.0,Tumor,0.8461538461538461,True,,positive,negative,negative,negative,Immune cells,0.5617619901146055,0.1245714315785376,0.4382380098853946,0.1939166802455054,0.017044158383575,0.0902113671979513,1.0,301.8496,476.0704,tumor_core,CTA_composition_plus_H&E_patch_feature_proxy,True,-7.238400000000013,7.238400000000013,True,True,False,False,True
CCTATGTCCACTCCAC-1,1,62,92,10532,9348,31160.0,35106.6666666667,10,8,0,2,0.8,0.0,0.2,Tumor,0.8,True,,positive,negative,negative,negative,Immune cells,0.4681983596762805,0.1282651178040497,0.5318016403237195,0.2145891043397968,0.0041388300472543,0.0888812445055995,1.0,388.8768,438.1312,tumor_core,CTA_composition_plus_H&E_patch_feature_proxy,True,-7.306457067553315,7.306457067553315,True,True,False,False,True
CCTCACCTGAGGGAGC-1,1,28,102,5374,10216,34053.3333333333,17913.3333333333,21,21,0,0,1.0,0.0,0.0,Tumor,1.0,True,,positive,negative,negative,negative,Immune cells,0.4303043470389079,0.1305417286382181,0.569695652961092,0.2425615121394818,0.0296127315192004,0.0953598593433474,1.0,424.9856,223.55839999999998,tumor_core,CTA_composition_plus_H&E_patch_feature_proxy,True,-56.68675864291414,56.68675864291414,False,True,False,False,True
CCTCACCTTAGCATCG-1,1,27,97,5222,9780,32600.0,17406.6666666667,13,13,0,0,1.0,0.0,0.0,Tumor,1.0,True,,positive,negative,negative,negative,Immune cells,0.4547028044828272,0.1506573266258208,0.5452971955171727,0.2111129216229428,0.0137852370865243,0.1050108932461873,1.0,406.84799999999996,217.2352,tumor_core,CTA_composition_plus_H&E_patch_feature_proxy,True,-45.3942928430436,45.3942928430436,False,True,False,False,True
CCTCCTGTTGTGTCGT-1,1,62,96,10532,9696,32320.0,35106.6666666667,18,9,3,6,0.5,0.1666666666666666,0.3333333333333333,Tumor,0.5,True,,ambiguous,negative,ambiguous,negative,Immune cells,0.5020150996686764,0.1307500981626024,0.4979849003313236,0.2079300418228233,0.0061593612514257,0.0869586821083209,1.0,403.3536,438.1312,mixed_boundary,CTA_composition_plus_H&E_patch_feature_proxy,True,0.0,0.0,True,False,True,True,True
CCTCGCGCTGTGCGAT-1,1,57,59,9775,6470,21566.6666666667,32583.3333333333,14,1,8,5,0.0714285714285714,0.5714285714285714,0.3571428571428571,Immune cells,0.5714285714285714,True,,negative,ambiguous,ambiguous,ambiguous,Immune cells,0.494215414697735,0.1143795966811579,0.5057845853022649,0.2071696268535114,0.0073760252023246,0.0839506172839506,1.0,269.152,406.64,immune_enriched,CTA_composition_plus_H&E_patch_feature_proxy,True,7.238400000000013,7.238400000000013,True,False,False,False,True
CCTCGGACCGGGATAG-1,1,41,85,7347,8735,29116.6666666667,24490.0,27,27,0,0,1.0,0.0,0.0,Tumor,1.0,True,,positive,negative,negative,negative,Immune cells,0.4761392645700939,0.1214460360035433,0.5238607354299061,0.2026180001086307,0.0003150290587149,0.104781561747506,1.0,363.376,305.6352,tumor_core,CTA_composition_plus_H&E_patch_feature_proxy,True,-26.268184863061993,26.268184863061993,False,True,False,False,True
CCTCGGTTTCCTTGCC-1,1,70,38,11749,4641,15470.0,39163.3333333333,31,30,1,0,0.967741935483871,0.032258064516129,0.0,Tumor,0.967741935483871,True,,positive,negative,negative,negative,Immune cells,0.7231473937682181,0.1514596627036266,0.2768526062317816,0.1183205692249199,0.0243984574439194,0.0821159652944998,1.0,193.0656,488.7584,tumor_core,CTA_composition_plus_H&E_patch_feature_proxy,True,-7.24962807321863,7.24962807321863,True,True,False,False,True
CCTCTACAAGGATTGG-1,1,67,27,11294,3681,12270.0,37646.6666666667,18,1,6,11,0.0555555555555555,0.3333333333333333,0.6111111111111112,Stroma,0.6111111111111112,True,,negative,ambiguous,positive,ambiguous,Immune cells,0.7273188130284431,0.1492279340795894,0.2726811869715568,0.1074140459507902,0.0187062082450708,0.0775446240874517,1.0,153.12959999999998,469.8304,immune_enriched,CTA_composition_plus_H&E_patch_feature_proxy,True,7.238399999999984,7.238399999999984,True,False,False,False,True
CCTCTCTCCCATCTAG-1,1,34,36,6288,4463,14876.6666666667,20960.0,29,18,11,0,0.6206896551724138,0.3793103448275862,0.0,Tumor,0.6206896551724138,True,,positive,ambiguous,negative,ambiguous,Immune cells,0.6770083102493074,0.2124916322582587,0.3229916897506925,0.1320732170984737,0.0358481342675574,0.068493674272828,1.0,185.6608,261.5808,immune_enriched,CTA_composition_plus_H&E_patch_feature_proxy,True,7.24962807321863,7.24962807321863,True,False,False,False,True
CCTCTGTACTATTCTA-1,1,53,61,9168,6644,22146.6666666667,30560.0,15,8,6,1,0.5333333333333333,0.4,0.0666666666666666,Tumor,0.5333333333333333,True,,ambiguous,ambiguous,negative,ambiguous,Immune cells,0.5361468687197871,0.1080891383094347,0.4638531312802129,0.1947857259247189,0.0150127641084134,0.0874632114054198,1.0,276.3904,381.3888,immune_enriched,CTA_composition_plus_H&E_patch_feature_proxy,True,7.2385195392428265,7.2385195392428265,True,False,False,False,True
CCTGAACGATATATTC-1,1,37,85,6740,8735,29116.6666666667,22466.6666666667,18,17,1,0,0.9444444444444444,0.0555555555555555,0.0,Tumor,0.9444444444444444,True,,positive,negative,negative,negative,Immune cells,0.4424673655242337,0.125333454855588,0.5575326344757663,0.2158383575036662,0.009266199554614,0.1026564231930588,1.0,363.376,280.384,tumor_core,CTA_composition_plus_H&E_patch_feature_proxy,True,-25.144369733202705,25.144369733202705,False,True,False,False,True
CCTGACCACCGATGGT-1,1,45,61,7955,6643,22143.3333333333,26516.6666666667,20,1,19,0,0.05,0.95,0.0,Immune cells,0.95,True,,negative,positive,negative,positive,Immune cells,0.4965039016529973,0.1159377085626911,0.5034960983470027,0.1947205474987779,-0.0020748465591222,0.0958223445323548,1.0,276.3488,330.928,immune_enriched,CTA_composition_plus_H&E_patch_feature_proxy,True,7.306457067553315,7.306457067553315,True,False,False,False,True
CCTGAGAATAAATGCA-1,1,71,33,11901,4205,14016.6666666667,39670.0,0,0,0,0,0.0,0.0,0.0,unmapped,0.0,False,no_CTA_object_captured,excluded,excluded,excluded,excluded,Immune cells,0.826523998334329,0.0346395807022842,0.1734760016656708,0.0801151485524958,0.0233338764868828,0.0069487444100446,1.0,174.928,495.0816,unmapped_or_excluded,CTA_composition_plus_H&E_patch_feature_proxy,True,7.238519539242798,7.238519539242798,True,False,False,False,True
CCTGGAAACGTTCTGC-1,1,39,113,7042,11176,37253.3333333333,23473.3333333333,24,23,0,1,0.9583333333333334,0.0,0.0416666666666666,Tumor,0.9583333333333334,True,,positive,negative,negative,negative,Immune cells,0.4048195824959716,0.1270664860998581,0.5951804175040283,0.2472217695942643,0.0254413122589756,0.0871115697741084,1.0,464.92159999999996,292.9472,tumor_core,CTA_composition_plus_H&E_patch_feature_proxy,True,-37.85602285713595,37.85602285713595,False,True,False,False,True
CCTGGTCGAATGTGGG-1,1,59,69,10078,7342,24473.3333333333,33593.3333333333,15,10,3,2,0.6666666666666666,0.2,0.1333333333333333,Tumor,0.6666666666666666,True,,positive,negative,negative,negative,Immune cells,0.5322832364709503,0.1119798287608128,0.4677167635290497,0.2009776763891152,0.0107001249253163,0.0786798150059244,1.0,305.42719999999997,419.2448,mixed_boundary,CTA_composition_plus_H&E_patch_feature_proxy,True,0.0,0.0,True,False,True,True,True
CCTGTAAGACATGATA-1,1,37,41,6742,4899,16330.0,22473.3333333333,22,22,0,0,1.0,0.0,0.0,Tumor,1.0,True,,positive,negative,negative,negative,Immune cells,0.4710915575833288,0.1261790811232696,0.5289084424166711,0.2187605236000217,0.0182173700505132,0.1068455452356381,1.0,203.7984,280.4672,tumor_core,CTA_composition_plus_H&E_patch_feature_proxy,True,-7.285702909122762,7.285702909122762,True,True,False,False,True
CCTGTCCCTCACGTTA-1,1,36,114,6587,11263,37543.3333333333,21956.6666666667,28,28,0,0,1.0,0.0,0.0,Tumor,1.0,True,,positive,negative,negative,negative,Immune cells,0.3669835062372133,0.124843971892782,0.6330164937627868,0.2459290641464342,0.0184563576122969,0.0792875434774299,1.0,468.5408,274.0192,tumor_core,CTA_composition_plus_H&E_patch_feature_proxy,True,-47.601834989840455,47.601834989840455,False,True,False,False,True
CCTGTCGCCCGTAAAT-1,1,36,62,6590,6730,22433.3333333333,21966.6666666667,30,30,0,0,1.0,0.0,0.0,Tumor,1.0,True,,positive,negative,negative,negative,Immune cells,0.4213495555193453,0.1294093709823377,0.5786504444806547,0.2302319265656401,0.0236380424746075,0.1041470779344876,1.0,279.96799999999996,274.144,tumor_core,CTA_composition_plus_H&E_patch_feature_proxy,True,-7.285702909122796,7.285702909122796,True,True,False,False,True
CCTGTTCAACCTCGGG-1,1,71,51,11900,5774,19246.6666666667,39666.6666666667,18,14,2,2,0.7777777777777778,0.1111111111111111,0.1111111111111111,Tumor,0.7777777777777778,True,,positive,negative,negative,negative,Immune cells,0.5571777741567542,0.1318567259419584,0.4428222258432459,0.1837597088696974,0.0153277931671283,0.091124871001032,1.0,240.1984,495.03999999999996,tumor_core,CTA_composition_plus_H&E_patch_feature_proxy,True,-14.518459598731525,14.518459598731525,False,True,False,False,True
CCTGTTTGAAGACACG-1,1,58,94,9925,9522,31740.0,33083.3333333333,32,32,0,0,1.0,0.0,0.0,Tumor,1.0,True,,positive,negative,negative,negative,Immune cells,0.4956131298318034,0.1253282489794178,0.5043868701681965,0.2130465482591928,0.0091792949866927,0.0877269426289034,1.0,396.11519999999996,412.88,tumor_core,CTA_composition_plus_H&E_patch_feature_proxy,True,-21.841743168529355,21.841743168529355,False,True,False,False,True
CCTTCAGTTAAAGTGA-1,1,61,47,10383,5424,18080.0,34610.0,20,20,0,0,1.0,0.0,0.0,Tumor,1.0,True,,positive,negative,negative,negative,Immune cells,0.4942298987923886,0.119769277121108,0.5057701012076113,0.2027809461734832,0.0006735104013904,0.0901425677483468,1.0,225.6384,431.9328,tumor_core,CTA_composition_plus_H&E_patch_feature_proxy,True,-21.8210142239081,21.8210142239081,False,True,False,False,True
CCTTCGTATAGAATCC-1,1,69,61,11596,6646,22153.3333333333,38653.3333333333,21,10,5,6,0.4761904761904761,0.238095238095238,0.2857142857142857,Tumor,0.4761904761904761,True,,ambiguous,ambiguous,ambiguous,ambiguous,Immune cells,0.5046077526116634,0.122337856818848,0.4953922473883366,0.2043343653250774,0.013252946608006,0.0892519970951343,1.0,276.4736,482.3936,mixed_boundary,CTA_composition_plus_H&E_patch_feature_proxy,True,0.0,0.0,True,False,True,True,True
CCTTGACCACTTTATT-1,1,55,109,9469,10829,36096.6666666667,31563.3333333333,11,10,0,1,0.9090909090909092,0.0,0.0909090909090909,Tumor,0.9090909090909092,True,,positive,negative,negative,negative,Immune cells,0.51254141545815,0.1175044407962567,0.48745858454185,0.2049101080875563,0.0126554777035467,0.0793181210105874,1.0,450.4864,393.9104,tumor_core,CTA_composition_plus_H&E_patch_feature_proxy,True,-12.600611845462058,12.600611845462058,False,True,False,False,True
CCTTGTGAACGTGGTT-1,1,72,48,12051,5513,18376.6666666667,40170.0,18,8,9,1,0.4444444444444444,0.5,0.0555555555555555,Immune cells,0.5,True,,ambiguous,ambiguous,negative,ambiguous,Immune cells,0.6961707674759655,0.1602525193205549,0.3038292325240345,0.1393514746618868,0.0247134865026342,0.0659098727210182,1.0,229.3408,501.3216,immune_enriched,CTA_composition_plus_H&E_patch_feature_proxy,True,14.518459598731553,14.518459598731553,False,False,False,False,True
CCTTTAAGGGAGCACT-1,1,58,50,9928,5686,18953.3333333333,33093.3333333333,22,22,0,0,1.0,0.0,0.0,Tumor,1.0,True,,positive,negative,negative,negative,Immune cells,0.452711241467963,0.1223894655155813,0.547288758532037,0.2266362500678941,0.0140785400032589,0.1046248518900737,1.0,236.5376,413.0048,tumor_core,CTA_composition_plus_H&E_patch_feature_proxy,True,-19.208211577343672,19.208211577343672,False,True,False,False,True
CGAAACGCAATTCATG-1,1,41,33,7350,4202,14006.6666666667,24500.0,28,28,0,0,1.0,0.0,0.0,Tumor,1.0,True,,positive,negative,negative,negative,Immune cells,0.5837198776094003,0.20121334430972,0.4162801223905998,0.1422736407582423,-0.0085926891532236,0.0876810763291671,1.0,174.8032,305.76,tumor_core,CTA_composition_plus_H&E_patch_feature_proxy,True,-26.151945133010635,26.151945133010635,False,True,False,False,True
CGAACAGTATGGGCGT-1,1,50,96,8711,9695,32316.6666666667,29036.6666666667,31,31,0,0,1.0,0.0,0.0,Tumor,1.0,True,,positive,negative,negative,negative,Immune cells,0.4419893904006662,0.1217598780392369,0.5580106095993337,0.2173591874422899,0.0018358589973385,0.101547987616099,1.0,403.31199999999995,362.3776,tumor_core,CTA_composition_plus_H&E_patch_feature_proxy,True,-12.5797877247591,12.5797877247591,False,True,False,False,True
CGAACCCGCATGCGTC-1,1,49,49,8562,5598,18660.0,28540.0,32,32,0,0,1.0,0.0,0.0,Tumor,1.0,True,,positive,negative,negative,negative,Immune cells,0.4454872992595007,0.1221548175127278,0.5545127007404993,0.2303079680625712,0.0155776437999022,0.0843290142567748,1.0,232.8768,356.1792,tumor_core,CTA_composition_plus_H&E_patch_feature_proxy,True,-19.19455736191904,19.19455736191904,False,True,False,False,True
CGAAGTTGCTCTGTGT-1,1,33,35,6136,4376,14586.6666666667,20453.3333333333,11,0,7,4,0.0,0.6363636363636364,0.3636363636363636,Immune cells,0.6363636363636364,True,,negative,positive,ambiguous,positive,Immune cells,0.8093603461698622,0.1173527174374391,0.1906396538301377,0.0533919939166802,0.0104285481505621,0.0441692466460268,1.0,182.0416,255.2576,immune_enriched,CTA_composition_plus_H&E_patch_feature_proxy,True,12.604799999999983,12.604799999999983,False,False,False,False,True
CGAATCTGCTCGACGC-1,1,62,22,10536,3245,10816.6666666667,35120.0,14,0,7,7,0.0,0.5,0.5,Immune cells,0.5,True,,negative,ambiguous,ambiguous,ambiguous,Immune cells,0.5221262650951425,0.0989538995299732,0.4778737349048575,0.1734289283580468,-0.004953560371517,0.0859419791308336,1.0,134.992,438.2976,immune_enriched,CTA_composition_plus_H&E_patch_feature_proxy,True,12.564646274368396,12.564646274368396,False,False,False,False,True
CGAATGAAGTCATTGC-1,1,62,20,10536,3071,10236.6666666667,35120.0,2,0,2,0,0.0,1.0,0.0,Immune cells,1.0,True,,negative,positive,negative,positive,Immune cells,0.5721869172415043,0.1361268055145553,0.4278130827584959,0.1590788115800336,0.004888381945576,0.0985934334747544,1.0,127.75359999999999,438.2976,unmapped_or_excluded,CTA_composition_plus_H&E_patch_feature_proxy,True,19.16893513578674,19.16893513578674,False,False,False,False,True
CGAATGACGCATAATG-1,1,63,57,10686,6296,20986.6666666667,35620.0,28,28,0,0,1.0,0.0,0.0,Tumor,1.0,True,,positive,negative,negative,negative,Immune cells,0.5008962033566889,0.1189387200269164,0.499103796643311,0.2073217098473738,0.007528108196187,0.0909184726522187,1.0,261.9136,444.5376,tumor_core,CTA_composition_plus_H&E_patch_feature_proxy,True,-12.600611845462137,12.600611845462137,False,True,False,False,True
CGACAATTTGATCTAA-1,1,43,95,7650,9607,32023.3333333333,25500.0,24,21,0,3,0.875,0.0,0.125,Tumor,0.875,True,,positive,negative,negative,negative,Immune cells,0.419376097622798,0.1201000889067631,0.580623902377202,0.2218347726902395,0.0006952365433708,0.0840652830332912,1.0,399.65119999999996,318.24,tumor_core,CTA_composition_plus_H&E_patch_feature_proxy,True,-36.27522385320321,36.27522385320321,False,True,False,False,True
CGACACGCTCCGACAG-1,1,46,94,8105,9521,31736.6666666667,27016.6666666667,27,27,0,0,1.0,0.0,0.0,Tumor,1.0,True,,positive,negative,negative,negative,Immune cells,0.4705375409628302,0.1196905086016481,0.5294624590371698,0.2148063657596002,0.0034870457878442,0.1006841723043993,1.0,396.0736,337.168,tumor_core,CTA_composition_plus_H&E_patch_feature_proxy,True,-26.215295492517313,26.215295492517313,False,True,False,False,True
CGACAGTTCGCGTTAT-1,1,36,42,6591,4986,16620.0,21970.0,27,27,0,0,1.0,0.0,0.0,Tumor,1.0,True,,positive,negative,negative,negative,Immune cells,0.4722756323212572,0.1190303343656604,0.5277243676787428,0.2082776600945087,0.0051056433653793,0.1080495356037151,1.0,207.4176,274.18559999999997,tumor_core,CTA_composition_plus_H&E_patch_feature_proxy,True,-12.604800000000012,12.604800000000012,False,True,False,False,True
CGACTTTGTATAGCCT-1,1,33,109,6132,10827,36090.0,20440.0,22,22,0,0,1.0,0.0,0.0,Tumor,1.0,True,,positive,negative,negative,negative,Immune cells,0.3844477033657415,0.1258171184646658,0.6155522966342586,0.2326869806094182,0.0075498343381674,0.082544050758705,1.0,450.40319999999997,255.0912,tumor_core,CTA_composition_plus_H&E_patch_feature_proxy,True,-64.74640090445182,64.74640090445182,False,True,False,False,True
CGAGACCCTAGAGTGT-1,1,43,61,7651,6643,22143.3333333333,25503.3333333333,29,29,0,0,1.0,0.0,0.0,Tumor,1.0,True,,positive,negative,negative,negative,Immune cells,0.4849383520721308,0.1190374793693977,0.5150616479278692,0.2006952365433707,-0.0001738091358427,0.0970416236670106,1.0,276.3488,318.28159999999997,tumor_core,CTA_composition_plus_H&E_patch_feature_proxy,True,-19.31960612434944,19.31960612434944,False,True,False,False,True
CGAGAGCTTTCACTAC-1,1,64,88,10836,8999,29996.6666666667,36120.0,9,3,1,5,0.3333333333333333,0.1111111111111111,0.5555555555555556,Stroma,0.5555555555555556,True,,ambiguous,negative,ambiguous,negative,Immune cells,0.4915467202578168,0.126246213939683,0.5084532797421831,0.2191298680136874,0.0187387974580413,0.0939532928181019,1.0,374.35839999999996,450.7776,stroma_rich,CTA_composition_plus_H&E_patch_feature_proxy,True,0.0,0.0,True,False,True,True,True
CGAGAGGGTAGCCGCG-1,1,56,104,9621,10393,34643.3333333333,32070.0,24,24,0,0,1.0,0.0,0.0,Tumor,1.0,True,,positive,negative,negative,negative,Immune cells,0.470360110803324,0.1255231959658932,0.5296398891966758,0.2222258432458856,0.0134050296018684,0.0905018537629476,1.0,432.3488,400.23359999999997,tumor_core,CTA_composition_plus_H&E_patch_feature_proxy,True,-14.571405818245571,14.571405818245571,False,True,False,False,True
CGAGATGTTGCCTATA-1,1,2,32,1433,4111,13703.3333333333,4776.66666666667,0,0,0,0,0.0,0.0,0.0,unmapped,0.0,False,no_CTA_object_captured,excluded,excluded,excluded,excluded,Immune cells,0.8156681693914869,0.0693007854009632,0.184331830608513,0.0360545326163706,0.0036282657107164,0.0478309062416389,1.0,171.0176,59.6128,unmapped_or_excluded,CTA_composition_plus_H&E_patch_feature_proxy,True,184.76662361801172,184.76662361801172,False,False,False,False,True
CGAGATTTCGCTCGGG-1,1,42,116,7497,11438,38126.6666666667,24990.0,24,24,0,0,1.0,0.0,0.0,Tumor,1.0,True,,positive,negative,negative,negative,Immune cells,0.415306067025148,0.1355111037779283,0.584693932974852,0.243604366954538,0.0239639346043126,0.0746321140541986,1.0,475.82079999999996,311.8752,tumor_core,CTA_composition_plus_H&E_patch_feature_proxy,True,-19.19455736191904,19.19455736191904,False,True,False,False,True
CGAGGAGCTTCCATAT-1,1,23,117,4614,11524,38413.3333333333,15380.0,25,25,0,0,1.0,0.0,0.0,Tumor,1.0,True,,positive,negative,negative,negative,Immune cells,0.4158093893143592,0.1290473900227921,0.5841906106856408,0.2449405246863288,0.03087284775406,0.0895959943431563,1.0,479.3984,191.9424,tumor_core,CTA_composition_plus_H&E_patch_feature_proxy,True,-19.226672140544757,19.226672140544757,False,True,False,False,True
CGAGGATCGGGAACGA-1,1,28,118,5373,11611,38703.3333333333,17910.0,26,26,0,0,1.0,0.0,0.0,Tumor,1.0,True,,positive,negative,negative,negative,Immune cells,0.4096500280629334,0.1291201127574115,0.5903499719370666,0.2378578024007386,0.0195426647113138,0.0883193823338302,1.0,483.01759999999996,223.5168,tumor_core,CTA_composition_plus_H&E_patch_feature_proxy,True,-25.16524943647489,25.16524943647489,False,True,False,False,True
CGAGGGACTGCGGTCG-1,1,38,78,6892,8125,27083.3333333333,22973.3333333333,26,26,0,0,1.0,0.0,0.0,Tumor,1.0,True,,positive,negative,negative,negative,Immune cells,0.453250773993808,0.1232650384113535,0.5467492260061919,0.2277877355928521,0.0239639346043126,0.1066697244199824,1.0,338.0,286.7072,tumor_core,CTA_composition_plus_H&E_patch_feature_proxy,True,-14.5560771858355,14.5560771858355,False,True,False,False,True
CGAGGGTATCCAGGTG-1,1,64,60,10837,6558,21860.0,36123.3333333333,19,16,3,0,0.8421052631578947,0.1578947368421052,0.0,Tumor,0.8421052631578947,True,,positive,negative,negative,negative,Immune cells,0.5259971393913059,0.1148877002416804,0.474002860608694,0.2019879419912008,0.0133941665308782,0.0867752169093758,1.0,272.8128,450.81919999999997,tumor_core,CTA_composition_plus_H&E_patch_feature_proxy,True,-12.604800000000012,12.604800000000012,False,True,False,False,True
CGAGTACTAAAGAGGA-1,1,45,35,7956,4377,14590.0,26520.0,33,33,0,0,1.0,0.0,0.0,Tumor,1.0,True,,positive,negative,negative,negative,Immune cells,0.5095685550305071,0.1633850814876323,0.4904314449694928,0.176915974145891,-0.0067133778719243,0.1187631387837786,1.0,182.0832,330.96959999999996,tumor_core,CTA_composition_plus_H&E_patch_feature_proxy,True,-7.285702909122796,7.285702909122796,True,True,False,False,True
CGAGTGAAGGTACCAG-1,1,55,29,9474,3855,12850.0,31580.0,16,2,12,2,0.125,0.75,0.125,Immune cells,0.75,True,,negative,positive,negative,positive,Immune cells,0.6348704578784422,0.1661770500892637,0.3651295421215578,0.1377763293683124,0.0071479007115311,0.1099032985513893,1.0,160.368,394.1184,immune_enriched,CTA_composition_plus_H&E_patch_feature_proxy,True,7.280000000000001,7.280000000000001,True,False,False,False,True
CGAGTTTATCGGACTG-1,1,37,93,6740,9433,31443.3333333333,22466.6666666667,23,21,2,0,0.9130434782608696,0.0869565217391304,0.0,Tumor,0.9130434782608696,True,,positive,negative,negative,negative,Immune cells,0.4243803523256024,0.1234166635583536,0.5756196476743975,0.2174243658682309,0.003476182716854,0.0817299239383862,1.0,392.4128,280.384,tumor_core,CTA_composition_plus_H&E_patch_feature_proxy,True,-36.43385853845298,36.43385853845298,False,True,False,False,True
CGATAATACTCAGGTT-1,1,43,117,7648,11525,38416.6666666667,25493.3333333333,19,19,0,0,1.0,0.0,0.0,Tumor,1.0,True,,positive,negative,negative,negative,Immune cells,0.4280231021309724,0.1375124745381963,0.5719768978690275,0.2425289229265113,0.0252240508391722,0.0726025302908688,1.0,479.44,318.1568,tumor_core,CTA_composition_plus_H&E_patch_feature_proxy,True,-14.518399999999986,14.518399999999986,False,True,False,False,True
CGATACCTCGCGGACA-1,1,40,48,7197,5510,18366.6666666667,23990.0,32,24,8,0,0.75,0.25,0.0,Tumor,0.75,True,,positive,ambiguous,negative,ambiguous,Immune cells,0.4922021255408904,0.1204732744181881,0.5077978744591096,0.1934278420509478,-0.0009450871761446,0.1076711386308909,1.0,229.21599999999998,299.3952,tumor_core,CTA_composition_plus_H&E_patch_feature_proxy,True,-7.280000000000001,7.280000000000001,True,True,False,False,True
CGATAGTCGTACTGCA-1,1,66,88,11139,8999,29996.6666666667,37130.0,10,6,0,4,0.6,0.0,0.4,Tumor,0.6,True,,positive,negative,ambiguous,negative,Immune cells,0.5304328933789583,0.1277973381323347,0.4695671066210417,0.207528108196187,0.0177393949269458,0.101830829797806,1.0,374.35839999999996,463.38239999999996,stroma_rich,CTA_composition_plus_H&E_patch_feature_proxy,True,0.0,0.0,True,False,True,True,True
CGATCCACCATTGTTG-1,1,72,54,12051,6036,20120.0,40170.0,12,0,10,2,0.0,0.8333333333333334,0.1666666666666666,Immune cells,0.8333333333333334,True,,negative,positive,negative,positive,Immune cells,0.5693806239023773,0.1486424512793233,0.4306193760976228,0.1889305306610178,0.0255825321818478,0.1057103543171654,1.0,251.0976,501.3216,immune_enriched,CTA_composition_plus_H&E_patch_feature_proxy,True,7.285702909122747,7.285702909122747,True,False,False,False,True
CGATCCGACCCAGTGC-1,1,38,50,6894,5684,18946.6666666667,22980.0,25,20,1,4,0.8,0.04,0.16,Tumor,0.8,True,,positive,negative,negative,negative,Immune cells,0.5070483225607879,0.116782820866536,0.4929516774392121,0.1890608875128999,-0.0007386888273314,0.1164583572220311,1.0,236.4544,286.7904,tumor_core,CTA_composition_plus_H&E_patch_feature_proxy,True,-19.22667214054478,19.22667214054478,False,True,False,False,True
CGATCCTCGCAACATA-1,1,66,40,11142,4815,16050.0,37140.0,11,0,10,1,0.0,0.9090909090909092,0.0909090909090909,Immune cells,0.9090909090909092,True,,negative,positive,negative,positive,Immune cells,0.5060344359350388,0.1253926378332023,0.4939655640649611,0.1966215849220574,0.0043669545380479,0.1014906547414287,1.0,200.304,463.50719999999995,immune_enriched,CTA_composition_plus_H&E_patch_feature_proxy,True,7.280000000000001,7.280000000000001,True,False,False,False,True
CGATCGAGAAGCACCA-1,1,74,64,12354,6908,23026.6666666667,41180.0,27,23,3,1,0.8518518518518519,0.1111111111111111,0.037037037037037,Tumor,0.8518518518518519,True,,positive,negative,negative,negative,Immune cells,0.7001502724820307,0.1642036548633735,0.2998497275179692,0.1569931019499212,0.0421052631578947,0.0699461070978098,1.0,287.3728,513.9264,tumor_core,CTA_composition_plus_H&E_patch_feature_proxy,True,-14.518399999999986,14.518399999999986,False,True,False,False,True
CGATGTTGTTATCTAC-1,1,58,12,9930,2373,7910.0,33100.0,0,0,0,0,0.0,0.0,0.0,unmapped,0.0,False,no_CTA_object_captured,excluded,excluded,excluded,excluded,Immune cells,0.8446436007459309,0.0728926392695665,0.155356399254069,0.0358915865515181,0.0118950627342349,0.0306233994572487,1.0,98.71679999999999,413.08799999999997,unmapped_or_excluded,CTA_composition_plus_H&E_patch_feature_proxy,True,50.775948448059545,50.775948448059545,False,False,False,False,True
CGATTAAATATCTCCT-1,1,56,62,9623,6732,22440.0,32076.6666666667,26,25,1,0,0.9615384615384616,0.0384615384615384,0.0,Tumor,0.9615384615384616,True,,positive,negative,negative,negative,Immune cells,0.4980428367099377,0.114375541424813,0.5019571632900621,0.2114170876106675,0.0119711042311661,0.0807399763024118,1.0,280.0512,400.3168,tumor_core,CTA_composition_plus_H&E_patch_feature_proxy,True,-7.27048521076828,7.27048521076828,True,True,False,False,True
CGATTCGCCTGGCTGC-1,1,57,73,9775,7691,25636.6666666667,32583.3333333333,22,22,0,0,1.0,0.0,0.0,Tumor,1.0,True,,positive,negative,negative,negative,Immune cells,0.4970072239422085,0.1179870644324668,0.5029927760577915,0.2175764488620933,0.010873934061159,0.0746091809043305,1.0,319.9456,406.64,tumor_core,CTA_composition_plus_H&E_patch_feature_proxy,True,-7.285702909122747,7.285702909122747,True,True,False,False,True
CGCACATGTCCACTAC-1,1,39,87,7043,8910,29700.0,23476.6666666667,18,18,0,0,1.0,0.0,0.0,Tumor,1.0,True,,positive,negative,negative,negative,Immune cells,0.4481234044864483,0.1247003748801156,0.5518765955135516,0.2075606974091575,0.0038346640595296,0.1125597217444482,1.0,370.656,292.98879999999997,tumor_core,CTA_composition_plus_H&E_patch_feature_proxy,True,-38.453344281089514,38.453344281089514,False,True,False,False,True
CGCACGTCTGTTTATG-1,1,68,32,11445,4117,13723.3333333333,38150.0,17,13,1,3,0.7647058823529411,0.0588235294117647,0.1764705882352941,Tumor,0.7647058823529411,True,,positive,negative,negative,negative,Immune cells,0.6646678616044756,0.1746690521602566,0.3353321383955244,0.1276628102764651,0.0102547390147194,0.0962810075297175,1.0,171.2672,476.11199999999997,tumor_core,CTA_composition_plus_H&E_patch_feature_proxy,True,-7.2385195392428265,7.2385195392428265,True,True,False,False,True
CGCACGTGCGCTATCA-1,1,39,99,7043,9956,33186.6666666667,23476.6666666667,33,33,0,0,1.0,0.0,0.0,Tumor,1.0,True,,positive,negative,negative,negative,Immune cells,0.4076910542610396,0.1218460417597406,0.5923089457389604,0.2262886317962087,0.003345825864972,0.0848679432786759,1.0,414.1696,292.98879999999997,tumor_core,CTA_composition_plus_H&E_patch_feature_proxy,True,-33.29988405985824,33.29988405985824,False,True,False,False,True
CGCAGATCTTCACCCG-1,1,25,113,4918,11175,37250.0,16393.3333333333,34,32,2,0,0.9411764705882352,0.0588235294117647,0.0,Tumor,0.9411764705882352,True,,positive,negative,negative,negative,Immune cells,0.4016656708851593,0.126521492912768,0.5983343291148406,0.2544457118027266,0.0328282005322904,0.0749952222604441,1.0,464.88,204.5888,tumor_core,CTA_composition_plus_H&E_patch_feature_proxy,True,-25.25120000000001,25.25120000000001,False,True,False,False,True
CGCAGGCGATCCAAAC-1,1,52,102,9015,10219,34063.3333333333,30050.0,17,12,1,4,0.7058823529411765,0.0588235294117647,0.2352941176470588,Tumor,0.7058823529411765,True,,positive,negative,ambiguous,negative,Immune cells,0.431448590516539,0.1288693173196793,0.568551409483461,0.2305035033403943,0.0115474444625495,0.0921606849367427,1.0,425.11039999999997,375.024,tumor_core,CTA_composition_plus_H&E_patch_feature_proxy,True,-12.64646842086757,12.64646842086757,False,True,False,False,True
CGCATCCATCAGCCAG-1,1,28,116,5373,11437,38123.3333333333,17910.0,28,28,0,0,1.0,0.0,0.0,Tumor,1.0,True,,positive,negative,negative,negative,Immune cells,0.4147991237122734,0.1297617940910993,0.5852008762877264,0.2540003258921297,0.031578947368421,0.0858273133814929,1.0,475.7792,223.5168,tumor_core,CTA_composition_plus_H&E_patch_feature_proxy,True,-31.633100638413513,31.633100638413513,False,True,False,False,True
CGCATGCCGAATGCGT-1,1,67,89,11291,9087,30290.0,37636.6666666667,20,17,3,0,0.85,0.15,0.0,Tumor,0.85,True,,positive,negative,negative,negative,Immune cells,0.5531403327720746,0.1302510522241624,0.4468596672279253,0.1975775351691923,0.0178697517788278,0.1084929098344991,1.0,378.01919999999996,469.7056,tumor_core,CTA_composition_plus_H&E_patch_feature_proxy,True,-7.249628073218616,7.249628073218616,True,True,False,False,True
CGCATGGTGCGATGCT-1,1,40,66,7196,7079,23596.6666666667,23986.6666666667,30,30,0,0,1.0,0.0,0.0,Tumor,1.0,True,,positive,negative,negative,negative,Immune cells,0.4211757463835026,0.1229811982917186,0.5788242536164973,0.2130248221172125,0.0034327304328933,0.1163131139395329,1.0,294.4864,299.3536,tumor_core,CTA_composition_plus_H&E_patch_feature_proxy,True,-31.65464795697469,31.65464795697469,False,True,False,False,True
CGCCCAGCACGCCTAG-1,1,59,51,10079,5773,19243.3333333333,33596.6666666667,26,26,0,0,1.0,0.0,0.0,Tumor,1.0,True,,positive,negative,negative,negative,Immune cells,0.4545543425126283,0.1189606440940051,0.5454456574873716,0.2211721253598392,0.0104285481505621,0.096533272178267,1.0,240.15679999999998,419.28639999999996,tumor_core,CTA_composition_plus_H&E_patch_feature_proxy,True,-19.22667214054474,19.22667214054474,False,True,False,False,True
CGCCCAGCGTTTCACG-1,1,65,89,10987,9086,30286.6666666667,36623.3333333333,21,20,1,0,0.9523809523809524,0.0476190476190476,0.0,Tumor,0.9523809523809524,True,,positive,negative,negative,negative,Immune cells,0.5188709648217552,0.124065869008513,0.4811290351782449,0.2063005811742979,0.0158926728586171,0.0849099873867675,1.0,377.9776,457.0592,tumor_core,CTA_composition_plus_H&E_patch_feature_proxy,True,-7.249628073218644,7.249628073218644,True,True,False,False,True
CGCCGCCCATGCCTGT-1,1,39,83,7043,8561,28536.6666666667,23476.6666666667,23,18,3,2,0.782608695652174,0.1304347826086956,0.0869565217391304,Tumor,0.782608695652174,True,,positive,negative,negative,negative,Immune cells,0.4668477178498361,0.1139322432352539,0.5331522821501639,0.200065178425941,-0.0023790125468469,0.1014180331001796,1.0,356.13759999999996,292.98879999999997,tumor_core,CTA_composition_plus_H&E_patch_feature_proxy,True,-29.091371069786273,29.091371069786273,False,True,False,False,True
CGCCGCGTTCTGAACG-1,1,73,45,12203,5251,17503.3333333333,40676.6666666667,20,3,15,2,0.15,0.75,0.1,Immune cells,0.75,True,,negative,positive,negative,positive,Immune cells,0.8131117266851338,0.0500671262228104,0.1868882733148659,0.1123784693932975,0.0430068980500787,0.0076252723311546,1.0,218.4416,507.6448,immune_enriched,CTA_composition_plus_H&E_patch_feature_proxy,True,7.249628073218679,7.249628073218679,True,False,False,False,True
CGCCGTCTACCCATCG-1,1,38,122,6890,11961,39870.0,22966.6666666667,24,24,0,0,1.0,0.0,0.0,Tumor,1.0,True,,positive,negative,negative,negative,Immune cells,0.4227653757717307,0.1339913690509977,0.5772346242282693,0.2399652381728314,0.0213785237086524,0.0775560906623858,1.0,497.57759999999996,286.62399999999997,tumor_core,CTA_composition_plus_H&E_patch_feature_proxy,True,-26.24534735757938,26.24534735757938,False,True,False,False,True
CGCCGTTCAGCATAGT-1,1,58,104,9925,10394,34646.6666666667,33083.3333333333,16,9,6,1,0.5625,0.375,0.0625,Tumor,0.5625,True,,ambiguous,ambiguous,negative,ambiguous,Immune cells,0.484764542936288,0.1317209854197123,0.5152354570637119,0.2114822660366085,0.0092336103416435,0.102335359094905,1.0,432.3904,412.88,immune_enriched,CTA_composition_plus_H&E_patch_feature_proxy,True,7.28000000000003,7.28000000000003,True,False,False,False,True
CGCCTCCCTCCTCTAT-1,1,43,73,7651,7689,25630.0,25503.3333333333,20,9,4,7,0.45,0.2,0.35,Tumor,0.45,True,,ambiguous,negative,ambiguous,negative,Immune cells,0.4585085003530498,0.1215144758933421,0.5414914996469502,0.2170332953125848,0.010482863505513,0.1012422122845239,1.0,319.8624,318.28159999999997,stroma_rich,CTA_composition_plus_H&E_patch_feature_proxy,True,0.0,0.0,True,False,True,True,True
CGCCTTTAGCATGCTC-1,1,45,117,7952,11526,38420.0,26506.6666666667,24,24,0,0,1.0,0.0,0.0,Tumor,1.0,True,,positive,negative,negative,negative,Immune cells,0.4176959426429852,0.1340548712243156,0.5823040573570147,0.2385095866601488,0.0178262994948672,0.0769483621908802,1.0,479.48159999999996,330.8032,tumor_core,CTA_composition_plus_H&E_patch_feature_proxy,True,-14.518399999999986,14.518399999999986,False,True,False,False,True
CGCGAAGTGGCATACT-1,1,64,96,10835,9697,32323.3333333333,36116.6666666667,25,25,0,0,1.0,0.0,0.0,Tumor,1.0,True,,positive,negative,negative,negative,Immune cells,0.5275686636612169,0.1209106692498719,0.472431336338783,0.2029547553093259,0.0131117266851338,0.0896724381760501,1.0,403.3952,450.736,tumor_core,CTA_composition_plus_H&E_patch_feature_proxy,True,-12.60486864667777,12.60486864667777,False,True,False,False,True
CGCGACCGCGACAGAT-1,1,59,81,10078,8388,27960.0,33593.3333333333,15,15,0,0,1.0,0.0,0.0,Tumor,1.0,True,,positive,negative,negative,negative,Immune cells,0.4736624843843354,0.1192042604708142,0.5263375156156646,0.2169463907446635,0.0058769214056813,0.0863394870618812,1.0,348.94079999999997,419.2448,tumor_core,CTA_composition_plus_H&E_patch_feature_proxy,True,-7.238399999999956,7.238399999999956,True,True,False,False,True
CGCGCATGTTTGATTG-1,1,50,54,8714,6034,20113.3333333333,29046.6666666667,18,15,3,0,0.8333333333333334,0.1666666666666666,0.0,Tumor,0.8333333333333334,True,,positive,negative,negative,negative,Immune cells,0.4962142197599261,0.1182518718407484,0.5037857802400739,0.2079300418228233,0.0123404486448318,0.0997362687765164,1.0,251.0144,362.50239999999997,tumor_core,CTA_composition_plus_H&E_patch_feature_proxy,True,-7.238399999999984,7.238399999999984,True,True,False,False,True
CGCGGCTCAACTTGAA-1,1,43,97,7650,9782,32606.6666666667,25500.0,27,27,0,0,1.0,0.0,0.0,Tumor,1.0,True,,positive,negative,negative,negative,Immune cells,0.4049137291112197,0.1219824530945748,0.5950862708887803,0.2251914616262017,0.0032915105100211,0.0857585139318885,1.0,406.9312,318.24,tumor_core,CTA_composition_plus_H&E_patch_feature_proxy,True,-28.99522984216543,28.99522984216543,False,True,False,False,True
CGCGGGAATTCCTTTC-1,1,72,84,12049,8651,28836.6666666667,40163.3333333333,19,0,17,2,0.0,0.8947368421052632,0.1052631578947368,Immune cells,0.8947368421052632,True,,negative,positive,negative,positive,Immune cells,0.7527927145003892,0.121648056563798,0.2472072854996106,0.1295421215577643,0.0369018521536038,0.0487558766196537,1.0,359.8816,501.23839999999996,immune_enriched,CTA_composition_plus_H&E_patch_feature_proxy,True,7.2385195392428265,7.2385195392428265,True,False,False,False,True
CGCGGTAAGTCTAGCT-1,1,30,118,5676,11611,38703.3333333333,18920.0,26,26,0,0,1.0,0.0,0.0,Tumor,1.0,True,,positive,negative,negative,negative,Immune cells,0.4293846070284069,0.1298966057230058,0.570615392971593,0.2446363586986041,0.0247243495736244,0.0939800481596146,1.0,483.01759999999996,236.1216,tumor_core,CTA_composition_plus_H&E_patch_feature_proxy,True,-33.33138832512082,33.33138832512082,False,True,False,False,True
CGCGGTACGGTATACA-1,1,62,118,10531,11614,38713.3333333333,35103.3333333333,1,0,1,0,0.0,1.0,0.0,Immune cells,1.0,True,,ambiguous,ambiguous,ambiguous,ambiguous,Immune cells,0.8247967700468922,0.0628374666678816,0.1752032299531076,0.1026342947151159,0.0375210472000434,0.0172419065091923,1.0,483.14239999999995,438.08959999999996,unmapped_or_excluded,CTA_composition_plus_H&E_patch_feature_proxy,True,7.238399999999956,7.238399999999956,True,False,False,False,True
CGCTACGGGACATTTA-1,1,38,48,6894,5509,18363.3333333333,22980.0,28,28,0,0,1.0,0.0,0.0,Tumor,1.0,True,,positive,negative,negative,negative,Immune cells,0.4993065739684609,0.1171710712287283,0.5006934260315391,0.1937863233936233,0.0034544565748737,0.110595115239078,1.0,229.1744,286.7904,tumor_core,CTA_composition_plus_H&E_patch_feature_proxy,True,-14.476799999999997,14.476799999999997,False,True,False,False,True
CGCTAGAGACCGCTGC-1,1,39,101,7043,10130,33766.6666666667,23476.6666666667,26,26,0,0,1.0,0.0,0.0,Tumor,1.0,True,,positive,negative,negative,negative,Immune cells,0.4009052559158474,0.1217355057603684,0.5990947440841525,0.230416598772473,0.0067894193688555,0.0923441501356878,1.0,421.40799999999996,292.98879999999997,tumor_core,CTA_composition_plus_H&E_patch_feature_proxy,True,-29.091371069786355,29.091371069786355,False,True,False,False,True
CGCTATTCTTAGGCTC-1,1,38,60,6893,6556,21853.3333333333,22976.6666666667,29,29,0,0,1.0,0.0,0.0,Tumor,1.0,True,,positive,negative,negative,negative,Immune cells,0.4131841471584017,0.1350258625065699,0.5868158528415983,0.2435609146705774,0.0288740426918689,0.1006459503879524,1.0,272.7296,286.74879999999996,tumor_core,CTA_composition_plus_H&E_patch_feature_proxy,True,-7.28000000000003,7.28000000000003,True,True,False,False,True
CGCTCTCCGTAGATTA-1,1,33,37,6136,4550,15166.6666666667,20453.3333333333,20,10,8,2,0.5,0.4,0.1,Tumor,0.5,True,,ambiguous,ambiguous,negative,ambiguous,Immune cells,0.7187840602538337,0.1771361631241072,0.2812159397461662,0.1001140622453967,0.0163815110531747,0.0686503841302603,1.0,189.28,255.2576,immune_enriched,CTA_composition_plus_H&E_patch_feature_proxy,True,12.604799999999983,12.604799999999983,False,False,False,False,True
CGCTGGTGACTACCCT-1,1,48,98,8408,9869,32896.6666666667,28026.6666666667,20,20,0,0,1.0,0.0,0.0,Tumor,1.0,True,,positive,negative,negative,negative,Immune cells,0.4834428692991509,0.1237056581977675,0.5165571307008492,0.2129161914073108,0.0096572701102601,0.0964453617704391,1.0,410.55039999999997,349.77279999999996,tumor_core,CTA_composition_plus_H&E_patch_feature_proxy,True,-7.306457067553364,7.306457067553364,True,True,False,False,True
CGCTGTGTGGATGTTG-1,1,59,43,10080,5076,16920.0,33600.0,19,16,0,3,0.8421052631578947,0.0,0.1578947368421052,Tumor,0.8421052631578947,True,,positive,negative,negative,negative,Immune cells,0.4641935075045715,0.1263627859446507,0.5358064924954284,0.2152626147411873,0.0034435935038835,0.1055651110346672,1.0,211.1616,419.328,tumor_core,CTA_composition_plus_H&E_patch_feature_proxy,True,-7.306457067553315,7.306457067553315,True,True,False,False,True
CGCTTAGTATTGATAC-1,1,66,52,11141,5861,19536.6666666667,37136.6666666667,25,25,0,0,1.0,0.0,0.0,Tumor,1.0,True,,positive,negative,negative,negative,Immune cells,0.4572411420708633,0.1243927915372281,0.5427588579291365,0.2348921840204226,0.0184020422573461,0.0880862286435041,1.0,243.8176,463.4656,tumor_core,CTA_composition_plus_H&E_patch_feature_proxy,True,-14.556077185835486,14.556077185835486,False,True,False,False,True
CGCTTATTCCCGGTCG-1,1,42,30,7501,3941,13136.6666666667,25003.3333333333,37,31,2,4,0.8378378378378378,0.054054054054054,0.1081081081081081,Tumor,0.8378378378378378,True,,positive,negative,negative,negative,Immune cells,0.7935545778791664,0.0991484636641004,0.2064454221208334,0.0599750149367226,0.0023572864048666,0.039938080495356,1.0,163.94559999999998,312.04159999999996,tumor_core,CTA_composition_plus_H&E_patch_feature_proxy,True,-19.311766692874073,19.311766692874073,False,True,False,False,True
CGCTTCGGTCTAAGAC-1,1,66,104,11138,10394,34646.6666666667,37126.6666666667,15,8,5,2,0.5333333333333333,0.3333333333333333,0.1333333333333333,Tumor,0.5333333333333333,True,,ambiguous,ambiguous,negative,ambiguous,Immune cells,0.6212952401643945,0.153396584322391,0.3787047598356055,0.1630112432784748,0.022768996795394,0.1116156404082101,1.0,432.3904,463.3408,immune_enriched,CTA_composition_plus_H&E_patch_feature_proxy,True,7.249628073218693,7.249628073218693,True,False,False,False,True
CGCTTGGACGGATAGA-1,1,63,117,10682,11527,38423.3333333333,35606.6666666667,0,0,0,0,0.0,0.0,0.0,unmapped,0.0,False,no_CTA_object_captured,excluded,excluded,excluded,excluded,Immune cells,0.8311118353158438,0.0447878414047488,0.1688881646841561,0.1046765520612677,0.0399869643148117,0.0063563047051178,1.0,479.5232,444.3712,unmapped_or_excluded,CTA_composition_plus_H&E_patch_feature_proxy,True,7.238400000000013,7.238400000000013,True,False,False,False,True
CGCTTTCCGCCAAGGT-1,1,73,77,12202,8041,26803.3333333333,40673.3333333333,18,4,5,9,0.2222222222222222,0.2777777777777778,0.5,Stroma,0.5,True,,ambiguous,ambiguous,ambiguous,ambiguous,Immune cells,0.7207611391740444,0.1408221252562445,0.2792388608259554,0.1527673673347455,0.0457443919396013,0.070534724611092,1.0,334.50559999999996,507.60319999999996,stroma_rich,CTA_composition_plus_H&E_patch_feature_proxy,True,0.0,0.0,True,False,True,True,True
CGCTTTCTTGCATTCG-1,1,31,85,5830,8735,29116.6666666667,19433.3333333333,18,1,10,7,0.0555555555555555,0.5555555555555556,0.3888888888888889,Immune cells,0.5555555555555556,True,,negative,ambiguous,ambiguous,ambiguous,Immune cells,0.6027918092444734,0.1385115988972708,0.3972081907555265,0.1332898810493726,-0.0015860083645646,0.1622061690173145,1.0,363.376,242.528,immune_enriched,CTA_composition_plus_H&E_patch_feature_proxy,True,12.543762446730238,12.543762446730238,False,False,False,False,True
CGGAAAGAATCAAACG-1,1,58,48,9928,5511,18370.0,33093.3333333333,21,19,2,0,0.9047619047619048,0.0952380952380952,0.0,Tumor,0.9047619047619048,True,,positive,negative,negative,negative,Immune cells,0.4614596346387123,0.1262106710683842,0.5385403653612876,0.2235185486937157,0.0129053283363206,0.1027749111340442,1.0,229.2576,413.0048,tumor_core,CTA_composition_plus_H&E_patch_feature_proxy,True,-12.564646274368421,12.564646274368421,False,True,False,False,True
CGGAACGTAAACATAG-1,1,47,45,8259,5249,17496.6666666667,27530.0,26,1,25,0,0.0384615384615384,0.9615384615384616,0.0,Immune cells,0.9615384615384616,True,,negative,positive,negative,positive,Immune cells,0.4962323248782431,0.106416520204303,0.5037676751217569,0.1957742653848243,0.0038998424854706,0.0684669189313152,1.0,218.3584,343.57439999999997,immune_enriched,CTA_composition_plus_H&E_patch_feature_proxy,True,7.2857029091228105,7.2857029091228105,True,False,False,False,True
CGGACCTTTACGTCCC-1,1,71,71,11898,7518,25060.0,39660.0,20,9,9,2,0.45,0.45,0.1,Tumor,0.45,True,,ambiguous,ambiguous,negative,ambiguous,Immune cells,0.6262741477015552,0.1313715070248834,0.3737258522984447,0.1795122481125414,0.0320351963500081,0.0941176470588235,1.0,312.74879999999996,494.9568,immune_enriched,CTA_composition_plus_H&E_patch_feature_proxy,True,7.249628073218693,7.249628073218693,True,False,False,False,True
CGGAGCAATTTAATCG-1,1,54,60,9320,6557,21856.6666666667,31066.6666666667,24,23,0,1,0.9583333333333334,0.0,0.0416666666666666,Tumor,0.9583333333333334,True,,positive,negative,negative,negative,Immune cells,0.5449713033874677,0.1083468709875385,0.4550286966125323,0.1891912443647819,0.0136114279506816,0.0871612582654894,1.0,272.77119999999996,387.712,tumor_core,CTA_composition_plus_H&E_patch_feature_proxy,True,-7.238399999999956,7.238399999999956,True,True,False,False,True
CGGAGCATGGCGATCC-1,1,39,67,7044,7166,23886.6666666667,23480.0,27,27,0,0,1.0,0.0,0.0,Tumor,1.0,True,,positive,negative,negative,negative,Immune cells,0.4417721289808629,0.1223958894024782,0.558227871019137,0.2089620335668893,0.0031177013741784,0.112525322019646,1.0,298.1056,293.0304,tumor_core,CTA_composition_plus_H&E_patch_feature_proxy,True,-26.268184863061993,26.268184863061993,False,True,False,False,True
CGGATCCTCAAGGACT-1,1,60,80,10229,8301,27670.0,34096.6666666667,24,19,2,3,0.7916666666666666,0.0833333333333333,0.125,Tumor,0.7916666666666666,True,,positive,negative,negative,negative,Immune cells,0.4807198595042818,0.1195429104972214,0.5192801404957181,0.2183477269023953,0.0081147140296561,0.0915835339983946,1.0,345.3216,425.52639999999997,tumor_core,CTA_composition_plus_H&E_patch_feature_proxy,True,-7.249628073218616,7.249628073218616,True,True,False,False,True
CGGCAAACATCGTGCG-1,1,52,66,9016,7080,23600.0,30053.3333333333,27,27,0,0,1.0,0.0,0.0,Tumor,1.0,True,,positive,negative,negative,negative,Immune cells,0.4612097840059385,0.116168965810764,0.5387902159940615,0.2185758513931888,0.0063657596002389,0.0886136910904712,1.0,294.52799999999996,375.06559999999996,tumor_core,CTA_composition_plus_H&E_patch_feature_proxy,True,-7.23851953924277,7.23851953924277,True,True,False,False,True
CGGCAATAAGATCGCC-1,1,54,108,9318,10742,35806.6666666667,31060.0,17,16,0,1,0.9411764705882352,0.0,0.0588235294117647,Tumor,0.9411764705882352,True,,positive,negative,negative,negative,Immune cells,0.5185885249760106,0.1168628824534769,0.4814114750239893,0.1997284232252457,0.0103090543696703,0.088739823414746,1.0,446.86719999999997,387.62879999999996,tumor_core,CTA_composition_plus_H&E_patch_feature_proxy,True,-14.571405818245523,14.571405818245523,False,True,False,False,True
CGGCAGGGTCGGGTTG-1,1,32,94,5981,9519,31730.0,19936.6666666667,28,28,0,0,1.0,0.0,0.0,Tumor,1.0,True,,positive,negative,negative,negative,Immune cells,0.4012999474951569,0.1217605651805187,0.598700052504843,0.2238009885394601,-0.0003802074846559,0.0925543706761456,1.0,395.99039999999997,248.8096,tumor_core,CTA_composition_plus_H&E_patch_feature_proxy,True,-21.7568,21.7568,False,True,False,False,True
CGGCCACGCACAAAGT-1,1,35,59,6438,6468,21560.0,21460.0,22,1,0,21,0.0454545454545454,0.0,0.9545454545454546,Stroma,0.9545454545454546,True,,negative,negative,positive,negative,Immune cells,0.5076349283942571,0.1401942557348531,0.4923650716057429,0.2223887893107381,0.0444951387757319,0.0710430760998356,1.0,269.0688,267.82079999999996,stroma_rich,CTA_composition_plus_H&E_patch_feature_proxy,True,0.0,0.0,True,False,True,True,True
CGGCCAGAGCGACCAT-1,1,67,49,11293,5599,18663.3333333333,37643.3333333333,23,23,0,0,1.0,0.0,0.0,Tumor,1.0,True,,positive,negative,negative,negative,Immune cells,0.4476200821972371,0.1243607183092219,0.5523799178027629,0.2269078268426484,0.0096029547553093,0.0921797958949661,1.0,232.9184,469.7888,tumor_core,CTA_composition_plus_H&E_patch_feature_proxy,True,-19.226672140544757,19.226672140544757,False,True,False,False,True
CGGCCCAACCTGTAGT-1,1,28,112,5373,11088,36960.0,17910.0,28,28,0,0,1.0,0.0,0.0,Tumor,1.0,True,,positive,negative,negative,negative,Immune cells,0.4141364763818731,0.1389042412249748,0.5858635236181268,0.2432458856118624,0.0262886317962087,0.0921186408286511,1.0,461.26079999999996,223.5168,tumor_core,CTA_composition_plus_H&E_patch_feature_proxy,True,-44.32719618112566,44.32719618112566,False,True,False,False,True
CGGCCCAGGTATATCC-1,1,43,105,7649,10479,34930.0,25496.6666666667,15,10,1,4,0.6666666666666666,0.0666666666666666,0.2666666666666666,Tumor,0.6666666666666666,True,,positive,negative,ambiguous,negative,Immune cells,0.3863523618126844,0.128182089089657,0.6136476381873155,0.2303948726304926,0.0042691868991363,0.0857508695485991,1.0,435.9264,318.1984,mixed_boundary,CTA_composition_plus_H&E_patch_feature_proxy,True,0.0,0.0,True,False,True,True,True
CGGCGCCATCAATCCC-1,1,59,93,10077,9435,31450.0,33590.0,14,11,0,3,0.7857142857142857,0.0,0.2142857142857142,Tumor,0.7857142857142857,True,,positive,negative,ambiguous,negative,Immune cells,0.4967211630728006,0.1254433210003472,0.5032788369271992,0.211514855249579,0.0119385150181956,0.0839964835836868,1.0,392.496,419.2032,tumor_core,CTA_composition_plus_H&E_patch_feature_proxy,True,-14.556077185835472,14.556077185835472,False,True,False,False,True
CGGCTCTAAAGCTGCA-1,1,46,110,8104,10915,36383.3333333333,27013.3333333333,28,24,2,2,0.8571428571428571,0.0714285714285714,0.0714285714285714,Tumor,0.8571428571428571,True,,positive,negative,negative,negative,Immune cells,0.4447703365741495,0.1250437437160864,0.5552296634258505,0.2275161588180979,0.009201021128673,0.0882276497343576,1.0,454.06399999999996,337.1264,tumor_core,CTA_composition_plus_H&E_patch_feature_proxy,True,-12.600611845462108,12.600611845462108,False,True,False,False,True
CGGGAATATAGTATAC-1,1,47,105,8256,10480,34933.3333333333,27520.0,29,29,0,0,1.0,0.0,0.0,Tumor,1.0,True,,positive,negative,negative,negative,Immune cells,0.4223670631687578,0.1316540983958693,0.5776329368312422,0.2283743414263212,0.0079191787518331,0.079987004548408,1.0,435.96799999999996,343.4496,tumor_core,CTA_composition_plus_H&E_patch_feature_proxy,True,-14.535316219470442,14.535316219470442,False,True,False,False,True
CGGGAATTTATGTAAA-1,1,45,65,7955,6992,23306.6666666667,26516.6666666667,23,23,0,0,1.0,0.0,0.0,Tumor,1.0,True,,positive,negative,negative,negative,Immune cells,0.4612170260532652,0.1256122084961686,0.5387829739467347,0.214534788984846,0.0087447721470859,0.0892863968199365,1.0,290.86719999999997,330.928,tumor_core,CTA_composition_plus_H&E_patch_feature_proxy,True,-12.564646274368396,12.564646274368396,False,True,False,False,True
CGGGAGCTTCAGTGTA-1,1,49,91,8560,9259,30863.3333333333,28533.3333333333,34,34,0,0,1.0,0.0,0.0,Tumor,1.0,True,,positive,negative,negative,negative,Immune cells,0.4648344286929914,0.1282251347137488,0.5351655713070084,0.2224539677366791,0.0145891043397968,0.1042999656002752,1.0,385.1744,356.096,tumor_core,CTA_composition_plus_H&E_patch_feature_proxy,True,-12.564646274368396,12.564646274368396,False,True,False,False,True
CGGGCAGCTAAACCGC-1,1,32,56,5983,6206,20686.6666666667,19943.3333333333,7,0,0,7,0.0,0.0,1.0,Stroma,1.0,True,,negative,negative,positive,negative,Immune cells,0.6167798236561476,0.099755675473315,0.3832201763438523,0.1743088371082505,0.0319591548530769,0.0738829644918396,1.0,258.1696,248.8928,stroma_rich,CTA_composition_plus_H&E_patch_feature_proxy,True,12.564646274368421,12.564646274368421,False,False,True,False,True
CGGGCCTTCTTTGTAA-1,1,41,55,7348,6120,20400.0,24493.3333333333,25,18,6,1,0.72,0.24,0.04,Tumor,0.72,True,,positive,ambiguous,negative,ambiguous,Immune cells,0.4941067839878333,0.1068535628631947,0.5058932160121665,0.1991309543207864,-0.0031502905871489,0.0782135076252723,1.0,254.59199999999998,305.6768,tumor_core,CTA_composition_plus_H&E_patch_feature_proxy,True,-7.249628073218664,7.249628073218664,True,True,False,False,True
CGGGCGATGGATCACG-1,1,69,75,11595,7866,26220.0,38650.0,16,5,11,0,0.3125,0.6875,0.0,Immune cells,0.6875,True,,ambiguous,positive,negative,positive,Immune cells,0.5298571506164792,0.1366135183539606,0.4701428493835207,0.2157297267937646,0.0257020259627396,0.1051408477621068,1.0,327.2256,482.352,immune_enriched,CTA_composition_plus_H&E_patch_feature_proxy,True,7.285702909122747,7.285702909122747,True,False,False,False,True
CGGGTTTGTTAGGGCT-1,1,56,114,9621,11265,37550.0,32070.0,27,27,0,0,1.0,0.0,0.0,Tumor,1.0,True,,positive,negative,negative,negative,Immune cells,0.5387721108757446,0.11672180312545,0.4612278891242554,0.2086904567921351,0.0241268806691651,0.0896953713259182,1.0,468.62399999999997,400.23359999999997,tumor_core,CTA_composition_plus_H&E_patch_feature_proxy,True,-7.238400000000013,7.238400000000013,True,True,False,False,True
CGGTACTAGAATCAAA-1,1,43,83,7650,8561,28536.6666666667,25500.0,22,22,0,0,1.0,0.0,0.0,Tumor,1.0,True,,positive,negative,negative,negative,Immune cells,0.4802744735936849,0.1204294879983848,0.5197255264063151,0.2082124816685676,0.0076801911900494,0.1009631922944616,1.0,356.13759999999996,318.24,tumor_core,CTA_composition_plus_H&E_patch_feature_proxy,True,-12.646399999999971,12.646399999999971,False,True,False,False,True
CGGTATGGGCACTCTG-1,1,75,77,12505,8041,26803.3333333333,41683.3333333333,10,10,0,0,1.0,0.0,0.0,Tumor,1.0,True,,positive,negative,negative,negative,Immune cells,0.7933916318143139,0.0797545254078718,0.206608368185686,0.1344522296453207,0.0584541849980989,0.0262852119405267,1.0,334.50559999999996,520.208,tumor_core,CTA_composition_plus_H&E_patch_feature_proxy,True,-7.238399999999956,7.238399999999956,True,True,False,False,True
CGGTCAGTCCATATTT-1,1,58,126,9923,12312,41040.0,33076.6666666667,0,0,0,0,0.0,0.0,0.0,unmapped,0.0,False,no_CTA_object_captured,excluded,excluded,excluded,excluded,Immune cells,0.7832455235094962,0.1055851220844579,0.2167544764905038,0.1069795231111835,0.0427461843463147,0.0598555211558307,1.0,512.1791999999999,412.79679999999996,unmapped_or_excluded,CTA_composition_plus_H&E_patch_feature_proxy,True,7.280118856172583,7.280118856172583,True,False,False,False,True
CGGTCCGTCGCAAGCC-1,1,63,51,10686,5773,19243.3333333333,35620.0,19,15,1,3,0.7894736842105263,0.0526315789473684,0.1578947368421052,Tumor,0.7894736842105263,True,,positive,negative,negative,negative,Immune cells,0.4902395307153332,0.1276589981616212,0.5097604692846667,0.2141871707131606,0.0171527890934767,0.0827236937660054,1.0,240.15679999999998,444.5376,tumor_core,CTA_composition_plus_H&E_patch_feature_proxy,True,-7.285702909122747,7.285702909122747,True,True,False,False,True
CGGTGCAGATAGAACG-1,1,42,36,7501,4464,14880.0,25003.3333333333,20,20,0,0,1.0,0.0,0.0,Tumor,1.0,True,,positive,negative,negative,negative,Immune cells,0.4059927941629098,0.1256366427637856,0.5940072058370902,0.2197925153440877,-0.0040301993373526,0.0964262508122157,1.0,185.70239999999998,312.04159999999996,tumor_core,CTA_composition_plus_H&E_patch_feature_proxy,True,-19.195278619493877,19.195278619493877,False,True,False,False,True
CGGTGCGCGTTGGTCC-1,1,49,39,8563,4726,15753.3333333333,28543.3333333333,25,9,16,0,0.36,0.64,0.0,Immune cells,0.64,True,,ambiguous,positive,negative,positive,Immune cells,0.4457118027266308,0.1176413991243685,0.5542881972733691,0.2097984900331323,0.0012709793058497,0.1027366892175973,1.0,196.6016,356.2208,immune_enriched,CTA_composition_plus_H&E_patch_feature_proxy,True,7.24962807321863,7.24962807321863,True,False,False,False,True
CGGTTATCCAACAGTG-1,1,30,98,5677,9868,32893.3333333333,18923.3333333333,35,31,4,0,0.8857142857142857,0.1142857142857142,0.0,Tumor,0.8857142857142857,True,,positive,negative,negative,negative,Immune cells,0.4314775587058461,0.131745335401084,0.5685224412941537,0.2162402911303025,0.0039541578404214,0.1198715743607384,1.0,410.5088,236.1632,tumor_core,CTA_composition_plus_H&E_patch_feature_proxy,True,-38.41642315468741,38.41642315468741,False,True,False,False,True
CGGTTCAAGTAGGTGT-1,1,24,98,4767,9867,32890.0,15890.0,0,0,0,0,0.0,0.0,0.0,unmapped,0.0,False,no_CTA_object_captured,excluded,excluded,excluded,excluded,Immune cells,0.6677964260496443,0.1509574117841637,0.3322035739503557,0.1150725109988593,0.0087339090760958,0.1494629820739212,1.0,410.4672,198.3072,unmapped_or_excluded,CTA_composition_plus_H&E_patch_feature_proxy,True,57.62463473203106,57.62463473203106,False,False,False,False,True
CGGTTGACCTGGCATA-1,1,39,25,7047,3504,11680.0,23490.0,0,0,0,0,0.0,0.0,0.0,unmapped,0.0,False,no_CTA_object_captured,excluded,excluded,excluded,excluded,Immune cells,0.7233972444009921,0.1431909535314625,0.2766027555990078,0.0799522024876432,0.0022703818369453,0.0921530405534533,1.0,145.7664,293.1552,unmapped_or_excluded,CTA_composition_plus_H&E_patch_feature_proxy,True,38.47658190224281,38.47658190224281,False,False,False,False,True
CGGTTGAGTATCCTTC-1,1,66,30,11142,3943,13143.3333333333,37140.0,18,11,2,5,0.6111111111111112,0.1111111111111111,0.2777777777777778,Tumor,0.6111111111111112,True,,positive,negative,ambiguous,negative,Immune cells,0.5560443937501132,0.1298330838558596,0.4439556062498868,0.1728423225245776,0.0113519091847265,0.1199289072354087,1.0,164.0288,463.50719999999995,mixed_boundary,CTA_composition_plus_H&E_patch_feature_proxy,True,0.0,0.0,True,False,True,True,True
CGGTTGGGCAGGGTCC-1,1,73,75,12202,7867,26223.3333333333,40673.3333333333,17,5,5,7,0.2941176470588235,0.2941176470588235,0.4117647058823529,Stroma,0.4117647058823529,True,,ambiguous,ambiguous,ambiguous,ambiguous,Immune cells,0.7102927597631851,0.1363404529699846,0.2897072402368149,0.1498777904513606,0.0405844332192711,0.086515307877537,1.0,327.2672,507.60319999999996,stroma_rich,CTA_composition_plus_H&E_patch_feature_proxy,True,0.0,0.0,True,False,True,True,True
CGTAAAGCAAGAAATC-1,1,70,28,11749,3769,12563.3333333333,39163.3333333333,0,0,0,0,0.0,0.0,0.0,unmapped,0.0,False,no_CTA_object_captured,excluded,excluded,excluded,excluded,Immune cells,0.8349863306356706,0.0319405093064659,0.1650136693643292,0.0710118950627342,0.0220411710390527,0.0102855177158582,1.0,156.7904,488.7584,unmapped_or_excluded,CTA_composition_plus_H&E_patch_feature_proxy,True,12.564646274368425,12.564646274368425,False,False,False,False,True
CGTAAATAACAAAGGG-1,1,75,55,12506,6123,20410.0,41686.6666666667,25,20,4,1,0.8,0.16,0.04,Tumor,0.8,True,,positive,negative,negative,negative,Immune cells,0.7878550866329912,0.0754340853283966,0.2121449133670087,0.1326163706479821,0.0567595459236326,0.0247295799411382,1.0,254.71679999999998,520.2496,tumor_core,CTA_composition_plus_H&E_patch_feature_proxy,True,-12.600611845462137,12.600611845462137,False,True,False,False,True
CGTAACTTCGACACTT-1,1,68,50,11445,5687,18956.6666666667,38150.0,31,31,0,0,1.0,0.0,0.0,Tumor,1.0,True,,positive,negative,negative,negative,Immune cells,0.4541849980989625,0.1226271284722863,0.5458150019010375,0.2217044158383574,0.0097659008201618,0.0972327332492451,1.0,236.5792,476.11199999999997,tumor_core,CTA_composition_plus_H&E_patch_feature_proxy,True,-12.543762446730252,12.543762446730252,False,True,False,False,True
CGTAGAGAGTAATTAT-1,1,67,87,11291,8912,29706.6666666667,37636.6666666667,17,15,0,2,0.8823529411764706,0.0,0.1176470588235294,Tumor,0.8823529411764706,True,,positive,negative,negative,negative,Immune cells,0.5264787355385369,0.1338255328150142,0.4735212644614632,0.2098636684590734,0.0171853783064472,0.0967473149103696,1.0,370.7392,469.7056,tumor_core,CTA_composition_plus_H&E_patch_feature_proxy,True,-7.238400000000013,7.238400000000013,True,True,False,False,True
CGTATTGTTTCCTAAT-1,1,23,125,4614,12221,40736.6666666667,15380.0,24,24,0,0,1.0,0.0,0.0,Tumor,1.0,True,,positive,negative,negative,negative,Immune cells,0.4399398910071878,0.1331266184831363,0.5600601089928122,0.239041877138667,0.0332844495138775,0.0854183388755112,1.0,508.3936,191.9424,tumor_core,CTA_composition_plus_H&E_patch_feature_proxy,True,-19.270905340434844,19.270905340434844,False,True,False,False,True
CGTCAAATGGTCGCAG-1,1,20,124,4159,12134,40446.6666666667,13863.3333333333,35,34,0,1,0.9714285714285714,0.0,0.0285714285714285,Tumor,0.9714285714285714,True,,positive,negative,negative,negative,Immune cells,0.4604493690366267,0.1220278549108743,0.5395506309633733,0.2099397099560045,0.0135462495247406,0.1025494018270075,1.0,504.77439999999996,173.0144,tumor_core,CTA_composition_plus_H&E_patch_feature_proxy,True,-25.18037381771761,25.18037381771761,False,True,False,False,True
CGTCACGTCCATTGGT-1,1,47,51,8259,5772,19240.0,27530.0,23,23,0,0,1.0,0.0,0.0,Tumor,1.0,True,,positive,negative,negative,negative,Immune cells,0.450053410099035,0.1173360536328149,0.549946589900965,0.2328825158872413,0.0171310629514963,0.0769674731491036,1.0,240.1152,343.57439999999997,tumor_core,CTA_composition_plus_H&E_patch_feature_proxy,True,-25.251234266863058,25.251234266863058,False,True,False,False,True
CGTCGCATGTGAGCCA-1,1,65,77,10988,8040,26800.0,36626.6666666667,14,11,0,3,0.7857142857142857,0.0,0.2142857142857142,Tumor,0.7857142857142857,True,,positive,negative,ambiguous,negative,Immune cells,0.4924157659370303,0.127194313337412,0.5075842340629696,0.2252240508391722,0.0206506979523111,0.0811604173833276,1.0,334.464,457.1008,tumor_core,CTA_composition_plus_H&E_patch_feature_proxy,True,-7.285702909122775,7.285702909122775,True,True,False,False,True
CGTCGCTTGGTTATAC-1,1,63,25,10687,3507,11690.0,35623.3333333333,20,12,1,7,0.6,0.05,0.35,Tumor,0.6,True,,positive,negative,ambiguous,negative,Immune cells,0.5260768019119005,0.1102094881160997,0.4739231980880994,0.1781109119548096,-0.0004345228396067,0.1005580399801246,1.0,145.8912,444.57919999999996,stroma_rich,CTA_composition_plus_H&E_patch_feature_proxy,True,0.0,0.0,True,False,True,True,True
CGTCGGATAGTGTTGA-1,1,34,96,6284,9694,32313.3333333333,20946.6666666667,27,27,0,0,1.0,0.0,0.0,Tumor,1.0,True,,positive,negative,negative,negative,Immune cells,0.4051853058859739,0.1232557376276933,0.594814694114026,0.214599967410787,-0.0062136766063766,0.0961548752054428,1.0,403.2704,261.4144,tumor_core,CTA_composition_plus_H&E_patch_feature_proxy,True,-31.65464795697469,31.65464795697469,False,True,False,False,True
CGTCGTCCTTCGCGAA-1,1,56,76,9623,7952,26506.6666666667,32076.6666666667,16,13,2,1,0.8125,0.125,0.0625,Tumor,0.8125,True,,positive,negative,negative,negative,Immune cells,0.5120344721452754,0.1193919822661465,0.4879655278547246,0.21865189289012,0.0183477269023953,0.0858082024232695,1.0,330.8032,400.3168,tumor_core,CTA_composition_plus_H&E_patch_feature_proxy,True,-7.238400000000013,7.238400000000013,True,True,False,False,True
CGTCTTGAGTGTGACG-1,1,41,125,7345,12223,40743.3333333333,24483.3333333333,22,22,0,0,1.0,0.0,0.0,Tumor,1.0,True,,positive,negative,negative,negative,Immune cells,0.4134050296018685,0.1368016558971337,0.5865949703981316,0.2355874205637934,0.0228884905762859,0.0793295875855215,1.0,508.47679999999997,305.55199999999996,tumor_core,CTA_composition_plus_H&E_patch_feature_proxy,True,-19.226672140544757,19.226672140544757,False,True,False,False,True
CGTGAAGTTAATTCAC-1,1,40,56,7197,6207,20690.0,23990.0,21,13,2,6,0.6190476190476191,0.0952380952380952,0.2857142857142857,Tumor,0.6190476190476191,True,,positive,negative,ambiguous,negative,Immune cells,0.5019680263610524,0.1097332886505596,0.4980319736389477,0.1951767964803649,-0.0011514855249579,0.0913503803080686,1.0,258.21119999999996,299.3952,mixed_boundary,CTA_composition_plus_H&E_patch_feature_proxy,True,0.0,0.0,True,False,True,True,True
CGTGACCAGTCCTCTG-1,1,63,55,10686,6122,20406.6666666667,35620.0,27,27,0,0,1.0,0.0,0.0,Tumor,1.0,True,,positive,negative,negative,negative,Immune cells,0.4733293502073036,0.1226410275148743,0.5266706497926964,0.2146977350496985,0.0071044484275704,0.0916676222145778,1.0,254.6752,444.5376,tumor_core,CTA_composition_plus_H&E_patch_feature_proxy,True,-19.208211577343672,19.208211577343672,False,True,False,False,True
CGTGCACACCACTGTA-1,1,72,90,12049,9174,30580.0,40163.3333333333,15,3,6,6,0.2,0.4,0.4,Immune cells,0.4,True,,negative,ambiguous,ambiguous,ambiguous,Immune cells,0.8002751977984176,0.0811570508904058,0.1997248022015822,0.1256205529303134,0.048557927326055,0.0247372243244276,1.0,381.6384,501.23839999999996,immune_enriched,CTA_composition_plus_H&E_patch_feature_proxy,True,12.600611845462108,12.600611845462108,False,False,False,False,True
CGTGCAGACTGGGACA-1,1,40,74,7196,7776,25920.0,23986.6666666667,17,16,1,0,0.9411764705882352,0.0588235294117647,0.0,Tumor,0.9411764705882352,True,,positive,negative,negative,negative,Immune cells,0.452906776745786,0.1206318256689785,0.547093223254214,0.2154472869480202,0.0091032534897615,0.1174750601995184,1.0,323.48159999999996,299.3536,tumor_core,CTA_composition_plus_H&E_patch_feature_proxy,True,-19.270905340434833,19.270905340434833,False,True,False,False,True
CGTGCATTGTCGACGC-1,1,39,31,7046,4027,13423.3333333333,23486.6666666667,22,18,3,1,0.8181818181818182,0.1363636363636363,0.0454545454545454,Tumor,0.8181818181818182,True,,positive,negative,negative,negative,Immune cells,0.7724621150399217,0.1214557666342737,0.2275378849600781,0.0599532887947422,-0.0066373363749932,0.0595229904827427,1.0,167.5232,293.11359999999996,tumor_core,CTA_composition_plus_H&E_patch_feature_proxy,True,-26.268184863061986,26.268184863061986,False,True,False,False,True
CGTGCCCTCCCGAAGA-1,1,43,77,7651,8038,26793.3333333333,25503.3333333333,19,19,0,0,1.0,0.0,0.0,Tumor,1.0,True,,positive,negative,negative,negative,Immune cells,0.4513859468071624,0.1220494722329511,0.5486140531928376,0.2289174949758297,0.0201509966867633,0.0933226311967281,1.0,334.38079999999997,318.28159999999997,tumor_core,CTA_composition_plus_H&E_patch_feature_proxy,True,-14.518399999999986,14.518399999999986,False,True,False,False,True
CGTGCTTCTACCTAAA-1,1,62,28,10536,3768,12560.0,35120.0,28,28,0,0,1.0,0.0,0.0,Tumor,1.0,True,,positive,negative,negative,negative,Immune cells,0.5162058914055003,0.1259090681802223,0.4837941085944996,0.1921025473901471,0.0043235022540872,0.107055765776096,1.0,156.7488,438.2976,tumor_core,CTA_composition_plus_H&E_patch_feature_proxy,True,-7.24962807321863,7.24962807321863,True,True,False,False,True
CGTGGAAGCCTCGTAC-1,1,48,120,8407,11788,39293.3333333333,28023.3333333333,15,5,7,3,0.3333333333333333,0.4666666666666667,0.2,Immune cells,0.4666666666666667,True,,ambiguous,ambiguous,negative,ambiguous,Immune cells,0.4170296742889214,0.1233839769787433,0.5829703257110785,0.2239096192493618,0.0013035685188202,0.0847800328708481,1.0,490.38079999999997,349.7312,immune_enriched,CTA_composition_plus_H&E_patch_feature_proxy,True,12.600611845462108,12.600611845462108,False,False,False,False,True
CGTGGCCGAATATCTA-1,1,47,101,8256,10131,33770.0,27520.0,27,26,1,0,0.9629629629629628,0.037037037037037,0.0,Tumor,0.9629629629629628,True,,positive,negative,negative,negative,Immune cells,0.4226676081328192,0.1269976546967531,0.5773323918671808,0.2395307153332247,0.0164141002661452,0.0814356151817452,1.0,421.4496,343.4496,tumor_core,CTA_composition_plus_H&E_patch_feature_proxy,True,-14.571405818245571,14.571405818245571,False,True,False,False,True
CGTGGTACCCAAAGGC-1,1,66,42,11142,4989,16630.0,37140.0,10,5,4,1,0.5,0.4,0.1,Tumor,0.5,True,,ambiguous,ambiguous,negative,ambiguous,Immune cells,0.5013343472199592,0.1255096216343536,0.4986656527800409,0.2004019336266362,0.0056813861278583,0.0993043611206666,1.0,207.5424,463.50719999999995,immune_enriched,CTA_composition_plus_H&E_patch_feature_proxy,True,7.285702909122762,7.285702909122762,True,False,False,False,True
CGTGTCTCGTTACGAC-1,1,60,34,10232,4291,14303.3333333333,34106.6666666667,9,4,5,0,0.4444444444444444,0.5555555555555556,0.0,Immune cells,0.5555555555555556,True,,ambiguous,ambiguous,negative,ambiguous,Immune cells,0.5024749696739269,0.1199661221596189,0.4975250303260732,0.200901634892184,0.0050296018684482,0.1014753659748499,1.0,178.5056,425.65119999999996,immune_enriched,CTA_composition_plus_H&E_patch_feature_proxy,True,7.238400000000013,7.238400000000013,True,False,False,False,True
CGTGTGTTAAACCCTG-1,1,32,116,5980,11437,38123.3333333333,19933.3333333333,35,35,0,0,1.0,0.0,0.0,Tumor,1.0,True,,positive,negative,negative,negative,Immune cells,0.4124490793547335,0.1308454849001141,0.5875509206452663,0.2504372386073543,0.0292868393894954,0.0870389481328593,1.0,475.7792,248.768,tumor_core,CTA_composition_plus_H&E_patch_feature_proxy,True,-44.17669296088152,44.17669296088152,False,True,False,False,True
CGTTAAACTAGTTAGG-1,1,49,111,8559,11003,36676.6666666667,28530.0,21,20,0,1,0.9523809523809524,0.0,0.0476190476190476,Tumor,0.9523809523809524,True,,positive,negative,negative,negative,Immune cells,0.4703275215903536,0.1234750536019303,0.5296724784096464,0.221737005051328,0.0153169300961381,0.0887895119061269,1.0,457.72479999999996,356.0544,tumor_core,CTA_composition_plus_H&E_patch_feature_proxy,True,-7.238400000000013,7.238400000000013,True,True,False,False,True
CGTTAATGTCCCGACG-1,1,59,87,10077,8912,29706.6666666667,33590.0,21,20,1,0,0.9523809523809524,0.0476190476190476,0.0,Tumor,0.9523809523809524,True,,positive,negative,negative,negative,Immune cells,0.4947114949396194,0.1234741308076334,0.5052885050603806,0.2220194448970724,0.0208353701591439,0.0763215227611512,1.0,370.7392,419.2032,tumor_core,CTA_composition_plus_H&E_patch_feature_proxy,True,-19.195278619493937,19.195278619493937,False,True,False,False,True
CGTTCAAGGAAACGGA-1,1,70,46,11748,5338,17793.3333333333,39160.0,24,22,1,1,0.9166666666666666,0.0416666666666666,0.0416666666666666,Tumor,0.9166666666666666,True,,positive,negative,negative,negative,Immune cells,0.5507576992015643,0.1428805027606584,0.4492423007984357,0.1700287871381239,0.0026505893216012,0.1119711042311661,1.0,222.0608,488.7168,tumor_core,CTA_composition_plus_H&E_patch_feature_proxy,True,-7.238400000000013,7.238400000000013,True,True,False,False,True
CGTTCAGACCCGCGAA-1,1,65,61,10989,6645,22150.0,36630.0,23,22,1,0,0.9565217391304348,0.0434782608695652,0.0,Tumor,0.9565217391304348,True,,positive,negative,negative,negative,Immune cells,0.5590679485090435,0.1006964883855227,0.4409320514909565,0.1896040410624083,0.0161968388463418,0.0679547452509269,1.0,276.43199999999996,457.14239999999995,tumor_core,CTA_composition_plus_H&E_patch_feature_proxy,True,-14.5560771858355,14.5560771858355,False,True,False,False,True
CGTTGAATACCGCGCT-1,1,57,77,9774,8040,26800.0,32580.0,10,5,2,3,0.5,0.2,0.3,Tumor,0.5,True,,ambiguous,negative,ambiguous,negative,Immune cells,0.5060996143609798,0.1174881500553581,0.4939003856390201,0.2250067894193688,0.0203682581065667,0.0798914497572908,1.0,334.464,406.59839999999997,mixed_boundary,CTA_composition_plus_H&E_patch_feature_proxy,True,0.0,0.0,True,False,True,True,True
CGTTGAGCGACCGTCG-1,1,44,74,7802,7777,25923.3333333333,26006.6666666667,24,19,5,0,0.7916666666666666,0.2083333333333333,0.0,Tumor,0.7916666666666666,True,,positive,ambiguous,negative,ambiguous,Immune cells,0.4603443593503883,0.1254112509856045,0.5396556406496117,0.2185106729672478,0.0139807723643474,0.1081909566945686,1.0,323.5232,324.5632,tumor_core,CTA_composition_plus_H&E_patch_feature_proxy,True,-7.27048521076828,7.27048521076828,True,True,False,False,True
CGTTGCCCGCGTGGGA-1,1,65,45,10990,5250,17500.0,36633.3333333333,21,9,11,1,0.4285714285714285,0.5238095238095238,0.0476190476190476,Immune cells,0.5238095238095238,True,,ambiguous,ambiguous,negative,ambiguous,Immune cells,0.482896094725979,0.1202511583498411,0.517103905274021,0.2096355439682798,0.0050078757264678,0.0949699957955892,1.0,218.39999999999998,457.18399999999997,immune_enriched,CTA_composition_plus_H&E_patch_feature_proxy,True,7.285702909122747,7.285702909122747,True,False,False,False,True
CGTTGTAAGATTGATT-1,1,26,108,5070,10739,35796.6666666667,16900.0,25,22,3,0,0.88,0.12,0.0,Tumor,0.88,True,,positive,negative,negative,negative,Immune cells,0.4939510799703075,0.1615489622574392,0.5060489200296923,0.1846396176199011,0.0101352452338276,0.1758361044222757,1.0,446.7424,210.91199999999998,tumor_core,CTA_composition_plus_H&E_patch_feature_proxy,True,-36.41311946428101,36.41311946428101,False,True,False,False,True
CGTTGTCGGCAATTGA-1,1,64,66,10837,7081,23603.3333333333,36123.3333333333,19,19,0,0,1.0,0.0,0.0,Tumor,1.0,True,,positive,negative,negative,negative,Immune cells,0.5089710861260479,0.1218932774458846,0.4910289138739521,0.2190972788007169,0.0174678181521916,0.0915223789320796,1.0,294.5696,450.81919999999997,tumor_core,CTA_composition_plus_H&E_patch_feature_proxy,True,-19.194557361919056,19.194557361919056,False,True,False,False,True
CGTTGTTTCAATTCCC-1,1,34,40,6287,4812,16040.0,20956.6666666667,27,14,12,1,0.5185185185185185,0.4444444444444444,0.037037037037037,Tumor,0.5185185185185185,True,,ambiguous,ambiguous,negative,ambiguous,Immune cells,0.4949106512411059,0.1242695596997966,0.5050893487588941,0.2005757427624789,0.0158709467166367,0.0973282880403623,1.0,200.17919999999998,261.5392,immune_enriched,CTA_composition_plus_H&E_patch_feature_proxy,True,12.600611845462083,12.600611845462083,False,False,False,False,True
CGTTTCGCTCATTACA-1,1,35,49,6439,5596,18653.3333333333,21463.3333333333,26,21,5,0,0.8076923076923077,0.1923076923076923,0.0,Tumor,0.8076923076923077,True,,positive,negative,negative,negative,Immune cells,0.5124074375826045,0.1122661352044477,0.4875925624173954,0.1913964477757862,0.0044864483189397,0.098119481710813,1.0,232.7936,267.8624,tumor_core,CTA_composition_plus_H&E_patch_feature_proxy,True,-12.543762446730277,12.543762446730277,False,True,False,False,True
CGTTTGTGTAGAGGGT-1,1,55,41,9473,4901,16336.6666666667,31576.6666666667,21,19,1,1,0.9047619047619048,0.0476190476190476,0.0476190476190476,Tumor,0.9047619047619048,True,,positive,negative,negative,negative,Immune cells,0.4679919613274672,0.1244925029368232,0.5320080386725328,0.2193254032915105,0.008875128998968,0.1028322440087146,1.0,203.8816,394.0768,tumor_core,CTA_composition_plus_H&E_patch_feature_proxy,True,-7.285702909122762,7.285702909122762,True,True,False,False,True
CTAAAGAATGCCTACT-1,1,36,36,6591,4463,14876.6666666667,21970.0,22,20,0,2,0.9090909090909092,0.0,0.0909090909090909,Tumor,0.9090909090909092,True,,positive,negative,negative,negative,Immune cells,0.5614216138902468,0.2114787670611793,0.4385783861097532,0.1900602900439954,0.0388680680028244,0.0794633642930856,1.0,185.6608,274.18559999999997,tumor_core,CTA_composition_plus_H&E_patch_feature_proxy,True,-7.285702909122762,7.285702909122762,True,True,False,False,True
CTAAAGGGAAATAGGA-1,1,44,62,7803,6731,22436.6666666667,26010.0,23,6,12,5,0.2608695652173913,0.5217391304347826,0.217391304347826,Immune cells,0.5217391304347826,True,,ambiguous,ambiguous,ambiguous,ambiguous,Immune cells,0.4968116886643854,0.1163125590670805,0.5031883113356146,0.195307153332247,0.0014121992287219,0.0939915147345487,1.0,280.0096,324.6048,immune_enriched,CTA_composition_plus_H&E_patch_feature_proxy,True,12.646399999999971,12.646399999999971,False,False,False,False,True
CTAAATCCGGTGTACA-1,1,61,35,10383,4378,14593.3333333333,34610.0,11,11,0,0,1.0,0.0,0.0,Tumor,1.0,True,,positive,negative,negative,negative,Immune cells,0.5205656038962214,0.1198568647594444,0.4794343961037786,0.1974689044592906,0.0061376351094454,0.0969728242174062,1.0,182.1248,431.9328,tumor_core,CTA_composition_plus_H&E_patch_feature_proxy,True,-7.249628073218679,7.249628073218679,True,True,False,False,True
CTAACCGCGCGCCCGT-1,1,37,35,6743,4376,14586.6666666667,22476.6666666667,24,24,0,0,1.0,0.0,0.0,Tumor,1.0,True,,positive,negative,negative,negative,Immune cells,0.5994170151901943,0.2010817509528817,0.4005829848098057,0.1468795828580739,0.0084840584433219,0.0809807743760272,1.0,182.0416,280.5088,tumor_core,CTA_composition_plus_H&E_patch_feature_proxy,True,-12.646400000000028,12.646400000000028,False,True,False,False,True
CTAACGAAACTTGCTG-1,1,30,94,5678,9519,31730.0,18926.6666666667,24,22,2,0,0.9166666666666666,0.0833333333333333,0.0,Tumor,0.9166666666666666,True,,positive,negative,negative,negative,Immune cells,0.473202614379085,0.153871626339772,0.526797385620915,0.1855303894410949,-0.0079734941067839,0.1397622596797003,1.0,395.99039999999997,236.20479999999998,tumor_core,CTA_composition_plus_H&E_patch_feature_proxy,True,-25.144369733202705,25.144369733202705,False,True,False,False,True
CTAACTGATAATCGCC-1,1,58,102,9925,10219,34063.3333333333,33083.3333333333,5,1,0,4,0.2,0.0,0.8,Stroma,0.8,True,,negative,negative,positive,negative,Immune cells,0.4810167834446798,0.1316736959220245,0.5189832165553201,0.2111455108359133,0.0100483406659062,0.098020104728051,1.0,425.11039999999997,412.88,stroma_rich,CTA_composition_plus_H&E_patch_feature_proxy,True,0.0,0.0,True,False,True,True,True
CTAACTGGTCCGGTTC-1,1,50,36,8715,4464,14880.0,29050.0,23,23,0,0,1.0,0.0,0.0,Tumor,1.0,True,,positive,negative,negative,negative,Immune cells,0.4463997972226748,0.1249593523116334,0.5536002027773251,0.2114062245396773,0.001738091358427,0.1081298016282536,1.0,185.70239999999998,362.544,tumor_core,CTA_composition_plus_H&E_patch_feature_proxy,True,-14.518459598731553,14.518459598731553,False,True,False,False,True
CTAAGGGAATGATTGG-1,1,44,72,7803,7602,25340.0,26010.0,25,21,4,0,0.84,0.16,0.0,Tumor,0.84,True,,positive,negative,negative,negative,Immune cells,0.4397986710843155,0.1240136977728409,0.5602013289156844,0.2182934115474444,0.0083862908044104,0.1039406795856744,1.0,316.2432,324.6048,tumor_core,CTA_composition_plus_H&E_patch_feature_proxy,True,-7.285702909122796,7.285702909122796,True,True,False,False,True
CTAATTCTCAGATATT-1,1,27,105,5222,10478,34926.6666666667,17406.6666666667,26,26,0,0,1.0,0.0,0.0,Tumor,1.0,True,,positive,negative,negative,negative,Immune cells,0.4801079065051689,0.1589275800895914,0.5198920934948309,0.2078105480419314,0.0197381999891369,0.1393303520238504,1.0,435.8848,217.2352,tumor_core,CTA_composition_plus_H&E_patch_feature_proxy,True,-47.71739419540847,47.71739419540847,False,True,False,False,True
CTACAAGAAATAACCC-1,1,58,40,9928,4814,16046.6666666667,33093.3333333333,17,17,0,0,1.0,0.0,0.0,Tumor,1.0,True,,positive,negative,negative,negative,Immune cells,0.4806800282439846,0.1281967440282602,0.5193199717560153,0.2199989136929009,0.0143175275650426,0.1052708022780262,1.0,200.26239999999999,413.0048,tumor_core,CTA_composition_plus_H&E_patch_feature_proxy,True,-7.238400000000013,7.238400000000013,True,True,False,False,True
CTACACTCGCAGATGG-1,1,57,101,9773,10132,33773.3333333333,32576.6666666667,23,23,0,0,1.0,0.0,0.0,Tumor,1.0,True,,positive,negative,negative,negative,Immune cells,0.4733546973729473,0.1292790375795331,0.5266453026270527,0.213893867796426,0.0086470045081744,0.1015632763826778,1.0,421.4912,406.5568,tumor_core,CTA_composition_plus_H&E_patch_feature_proxy,True,-7.285702909122747,7.285702909122747,True,True,False,False,True
CTACCCTAAGGTCATA-1,1,31,91,5829,9258,30860.0,19430.0,24,24,0,0,1.0,0.0,0.0,Tumor,1.0,True,,positive,negative,negative,negative,Immune cells,0.436355077580432,0.1275779860946522,0.5636449224195679,0.215371245451089,0.0036934441366574,0.1013415892672858,1.0,385.1328,242.48639999999997,tumor_core,CTA_composition_plus_H&E_patch_feature_proxy,True,-12.600611845462122,12.600611845462122,False,True,False,False,True
CTACGACTAGCTATAA-1,1,38,24,6895,3417,11390.0,22983.3333333333,0,0,0,0,0.0,0.0,0.0,unmapped,0.0,False,no_CTA_object_captured,excluded,excluded,excluded,excluded,Immune cells,0.8216682056017236,0.0798879868391845,0.1783317943982763,0.0386182173700505,0.0017598175004073,0.0321904980315713,1.0,142.1472,286.832,unmapped_or_excluded,CTA_composition_plus_H&E_patch_feature_proxy,True,37.72989281087345,37.72989281087345,False,False,False,False,True
CTACGCACGGAGTACC-1,1,35,57,6438,6294,20980.0,21460.0,4,0,0,4,0.0,0.0,1.0,Stroma,1.0,True,,negative,negative,positive,negative,Immune cells,0.5709159379356543,0.1167161029408096,0.4290840620643456,0.1794687958285807,0.0243332790179783,0.0722241333180445,1.0,261.8304,267.82079999999996,unmapped_or_excluded,CTA_composition_plus_H&E_patch_feature_proxy,True,7.238400000000013,7.238400000000013,True,False,False,False,True
CTACTATCTTTCAGAG-1,1,29,93,5526,9432,31440.0,18420.0,28,21,7,0,0.75,0.25,0.0,Tumor,0.75,True,,positive,ambiguous,negative,ambiguous,Immune cells,0.5561312983180344,0.1649575376056482,0.4438687016819654,0.1526804627668241,-0.0038020748465591,0.1512823452967931,1.0,392.3712,229.8816,tumor_core,CTA_composition_plus_H&E_patch_feature_proxy,True,-26.215295492517352,26.215295492517352,False,True,False,False,True
CTACTCAAGGTATAGT-1,1,60,42,10231,4988,16626.6666666667,34103.3333333333,21,20,1,0,0.9523809523809524,0.0476190476190476,0.0,Tumor,0.9523809523809524,True,,positive,negative,negative,negative,Immune cells,0.4653956873608169,0.1265257927835798,0.5346043126391831,0.2191081418717071,0.0054858508500353,0.1060084852654512,1.0,207.5008,425.6096,tumor_core,CTA_composition_plus_H&E_patch_feature_proxy,True,-12.604800000000012,12.604800000000012,False,True,False,False,True
CTAGATGTGAGTGTAA-1,1,33,103,6132,10304,34346.6666666667,20440.0,28,25,3,0,0.8928571428571429,0.1071428571428571,0.0,Tumor,0.8928571428571429,True,,positive,negative,negative,negative,Immune cells,0.4241123965745116,0.1133174595808846,0.5758876034254883,0.2126446146325566,-0.0049101080875563,0.0849864312196613,1.0,428.64639999999997,255.0912,tumor_core,CTA_composition_plus_H&E_patch_feature_proxy,True,-54.77418463473464,54.77418463473464,False,True,False,False,True
CTAGATTTACGACGGC-1,1,42,74,7499,7777,25923.3333333333,24996.6666666667,23,23,0,0,1.0,0.0,0.0,Tumor,1.0,True,,positive,negative,negative,negative,Immune cells,0.4558289428421415,0.1227388054302379,0.5441710571578584,0.2191190049426973,0.0101569713758079,0.1083744218935137,1.0,323.5232,311.9584,tumor_core,CTA_composition_plus_H&E_patch_feature_proxy,True,-7.306457067553315,7.306457067553315,True,True,False,False,True
CTAGCATAGTATAATG-1,1,34,66,6286,7078,23593.3333333333,20953.3333333333,21,5,15,1,0.238095238095238,0.7142857142857143,0.0476190476190476,Immune cells,0.7142857142857143,True,,ambiguous,positive,negative,positive,Immune cells,0.534510166023935,0.1563153535429563,0.465489833976065,0.2256259844658084,0.0616587909401987,0.1482322363643313,1.0,294.4448,261.4976,immune_enriched,CTA_composition_plus_H&E_patch_feature_proxy,True,7.285702909122747,7.285702909122747,True,False,False,False,True
CTAGCCACAGGCGAGC-1,1,59,117,10076,11527,38423.3333333333,33586.6666666667,22,1,19,2,0.0454545454545454,0.8636363636363636,0.0909090909090909,Immune cells,0.8636363636363636,True,,negative,positive,negative,positive,Immune cells,0.6450201872069233,0.1518064332939873,0.3549798127930765,0.1494106783987833,0.0229862582151974,0.1182242097618774,1.0,479.5232,419.16159999999996,immune_enriched,CTA_composition_plus_H&E_patch_feature_proxy,True,7.285702909122747,7.285702909122747,True,False,False,False,True
CTAGCCGATGTTATGA-1,1,23,101,4615,10129,33763.3333333333,15383.3333333333,0,0,0,0,0.0,0.0,0.0,unmapped,0.0,False,no_CTA_object_captured,excluded,excluded,excluded,excluded,Immune cells,0.7446888635417233,0.1181345977155084,0.2553111364582767,0.0939329748519906,0.019749063060127,0.105641554867561,1.0,421.3664,191.98399999999998,unmapped_or_excluded,CTA_composition_plus_H&E_patch_feature_proxy,True,45.31406865334429,45.31406865334429,False,False,False,False,True
CTAGCTTAATGGTCCC-1,1,47,125,8255,12223,40743.3333333333,27516.6666666667,25,25,0,0,1.0,0.0,0.0,Tumor,1.0,True,,positive,negative,negative,negative,Immune cells,0.4406930639291727,0.132131073792712,0.5593069360708273,0.2193145402205203,0.0180544239856607,0.0895501280434201,1.0,508.47679999999997,343.40799999999996,tumor_core,CTA_composition_plus_H&E_patch_feature_proxy,True,-29.12742762414832,29.12742762414832,False,True,False,False,True
CTAGGCGCCCTATCAG-1,1,51,91,8863,9259,30863.3333333333,29543.3333333333,22,20,2,0,0.9090909090909092,0.0909090909090909,0.0,Tumor,0.9090909090909092,True,,positive,negative,negative,negative,Immune cells,0.4557818695345174,0.1258530455469575,0.5442181304654825,0.2216501004834067,0.0105697680734343,0.1025838015518098,1.0,385.1744,368.70079999999996,tumor_core,CTA_composition_plus_H&E_patch_feature_proxy,True,-12.543762446730224,12.543762446730224,False,True,False,False,True
CTAGGGATAGGGACAA-1,1,71,43,11900,5077,16923.3333333333,39666.6666666667,21,15,6,0,0.7142857142857143,0.2857142857142857,0.0,Tumor,0.7142857142857143,True,,positive,ambiguous,negative,ambiguous,Immune cells,0.7014900512374849,0.1740943011129165,0.2985099487625151,0.1325620552930313,0.0232361088479713,0.0626877651645453,1.0,211.20319999999998,495.03999999999996,tumor_core,CTA_composition_plus_H&E_patch_feature_proxy,True,-7.280000000000001,7.280000000000001,True,True,False,False,True
CTAGGTCTGAAGGAAT-1,1,36,104,6587,10391,34636.6666666667,21956.6666666667,24,21,3,0,0.875,0.125,0.0,Tumor,0.875,True,,positive,negative,negative,negative,Immune cells,0.416551699165354,0.1277740957193777,0.5834483008346458,0.231578947368421,0.0131551789690945,0.0947024423804609,1.0,432.2656,274.0192,tumor_core,CTA_composition_plus_H&E_patch_feature_proxy,True,-44.33061210134593,44.33061210134593,False,True,False,False,True
CTAGGTTCGGACGTGA-1,1,58,70,9926,7429,24763.3333333333,33086.6666666667,24,4,18,2,0.1666666666666666,0.75,0.0833333333333333,Immune cells,0.75,True,,negative,positive,negative,positive,Immune cells,0.531685767566491,0.1117539751421735,0.468314232433509,0.2062028135353864,0.0140133615773179,0.0829950693727783,1.0,309.0464,412.92159999999996,immune_enriched,CTA_composition_plus_H&E_patch_feature_proxy,True,7.249628073218644,7.249628073218644,True,False,False,False,True
CTAGTAGAAAGGGATT-1,1,63,81,10684,8389,27963.3333333333,35613.3333333333,26,23,3,0,0.8846153846153846,0.1153846153846153,0.0,Tumor,0.8846153846153846,True,,positive,negative,negative,negative,Immune cells,0.4771821193851501,0.1222845390795963,0.5228178806148498,0.2204008473195372,0.0111563739069034,0.0888162672476398,1.0,348.9824,444.45439999999996,tumor_core,CTA_composition_plus_H&E_patch_feature_proxy,True,-7.249628073218616,7.249628073218616,True,True,False,False,True
CTAGTCACGTCTTAAG-1,1,37,69,6741,7340,24466.6666666667,22470.0,26,26,0,0,1.0,0.0,0.0,Tumor,1.0,True,,positive,negative,negative,negative,Immune cells,0.4787826118443684,0.1173703474332701,0.5212173881556316,0.2116560751724512,0.0130791374721633,0.1019684286970148,1.0,305.344,280.4256,tumor_core,CTA_composition_plus_H&E_patch_feature_proxy,True,-12.646399999999971,12.646399999999971,False,True,False,False,True
CTAGTGAAGGACAGGA-1,1,34,38,6287,4637,15456.6666666667,20956.6666666667,20,10,10,0,0.5,0.5,0.0,Tumor,0.5,True,,ambiguous,ambiguous,negative,ambiguous,Immune cells,0.5561928557203122,0.1836008696637755,0.4438071442796878,0.1882244310466568,0.0372494704252892,0.0981462370523258,1.0,192.89919999999998,261.5392,immune_enriched,CTA_composition_plus_H&E_patch_feature_proxy,True,7.285702909122747,7.285702909122747,True,False,False,False,True
CTAGTTACAACCCGGT-1,1,53,67,9168,7167,23890.0,30560.0,27,25,0,2,0.925925925925926,0.0,0.074074074074074,Tumor,0.925925925925926,True,,positive,negative,negative,negative,Immune cells,0.4862853728749118,0.1210219079157956,0.5137146271250882,0.2069089131497474,0.0056705230568681,0.0953713259182815,1.0,298.1472,381.3888,tumor_core,CTA_composition_plus_H&E_patch_feature_proxy,True,-12.543762446730252,12.543762446730252,False,True,False,False,True
CTATAAGAGCCAATCG-1,1,26,100,5071,10042,33473.3333333333,16903.3333333333,31,31,0,0,1.0,0.0,0.0,Tumor,1.0,True,,positive,negative,negative,negative,Immune cells,0.4685894302319266,0.1493099905976827,0.5314105697680733,0.2066047471620227,0.0153821085220791,0.1238160761380575,1.0,417.74719999999996,210.9536,tumor_core,CTA_composition_plus_H&E_patch_feature_proxy,True,-56.75449138033046,56.75449138033046,False,True,False,False,True
CTATAGGCGTTGATGT-1,1,62,38,10535,4640,15466.6666666667,35116.6666666667,21,21,0,0,1.0,0.0,0.0,Tumor,1.0,True,,positive,negative,negative,negative,Immune cells,0.5196386218383937,0.1214426254775973,0.4803613781616063,0.1942968877301613,0.0037260333496279,0.096139586438864,1.0,193.024,438.256,tumor_core,CTA_composition_plus_H&E_patch_feature_proxy,True,-14.535316219470442,14.535316219470442,False,True,False,False,True
CTATATCCAGCCTGGC-1,1,69,31,11597,4030,13433.3333333333,38656.6666666667,11,7,1,3,0.6363636363636364,0.0909090909090909,0.2727272727272727,Tumor,0.6363636363636364,True,,positive,negative,ambiguous,negative,Immune cells,0.7786142342440208,0.1262000811855457,0.2213857657559791,0.0921948834935636,0.0187279343870512,0.0414440240033635,1.0,167.648,482.43519999999995,mixed_boundary,CTA_composition_plus_H&E_patch_feature_proxy,True,0.0,0.0,True,False,True,True,True
CTATCACAACGCTGGA-1,1,74,78,12353,8128,27093.3333333333,41176.6666666667,15,13,0,2,0.8666666666666667,0.0,0.1333333333333333,Tumor,0.8666666666666667,True,,positive,negative,negative,negative,Immune cells,0.7914399000597468,0.0945253212548343,0.2085600999402529,0.1341263375156156,0.0520123839009288,0.0201658831173795,1.0,338.1248,513.8847999999999,tumor_core,CTA_composition_plus_H&E_patch_feature_proxy,True,-7.249628073218644,7.249628073218644,True,True,False,False,True
CTATCGACGAAATACA-1,1,53,93,9167,9434,31446.6666666667,30556.6666666667,22,22,0,0,1.0,0.0,0.0,Tumor,1.0,True,,positive,negative,negative,negative,Immune cells,0.4630528850506038,0.1271163807857095,0.5369471149493963,0.2137526478735538,0.0048775188745858,0.1013033673508389,1.0,392.45439999999996,381.3472,tumor_core,CTA_composition_plus_H&E_patch_feature_proxy,True,-26.215295492517313,26.215295492517313,False,True,False,False,True
CTATCGCGTAGAGAAC-1,1,58,118,9924,11614,38713.3333333333,33080.0,12,6,0,6,0.5,0.0,0.5,Tumor,0.5,True,,ambiguous,negative,ambiguous,negative,Immune cells,0.6241087755508482,0.1435878152034578,0.3758912244491517,0.1584813426755743,0.0205963825973602,0.1428620571035432,1.0,483.14239999999995,412.8384,stroma_rich,CTA_composition_plus_H&E_patch_feature_proxy,True,0.0,0.0,True,False,True,True,True
CTATCGGGTCTCAACA-1,1,35,69,6437,7340,24466.6666666667,21456.6666666667,21,9,3,9,0.4285714285714285,0.1428571428571428,0.4285714285714285,Tumor,0.4285714285714285,True,,ambiguous,negative,ambiguous,negative,Immune cells,0.490786305288505,0.1354049971403485,0.5092136947114948,0.2263646732931399,0.0391287817065884,0.1153804991782287,1.0,305.344,267.7792,stroma_rich,CTA_composition_plus_H&E_patch_feature_proxy,True,0.0,0.0,True,False,True,True,True
CTATGCCCGAATGCAA-1,1,63,59,10686,6471,21570.0,35620.0,25,25,0,0,1.0,0.0,0.0,Tumor,1.0,True,,positive,negative,negative,negative,Immune cells,0.51746600764036,0.1162620537982925,0.48253399235964,0.2032589212970506,0.0099831622399652,0.0805909108282689,1.0,269.1936,444.5376,tumor_core,CTA_composition_plus_H&E_patch_feature_proxy,True,-7.285702909122796,7.285702909122796,True,True,False,False,True
CTATGGGAAGCGGAAT-1,1,54,104,9318,10393,34643.3333333333,31060.0,28,28,0,0,1.0,0.0,0.0,Tumor,1.0,True,,positive,negative,negative,negative,Immune cells,0.4759002770083103,0.1276357467880998,0.5240997229916897,0.219618706208245,0.0164466894791157,0.0916179337231968,1.0,432.3488,387.62879999999996,tumor_core,CTA_composition_plus_H&E_patch_feature_proxy,True,-25.16524943647488,25.16524943647488,False,True,False,False,True
CTATTCATGTGTCCCA-1,1,52,62,9017,6731,22436.6666666667,30056.6666666667,23,23,0,0,1.0,0.0,0.0,Tumor,1.0,True,,positive,negative,negative,negative,Immune cells,0.5148588706027193,0.1141692324509914,0.4851411293972806,0.2037260333496279,0.0142958014230622,0.0894545732523028,1.0,280.0096,375.1072,tumor_core,CTA_composition_plus_H&E_patch_feature_proxy,True,-7.28000000000003,7.28000000000003,True,True,False,False,True
CTATTTGCTTGGAGGA-1,1,70,64,11747,6907,23023.3333333333,39156.6666666667,28,27,1,0,0.9642857142857144,0.0357142857142857,0.0,Tumor,0.9642857142857144,True,,positive,negative,negative,negative,Immune cells,0.5166657614107508,0.1327752298770577,0.4833342385892491,0.2013144315898104,0.0157840421487154,0.100061155066315,1.0,287.33119999999997,488.67519999999996,tumor_core,CTA_composition_plus_H&E_patch_feature_proxy,True,-7.285702909122747,7.285702909122747,True,True,False,False,True
CTATTTGGTTACGGAT-1,1,36,82,6588,8473,28243.3333333333,21960.0,30,23,0,7,0.7666666666666667,0.0,0.2333333333333333,Tumor,0.7666666666666667,True,,positive,negative,ambiguous,negative,Immune cells,0.4590770010682019,0.1195584876340661,0.5409229989317981,0.2243658682309489,0.0189234696648742,0.0947444864885525,1.0,352.47679999999997,274.0608,tumor_core,CTA_composition_plus_H&E_patch_feature_proxy,True,-12.543762446730224,12.543762446730224,False,True,False,False,True
CTCAAACCACTGCCCG-1,1,64,40,10838,4814,16046.6666666667,36126.6666666667,29,29,0,0,1.0,0.0,0.0,Tumor,1.0,True,,positive,negative,negative,negative,Immune cells,0.525450364818134,0.1207027995656261,0.4745496351818659,0.1894410949975557,0.0062679919613274,0.1023277147116156,1.0,200.26239999999999,450.8608,tumor_core,CTA_composition_plus_H&E_patch_feature_proxy,True,-7.306457067553315,7.306457067553315,True,True,False,False,True
CTCAACTAACCCGGAT-1,1,63,85,10684,8738,29126.6666666667,35613.3333333333,27,20,2,5,0.7407407407407407,0.074074074074074,0.1851851851851851,Tumor,0.7407407407407407,True,,positive,negative,negative,negative,Immune cells,0.4919776220737602,0.1228743813378687,0.5080223779262397,0.2226929552984629,0.0198142414860681,0.0737568321675649,1.0,363.50079999999997,444.45439999999996,tumor_core,CTA_composition_plus_H&E_patch_feature_proxy,True,-7.238400000000013,7.238400000000013,True,True,False,False,True
CTCACACGCAAGCCTA-1,1,18,122,3856,11959,39863.3333333333,12853.3333333333,23,22,0,1,0.9565217391304348,0.0,0.0434782608695652,Tumor,0.9565217391304348,True,,positive,negative,negative,negative,Immune cells,0.4416852244129415,0.1432310618813467,0.5583147755870584,0.2041279669762641,0.0101135190918472,0.1202117494171157,1.0,497.4944,160.40959999999998,tumor_core,CTA_composition_plus_H&E_patch_feature_proxy,True,-14.518399999999986,14.518399999999986,False,True,False,False,True
CTCACATTTACTAAAT-1,1,62,68,10533,7255,24183.3333333333,35110.0,19,14,3,2,0.7368421052631579,0.1578947368421052,0.1052631578947368,Tumor,0.7368421052631579,True,,positive,negative,negative,negative,Immune cells,0.4956131298318034,0.121422560071261,0.5043868701681965,0.2180001086307099,0.009907120743034,0.0901081680235447,1.0,301.808,438.1728,tumor_core,CTA_composition_plus_H&E_patch_feature_proxy,True,-7.249628073218664,7.249628073218664,True,True,False,False,True
CTCACTGTGATACTTA-1,1,63,75,10685,7866,26220.0,35616.6666666667,20,13,4,3,0.65,0.2,0.15,Tumor,0.65,True,,positive,negative,negative,negative,Immune cells,0.5034381619683885,0.1274349100352136,0.4965618380316115,0.2246483080766932,0.0202922166096355,0.081867522837595,1.0,327.2256,444.496,mixed_boundary,CTA_composition_plus_H&E_patch_feature_proxy,True,0.0,0.0,True,False,True,True,True
CTCAGAGCTAATGTCG-1,1,73,59,12203,6472,21573.3333333333,40676.6666666667,25,20,5,0,0.8,0.2,0.0,Tumor,0.8,True,,positive,negative,negative,negative,Immune cells,0.6383212934296525,0.1626241159705961,0.3616787065703474,0.1672369778936505,0.0289826734017706,0.0794404311432175,1.0,269.23519999999996,507.6448,tumor_core,CTA_composition_plus_H&E_patch_feature_proxy,True,-7.249628073218616,7.249628073218616,True,True,False,False,True
CTCAGTCACGACAAAT-1,1,24,96,4767,9693,32310.0,15890.0,0,0,0,0,0.0,0.0,0.0,unmapped,0.0,False,no_CTA_object_captured,excluded,excluded,excluded,excluded,Immune cells,0.7154346133651983,0.1301387167387228,0.2845653866348016,0.0898267340177068,0.0055293031339959,0.1413140694874441,1.0,403.2288,198.3072,unmapped_or_excluded,CTA_composition_plus_H&E_patch_feature_proxy,True,58.23413113286743,58.23413113286743,False,False,False,False,True
CTCATCACTTAGTGAT-1,1,28,124,5373,12134,40446.6666666667,17910.0,31,31,0,0,1.0,0.0,0.0,Tumor,1.0,True,,positive,negative,negative,negative,Immune cells,0.4193471294334909,0.1275444500458102,0.580652870566509,0.2430286241920591,0.0296235945901906,0.0861063333715552,1.0,504.77439999999996,223.5168,tumor_core,CTA_composition_plus_H&E_patch_feature_proxy,True,-12.6464,12.6464,False,True,False,False,True
CTCATTAACGTTGCCC-1,1,29,127,5524,12396,41320.0,18413.3333333333,29,29,0,0,1.0,0.0,0.0,Tumor,1.0,True,,positive,negative,negative,negative,Immune cells,0.4287147176506798,0.1277980027635462,0.5712852823493202,0.2248329802835261,0.0234642333387648,0.085961090089057,1.0,515.6736,229.7984,tumor_core,CTA_composition_plus_H&E_patch_feature_proxy,True,-21.841743168529383,21.841743168529383,False,True,False,False,True
CTCATTGCTCTAACAA-1,1,60,78,10229,8127,27090.0,34096.6666666667,33,33,0,0,1.0,0.0,0.0,Tumor,1.0,True,,positive,negative,negative,negative,Immune cells,0.4985859902594464,0.1195677793841044,0.5014140097405536,0.2183151376894248,0.0159687143555483,0.0903069219890685,1.0,338.0832,425.52639999999997,tumor_core,CTA_composition_plus_H&E_patch_feature_proxy,True,-7.249628073218644,7.249628073218644,True,True,False,False,True
CTCCCAATGAGTCGCG-1,1,51,115,8862,11352,37840.0,29540.0,10,7,0,3,0.7,0.0,0.3,Tumor,0.7,True,,positive,negative,ambiguous,negative,Immune cells,0.4858798182246121,0.1273708068553677,0.5141201817753879,0.2158600836456466,0.0139155939384063,0.0802813133050491,1.0,472.2432,368.6592,tumor_core,CTA_composition_plus_H&E_patch_feature_proxy,True,-12.600611845462058,12.600611845462058,False,True,False,False,True
CTCCGCCCACATGAGG-1,1,43,39,7653,4725,15750.0,25510.0,26,26,0,0,1.0,0.0,0.0,Tumor,1.0,True,,positive,negative,negative,negative,Immune cells,0.4192421197472525,0.1235635958662955,0.5807578802527474,0.2193905817174515,-0.0015316930096138,0.0890111990215189,1.0,196.56,318.3648,tumor_core,CTA_composition_plus_H&E_patch_feature_proxy,True,-12.600611845462112,12.600611845462112,False,True,False,False,True
CTCCTCCAGCTCACAC-1,1,62,50,10534,5686,18953.3333333333,35113.3333333333,23,23,0,0,1.0,0.0,0.0,Tumor,1.0,True,,positive,negative,negative,negative,Immune cells,0.5088660764398095,0.1237970953045656,0.4911339235601905,0.2074520666992558,0.0126228884905762,0.0836907082521117,1.0,236.5376,438.21439999999996,tumor_core,CTA_composition_plus_H&E_patch_feature_proxy,True,-12.646400000000028,12.646400000000028,False,True,False,False,True
CTCCTGTTCAAGGCAG-1,1,55,117,9469,11527,38423.3333333333,31563.3333333333,12,8,0,4,0.6666666666666666,0.0,0.3333333333333333,Tumor,0.6666666666666666,True,,positive,negative,ambiguous,negative,Immune cells,0.5331559031738271,0.1154187479340519,0.4668440968261727,0.2039867470533919,0.0195643908532942,0.0780682643427741,1.0,479.5232,393.9104,mixed_boundary,CTA_composition_plus_H&E_patch_feature_proxy,True,0.0,0.0,True,False,True,True,True
CTCGCATTGCATAGCC-1,1,60,12,10233,2373,7910.0,34110.0,0,0,0,0,0.0,0.0,0.0,unmapped,0.0,False,no_CTA_object_captured,excluded,excluded,excluded,excluded,Immune cells,0.8627269929208988,0.0153082919897547,0.1372730070791012,0.0275161588180978,0.0086144152952039,0.0061613729312387,1.0,98.71679999999999,425.6928,unmapped_or_excluded,CTA_composition_plus_H&E_patch_feature_proxy,True,47.54954610088302,47.54954610088302,False,False,False,False,True
CTCGCCGAATGTAGGG-1,1,60,64,10230,6906,23020.0,34100.0,28,28,0,0,1.0,0.0,0.0,Tumor,1.0,True,,positive,negative,negative,negative,Immune cells,0.4969456665399309,0.1137341544624864,0.5030543334600691,0.2192710879365596,0.0159143990005974,0.0868019722508886,1.0,287.2896,425.568,tumor_core,CTA_composition_plus_H&E_patch_feature_proxy,True,-7.238400000000013,7.238400000000013,True,True,False,False,True
CTCGCTAGGTAAGCGA-1,1,72,96,12049,9697,32323.3333333333,40163.3333333333,15,14,1,0,0.9333333333333332,0.0666666666666666,0.0,Tumor,0.9333333333333332,True,,positive,negative,negative,negative,Immune cells,0.8158709467166368,0.0541564775724718,0.1841290532833631,0.1061430666449405,0.0393243169844114,0.0092841035049497,1.0,403.3952,501.23839999999996,tumor_core,CTA_composition_plus_H&E_patch_feature_proxy,True,-7.238400000000013,7.238400000000013,True,True,False,False,True
CTCGGGATAACACCTA-1,1,31,121,5828,11873,39576.6666666667,19426.6666666667,26,26,0,0,1.0,0.0,0.0,Tumor,1.0,True,,positive,negative,negative,negative,Immune cells,0.4150707004870276,0.1321472481405453,0.5849292995129722,0.2525338113084568,0.0287980011949378,0.0921301074035852,1.0,493.91679999999997,242.4448,tumor_core,CTA_composition_plus_H&E_patch_feature_proxy,True,-33.327078700660245,33.327078700660245,False,True,False,False,True
CTCGGGTTCTCTGGCC-1,1,61,27,10384,3681,12270.0,34613.3333333333,25,22,0,3,0.88,0.0,0.12,Tumor,0.88,True,,positive,negative,negative,negative,Immune cells,0.5517208914960259,0.1314853136054581,0.448279108503974,0.1656183803161153,-0.0040410624083428,0.1008752818866338,1.0,153.12959999999998,431.9744,tumor_core,CTA_composition_plus_H&E_patch_feature_proxy,True,-7.280000000000001,7.280000000000001,True,True,False,False,True
CTCGGTACCACTGCTC-1,1,41,81,7347,8387,27956.6666666667,24490.0,30,30,0,0,1.0,0.0,0.0,Tumor,1.0,True,,positive,negative,negative,negative,Immune cells,0.4797349410678399,0.1196905390558873,0.5202650589321601,0.2060833197544946,0.0064200749551898,0.1044566754577074,1.0,348.8992,305.6352,tumor_core,CTA_composition_plus_H&E_patch_feature_proxy,True,-26.26818486306198,26.26818486306198,False,True,False,False,True
CTCGGTTGTCGGCCCT-1,1,56,26,9625,3593,11976.6666666667,32083.3333333333,13,0,3,10,0.0,0.2307692307692307,0.7692307692307693,Stroma,0.7692307692307693,True,,negative,ambiguous,positive,ambiguous,Immune cells,0.7742653848242897,0.1330743139622635,0.2257346151757101,0.0789962522405084,0.0130139590462223,0.0669839085731758,1.0,149.4688,400.4,stroma_rich,CTA_composition_plus_H&E_patch_feature_proxy,True,0.0,0.0,True,False,True,True,True
CTCGTCTGTGCCTTCG-1,1,70,82,11746,8477,28256.6666666667,39153.3333333333,24,24,0,0,1.0,0.0,0.0,Tumor,1.0,True,,positive,negative,negative,negative,Immune cells,0.5359187442289935,0.1293112298622734,0.4640812557710064,0.1827277171256314,0.0068980500787572,0.0978442839123953,1.0,352.6432,488.6336,tumor_core,CTA_composition_plus_H&E_patch_feature_proxy,True,-7.27048521076828,7.27048521076828,True,True,False,False,True
CTCGTGGCACTGAAAG-1,1,76,58,12658,6385,21283.3333333333,42193.3333333333,0,0,0,0,0.0,0.0,0.0,unmapped,0.0,False,no_CTA_object_captured,excluded,excluded,excluded,excluded,Immune cells,0.7777958828960948,0.0792707882548883,0.2222041171039052,0.1269892998750746,0.0522513714627125,0.0318541451668386,1.0,265.616,526.5728,unmapped_or_excluded,CTA_composition_plus_H&E_patch_feature_proxy,True,12.646400000000085,12.646400000000085,False,False,False,False,True
CTCGTTACGGCTACCA-1,1,70,40,11748,4815,16050.0,39160.0,27,24,0,3,0.8888888888888888,0.0,0.1111111111111111,Tumor,0.8888888888888888,True,,positive,negative,negative,negative,Immune cells,0.6774283489942606,0.1755915135760385,0.3225716510057392,0.1344413665743305,0.0217804573352886,0.0916064671482628,1.0,200.304,488.7168,tumor_core,CTA_composition_plus_H&E_patch_feature_proxy,True,-7.249628073218664,7.249628073218664,True,True,False,False,True
CTCTAATGCATTGATC-1,1,24,110,4767,10913,36376.6666666667,15890.0,23,21,2,0,0.9130434782608696,0.0869565217391304,0.0,Tumor,0.9130434782608696,True,,positive,negative,negative,negative,Immune cells,0.4701863016674814,0.1438888944677339,0.5298136983325186,0.2060724566835044,0.0165553201890174,0.1110728891946642,1.0,453.9808,198.3072,tumor_core,CTA_composition_plus_H&E_patch_feature_proxy,True,-21.877803472926633,21.877803472926633,False,True,False,False,True
CTCTACATCCTGCGTG-1,1,72,66,12050,7082,23606.6666666667,40166.6666666667,19,0,19,0,0.0,1.0,0.0,Immune cells,1.0,True,,negative,positive,negative,positive,Immune cells,0.5560624988684302,0.119352267263738,0.44393750113157,0.1900277008310249,0.01865189289012,0.090570653212552,1.0,294.6112,501.28,immune_enriched,CTA_composition_plus_H&E_patch_feature_proxy,True,12.5797877247591,12.5797877247591,False,False,False,False,True
CTCTAGCCCTCGGAAA-1,1,66,90,11139,9174,30580.0,37130.0,27,23,3,1,0.8518518518518519,0.1111111111111111,0.037037037037037,Tumor,0.8518518518518519,True,,positive,negative,negative,negative,Immune cells,0.5139970669708326,0.1263891658255294,0.4860029330291673,0.205920373689642,0.0114714029656183,0.0923556167106218,1.0,381.6384,463.38239999999996,tumor_core,CTA_composition_plus_H&E_patch_feature_proxy,True,-7.28000000000003,7.28000000000003,True,True,False,False,True
CTCTATTTGGCTGCAG-1,1,48,68,8410,7254,24180.0,28033.3333333333,15,13,0,2,0.8666666666666667,0.0,0.1333333333333333,Tumor,0.8666666666666667,True,,positive,negative,negative,negative,Immune cells,0.4838230767838068,0.118331961115544,0.5161769232161932,0.211384498397697,0.0083319754494595,0.0960669647976149,1.0,301.7664,349.856,tumor_core,CTA_composition_plus_H&E_patch_feature_proxy,True,-25.144369733202705,25.144369733202705,False,True,False,False,True
CTCTGGACGCCTGGTG-1,1,32,62,5983,6729,22430.0,19943.3333333333,12,1,2,9,0.0833333333333333,0.1666666666666666,0.75,Stroma,0.75,True,,negative,negative,positive,negative,Immune cells,0.6185577462748719,0.1176717000451095,0.3814422537251282,0.1916788876215306,0.0526858943023192,0.087768986736995,1.0,279.9264,248.8928,stroma_rich,CTA_composition_plus_H&E_patch_feature_proxy,True,7.270485210768256,7.270485210768256,True,False,True,False,True
CTCTTCTATTGACTGG-1,1,46,100,8104,10044,33480.0,27013.3333333333,28,28,0,0,1.0,0.0,0.0,Tumor,1.0,True,,positive,negative,negative,negative,Immune cells,0.4220628971810331,0.1278931367969651,0.5779371028189669,0.2336863831405138,0.012286133289881,0.0896189274930244,1.0,417.8304,337.1264,tumor_core,CTA_composition_plus_H&E_patch_feature_proxy,True,-19.311766692874084,19.311766692874084,False,True,False,False,True
CTCTTCTGGAAGTTAG-1,1,62,40,10535,4814,16046.6666666667,35116.6666666667,19,18,0,1,0.9473684210526316,0.0,0.0526315789473684,Tumor,0.9473684210526316,True,,positive,negative,negative,negative,Immune cells,0.5023409917983813,0.1255822053715471,0.4976590082016185,0.2050078757264678,0.0058226060507305,0.1021862936207621,1.0,200.26239999999999,438.256,tumor_core,CTA_composition_plus_H&E_patch_feature_proxy,True,-19.195278619493916,19.195278619493916,False,True,False,False,True
CTCTTGTCCCGCTTGG-1,1,54,58,9320,6383,21276.6666666667,31066.6666666667,14,6,2,6,0.4285714285714285,0.1428571428571428,0.4285714285714285,Tumor,0.4285714285714285,True,,ambiguous,negative,ambiguous,negative,Immune cells,0.5598428475730088,0.1019553234405591,0.4401571524269911,0.1809353104122535,0.012286133289881,0.0770592057485762,1.0,265.5328,387.712,stroma_rich,CTA_composition_plus_H&E_patch_feature_proxy,True,0.0,0.0,True,False,True,True,True
CTGAATCCGAGACCTC-1,1,47,53,8259,5946,19820.0,27530.0,23,23,0,0,1.0,0.0,0.0,Tumor,1.0,True,,positive,negative,negative,negative,Immune cells,0.4618326000760415,0.1188900690728359,0.5381673999239585,0.231383412090598,0.0199445983379501,0.0889844436800061,1.0,247.3536,343.57439999999997,tumor_core,CTA_composition_plus_H&E_patch_feature_proxy,True,-21.841743168529373,21.841743168529373,False,True,False,False,True
CTGACATAGAAATAGA-1,1,51,119,8862,11701,39003.3333333333,29540.0,16,6,8,2,0.375,0.5,0.125,Immune cells,0.5,True,,ambiguous,ambiguous,negative,ambiguous,Immune cells,0.4516864917712237,0.1196327210901519,0.5483135082287762,0.2061376351094454,-0.0066047471620227,0.0905782975958414,1.0,486.7616,368.6592,immune_enriched,CTA_composition_plus_H&E_patch_feature_proxy,True,7.285702909122775,7.285702909122775,True,False,False,False,True
CTGACTGCGCAGCTCG-1,1,31,101,5829,10129,33763.3333333333,19430.0,27,27,0,0,1.0,0.0,0.0,Tumor,1.0,True,,positive,negative,negative,negative,Immune cells,0.419061068564083,0.1219708852966183,0.5809389314359169,0.2266688392808647,0.0071587637825213,0.1002560868401941,1.0,421.3664,242.48639999999997,tumor_core,CTA_composition_plus_H&E_patch_feature_proxy,True,-47.55505960547209,47.55505960547209,False,True,False,False,True
CTGAGAAAGTTCGGCG-1,1,49,117,8559,11526,38420.0,28530.0,21,13,2,6,0.6190476190476191,0.0952380952380952,0.2857142857142857,Tumor,0.6190476190476191,True,,positive,negative,ambiguous,negative,Immune cells,0.4564807271015517,0.1286115391719133,0.5435192728984484,0.217044158383575,0.0082124816685677,0.0842716813821045,1.0,479.48159999999996,356.0544,mixed_boundary,CTA_composition_plus_H&E_patch_feature_proxy,True,0.0,0.0,True,False,True,True,True
CTGAGCGAGACTTATT-1,1,31,125,5828,12222,40740.0,19426.6666666667,25,25,0,0,1.0,0.0,0.0,Tumor,1.0,True,,positive,negative,negative,negative,Immune cells,0.4189995111618054,0.1296050126577772,0.5810004888381946,0.2333604910108087,0.0211395361468687,0.0896342162596032,1.0,508.43519999999995,242.4448,tumor_core,CTA_composition_plus_H&E_patch_feature_proxy,True,-26.23970907155797,26.23970907155797,False,True,False,False,True
CTGCAAGCACGTTCCG-1,1,61,111,10379,11004,36680.0,34596.6666666667,17,3,12,2,0.1764705882352941,0.7058823529411765,0.1176470588235294,Immune cells,0.7058823529411765,True,,negative,positive,negative,positive,Immune cells,0.5756413738163779,0.1102184303816292,0.4243586261836221,0.176720438868068,0.0134484818858291,0.0944387111569774,1.0,457.7664,431.7664,immune_enriched,CTA_composition_plus_H&E_patch_feature_proxy,True,7.238400000000013,7.238400000000013,True,False,False,False,True
CTGCACAACTACATAT-1,1,50,76,8713,7952,26506.6666666667,29043.3333333333,23,23,0,0,1.0,0.0,0.0,Tumor,1.0,True,,positive,negative,negative,negative,Immune cells,0.4490359024496225,0.1230031839328605,0.5509640975503775,0.226755743848786,0.0111781000488838,0.096888736001223,1.0,330.8032,362.4608,tumor_core,CTA_composition_plus_H&E_patch_feature_proxy,True,-25.144369733202677,25.144369733202677,False,True,False,False,True
CTGCACCTAGTCCACA-1,1,29,117,5525,11524,38413.3333333333,18416.6666666667,32,32,0,0,1.0,0.0,0.0,Tumor,1.0,True,,positive,negative,negative,negative,Immune cells,0.4189524378541814,0.1297513524636605,0.5810475621458185,0.2500787572646787,0.028428656781272,0.0858464243397164,1.0,479.3984,229.84,tumor_core,CTA_composition_plus_H&E_patch_feature_proxy,True,-31.682599327706676,31.682599327706676,False,True,False,False,True
CTGCACTCCAGTACAG-1,1,54,70,9320,7429,24763.3333333333,31066.6666666667,25,22,2,1,0.88,0.08,0.04,Tumor,0.88,True,,positive,negative,negative,negative,Immune cells,0.5079680625712889,0.122153978880705,0.4920319374287111,0.2051273695073597,0.0087990875020368,0.0954898138592669,1.0,309.0464,387.712,tumor_core,CTA_composition_plus_H&E_patch_feature_proxy,True,-12.564646274368396,12.564646274368396,False,True,False,False,True
CTGCAGAGAATCAGAG-1,1,61,101,10380,10132,33773.3333333333,34600.0,23,17,5,1,0.7391304347826086,0.217391304347826,0.0434782608695652,Tumor,0.7391304347826086,True,,positive,ambiguous,negative,ambiguous,Immune cells,0.5350062462658193,0.1229089553381456,0.4649937537341806,0.2013687469447613,0.0162620172722828,0.0875167220884455,1.0,421.4912,431.808,tumor_core,CTA_composition_plus_H&E_patch_feature_proxy,True,-7.285702909122775,7.285702909122775,True,True,False,False,True
CTGCCATGCATCACAT-1,1,40,62,7196,6730,22433.3333333333,23986.6666666667,32,32,0,0,1.0,0.0,0.0,Tumor,1.0,True,,positive,negative,negative,negative,Immune cells,0.4423333876486882,0.1281221521656393,0.5576666123513117,0.2146868719787084,0.0033240997229916,0.1121698581966899,1.0,279.96799999999996,299.3536,tumor_core,CTA_composition_plus_H&E_patch_feature_proxy,True,-19.226672140544757,19.226672140544757,False,True,False,False,True
CTGCCTCATATGCAAC-1,1,33,121,6131,11873,39576.6666666667,20436.6666666667,32,32,0,0,1.0,0.0,0.0,Tumor,1.0,True,,positive,negative,negative,negative,Immune cells,0.4241522278348089,0.1329823073553,0.575847772165191,0.2437021345934495,0.0239422084623323,0.0822497420020639,1.0,493.91679999999997,255.0496,tumor_core,CTA_composition_plus_H&E_patch_feature_proxy,True,-25.18037381771766,25.18037381771766,False,True,False,False,True
CTGCCTTTAATACCTT-1,1,64,28,10839,3768,12560.0,36130.0,30,28,0,2,0.9333333333333332,0.0,0.0666666666666666,Tumor,0.9333333333333332,True,,positive,negative,negative,negative,Immune cells,0.5248782430793185,0.1225807322180726,0.4751217569206815,0.195633045461952,0.0162620172722828,0.1123074570958987,1.0,156.7488,450.9024,tumor_core,CTA_composition_plus_H&E_patch_feature_proxy,True,-7.2857029091228105,7.2857029091228105,True,True,False,False,True
CTGCCTTTCTAGTAAA-1,1,63,93,10684,9435,31450.0,35613.3333333333,26,26,0,0,1.0,0.0,0.0,Tumor,1.0,True,,positive,negative,negative,negative,Immune cells,0.4864229717741205,0.1270881776902105,0.5135770282258795,0.2108847971321492,0.0055184400630058,0.0806405993196499,1.0,392.496,444.45439999999996,tumor_core,CTA_composition_plus_H&E_patch_feature_proxy,True,-12.564646274368396,12.564646274368396,False,True,False,False,True
CTGCGACCTCGCCGAA-1,1,71,73,11898,7692,25640.0,39660.0,16,16,0,0,1.0,0.0,0.0,Tumor,1.0,True,,positive,negative,negative,negative,Immune cells,0.6075136241015335,0.12151770949627,0.3924863758984665,0.1877573189940796,0.0315463581554505,0.0961166532889959,1.0,319.9872,494.9568,tumor_core,CTA_composition_plus_H&E_patch_feature_proxy,True,-7.249628073218664,7.249628073218664,True,True,False,False,True
CTGCGATTTCGAGATT-1,1,72,60,12051,6559,21863.3333333333,40170.0,25,24,0,1,0.96,0.0,0.04,Tumor,0.96,True,,positive,negative,negative,negative,Immune cells,0.5297050676226169,0.1264055196283521,0.4702949323773832,0.1921025473901472,0.0108847971321492,0.1040706341015938,1.0,272.8544,501.3216,tumor_core,CTA_composition_plus_H&E_patch_feature_proxy,True,-7.285702909122747,7.285702909122747,True,True,False,False,True
CTGCTCTGACGGCAAA-1,1,75,65,12506,6995,23316.6666666667,41686.6666666667,20,0,12,8,0.0,0.6,0.4,Immune cells,0.6,True,,negative,positive,ambiguous,positive,Immune cells,0.7634240399761012,0.1114547444915414,0.2365759600238987,0.1390038563902015,0.0542610395958937,0.0474295761189466,1.0,290.99199999999996,520.2496,immune_enriched,CTA_composition_plus_H&E_patch_feature_proxy,True,19.208211577343665,19.208211577343665,False,False,False,False,True
CTGCTGAGGCCACGAA-1,1,49,35,8563,4377,14590.0,28543.3333333333,25,25,0,0,1.0,0.0,0.0,Tumor,1.0,True,,positive,negative,negative,negative,Immune cells,0.4379736751579672,0.1229562833539441,0.5620263248420329,0.2116995274564119,0.0015751452935744,0.0995336926193479,1.0,182.0832,356.2208,tumor_core,CTA_composition_plus_H&E_patch_feature_proxy,True,-19.19455736191901,19.19455736191901,False,True,False,False,True
CTGCTGTCTAACGAGC-1,1,49,119,8559,11700,39000.0,28530.0,28,22,6,0,0.7857142857142857,0.2142857142857142,0.0,Tumor,0.7857142857142857,True,,positive,ambiguous,negative,ambiguous,Immune cells,0.4180326978436803,0.1261717161893122,0.5819673021563196,0.2187605236000217,-0.0006626473304003,0.0890303099797423,1.0,486.71999999999997,356.0544,tumor_core,CTA_composition_plus_H&E_patch_feature_proxy,True,-7.238400000000013,7.238400000000013,True,True,False,False,True
CTGCTTGGCGATAGCT-1,1,53,75,9168,7865,26216.6666666667,30560.0,29,29,0,0,1.0,0.0,0.0,Tumor,1.0,True,,positive,negative,negative,negative,Immune cells,0.4614089403074249,0.1247268525931398,0.5385910596925751,0.2277442833088914,0.0136766063766226,0.0824599625425218,1.0,327.18399999999997,381.3888,tumor_core,CTA_composition_plus_H&E_patch_feature_proxy,True,-19.270905340434833,19.270905340434833,False,True,False,False,True
CTGGAAGACACGGTGG-1,1,50,88,8712,8998,29993.3333333333,29040.0,9,6,1,2,0.6666666666666666,0.1111111111111111,0.2222222222222222,Tumor,0.6666666666666666,True,,positive,negative,ambiguous,negative,Immune cells,0.4828924737023157,0.1265348416005373,0.5171075262976843,0.2232578349899516,0.0197707892021074,0.1045292970989565,1.0,374.3168,362.4192,mixed_boundary,CTA_composition_plus_H&E_patch_feature_proxy,True,0.0,0.0,True,False,True,True,True
CTGGATTTACACTTGA-1,1,49,55,8562,6121,20403.3333333333,28540.0,22,22,0,0,1.0,0.0,0.0,Tumor,1.0,True,,positive,negative,negative,negative,Immune cells,0.5070809117737585,0.1168728613896921,0.4929190882262415,0.2014013361577318,0.0108847971321492,0.0992546726292856,1.0,254.6336,356.1792,tumor_core,CTA_composition_plus_H&E_patch_feature_proxy,True,-7.285702909122747,7.285702909122747,True,True,False,False,True
CTGGCGCACAGGTCTG-1,1,37,89,6740,9084,30280.0,22466.6666666667,21,21,0,0,1.0,0.0,0.0,Tumor,1.0,True,,positive,negative,negative,negative,Immune cells,0.433400322271106,0.1290249129178335,0.5665996777288939,0.2077127804030199,0.0033240997229916,0.0984825899170584,1.0,377.89439999999996,280.384,tumor_core,CTA_composition_plus_H&E_patch_feature_proxy,True,-31.78591184786118,31.78591184786118,False,True,False,False,True
CTGGCTGATTCATCCT-1,1,44,96,7801,9695,32316.6666666667,26003.3333333333,26,26,0,0,1.0,0.0,0.0,Tumor,1.0,True,,positive,negative,negative,negative,Immune cells,0.4269259319609654,0.1201851509986208,0.5730740680390346,0.222703818369453,0.0022921079789256,0.0924053052020028,1.0,403.31199999999995,324.5216,tumor_core,CTA_composition_plus_H&E_patch_feature_proxy,True,-33.22170895062448,33.22170895062448,False,True,False,False,True
CTGGCTGGTTGTCAGT-1,1,54,56,9320,6208,20693.3333333333,31066.6666666667,12,3,2,7,0.25,0.1666666666666666,0.5833333333333334,Stroma,0.5833333333333334,True,,ambiguous,negative,ambiguous,negative,Immune cells,0.52689877428349,0.1199967692037546,0.47310122571651,0.1927651947205475,0.0107978925642279,0.0827810266406757,1.0,258.2528,387.712,stroma_rich,CTA_composition_plus_H&E_patch_feature_proxy,True,0.0,0.0,True,False,True,True,True
CTGGGATAAATAATGG-1,1,38,84,6892,8648,28826.6666666667,22973.3333333333,28,28,0,0,1.0,0.0,0.0,Tumor,1.0,True,,positive,negative,negative,negative,Immune cells,0.4623612695308964,0.1179705523618869,0.5376387304691036,0.2053880832111237,0.001227527021889,0.1138783778618659,1.0,359.7568,286.7072,tumor_core,CTA_composition_plus_H&E_patch_feature_proxy,True,-26.215295492517352,26.215295492517352,False,True,False,False,True
CTGGGATACGCTACCC-1,1,37,117,6738,11525,38416.6666666667,22460.0,27,27,0,0,1.0,0.0,0.0,Tumor,1.0,True,,positive,negative,negative,negative,Immune cells,0.4083537015914399,0.1287396715710356,0.5916462984085601,0.2458204334365325,0.0232469719189614,0.080785842602148,1.0,479.44,280.3008,tumor_core,CTA_composition_plus_H&E_patch_feature_proxy,True,-38.416423154687344,38.416423154687344,False,True,False,False,True
CTGGGCCTGCTATATC-1,1,44,30,7805,3941,13136.6666666667,26016.6666666667,17,16,1,0,0.9411764705882352,0.0588235294117647,0.0,Tumor,0.9411764705882352,True,,positive,negative,negative,negative,Immune cells,0.7164557420382742,0.1608371214140558,0.2835442579617258,0.090359024496225,-0.0006409211884199,0.0843213698734854,1.0,163.94559999999998,324.688,tumor_core,CTA_composition_plus_H&E_patch_feature_proxy,True,-7.285702909122747,7.285702909122747,True,True,False,False,True
CTGGGTAGGCAGTTAA-1,1,43,79,7651,8213,27376.6666666667,25503.3333333333,28,28,0,0,1.0,0.0,0.0,Tumor,1.0,True,,positive,negative,negative,negative,Immune cells,0.4571976897869027,0.1187728110802599,0.5428023102130971,0.2208679593721144,0.0141763076421704,0.0900126132324274,1.0,341.6608,318.28159999999997,tumor_core,CTA_composition_plus_H&E_patch_feature_proxy,True,-19.195278619493894,19.195278619493894,False,True,False,False,True
CTGGTAAAGACTTACA-1,1,71,99,11897,9959,33196.6666666667,39656.6666666667,17,9,8,0,0.5294117647058824,0.4705882352941176,0.0,Tumor,0.5294117647058824,True,,ambiguous,ambiguous,negative,ambiguous,Immune cells,0.8084333641120345,0.0644199266865955,0.1915666358879654,0.1107490087447721,0.0421595785128455,0.0224286205710354,1.0,414.2944,494.91519999999997,immune_enriched,CTA_composition_plus_H&E_patch_feature_proxy,True,12.564646274368396,12.564646274368396,False,False,False,False,True
CTGGTAAAGTGTGGGC-1,1,60,114,10227,11266,37553.3333333333,34090.0,18,11,7,0,0.6111111111111112,0.3888888888888889,0.0,Tumor,0.6111111111111112,True,,positive,ambiguous,negative,ambiguous,Immune cells,0.5892998750746835,0.1414330378532016,0.4107001249253164,0.1752865134973656,0.0219108141871707,0.0893513740778962,1.0,468.6656,425.4432,immune_enriched,CTA_composition_plus_H&E_patch_feature_proxy,True,7.28011885617264,7.28011885617264,True,False,False,False,True
CTGGTAACACATAGAA-1,1,42,88,7498,8997,29990.0,24993.3333333333,24,24,0,0,1.0,0.0,0.0,Tumor,1.0,True,,positive,negative,negative,negative,Immune cells,0.4806872702913113,0.1257403979682584,0.5193127297086886,0.2083862908044103,0.0088968551409483,0.1198830409356725,1.0,374.2752,311.91679999999997,tumor_core,CTA_composition_plus_H&E_patch_feature_proxy,True,-26.245347357579426,26.245347357579426,False,True,False,False,True
CTGGTAACGAGCTCTT-1,1,29,97,5526,9781,32603.3333333333,18420.0,29,26,3,0,0.896551724137931,0.1034482758620689,0.0,Tumor,0.896551724137931,True,,positive,negative,negative,negative,Immune cells,0.4422464830807669,0.1445616806062293,0.5577535169192331,0.2063657596002389,0.0060615936125142,0.1308833084890876,1.0,406.8896,229.8816,tumor_core,CTA_composition_plus_H&E_patch_feature_proxy,True,-37.74498006357932,37.74498006357932,False,True,False,False,True
CTGGTGAATGGGCCTA-1,1,65,19,10991,2984,9946.66666666667,36636.6666666667,20,0,19,1,0.0,0.95,0.05,Immune cells,0.95,True,,negative,positive,negative,positive,Immune cells,0.8185758513931888,0.0816835209991056,0.181424148606811,0.0543805333767856,0.0046819835967628,0.0257997936016511,1.0,124.1344,457.2256,immune_enriched,CTA_composition_plus_H&E_patch_feature_proxy,True,19.208211577343672,19.208211577343672,False,False,False,False,True
CTGGTTCGCGAGCTAC-1,1,42,124,7496,12136,40453.3333333333,24986.6666666667,33,33,0,0,1.0,0.0,0.0,Tumor,1.0,True,,positive,negative,negative,negative,Immune cells,0.4164647945974327,0.1372934510159249,0.5835352054025673,0.237238607354299,0.0231709304220303,0.0810457516339869,1.0,504.8576,311.8336,tumor_core,CTA_composition_plus_H&E_patch_feature_proxy,True,-12.600611845462108,12.600611845462108,False,True,False,False,True
CTGGTTTCGAGCAAGA-1,1,46,88,8105,8997,29990.0,27016.6666666667,28,26,2,0,0.9285714285714286,0.0714285714285714,0.0,Tumor,0.9285714285714286,True,,positive,negative,negative,negative,Immune cells,0.468100592037369,0.1243979589849739,0.531899407962631,0.2171962413774374,0.0093422410515452,0.1135076252723311,1.0,374.2752,337.168,tumor_core,CTA_composition_plus_H&E_patch_feature_proxy,True,-19.194557361919056,19.194557361919056,False,True,False,False,True
CTGTACTTCTTAGCAT-1,1,39,51,7045,5771,19236.6666666667,23483.3333333333,20,12,8,0,0.6,0.4,0.0,Tumor,0.6,True,,positive,ambiguous,negative,ambiguous,Immune cells,0.5281951007549834,0.1123844699116055,0.4718048992450165,0.1758513931888544,-0.0024550540437781,0.0945801322478309,1.0,240.0736,293.072,immune_enriched,CTA_composition_plus_H&E_patch_feature_proxy,True,19.208211577343647,19.208211577343647,False,False,False,False,True
CTGTAGCCATCTCACT-1,1,56,46,9624,5337,17790.0,32080.0,7,0,4,3,0.0,0.5714285714285714,0.4285714285714285,Immune cells,0.5714285714285714,True,,negative,ambiguous,ambiguous,ambiguous,Immune cells,0.5025473901471947,0.122487045604622,0.4974526098528053,0.2109173863451197,0.0140024985063277,0.0993693383786263,1.0,222.01919999999998,400.35839999999996,immune_enriched,CTA_composition_plus_H&E_patch_feature_proxy,True,7.24962807321863,7.24962807321863,True,False,False,False,True
CTGTAGTGAGGATCGA-1,1,69,43,11597,5076,16920.0,38656.6666666667,21,17,3,1,0.8095238095238095,0.1428571428571428,0.0476190476190476,Tumor,0.8095238095238095,True,,positive,negative,negative,negative,Immune cells,0.4974453678054786,0.1337799503079025,0.5025546321945215,0.1885177339633914,0.0004888381945576,0.1327829377364981,1.0,211.1616,482.43519999999995,tumor_core,CTA_composition_plus_H&E_patch_feature_proxy,True,-7.238400000000013,7.238400000000013,True,True,False,False,True
CTGTCAAATGGCTCGG-1,1,23,83,4616,8559,28530.0,15386.6666666667,0,0,0,0,0.0,0.0,0.0,unmapped,0.0,False,no_CTA_object_captured,excluded,excluded,excluded,excluded,Immune cells,0.60236090742853,0.1352166751385844,0.3976390925714699,0.2040953777632937,0.0537396121883656,0.0831135573137637,1.0,356.0544,192.0256,unmapped_or_excluded,CTA_composition_plus_H&E_patch_feature_proxy,True,59.62303219931035,59.62303219931035,False,False,False,False,True
CTGTGCAGGGTAGGTC-1,1,42,70,7499,7428,24760.0,24996.6666666667,21,19,0,2,0.9047619047619048,0.0,0.0952380952380952,Tumor,0.9047619047619048,True,,positive,negative,negative,negative,Immune cells,0.4330635670704107,0.1222906080102513,0.5669364329295892,0.2248764325674868,0.0133941665308782,0.1039139242441615,1.0,309.0048,311.9584,tumor_core,CTA_composition_plus_H&E_patch_feature_proxy,True,-12.564646274368396,12.564646274368396,False,True,False,False,True
CTGTGGTCGGGAGATA-1,1,55,89,9470,9086,30286.6666666667,31566.6666666667,38,38,0,0,1.0,0.0,0.0,Tumor,1.0,True,,positive,negative,negative,negative,Immune cells,0.440193362663625,0.1246573515901291,0.559806637336375,0.2242029221660963,0.0064309380261799,0.0916446890647097,1.0,377.9776,393.952,tumor_core,CTA_composition_plus_H&E_patch_feature_proxy,True,-31.66623587861369,31.66623587861369,False,True,False,False,True
CTGTTACCCAATCTAG-1,1,48,58,8410,6382,21273.3333333333,28033.3333333333,23,19,2,2,0.8260869565217391,0.0869565217391304,0.0869565217391304,Tumor,0.8260869565217391,True,,positive,negative,negative,negative,Immune cells,0.5028732822768996,0.1156276243992267,0.4971267177231003,0.2007712780403019,0.0081364401716365,0.1035011275465351,1.0,265.4912,349.856,tumor_core,CTA_composition_plus_H&E_patch_feature_proxy,True,-14.571405818245523,14.571405818245523,False,True,False,False,True
CTGTTGTTCAGTCGTA-1,1,67,21,11294,3158,10526.6666666667,37646.6666666667,18,3,13,2,0.1666666666666666,0.7222222222222222,0.1111111111111111,Immune cells,0.7222222222222222,True,,negative,positive,negative,positive,Immune cells,0.8338131189687324,0.0237942294924419,0.1661868810312674,0.0495790559991309,0.0046059420998316,0.0081450903948323,1.0,131.37279999999998,469.8304,immune_enriched,CTA_composition_plus_H&E_patch_feature_proxy,True,12.57978772475913,12.57978772475913,False,False,False,False,True
CTTAATCGACTTAGTA-1,1,76,64,12657,6908,23026.6666666667,42190.0,14,0,9,5,0.0,0.6428571428571429,0.3571428571428571,Immune cells,0.6428571428571429,True,,negative,positive,ambiguous,positive,Immune cells,0.7840928430467293,0.0825993680200964,0.2159071569532706,0.1341915159415566,0.0582586497202759,0.034762833008447,1.0,287.3728,526.5312,immune_enriched,CTA_composition_plus_H&E_patch_feature_proxy,True,19.226672140544792,19.226672140544792,False,False,False,False,True
CTTACACGGTATTCCA-1,1,31,45,5832,5247,17490.0,19440.0,17,2,15,0,0.1176470588235294,0.8823529411764706,0.0,Immune cells,0.8823529411764706,True,,negative,positive,negative,positive,Immune cells,0.6334944688863542,0.1620483776299238,0.3665055311136458,0.1332681549073923,0.005083917223399,0.0999885334250659,1.0,218.27519999999998,242.6112,immune_enriched,CTA_composition_plus_H&E_patch_feature_proxy,True,7.285702909122762,7.285702909122762,True,False,False,False,True
CTTACATAGATTTCTT-1,1,74,82,12353,8477,28256.6666666667,41176.6666666667,30,0,28,2,0.0,0.9333333333333332,0.0666666666666666,Immune cells,0.9333333333333332,True,,negative,positive,negative,positive,Immune cells,0.8131986312530552,0.048498078747555,0.1868013687469446,0.1131714735755798,0.0436152300255282,0.0054428009020372,1.0,352.6432,513.8847999999999,immune_enriched,CTA_composition_plus_H&E_patch_feature_proxy,True,12.60061184546208,12.60061184546208,False,False,False,False,True
CTTAGATGTTTCATCC-1,1,74,72,12353,7605,25350.0,41176.6666666667,18,0,10,8,0.0,0.5555555555555556,0.4444444444444444,Immune cells,0.5555555555555556,True,,negative,ambiguous,ambiguous,ambiguous,Immune cells,0.7673600926982057,0.1060561460668242,0.2326399073017941,0.1227852914018793,0.0386073542990603,0.0591828154263654,1.0,316.368,513.8847999999999,immune_enriched,CTA_composition_plus_H&E_patch_feature_proxy,True,12.5797877247591,12.5797877247591,False,False,False,False,True
CTTAGGTATAGACCAG-1,1,63,15,10688,2635,8783.33333333334,35626.6666666667,0,0,0,0,0.0,0.0,0.0,unmapped,0.0,False,no_CTA_object_captured,excluded,excluded,excluded,excluded,Immune cells,0.8527800409175673,0.0440531834021836,0.1472199590824325,0.0512411058606267,0.0206398348813209,0.0108282689294041,1.0,109.616,444.6208,unmapped_or_excluded,CTA_composition_plus_H&E_patch_feature_proxy,True,36.275223853203165,36.275223853203165,False,False,False,False,True
CTTAGGTCCCAATCGT-1,1,23,127,4614,12395,41316.6666666667,15380.0,27,27,0,0,1.0,0.0,0.0,Tumor,1.0,True,,positive,negative,negative,negative,Immune cells,0.4127641084134484,0.1316171949536803,0.5872358915865515,0.2393025908424311,0.0319808809950573,0.0779727095516569,1.0,515.632,191.9424,tumor_core,CTA_composition_plus_H&E_patch_feature_proxy,True,-21.8210142239081,21.8210142239081,False,True,False,False,True
CTTAGTAGGCCTACAG-1,1,32,102,5981,10217,34056.6666666667,19936.6666666667,29,28,1,0,0.9655172413793104,0.0344827586206896,0.0,Tumor,0.9655172413793104,True,,positive,negative,negative,negative,Immune cells,0.4303622834175221,0.1141511082917754,0.5696377165824779,0.2117755689533431,-0.0070827222855901,0.0930206780567977,1.0,425.0272,248.8096,tumor_core,CTA_composition_plus_H&E_patch_feature_proxy,True,-50.793600000000026,50.793600000000026,False,True,False,False,True
CTTAGTGTAGTAGCAT-1,1,61,83,10381,8563,28543.3333333333,34603.3333333333,19,13,2,4,0.6842105263157895,0.1052631578947368,0.2105263157894736,Tumor,0.6842105263157895,True,,positive,negative,ambiguous,negative,Immune cells,0.4832038817373671,0.1238794801079846,0.5167961182626328,0.2147520504046493,0.0073434359893541,0.0761074800290486,1.0,356.2208,431.84959999999995,mixed_boundary,CTA_composition_plus_H&E_patch_feature_proxy,True,0.0,0.0,True,False,True,True,True
CTTAGTTGAGGAATCG-1,1,67,33,11294,4204,14013.3333333333,37646.6666666667,21,18,2,1,0.8571428571428571,0.0952380952380952,0.0476190476190476,Tumor,0.8571428571428571,True,,positive,negative,negative,negative,Immune cells,0.5426864374558686,0.1364361486660502,0.4573135625441311,0.1697680734343598,-0.0002063983488132,0.1186026067347016,1.0,174.88639999999998,469.8304,tumor_core,CTA_composition_plus_H&E_patch_feature_proxy,True,-7.306457067553378,7.306457067553378,True,True,False,False,True
CTTATAGATGGCTGTT-1,1,61,119,10379,11702,39006.6666666667,34596.6666666667,5,1,4,0,0.2,0.8,0.0,Immune cells,0.8,True,,negative,positive,negative,positive,Immune cells,0.8167037821592165,0.0694460250959195,0.1832962178407834,0.0968551409483461,0.0318613872141654,0.0295340748385123,1.0,486.8032,431.7664,immune_enriched,CTA_composition_plus_H&E_patch_feature_proxy,True,12.600611845462108,12.600611845462108,False,False,False,False,True
CTTCAACTCCACTTGG-1,1,59,77,10078,8040,26800.0,33593.3333333333,20,19,0,1,0.95,0.0,0.05,Tumor,0.95,True,,positive,negative,negative,negative,Immune cells,0.5136856589357811,0.1174260223449268,0.4863143410642189,0.2214328390636032,0.0232904242029221,0.0884684478079731,1.0,334.464,419.2448,tumor_core,CTA_composition_plus_H&E_patch_feature_proxy,True,-7.238400000000013,7.238400000000013,True,True,False,False,True
CTTCATTGTCAGTGGA-1,1,36,60,6590,6555,21850.0,21966.6666666667,32,20,12,0,0.625,0.375,0.0,Tumor,0.625,True,,positive,ambiguous,negative,ambiguous,Immune cells,0.4322524577698115,0.1375997837839279,0.5677475422301884,0.2501439356906197,0.0465808484058443,0.0882047165844895,1.0,272.688,274.144,immune_enriched,CTA_composition_plus_H&E_patch_feature_proxy,True,7.238400000000013,7.238400000000013,True,False,False,False,True
CTTCCGCTCCGTGAAG-1,1,56,50,9624,5685,18950.0,32080.0,23,23,0,0,1.0,0.0,0.0,Tumor,1.0,True,,positive,negative,negative,negative,Immune cells,0.4784277515253562,0.1224183504301887,0.5215722484746438,0.219357992504481,0.0162294280593123,0.1046554294232312,1.0,236.49599999999998,400.35839999999996,tumor_core,CTA_composition_plus_H&E_patch_feature_proxy,True,-7.285702909122747,7.285702909122747,True,True,False,False,True
CTTCGATTGCGCAAGC-1,1,68,88,11442,9000,30000.0,38140.0,19,11,0,8,0.5789473684210527,0.0,0.4210526315789473,Tumor,0.5789473684210527,True,,ambiguous,negative,ambiguous,negative,Immune cells,0.533311607191353,0.1370183470059648,0.466688392808647,0.2053011786432024,0.0193036771495301,0.1096395673279058,1.0,374.4,475.9872,stroma_rich,CTA_composition_plus_H&E_patch_feature_proxy,True,0.0,0.0,True,False,True,True,True
CTTCGGCCAATTGTTT-1,1,50,110,8711,10916,36386.6666666667,29036.6666666667,23,23,0,0,1.0,0.0,0.0,Tumor,1.0,True,,positive,negative,negative,negative,Immune cells,0.4935382832726812,0.1298492438379815,0.5064617167273188,0.2104068220085818,0.012351311715822,0.0891793754538852,1.0,454.1056,362.3776,tumor_core,CTA_composition_plus_H&E_patch_feature_proxy,True,-7.249628073218664,7.249628073218664,True,True,False,False,True
CTTCGTAGATAGGTGA-1,1,39,45,7046,5248,17493.3333333333,23486.6666666667,23,23,0,0,1.0,0.0,0.0,Tumor,1.0,True,,positive,negative,negative,negative,Immune cells,0.5261781905744755,0.1169954414381641,0.4738218094255246,0.1849437836076258,0.0076367389060887,0.1049573825631617,1.0,218.3168,293.11359999999996,tumor_core,CTA_composition_plus_H&E_patch_feature_proxy,True,-7.249628073218664,7.249628073218664,True,True,False,False,True
CTTCTATTAATGCTAG-1,1,51,47,8866,5423,18076.6666666667,29553.3333333333,19,15,4,0,0.7894736842105263,0.2105263157894736,0.0,Tumor,0.7894736842105263,True,,positive,ambiguous,negative,ambiguous,Immune cells,0.4623178172469357,0.1263123687412692,0.5376821827530643,0.2186084406061593,0.0078757264678724,0.0984252570423881,1.0,225.5968,368.8256,tumor_core,CTA_composition_plus_H&E_patch_feature_proxy,True,-14.476800000000026,14.476800000000026,False,True,False,False,True
CTTCTGGGCGTACCTA-1,1,66,34,11142,4292,14306.6666666667,37140.0,11,4,1,6,0.3636363636363636,0.0909090909090909,0.5454545454545454,Stroma,0.5454545454545454,True,,ambiguous,negative,ambiguous,negative,Immune cells,0.520134702080278,0.1143846168606876,0.4798652979197219,0.1866818749660529,0.0015642822225843,0.1113863089095287,1.0,178.5472,463.50719999999995,stroma_rich,CTA_composition_plus_H&E_patch_feature_proxy,True,0.0,0.0,True,False,True,True,True
CTTGAGTTAGGGTAAT-1,1,39,93,7043,9433,31443.3333333333,23476.6666666667,33,33,0,0,1.0,0.0,0.0,Tumor,1.0,True,,positive,negative,negative,negative,Immune cells,0.3905382651675629,0.1212722477278859,0.609461734832437,0.2213024822117212,-0.0009124979631741,0.080441845354126,1.0,392.4128,292.98879999999997,tumor_core,CTA_composition_plus_H&E_patch_feature_proxy,True,-47.77326684747443,47.77326684747443,False,True,False,False,True
CTTGATGACCATCCAG-1,1,70,98,11745,9872,32906.6666666667,39150.0,25,21,4,0,0.84,0.16,0.0,Tumor,0.84,True,,positive,negative,negative,negative,Immune cells,0.7581844187351764,0.1311073107082774,0.2418155812648234,0.1138667101189506,0.0317962087882244,0.0781829300921148,1.0,410.67519999999996,488.592,tumor_core,CTA_composition_plus_H&E_patch_feature_proxy,True,-14.476800000000026,14.476800000000026,False,True,False,False,True
CTTGCCCACCCACGCA-1,1,70,100,11745,10046,33486.6666666667,39150.0,35,35,0,0,1.0,0.0,0.0,Tumor,1.0,True,,positive,negative,negative,negative,Immune cells,0.7961906831061141,0.0849591123399511,0.2038093168938858,0.1207538971267177,0.0463961761990114,0.0407025188242938,1.0,417.9136,488.592,tumor_core,CTA_composition_plus_H&E_patch_feature_proxy,True,-7.238400000000013,7.238400000000013,True,True,False,False,True
CTTGCCCAGGCTCTAC-1,1,45,55,7955,6120,20400.0,26516.6666666667,29,26,0,3,0.896551724137931,0.0,0.1034482758620689,Tumor,0.896551724137931,True,,positive,negative,negative,negative,Immune cells,0.4681223181793493,0.1165635341088345,0.5318776818206506,0.2208462332301342,0.0115257183205692,0.0920077972709551,1.0,254.59199999999998,330.928,tumor_core,CTA_composition_plus_H&E_patch_feature_proxy,True,-19.226672140544757,19.226672140544757,False,True,False,False,True
CTTGGCCAAGCTGGGA-1,1,61,57,10382,6296,20986.6666666667,34606.6666666667,26,25,1,0,0.9615384615384616,0.0384615384615384,0.0,Tumor,0.9615384615384616,True,,positive,negative,negative,negative,Immune cells,0.4684120000724204,0.1224569990985316,0.5315879999275795,0.2134919341697898,0.0012492531638694,0.1023659366280625,1.0,261.9136,431.89119999999997,tumor_core,CTA_composition_plus_H&E_patch_feature_proxy,True,-12.600611845462108,12.600611845462108,False,True,False,False,True
CTTGTCAACATTCGAG-1,1,50,66,8713,7080,23600.0,29043.3333333333,19,15,3,1,0.7894736842105263,0.1578947368421052,0.0526315789473684,Tumor,0.7894736842105263,True,,positive,negative,negative,negative,Immune cells,0.4627342349682255,0.1171067073350611,0.5372657650317745,0.2121992287219597,0.0007821411112921,0.0948323968963803,1.0,294.52799999999996,362.4608,tumor_core,CTA_composition_plus_H&E_patch_feature_proxy,True,-14.571405818245495,14.571405818245495,False,True,False,False,True
CTTGTTGCTGAGTCAA-1,1,38,80,6892,8299,27663.3333333333,22973.3333333333,26,24,2,0,0.9230769230769232,0.0769230769230769,0.0,Tumor,0.9230769230769232,True,,positive,negative,negative,negative,Immune cells,0.4653124038165589,0.1205421044294285,0.5346875961834411,0.2186301667481397,0.0164792786920862,0.105297557619539,1.0,345.23839999999996,286.7072,tumor_core,CTA_composition_plus_H&E_patch_feature_proxy,True,-19.226672140544757,19.226672140544757,False,True,False,False,True
CTTTAATATTGGTCGA-1,1,51,73,8864,7690,25633.3333333333,29546.6666666667,24,21,1,2,0.875,0.0416666666666666,0.0833333333333333,Tumor,0.875,True,,positive,negative,negative,negative,Immune cells,0.4583745224775044,0.1211656054130243,0.5416254775224956,0.2133833034598881,-0.0014556515126826,0.0910713603180063,1.0,319.904,368.7424,tumor_core,CTA_composition_plus_H&E_patch_feature_proxy,True,-31.78591184786118,31.78591184786118,False,True,False,False,True
CTTTACCGAATAGTAG-1,1,50,84,8712,8649,28830.0,29040.0,27,27,0,0,1.0,0.0,0.0,Tumor,1.0,True,,positive,negative,negative,negative,Immune cells,0.4788586533412996,0.1242822673291058,0.5211413466587004,0.2126772038455271,0.0071479007115311,0.1051332033788174,1.0,359.79839999999996,362.4192,tumor_core,CTA_composition_plus_H&E_patch_feature_proxy,True,-7.285702909122775,7.285702909122775,True,True,False,False,True
CTTTAGGAACACTGTT-1,1,41,87,7347,8910,29700.0,24490.0,29,29,0,0,1.0,0.0,0.0,Tumor,1.0,True,,positive,negative,negative,negative,Immune cells,0.4704361523002553,0.1205807094352266,0.5295638476997446,0.204888381945576,0.0012601162348595,0.10854259832588,1.0,370.656,305.6352,tumor_core,CTA_composition_plus_H&E_patch_feature_proxy,True,-29.127427624148346,29.127427624148346,False,True,False,False,True
CTTTAGTGCTATTATT-1,1,44,64,7803,6905,23016.6666666667,26010.0,24,24,0,0,1.0,0.0,0.0,Tumor,1.0,True,,positive,negative,negative,negative,Immune cells,0.4611916788876216,0.1257339859256608,0.5388083211123784,0.2135027972407799,0.0086035522242137,0.0953980812597943,1.0,287.248,324.6048,tumor_core,CTA_composition_plus_H&E_patch_feature_proxy,True,-14.571405818245523,14.571405818245523,False,True,False,False,True
CTTTCTGTGCGGGCTT-1,1,54,66,9320,7080,23600.0,31066.6666666667,27,11,16,0,0.4074074074074074,0.5925925925925926,0.0,Immune cells,0.5925925925925926,True,,ambiguous,ambiguous,negative,ambiguous,Immune cells,0.4926438904278239,0.1195206275470485,0.507356109572176,0.207462929770246,0.0090598012058008,0.0895692390016435,1.0,294.52799999999996,387.712,immune_enriched,CTA_composition_plus_H&E_patch_feature_proxy,True,7.306457067553343,7.306457067553343,True,False,False,False,True
CTTTGCATCGCTCTTG-1,1,60,94,10229,9522,31740.0,34096.6666666667,28,28,0,0,1.0,0.0,0.0,Tumor,1.0,True,,positive,negative,negative,negative,Immune cells,0.4921188419966325,0.1244606943360722,0.5078811580033674,0.2041714192602249,0.0019662158492205,0.0944425333486221,1.0,396.11519999999996,425.52639999999997,tumor_core,CTA_composition_plus_H&E_patch_feature_proxy,True,-12.57978772475908,12.57978772475908,False,True,False,False,True
CTTTGCTGTCATGGAT-1,1,48,122,8407,11962,39873.3333333333,28023.3333333333,24,24,0,0,1.0,0.0,0.0,Tumor,1.0,True,,positive,negative,negative,negative,Immune cells,0.4233592236525266,0.1315766923619053,0.5766407763474735,0.2201184074737928,0.003541361142795,0.0842602148071704,1.0,497.6192,349.7312,tumor_core,CTA_composition_plus_H&E_patch_feature_proxy,True,-19.2082115773437,19.2082115773437,False,True,False,False,True
CTTTGGCTTTAGTAAA-1,1,32,40,5984,4811,16036.6666666667,19946.6666666667,27,27,0,0,1.0,0.0,0.0,Tumor,1.0,True,,positive,negative,negative,negative,Immune cells,0.6289066319048394,0.1867401643469215,0.3710933680951606,0.1373743957416761,0.010548041931454,0.0812674387493788,1.0,200.1376,248.93439999999998,tumor_core,CTA_composition_plus_H&E_patch_feature_proxy,True,-7.285702909122762,7.285702909122762,True,True,False,False,True
CTTTGGGATTGTTGCA-1,1,62,44,10535,5163,17210.0,35116.6666666667,22,22,0,0,1.0,0.0,0.0,Tumor,1.0,True,,positive,negative,negative,negative,Immune cells,0.4893885901544366,0.1212830536144397,0.5106114098455633,0.2070609961436098,0.0034653196458638,0.0957497228911057,1.0,214.7808,438.256,tumor_core,CTA_composition_plus_H&E_patch_feature_proxy,True,-12.604800000000012,12.604800000000012,False,True,False,False,True
GAAACAGATGACCACC-1,1,40,92,7195,9346,31153.3333333333,23983.3333333333,20,20,0,0,1.0,0.0,0.0,Tumor,1.0,True,,positive,negative,negative,negative,Immune cells,0.4422283779624499,0.1360007375743902,0.55777162203755,0.2086470045081744,0.0005757427624789,0.1003401750563773,1.0,388.79359999999997,299.312,tumor_core,CTA_composition_plus_H&E_patch_feature_proxy,True,-45.42419037649431,45.42419037649431,False,True,False,False,True
GAAACCATGGTGCGCT-1,1,27,109,5222,10827,36090.0,17406.6666666667,34,28,6,0,0.8235294117647058,0.1764705882352941,0.0,Tumor,0.8235294117647058,True,,positive,negative,negative,negative,Immune cells,0.4791591983053609,0.1677963017171976,0.520840801694639,0.1951333441964043,0.0148498180435609,0.1579902916332225,1.0,450.40319999999997,217.2352,tumor_core,CTA_composition_plus_H&E_patch_feature_proxy,True,-40.568532435867105,40.568532435867105,False,True,False,False,True
GAAACCGAATTACCTT-1,1,45,51,7955,5772,19240.0,26516.6666666667,24,24,0,0,1.0,0.0,0.0,Tumor,1.0,True,,positive,negative,negative,negative,Immune cells,0.4689551536219289,0.120377796786408,0.531044846378071,0.2292107978925642,0.0223236108847971,0.0754462408745174,1.0,240.1152,330.928,tumor_core,CTA_composition_plus_H&E_patch_feature_proxy,True,-12.60486864667777,12.60486864667777,False,True,False,False,True
GAAACCTATACAAATG-1,1,60,52,10231,5860,19533.3333333333,34103.3333333333,29,29,0,0,1.0,0.0,0.0,Tumor,1.0,True,,positive,negative,negative,negative,Immune cells,0.465015479876161,0.1222416183326759,0.534984520123839,0.2162837434142632,0.0087447721470859,0.0991973397546152,1.0,243.77599999999998,425.6096,tumor_core,CTA_composition_plus_H&E_patch_feature_proxy,True,-21.841743168529383,21.841743168529383,False,True,False,False,True
GAAAGAACAGCGTTAT-1,1,37,103,6739,10304,34346.6666666667,22463.3333333333,32,22,10,0,0.6875,0.3125,0.0,Tumor,0.6875,True,,positive,ambiguous,negative,ambiguous,Immune cells,0.4115438234388862,0.1244367847646349,0.5884561765611137,0.2307968062571288,0.0116234859594807,0.0875702327714711,1.0,428.64639999999997,280.3424,immune_enriched,CTA_composition_plus_H&E_patch_feature_proxy,True,38.54964508267229,38.54964508267229,False,False,False,False,True
GAAAGCAGTGCACTTT-1,1,56,54,9624,6034,20113.3333333333,32080.0,26,25,1,0,0.9615384615384616,0.0384615384615384,0.0,Tumor,0.9615384615384616,True,,positive,negative,negative,negative,Immune cells,0.4684699364510347,0.1236916335988547,0.5315300635489653,0.215501602302971,0.0102330128727391,0.1032373963230516,1.0,251.0144,400.35839999999996,tumor_core,CTA_composition_plus_H&E_patch_feature_proxy,True,-7.306457067553364,7.306457067553364,True,True,False,False,True
GAAATTGTCTCTATAA-1,1,43,53,7652,5946,19820.0,25506.6666666667,22,22,0,0,1.0,0.0,0.0,Tumor,1.0,True,,positive,negative,negative,negative,Immune cells,0.484076548440244,0.1209527659942715,0.5159234515597559,0.222247569387866,0.0197816522730976,0.0893322631196728,1.0,247.3536,318.3232,tumor_core,CTA_composition_plus_H&E_patch_feature_proxy,True,-7.280000000000001,7.280000000000001,True,True,False,False,True
GAACAACTGGGATGAA-1,1,67,85,11291,8738,29126.6666666667,37636.6666666667,17,11,4,2,0.6470588235294118,0.2352941176470588,0.1176470588235294,Tumor,0.6470588235294118,True,,positive,ambiguous,negative,ambiguous,Immune cells,0.5051653902558253,0.1317063966849529,0.4948346097441746,0.2149258595404921,0.0135136603117701,0.0854259832588005,1.0,363.50079999999997,469.7056,mixed_boundary,CTA_composition_plus_H&E_patch_feature_proxy,True,0.0,0.0,True,False,True,True,True
GAACAGATTACTAAAT-1,1,57,71,9775,7516,25053.3333333333,32583.3333333333,20,16,4,0,0.8,0.2,0.0,Tumor,0.8,True,,positive,negative,negative,negative,Immune cells,0.5093223254213965,0.1179466590360219,0.4906776745786034,0.211449676823638,0.0100048883819455,0.0738026984673011,1.0,312.6656,406.64,tumor_core,CTA_composition_plus_H&E_patch_feature_proxy,True,-7.238400000000013,7.238400000000013,True,True,False,False,True
GAACCCTCTGTGTTCT-1,1,59,67,10078,7168,23893.3333333333,33593.3333333333,26,26,0,0,1.0,0.0,0.0,Tumor,1.0,True,,positive,negative,negative,negative,Immune cells,0.5191389205728459,0.1148477311910185,0.4808610794271541,0.208299386236489,0.0141871707131606,0.0843672361732217,1.0,298.1888,419.2448,tumor_core,CTA_composition_plus_H&E_patch_feature_proxy,True,-7.238399999999956,7.238399999999956,True,True,False,False,True
GAACCTTTAACGATCC-1,1,63,79,10684,8214,27380.0,35613.3333333333,24,24,0,0,1.0,0.0,0.0,Tumor,1.0,True,,positive,negative,negative,negative,Immune cells,0.4967573733094346,0.1236200499845584,0.5032426266905654,0.220259627396665,0.0173157351583292,0.0898100370752589,1.0,341.7024,444.45439999999996,tumor_core,CTA_composition_plus_H&E_patch_feature_proxy,True,-7.2385195392428265,7.2385195392428265,True,True,False,False,True
GAACGATAAGTTAAAG-1,1,27,123,5221,12047,40156.6666666667,17403.3333333333,31,31,0,0,1.0,0.0,0.0,Tumor,1.0,True,,positive,negative,negative,negative,Immune cells,0.4293520178154363,0.1300207212602772,0.5706479821845636,0.2436478192384987,0.0281788061484981,0.0782899514581661,1.0,501.1552,217.1936,tumor_core,CTA_composition_plus_H&E_patch_feature_proxy,True,-7.285702909122771,7.285702909122771,True,True,False,False,True
GAACGCGGGTCACACG-1,1,48,114,8407,11264,37546.6666666667,28023.3333333333,22,20,0,2,0.9090909090909092,0.0,0.0909090909090909,Tumor,0.9090909090909092,True,,positive,negative,negative,negative,Immune cells,0.4784603407383268,0.1249926736183179,0.5215396592616732,0.2191841833686383,0.0174895442941719,0.0837059970186905,1.0,468.5824,349.7312,tumor_core,CTA_composition_plus_H&E_patch_feature_proxy,True,-7.285702909122775,7.285702909122775,True,True,False,False,True
GAACGTCTCATGGTCG-1,1,31,87,5830,8909,29696.6666666667,19433.3333333333,25,2,23,0,0.08,0.92,0.0,Immune cells,0.92,True,,negative,positive,negative,positive,Immune cells,0.5212282512266218,0.1556043636113556,0.4787717487733782,0.1691923306718809,-0.0014230622997121,0.1617627947865306,1.0,370.6144,242.528,immune_enriched,CTA_composition_plus_H&E_patch_feature_proxy,True,7.24962807321864,7.24962807321864,True,False,False,False,True
GAACTGTGGAGAGACA-1,1,68,66,11444,7082,23606.6666666667,38146.6666666667,6,2,0,4,0.3333333333333333,0.0,0.6666666666666666,Stroma,0.6666666666666666,True,,ambiguous,negative,positive,negative,Immune cells,0.5398222077381276,0.1272266189271384,0.4601777922618724,0.1968171201998804,0.0135897018087013,0.0991094293467874,1.0,294.6112,476.0704,stroma_rich,CTA_composition_plus_H&E_patch_feature_proxy,True,0.0,0.0,True,False,True,True,True
GAACTTGTGCACGGGA-1,1,18,124,3856,12133,40443.3333333333,12853.3333333333,33,18,15,0,0.5454545454545454,0.4545454545454545,0.0,Tumor,0.5454545454545454,True,,ambiguous,ambiguous,negative,ambiguous,Immune cells,0.4373472380642007,0.1305303882956794,0.5626527619357993,0.2082016185975775,0.014089403074249,0.110251117991056,1.0,504.7328,160.40959999999998,immune_enriched,CTA_composition_plus_H&E_patch_feature_proxy,True,19.311766692874045,19.311766692874045,False,False,False,False,True
GAAGAAACGATATTGT-1,1,59,29,10080,3855,12850.0,33600.0,27,27,0,0,1.0,0.0,0.0,Tumor,1.0,True,,positive,negative,negative,negative,Immune cells,0.5618488946825267,0.1413948801260462,0.4381511053174733,0.1730269947314105,0.0077127804030199,0.1079578030042426,1.0,160.368,419.328,tumor_core,CTA_composition_plus_H&E_patch_feature_proxy,True,-7.238399999999984,7.238399999999984,True,True,False,False,True
GAAGCCACTGATTATG-1,1,65,69,10988,7343,24476.6666666667,36626.6666666667,17,16,1,0,0.9411764705882352,0.0588235294117647,0.0,Tumor,0.9411764705882352,True,,positive,negative,negative,negative,Immune cells,0.4924085238897037,0.1192786212741936,0.5075914761102964,0.213318125033947,0.005855195263701,0.0802430913886022,1.0,305.4688,457.1008,tumor_core,CTA_composition_plus_H&E_patch_feature_proxy,True,-7.238400000000013,7.238400000000013,True,True,False,False,True
GAAGCCTGCACATTCC-1,1,61,61,10382,6645,22150.0,34606.6666666667,24,21,0,3,0.875,0.0,0.125,Tumor,0.875,True,,positive,negative,negative,negative,Immune cells,0.5001502724820306,0.1136782922044788,0.4998497275179693,0.2150344902503937,0.0117429797403726,0.0814547261399686,1.0,276.43199999999996,431.89119999999997,tumor_core,CTA_composition_plus_H&E_patch_feature_proxy,True,-7.285702909122747,7.285702909122747,True,True,False,False,True
GAAGCGTGAGGAATTT-1,1,34,60,6286,6555,21850.0,20953.3333333333,22,18,1,3,0.8181818181818182,0.0454545454545454,0.1363636363636363,Tumor,0.8181818181818182,True,,positive,negative,negative,negative,Immune cells,0.5257653938768491,0.1252656425780683,0.474234606123151,0.2262451795122481,0.0509803921568627,0.0779918205098803,1.0,272.688,261.4976,tumor_core,CTA_composition_plus_H&E_patch_feature_proxy,True,-7.238400000000013,7.238400000000013,True,True,False,False,True
GAAGGAGTCGAGTGCG-1,1,66,60,11141,6558,21860.0,37136.6666666667,17,1,16,0,0.0588235294117647,0.9411764705882352,0.0,Immune cells,0.9411764705882352,True,,negative,positive,negative,positive,Immune cells,0.5475132619991672,0.1069604361477754,0.4524867380008328,0.1966650372060181,0.0172179675194177,0.0750601995184038,1.0,272.8128,463.4656,immune_enriched,CTA_composition_plus_H&E_patch_feature_proxy,True,12.5797877247591,12.5797877247591,False,False,False,False,True
GAAGGCTACCATTGTT-1,1,25,119,4918,11698,38993.3333333333,16393.3333333333,31,31,0,0,1.0,0.0,0.0,Tumor,1.0,True,,positive,negative,negative,negative,Immune cells,0.4123078594318614,0.1296944567401055,0.5876921405681386,0.2510890228667645,0.0289500841888001,0.0779727095516569,1.0,486.6368,204.5888,tumor_core,CTA_composition_plus_H&E_patch_feature_proxy,True,-19.194557361918992,19.194557361918992,False,True,False,False,True
GAAGGGTCATTAAGAC-1,1,73,81,12201,8390,27966.6666666667,40670.0,16,5,10,1,0.3125,0.625,0.0625,Immune cells,0.625,True,,ambiguous,positive,negative,positive,Immune cells,0.7700613763510945,0.1135831949736944,0.2299386236489054,0.1282168268969638,0.0412362174786812,0.0347819439666705,1.0,349.024,507.5616,immune_enriched,CTA_composition_plus_H&E_patch_feature_proxy,True,7.249628073218664,7.249628073218664,True,False,False,False,True
GAAGTCAGTTGCACTA-1,1,52,58,9017,6383,21276.6666666667,30056.6666666667,9,0,2,7,0.0,0.2222222222222222,0.7777777777777778,Stroma,0.7777777777777778,True,,negative,ambiguous,positive,ambiguous,Immune cells,0.5662701645755255,0.1134025532257893,0.4337298354244745,0.1796643311064037,0.0119493780891858,0.0880288957688338,1.0,265.5328,375.1072,stroma_rich,CTA_composition_plus_H&E_patch_feature_proxy,True,0.0,0.0,True,False,True,True,True
GAAGTCTCCCTAGCGA-1,1,37,91,6740,9258,30860.0,22466.6666666667,22,18,3,1,0.8181818181818182,0.1363636363636363,0.0454545454545454,Tumor,0.8181818181818182,True,,positive,negative,negative,negative,Immune cells,0.4331251244726884,0.1271477319802839,0.5668748755273116,0.2107544402802672,0.0026071370376405,0.0929404120322593,1.0,385.1328,280.384,tumor_core,CTA_composition_plus_H&E_patch_feature_proxy,True,-33.40262408853535,33.40262408853535,False,True,False,False,True
GAAGTGATTTATCGTG-1,1,39,47,7045,5422,18073.3333333333,23483.3333333333,24,24,0,0,1.0,0.0,0.0,Tumor,1.0,True,,positive,negative,negative,negative,Immune cells,0.50310864881502,0.117998871211958,0.49689135118498,0.1919721905382651,0.0046602574547824,0.1041814776592898,1.0,225.55519999999999,293.072,tumor_core,CTA_composition_plus_H&E_patch_feature_proxy,True,-7.285702909122762,7.285702909122762,True,True,False,False,True
GAAGTTTCCACTCAAT-1,1,36,46,6590,5335,17783.3333333333,21966.6666666667,18,12,5,1,0.6666666666666666,0.2777777777777778,0.0555555555555555,Tumor,0.6666666666666666,True,,positive,ambiguous,negative,ambiguous,Immune cells,0.4968406568536925,0.1193328685932431,0.5031593431463075,0.1990875020368258,0.0015208299386236,0.1098077437602721,1.0,221.93599999999998,274.144,mixed_boundary,CTA_composition_plus_H&E_patch_feature_proxy,True,0.0,0.0,True,False,True,True,True
GAATAGACGCGACCCA-1,1,42,92,7498,9346,31153.3333333333,24993.3333333333,17,16,1,0,0.9411764705882352,0.0588235294117647,0.0,Tumor,0.9411764705882352,True,,positive,negative,negative,negative,Immune cells,0.4931689388590153,0.1277351016180266,0.5068310611409845,0.2006300581174298,0.0056053446309271,0.0947483086801972,1.0,388.79359999999997,311.91679999999997,tumor_core,CTA_composition_plus_H&E_patch_feature_proxy,True,-37.76585839299831,37.76585839299831,False,True,False,False,True
GAATAGCATTTAGGGT-1,1,46,118,8103,11613,38710.0,27010.0,25,25,0,0,1.0,0.0,0.0,Tumor,1.0,True,,positive,negative,negative,negative,Immune cells,0.4209367588217189,0.1315363054897973,0.5790632411782811,0.2301232958557384,0.0088316767150073,0.0770706723235102,1.0,483.1008,337.0848,tumor_core,CTA_composition_plus_H&E_patch_feature_proxy,True,-19.19455736191904,19.19455736191904,False,True,False,False,True
GAATAGTGCTCGATTA-1,1,60,36,10232,4465,14883.3333333333,34106.6666666667,19,11,0,8,0.5789473684210527,0.0,0.4210526315789473,Tumor,0.5789473684210527,True,,ambiguous,negative,ambiguous,negative,Immune cells,0.5235203592055474,0.1199363705148762,0.4764796407944525,0.198522622345337,0.0086144152952039,0.1055498222680885,1.0,185.744,425.65119999999996,stroma_rich,CTA_composition_plus_H&E_patch_feature_proxy,True,0.0,0.0,True,False,True,True,True
GAATCTGAACATTCTC-1,1,42,64,7500,6905,23016.6666666667,25000.0,26,26,0,0,1.0,0.0,0.0,Tumor,1.0,True,,positive,negative,negative,negative,Immune cells,0.4516647656292433,0.1249842706891148,0.5483352343707566,0.2152300255282168,0.0089294443539188,0.1056644880174292,1.0,287.248,312.0,tumor_core,CTA_composition_plus_H&E_patch_feature_proxy,True,-26.268184863061993,26.268184863061993,False,True,False,False,True
GAATGCGAATCGGTTC-1,1,63,69,10685,7343,24476.6666666667,35616.6666666667,25,25,0,0,1.0,0.0,0.0,Tumor,1.0,True,,positive,negative,negative,negative,Immune cells,0.5018376695091703,0.1198403233330655,0.4981623304908297,0.2142632122100917,0.0095486394003584,0.0851125635439361,1.0,305.4688,444.496,tumor_core,CTA_composition_plus_H&E_patch_feature_proxy,True,-12.60486864667777,12.60486864667777,False,True,False,False,True
GAATGTGGTCCGGATT-1,1,43,81,7650,8387,27956.6666666667,25500.0,25,19,0,6,0.76,0.0,0.24,Tumor,0.76,True,,positive,negative,ambiguous,negative,Immune cells,0.4704940886788695,0.1189951296105552,0.5295059113211306,0.2097007223942208,0.0067894193688555,0.098757787715476,1.0,348.8992,318.24,tumor_core,CTA_composition_plus_H&E_patch_feature_proxy,True,-14.571405818245495,14.571405818245495,False,True,False,False,True
GAATTATAGTGAAAGG-1,1,34,68,6286,7253,24176.6666666667,20953.3333333333,20,20,0,0,1.0,0.0,0.0,Tumor,1.0,True,,positive,negative,negative,negative,Immune cells,0.5675918382126628,0.1792879259049312,0.4324081617873372,0.2039976101243821,0.0549128238553038,0.1357604250277108,1.0,301.72479999999996,261.4976,tumor_core,CTA_composition_plus_H&E_patch_feature_proxy,True,-7.249628073218693,7.249628073218693,True,True,False,False,True
GAATTCACCCGGGTGT-1,1,47,55,8259,6121,20403.3333333333,27530.0,25,25,0,0,1.0,0.0,0.0,Tumor,1.0,True,,positive,negative,negative,negative,Immune cells,0.4756250792098925,0.114921098480577,0.5243749207901074,0.2193471294334908,0.0146868719787083,0.0918243320720101,1.0,254.6336,343.57439999999997,tumor_core,CTA_composition_plus_H&E_patch_feature_proxy,True,-19.270905340434833,19.270905340434833,False,True,False,False,True
GACAAACATATGCAGG-1,1,44,100,7801,10043,33476.6666666667,26003.3333333333,17,17,0,0,1.0,0.0,0.0,Tumor,1.0,True,,positive,negative,negative,negative,Immune cells,0.4170115691706045,0.1291324969865594,0.5829884308293954,0.2327847482483298,0.0150996686763348,0.0942820012995451,1.0,417.7888,324.5216,tumor_core,CTA_composition_plus_H&E_patch_feature_proxy,True,-19.2082115773437,19.2082115773437,False,True,False,False,True
GACAAGAGATGAGATT-1,1,56,116,9621,11440,38133.3333333333,32070.0,15,15,0,0,1.0,0.0,0.0,Tumor,1.0,True,,positive,negative,negative,negative,Immune cells,0.5311172668513389,0.1153677635237255,0.4688827331486612,0.2078322741839118,0.0218999511161805,0.0900355463822956,1.0,475.904,400.23359999999997,tumor_core,CTA_composition_plus_H&E_patch_feature_proxy,True,-7.23851953924277,7.23851953924277,True,True,False,False,True
GACACTGAGTTCAGTG-1,1,44,46,7804,5336,17786.6666666667,26013.3333333333,25,23,0,2,0.92,0.0,0.08,Tumor,0.92,True,,positive,negative,negative,negative,Immune cells,0.4558542900077852,0.115726306410747,0.5441457099922148,0.2124708054967138,0.0086035522242137,0.0818484118793716,1.0,221.9776,324.64639999999997,tumor_core,CTA_composition_plus_H&E_patch_feature_proxy,True,-12.564646274368396,12.564646274368396,False,True,False,False,True
GACACTGGAACCCGAT-1,1,52,110,9014,10916,36386.6666666667,30046.6666666667,17,9,3,5,0.5294117647058824,0.1764705882352941,0.2941176470588235,Tumor,0.5294117647058824,True,,ambiguous,negative,ambiguous,negative,Immune cells,0.5166295511741169,0.1230721636642879,0.4833704488258832,0.2092987887675846,0.017044158383575,0.0823070748767343,1.0,454.1056,374.9824,mixed_boundary,CTA_composition_plus_H&E_patch_feature_proxy,True,0.0,0.0,True,False,True,True,True
GACACTTCCAATTACC-1,1,70,96,11745,9697,32323.3333333333,39150.0,10,8,1,1,0.8,0.1,0.1,Tumor,0.8,True,,positive,negative,negative,negative,Immune cells,0.7126428041207249,0.1543389777911634,0.287357195879275,0.1164303948726304,0.0193688555754711,0.1045942743569162,1.0,403.3952,488.592,tumor_core,CTA_composition_plus_H&E_patch_feature_proxy,True,-12.564646274368396,12.564646274368396,False,True,False,False,True
GACAGCCAGACCTGAC-1,1,42,86,7498,8823,29410.0,24993.3333333333,12,11,0,1,0.9166666666666666,0.0,0.0833333333333333,Tumor,0.9166666666666666,True,,positive,negative,negative,negative,Immune cells,0.4707656654536237,0.1225413483310875,0.5292343345463763,0.2090815273477811,0.005214274075281,0.1112410656270305,1.0,367.03679999999997,311.91679999999997,tumor_core,CTA_composition_plus_H&E_patch_feature_proxy,True,-21.877803472926633,21.877803472926633,False,True,False,False,True
GACATCCGTCGAACTG-1,1,65,71,10988,7517,25056.6666666667,36626.6666666667,17,11,5,1,0.6470588235294118,0.2941176470588235,0.0588235294117647,Tumor,0.6470588235294118,True,,positive,ambiguous,negative,ambiguous,Immune cells,0.4761102963807869,0.1220959551362466,0.5238897036192132,0.2200966813318125,0.0070284069306392,0.0815082368229943,1.0,312.7072,457.1008,mixed_boundary,CTA_composition_plus_H&E_patch_feature_proxy,True,0.0,0.0,True,False,True,True,True
GACATCGATTTATAAC-1,1,52,50,9017,5685,18950.0,30056.6666666667,33,32,1,0,0.9696969696969696,0.0303030303030303,0.0,Tumor,0.9696969696969696,True,,positive,negative,negative,negative,Immune cells,0.4585229844477034,0.1185139150520791,0.5414770155522967,0.2140242246483081,0.0039650209114116,0.0982953025264686,1.0,236.49599999999998,375.1072,tumor_core,CTA_composition_plus_H&E_patch_feature_proxy,True,-19.208211577343672,19.208211577343672,False,True,False,False,True
GACCAAACGTTGACTG-1,1,58,108,9924,10742,35806.6666666667,33080.0,27,27,0,0,1.0,0.0,0.0,Tumor,1.0,True,,positive,negative,negative,negative,Immune cells,0.5261130121485343,0.1210462930239409,0.4738869878514657,0.2194774862853728,0.0238661669654011,0.0854680273668921,1.0,446.86719999999997,412.8384,tumor_core,CTA_composition_plus_H&E_patch_feature_proxy,True,-7.249628073218644,7.249628073218644,True,True,False,False,True
GACCACACTTCCCTTT-1,1,70,80,11746,8302,27673.3333333333,39153.3333333333,18,7,4,7,0.3888888888888889,0.2222222222222222,0.3888888888888889,Tumor,0.3888888888888889,True,,ambiguous,ambiguous,ambiguous,ambiguous,Immune cells,0.5243604366954538,0.1300612125024529,0.4756395633045461,0.2027483569605127,0.0163163326272337,0.1103275618239498,1.0,345.3632,488.6336,stroma_rich,CTA_composition_plus_H&E_patch_feature_proxy,True,0.0,0.0,True,False,True,True,True
GACCAGAGCCCTGTAG-1,1,31,47,5832,5422,18073.3333333333,19440.0,16,0,15,1,0.0,0.9375,0.0625,Immune cells,0.9375,True,,negative,positive,negative,positive,Immune cells,0.6477431970017924,0.1517012426702929,0.3522568029982075,0.1284666775297376,0.0083319754494595,0.1114168864426862,1.0,225.55519999999999,242.6112,immune_enriched,CTA_composition_plus_H&E_patch_feature_proxy,True,7.306457067553315,7.306457067553315,True,False,False,False,True
GACCGACGTGAAAGCA-1,1,38,112,6890,11089,36963.3333333333,22966.6666666667,16,16,0,0,1.0,0.0,0.0,Tumor,1.0,True,,positive,negative,negative,negative,Immune cells,0.3880216537215071,0.1285010430595214,0.6119783462784928,0.2497420020639834,0.0232469719189614,0.087841608378244,1.0,461.3024,286.62399999999997,tumor_core,CTA_composition_plus_H&E_patch_feature_proxy,True,-40.50782777883801,40.50782777883801,False,True,False,False,True
GACCGCGTCTGACGTG-1,1,50,112,8711,11090,36966.6666666667,29036.6666666667,27,27,0,0,1.0,0.0,0.0,Tumor,1.0,True,,positive,negative,negative,negative,Immune cells,0.490145384100085,0.1302356582214386,0.5098546158999149,0.2125577100646352,0.0148172288305904,0.090448343079922,1.0,461.344,362.3776,tumor_core,CTA_composition_plus_H&E_patch_feature_proxy,True,-7.249628073218693,7.249628073218693,True,True,False,False,True
GACCGTGCTGACGGTG-1,1,40,52,7197,5858,19526.6666666667,23990.0,21,0,20,1,0.0,0.9523809523809524,0.0476190476190476,Immune cells,0.9523809523809524,True,,negative,positive,negative,positive,Immune cells,0.5532779316712835,0.1006731097631895,0.4467220683287164,0.1683993264895986,-0.001097170170007,0.0843175476818407,1.0,243.69279999999998,299.3952,immune_enriched,CTA_composition_plus_H&E_patch_feature_proxy,True,14.518399999999986,14.518399999999986,False,False,False,False,True
GACCTTCCACGTCTAC-1,1,66,74,11140,7779,25930.0,37133.3333333333,28,28,0,0,1.0,0.0,0.0,Tumor,1.0,True,,positive,negative,negative,negative,Immune cells,0.5024025492006591,0.1248121526445642,0.497597450799341,0.2179132040627885,0.0180326978436804,0.0814317929901005,1.0,323.6064,463.424,tumor_core,CTA_composition_plus_H&E_patch_feature_proxy,True,-12.543762446730252,12.543762446730252,False,True,False,False,True
GACGACGATCCGCGTT-1,1,52,70,9016,7429,24763.3333333333,30053.3333333333,29,28,1,0,0.9655172413793104,0.0344827586206896,0.0,Tumor,0.9655172413793104,True,,positive,negative,negative,negative,Immune cells,0.4804591458005178,0.1158818705340239,0.5195408541994823,0.2079843571777741,-0.0003367552006952,0.095340748385124,1.0,309.0464,375.06559999999996,tumor_core,CTA_composition_plus_H&E_patch_feature_proxy,True,-21.75683977051814,21.75683977051814,False,True,False,False,True
GACGAGGCTAATAAAC-1,1,56,100,9621,10045,33483.3333333333,32070.0,13,7,5,1,0.5384615384615384,0.3846153846153846,0.0769230769230769,Tumor,0.5384615384615384,True,,ambiguous,ambiguous,negative,ambiguous,Immune cells,0.4774645592308945,0.1313753822787605,0.5225354407691054,0.213698332518603,0.0092879256965944,0.1018881626724763,1.0,417.87199999999996,400.23359999999997,immune_enriched,CTA_composition_plus_H&E_patch_feature_proxy,True,14.571405818245571,14.571405818245571,False,False,False,False,True
GACGCCGTAAAGGCTA-1,1,54,54,9321,6034,20113.3333333333,31070.0,28,28,0,0,1.0,0.0,0.0,Tumor,1.0,True,,positive,negative,negative,negative,Immune cells,0.4851194032553003,0.125017045537022,0.5148805967446997,0.2123621747868122,0.0139047308674162,0.0932538317471237,1.0,251.0144,387.7536,tumor_core,CTA_composition_plus_H&E_patch_feature_proxy,True,-7.238519539242798,7.238519539242798,True,True,False,False,True
GACGCTTGCTTCTAAA-1,1,38,36,6894,4463,14876.6666666667,22980.0,24,24,0,0,1.0,0.0,0.0,Tumor,1.0,True,,positive,negative,negative,negative,Immune cells,0.4810892039179475,0.1462132144704958,0.5189107960820524,0.1982510455705828,0.0090815273477812,0.1079042923212169,1.0,185.6608,286.7904,tumor_core,CTA_composition_plus_H&E_patch_feature_proxy,True,-19.253970279399528,19.253970279399528,False,True,False,False,True
GACGGGTTGGCCCGTA-1,1,61,51,10383,5773,19243.3333333333,34610.0,34,34,0,0,1.0,0.0,0.0,Tumor,1.0,True,,positive,negative,negative,negative,Immune cells,0.4938098600474354,0.1196514998902262,0.5061901399525646,0.2100917929498669,0.0116126228884905,0.0869472155333868,1.0,240.15679999999998,431.9328,tumor_core,CTA_composition_plus_H&E_patch_feature_proxy,True,-19.270905340434833,19.270905340434833,False,True,False,False,True
GACGGTCAATAGAAGC-1,1,30,100,5677,10042,33473.3333333333,18923.3333333333,30,27,3,0,0.9,0.1,0.0,Tumor,0.9,True,,positive,negative,negative,negative,Immune cells,0.4276899679539406,0.1272627279484615,0.5723100320460593,0.2305578186953451,0.014534788984846,0.1068646561938615,1.0,417.74719999999996,236.1632,tumor_core,CTA_composition_plus_H&E_patch_feature_proxy,True,-45.31406865334429,45.31406865334429,False,True,False,False,True
GACGGTCCTAGGGTGT-1,1,43,125,7648,12223,40743.3333333333,25493.3333333333,28,28,0,0,1.0,0.0,0.0,Tumor,1.0,True,,positive,negative,negative,negative,Immune cells,0.4174135027972407,0.1379025669768516,0.5825864972027592,0.2321546901309,0.0244093205149095,0.0862248213125406,1.0,508.47679999999997,318.1568,tumor_core,CTA_composition_plus_H&E_patch_feature_proxy,True,-14.518399999999986,14.518399999999986,False,True,False,False,True
GACGTTCGTAAATACA-1,1,24,116,4766,11437,38123.3333333333,15886.6666666667,25,25,0,0,1.0,0.0,0.0,Tumor,1.0,True,,positive,negative,negative,negative,Immune cells,0.4047181938333967,0.1315590107089854,0.5952818061666033,0.2494486991472489,0.0330237358101135,0.0908267400527462,1.0,475.7792,198.26559999999998,tumor_core,CTA_composition_plus_H&E_patch_feature_proxy,True,-21.841743168529383,21.841743168529383,False,True,False,False,True
GACTAGGCCGTTAGGT-1,1,66,78,11140,8128,27093.3333333333,37133.3333333333,20,18,1,1,0.9,0.05,0.05,Tumor,0.9,True,,positive,negative,negative,negative,Immune cells,0.482700559448156,0.1274986987963103,0.5172994405518441,0.2314594535875292,0.02250828309163,0.0789282574628291,1.0,338.1248,463.424,tumor_core,CTA_composition_plus_H&E_patch_feature_proxy,True,-7.27048521076828,7.27048521076828,True,True,False,False,True
GACTCACCCACGTGAG-1,1,38,106,6891,10566,35220.0,22970.0,29,29,0,0,1.0,0.0,0.0,Tumor,1.0,True,,positive,negative,negative,negative,Immune cells,0.4037984538228957,0.1256417876481834,0.5962015461771042,0.2421921677258161,0.0178914779208082,0.0900011466574934,1.0,439.5456,286.6656,tumor_core,CTA_composition_plus_H&E_patch_feature_proxy,True,-31.73981859557487,31.73981859557487,False,True,False,False,True
GACTCCCAGAATAAGG-1,1,27,111,5222,11001,36670.0,17406.6666666667,28,20,7,1,0.7142857142857143,0.25,0.0357142857142857,Tumor,0.7142857142857143,True,,positive,ambiguous,negative,ambiguous,Immune cells,0.4297286042764289,0.1379629350551769,0.570271395723571,0.2347726902395307,0.0230948889250991,0.1024500248442456,1.0,457.6416,217.2352,tumor_core,CTA_composition_plus_H&E_patch_feature_proxy,True,-38.58267124396652,38.58267124396652,False,True,False,False,True
GACTCTAGAGTTCCAA-1,1,74,56,12354,6210,20700.0,41180.0,19,14,4,1,0.7368421052631579,0.2105263157894736,0.0526315789473684,Tumor,0.7368421052631579,True,,positive,ambiguous,negative,ambiguous,Immune cells,0.7385476074086146,0.1416425777538884,0.2614523925913855,0.1398403128564445,0.0440063005811743,0.0521729159500057,1.0,258.336,513.9264,tumor_core,CTA_composition_plus_H&E_patch_feature_proxy,True,-7.249628073218616,7.249628073218616,True,True,False,False,True
GACTGCAAATCGAGCT-1,1,59,75,10078,7865,26216.6666666667,33593.3333333333,26,26,0,0,1.0,0.0,0.0,Tumor,1.0,True,,positive,negative,negative,negative,Immune cells,0.5035395506309633,0.119156186152543,0.4964604493690366,0.2204660257454782,0.0179783824887295,0.0808049535603715,1.0,327.18399999999997,419.2448,tumor_core,CTA_composition_plus_H&E_patch_feature_proxy,True,-14.518400000000042,14.518400000000042,False,True,False,False,True
GACTGCACCAGCCCAG-1,1,46,80,8106,8300,27666.6666666667,27020.0,20,20,0,0,1.0,0.0,0.0,Tumor,1.0,True,,positive,negative,negative,negative,Immune cells,0.4803287889486358,0.125283994222771,0.5196712110513642,0.214469610558905,0.0142523491391016,0.1021442495126705,1.0,345.28,337.20959999999997,tumor_core,CTA_composition_plus_H&E_patch_feature_proxy,True,-7.238400000000013,7.238400000000013,True,True,False,False,True
GACTGCTGGTGAGAAA-1,1,67,39,11293,4728,15760.0,37643.3333333333,20,0,16,4,0.0,0.8,0.2,Immune cells,0.8,True,,negative,positive,negative,positive,Immune cells,0.485358390817084,0.1244528928911717,0.514641609182916,0.2013252946608006,0.001162348595948,0.0999923556167106,1.0,196.6848,469.7888,immune_enriched,CTA_composition_plus_H&E_patch_feature_proxy,True,7.27048521076828,7.27048521076828,True,False,False,False,True
GAGAACGGTTCTGACT-1,1,67,103,11290,10307,34356.6666666667,37633.3333333333,18,2,8,8,0.1111111111111111,0.4444444444444444,0.4444444444444444,Immune cells,0.4444444444444444,True,,negative,ambiguous,ambiguous,ambiguous,Immune cells,0.7050205493092897,0.1396847594019327,0.2949794506907102,0.1525718320569224,0.0404649394383792,0.0853304284676833,1.0,428.77119999999996,469.664,immune_enriched,CTA_composition_plus_H&E_patch_feature_proxy,True,12.564646274368396,12.564646274368396,False,False,False,False,True
GAGACTTCGCGACCGA-1,1,53,57,9169,6295,20983.3333333333,30563.3333333333,4,0,0,4,0.0,0.0,1.0,Stroma,1.0,True,,negative,negative,positive,negative,Immune cells,0.555979215324172,0.1151358137586671,0.4440207846758279,0.1838031611536581,0.0124708054967139,0.082039521461606,1.0,261.872,381.43039999999996,unmapped_or_excluded,CTA_composition_plus_H&E_patch_feature_proxy,True,7.249628073218693,7.249628073218693,True,False,False,False,True
GAGAGGGCGCGAGGTT-1,1,38,40,6894,4812,16040.0,22980.0,22,22,0,0,1.0,0.0,0.0,Tumor,1.0,True,,positive,negative,negative,negative,Immune cells,0.4774500751362409,0.125153622489285,0.522549924863759,0.2130248221172125,0.0161207973494106,0.1103084508657264,1.0,200.17919999999998,286.7904,tumor_core,CTA_composition_plus_H&E_patch_feature_proxy,True,-7.238400000000013,7.238400000000013,True,True,False,False,True
GAGAGTCTCGGGAGAG-1,1,72,40,12052,4815,16050.0,40173.3333333333,31,27,3,1,0.8709677419354839,0.0967741935483871,0.032258064516129,Tumor,0.8709677419354839,True,,positive,negative,negative,negative,Immune cells,0.8156066119892093,0.0456794493173275,0.1843933880107905,0.107783390364456,0.0416816033892781,0.0075946947979971,1.0,200.304,501.36319999999995,tumor_core,CTA_composition_plus_H&E_patch_feature_proxy,True,-7.285702909122747,7.285702909122747,True,True,False,False,True
GAGATCTGCTTGGCAT-1,1,34,44,6287,5160,17200.0,20956.6666666667,26,26,0,0,1.0,0.0,0.0,Tumor,1.0,True,,positive,negative,negative,negative,Immune cells,0.4888309525102747,0.1108781050721402,0.5111690474897254,0.1981315517896909,0.0024550540437781,0.0881091617933723,1.0,214.65599999999998,261.5392,tumor_core,CTA_composition_plus_H&E_patch_feature_proxy,True,-14.535316219470442,14.535316219470442,False,True,False,False,True
GAGATCTTCCATGACA-1,1,45,77,7954,8038,26793.3333333333,26513.3333333333,20,20,0,0,1.0,0.0,0.0,Tumor,1.0,True,,positive,negative,negative,negative,Immune cells,0.4720837180670975,0.1297227170420124,0.5279162819329024,0.2219434034001412,0.0198033784150779,0.1118602606734701,1.0,334.38079999999997,330.8864,tumor_core,CTA_composition_plus_H&E_patch_feature_proxy,True,-7.306457067553315,7.306457067553315,True,True,False,False,True
GAGATGACAATCCTTA-1,1,27,121,5221,11873,39576.6666666667,17403.3333333333,26,26,0,0,1.0,0.0,0.0,Tumor,1.0,True,,positive,negative,negative,negative,Immune cells,0.4452700378396972,0.1292943939717616,0.5547299621603027,0.237173428928358,0.0244201835858997,0.0816037916141115,1.0,493.91679999999997,217.1936,tumor_core,CTA_composition_plus_H&E_patch_feature_proxy,True,-12.56464627436841,12.56464627436841,False,True,False,False,True
GAGATGGCTTTAATCA-1,1,70,76,11746,7954,26513.3333333333,39153.3333333333,29,29,0,0,1.0,0.0,0.0,Tumor,1.0,True,,positive,negative,negative,negative,Immune cells,0.5720493183422953,0.1302949916288648,0.4279506816577046,0.2062354027483569,0.0332192710879365,0.1067385238695868,1.0,330.8864,488.6336,tumor_core,CTA_composition_plus_H&E_patch_feature_proxy,True,-7.238400000000013,7.238400000000013,True,True,False,False,True
GAGATGGGAGTCGACA-1,1,52,72,9016,7603,25343.3333333333,30053.3333333333,24,4,17,3,0.1666666666666666,0.7083333333333334,0.125,Immune cells,0.7083333333333334,True,,negative,positive,negative,positive,Immune cells,0.4734778121775025,0.1188012114130634,0.5265221878224974,0.2123404486448319,0.0005866058334691,0.088235294117647,1.0,316.28479999999996,375.06559999999996,immune_enriched,CTA_composition_plus_H&E_patch_feature_proxy,True,26.21661572667225,26.21661572667225,False,False,False,False,True
GAGCACCTGTGTCCAG-1,1,58,80,9926,8301,27670.0,33086.6666666667,30,30,0,0,1.0,0.0,0.0,Tumor,1.0,True,,positive,negative,negative,negative,Immune cells,0.4907971683594952,0.118353605068741,0.5092028316405047,0.2207810548041931,0.0125142577806745,0.0933761418797538,1.0,345.3216,412.92159999999996,tumor_core,CTA_composition_plus_H&E_patch_feature_proxy,True,-7.285702909122747,7.285702909122747,True,True,False,False,True
GAGCACGGCGCCTCTT-1,1,42,122,7496,11961,39870.0,24986.6666666667,29,29,0,0,1.0,0.0,0.0,Tumor,1.0,True,,positive,negative,negative,negative,Immune cells,0.4221135915123205,0.1382132399720164,0.5778864084876794,0.2406496116452121,0.0199554614089403,0.0799334938653824,1.0,497.57759999999996,311.8336,tumor_core,CTA_composition_plus_H&E_patch_feature_proxy,True,-7.285702909122747,7.285702909122747,True,True,False,False,True
GAGCATCAACAACTTG-1,1,64,30,10839,3943,13143.3333333333,36130.0,29,11,17,1,0.3793103448275862,0.5862068965517241,0.0344827586206896,Immune cells,0.5862068965517241,True,,ambiguous,ambiguous,negative,ambiguous,Immune cells,0.5045643003277027,0.1249136754605039,0.4954356996722974,0.2007821411112921,0.0102873282276899,0.1066659022283377,1.0,164.0288,450.9024,immune_enriched,CTA_composition_plus_H&E_patch_feature_proxy,True,7.238400000000013,7.238400000000013,True,False,False,False,True
GAGCCAGCTACCTGTG-1,1,53,89,9167,9085,30283.3333333333,30556.6666666667,16,16,0,0,1.0,0.0,0.0,Tumor,1.0,True,,positive,negative,negative,negative,Immune cells,0.4607426719533612,0.1278795393484943,0.5392573280466387,0.2233773287708435,0.0148498180435609,0.096361273554256,1.0,377.936,381.3472,tumor_core,CTA_composition_plus_H&E_patch_feature_proxy,True,-19.270905340434833,19.270905340434833,False,True,False,False,True
GAGCGCAAATACTCCG-1,1,51,107,8863,10654,35513.3333333333,29543.3333333333,36,35,1,0,0.9722222222222222,0.0277777777777777,0.0,Tumor,0.9722222222222222,True,,positive,negative,negative,negative,Immune cells,0.5126283200260714,0.1265279804883303,0.4873716799739286,0.2041388300472543,0.0096246808972896,0.0802392691969575,1.0,443.2064,368.70079999999996,tumor_core,CTA_composition_plus_H&E_patch_feature_proxy,True,-12.57978772475913,12.57978772475913,False,True,False,False,True
GAGCGCGCACGAGTAG-1,1,49,93,8560,9434,31446.6666666667,28533.3333333333,21,17,2,2,0.8095238095238095,0.0952380952380952,0.0952380952380952,Tumor,0.8095238095238095,True,,positive,negative,negative,negative,Immune cells,0.4602900439954375,0.1245066024510672,0.5397099560045624,0.2165661832600076,0.0078540003258921,0.097909261170355,1.0,392.45439999999996,356.096,tumor_core,CTA_composition_plus_H&E_patch_feature_proxy,True,-19.208211577343647,19.208211577343647,False,True,False,False,True
GAGCGGAATGCGGTGT-1,1,68,48,11445,5512,18373.3333333333,38150.0,29,29,0,0,1.0,0.0,0.0,Tumor,1.0,True,,positive,negative,negative,negative,Immune cells,0.4873173646189778,0.1205771200198174,0.5126826353810222,0.2129379175492912,0.0112432784748248,0.0932079654473875,1.0,229.29919999999998,476.11199999999997,tumor_core,CTA_composition_plus_H&E_patch_feature_proxy,True,-19.194557361919028,19.194557361919028,False,True,False,False,True
GAGCTCAACATGAGCG-1,1,73,69,12202,7344,24480.0,40673.3333333333,15,1,13,1,0.0666666666666666,0.8666666666666667,0.0666666666666666,Immune cells,0.8666666666666667,True,,negative,positive,negative,positive,Immune cells,0.6855611681422339,0.1320859756416857,0.3144388318577661,0.1392211178100048,0.0269404160556189,0.1026640675763483,1.0,305.5104,507.60319999999996,immune_enriched,CTA_composition_plus_H&E_patch_feature_proxy,True,12.564646274368396,12.564646274368396,False,False,False,False,True
GAGGAATATCTCTTTG-1,1,71,45,11900,5251,17503.3333333333,39666.6666666667,17,1,16,0,0.0588235294117647,0.9411764705882352,0.0,Immune cells,0.9411764705882352,True,,negative,positive,negative,positive,Immune cells,0.6568754186808612,0.174475379998491,0.3431245813191388,0.140774536961599,0.0140676769322687,0.0739250085999312,1.0,218.4416,495.03999999999996,immune_enriched,CTA_composition_plus_H&E_patch_feature_proxy,True,7.285702909122762,7.285702909122762,True,False,False,False,True
GAGGATAAACAGTGCT-1,1,40,114,7194,11264,37546.6666666667,23980.0,29,29,0,0,1.0,0.0,0.0,Tumor,1.0,True,,positive,negative,negative,negative,Immune cells,0.4025564427063531,0.1285589337617319,0.5974435572936468,0.2481016783444679,0.0254630384009559,0.0852272292932767,1.0,468.5824,299.2704,tumor_core,CTA_composition_plus_H&E_patch_feature_proxy,True,-31.632854454822727,31.632854454822727,False,True,False,False,True
GAGGCCTGTTGATACA-1,1,63,107,10683,10656,35520.0,35610.0,18,13,2,3,0.7222222222222222,0.1111111111111111,0.1666666666666666,Tumor,0.7222222222222222,True,,positive,negative,negative,negative,Immune cells,0.5606322307316279,0.1175856284854046,0.4393677692683722,0.1817717668784965,0.0113410461137363,0.1068379008523487,1.0,443.2896,444.4128,tumor_core,CTA_composition_plus_H&E_patch_feature_proxy,True,-7.28000000000003,7.28000000000003,True,True,False,False,True
GAGGGAGTCAGATCGC-1,1,65,41,10990,4902,16340.0,36633.3333333333,24,13,7,4,0.5416666666666666,0.2916666666666667,0.1666666666666666,Tumor,0.5416666666666666,True,,ambiguous,ambiguous,negative,ambiguous,Immune cells,0.5387141744971304,0.1150779565345513,0.4612858255028696,0.1866601488240725,0.0092336103416435,0.0938692046019187,1.0,203.92319999999998,457.18399999999997,mixed_boundary,CTA_composition_plus_H&E_patch_feature_proxy,True,0.0,0.0,True,False,True,True,True
GAGGGCCATAATATTA-1,1,20,122,4159,11959,39863.3333333333,13863.3333333333,26,26,0,0,1.0,0.0,0.0,Tumor,1.0,True,,positive,negative,negative,negative,Immune cells,0.4409356725146198,0.1260862869564902,0.55906432748538,0.2208896855140948,0.013959046222367,0.0998203569926996,1.0,497.4944,173.0144,tumor_core,CTA_composition_plus_H&E_patch_feature_proxy,True,-19.226672140544757,19.226672140544757,False,True,False,False,True
GAGGGTAGTAACAAAG-1,1,63,31,10687,4030,13433.3333333333,35623.3333333333,21,20,0,1,0.9523809523809524,0.0,0.0476190476190476,Tumor,0.9523809523809524,True,,positive,negative,negative,negative,Immune cells,0.4798182246120979,0.1280361760749436,0.5201817753879022,0.1990657758948454,-0.0020857096301124,0.1074494515154989,1.0,167.648,444.57919999999996,tumor_core,CTA_composition_plus_H&E_patch_feature_proxy,True,-7.285702909122762,7.285702909122762,True,True,False,False,True
GAGGTACGCGTGTCCC-1,1,67,67,11292,7169,23896.6666666667,37640.0,23,20,0,3,0.8695652173913043,0.0,0.1304347826086956,Tumor,0.8695652173913043,True,,positive,negative,negative,negative,Immune cells,0.521666395089892,0.1217787762956297,0.4783336049101081,0.2069523654337081,0.013763510944544,0.0881015174100829,1.0,298.2304,469.74719999999996,tumor_core,CTA_composition_plus_H&E_patch_feature_proxy,True,-7.279999999999973,7.279999999999973,True,True,False,False,True
GAGTAAACCGGAAAGT-1,1,51,117,8862,11526,38420.0,29540.0,22,22,0,0,1.0,0.0,0.0,Tumor,1.0,True,,positive,negative,negative,negative,Immune cells,0.4837977296181631,0.121169367197207,0.516202270381837,0.2070609961436098,0.0048123404486448,0.0829797806061996,1.0,479.48159999999996,368.6592,tumor_core,CTA_composition_plus_H&E_patch_feature_proxy,True,-7.306457067553315,7.306457067553315,True,True,False,False,True
GAGTAGATACTAGTTG-1,1,62,64,10534,6907,23023.3333333333,35113.3333333333,19,18,0,1,0.9473684210526316,0.0,0.0526315789473684,Tumor,0.9473684210526316,True,,positive,negative,negative,negative,Immune cells,0.4869407781579852,0.118935290519253,0.5130592218420148,0.2285590136331541,0.0176416272880343,0.0854947827084049,1.0,287.33119999999997,438.21439999999996,tumor_core,CTA_composition_plus_H&E_patch_feature_proxy,True,-14.518399999999986,14.518399999999986,False,True,False,False,True
GAGTATACCCTAATCA-1,1,70,30,11749,3943,13143.3333333333,39163.3333333333,4,0,3,1,0.0,0.75,0.25,Immune cells,0.75,True,,negative,positive,ambiguous,positive,Immune cells,0.833762424637445,0.0326222115507168,0.1662375753625549,0.0746836130574113,0.0221715278909347,0.0067194129113633,1.0,164.0288,488.7584,unmapped_or_excluded,CTA_composition_plus_H&E_patch_feature_proxy,True,7.2857029091228105,7.2857029091228105,True,False,False,False,True
GAGTATCAAAGTTACA-1,1,57,121,9772,11876,39586.6666666667,32573.3333333333,13,1,7,5,0.0769230769230769,0.5384615384615384,0.3846153846153846,Immune cells,0.5384615384615384,True,,negative,ambiguous,ambiguous,ambiguous,Immune cells,0.6491083229228903,0.1402276010009759,0.3508916770771097,0.1361468687197871,0.0161316604204008,0.1466613155983641,1.0,494.04159999999996,406.5152,immune_enriched,CTA_composition_plus_H&E_patch_feature_proxy,True,12.564646274368396,12.564646274368396,False,False,False,False,True
GAGTATGCCCGCCTTG-1,1,49,43,8563,5075,16916.6666666667,28543.3333333333,20,16,1,3,0.8,0.05,0.15,Tumor,0.8,True,,positive,negative,negative,negative,Immune cells,0.4939474589466442,0.1147319243240923,0.5060525410533557,0.1978925642279072,0.0010428548150562,0.0980812597943661,1.0,211.11999999999998,356.2208,tumor_core,CTA_composition_plus_H&E_patch_feature_proxy,True,-7.285702909122762,7.285702909122762,True,True,False,False,True
GAGTATGCGCGTGCAT-1,1,63,71,10685,7517,25056.6666666667,35616.6666666667,24,23,1,0,0.9583333333333334,0.0416666666666666,0.0,Tumor,0.9583333333333334,True,,positive,negative,negative,negative,Immune cells,0.4979523111183531,0.1218691786552178,0.5020476888816467,0.2179349302047689,0.0107544402802672,0.0846691893131521,1.0,312.7072,444.496,tumor_core,CTA_composition_plus_H&E_patch_feature_proxy,True,-12.604800000000012,12.604800000000012,False,True,False,False,True
GAGTCAGACCAGAATC-1,1,56,48,9624,5511,18370.0,32080.0,18,17,0,1,0.9444444444444444,0.0,0.0555555555555555,Tumor,0.9444444444444444,True,,positive,negative,negative,negative,Immune cells,0.4979921423786503,0.119192550211725,0.5020078576213496,0.2141545815001901,0.0166639508989191,0.0959370102816955,1.0,229.2576,400.35839999999996,tumor_core,CTA_composition_plus_H&E_patch_feature_proxy,True,-7.24962807321863,7.24962807321863,True,True,False,False,True
GAGTCCGCTTACCGGA-1,1,46,58,8107,6382,21273.3333333333,27023.3333333333,23,23,0,0,1.0,0.0,0.0,Tumor,1.0,True,,positive,negative,negative,negative,Immune cells,0.4810385095866601,0.1146275636458239,0.5189614904133397,0.2065069795231111,0.0031502905871489,0.0991094293467874,1.0,265.4912,337.2512,tumor_core,CTA_composition_plus_H&E_patch_feature_proxy,True,-14.518399999999986,14.518399999999986,False,True,False,False,True
GAGTGCACGGACAACA-1,1,21,127,4311,12395,41316.6666666667,14370.0,32,32,0,0,1.0,0.0,0.0,Tumor,1.0,True,,positive,negative,negative,negative,Immune cells,0.4306628283815834,0.1241505385658499,0.5693371716184165,0.2190646895877465,0.0201835858997338,0.0908955395023506,1.0,515.632,179.33759999999998,tumor_core,CTA_composition_plus_H&E_patch_feature_proxy,True,-33.34973693449471,33.34973693449471,False,True,False,False,True
GAGTGTCAACCAGAAA-1,1,63,83,10684,8563,28543.3333333333,35613.3333333333,20,20,0,0,1.0,0.0,0.0,Tumor,1.0,True,,positive,negative,negative,negative,Immune cells,0.4806365759600238,0.1214630780211652,0.5193634240399762,0.2214328390636032,0.0137200586605833,0.0795665634674922,1.0,356.2208,444.45439999999996,tumor_core,CTA_composition_plus_H&E_patch_feature_proxy,True,-7.249628073218644,7.249628073218644,True,True,False,False,True
GAGTGTGCGGTACCCA-1,1,44,88,7802,8997,29990.0,26006.6666666667,32,32,0,0,1.0,0.0,0.0,Tumor,1.0,True,,positive,negative,negative,negative,Immune cells,0.4672641355711259,0.1250032341497605,0.532735864428874,0.2117103905274021,0.0079843571777741,0.1148148148148148,1.0,374.2752,324.5632,tumor_core,CTA_composition_plus_H&E_patch_feature_proxy,True,-19.2082115773437,19.2082115773437,False,True,False,False,True
GATAACTCGCACTGTG-1,1,39,89,7043,9084,30280.0,23476.6666666667,29,29,0,0,1.0,0.0,0.0,Tumor,1.0,True,,positive,negative,negative,negative,Immune cells,0.4333134177031846,0.1272739270689972,0.5666865822968152,0.2111781000488838,0.0051273695073597,0.10251882429385,1.0,377.89439999999996,292.98879999999997,tumor_core,CTA_composition_plus_H&E_patch_feature_proxy,True,-43.69881499537488,43.69881499537488,False,True,False,False,True
GATACCGTGTCGGAGT-1,1,41,127,7345,12397,41323.3333333333,24483.3333333333,24,19,5,0,0.7916666666666666,0.2083333333333333,0.0,Tumor,0.7916666666666666,True,,positive,ambiguous,negative,ambiguous,Immune cells,0.4548150562163923,0.1365820425817817,0.5451849437836076,0.2188800173809136,0.0258758350985823,0.0874135229140389,1.0,515.7152,305.55199999999996,tumor_core,CTA_composition_plus_H&E_patch_feature_proxy,True,-25.144369733202705,25.144369733202705,False,True,False,False,True
GATACGATGGGAGTCA-1,1,45,45,7956,5249,17496.6666666667,26520.0,23,23,0,0,1.0,0.0,0.0,Tumor,1.0,True,,positive,negative,negative,negative,Immune cells,0.4525591584741006,0.1134996057179183,0.5474408415258993,0.2081364401716365,0.0033023735810113,0.0722317777013339,1.0,218.3584,330.96959999999996,tumor_core,CTA_composition_plus_H&E_patch_feature_proxy,True,-12.600611845462137,12.600611845462137,False,True,False,False,True
GATAGAACCCGCTAGG-1,1,70,56,11748,6210,20700.0,39160.0,14,0,7,7,0.0,0.5,0.5,Immune cells,0.5,True,,negative,ambiguous,ambiguous,ambiguous,Immune cells,0.5185740408813572,0.1132016380330332,0.4814259591186428,0.1995654771603932,0.0118190212373037,0.0925429041012116,1.0,258.336,488.7168,immune_enriched,CTA_composition_plus_H&E_patch_feature_proxy,True,7.23851953924277,7.23851953924277,True,False,False,False,True
GATAGGATTAATTACA-1,1,40,126,7193,12310,41033.3333333333,23976.6666666667,28,28,0,0,1.0,0.0,0.0,Tumor,1.0,True,,positive,negative,negative,negative,Immune cells,0.4413593322832365,0.1331192225667378,0.5586406677167636,0.2239856607462929,0.0245179512248112,0.0792149218361808,1.0,512.096,299.2288,tumor_core,CTA_composition_plus_H&E_patch_feature_proxy,True,-26.215295492517352,26.215295492517352,False,True,False,False,True
GATAGGTAACGTTGAC-1,1,48,60,8410,6557,21856.6666666667,28033.3333333333,20,17,1,2,0.85,0.05,0.1,Tumor,0.85,True,,positive,negative,negative,negative,Immune cells,0.497597450799341,0.1178936489996515,0.502402549200659,0.2022921079789256,0.0064526641681603,0.1088674846156786,1.0,272.77119999999996,349.856,tumor_core,CTA_composition_plus_H&E_patch_feature_proxy,True,-14.535316219470442,14.535316219470442,False,True,False,False,True
GATAGGTGTCCCGGGC-1,1,39,123,7041,12048,40160.0,23470.0,28,28,0,0,1.0,0.0,0.0,Tumor,1.0,True,,positive,negative,negative,negative,Immune cells,0.4054749877790451,0.1265690965191944,0.5945250122209549,0.2391396447775786,0.0194014447884416,0.068726827963154,1.0,501.1968,292.9056,tumor_core,CTA_composition_plus_H&E_patch_feature_proxy,True,-26.268184863061993,26.268184863061993,False,True,False,False,True
GATAGTGCGAGTAAGT-1,1,68,44,11445,5164,17213.3333333333,38150.0,28,27,1,0,0.9642857142857144,0.0357142857142857,0.0,Tumor,0.9642857142857144,True,,positive,negative,negative,negative,Immune cells,0.5023192656564011,0.1242622026181838,0.4976807343435989,0.1999456846450491,0.0067351040139047,0.1138248671788403,1.0,214.8224,476.11199999999997,tumor_core,CTA_composition_plus_H&E_patch_feature_proxy,True,-12.600611845462108,12.600611845462108,False,True,False,False,True
GATATGAGACACTAAC-1,1,39,81,7044,8387,27956.6666666667,23480.0,30,29,0,1,0.9666666666666668,0.0,0.0333333333333333,Tumor,0.9666666666666668,True,,positive,negative,negative,negative,Immune cells,0.4633860192276356,0.1156215273415846,0.5366139807723643,0.2033675520069524,6.517842594101299e-05,0.1058059091082826,1.0,348.8992,293.0304,tumor_core,CTA_composition_plus_H&E_patch_feature_proxy,True,-26.244094509813085,26.244094509813085,False,True,False,False,True
GATATTGAGATTGGCG-1,1,34,100,6284,10043,33476.6666666667,20946.6666666667,21,20,1,0,0.9523809523809524,0.0476190476190476,0.0,Tumor,0.9523809523809524,True,,positive,negative,negative,negative,Immune cells,0.4183477269023953,0.1180862042907194,0.5816522730976046,0.213252946608006,-0.0045299006029004,0.099151473454879,1.0,417.7888,261.4144,tumor_core,CTA_composition_plus_H&E_patch_feature_proxy,True,-45.34243520235764,45.34243520235764,False,True,False,False,True
GATCAACATAAAGGGA-1,1,62,36,10535,4466,14886.6666666667,35116.6666666667,25,23,1,1,0.92,0.04,0.04,Tumor,0.92,True,,positive,negative,negative,negative,Immune cells,0.5170785581083772,0.1233038684152661,0.4829214418916228,0.1970778339036445,0.005279452501222,0.0934755188625157,1.0,185.7856,438.256,tumor_core,CTA_composition_plus_H&E_patch_feature_proxy,True,-12.604800000000012,12.604800000000012,False,True,False,False,True
GATCATTCCAAACATT-1,1,30,56,5680,6206,20686.6666666667,18933.3333333333,5,0,0,5,0.0,0.0,1.0,Stroma,1.0,True,,negative,negative,positive,negative,Immune cells,0.6747596545543425,0.1055159690912906,0.3252403454456575,0.1412959643691271,0.0265058932160121,0.1009440813362382,1.0,258.1696,236.28799999999998,stroma_rich,CTA_composition_plus_H&E_patch_feature_proxy,True,21.821014223908115,21.821014223908115,False,False,True,False,True
GATCCGAATATAAGTG-1,1,36,124,6586,12135,40450.0,21953.3333333333,27,27,0,0,1.0,0.0,0.0,Tumor,1.0,True,,positive,negative,negative,negative,Immune cells,0.4940343635145655,0.1274743623469888,0.5059656364854345,0.2076476019770789,0.0211286730758785,0.0932423651721897,1.0,504.816,273.9776,tumor_core,CTA_composition_plus_H&E_patch_feature_proxy,True,-12.600611845462108,12.600611845462108,False,True,False,False,True
GATCCGGGAATTAACA-1,1,39,73,7044,7689,25630.0,23480.0,20,20,0,0,1.0,0.0,0.0,Tumor,1.0,True,,positive,negative,negative,negative,Immune cells,0.4594897977658284,0.1134587035605257,0.5405102022341716,0.2070175438596491,0.0032263320840801,0.1034934831632458,1.0,319.8624,293.0304,tumor_core,CTA_composition_plus_H&E_patch_feature_proxy,True,-21.8210142239081,21.8210142239081,False,True,False,False,True
GATCCTAAATCGGGAC-1,1,27,95,5222,9606,32020.0,17406.6666666667,6,0,4,2,0.0,0.6666666666666666,0.3333333333333333,Immune cells,0.6666666666666666,True,,negative,positive,ambiguous,positive,Immune cells,0.561693190665001,0.1757721924895291,0.438306809334999,0.1629460648525338,0.0073542990603443,0.1196231319038336,1.0,399.6096,217.2352,immune_enriched,CTA_composition_plus_H&E_patch_feature_proxy,True,40.50782777883803,40.50782777883803,False,False,False,False,True
GATCCTCGACACTGGC-1,1,50,32,8715,4116,13720.0,29050.0,31,31,0,0,1.0,0.0,0.0,Tumor,1.0,True,,positive,negative,negative,negative,Immune cells,0.5500878098238372,0.2011445767413828,0.4499121901761628,0.1578947368421052,-0.0026723154635815,0.1145587279746206,1.0,171.2256,362.544,tumor_core,CTA_composition_plus_H&E_patch_feature_proxy,True,-14.556077185835486,14.556077185835486,False,True,False,False,True
GATCGCGGGCTCTCCA-1,1,36,52,6590,5858,19526.6666666667,21966.6666666667,16,1,9,6,0.0625,0.5625,0.375,Immune cells,0.5625,True,,negative,ambiguous,ambiguous,ambiguous,Immune cells,0.5421396628826969,0.1102637770070187,0.457860337117303,0.1774591276953994,0.0042691868991363,0.1006000840882161,1.0,243.69279999999998,274.144,immune_enriched,CTA_composition_plus_H&E_patch_feature_proxy,True,19.2082115773437,19.2082115773437,False,False,False,False,True
GATCGCTACCCGATTT-1,1,50,98,8711,9870,32900.0,29036.6666666667,26,26,0,0,1.0,0.0,0.0,Tumor,1.0,True,,positive,negative,negative,negative,Immune cells,0.4736407582423551,0.1272722586424934,0.5263592417576448,0.2145130628428656,0.008875128998968,0.1014830103581393,1.0,410.592,362.3776,tumor_core,CTA_composition_plus_H&E_patch_feature_proxy,True,-7.249628073218616,7.249628073218616,True,True,False,False,True
GATCGCTATATCTCAG-1,1,61,25,10384,3506,11686.6666666667,34613.3333333333,20,11,5,4,0.55,0.25,0.2,Tumor,0.55,True,,ambiguous,ambiguous,negative,ambiguous,Immune cells,0.5833179439827639,0.1340914424127598,0.416682056017236,0.144891640866873,-0.0102547390147194,0.0988800978481061,1.0,145.84959999999998,431.9744,mixed_boundary,CTA_composition_plus_H&E_patch_feature_proxy,True,0.0,0.0,True,False,True,True,True
GATCGTGACTGATATC-1,1,38,72,6892,7602,25340.0,22973.3333333333,34,32,2,0,0.9411764705882352,0.0588235294117647,0.0,Tumor,0.9411764705882352,True,,positive,negative,negative,negative,Immune cells,0.4770155522966343,0.1115924847187333,0.5229844477033657,0.1960567052305687,-0.0033892781489327,0.1033100179643007,1.0,316.2432,286.7072,tumor_core,CTA_composition_plus_H&E_patch_feature_proxy,True,-19.195278619493894,19.195278619493894,False,True,False,False,True
GATCTCGACGCTGTGG-1,1,50,118,8710,11613,38710.0,29033.3333333333,16,0,15,1,0.0,0.9375,0.0625,Immune cells,0.9375,True,,negative,positive,negative,positive,Immune cells,0.4545289953469846,0.1247647547310388,0.5454710046530155,0.2101569713758079,0.0006735104013904,0.1002025761571685,1.0,483.1008,362.33599999999996,immune_enriched,CTA_composition_plus_H&E_patch_feature_proxy,True,7.249628073218644,7.249628073218644,True,False,False,False,True
GATCTGCTATCTAAGG-1,1,62,56,10534,6209,20696.6666666667,35113.3333333333,25,24,0,1,0.96,0.0,0.04,Tumor,0.96,True,,positive,negative,negative,negative,Immune cells,0.4648742599532888,0.1256740972230151,0.5351257400467112,0.2185106729672478,0.0051382325783499,0.1022474486870771,1.0,258.2944,438.21439999999996,tumor_core,CTA_composition_plus_H&E_patch_feature_proxy,True,-14.518399999999986,14.518399999999986,False,True,False,False,True
GATCTTGGAGGGCATA-1,1,44,70,7803,7428,24760.0,26010.0,25,25,0,0,1.0,0.0,0.0,Tumor,1.0,True,,positive,negative,negative,negative,Immune cells,0.4186917241504173,0.1231892077412133,0.5813082758495827,0.2259301504535332,0.0088859920699581,0.1009287925696594,1.0,309.0048,324.6048,tumor_core,CTA_composition_plus_H&E_patch_feature_proxy,True,-12.564646274368425,12.564646274368425,False,True,False,False,True
GATCTTTGCAGGGTAT-1,1,36,38,6591,4637,15456.6666666667,21970.0,21,21,0,0,1.0,0.0,0.0,Tumor,1.0,True,,positive,negative,negative,negative,Immune cells,0.4467148262813897,0.135005487950398,0.5532851737186102,0.2536201184074738,0.0513714627125088,0.0870236593662806,1.0,192.89919999999998,274.18559999999997,tumor_core,CTA_composition_plus_H&E_patch_feature_proxy,True,-7.285702909122747,7.285702909122747,True,True,False,False,True
GATGACAAGTAGGGCA-1,1,57,33,9777,4203,14010.0,32590.0,24,22,1,1,0.9166666666666666,0.0416666666666666,0.0416666666666666,Tumor,0.9166666666666666,True,,positive,negative,negative,negative,Immune cells,0.5201564282222584,0.1209411877414761,0.4798435717777416,0.1886155016023029,0.0001520829938623,0.0939074265183656,1.0,174.8448,406.72319999999996,tumor_core,CTA_composition_plus_H&E_patch_feature_proxy,True,-12.564646274368425,12.564646274368425,False,True,False,False,True
GATGAGGAACCTTCGG-1,1,67,81,11291,8389,27963.3333333333,37636.6666666667,13,11,0,2,0.8461538461538461,0.0,0.1538461538461538,Tumor,0.8461538461538461,True,,positive,negative,negative,negative,Immune cells,0.4972679376459725,0.1231966546562192,0.5027320623540276,0.2256694367497691,0.0213024822117212,0.0815426365477965,1.0,348.9824,469.7056,tumor_core,CTA_composition_plus_H&E_patch_feature_proxy,True,-12.600611845462108,12.600611845462108,False,True,False,False,True
GATGCCTTCTGCGGCA-1,1,58,14,9929,2547,8490.0,33096.6666666667,0,0,0,0,0.0,0.0,0.0,unmapped,0.0,False,no_CTA_object_captured,excluded,excluded,excluded,excluded,Immune cells,0.7289555157242953,0.1687984930013677,0.2710444842757047,0.0865786757916463,0.0155776437999022,0.0902113671979513,1.0,105.95519999999999,413.0464,unmapped_or_excluded,CTA_composition_plus_H&E_patch_feature_proxy,True,44.15690586261677,44.15690586261677,False,False,False,False,True
GATGCGTCCTGCATTC-1,1,37,57,6742,6294,20980.0,22473.3333333333,10,0,1,9,0.0,0.1,0.9,Stroma,0.9,True,,negative,negative,positive,negative,Immune cells,0.5180670975684826,0.1309942735616191,0.4819329024315174,0.2215631959154853,0.0416490141763076,0.0754729962160302,1.0,261.8304,280.4672,stroma_rich,CTA_composition_plus_H&E_patch_feature_proxy,True,0.0,0.0,True,False,True,True,True
GATGCTACCTTCGATG-1,1,70,58,11747,6384,21280.0,39156.6666666667,11,4,3,4,0.3636363636363636,0.2727272727272727,0.3636363636363636,Tumor,0.3636363636363636,True,,ambiguous,ambiguous,ambiguous,ambiguous,Immune cells,0.5178100048883819,0.1163217300085035,0.482189995111618,0.1966759002770083,0.0098853946010537,0.0821924091273936,1.0,265.57439999999997,488.67519999999996,stroma_rich,CTA_composition_plus_H&E_patch_feature_proxy,True,0.0,0.0,True,False,True,True,True
GATGCTGTATTTCATC-1,1,43,75,7651,7864,26213.3333333333,25503.3333333333,19,15,2,2,0.7894736842105263,0.1052631578947368,0.1052631578947368,Tumor,0.7894736842105263,True,,positive,negative,negative,negative,Immune cells,0.462227291655351,0.1212257304146066,0.5377727083446491,0.2231383412090598,0.0168920753897126,0.0957115009746588,1.0,327.1424,318.28159999999997,tumor_core,CTA_composition_plus_H&E_patch_feature_proxy,True,-7.28000000000003,7.28000000000003,True,True,False,False,True
GATGTCCGGATCACAT-1,1,7,37,2192,4547,15156.6666666667,7306.66666666667,0,0,0,0,0.0,0.0,0.0,unmapped,0.0,False,no_CTA_object_captured,excluded,excluded,excluded,excluded,Immune cells,0.7422591566635888,0.0926372607522713,0.2577408433364112,0.0887621530606702,0.0184672206832871,0.1042923212169858,1.0,189.15519999999998,91.18719999999999,unmapped_or_excluded,CTA_composition_plus_H&E_patch_feature_proxy,True,151.60291715610225,151.60291715610225,False,False,False,False,True
GATGTTCAATCCACGA-1,1,41,43,7349,5074,16913.3333333333,24496.6666666667,18,11,4,3,0.6111111111111112,0.2222222222222222,0.1666666666666666,Tumor,0.6111111111111112,True,,positive,ambiguous,negative,ambiguous,Immune cells,0.5157279162819329,0.1163472104441471,0.4842720837180671,0.1909076095812285,0.0071153114985606,0.1082100676527921,1.0,211.0784,305.7184,mixed_boundary,CTA_composition_plus_H&E_patch_feature_proxy,True,0.0,0.0,True,False,True,True,True
GATTAACCGAAAGCCC-1,1,55,93,9470,9434,31446.6666666667,31566.6666666667,26,26,0,0,1.0,0.0,0.0,Tumor,1.0,True,,positive,negative,negative,negative,Immune cells,0.4728658591783897,0.1262786683190261,0.5271341408216103,0.2204334365325077,0.010613220357395,0.0871803692237128,1.0,392.45439999999996,393.952,tumor_core,CTA_composition_plus_H&E_patch_feature_proxy,True,-36.37705333860893,36.37705333860893,False,True,False,False,True
GATTACTGAATTTGGG-1,1,41,39,7349,4725,15750.0,24496.6666666667,27,27,0,0,1.0,0.0,0.0,Tumor,1.0,True,,positive,negative,negative,negative,Immune cells,0.4451795122481125,0.1219267729516366,0.5548204877518874,0.217174515235457,0.0020531204171419,0.0947865305966441,1.0,196.56,305.7184,tumor_core,CTA_composition_plus_H&E_patch_feature_proxy,True,-7.249628073218616,7.249628073218616,True,True,False,False,True
GATTCGACGGTTCACG-1,1,41,71,7348,7515,25050.0,24493.3333333333,24,22,0,2,0.9166666666666666,0.0,0.0833333333333333,Tumor,0.9166666666666666,True,,positive,negative,negative,negative,Immune cells,0.4464867017905962,0.1171644092208022,0.5535132982094038,0.2200749551898321,0.0100048883819455,0.1019187402056338,1.0,312.62399999999997,305.6768,tumor_core,CTA_composition_plus_H&E_patch_feature_proxy,True,-14.535316219470392,14.535316219470392,False,True,False,False,True
GATTCTGTTAATGAGT-1,1,74,62,12354,6733,22443.3333333333,41180.0,33,33,0,0,1.0,0.0,0.0,Tumor,1.0,True,,positive,negative,negative,negative,Immune cells,0.7031376170043271,0.1627422500569688,0.2968623829956728,0.1507902884145347,0.0390636032806474,0.0678859458013224,1.0,280.0928,513.9264,tumor_core,CTA_composition_plus_H&E_patch_feature_proxy,True,-7.238400000000013,7.238400000000013,True,True,False,False,True
GATTGCTCCAGTTGCA-1,1,63,27,10687,3681,12270.0,35623.3333333333,20,13,1,6,0.65,0.05,0.3,Tumor,0.65,True,,positive,negative,ambiguous,negative,Immune cells,0.51147321347745,0.1243752160758661,0.4885267865225499,0.1909184726522187,0.0048123404486448,0.1060619959484768,1.0,153.12959999999998,444.57919999999996,mixed_boundary,CTA_composition_plus_H&E_patch_feature_proxy,True,0.0,0.0,True,False,True,True,True
GATTGGGAAAGGTTGT-1,1,66,80,11139,8302,27673.3333333333,37130.0,22,18,4,0,0.8181818181818182,0.1818181818181818,0.0,Tumor,0.8181818181818182,True,,positive,negative,negative,negative,Immune cells,0.4798073615411076,0.1241921731049067,0.5201926384588923,0.2292542501765249,0.0185975775351691,0.0825172954171922,1.0,345.3632,463.38239999999996,tumor_core,CTA_composition_plus_H&E_patch_feature_proxy,True,-12.600611845462137,12.600611845462137,False,True,False,False,True
GATTTAGTGCGTACTG-1,1,15,127,3400,12395,41316.6666666667,11333.3333333333,38,38,0,0,1.0,0.0,0.0,Tumor,1.0,True,,positive,negative,negative,negative,Immune cells,0.6785218981406043,0.1406345108955475,0.3214781018593956,0.1112052577263592,0.0199880506219108,0.1085120207927225,1.0,515.632,141.44,tumor_core,CTA_composition_plus_H&E_patch_feature_proxy,True,-7.279999999999973,7.279999999999973,True,True,False,False,True
GATTTGCGCTAACACC-1,1,75,51,12506,5774,19246.6666666667,41686.6666666667,7,0,5,2,0.0,0.7142857142857143,0.2857142857142857,Immune cells,0.7142857142857143,True,,negative,positive,ambiguous,positive,Immune cells,0.796690384371662,0.0770774295105422,0.203309615628338,0.1387865949703981,0.0613980772364347,0.0241447846195008,1.0,240.1984,520.2496,immune_enriched,CTA_composition_plus_H&E_patch_feature_proxy,True,25.144369733202705,25.144369733202705,False,False,False,False,True
GCAAACCCTACATTAT-1,1,48,82,8409,8475,28250.0,28030.0,19,18,1,0,0.9473684210526316,0.0526315789473684,0.0,Tumor,0.9473684210526316,True,,positive,negative,negative,negative,Immune cells,0.4759509713395977,0.1194722441746789,0.5240490286604023,0.2173917766552604,0.0118950627342349,0.1040247678018576,1.0,352.56,349.8144,tumor_core,CTA_composition_plus_H&E_patch_feature_proxy,True,-7.306457067553315,7.306457067553315,True,True,False,False,True
GCAAACCTTGGCCATA-1,1,57,67,9775,7168,23893.3333333333,32583.3333333333,19,16,3,0,0.8421052631578947,0.1578947368421052,0.0,Tumor,0.8421052631578947,True,,positive,negative,negative,negative,Immune cells,0.5056397443557292,0.1161075167226597,0.4943602556442706,0.2109499755580902,0.0113084569007658,0.0838741734510568,1.0,298.1888,406.64,tumor_core,CTA_composition_plus_H&E_patch_feature_proxy,True,-7.238399999999956,7.238399999999956,True,True,False,False,True
GCAAACGTCGCCAGGT-1,1,47,117,8255,11526,38420.0,27516.6666666667,24,24,0,0,1.0,0.0,0.0,Tumor,1.0,True,,positive,negative,negative,negative,Immune cells,0.4312892654753499,0.126750574962404,0.56871073452465,0.2317962087882244,0.0126446146325566,0.0757787715476053,1.0,479.48159999999996,343.40799999999996,tumor_core,CTA_composition_plus_H&E_patch_feature_proxy,True,-12.646400000000028,12.646400000000028,False,True,False,False,True
GCAAAGGGCGTTAGCC-1,1,66,20,11143,3071,10236.6666666667,37143.3333333333,17,3,5,9,0.1764705882352941,0.2941176470588235,0.5294117647058824,Stroma,0.5294117647058824,True,,negative,ambiguous,ambiguous,ambiguous,Immune cells,0.8300689805007874,0.0479766043211445,0.1699310194992123,0.0502525664005214,0.0036934441366574,0.0179413675801704,1.0,127.75359999999999,463.54879999999997,stroma_rich,CTA_composition_plus_H&E_patch_feature_proxy,True,14.5184,14.5184,False,False,True,False,True
GCAAATATTACGCTTT-1,1,35,41,6439,4899,16330.0,21463.3333333333,18,17,1,0,0.9444444444444444,0.0555555555555555,0.0,Tumor,0.9444444444444444,True,,positive,negative,negative,negative,Immune cells,0.4905219705610776,0.1229360799777554,0.5094780294389224,0.1984791700613763,0.0058334691217207,0.0969422466842487,1.0,203.7984,267.8624,tumor_core,CTA_composition_plus_H&E_patch_feature_proxy,True,-14.518399999999986,14.518399999999986,False,True,False,False,True
GCAACAGCAGTATGCG-1,1,46,106,8104,10567,35223.3333333333,27013.3333333333,14,14,0,0,1.0,0.0,0.0,Tumor,1.0,True,,positive,negative,negative,negative,Immune cells,0.4198251045570583,0.1318415761073444,0.5801748954429417,0.2254956276139264,0.0051056433653793,0.0846195008217712,1.0,439.5872,337.1264,tumor_core,CTA_composition_plus_H&E_patch_feature_proxy,True,-19.270905340434833,19.270905340434833,False,True,False,False,True
GCAACGGCTAGTTATG-1,1,43,113,7649,11177,37256.6666666667,25496.6666666667,22,21,0,1,0.9545454545454546,0.0,0.0454545454545454,Tumor,0.9545454545454546,True,,positive,negative,negative,negative,Immune cells,0.4376622671229156,0.1275869643979037,0.5623377328770843,0.2430394872630493,0.0258866981695725,0.0846347895883499,1.0,464.9632,318.1984,tumor_core,CTA_composition_plus_H&E_patch_feature_proxy,True,-12.604800000000012,12.604800000000012,False,True,False,False,True
GCAAGAATTCCTTGGC-1,1,44,36,7805,4464,14880.0,26016.6666666667,31,31,0,0,1.0,0.0,0.0,Tumor,1.0,True,,positive,negative,negative,negative,Immune cells,0.4632194521391198,0.1602459178897143,0.5367805478608803,0.1948183151376894,-0.0033132366520015,0.1097121889691549,1.0,185.70239999999998,324.688,tumor_core,CTA_composition_plus_H&E_patch_feature_proxy,True,-12.604800000000012,12.604800000000012,False,True,False,False,True
GCAAGTGTAAAGCATG-1,1,67,45,11293,5251,17503.3333333333,37643.3333333333,8,6,1,1,0.75,0.125,0.125,Tumor,0.75,True,,positive,negative,negative,negative,Immune cells,0.4891821918056234,0.1190624284981843,0.5108178081943765,0.2115474444625495,0.0084514692303514,0.0922027290448343,1.0,218.4416,469.7888,tumor_core,CTA_composition_plus_H&E_patch_feature_proxy,True,-19.22667214054478,19.22667214054478,False,True,False,False,True
GCAATTAGTCGCACCG-1,1,31,123,5828,12047,40156.6666666667,19426.6666666667,22,22,0,0,1.0,0.0,0.0,Tumor,1.0,True,,positive,negative,negative,negative,Immune cells,0.4171020947621893,0.1320605301988664,0.5828979052378107,0.2455814458747487,0.0260170550214545,0.0877345870121927,1.0,501.1552,242.4448,tumor_core,CTA_composition_plus_H&E_patch_feature_proxy,True,-29.11215437167097,29.11215437167097,False,True,False,False,True
GCACAAACCCTAGATG-1,1,65,21,10991,3158,10526.6666666667,36636.6666666667,17,1,7,9,0.0588235294117647,0.4117647058823529,0.5294117647058824,Stroma,0.5294117647058824,True,,negative,ambiguous,ambiguous,ambiguous,Immune cells,0.750384733764235,0.1560061963249922,0.2496152662357647,0.081614252349139,0.0050947802943892,0.0535871268585406,1.0,131.37279999999998,457.2256,immune_enriched,CTA_composition_plus_H&E_patch_feature_proxy,True,12.600611845462108,12.600611845462108,False,False,False,False,True
GCACAAACGAGGCGTG-1,1,46,114,8104,11264,37546.6666666667,27013.3333333333,26,26,0,0,1.0,0.0,0.0,Tumor,1.0,True,,positive,negative,negative,negative,Immune cells,0.4397081454927308,0.1275069085642417,0.5602918545072691,0.2346206072456683,0.0160990712074303,0.0836104422275733,1.0,468.5824,337.1264,tumor_core,CTA_composition_plus_H&E_patch_feature_proxy,True,-7.285702909122775,7.285702909122775,True,True,False,False,True
GCACACACTGGTAGCC-1,1,56,94,9622,9522,31740.0,32073.3333333333,21,21,0,0,1.0,0.0,0.0,Tumor,1.0,True,,positive,negative,negative,negative,Immune cells,0.505292126084044,0.1251615236722871,0.494707873915956,0.2131008636141437,0.0112758676877953,0.0854374498337346,1.0,396.11519999999996,400.2752,tumor_core,CTA_composition_plus_H&E_patch_feature_proxy,True,-31.616492627741,31.616492627741,False,True,False,False,True
GCACACAGCTATTACC-1,1,72,70,12050,7431,24770.0,40166.6666666667,6,0,1,5,0.0,0.1666666666666666,0.8333333333333334,Stroma,0.8333333333333334,True,,negative,negative,positive,negative,Immune cells,0.6521572248474643,0.1289071552177035,0.3478427751525356,0.1547661723969366,0.0238987561783716,0.1236096777892443,1.0,309.1296,501.28,stroma_rich,CTA_composition_plus_H&E_patch_feature_proxy,True,7.238400000000013,7.238400000000013,True,False,True,False,True
GCACAGCACGGGCCGA-1,1,72,42,12052,4990,16633.3333333333,40173.3333333333,28,22,3,3,0.7857142857142857,0.1071428571428571,0.1071428571428571,Tumor,0.7857142857142857,True,,positive,negative,negative,negative,Immune cells,0.8077308855213369,0.06487960779645,0.192269114478663,0.1151376894248004,0.0440606159361251,0.0135343806138439,1.0,207.584,501.36319999999995,tumor_core,CTA_composition_plus_H&E_patch_feature_proxy,True,-7.238399999999984,7.238399999999984,True,True,False,False,True
GCACGCCGATTCCCGC-1,1,72,76,12050,7954,26513.3333333333,40166.6666666667,8,6,0,2,0.75,0.0,0.25,Tumor,0.75,True,,positive,negative,ambiguous,negative,Immune cells,0.6401643944743178,0.1329882834534017,0.359835605525682,0.1710825050241703,0.0343273043289337,0.1195275771127164,1.0,330.8864,501.28,tumor_core,CTA_composition_plus_H&E_patch_feature_proxy,True,-7.285702909122747,7.285702909122747,True,True,False,False,True
GCACGCCTACTTAGAT-1,1,55,39,9473,4726,15753.3333333333,31576.6666666667,28,28,0,0,1.0,0.0,0.0,Tumor,1.0,True,,positive,negative,negative,negative,Immune cells,0.4655260442126989,0.1226451674030617,0.5344739557873011,0.2188474281679431,0.0070392700016294,0.1014218552918243,1.0,196.6016,394.0768,tumor_core,CTA_composition_plus_H&E_patch_feature_proxy,True,-12.600611845462108,12.600611845462108,False,True,False,False,True
GCACGTGGTTTACTTA-1,1,64,106,10835,10568,35226.6666666667,36116.6666666667,27,27,0,0,1.0,0.0,0.0,Tumor,1.0,True,,positive,negative,negative,negative,Immune cells,0.5516267448807778,0.1223907593403426,0.4483732551192222,0.1763619575253924,0.0066481994459833,0.1120475480640599,1.0,439.62879999999996,450.736,tumor_core,CTA_composition_plus_H&E_patch_feature_proxy,True,-7.285702909122747,7.285702909122747,True,True,False,False,True
GCACTGCCTACCTTTA-1,1,66,68,11140,7256,24186.6666666667,37133.3333333333,24,21,3,0,0.875,0.125,0.0,Tumor,0.875,True,,positive,negative,negative,negative,Immune cells,0.5112197418210128,0.1185628623541247,0.4887802581789872,0.2143392537070229,0.0135136603117701,0.0830944463555402,1.0,301.8496,463.424,tumor_core,CTA_composition_plus_H&E_patch_feature_proxy,True,-12.564646274368396,12.564646274368396,False,True,False,False,True
GCAGAAGGTAATCTCC-1,1,50,122,8710,11962,39873.3333333333,29033.3333333333,21,21,0,0,1.0,0.0,0.0,Tumor,1.0,True,,positive,negative,negative,negative,Immune cells,0.4564408958412543,0.1356316309414249,0.5435591041587458,0.2058117429797403,-0.0024876432567486,0.0994763597446775,1.0,497.6192,362.33599999999996,tumor_core,CTA_composition_plus_H&E_patch_feature_proxy,True,-19.19455736191904,19.19455736191904,False,True,False,False,True
GCAGACCCAGCACGTA-1,1,39,103,7042,10305,34350.0,23473.3333333333,22,22,0,0,1.0,0.0,0.0,Tumor,1.0,True,,positive,negative,negative,negative,Immune cells,0.3933373164593631,0.1236330054087264,0.6066626835406369,0.234023138341209,0.0101569713758079,0.0842946145319726,1.0,428.688,292.9472,tumor_core,CTA_composition_plus_H&E_patch_feature_proxy,True,-26.268184863061993,26.268184863061993,False,True,False,False,True
GCAGATCCATAAGACT-1,1,51,85,8864,8736,29120.0,29546.6666666667,28,28,0,0,1.0,0.0,0.0,Tumor,1.0,True,,positive,negative,negative,negative,Immune cells,0.4631180634765449,0.1231762568406017,0.5368819365234552,0.2210200423659768,0.0096029547553093,0.0917134885143141,1.0,363.4176,368.7424,tumor_core,CTA_composition_plus_H&E_patch_feature_proxy,True,-12.564646274368396,12.564646274368396,False,True,False,False,True
GCAGATTAGGGATATC-1,1,37,61,6741,6643,22143.3333333333,22470.0,32,32,0,0,1.0,0.0,0.0,Tumor,1.0,True,,positive,negative,negative,negative,Immune cells,0.4010428548150562,0.129427148354795,0.5989571451849438,0.2458638857204931,0.0332735864428874,0.0890723540878339,1.0,276.3488,280.4256,tumor_core,CTA_composition_plus_H&E_patch_feature_proxy,True,-12.5797877247591,12.5797877247591,False,True,False,False,True
GCAGCACACAGCCCAG-1,1,38,42,6894,4986,16620.0,22980.0,11,1,0,10,0.0909090909090909,0.0,0.9090909090909092,Stroma,0.9090909090909092,True,,negative,negative,positive,negative,Immune cells,0.5074104249271268,0.1237045230180445,0.4925895750728731,0.2008907718211939,0.0118950627342349,0.1138478003287084,1.0,207.4176,286.7904,stroma_rich,CTA_composition_plus_H&E_patch_feature_proxy,True,0.0,0.0,True,False,True,True,True
GCAGCCTATATCACAT-1,1,35,113,6435,11176,37253.3333333333,21450.0,21,21,0,0,1.0,0.0,0.0,Tumor,1.0,True,,positive,negative,negative,negative,Immune cells,0.3969366139807723,0.1300847397389564,0.6030633860192276,0.2378469393297485,0.0186410298191298,0.0877154760539693,1.0,464.92159999999996,267.69599999999997,tumor_core,CTA_composition_plus_H&E_patch_feature_proxy,True,-50.793617035214204,50.793617035214204,False,True,False,False,True
GCAGCTGTCAACGCAT-1,1,71,87,11898,8913,29710.0,39660.0,21,15,5,1,0.7142857142857143,0.238095238095238,0.0476190476190476,Tumor,0.7142857142857143,True,,positive,ambiguous,negative,ambiguous,Immune cells,0.7060634041243459,0.1455094058339685,0.2939365958756539,0.1467274998642116,0.0374775949160827,0.049378893857738,1.0,370.7808,494.9568,tumor_core,CTA_composition_plus_H&E_patch_feature_proxy,True,-12.64646842086757,12.64646842086757,False,True,False,False,True
GCAGGAACTTAGATCT-1,1,53,15,9171,2634,8780.0,30570.0,0,0,0,0,0.0,0.0,0.0,unmapped,0.0,False,no_CTA_object_captured,excluded,excluded,excluded,excluded,Immune cells,0.7477957018449116,0.1450294932700636,0.2522042981550884,0.078844169246646,0.0121666395089891,0.1002675534151282,1.0,109.5744,381.5136,unmapped_or_excluded,CTA_composition_plus_H&E_patch_feature_proxy,True,44.1390898900283,44.1390898900283,False,False,False,False,True
GCAGGACTATAGAATA-1,1,35,37,6439,4550,15166.6666666667,21463.3333333333,16,6,1,9,0.375,0.0625,0.5625,Stroma,0.5625,True,,ambiguous,negative,ambiguous,negative,Immune cells,0.5603027175782593,0.2043894901082434,0.4396972824217406,0.1985986638422681,0.0487425995328879,0.0868975270420059,1.0,189.28,267.8624,stroma_rich,CTA_composition_plus_H&E_patch_feature_proxy,True,0.0,0.0,True,False,True,True,True
GCAGTGCGGGCGGATG-1,1,56,126,9620,12311,41036.6666666667,32066.6666666667,4,0,0,4,0.0,0.0,1.0,Stroma,1.0,True,,negative,negative,positive,negative,Immune cells,0.7750837361722158,0.1127146373742848,0.224916263827784,0.109717017000706,0.0402042257346151,0.0666169781752857,1.0,512.1376,400.192,unmapped_or_excluded,CTA_composition_plus_H&E_patch_feature_proxy,True,14.57140581824555,14.57140581824555,False,False,False,False,True
GCAGTGTGGCTATAGG-1,1,59,83,10077,8563,28543.3333333333,33590.0,23,23,0,0,1.0,0.0,0.0,Tumor,1.0,True,,positive,negative,negative,negative,Immune cells,0.4713486502634294,0.1188459830015131,0.5286513497365705,0.220324805822606,0.0090598012058008,0.0754424186828727,1.0,356.2208,419.2032,tumor_core,CTA_composition_plus_H&E_patch_feature_proxy,True,-12.646399999999971,12.646399999999971,False,True,False,False,True
GCAGTTCGATCCGAGC-1,1,56,118,9620,11614,38713.3333333333,32066.6666666667,11,0,2,9,0.0,0.1818181818181818,0.8181818181818182,Stroma,0.8181818181818182,True,,negative,negative,positive,negative,Immune cells,0.5540274835696051,0.1203901651362276,0.4459725164303948,0.1925370702297539,0.0179023409917983,0.1008408821618316,1.0,483.14239999999995,400.192,stroma_rich,CTA_composition_plus_H&E_patch_feature_proxy,True,0.0,0.0,True,False,True,True,True
GCATAGAGCACTCAGG-1,1,37,59,6741,6468,21560.0,22470.0,28,27,0,1,0.9642857142857144,0.0,0.0357142857142857,Tumor,0.9642857142857144,True,,positive,negative,negative,negative,Immune cells,0.4390201509966868,0.1418755740327383,0.5609798490033133,0.2543153549508446,0.0522296453207321,0.0769177846577227,1.0,269.0688,280.4256,tumor_core,CTA_composition_plus_H&E_patch_feature_proxy,True,-7.2385195392428265,7.2385195392428265,True,True,False,False,True
GCATGAGGGACGCGGC-1,1,30,90,5678,9170,30566.6666666667,18926.6666666667,28,27,1,0,0.9642857142857144,0.0357142857142857,0.0,Tumor,0.9642857142857144,True,,positive,negative,negative,negative,Immune cells,0.5374214690493002,0.165669362337768,0.4625785309506997,0.1712889033729835,0.0048992450165661,0.1316668577762489,1.0,381.472,236.20479999999998,tumor_core,CTA_composition_plus_H&E_patch_feature_proxy,True,-14.535316219470442,14.535316219470442,False,True,False,False,True
GCATGCTAATAACGAT-1,1,67,95,11290,9610,32033.3333333333,37633.3333333333,20,17,3,0,0.85,0.15,0.0,Tumor,0.85,True,,positive,negative,negative,negative,Immune cells,0.5205656038962214,0.1312230508702046,0.4794343961037786,0.1942317093042203,0.0063114442452881,0.1019340289722126,1.0,399.77599999999995,469.664,tumor_core,CTA_composition_plus_H&E_patch_feature_proxy,True,-7.249628073218693,7.249628073218693,True,True,False,False,True
GCATTCAAGGCAACGC-1,1,28,108,5373,10739,35796.6666666667,17910.0,22,22,0,0,1.0,0.0,0.0,Tumor,1.0,True,,positive,negative,negative,negative,Immune cells,0.4594608295765212,0.1636865741144766,0.5405391704234788,0.1994133941665308,0.010743577209277,0.1563620379925849,1.0,446.7424,223.5168,tumor_core,CTA_composition_plus_H&E_patch_feature_proxy,True,-47.7574522603541,47.7574522603541,False,True,False,False,True
GCATTGTAATTCATAT-1,1,41,21,7350,3156,10520.0,24500.0,0,0,0,0,0.0,0.0,0.0,unmapped,0.0,False,no_CTA_object_captured,excluded,excluded,excluded,excluded,Immune cells,0.7879818224612096,0.1125179278492798,0.2120181775387901,0.0484818858291238,-0.0118298843082939,0.0623628788747467,1.0,131.2896,305.76,unmapped_or_excluded,CTA_composition_plus_H&E_patch_feature_proxy,True,38.480629616470665,38.480629616470665,False,False,False,False,True
GCATTTCCAAGGCTCC-1,1,33,111,6132,11001,36670.0,20440.0,33,33,0,0,1.0,0.0,0.0,Tumor,1.0,True,,positive,negative,negative,negative,Immune cells,0.3937356290623359,0.1274441683827823,0.606264370937664,0.2351528977241866,0.0144804736298951,0.0922333065779918,1.0,457.6416,255.0912,tumor_core,CTA_composition_plus_H&E_patch_feature_proxy,True,-59.41697578302013,59.41697578302013,False,True,False,False,True
GCCAACCATTTCCGGA-1,1,26,106,5070,10565,35216.6666666667,16900.0,29,29,0,0,1.0,0.0,0.0,Tumor,1.0,True,,positive,negative,negative,negative,Immune cells,0.496185251570619,0.1567383111565244,0.503814748429381,0.1887567215251752,0.0128292868393894,0.1678209685433627,1.0,439.50399999999996,210.91199999999998,tumor_core,CTA_composition_plus_H&E_patch_feature_proxy,True,-40.50782777883803,40.50782777883803,False,True,False,False,True
GCCAATAGGGCATCTC-1,1,25,103,4919,10303,34343.3333333333,16396.6666666667,27,27,0,0,1.0,0.0,0.0,Tumor,1.0,True,,positive,negative,negative,negative,Immune cells,0.5561675085546683,0.1631033687512619,0.4438324914453316,0.1652490359024496,0.0111237846939329,0.1439552039139242,1.0,428.60479999999995,204.63039999999998,tumor_core,CTA_composition_plus_H&E_patch_feature_proxy,True,-44.222345786717405,44.222345786717405,False,True,False,False,True
GCCACAATTTAAGGAC-1,1,45,39,7956,4725,15750.0,26520.0,23,23,0,0,1.0,0.0,0.0,Tumor,1.0,True,,positive,negative,negative,negative,Immune cells,0.4236163163326272,0.1186946322098945,0.5763836836673727,0.220194448970724,0.0027483569605127,0.0851813629935405,1.0,196.56,330.96959999999996,tumor_core,CTA_composition_plus_H&E_patch_feature_proxy,True,-12.56464627436845,12.56464627436845,False,True,False,False,True
GCCACTCAGAGCGCGA-1,1,59,95,10077,9609,32030.0,33590.0,19,19,0,0,1.0,0.0,0.0,Tumor,1.0,True,,positive,negative,negative,negative,Immune cells,0.5021671826625386,0.1239819150233298,0.4978328173374613,0.2061810873934061,0.0078105480419314,0.0874173451056836,1.0,399.7344,419.2032,tumor_core,CTA_composition_plus_H&E_patch_feature_proxy,True,-19.194557361919003,19.194557361919003,False,True,False,False,True
GCCACTCCTTACGGTA-1,1,55,119,9469,11701,39003.3333333333,31563.3333333333,12,5,0,7,0.4166666666666667,0.0,0.5833333333333334,Stroma,0.5833333333333334,True,,ambiguous,negative,ambiguous,negative,Immune cells,0.5692031937428712,0.1246765427177384,0.4307968062571288,0.1819455760143392,0.0147194611916788,0.0911095822344532,1.0,486.7616,393.9104,stroma_rich,CTA_composition_plus_H&E_patch_feature_proxy,True,0.0,0.0,True,False,True,True,True
GCCAGGAAAGAACACT-1,1,71,35,11900,4379,14596.6666666667,39666.6666666667,9,0,1,8,0.0,0.1111111111111111,0.8888888888888888,Stroma,0.8888888888888888,True,,negative,negative,positive,negative,Immune cells,0.8211322940995419,0.0380227630808111,0.1788677059004579,0.0888273314866112,0.0289718103307805,0.0062378167641325,1.0,182.16639999999998,495.03999999999996,stroma_rich,CTA_composition_plus_H&E_patch_feature_proxy,True,0.0,0.0,True,False,True,True,True
GCCATCGAGCTGCGTG-1,1,53,47,9169,5424,18080.0,30563.3333333333,24,24,0,0,1.0,0.0,0.0,Tumor,1.0,True,,positive,negative,negative,negative,Immune cells,0.4905219705610776,0.1228929879654249,0.5094780294389224,0.2063005811742979,0.0088968551409483,0.0928295684745633,1.0,225.6384,381.43039999999996,tumor_core,CTA_composition_plus_H&E_patch_feature_proxy,True,-7.280000000000001,7.280000000000001,True,True,False,False,True
GCCATCGATGCTGCAT-1,1,32,110,5980,10914,36380.0,19933.3333333333,24,24,0,0,1.0,0.0,0.0,Tumor,1.0,True,,positive,negative,negative,negative,Immune cells,0.3833107019354371,0.1253509442878603,0.6166892980645629,0.2339253707022975,0.0100700668078865,0.0860948667966211,1.0,454.0224,248.768,tumor_core,CTA_composition_plus_H&E_patch_feature_proxy,True,-63.340299886880835,63.340299886880835,False,True,False,False,True
GCCCAGATGCTGGAGA-1,1,37,121,6738,11874,39580.0,22460.0,26,26,0,0,1.0,0.0,0.0,Tumor,1.0,True,,positive,negative,negative,negative,Immune cells,0.434171600311408,0.1355677014160358,0.565828399688592,0.2397262506110477,0.021932540329151,0.0829568474563314,1.0,493.9584,280.3008,tumor_core,CTA_composition_plus_H&E_patch_feature_proxy,True,-25.16524943647488,25.16524943647488,False,True,False,False,True
GCCCGATCTGTGGTCG-1,1,53,63,9168,6819,22730.0,30560.0,25,18,2,5,0.72,0.08,0.2,Tumor,0.72,True,,positive,negative,negative,negative,Immune cells,0.5042275451270073,0.1161613963794342,0.4957724548729925,0.2064526641681603,0.0142414860681114,0.0923212169858196,1.0,283.6704,381.3888,tumor_core,CTA_composition_plus_H&E_patch_feature_proxy,True,-7.249628073218693,7.249628073218693,True,True,False,False,True
GCCCGCGCGTAAACGG-1,1,49,41,8563,4900,16333.3333333333,28543.3333333333,28,5,23,0,0.1785714285714285,0.8214285714285714,0.0,Immune cells,0.8214285714285714,True,,negative,positive,negative,positive,Immune cells,0.4708272228559013,0.1157208364882593,0.5291727771440986,0.200195535277823,-0.0023138341209059,0.0907617627947865,1.0,203.84,356.2208,immune_enriched,CTA_composition_plus_H&E_patch_feature_proxy,True,7.24962807321863,7.24962807321863,True,False,False,False,True
GCCCTGAGGATGGGCT-1,1,68,74,11443,7779,25930.0,38143.3333333333,11,2,0,9,0.1818181818181818,0.0,0.8181818181818182,Stroma,0.8181818181818182,True,,negative,negative,positive,negative,Immune cells,0.5258414353737801,0.1329084808066988,0.4741585646262198,0.2120362826571071,0.0197816522730976,0.109452279937316,1.0,323.6064,476.0288,stroma_rich,CTA_composition_plus_H&E_patch_feature_proxy,True,0.0,0.0,True,False,True,True,True
GCCGAAATTCCTACGT-1,1,35,45,6439,5248,17493.3333333333,21463.3333333333,22,22,0,0,1.0,0.0,0.0,Tumor,1.0,True,,positive,negative,negative,negative,Immune cells,0.492031937428711,0.1158427258848932,0.5079680625712889,0.1957525392428439,2.172614198033838e-05,0.102729044834308,1.0,218.3168,267.8624,tumor_core,CTA_composition_plus_H&E_patch_feature_proxy,True,-7.249628073218664,7.249628073218664,True,True,False,False,True
GCCGACCCACGACTGC-1,1,62,30,10535,3942,13140.0,35116.6666666667,31,31,0,0,1.0,0.0,0.0,Tumor,1.0,True,,positive,negative,negative,negative,Immune cells,0.4749515688085021,0.1274978504762797,0.5250484311914978,0.2093096518385747,0.0055727554179566,0.1116232847914994,1.0,163.9872,438.256,tumor_core,CTA_composition_plus_H&E_patch_feature_proxy,True,-7.280000000000001,7.280000000000001,True,True,False,False,True
GCCGATTGGCCAAGCT-1,1,41,61,7348,6643,22143.3333333333,24493.3333333333,20,20,0,0,1.0,0.0,0.0,Tumor,1.0,True,,positive,negative,negative,negative,Immune cells,0.4720076765701664,0.1220037215518645,0.5279923234298336,0.2084514692303514,0.0016620498614958,0.1092841035049497,1.0,276.3488,305.6768,tumor_core,CTA_composition_plus_H&E_patch_feature_proxy,True,-19.194557361919056,19.194557361919056,False,True,False,False,True
GCCGCACTCCGTTTCA-1,1,43,121,7648,11874,39580.0,25493.3333333333,6,4,0,2,0.6666666666666666,0.0,0.3333333333333333,Tumor,0.6666666666666666,True,,positive,negative,ambiguous,negative,Immune cells,0.3862944254340702,0.1306027431617167,0.6137055745659298,0.2423768399326489,0.0161316604204008,0.0638726445743989,1.0,493.9584,318.1568,mixed_boundary,CTA_composition_plus_H&E_patch_feature_proxy,True,0.0,0.0,True,False,True,True,True
GCCGCTTGTGAGAAAC-1,1,36,40,6591,4812,16040.0,21970.0,32,32,0,0,1.0,0.0,0.0,Tumor,1.0,True,,positive,negative,negative,negative,Immune cells,0.4516647656292433,0.126880661414694,0.5483352343707566,0.2391070555646081,0.0351637607951768,0.0997018690517142,1.0,200.17919999999998,274.18559999999997,tumor_core,CTA_composition_plus_H&E_patch_feature_proxy,True,-12.600611845462083,12.600611845462083,False,True,False,False,True
GCCGGGTTAGGGTCGC-1,1,41,59,7348,6469,21563.3333333333,24493.3333333333,31,31,0,0,1.0,0.0,0.0,Tumor,1.0,True,,positive,negative,negative,negative,Immune cells,0.477692683721688,0.1169821446747116,0.522307316278312,0.2086361414371842,-0.0002063983488132,0.1053166685777624,1.0,269.11039999999997,305.6768,tumor_core,CTA_composition_plus_H&E_patch_feature_proxy,True,-12.57978772475913,12.57978772475913,False,True,False,False,True
GCCGGTCGTATCTCTC-1,1,70,54,11748,6036,20120.0,39160.0,10,6,3,1,0.6,0.3,0.1,Tumor,0.6,True,,positive,ambiguous,negative,ambiguous,Immune cells,0.5161262288849058,0.1143174304027875,0.4838737711150943,0.2083428385204497,0.0190429634457661,0.0897259488590758,1.0,251.0976,488.7168,immune_enriched,CTA_composition_plus_H&E_patch_feature_proxy,True,7.249628073218664,7.249628073218664,True,False,False,False,True
GCCGTCGGTTTCGGGC-1,1,71,41,11900,4902,16340.0,39666.6666666667,23,12,1,10,0.5217391304347826,0.0434782608695652,0.4347826086956521,Tumor,0.5217391304347826,True,,ambiguous,negative,ambiguous,negative,Immune cells,0.7465971430123295,0.1483653266524174,0.2534028569876703,0.1199065775894845,0.0301667481396991,0.053705614799526,1.0,203.92319999999998,495.03999999999996,stroma_rich,CTA_composition_plus_H&E_patch_feature_proxy,True,0.0,0.0,True,False,True,True,True
GCCGTGGAAGAAATGT-1,1,39,115,7042,11351,37836.6666666667,23473.3333333333,28,28,0,0,1.0,0.0,0.0,Tumor,1.0,True,,positive,negative,negative,negative,Immune cells,0.4101098980681839,0.1271594837080591,0.589890101931816,0.2451686491771223,0.0253869969040247,0.0873523678477238,1.0,472.2016,292.9472,tumor_core,CTA_composition_plus_H&E_patch_feature_proxy,True,-33.2998840598582,33.2998840598582,False,True,False,False,True
GCCTACGTTCTGTGCA-1,1,68,82,11443,8476,28253.3333333333,38143.3333333333,19,16,0,3,0.8421052631578947,0.0,0.1578947368421052,Tumor,0.8421052631578947,True,,positive,negative,negative,negative,Immune cells,0.5059547734144443,0.1217919114339156,0.4940452265855557,0.2126120254195861,0.0148932703275215,0.0845010128807858,1.0,352.60159999999996,476.0288,tumor_core,CTA_composition_plus_H&E_patch_feature_proxy,True,-7.28000000000003,7.28000000000003,True,True,False,False,True
GCCTATAGTGTCAGGG-1,1,29,91,5526,9257,30856.6666666667,18420.0,16,15,0,1,0.9375,0.0,0.0625,Tumor,0.9375,True,,positive,negative,negative,negative,Immune cells,0.5978020386363225,0.1580475410607343,0.4021979613636774,0.1480962468089729,0.0063766226712291,0.1428658792951878,1.0,385.09119999999996,229.8816,tumor_core,CTA_composition_plus_H&E_patch_feature_proxy,True,-21.8210142239081,21.8210142239081,False,True,False,False,True
GCCTCATCTGGAAATA-1,1,41,95,7346,9607,32023.3333333333,24486.6666666667,24,24,0,0,1.0,0.0,0.0,Tumor,1.0,True,,positive,negative,negative,negative,Immune cells,0.4079698730831206,0.1293519968201369,0.5920301269168794,0.2171636521644669,-0.0016511867905056,0.0962848297213622,1.0,399.65119999999996,305.5936,tumor_core,CTA_composition_plus_H&E_patch_feature_proxy,True,-38.40274883494674,38.40274883494674,False,True,False,False,True
GCCTCCGACAATTCAC-1,1,60,98,10228,9871,32903.3333333333,34093.3333333333,20,17,1,2,0.85,0.05,0.1,Tumor,0.85,True,,positive,negative,negative,negative,Immune cells,0.5134720185396411,0.1163349345469077,0.4865279814603588,0.1989897343979143,0.0062571288903373,0.0842755035737492,1.0,410.6336,425.4848,tumor_core,CTA_composition_plus_H&E_patch_feature_proxy,True,-7.238399999999956,7.238399999999956,True,True,False,False,True
GCCTCTATACATAGCA-1,1,55,75,9471,7865,26216.6666666667,31570.0,27,27,0,0,1.0,0.0,0.0,Tumor,1.0,True,,positive,negative,negative,negative,Immune cells,0.5149964695019282,0.1204466704729626,0.4850035304980717,0.2155124653739612,0.0188039758839824,0.0842640369988151,1.0,327.18399999999997,393.99359999999996,tumor_core,CTA_composition_plus_H&E_patch_feature_proxy,True,-7.285702909122796,7.285702909122796,True,True,False,False,True
GCCTGTCCCGGTGCAT-1,1,73,63,12202,6820,22733.3333333333,40673.3333333333,24,22,1,1,0.9166666666666666,0.0416666666666666,0.0416666666666666,Tumor,0.9166666666666666,True,,positive,negative,negative,negative,Immune cells,0.6081364401716365,0.1680399033129623,0.3918635598283634,0.1824344142088968,0.0310140676769322,0.0863280204869472,1.0,283.712,507.60319999999996,tumor_core,CTA_composition_plus_H&E_patch_feature_proxy,True,-12.564646274368396,12.564646274368396,False,True,False,False,True
GCGAAACGATCGGGAG-1,1,54,100,9318,10044,33480.0,31060.0,20,19,0,1,0.95,0.0,0.05,Tumor,0.95,True,,positive,negative,negative,negative,Immune cells,0.4517878804337986,0.1276519465378253,0.5482121195662014,0.2263320840801695,0.0150236271794036,0.1004013301226923,1.0,417.8304,387.62879999999996,tumor_core,CTA_composition_plus_H&E_patch_feature_proxy,True,-26.26818486306198,26.26818486306198,False,True,False,False,True
GCGAAACTTAACTGGA-1,1,44,82,7802,8474,28246.6666666667,26006.6666666667,25,25,0,0,1.0,0.0,0.0,Tumor,1.0,True,,positive,negative,negative,negative,Immune cells,0.4618905364546558,0.1172155208014763,0.5381094635453442,0.2147737765466297,0.00836456466243,0.0950005733287466,1.0,352.5184,324.5632,tumor_core,CTA_composition_plus_H&E_patch_feature_proxy,True,-7.285702909122747,7.285702909122747,True,True,False,False,True
GCGAAGAATCTGACGG-1,1,66,84,11139,8651,28836.6666666667,37130.0,15,8,1,6,0.5333333333333333,0.0666666666666666,0.4,Tumor,0.5333333333333333,True,,ambiguous,negative,ambiguous,negative,Immune cells,0.5003602918545073,0.1270050292389676,0.4996397081454927,0.216272880343273,0.0149475856824724,0.0916867331728012,1.0,359.8816,463.38239999999996,stroma_rich,CTA_composition_plus_H&E_patch_feature_proxy,True,0.0,0.0,True,False,True,True,True
GCGACATGTAAACATC-1,1,37,107,6739,10653,35510.0,22463.3333333333,25,25,0,0,1.0,0.0,0.0,Tumor,1.0,True,,positive,negative,negative,negative,Immune cells,0.4109427335107634,0.1276709860757561,0.5890572664892365,0.2392156862745098,0.0186084406061593,0.0993808049535603,1.0,443.16479999999996,280.3424,tumor_core,CTA_composition_plus_H&E_patch_feature_proxy,True,-38.541810680869666,38.541810680869666,False,True,False,False,True
GCGACCCAACCATCTG-1,1,59,33,10080,4204,14013.3333333333,33600.0,9,0,5,4,0.0,0.5555555555555556,0.4444444444444444,Immune cells,0.5555555555555556,True,,negative,ambiguous,ambiguous,ambiguous,Immune cells,0.5100392881067478,0.1216817667652839,0.4899607118932523,0.1936885557547118,0.0035739503557655,0.1017008752818866,1.0,174.88639999999998,419.328,immune_enriched,CTA_composition_plus_H&E_patch_feature_proxy,True,7.280000000000001,7.280000000000001,True,False,False,False,True
GCGACGATAGTTGTAC-1,1,48,54,8410,6033,20110.0,28033.3333333333,19,19,0,0,1.0,0.0,0.0,Tumor,1.0,True,,positive,negative,negative,negative,Immune cells,0.476465156699799,0.1181541613814378,0.523534843300201,0.2196621584922057,0.0159795774265384,0.1002407980736154,1.0,250.97279999999998,349.856,tumor_core,CTA_composition_plus_H&E_patch_feature_proxy,True,-14.59211543813985,14.59211543813985,False,True,False,False,True
GCGACGGTAGTCTCCT-1,1,73,71,12202,7518,25060.0,40673.3333333333,8,0,3,5,0.0,0.375,0.625,Stroma,0.625,True,,negative,ambiguous,positive,ambiguous,Immune cells,0.7158293049445078,0.1231888280820885,0.2841706950554921,0.1353973168214654,0.0321981424148606,0.0997859572678974,1.0,312.74879999999996,507.60319999999996,immune_enriched,CTA_composition_plus_H&E_patch_feature_proxy,True,7.285702909122775,7.285702909122775,True,False,False,False,True
GCGAGAGGCCATGTAA-1,1,21,113,4311,11175,37250.0,14370.0,17,2,3,12,0.1176470588235294,0.1764705882352941,0.7058823529411765,Stroma,0.7058823529411765,True,,negative,negative,positive,negative,Immune cells,0.5906831061140984,0.1700843476177181,0.4093168938859015,0.1463798815925262,0.0130682744011732,0.155242135840691,1.0,464.88,179.33759999999998,stroma_rich,CTA_composition_plus_H&E_patch_feature_proxy,True,0.0,0.0,True,False,True,True,True
GCGAGAGTTGCGTCCA-1,1,33,107,6132,10653,35510.0,20440.0,26,16,10,0,0.6153846153846154,0.3846153846153846,0.0,Tumor,0.6153846153846154,True,,positive,ambiguous,negative,ambiguous,Immune cells,0.3771658247786649,0.1215485910975095,0.6228341752213351,0.2304600510564336,0.0037043072076476,0.0721744448266636,1.0,443.16479999999996,255.0912,immune_enriched,CTA_composition_plus_H&E_patch_feature_proxy,True,63.5209660379941,63.5209660379941,False,False,False,False,True
GCGAGCGCATGCTCCC-1,1,37,109,6739,10827,36090.0,22463.3333333333,25,25,0,0,1.0,0.0,0.0,Tumor,1.0,True,,positive,negative,negative,negative,Immune cells,0.4022414136476382,0.1285637628274828,0.5977585863523618,0.2442996034979088,0.0205094780294389,0.0885601804074456,1.0,450.40319999999997,280.3424,tumor_core,CTA_composition_plus_H&E_patch_feature_proxy,True,-40.52967399622157,40.52967399622157,False,True,False,False,True
GCGAGGCCCGAGCAGA-1,1,37,47,6742,5422,18073.3333333333,22473.3333333333,24,24,0,0,1.0,0.0,0.0,Tumor,1.0,True,,positive,negative,negative,negative,Immune cells,0.5058425216808791,0.1138928012768683,0.4941574783191209,0.195567867036011,0.0044864483189397,0.1003363528647326,1.0,225.55519999999999,280.4672,tumor_core,CTA_composition_plus_H&E_patch_feature_proxy,True,-7.285702909122762,7.285702909122762,True,True,False,False,True
GCGAGTTCTGCAAAGA-1,1,35,63,6438,6817,22723.3333333333,21460.0,25,25,0,0,1.0,0.0,0.0,Tumor,1.0,True,,positive,negative,negative,negative,Immune cells,0.4712038093168938,0.1270400037016923,0.5287961906831061,0.2211503992178588,0.0282005322904785,0.1064671482628139,1.0,283.5872,267.82079999999996,tumor_core,CTA_composition_plus_H&E_patch_feature_proxy,True,-7.238400000000013,7.238400000000013,True,True,False,False,True
GCGATTGTTAACGTTA-1,1,37,77,6740,8038,26793.3333333333,22466.6666666667,27,26,1,0,0.9629629629629628,0.037037037037037,0.0,Tumor,0.9629629629629628,True,,positive,negative,negative,negative,Immune cells,0.4596092915467202,0.1209511652842669,0.5403907084532799,0.2187496605290315,0.0164358264081255,0.1044108091579711,1.0,334.38079999999997,280.384,tumor_core,CTA_composition_plus_H&E_patch_feature_proxy,True,-7.27048521076828,7.27048521076828,True,True,False,False,True
GCGCAAATATATTCAA-1,1,58,28,9929,3768,12560.0,33096.6666666667,10,0,0,10,0.0,0.0,1.0,Stroma,1.0,True,,negative,negative,positive,negative,Immune cells,0.6275523690547317,0.1525735384875452,0.3724476309452682,0.1530389441094997,0.0162402911303025,0.1078125597217444,1.0,156.7488,413.0464,stroma_rich,CTA_composition_plus_H&E_patch_feature_proxy,True,0.0,0.0,True,False,True,True,True
GCGCAAGAGCGCGCTG-1,1,40,100,7194,10043,33476.6666666667,23980.0,24,22,2,0,0.9166666666666666,0.0833333333333333,0.0,Tumor,0.9166666666666666,True,,positive,negative,negative,negative,Immune cells,0.4204877518874585,0.1241937629757795,0.5795122481125414,0.2280593123676063,0.0059746890445929,0.0899820356992699,1.0,417.7888,299.2704,tumor_core,CTA_composition_plus_H&E_patch_feature_proxy,True,-26.215295492517352,26.215295492517352,False,True,False,False,True
GCGCATCCAGTCAGCA-1,1,29,95,5526,9606,32020.0,18420.0,34,29,5,0,0.8529411764705882,0.1470588235294117,0.0,Tumor,0.8529411764705882,True,,positive,negative,negative,negative,Immune cells,0.4770155522966343,0.1575919463814238,0.5229844477033657,0.1815001901037423,-0.0051816848623105,0.1436456063907044,1.0,399.6096,229.8816,tumor_core,CTA_composition_plus_H&E_patch_feature_proxy,True,-31.65770932964041,31.65770932964041,False,True,False,False,True
GCGCCGTTCCACGATA-1,1,41,65,7348,6992,23306.6666666667,24493.3333333333,31,31,0,0,1.0,0.0,0.0,Tumor,1.0,True,,positive,negative,negative,negative,Immune cells,0.4253109554070935,0.1228012063119993,0.5746890445929064,0.2214980174895443,0.0109934278420509,0.1000764438328937,1.0,290.86719999999997,305.6768,tumor_core,CTA_composition_plus_H&E_patch_feature_proxy,True,-31.61649262774098,31.61649262774098,False,True,False,False,True
GCGCCTCCCACTCCGA-1,1,48,110,8407,10916,36386.6666666667,28023.3333333333,17,3,12,2,0.1764705882352941,0.7058823529411765,0.1176470588235294,Immune cells,0.7058823529411765,True,,negative,positive,negative,positive,Immune cells,0.4568500715152173,0.1232259068576895,0.5431499284847826,0.2240399761012438,0.0126446146325566,0.090509498146237,1.0,454.1056,349.7312,immune_enriched,CTA_composition_plus_H&E_patch_feature_proxy,True,12.564646274368396,12.564646274368396,False,False,False,False,True
GCGCGGTCTAGTAACT-1,1,68,60,11444,6558,21860.0,38146.6666666667,12,0,5,7,0.0,0.4166666666666667,0.5833333333333334,Stroma,0.5833333333333334,True,,negative,ambiguous,ambiguous,ambiguous,Immune cells,0.5259898973439792,0.1149661910078039,0.4740101026560209,0.2056162077019173,0.0186844821030905,0.0846883002713756,1.0,272.8128,476.0704,immune_enriched,CTA_composition_plus_H&E_patch_feature_proxy,True,7.285702909122747,7.285702909122747,True,False,False,False,True
GCGCGTCATTGGTACA-1,1,57,83,9774,8563,28543.3333333333,32580.0,28,27,1,0,0.9642857142857144,0.0357142857142857,0.0,Tumor,0.9642857142857144,True,,positive,negative,negative,negative,Immune cells,0.4754766172396937,0.1194241829830613,0.5245233827603063,0.2178371625658574,0.0053989462821139,0.0830409356725146,1.0,356.2208,406.59839999999997,tumor_core,CTA_composition_plus_H&E_patch_feature_proxy,True,-7.28000000000003,7.28000000000003,True,True,False,False,True
GCGCTAATTGAATAGA-1,1,34,70,6286,7427,24756.6666666667,20953.3333333333,23,8,12,3,0.3478260869565217,0.5217391304347826,0.1304347826086956,Immune cells,0.5217391304347826,True,,ambiguous,ambiguous,negative,ambiguous,Immune cells,0.600307787011388,0.1860837396342121,0.3996922129886119,0.1725924718918038,0.0360653956873608,0.1306425104154722,1.0,308.9632,261.4976,immune_enriched,CTA_composition_plus_H&E_patch_feature_proxy,True,7.249628073218664,7.249628073218664,True,False,False,False,True
GCGCTATGCCGAGGCA-1,1,43,47,7652,5423,18076.6666666667,25506.6666666667,25,11,13,1,0.44,0.52,0.04,Immune cells,0.52,True,,ambiguous,ambiguous,negative,ambiguous,Immune cells,0.4764941248891061,0.1161465154589876,0.5235058751108939,0.2069306392917277,0.0089294443539188,0.0856362037992584,1.0,225.5968,318.3232,immune_enriched,CTA_composition_plus_H&E_patch_feature_proxy,True,7.238399999999984,7.238399999999984,True,False,False,False,True
GCGCTCGATCACCTGT-1,1,45,125,7951,12223,40743.3333333333,26503.3333333333,35,35,0,0,1.0,0.0,0.0,Tumor,1.0,True,,positive,negative,negative,negative,Immune cells,0.4014773776546629,0.1294469438547324,0.598522622345337,0.2260387811634349,0.0151974363152463,0.0860069563887933,1.0,508.47679999999997,330.7616,tumor_core,CTA_composition_plus_H&E_patch_feature_proxy,True,-19.226672140544757,19.226672140544757,False,True,False,False,True
GCGCTTAAATAATTGG-1,1,57,89,9774,9086,30286.6666666667,32580.0,22,22,0,0,1.0,0.0,0.0,Tumor,1.0,True,,positive,negative,negative,negative,Immune cells,0.4696974634729238,0.1279623223342088,0.5303025365270762,0.22893922111781,0.0174243658682309,0.0809769521843825,1.0,377.9776,406.59839999999997,tumor_core,CTA_composition_plus_H&E_patch_feature_proxy,True,-26.228197931234266,26.228197931234266,False,True,False,False,True
GCGGACCGCGTTGTGG-1,1,51,43,8866,5075,16916.6666666667,29553.3333333333,13,9,0,4,0.6923076923076923,0.0,0.3076923076923077,Tumor,0.6923076923076923,True,,positive,negative,ambiguous,negative,Immune cells,0.4772436767874277,0.1216671530238235,0.5227563232125721,0.2175981750040736,0.0102221498017489,0.1025761571685204,1.0,211.11999999999998,368.8256,mixed_boundary,CTA_composition_plus_H&E_patch_feature_proxy,True,0.0,0.0,True,False,True,True,True
GCGGAGAAACTTCGCA-1,1,55,33,9473,4203,14010.0,31576.6666666667,13,13,0,0,1.0,0.0,0.0,Tumor,1.0,True,,positive,negative,negative,negative,Immune cells,0.4802527474517046,0.1277518182641152,0.5197472525482955,0.2004562489815871,-0.004823203519635,0.1024232695027328,1.0,174.8448,394.0768,tumor_core,CTA_composition_plus_H&E_patch_feature_proxy,True,-14.535316219470442,14.535316219470442,False,True,False,False,True
GCGGAGAGGGAGAACG-1,1,46,78,8106,8126,27086.6666666667,27020.0,15,8,0,7,0.5333333333333333,0.0,0.4666666666666667,Tumor,0.5333333333333333,True,,ambiguous,negative,ambiguous,negative,Immune cells,0.473937682182753,0.1303721586597189,0.526062317817247,0.2157731790777253,0.0146108304817771,0.1058861751328211,1.0,338.04159999999996,337.20959999999997,stroma_rich,CTA_composition_plus_H&E_patch_feature_proxy,True,0.0,0.0,True,False,True,True,True
GCGGCAAAGTATTGCC-1,1,59,27,10080,3681,12270.0,33600.0,10,0,0,10,0.0,0.0,1.0,Stroma,1.0,True,,negative,negative,positive,negative,Immune cells,0.661419803378415,0.1463653101098902,0.3385801966215849,0.1262614741187333,0.0079409048938134,0.1092955700798838,1.0,153.12959999999998,419.328,stroma_rich,CTA_composition_plus_H&E_patch_feature_proxy,True,0.0,0.0,True,False,True,True,True
GCGGCTCTGACGTACC-1,1,38,38,6894,4638,15460.0,22980.0,25,25,0,0,1.0,0.0,0.0,Tumor,1.0,True,,positive,negative,negative,negative,Immune cells,0.4519616895696413,0.117628903266131,0.5480383104303587,0.220194448970724,0.016272880343273,0.0981577036272598,1.0,192.9408,286.7904,tumor_core,CTA_composition_plus_H&E_patch_feature_proxy,True,-14.476799999999997,14.476799999999997,False,True,False,False,True
GCGGCTTTAGCAAGTT-1,1,70,78,11746,8128,27093.3333333333,39153.3333333333,19,9,2,8,0.4736842105263157,0.1052631578947368,0.4210526315789473,Tumor,0.4736842105263157,True,,ambiguous,negative,ambiguous,negative,Immune cells,0.5496641500552206,0.1350490301888678,0.4503358499447794,0.2072130791374722,0.0275487480310683,0.1123380346290563,1.0,338.1248,488.6336,stroma_rich,CTA_composition_plus_H&E_patch_feature_proxy,True,0.0,0.0,True,False,True,True,True
GCGGGCAGACGGGTGA-1,1,75,69,12505,7344,24480.0,41683.3333333333,15,3,12,0,0.2,0.8,0.0,Immune cells,0.8,True,,negative,positive,negative,positive,Immune cells,0.7672949142722648,0.1002593977988998,0.2327050857277351,0.1145076313073706,0.0390744663516376,0.0388907999847112,1.0,305.5104,520.208,immune_enriched,CTA_composition_plus_H&E_patch_feature_proxy,True,21.7568,21.7568,False,False,False,False,True
GCGGGCATTACGATGC-1,1,31,119,5828,11699,38996.6666666667,19426.6666666667,24,24,0,0,1.0,0.0,0.0,Tumor,1.0,True,,positive,negative,negative,negative,Immune cells,0.4305397135770282,0.1310746606505678,0.5694602864229716,0.2501982510455706,0.0293737439574167,0.0951611053778236,1.0,486.67839999999995,242.4448,tumor_core,CTA_composition_plus_H&E_patch_feature_proxy,True,-36.392416124242146,36.392416124242146,False,True,False,False,True
GCGGGCGAGCCTTACC-1,1,55,51,9472,5773,19243.3333333333,31573.3333333333,19,12,6,1,0.631578947368421,0.3157894736842105,0.0526315789473684,Tumor,0.631578947368421,True,,positive,ambiguous,negative,ambiguous,Immune cells,0.480042728079228,0.1197966641258486,0.519957271920772,0.2172179675194177,0.016533594047037,0.0936972059779077,1.0,240.15679999999998,394.0352,immune_enriched,CTA_composition_plus_H&E_patch_feature_proxy,True,7.279999999999973,7.279999999999973,True,False,False,False,True
GCGGTCCCGGTGAAGG-1,1,17,119,3704,11697,38990.0,12346.6666666667,17,15,0,2,0.8823529411764706,0.0,0.1176470588235294,Tumor,0.8823529411764706,True,,positive,negative,negative,negative,Immune cells,0.6269730052685895,0.2012299544458061,0.3730269947314105,0.1213079137472163,0.0042040084731953,0.120196460650537,1.0,486.5952,154.0864,tumor_core,CTA_composition_plus_H&E_patch_feature_proxy,True,-7.285702909122747,7.285702909122747,True,True,False,False,True
GCGGTCTTGCTTTCAC-1,1,72,82,12050,8477,28256.6666666667,40166.6666666667,17,8,1,8,0.4705882352941176,0.0588235294117647,0.4705882352941176,Tumor,0.4705882352941176,True,,ambiguous,negative,ambiguous,negative,Immune cells,0.6952474064418012,0.1594664736997327,0.3047525935581988,0.1426212590299277,0.0280375862256259,0.0689332263119673,1.0,352.6432,501.28,stroma_rich,CTA_composition_plus_H&E_patch_feature_proxy,True,0.0,0.0,True,False,True,True,True
GCGGTTCCCTATCATG-1,1,47,49,8259,5597,18656.6666666667,27530.0,28,28,0,0,1.0,0.0,0.0,Tumor,1.0,True,,positive,negative,negative,negative,Immune cells,0.4566110839534336,0.1151374949755402,0.5433889160465664,0.2256694367497691,0.0121775025799793,0.0736650995680923,1.0,232.8352,343.57439999999997,tumor_core,CTA_composition_plus_H&E_patch_feature_proxy,True,-19.16893513578677,19.16893513578677,False,True,False,False,True
GCGTAAATGGCCATAA-1,1,34,102,6284,10217,34056.6666666667,20946.6666666667,22,20,1,1,0.9090909090909092,0.0454545454545454,0.0454545454545454,Tumor,0.9090909090909092,True,,positive,negative,negative,negative,Immune cells,0.4170731265728821,0.1171758378704024,0.5829268734271178,0.2148063657596002,-0.0031394275161588,0.0916561556396437,1.0,425.0272,261.4144,tumor_core,CTA_composition_plus_H&E_patch_feature_proxy,True,-52.33422192026937,52.33422192026937,False,True,False,False,True
GCGTCCCTAAGACATA-1,1,64,42,10838,4989,16630.0,36126.6666666667,22,19,2,1,0.8636363636363636,0.0909090909090909,0.0454545454545454,Tumor,0.8636363636363636,True,,positive,negative,negative,negative,Immune cells,0.5290713884815237,0.1198120542943814,0.4709286115184763,0.18907175058389,0.0054315354950844,0.1005465734051905,1.0,207.5424,450.8608,tumor_core,CTA_composition_plus_H&E_patch_feature_proxy,True,-7.238400000000013,7.238400000000013,True,True,False,False,True
GCGTCGCCAGGGTGAT-1,1,54,62,9320,6731,22436.6666666667,31066.6666666667,23,18,1,4,0.782608695652174,0.0434782608695652,0.1739130434782608,Tumor,0.782608695652174,True,,positive,negative,negative,negative,Immune cells,0.5019535422663987,0.1137036993043969,0.4980464577336013,0.2063114442452881,0.0128944652653305,0.0852845621679471,1.0,280.0096,387.712,tumor_core,CTA_composition_plus_H&E_patch_feature_proxy,True,-7.285702909122747,7.285702909122747,True,True,False,False,True
GCGTCTAACCTCCTAA-1,1,32,126,5979,12309,41030.0,19930.0,26,26,0,0,1.0,0.0,0.0,Tumor,1.0,True,,positive,negative,negative,negative,Immune cells,0.4266543551862111,0.1240728962858718,0.5733456448137888,0.221997718755092,0.0191081418717071,0.0929748117570614,1.0,512.0544,248.72639999999998,tumor_core,CTA_composition_plus_H&E_patch_feature_proxy,True,-19.27876138759959,19.27876138759959,False,True,False,False,True
GCGTCTCTGCATTGGG-1,1,39,41,7046,4899,16330.0,23486.6666666667,22,21,1,0,0.9545454545454546,0.0454545454545454,0.0,Tumor,0.9545454545454546,True,,positive,negative,negative,negative,Immune cells,0.4964532073217098,0.1262524184309746,0.5035467926782902,0.2002933029167345,0.0090923904187713,0.1001070213660513,1.0,203.7984,293.11359999999996,tumor_core,CTA_composition_plus_H&E_patch_feature_proxy,True,-7.285702909122762,7.285702909122762,True,True,False,False,True
GCGTGGTACTGGGTTA-1,1,35,95,6436,9607,32023.3333333333,21453.3333333333,28,21,7,0,0.75,0.25,0.0,Tumor,0.75,True,,positive,ambiguous,negative,ambiguous,Immune cells,0.4301160538084116,0.121990318802785,0.5698839461915883,0.2127315192004779,-0.0037151702786377,0.0995069372778351,1.0,399.65119999999996,267.7376,tumor_core,CTA_composition_plus_H&E_patch_feature_proxy,True,-31.69106457284134,31.69106457284134,False,True,False,False,True
GCGTTCTGACTAAGCG-1,1,57,127,9772,12399,41330.0,32573.3333333333,0,0,0,0,0.0,0.0,0.0,unmapped,0.0,False,no_CTA_object_captured,excluded,excluded,excluded,excluded,Immune cells,0.8017236072637735,0.0785963890180312,0.1982763927362265,0.1022758133724403,0.0409320514909564,0.0429881894278179,1.0,515.7984,406.5152,unmapped_or_excluded,CTA_composition_plus_H&E_patch_feature_proxy,True,12.600611845462156,12.600611845462156,False,False,False,False,True
GCTAACTGAAGTCTGA-1,1,58,88,9925,8999,29996.6666666667,33083.3333333333,21,18,2,1,0.8571428571428571,0.0952380952380952,0.0476190476190476,Tumor,0.8571428571428571,True,,positive,negative,negative,negative,Immune cells,0.4873463328082849,0.1287059402539808,0.5126536671917151,0.2262886317962087,0.0212807560697409,0.0831288460803424,1.0,374.35839999999996,412.88,tumor_core,CTA_composition_plus_H&E_patch_feature_proxy,True,-21.82101422390813,21.82101422390813,False,True,False,False,True
GCTAAGTAGTTTCTCT-1,1,34,80,6285,8299,27663.3333333333,20950.0,19,19,0,0,1.0,0.0,0.0,Tumor,1.0,True,,positive,negative,negative,negative,Immune cells,0.531211413466587,0.1382495583666315,0.468788586533413,0.1763836836673727,0.0037586225625984,0.1162022703818369,1.0,345.23839999999996,261.45599999999996,tumor_core,CTA_composition_plus_H&E_patch_feature_proxy,True,-7.285702909122796,7.285702909122796,True,True,False,False,True
GCTACAATCGAGGATA-1,1,62,104,10531,10394,34646.6666666667,35103.3333333333,24,15,6,3,0.625,0.25,0.125,Tumor,0.625,True,,positive,ambiguous,negative,ambiguous,Immune cells,0.5584378903916136,0.1175304207602683,0.4415621096083862,0.2001629460648525,0.0216826896963771,0.0950158620953254,1.0,432.3904,438.08959999999996,mixed_boundary,CTA_composition_plus_H&E_patch_feature_proxy,True,0.0,0.0,True,False,True,True,True
GCTACGACTTATTGGG-1,1,43,69,7651,7341,24470.0,25503.3333333333,29,29,0,0,1.0,0.0,0.0,Tumor,1.0,True,,positive,negative,negative,negative,Immune cells,0.4190321003747759,0.1227646122154222,0.580967899625224,0.2306229971212861,0.0165987724729781,0.0923250391774643,1.0,305.3856,318.28159999999997,tumor_core,CTA_composition_plus_H&E_patch_feature_proxy,True,-14.476799999999969,14.476799999999969,False,True,False,False,True
GCTACTATAGTAGAGT-1,1,50,94,8712,9521,31736.6666666667,29040.0,29,29,0,0,1.0,0.0,0.0,Tumor,1.0,True,,positive,negative,negative,negative,Immune cells,0.4452410696503902,0.1236407832927968,0.5547589303496099,0.2180218347726902,0.0028895768833849,0.1056300882926269,1.0,396.0736,362.4192,tumor_core,CTA_composition_plus_H&E_patch_feature_proxy,True,-19.208211577343647,19.208211577343647,False,True,False,False,True
GCTAGACCGTCTACTG-1,1,42,104,7497,10392,34640.0,24990.0,17,8,7,2,0.4705882352941176,0.4117647058823529,0.1176470588235294,Tumor,0.4705882352941176,True,,ambiguous,ambiguous,negative,ambiguous,Immune cells,0.4103018123223435,0.1357647951792275,0.5896981876776565,0.2272228559013633,0.0083319754494595,0.086010778580438,1.0,432.30719999999997,311.8752,immune_enriched,CTA_composition_plus_H&E_patch_feature_proxy,True,7.285702909122775,7.285702909122775,True,False,False,False,True
GCTAGAGTAGAGATGT-1,1,56,96,9622,9696,32320.0,32073.3333333333,8,7,1,0,0.875,0.125,0.0,Tumor,0.875,True,,positive,negative,negative,negative,Immune cells,0.5069541759455399,0.1252586385656401,0.4930458240544602,0.2054206724240942,0.0073542990603443,0.0863089095287237,1.0,403.3536,400.2752,tumor_core,CTA_composition_plus_H&E_patch_feature_proxy,True,-25.144369733202705,25.144369733202705,False,True,False,False,True
GCTAGCACCTGGGCCA-1,1,39,121,7041,11874,39580.0,23470.0,22,22,0,0,1.0,0.0,0.0,Tumor,1.0,True,,positive,negative,negative,negative,Immune cells,0.3897090507486466,0.1266413829053396,0.6102909492513534,0.2475693878659497,0.0209440008690456,0.0685815846806559,1.0,493.9584,292.9056,tumor_core,CTA_composition_plus_H&E_patch_feature_proxy,True,-25.251199999999983,25.251199999999983,False,True,False,False,True
GCTAGCGATAGGTCTT-1,1,66,24,11143,3420,11400.0,37143.3333333333,11,7,3,1,0.6363636363636364,0.2727272727272727,0.0909090909090909,Tumor,0.6363636363636364,True,,positive,ambiguous,negative,ambiguous,Immune cells,0.7419586116995274,0.1459282995945379,0.2580413883004724,0.0843082939547009,0.0027266308185324,0.0734166571111875,1.0,142.272,463.54879999999997,mixed_boundary,CTA_composition_plus_H&E_patch_feature_proxy,True,0.0,0.0,True,False,True,True,True
GCTAGCTTGAATAGCT-1,1,52,44,9018,5162,17206.6666666667,30060.0,20,20,0,0,1.0,0.0,0.0,Tumor,1.0,True,,positive,negative,negative,negative,Immune cells,0.4817373671536943,0.1234093748396938,0.5182626328463056,0.2172179675194177,0.0100266145239259,0.105519244734931,1.0,214.73919999999998,375.1488,tumor_core,CTA_composition_plus_H&E_patch_feature_proxy,True,-7.238399999999984,7.238399999999984,True,True,False,False,True
GCTAGGCACCACGGAG-1,1,54,84,9319,8650,28833.3333333333,31063.3333333333,24,21,1,2,0.875,0.0416666666666666,0.0833333333333333,Tumor,0.875,True,,positive,negative,negative,negative,Immune cells,0.4615284340883168,0.1280046859133822,0.5384715659116833,0.2153821085220791,0.0040953777632936,0.1004013301226923,1.0,359.84,387.6704,tumor_core,CTA_composition_plus_H&E_patch_feature_proxy,True,-14.556077185835472,14.556077185835472,False,True,False,False,True
GCTAGTAGAGCTTGTA-1,1,39,65,7044,6992,23306.6666666667,23480.0,24,24,0,0,1.0,0.0,0.0,Tumor,1.0,True,,positive,negative,negative,negative,Immune cells,0.428001375988992,0.124437418243035,0.5719986240110079,0.2112106892618543,0.0046276682418119,0.1087107747582463,1.0,290.86719999999997,293.0304,tumor_core,CTA_composition_plus_H&E_patch_feature_proxy,True,-26.182301050900776,26.182301050900776,False,True,False,False,True
GCTATACGTCTCGGAC-1,1,52,88,9015,8998,29993.3333333333,30050.0,23,23,0,0,1.0,0.0,0.0,Tumor,1.0,True,,positive,negative,negative,negative,Immune cells,0.4655803595676497,0.1245854637501812,0.5344196404323501,0.228808864265928,0.0173374613003096,0.0945189771815158,1.0,374.3168,375.024,tumor_core,CTA_composition_plus_H&E_patch_feature_proxy,True,-12.604800000000012,12.604800000000012,False,True,False,False,True
GCTATCATACTCATGG-1,1,54,78,9319,8126,27086.6666666667,31063.3333333333,17,15,0,2,0.8823529411764706,0.0,0.1176470588235294,Tumor,0.8823529411764706,True,,positive,negative,negative,negative,Immune cells,0.484308293954701,0.1284527961890606,0.515691706045299,0.2186736190321003,0.0149693118244527,0.099273783587509,1.0,338.04159999999996,387.6704,tumor_core,CTA_composition_plus_H&E_patch_feature_proxy,True,-19.222621340493596,19.222621340493596,False,True,False,False,True
GCTCAATCCGTTTATT-1,1,53,35,9170,4377,14590.0,30566.6666666667,27,26,1,0,0.9629629629629628,0.037037037037037,0.0,Tumor,0.9629629629629628,True,,positive,negative,negative,negative,Immune cells,0.4777506201003024,0.1229691595383729,0.5222493798996977,0.2,-0.0047580250936939,0.1039789015021213,1.0,182.0832,381.472,tumor_core,CTA_composition_plus_H&E_patch_feature_proxy,True,-12.600611845462083,12.600611845462083,False,True,False,False,True
GCTCAATGTAATACCG-1,1,62,58,10534,6384,21280.0,35113.3333333333,26,7,18,1,0.2692307692307692,0.6923076923076923,0.0384615384615384,Immune cells,0.6923076923076923,True,,ambiguous,positive,negative,positive,Immune cells,0.479894266109029,0.1212569537888386,0.520105733890971,0.2173374613003096,0.0072565314214328,0.0891908420288193,1.0,265.57439999999997,438.21439999999996,immune_enriched,CTA_composition_plus_H&E_patch_feature_proxy,True,7.238400000000013,7.238400000000013,True,False,False,False,True
GCTCCATGAGTGCAGA-1,1,57,125,9772,12224,40746.6666666667,32573.3333333333,11,0,9,2,0.0,0.8181818181818182,0.1818181818181818,Immune cells,0.8181818181818182,True,,negative,positive,negative,positive,Immune cells,0.7740155341915159,0.1119741983061511,0.225984465808484,0.1069903861821737,0.0366954538047906,0.0693383786263043,1.0,508.5184,406.5152,immune_enriched,CTA_composition_plus_H&E_patch_feature_proxy,True,7.285702909122775,7.285702909122775,True,False,False,False,True
GCTCCATGCAAAGCAA-1,1,69,55,11596,6123,20410.0,38653.3333333333,18,17,1,0,0.9444444444444444,0.0555555555555555,0.0,Tumor,0.9444444444444444,True,,positive,negative,negative,negative,Immune cells,0.5335180055401662,0.1100514627067906,0.4664819944598338,0.2031394275161588,0.0192710879365596,0.0813018384741811,1.0,254.71679999999998,482.3936,tumor_core,CTA_composition_plus_H&E_patch_feature_proxy,True,-7.280000000000001,7.280000000000001,True,True,False,False,True
GCTCCCAGTCGGTCCA-1,1,43,109,7649,10828,36093.3333333333,25496.6666666667,27,25,0,2,0.925925925925926,0.0,0.074074074074074,Tumor,0.925925925925926,True,,positive,negative,negative,negative,Immune cells,0.4329839045498163,0.12763131357098,0.5670160954501837,0.232024333279018,0.0126446146325566,0.0942284906165195,1.0,450.4448,318.1984,tumor_core,CTA_composition_plus_H&E_patch_feature_proxy,True,-14.518399999999986,14.518399999999986,False,True,False,False,True
GCTCCGCTCGCTTCAG-1,1,42,112,7497,11089,36963.3333333333,24990.0,20,20,0,0,1.0,0.0,0.0,Tumor,1.0,True,,positive,negative,negative,negative,Immune cells,0.4199699455035938,0.1265938719397512,0.5800300544964061,0.2417033295312584,0.0195209385693335,0.0913503803080686,1.0,461.3024,311.8752,tumor_core,CTA_composition_plus_H&E_patch_feature_proxy,True,-19.278761387599562,19.278761387599562,False,True,False,False,True
GCTCCTGACATACTGG-1,1,56,32,9625,4116,13720.0,32083.3333333333,30,30,0,0,1.0,0.0,0.0,Tumor,1.0,True,,positive,negative,negative,negative,Immune cells,0.5072728260279181,0.124575601200317,0.4927271739720819,0.1941339416653087,-0.0013361577317907,0.1044222757329052,1.0,171.2256,400.4,tumor_core,CTA_composition_plus_H&E_patch_feature_proxy,True,-14.571405818245557,14.571405818245557,False,True,False,False,True
GCTCGCTCATGTCCAA-1,1,41,99,7346,9956,33186.6666666667,24486.6666666667,28,28,0,0,1.0,0.0,0.0,Tumor,1.0,True,,positive,negative,negative,negative,Immune cells,0.4046204261944852,0.1278208941108821,0.5953795738055148,0.2231057519960892,0.0003693444136657,0.0887092458815884,1.0,414.1696,305.5936,tumor_core,CTA_composition_plus_H&E_patch_feature_proxy,True,-25.144369733202705,25.144369733202705,False,True,False,False,True
GCTCTTTCCGCTAGTG-1,1,64,54,10838,6035,20116.6666666667,36126.6666666667,30,29,1,0,0.9666666666666668,0.0333333333333333,0.0,Tumor,0.9666666666666668,True,,positive,negative,negative,negative,Immune cells,0.4739919975377038,0.1261965774176984,0.5260080024622961,0.2247243495736244,0.0166639508989191,0.0957000343997248,1.0,251.05599999999998,450.8608,tumor_core,CTA_composition_plus_H&E_patch_feature_proxy,True,-14.518399999999986,14.518399999999986,False,True,False,False,True
GCTGAACTCTCCAGGG-1,1,40,120,7193,11787,39290.0,23976.6666666667,15,15,0,0,1.0,0.0,0.0,Tumor,1.0,True,,positive,negative,negative,negative,Immune cells,0.4084550902540148,0.1286947704877391,0.5915449097459852,0.2435174623866167,0.0194340340014122,0.0764361885104919,1.0,490.3392,299.2288,tumor_core,CTA_composition_plus_H&E_patch_feature_proxy,True,-19.270905340434833,19.270905340434833,False,True,False,False,True
GCTGAGGCGTGAGTAT-1,1,40,64,7196,6905,23016.6666666667,23986.6666666667,24,23,0,1,0.9583333333333334,0.0,0.0416666666666666,Tumor,0.9583333333333334,True,,positive,negative,negative,negative,Immune cells,0.4180508029619973,0.1270718535477217,0.5819491970380026,0.2157297267937646,0.0044321329639889,0.1156977410847379,1.0,287.248,299.3536,tumor_core,CTA_composition_plus_H&E_patch_feature_proxy,True,-25.18037381771766,25.18037381771766,False,True,False,False,True
GCTGCACGGTTTCTTA-1,1,41,73,7347,7689,25630.0,24490.0,25,25,0,0,1.0,0.0,0.0,Tumor,1.0,True,,positive,negative,negative,negative,Immune cells,0.448724494414571,0.1209466508557262,0.551275505585429,0.2175981750040736,0.0080169463907446,0.1117647058823529,1.0,319.8624,305.6352,tumor_core,CTA_composition_plus_H&E_patch_feature_proxy,True,-12.646399999999971,12.646399999999971,False,True,False,False,True
GCTGCTAAGTAGTCGA-1,1,56,56,9624,6209,20696.6666666667,32080.0,18,3,15,0,0.1666666666666666,0.8333333333333334,0.0,Immune cells,0.8333333333333334,True,,negative,positive,negative,positive,Immune cells,0.4978509224557783,0.1219955384664417,0.5021490775442218,0.2037477594916082,0.0090923904187713,0.0923365057523984,1.0,258.2944,400.35839999999996,immune_enriched,CTA_composition_plus_H&E_patch_feature_proxy,True,7.238400000000013,7.238400000000013,True,False,False,False,True
GCTGCTACTGCGTAGC-1,1,51,75,8864,7865,26216.6666666667,29546.6666666667,16,14,1,1,0.875,0.0625,0.0625,Tumor,0.875,True,,positive,negative,negative,negative,Immune cells,0.455825321818478,0.1256629221579232,0.5441746781815219,0.2248764325674868,0.0094617348324371,0.0907082521117608,1.0,327.18399999999997,368.7424,tumor_core,CTA_composition_plus_H&E_patch_feature_proxy,True,-26.15194513301069,26.15194513301069,False,True,False,False,True
GCTGCTCTCCGGACAC-1,1,31,63,5831,6817,22723.3333333333,19436.6666666667,5,1,0,4,0.2,0.0,0.8,Stroma,0.8,True,,negative,negative,positive,negative,Immune cells,0.6499013271051727,0.114218939242193,0.3500986728948274,0.1709304220303079,0.0437021345934495,0.0847991438290716,1.0,283.5872,242.56959999999998,stroma_rich,CTA_composition_plus_H&E_patch_feature_proxy,True,12.604800000000012,12.604800000000012,False,False,True,False,True
GCTGGCGGCGCATGCT-1,1,54,64,9320,6906,23020.0,31066.6666666667,26,26,0,0,1.0,0.0,0.0,Tumor,1.0,True,,positive,negative,negative,negative,Immune cells,0.5012293375337207,0.1176449056934494,0.4987706624662791,0.2071696268535114,0.0138395524414752,0.0933532087298857,1.0,287.2896,387.712,tumor_core,CTA_composition_plus_H&E_patch_feature_proxy,True,-12.600611845462108,12.600611845462108,False,True,False,False,True
GCTGGTTTAGGCCATA-1,1,60,14,10233,2547,8490.0,34110.0,0,0,0,0,0.0,0.0,0.0,unmapped,0.0,False,no_CTA_object_captured,excluded,excluded,excluded,excluded,Immune cells,0.8000760414969312,0.1299205385004879,0.1999239585030687,0.0650915213730921,0.0184237683993264,0.0454305698887742,1.0,105.95519999999999,425.6928,unmapped_or_excluded,CTA_composition_plus_H&E_patch_feature_proxy,True,40.38590905154915,40.38590905154915,False,False,False,False,True
GCTGTATTACTGGCCC-1,1,46,38,8108,4638,15460.0,27026.6666666667,25,25,0,0,1.0,0.0,0.0,Tumor,1.0,True,,positive,negative,negative,negative,Immune cells,0.4397552188003548,0.1146180969954774,0.5602447811996452,0.2067459670848949,-0.0078974526098528,0.0916561556396437,1.0,192.9408,337.2928,tumor_core,CTA_composition_plus_H&E_patch_feature_proxy,True,-7.238400000000013,7.238400000000013,True,True,False,False,True
GCTGTTGCTACCGAAC-1,1,39,95,7043,9607,32023.3333333333,23476.6666666667,25,25,0,0,1.0,0.0,0.0,Tumor,1.0,True,,positive,negative,negative,negative,Immune cells,0.3902340991798381,0.1252375251361688,0.6097659008201619,0.2232578349899516,0.0005431535495084,0.0814853036731261,1.0,399.65119999999996,292.98879999999997,tumor_core,CTA_composition_plus_H&E_patch_feature_proxy,True,-44.174812588170695,44.174812588170695,False,True,False,False,True
GCTTAATGTAACTAAC-1,1,42,84,7499,8648,28826.6666666667,24996.6666666667,22,22,0,0,1.0,0.0,0.0,Tumor,1.0,True,,positive,negative,negative,negative,Immune cells,0.4772835080477252,0.1238633282149239,0.522716491952275,0.2076041496931182,0.00514909564934,0.1164812903718992,1.0,359.7568,311.9584,tumor_core,CTA_composition_plus_H&E_patch_feature_proxy,True,-19.270905340434844,19.270905340434844,False,True,False,False,True
GCTTACGTAGTTAGTA-1,1,36,112,6587,11089,36963.3333333333,21956.6666666667,28,28,0,0,1.0,0.0,0.0,Tumor,1.0,True,,positive,negative,negative,negative,Immune cells,0.377687252186193,0.1301356323632283,0.6223127478138069,0.2464939438379229,0.0194774862853728,0.0863241982953025,1.0,461.3024,274.0192,tumor_core,CTA_composition_plus_H&E_patch_feature_proxy,True,-50.94843558579593,50.94843558579593,False,True,False,False,True
GCTTATGAAGCAGGAA-1,1,35,89,6436,9084,30280.0,21453.3333333333,31,31,0,0,1.0,0.0,0.0,Tumor,1.0,True,,positive,negative,negative,negative,Immune cells,0.414255970162765,0.1268976109939543,0.585744029837235,0.2137526478735538,0.0005866058334691,0.0941100026755341,1.0,377.89439999999996,267.7376,tumor_core,CTA_composition_plus_H&E_patch_feature_proxy,True,-19.278761387599562,19.278761387599562,False,True,False,False,True
GCTTGCAGCACAATTG-1,1,19,117,4008,11523,38410.0,13360.0,19,9,9,1,0.4736842105263157,0.4736842105263157,0.0526315789473684,Tumor,0.4736842105263157,True,,ambiguous,ambiguous,negative,ambiguous,Immune cells,0.5263049264026941,0.1761125183111848,0.4736950735973059,0.1746781815219162,0.0160882081364401,0.1332148453923479,1.0,479.35679999999996,166.7328,immune_enriched,CTA_composition_plus_H&E_patch_feature_proxy,True,7.24962807321864,7.24962807321864,True,False,False,False,True
GCTTGGATCGATTAGG-1,1,31,97,5829,9781,32603.3333333333,19430.0,23,23,0,0,1.0,0.0,0.0,Tumor,1.0,True,,positive,negative,negative,negative,Immune cells,0.4180689080803142,0.1303507688226765,0.5819310919196856,0.2098528053880831,-0.0055075769920156,0.1184229637274012,1.0,406.8896,242.48639999999997,tumor_core,CTA_composition_plus_H&E_patch_feature_proxy,True,-33.262549424841154,33.262549424841154,False,True,False,False,True
GCTTTCAGAGGAGGTG-1,1,33,95,6133,9607,32023.3333333333,20443.3333333333,26,26,0,0,1.0,0.0,0.0,Tumor,1.0,True,,positive,negative,negative,negative,Immune cells,0.3981496569080079,0.1233563516586624,0.6018503430919921,0.2203791211775569,-0.0028569876704144,0.0932003210640981,1.0,399.65119999999996,255.13279999999997,tumor_core,CTA_composition_plus_H&E_patch_feature_proxy,True,-26.19231276538976,26.19231276538976,False,True,False,False,True
GGAAACTAAATGGGCC-1,1,60,102,10228,10219,34063.3333333333,34093.3333333333,26,25,1,0,0.9615384615384616,0.0384615384615384,0.0,Tumor,0.9615384615384616,True,,positive,negative,negative,negative,Immune cells,0.527373128383394,0.1223561213210144,0.472626871616606,0.1998696431481179,0.0154907392319808,0.0868019722508886,1.0,425.11039999999997,425.4848,tumor_core,CTA_composition_plus_H&E_patch_feature_proxy,True,-7.238400000000013,7.238400000000013,True,True,False,False,True
GGAAAGGGAATTGAGC-1,1,73,73,12202,7692,25640.0,40673.3333333333,7,0,4,3,0.0,0.5714285714285714,0.4285714285714285,Immune cells,0.5714285714285714,True,,negative,ambiguous,ambiguous,ambiguous,Immune cells,0.7185052414317529,0.1245241416788129,0.2814947585682472,0.1427190266688393,0.0372168812123187,0.0912433589420173,1.0,319.9872,507.60319999999996,immune_enriched,CTA_composition_plus_H&E_patch_feature_proxy,True,7.28000000000003,7.28000000000003,True,False,False,False,True
GGAACCGTGTAAATTG-1,1,49,47,8562,5423,18076.6666666667,28540.0,29,29,0,0,1.0,0.0,0.0,Tumor,1.0,True,,positive,negative,negative,negative,Immune cells,0.4596455017833541,0.1239789039063039,0.5403544982166458,0.2277116940959209,0.0174460920102112,0.0842028819325,1.0,225.5968,356.1792,tumor_core,CTA_composition_plus_H&E_patch_feature_proxy,True,-12.543762446730248,12.543762446730248,False,True,False,False,True
GGAACTTTGGCGATTA-1,1,60,110,10228,10917,36390.0,34093.3333333333,16,13,0,3,0.8125,0.0,0.1875,Tumor,0.8125,True,,positive,negative,negative,negative,Immune cells,0.5658501258305723,0.1096252984083928,0.4341498741694277,0.1867796426049644,0.0151105317473249,0.0823491189848259,1.0,454.1472,425.4848,tumor_core,CTA_composition_plus_H&E_patch_feature_proxy,True,-7.238399999999956,7.238399999999956,True,True,False,False,True
GGAAGGACACCGTATA-1,1,73,83,12201,8564,28546.6666666667,40670.0,28,0,25,3,0.0,0.8928571428571429,0.1071428571428571,Immune cells,0.8928571428571429,True,,negative,positive,negative,positive,Immune cells,0.7941303206416453,0.086845951994235,0.2058696793583544,0.1202759220031503,0.0426810059203737,0.0184458968772694,1.0,356.26239999999996,507.5616,immune_enriched,CTA_composition_plus_H&E_patch_feature_proxy,True,7.249628073218664,7.249628073218664,True,False,False,False,True
GGAATGCGCTAGCGTG-1,1,32,82,5982,8473,28243.3333333333,19940.0,24,12,8,4,0.5,0.3333333333333333,0.1666666666666666,Tumor,0.5,True,,ambiguous,ambiguous,negative,ambiguous,Immune cells,0.625807035648978,0.1463922481311895,0.374192964351022,0.1333224702623431,0.0072348052794525,0.1380231624813668,1.0,352.47679999999997,248.85119999999998,immune_enriched,CTA_composition_plus_H&E_patch_feature_proxy,True,21.75683977051814,21.75683977051814,False,False,False,False,True
GGACAACCATGAAGCC-1,1,70,102,11745,10220,34066.6666666667,39150.0,8,3,1,4,0.375,0.125,0.5,Stroma,0.5,True,,ambiguous,negative,ambiguous,negative,Immune cells,0.8179385512284323,0.0602874898691496,0.1820614487715676,0.1220900548585085,0.0506545000271576,0.0120857699805068,1.0,425.152,488.592,stroma_rich,CTA_composition_plus_H&E_patch_feature_proxy,True,0.0,0.0,True,False,True,True,True
GGACACAAGTTTACAC-1,1,47,111,8256,11003,36676.6666666667,27520.0,21,2,16,3,0.0952380952380952,0.7619047619047619,0.1428571428571428,Immune cells,0.7619047619047619,True,,negative,positive,negative,positive,Immune cells,0.4460883891876233,0.1243114300893723,0.5539116108123766,0.2293411547444462,0.0115474444625495,0.0869969040247678,1.0,457.72479999999996,343.4496,immune_enriched,CTA_composition_plus_H&E_patch_feature_proxy,True,14.535316219470442,14.535316219470442,False,False,False,False,True
GGACACCTCGGTGTTG-1,1,75,63,12506,6821,22736.6666666667,41686.6666666667,16,3,7,6,0.1875,0.4375,0.375,Immune cells,0.4375,True,,negative,ambiguous,ambiguous,ambiguous,Immune cells,0.7722557166911086,0.1013079505499555,0.2277442833088913,0.1414045950790288,0.0589430231926565,0.0471734892787524,1.0,283.7536,520.2496,immune_enriched,CTA_composition_plus_H&E_patch_feature_proxy,True,12.600611845462137,12.600611845462137,False,False,False,False,True
GGACCAACAGGATAAC-1,1,51,67,8865,7167,23890.0,29550.0,28,27,1,0,0.9642857142857144,0.0357142857142857,0.0,Tumor,0.9642857142857144,True,,positive,negative,negative,negative,Immune cells,0.4508536563286441,0.1127317896065582,0.5491463436713558,0.2154690130900005,-0.0014230622997121,0.0868440163589802,1.0,298.1472,368.784,tumor_core,CTA_composition_plus_H&E_patch_feature_proxy,True,-12.564646274368396,12.564646274368396,False,True,False,False,True
GGACCTCTAGGCCGCC-1,1,58,30,9929,3942,13140.0,33096.6666666667,16,8,0,8,0.5,0.0,0.5,Tumor,0.5,True,,ambiguous,negative,ambiguous,negative,Immune cells,0.5339054550721489,0.117047030754323,0.4660945449278511,0.1932323067731247,0.0133072619629569,0.0957420785078163,1.0,163.9872,413.0464,stroma_rich,CTA_composition_plus_H&E_patch_feature_proxy,True,0.0,0.0,True,False,True,True,True
GGACTCACAAATTAGG-1,1,49,121,8558,11875,39583.3333333333,28526.6666666667,28,26,0,2,0.9285714285714286,0.0,0.0714285714285714,Tumor,0.9285714285714286,True,,positive,negative,negative,negative,Immune cells,0.416421342313472,0.1250491809992984,0.583578657686528,0.2166530878279289,-0.0034544565748737,0.0871880136070022,1.0,494.0,356.01279999999997,tumor_core,CTA_composition_plus_H&E_patch_feature_proxy,True,-14.518459598731582,14.518459598731582,False,True,False,False,True
GGACTCGACAGCGCAT-1,1,68,46,11445,5338,17793.3333333333,38150.0,30,30,0,0,1.0,0.0,0.0,Tumor,1.0,True,,positive,negative,negative,negative,Immune cells,0.5033802255897744,0.1224827760866791,0.4966197744102257,0.2065287056650915,0.0099614360979849,0.1059549745824255,1.0,222.0608,476.11199999999997,tumor_core,CTA_composition_plus_H&E_patch_feature_proxy,True,-14.535316219470442,14.535316219470442,False,True,False,False,True
GGACTCGTGAGTGGTC-1,1,64,38,10838,4640,15466.6666666667,36126.6666666667,12,5,5,2,0.4166666666666667,0.4166666666666667,0.1666666666666666,Tumor,0.4166666666666667,True,,ambiguous,ambiguous,negative,ambiguous,Immune cells,0.5081599768254484,0.1200960370621252,0.4918400231745514,0.1921242735321275,0.00257454782467,0.106994610709781,1.0,193.024,450.8608,immune_enriched,CTA_composition_plus_H&E_patch_feature_proxy,True,7.238400000000013,7.238400000000013,True,False,False,False,True
GGACTCTTCCGGTTGA-1,1,57,123,9772,12050,40166.6666666667,32573.3333333333,15,1,13,1,0.0666666666666666,0.8666666666666667,0.0666666666666666,Immune cells,0.8666666666666667,True,,negative,positive,negative,positive,Immune cells,0.706881755472272,0.149394372898289,0.2931182445277279,0.1151051002118298,0.021096083862908,0.1128769636509574,1.0,501.28,406.5152,immune_enriched,CTA_composition_plus_H&E_patch_feature_proxy,True,7.285702909122747,7.285702909122747,True,False,False,False,True
GGACTCTTTGACTAAG-1,1,71,83,11898,8564,28546.6666666667,39660.0,21,16,3,2,0.7619047619047619,0.1428571428571428,0.0952380952380952,Tumor,0.7619047619047619,True,,positive,negative,negative,negative,Immune cells,0.6250719678453098,0.1626832969012218,0.37492803215469,0.1575905708543805,0.0174352289392211,0.0804953560371517,1.0,356.26239999999996,494.9568,tumor_core,CTA_composition_plus_H&E_patch_feature_proxy,True,-7.285702909122747,7.285702909122747,True,True,False,False,True
GGAGACCAATGTGCTT-1,1,22,118,4463,11611,38703.3333333333,14876.6666666667,30,30,0,0,1.0,0.0,0.0,Tumor,1.0,True,,positive,negative,negative,negative,Immune cells,0.4155993699418826,0.1241982787779637,0.5844006300581174,0.2454619520938569,0.0279941339416653,0.0869930818331231,1.0,483.01759999999996,185.6608,tumor_core,CTA_composition_plus_H&E_patch_feature_proxy,True,-14.592115438139858,14.592115438139858,False,True,False,False,True
GGAGACGACACCTTTG-1,1,43,67,7651,7166,23886.6666666667,25503.3333333333,30,30,0,0,1.0,0.0,0.0,Tumor,1.0,True,,positive,negative,negative,negative,Immune cells,0.4238154726341137,0.1254817790267259,0.5761845273658863,0.2283200260713703,0.016978979957634,0.0969613576424721,1.0,298.1056,318.28159999999997,tumor_core,CTA_composition_plus_H&E_patch_feature_proxy,True,-21.7568,21.7568,False,True,False,False,True
GGAGCAACATTTCAAG-1,1,57,103,9773,10306,34353.3333333333,32576.6666666667,28,28,0,0,1.0,0.0,0.0,Tumor,1.0,True,,positive,negative,negative,negative,Immune cells,0.4663045643003277,0.1247066706854275,0.5336954356996723,0.2186736190321003,0.0092444734126337,0.091812865497076,1.0,428.7296,406.5568,tumor_core,CTA_composition_plus_H&E_patch_feature_proxy,True,-7.285702909122775,7.285702909122775,True,True,False,False,True
GGAGCGAGGCCTACTT-1,1,67,69,11292,7343,24476.6666666667,37640.0,19,13,6,0,0.6842105263157895,0.3157894736842105,0.0,Tumor,0.6842105263157895,True,,positive,ambiguous,negative,ambiguous,Immune cells,0.5243387105534735,0.1225442362024126,0.4756612894465264,0.2084514692303514,0.0150670794633642,0.0775255131292283,1.0,305.4688,469.74719999999996,immune_enriched,CTA_composition_plus_H&E_patch_feature_proxy,True,12.564646274368425,12.564646274368425,False,False,False,False,True
GGAGGCCGAAGTCGTC-1,1,40,116,7193,11438,38126.6666666667,23976.6666666667,27,27,0,0,1.0,0.0,0.0,Tumor,1.0,True,,positive,negative,negative,negative,Immune cells,0.4074701718175728,0.1290139491301096,0.5925298281824272,0.2453315952419749,0.0241377437401553,0.0861904215877384,1.0,475.82079999999996,299.2288,tumor_core,CTA_composition_plus_H&E_patch_feature_proxy,True,-26.215295492517352,26.215295492517352,False,True,False,False,True
GGAGGGTCAAGTAAGA-1,1,62,114,10531,11266,37553.3333333333,35103.3333333333,12,9,1,2,0.75,0.0833333333333333,0.1666666666666666,Tumor,0.75,True,,positive,negative,negative,negative,Immune cells,0.7177231003204607,0.1424947350229705,0.2822768996795393,0.1416001303568518,0.0349139101624029,0.0715323166303558,1.0,468.6656,438.08959999999996,tumor_core,CTA_composition_plus_H&E_patch_feature_proxy,True,-7.238400000000013,7.238400000000013,True,True,False,False,True
GGATCCGGAATATACT-1,1,34,82,6285,8473,28243.3333333333,20950.0,30,16,14,0,0.5333333333333333,0.4666666666666667,0.0,Tumor,0.5333333333333333,True,,ambiguous,ambiguous,negative,ambiguous,Immune cells,0.5066789781471223,0.1345327442289823,0.4933210218528778,0.1823692357829558,-0.0002498506327738,0.107460918090433,1.0,352.47679999999997,261.45599999999996,immune_enriched,CTA_composition_plus_H&E_patch_feature_proxy,True,12.564646274368425,12.564646274368425,False,False,False,False,True
GGATCTTACTGCCCTT-1,1,65,35,10990,4379,14596.6666666667,36633.3333333333,20,19,1,0,0.95,0.05,0.0,Tumor,0.95,True,,positive,negative,negative,negative,Immune cells,0.5408324733402133,0.1107643789443723,0.4591675266597867,0.1810004888381945,0.003606539568736,0.1025532240186523,1.0,182.16639999999998,457.18399999999997,tumor_core,CTA_composition_plus_H&E_patch_feature_proxy,True,-7.285702909122747,7.285702909122747,True,True,False,False,True
GGATGAAGATCGCTGA-1,1,42,94,7498,9520,31733.3333333333,24993.3333333333,16,0,12,4,0.0,0.75,0.25,Immune cells,0.75,True,,negative,positive,ambiguous,positive,Immune cells,0.4521282566581572,0.1295142765622625,0.5478717433418427,0.2117321166693824,0.001998805062191,0.0949241294958529,1.0,396.032,311.91679999999997,immune_enriched,CTA_composition_plus_H&E_patch_feature_proxy,True,40.38590905154918,40.38590905154918,False,False,False,False,True
GGATGACGCGAGTTTA-1,1,37,45,6742,5248,17493.3333333333,22473.3333333333,27,27,0,0,1.0,0.0,0.0,Tumor,1.0,True,,positive,negative,negative,negative,Immune cells,0.5004435753987653,0.1206526726707163,0.4995564246012348,0.2005214274075281,0.0076801911900494,0.1044184535412605,1.0,218.3168,280.4672,tumor_core,CTA_composition_plus_H&E_patch_feature_proxy,True,-7.285702909122747,7.285702909122747,True,True,False,False,True
GGATGGCTTGAAGTAT-1,1,68,98,11442,9871,32903.3333333333,38140.0,30,30,0,0,1.0,0.0,0.0,Tumor,1.0,True,,positive,negative,negative,negative,Immune cells,0.6029149240490286,0.1628273525367122,0.3970850759509713,0.1557547118570419,0.0120362826571071,0.1310056186217177,1.0,410.6336,475.9872,tumor_core,CTA_composition_plus_H&E_patch_feature_proxy,True,-7.279999999999973,7.279999999999973,True,True,False,False,True
GGATGTCCTTACCGCA-1,1,35,91,6436,9258,30860.0,21453.3333333333,28,28,0,0,1.0,0.0,0.0,Tumor,1.0,True,,positive,negative,negative,negative,Immune cells,0.4391468868249054,0.1244967435538036,0.5608531131750946,0.2085926891532236,-0.0028569876704144,0.1024041585445094,1.0,385.1328,267.7376,tumor_core,CTA_composition_plus_H&E_patch_feature_proxy,True,-21.841743168529383,21.841743168529383,False,True,False,False,True
GGATTAATCATGGACC-1,1,71,75,11898,7866,26220.0,39660.0,18,16,2,0,0.8888888888888888,0.1111111111111111,0.0,Tumor,0.8888888888888888,True,,positive,negative,negative,negative,Immune cells,0.6023355602628863,0.1256515028578943,0.3976644397371137,0.1922329042420292,0.0336646569985334,0.1078431372549019,1.0,327.2256,494.9568,tumor_core,CTA_composition_plus_H&E_patch_feature_proxy,True,-12.543762446730252,12.543762446730252,False,True,False,False,True
GGATTGCTGTGACTCC-1,1,60,84,10229,8650,28833.3333333333,34096.6666666667,21,15,6,0,0.7142857142857143,0.2857142857142857,0.0,Tumor,0.7142857142857143,True,,positive,ambiguous,negative,ambiguous,Immune cells,0.4729419006753209,0.1243132691468851,0.5270580993246791,0.2183260007604149,0.0078540003258921,0.0833772885372472,1.0,359.84,425.52639999999997,tumor_core,CTA_composition_plus_H&E_patch_feature_proxy,True,-7.285702909122747,7.285702909122747,True,True,False,False,True
GGCAAAGGCGCCAATA-1,1,54,34,9322,4290,14300.0,31073.3333333333,29,29,0,0,1.0,0.0,0.0,Tumor,1.0,True,,positive,negative,negative,negative,Immune cells,0.4797530461861568,0.1227938920596777,0.5202469538138431,0.2012275270218891,-0.002770083102493,0.1065627030539311,1.0,178.464,387.79519999999997,tumor_core,CTA_composition_plus_H&E_patch_feature_proxy,True,-12.564646274368421,12.564646274368421,False,True,False,False,True
GGCAAATTACTTTACT-1,1,41,53,7349,5946,19820.0,24496.6666666667,32,17,14,1,0.53125,0.4375,0.03125,Tumor,0.53125,True,,ambiguous,ambiguous,negative,ambiguous,Immune cells,0.5411257762569479,0.1049541738836566,0.4588742237430522,0.1837053935147466,0.0046602574547824,0.0763138783778618,1.0,247.3536,305.7184,immune_enriched,CTA_composition_plus_H&E_patch_feature_proxy,True,12.564646274368371,12.564646274368371,False,False,False,False,True
GGCAAGCCAGGGATAG-1,1,17,121,3704,11872,39573.3333333333,12346.6666666667,20,20,0,0,1.0,0.0,0.0,Tumor,1.0,True,,positive,negative,negative,negative,Immune cells,0.5377835714156392,0.1888289721543863,0.4622164285843607,0.1559285209928846,0.0036934441366574,0.1354087833963995,1.0,493.87519999999995,154.0864,tumor_core,CTA_composition_plus_H&E_patch_feature_proxy,True,-12.600611845462058,12.600611845462058,False,True,False,False,True
GGCAAGCCCATAGTGG-1,1,67,61,11292,6646,22153.3333333333,37640.0,22,19,2,1,0.8636363636363636,0.0909090909090909,0.0454545454545454,Tumor,0.8636363636363636,True,,positive,negative,negative,negative,Immune cells,0.5331957344341246,0.1151016231199794,0.4668042655658754,0.2027266308185324,0.0180652870566509,0.0720444903107441,1.0,276.4736,469.74719999999996,tumor_core,CTA_composition_plus_H&E_patch_feature_proxy,True,-7.238400000000013,7.238400000000013,True,True,False,False,True
GGCAAGGCGAAATAGC-1,1,45,69,7954,7341,24470.0,26513.3333333333,33,33,0,0,1.0,0.0,0.0,Tumor,1.0,True,,positive,negative,negative,negative,Immune cells,0.436550612858255,0.1251600119889075,0.563449387141745,0.2241377437401553,0.0079952202487643,0.0870962810075297,1.0,305.3856,330.8864,tumor_core,CTA_composition_plus_H&E_patch_feature_proxy,True,-19.195278619493894,19.195278619493894,False,True,False,False,True
GGCACTCAGCCGACCC-1,1,55,123,9468,12050,40166.6666666667,31560.0,21,3,18,0,0.1428571428571428,0.8571428571428571,0.0,Immune cells,0.8571428571428571,True,,negative,positive,negative,positive,Immune cells,0.6824651929100356,0.1590000729909182,0.3175348070899643,0.1242735321275324,0.0207919178751833,0.1200550395596835,1.0,501.28,393.86879999999996,immune_enriched,CTA_composition_plus_H&E_patch_feature_proxy,True,12.5797877247591,12.5797877247591,False,False,False,False,True
GGCACTCCACTGGGCA-1,1,34,46,6287,5335,17783.3333333333,20956.6666666667,27,27,0,0,1.0,0.0,0.0,Tumor,1.0,True,,positive,negative,negative,negative,Immune cells,0.4851918237285681,0.1171525009954657,0.5148081762714319,0.2139373200803867,0.0200532290478518,0.093005389290219,1.0,221.93599999999998,261.5392,tumor_core,CTA_composition_plus_H&E_patch_feature_proxy,True,-12.604800000000012,12.604800000000012,False,True,False,False,True
GGCAGCAAACCTATGC-1,1,51,103,8863,10306,34353.3333333333,29543.3333333333,12,9,2,1,0.75,0.1666666666666666,0.0833333333333333,Tumor,0.75,True,,positive,negative,negative,negative,Immune cells,0.4156428222258432,0.1292507411352612,0.5843571777741567,0.2280375862256259,0.0045407636738906,0.0802010472805106,1.0,428.7296,368.70079999999996,tumor_core,CTA_composition_plus_H&E_patch_feature_proxy,True,-7.306457067553343,7.306457067553343,True,True,False,False,True
GGCATTGAACATCTCA-1,1,74,58,12354,6385,21283.3333333333,41180.0,10,6,1,3,0.6,0.1,0.3,Tumor,0.6,True,,positive,negative,ambiguous,negative,Immune cells,0.7168576756649104,0.1573186988699902,0.2831423243350894,0.1426429851719081,0.0387268480799522,0.0541986775216909,1.0,265.616,513.9264,mixed_boundary,CTA_composition_plus_H&E_patch_feature_proxy,True,0.0,0.0,True,False,True,True,True
GGCCCAGCTGGTTTGC-1,1,70,74,11747,7779,25930.0,39156.6666666667,27,15,12,0,0.5555555555555556,0.4444444444444444,0.0,Tumor,0.5555555555555556,True,,ambiguous,ambiguous,negative,ambiguous,Immune cells,0.5802690420581899,0.1236202018701448,0.4197309579418101,0.2006300581174298,0.0308293954700993,0.1054772006268394,1.0,323.6064,488.67519999999996,immune_enriched,CTA_composition_plus_H&E_patch_feature_proxy,True,7.238400000000013,7.238400000000013,True,False,False,False,True
GGCCCGGAGCATGTCT-1,1,35,119,6435,11699,38996.6666666667,21450.0,24,24,0,0,1.0,0.0,0.0,Tumor,1.0,True,,positive,negative,negative,negative,Immune cells,0.4055691343942932,0.1271972054543318,0.5944308656057067,0.2435935038835479,0.0184672206832871,0.0825058288422581,1.0,486.67839999999995,267.69599999999997,tumor_core,CTA_composition_plus_H&E_patch_feature_proxy,True,-29.03682979941167,29.03682979941167,False,True,False,False,True
GGCCCGTATACCATGC-1,1,27,119,5221,11698,38993.3333333333,17403.3333333333,20,19,1,0,0.95,0.05,0.0,Tumor,0.95,True,,positive,negative,negative,negative,Immune cells,0.4399036807705538,0.1307558472733064,0.5600963192294461,0.2326869806094182,0.0211938515018195,0.0860757558383977,1.0,486.6368,217.1936,tumor_core,CTA_composition_plus_H&E_patch_feature_proxy,True,-19.208211577343654,19.208211577343654,False,True,False,False,True
GGCCGAGACTCTGGTG-1,1,62,32,10535,4117,13723.3333333333,35116.6666666667,9,5,2,2,0.5555555555555556,0.2222222222222222,0.2222222222222222,Tumor,0.5555555555555556,True,,ambiguous,ambiguous,ambiguous,ambiguous,Immune cells,0.4766099976463346,0.1302413039977075,0.5233900023536653,0.2078540003258921,0.0030307968062571,0.1198868631273172,1.0,171.2672,438.256,mixed_boundary,CTA_composition_plus_H&E_patch_feature_proxy,True,0.0,0.0,True,False,True,True,True
GGCCGGCGTCTGCTAT-1,1,65,79,10988,8215,27383.3333333333,36626.6666666667,19,8,6,5,0.4210526315789473,0.3157894736842105,0.2631578947368421,Tumor,0.4210526315789473,True,,ambiguous,ambiguous,ambiguous,ambiguous,Immune cells,0.4788658953886264,0.1254872937718345,0.5211341046113737,0.2261800010863071,0.0177068057139753,0.0831326682719871,1.0,341.74399999999997,457.1008,immune_enriched,CTA_composition_plus_H&E_patch_feature_proxy,True,12.600611845462108,12.600611845462108,False,False,False,False,True
GGCCGTTTGGGTTTCA-1,1,59,45,10080,5250,17500.0,33600.0,24,24,0,0,1.0,0.0,0.0,Tumor,1.0,True,,positive,negative,negative,negative,Immune cells,0.4741549436025564,0.1251188953703221,0.5258450563974435,0.2126120254195861,0.0034001412199228,0.1046783625730994,1.0,218.39999999999998,419.328,tumor_core,CTA_composition_plus_H&E_patch_feature_proxy,True,-12.600611845462083,12.600611845462083,False,True,False,False,True
GGCCTGCTCTGATGTT-1,1,72,64,12051,6908,23026.6666666667,40170.0,19,9,7,3,0.4736842105263157,0.3684210526315789,0.1578947368421052,Tumor,0.4736842105263157,True,,ambiguous,ambiguous,negative,ambiguous,Immune cells,0.5048503611971105,0.1271294317534966,0.4951496388028896,0.2062679919613274,0.015501602302971,0.0933455643465963,1.0,287.3728,501.3216,immune_enriched,CTA_composition_plus_H&E_patch_feature_proxy,True,7.306457067553315,7.306457067553315,True,False,False,False,True
GGCCTGCTTCTCCCGA-1,1,59,113,10076,11178,37260.0,33586.6666666667,27,27,0,0,1.0,0.0,0.0,Tumor,1.0,True,,positive,negative,negative,negative,Immune cells,0.5391595604077273,0.1109868316447475,0.4608404395922727,0.1960458421595785,0.0194340340014122,0.0767037419256201,1.0,465.0048,419.16159999999996,tumor_core,CTA_composition_plus_H&E_patch_feature_proxy,True,-7.238400000000013,7.238400000000013,True,True,False,False,True
GGCGAAATCTAACTTG-1,1,43,87,7650,8910,29700.0,25500.0,15,14,0,1,0.9333333333333332,0.0,0.0666666666666666,Tumor,0.9333333333333332,True,,positive,negative,negative,negative,Immune cells,0.4671265366719171,0.1246451292726202,0.5328734633280828,0.2136766063766226,0.0095269132583781,0.1102472957994113,1.0,370.656,318.24,tumor_core,CTA_composition_plus_H&E_patch_feature_proxy,True,-19.25397027939953,19.25397027939953,False,True,False,False,True
GGCGAACCGTTCTGAT-1,1,17,127,3704,12395,41316.6666666667,12346.6666666667,28,28,0,0,1.0,0.0,0.0,Tumor,1.0,True,,positive,negative,negative,negative,Immune cells,0.5082432603697066,0.1568074004592395,0.4917567396302935,0.1862038998424854,0.0208136440171636,0.1118526162901807,1.0,515.632,154.0864,tumor_core,CTA_composition_plus_H&E_patch_feature_proxy,True,-14.592115438139858,14.592115438139858,False,True,False,False,True
GGCGCATGAATTGATG-1,1,42,54,7500,6033,20110.0,25000.0,29,29,0,0,1.0,0.0,0.0,Tumor,1.0,True,,positive,negative,negative,negative,Immune cells,0.4940705737511994,0.1176518169909063,0.5059294262488006,0.2063331703872684,0.0067351040139047,0.0903107441807132,1.0,250.97279999999998,312.0,tumor_core,CTA_composition_plus_H&E_patch_feature_proxy,True,-12.600611845462083,12.600611845462083,False,True,False,False,True
GGCGCGGAGATCTTTC-1,1,58,86,9926,8824,29413.3333333333,33086.6666666667,26,26,0,0,1.0,0.0,0.0,Tumor,1.0,True,,positive,negative,negative,negative,Immune cells,0.4760089077182119,0.1247481671242129,0.5239910922817881,0.227396665037206,0.0167291293248601,0.0808393532851737,1.0,367.0784,412.92159999999996,tumor_core,CTA_composition_plus_H&E_patch_feature_proxy,True,-19.2082115773437,19.2082115773437,False,True,False,False,True
GGCGCGTTCGAGTTTA-1,1,47,59,8258,6469,21563.3333333333,27526.6666666667,29,29,0,0,1.0,0.0,0.0,Tumor,1.0,True,,positive,negative,negative,negative,Immune cells,0.4899498488222619,0.1152480358616282,0.5100501511777379,0.2056053446309271,0.0061267720384552,0.1019149180139892,1.0,269.11039999999997,343.5328,tumor_core,CTA_composition_plus_H&E_patch_feature_proxy,True,-12.57978772475913,12.57978772475913,False,True,False,False,True
GGCGCTTCATTCCCTG-1,1,67,71,11292,7517,25056.6666666667,37640.0,27,27,0,0,1.0,0.0,0.0,Tumor,1.0,True,,positive,negative,negative,negative,Immune cells,0.5224811254141545,0.1216605411763442,0.4775188745858454,0.2076150127641084,0.0135136603117701,0.0795092305928219,1.0,312.7072,469.74719999999996,tumor_core,CTA_composition_plus_H&E_patch_feature_proxy,True,-12.57978772475913,12.57978772475913,False,True,False,False,True
GGCGGAGTAATATTAG-1,1,32,46,5984,5334,17780.0,19946.6666666667,13,7,3,3,0.5384615384615384,0.2307692307692307,0.2307692307692307,Tumor,0.5384615384615384,True,,ambiguous,ambiguous,ambiguous,ambiguous,Immune cells,0.5452465011858852,0.1487062240498976,0.4547534988141147,0.1840095595024713,0.0195643908532942,0.0949661736039445,1.0,221.8944,248.93439999999998,mixed_boundary,CTA_composition_plus_H&E_patch_feature_proxy,True,0.0,0.0,True,False,True,True,True
GGCGGGCTCTAAGAGT-1,1,53,127,9165,12398,41326.6666666667,30550.0,15,3,9,3,0.2,0.6,0.2,Immune cells,0.6,True,,negative,positive,negative,positive,Immune cells,0.683620299458657,0.1782489602999756,0.316379700541343,0.1233936233773287,0.0282657107164195,0.1025723349768757,1.0,515.7568,381.264,immune_enriched,CTA_composition_plus_H&E_patch_feature_proxy,True,26.15194513301069,26.15194513301069,False,False,False,False,True
GGCGGTAGGATCATTG-1,1,31,69,5831,7340,24466.6666666667,19436.6666666667,0,0,0,0,0.0,0.0,0.0,unmapped,0.0,False,no_CTA_object_captured,excluded,excluded,excluded,excluded,Immune cells,0.7349338257925515,0.1118861575401775,0.2650661742074484,0.103731464885123,0.0214219759926131,0.1147536597484998,1.0,305.344,242.56959999999998,unmapped_or_excluded,CTA_composition_plus_H&E_patch_feature_proxy,True,12.604800000000012,12.604800000000012,False,False,False,False,True
GGCGTAGGGAAAGCTG-1,1,64,82,10836,8476,28253.3333333333,36120.0,21,16,0,5,0.7619047619047619,0.0,0.238095238095238,Tumor,0.7619047619047619,True,,positive,negative,ambiguous,negative,Immune cells,0.4830662828381583,0.1216864384991,0.5169337171618417,0.2189234696648742,0.0131551789690945,0.0853495394259068,1.0,352.60159999999996,450.7776,tumor_core,CTA_composition_plus_H&E_patch_feature_proxy,True,-12.604800000000012,12.604800000000012,False,True,False,False,True
GGCTACTATACACTCC-1,1,64,44,10838,5163,17210.0,36126.6666666667,21,14,6,1,0.6666666666666666,0.2857142857142857,0.0476190476190476,Tumor,0.6666666666666666,True,,positive,ambiguous,negative,ambiguous,Immune cells,0.5137254901960785,0.1201009036698885,0.4862745098039216,0.1965889957090869,0.004442996034979,0.095684745633146,1.0,214.7808,450.8608,mixed_boundary,CTA_composition_plus_H&E_patch_feature_proxy,True,0.0,0.0,True,False,True,True,True
GGCTATTAAGTTGTAT-1,1,33,41,6136,4899,16330.0,20453.3333333333,25,19,6,0,0.76,0.24,0.0,Tumor,0.76,True,,positive,ambiguous,negative,ambiguous,Immune cells,0.5294878062028135,0.117091403677519,0.4705121937971865,0.1711150942371408,-0.0040736516213133,0.0868631273172036,1.0,203.7984,255.2576,tumor_core,CTA_composition_plus_H&E_patch_feature_proxy,True,-14.592115438139873,14.592115438139873,False,True,False,False,True
GGCTCCTCCACCTGTT-1,1,59,35,10080,4378,14593.3333333333,33600.0,23,21,2,0,0.9130434782608696,0.0869565217391304,0.0,Tumor,0.9130434782608696,True,,positive,negative,negative,negative,Immune cells,0.5368855575471186,0.1162146972046286,0.4631144424528814,0.1907120743034055,0.0095920916843191,0.0941214692504682,1.0,182.1248,419.328,tumor_core,CTA_composition_plus_H&E_patch_feature_proxy,True,-7.285702909122762,7.285702909122762,True,True,False,False,True
GGCTCGCGTTGAGGTA-1,1,31,93,5829,9432,31440.0,19430.0,27,27,0,0,1.0,0.0,0.0,Tumor,1.0,True,,positive,negative,negative,negative,Immune cells,0.4192747089602231,0.120939580806918,0.5807252910397769,0.2153386562381184,-0.0023138341209059,0.0904024767801857,1.0,392.3712,242.48639999999997,tumor_core,CTA_composition_plus_H&E_patch_feature_proxy,True,-19.208211577343707,19.208211577343707,False,True,False,False,True
GGCTGAAATAGCAAAG-1,1,49,79,8561,8213,27376.6666666667,28536.6666666667,27,27,0,0,1.0,0.0,0.0,Tumor,1.0,True,,positive,negative,negative,negative,Immune cells,0.4443358137345428,0.1233835124788856,0.5556641862654572,0.220324805822606,0.0079843571777741,0.0988418759316591,1.0,341.6608,356.13759999999996,tumor_core,CTA_composition_plus_H&E_patch_feature_proxy,True,-14.571405818245523,14.571405818245523,False,True,False,False,True
GGCTTTCAATAAGGGT-1,1,60,62,10230,6732,22440.0,34100.0,18,11,4,3,0.6111111111111112,0.2222222222222222,0.1666666666666666,Tumor,0.6111111111111112,True,,positive,ambiguous,negative,ambiguous,Immune cells,0.4965002806293338,0.1131952862466098,0.5034997193706662,0.2160990712074303,0.0133724403888979,0.0864426862362878,1.0,280.0512,425.568,mixed_boundary,CTA_composition_plus_H&E_patch_feature_proxy,True,0.0,0.0,True,False,True,True,True
GGGAACGGGAGGTTAG-1,1,39,37,7046,4551,15170.0,23486.6666666667,23,23,0,0,1.0,0.0,0.0,Tumor,1.0,True,,positive,negative,negative,negative,Immune cells,0.4438216283743414,0.1179493889399703,0.5561783716256585,0.2108847971321492,0.0066156102330128,0.1018766960975423,1.0,189.3216,293.11359999999996,tumor_core,CTA_composition_plus_H&E_patch_feature_proxy,True,-12.564646274368425,12.564646274368425,False,True,False,False,True
GGGAACGGTTTCAGAT-1,1,64,32,10839,4117,13723.3333333333,36130.0,17,9,1,7,0.5294117647058824,0.0588235294117647,0.4117647058823529,Tumor,0.5294117647058824,True,,ambiguous,negative,ambiguous,negative,Immune cells,0.5022721923487771,0.1268072872868323,0.4977278076512231,0.1923306718809407,0.0007930041822823,0.1110308450865726,1.0,171.2672,450.9024,stroma_rich,CTA_composition_plus_H&E_patch_feature_proxy,True,0.0,0.0,True,False,True,True,True
GGGAAGACGGTCTGTC-1,1,64,76,10836,7953,26510.0,36120.0,16,7,0,9,0.4375,0.0,0.5625,Stroma,0.5625,True,,ambiguous,negative,ambiguous,negative,Immune cells,0.5037894012637373,0.1225317726086699,0.4962105987362628,0.223475096409755,0.0228233121503449,0.0773382257386385,1.0,330.84479999999996,450.7776,stroma_rich,CTA_composition_plus_H&E_patch_feature_proxy,True,0.0,0.0,True,False,True,True,True
GGGAAGGGCTTTCTCA-1,1,63,87,10684,8912,29706.6666666667,35613.3333333333,14,6,2,6,0.4285714285714285,0.1428571428571428,0.4285714285714285,Tumor,0.4285714285714285,True,,ambiguous,negative,ambiguous,negative,Immune cells,0.5081237665888146,0.1217249437319146,0.4918762334111853,0.2184454945413068,0.0230840258541089,0.0826434277414669,1.0,370.7392,444.45439999999996,stroma_rich,CTA_composition_plus_H&E_patch_feature_proxy,True,0.0,0.0,True,False,True,True,True
GGGACCCGTATATCTT-1,1,57,53,9776,5947,19823.3333333333,32586.6666666667,24,24,0,0,1.0,0.0,0.0,Tumor,1.0,True,,positive,negative,negative,negative,Immune cells,0.4603950536816758,0.1225783835714534,0.5396049463183241,0.220129270544783,0.0124708054967139,0.1048465390054657,1.0,247.3952,406.6816,tumor_core,CTA_composition_plus_H&E_patch_feature_proxy,True,-7.280000000000001,7.280000000000001,True,True,False,False,True
GGGACTGCATAGATAG-1,1,32,60,5983,6555,21850.0,19943.3333333333,11,0,2,9,0.0,0.1818181818181818,0.8181818181818182,Stroma,0.8181818181818182,True,,negative,negative,positive,negative,Immune cells,0.6036391287817066,0.1103563147937548,0.3963608712182934,0.1958937591657161,0.0466677529737656,0.0696326873829453,1.0,272.688,248.8928,stroma_rich,CTA_composition_plus_H&E_patch_feature_proxy,True,7.285702909122747,7.285702909122747,True,False,True,False,True
GGGAGAACTCACAGTA-1,1,32,64,5983,6904,23013.3333333333,19943.3333333333,16,0,0,16,0.0,0.0,1.0,Stroma,1.0,True,,negative,negative,positive,negative,Immune cells,0.6183766950917025,0.1490815935213713,0.3816233049082976,0.2091901580576829,0.0733040030416598,0.1097083667775102,1.0,287.2064,248.8928,stroma_rich,CTA_composition_plus_H&E_patch_feature_proxy,True,7.24962807321864,7.24962807321864,True,False,True,False,True
GGGAGCGACCGTAGTG-1,1,68,86,11443,8825,29416.6666666667,38143.3333333333,20,20,0,0,1.0,0.0,0.0,Tumor,1.0,True,,positive,negative,negative,negative,Immune cells,0.5263013053790306,0.1270724345768371,0.4736986946209693,0.2081581663136168,0.0172831459453587,0.0900393685739402,1.0,367.12,476.0288,tumor_core,CTA_composition_plus_H&E_patch_feature_proxy,True,-7.238400000000013,7.238400000000013,True,True,False,False,True
GGGAGGATGCCCGAAA-1,1,37,51,6742,5771,19236.6666666667,22473.3333333333,24,19,5,0,0.7916666666666666,0.2083333333333333,0.0,Tumor,0.7916666666666666,True,,positive,ambiguous,negative,ambiguous,Immune cells,0.515803957778864,0.1119961498005298,0.4841960422211359,0.1870512193797186,0.001031991744066,0.1036196154875205,1.0,240.0736,280.4672,tumor_core,CTA_composition_plus_H&E_patch_feature_proxy,True,-19.2082115773437,19.2082115773437,False,True,False,False,True
GGGAGTTAATGAGGCG-1,1,33,75,6134,7863,26210.0,20446.6666666667,20,16,4,0,0.8,0.2,0.0,Tumor,0.8,True,,positive,negative,negative,negative,Immune cells,0.6496333713540817,0.1409051471537031,0.3503666286459181,0.131323665200152,0.0134267557438487,0.1248633566487023,1.0,327.1008,255.1744,tumor_core,CTA_composition_plus_H&E_patch_feature_proxy,True,-19.226672140544757,19.226672140544757,False,True,False,False,True
GGGATCCCAATACAAA-1,1,18,120,3856,11785,39283.3333333333,12853.3333333333,22,22,0,0,1.0,0.0,0.0,Tumor,1.0,True,,positive,negative,negative,negative,Immune cells,0.4847536798652979,0.1808145003752235,0.5152463201347021,0.1795448373255119,0.006561294878062,0.1260558804418453,1.0,490.256,160.40959999999998,tumor_core,CTA_composition_plus_H&E_patch_feature_proxy,True,-7.279999999999973,7.279999999999973,True,True,False,False,True
GGGATGGTCGTAACCG-1,1,47,43,8259,5074,16913.3333333333,27530.0,10,0,4,6,0.0,0.4,0.6,Stroma,0.6,True,,negative,ambiguous,positive,ambiguous,Immune cells,0.4919558959317799,0.111428598677976,0.5080441040682201,0.1939927217424366,0.0038455271305197,0.081978366395291,1.0,211.0784,343.57439999999997,immune_enriched,CTA_composition_plus_H&E_patch_feature_proxy,True,7.238399999999984,7.238399999999984,True,False,False,False,True
GGGATTTACCGCACCT-1,1,42,90,7498,9171,30570.0,24993.3333333333,24,20,4,0,0.8333333333333334,0.1666666666666666,0.0,Tumor,0.8333333333333334,True,,positive,negative,negative,negative,Immune cells,0.5112378469393297,0.1241740223873763,0.4887621530606702,0.1959806637336375,0.0078540003258921,0.1084852654512097,1.0,381.5136,311.91679999999997,tumor_core,CTA_composition_plus_H&E_patch_feature_proxy,True,-31.68259932770672,31.68259932770672,False,True,False,False,True
GGGCACGTAGTACTGT-1,1,70,48,11748,5512,18373.3333333333,39160.0,25,22,2,1,0.88,0.08,0.04,Tumor,0.88,True,,positive,negative,negative,negative,Immune cells,0.5228070175438596,0.1169598332599827,0.4771929824561404,0.1787844223562001,-6.517842594101514e-05,0.1032297519397622,1.0,229.29919999999998,488.7168,tumor_core,CTA_composition_plus_H&E_patch_feature_proxy,True,-14.476799999999997,14.476799999999997,False,True,False,False,True
GGGCAGAGCAATCGTT-1,1,58,60,9927,6558,21860.0,33090.0,15,5,6,4,0.3333333333333333,0.4,0.2666666666666666,Immune cells,0.4,True,,ambiguous,ambiguous,ambiguous,ambiguous,Immune cells,0.4995491825539079,0.1182729437772458,0.5004508174460921,0.2064852533811308,0.0086252783661941,0.0967740702518824,1.0,272.8128,412.9632,immune_enriched,CTA_composition_plus_H&E_patch_feature_proxy,True,12.600611845462108,12.600611845462108,False,False,False,False,True
GGGCAGTCAACGCCAA-1,1,69,79,11595,8215,27383.3333333333,38650.0,21,21,0,0,1.0,0.0,0.0,Tumor,1.0,True,,positive,negative,negative,negative,Immune cells,0.4930422030307967,0.1317030408980422,0.5069577969692033,0.2223453370267774,0.0214437021345934,0.0949623514122998,1.0,341.74399999999997,482.352,tumor_core,CTA_composition_plus_H&E_patch_feature_proxy,True,-7.238400000000013,7.238400000000013,True,True,False,False,True
GGGCATGCATGTCGAG-1,1,73,55,12203,6123,20410.0,40676.6666666667,17,14,1,2,0.8235294117647058,0.0588235294117647,0.1176470588235294,Tumor,0.8235294117647058,True,,positive,negative,negative,negative,Immune cells,0.6635417232451614,0.1646623945546926,0.3364582767548385,0.1625658573678778,0.0362174786812231,0.0802660245384703,1.0,254.71679999999998,507.6448,tumor_core,CTA_composition_plus_H&E_patch_feature_proxy,True,-7.238400000000013,7.238400000000013,True,True,False,False,True
GGGCCCGTCTTAAACA-1,1,42,52,7500,5859,19530.0,25000.0,21,17,3,1,0.8095238095238095,0.1428571428571428,0.0476190476190476,Tumor,0.8095238095238095,True,,positive,negative,negative,negative,Immune cells,0.5205149095649341,0.1135142638285482,0.4794850904350659,0.2026071370376405,0.0163163326272337,0.0803080686465619,1.0,243.7344,312.0,tumor_core,CTA_composition_plus_H&E_patch_feature_proxy,True,-7.306457067553315,7.306457067553315,True,True,False,False,True
GGGCCGGCCGAAGTAC-1,1,36,84,6588,8648,28826.6666666667,21960.0,23,23,0,0,1.0,0.0,0.0,Tumor,1.0,True,,positive,negative,negative,negative,Immune cells,0.4494812883602194,0.1234016896858502,0.5505187116397804,0.2204008473195372,0.0129053283363206,0.0998700454840805,1.0,359.7568,274.0608,tumor_core,CTA_composition_plus_H&E_patch_feature_proxy,True,-19.19455736191904,19.19455736191904,False,True,False,False,True
GGGCGCAGCGTTACTC-1,1,34,120,6283,11786,39286.6666666667,20943.3333333333,27,27,0,0,1.0,0.0,0.0,Tumor,1.0,True,,positive,negative,negative,negative,Immune cells,0.4068980500787572,0.1274253158765604,0.5931019499212427,0.2365433708109282,0.0156102330128727,0.0789015021213163,1.0,490.2976,261.3728,tumor_core,CTA_composition_plus_H&E_patch_feature_proxy,True,-26.182301050900776,26.182301050900776,False,True,False,False,True
GGGCGGCAAATGAATT-1,1,49,45,8563,5249,17496.6666666667,28543.3333333333,29,26,3,0,0.896551724137931,0.1034482758620689,0.0,Tumor,0.896551724137931,True,,positive,negative,negative,negative,Immune cells,0.4739775134430503,0.1214899935143307,0.5260224865569496,0.2117538428113627,0.0065069795231111,0.0875167220884455,1.0,218.3584,356.2208,tumor_core,CTA_composition_plus_H&E_patch_feature_proxy,True,-7.285702909122762,7.285702909122762,True,True,False,False,True
GGGCGGGTTCCCTACG-1,1,43,37,7653,4551,15170.0,25510.0,26,26,0,0,1.0,0.0,0.0,Tumor,1.0,True,,positive,negative,negative,negative,Immune cells,0.4042402187098293,0.1264309001916738,0.5957597812901707,0.2188908804519037,-0.0041605561892346,0.0873103237396323,1.0,189.3216,318.3648,tumor_core,CTA_composition_plus_H&E_patch_feature_proxy,True,-19.208211577343693,19.208211577343693,False,True,False,False,True
GGGCGTCACCACGTAA-1,1,48,50,8411,5685,18950.0,28036.6666666667,23,23,0,0,1.0,0.0,0.0,Tumor,1.0,True,,positive,negative,negative,negative,Immune cells,0.4464649756486158,0.119622588418733,0.5535350243513841,0.2351637607951768,0.0195969800662647,0.0866070404770095,1.0,236.49599999999998,349.8976,tumor_core,CTA_composition_plus_H&E_patch_feature_proxy,True,-21.7568,21.7568,False,True,False,False,True
GGGCGTGGTTTCCCAG-1,1,61,81,10381,8389,27963.3333333333,34603.3333333333,26,26,0,0,1.0,0.0,0.0,Tumor,1.0,True,,positive,negative,negative,negative,Immune cells,0.477580431988123,0.1225752515447467,0.522419568011877,0.2167182662538699,0.0058226060507305,0.0900164354240721,1.0,348.9824,431.84959999999995,tumor_core,CTA_composition_plus_H&E_patch_feature_proxy,True,-7.238400000000013,7.238400000000013,True,True,False,False,True
GGGCGTTTACATTCAT-1,1,66,26,11142,3594,11980.0,37140.0,20,8,2,10,0.4,0.1,0.5,Stroma,0.5,True,,ambiguous,negative,ambiguous,negative,Immune cells,0.6676841743160791,0.1619032506921933,0.3323158256839207,0.1262832002607136,0.0133072619629569,0.1112678209685433,1.0,149.5104,463.50719999999995,stroma_rich,CTA_composition_plus_H&E_patch_feature_proxy,True,0.0,0.0,True,False,True,True,True
GGGCTATGATCGATGG-1,1,57,51,9776,5773,19243.3333333333,32586.6666666667,27,27,0,0,1.0,0.0,0.0,Tumor,1.0,True,,positive,negative,negative,negative,Immune cells,0.4625568048087193,0.1210658132130452,0.5374431951912806,0.2244636358698604,0.0156754114388137,0.0969193135343806,1.0,240.15679999999998,406.6816,tumor_core,CTA_composition_plus_H&E_patch_feature_proxy,True,-14.518400000000014,14.518400000000014,False,True,False,False,True
GGGCTGCCTAGGGCGA-1,1,33,69,6134,7340,24466.6666666667,20446.6666666667,22,0,0,22,0.0,0.0,1.0,Stroma,1.0,True,,negative,negative,positive,negative,Immune cells,0.6498252856082415,0.1674486893733756,0.3501747143917585,0.157688338493292,0.0430720764760197,0.1388907999847112,1.0,305.344,255.1744,stroma_rich,CTA_composition_plus_H&E_patch_feature_proxy,True,0.0,0.0,True,False,True,True,True
GGGTACTTCATGAACT-1,1,37,39,6742,4725,15750.0,22473.3333333333,27,25,1,1,0.925925925925926,0.037037037037037,0.037037037037037,Tumor,0.925925925925926,True,,positive,negative,negative,negative,Immune cells,0.4475693878659497,0.1255534712438182,0.5524306121340503,0.23730378578024,0.0313399598066373,0.0964147842372816,1.0,196.56,280.4672,tumor_core,CTA_composition_plus_H&E_patch_feature_proxy,True,-12.564646274368396,12.564646274368396,False,True,False,False,True
GGGTCACCGTGACGGT-1,1,35,47,6439,5422,18073.3333333333,21463.3333333333,27,26,0,1,0.9629629629629628,0.0,0.037037037037037,Tumor,0.9629629629629628,True,,positive,negative,negative,negative,Immune cells,0.4949975558090272,0.1153258031899979,0.5050024441909727,0.2007386888273314,0.0070827222855901,0.0997592019263845,1.0,225.55519999999999,267.8624,tumor_core,CTA_composition_plus_H&E_patch_feature_proxy,True,-7.249628073218679,7.249628073218679,True,True,False,False,True
GGGTCAGGAGCTAGAT-1,1,65,55,10989,6122,20406.6666666667,36630.0,24,17,5,2,0.7083333333333334,0.2083333333333333,0.0833333333333333,Tumor,0.7083333333333334,True,,positive,ambiguous,negative,ambiguous,Immune cells,0.4694548548874767,0.1210876883704952,0.5305451451125233,0.2227146814404432,0.013122589756124,0.0833390666208003,1.0,254.6752,457.14239999999995,tumor_core,CTA_composition_plus_H&E_patch_feature_proxy,True,-19.19455736191901,19.19455736191901,False,True,False,False,True
GGGTCGTGGCAAGTGT-1,1,25,107,4918,10652,35506.6666666667,16393.3333333333,28,28,0,0,1.0,0.0,0.0,Tumor,1.0,True,,positive,negative,negative,negative,Immune cells,0.529538500534101,0.1490416119837596,0.470461499465899,0.163923741241649,0.0037151702786377,0.16281389748882,1.0,443.1232,204.5888,tumor_core,CTA_composition_plus_H&E_patch_feature_proxy,True,-33.33138832512082,33.33138832512082,False,True,False,False,True
GGGTCTATCGCTTTCC-1,1,63,113,10683,11179,37263.3333333333,35610.0,11,5,3,3,0.4545454545454545,0.2727272727272727,0.2727272727272727,Tumor,0.4545454545454545,True,,ambiguous,ambiguous,ambiguous,ambiguous,Immune cells,0.7215975956402875,0.1408965666460335,0.2784024043597125,0.1401879311281299,0.0360436695453804,0.0766464090509498,1.0,465.0464,444.4128,mixed_boundary,CTA_composition_plus_H&E_patch_feature_proxy,True,0.0,0.0,True,False,True,True,True
GGGTGACACCTTAACT-1,1,46,56,8107,6208,20693.3333333333,27023.3333333333,20,20,0,0,1.0,0.0,0.0,Tumor,1.0,True,,positive,negative,negative,negative,Immune cells,0.4779316712834718,0.1170493034293763,0.5220683287165282,0.2167725816088208,0.0117755689533431,0.1002637312234835,1.0,258.2528,337.2512,tumor_core,CTA_composition_plus_H&E_patch_feature_proxy,True,-21.7568,21.7568,False,True,False,False,True
GGGTGCATATGAAAGC-1,1,30,112,5677,11088,36960.0,18923.3333333333,35,35,0,0,1.0,0.0,0.0,Tumor,1.0,True,,positive,negative,negative,negative,Immune cells,0.3874386689117013,0.124132967781336,0.6125613310882986,0.2454293628808864,0.0198468306990386,0.0845774567136796,1.0,461.26079999999996,236.1632,tumor_core,CTA_composition_plus_H&E_patch_feature_proxy,True,-50.33049887294978,50.33049887294978,False,True,False,False,True
GGGTTAACATTTGAGT-1,1,54,50,9321,5685,18950.0,31070.0,24,21,2,1,0.875,0.0833333333333333,0.0416666666666666,Tumor,0.875,True,,positive,negative,negative,negative,Immune cells,0.4895008418880017,0.1208466569082018,0.5104991581119983,0.2104068220085818,0.0147085981206887,0.0947865305966441,1.0,236.49599999999998,387.7536,tumor_core,CTA_composition_plus_H&E_patch_feature_proxy,True,-7.249628073218616,7.249628073218616,True,True,False,False,True
GGGTTTAGGATAGGAT-1,1,43,107,7649,10654,35513.3333333333,25496.6666666667,32,32,0,0,1.0,0.0,0.0,Tumor,1.0,True,,positive,negative,negative,negative,Immune cells,0.4162185649883221,0.1316954661700629,0.5837814350116778,0.2281462169355277,0.0067894193688555,0.0858731796812292,1.0,443.2064,318.1984,tumor_core,CTA_composition_plus_H&E_patch_feature_proxy,True,-7.279999999999973,7.279999999999973,True,True,False,False,True
GGTAACCGGGAGGATA-1,1,57,27,9777,3680,12266.6666666667,32590.0,18,5,8,5,0.2777777777777778,0.4444444444444444,0.2777777777777778,Immune cells,0.4444444444444444,True,,ambiguous,ambiguous,ambiguous,ambiguous,Immune cells,0.6939040066626836,0.1581141484296326,0.3060959933373164,0.1188745858454185,0.0140459507902884,0.0961854527386003,1.0,153.088,406.72319999999996,immune_enriched,CTA_composition_plus_H&E_patch_feature_proxy,True,7.285702909122762,7.285702909122762,True,False,False,False,True
GGTACAAACATGCTAT-1,1,40,54,7197,6033,20110.0,23990.0,29,11,18,0,0.3793103448275862,0.6206896551724138,0.0,Immune cells,0.6206896551724138,True,,ambiguous,positive,negative,positive,Immune cells,0.540550033494469,0.1021865256193994,0.4594499665055311,0.174406604747162,-0.0017055021454565,0.0798914497572908,1.0,250.97279999999998,299.3952,immune_enriched,CTA_composition_plus_H&E_patch_feature_proxy,True,7.238399999999984,7.238399999999984,True,False,False,False,True
GGTACACCAGATTTAT-1,1,26,118,5070,11611,38703.3333333333,16900.0,26,26,0,0,1.0,0.0,0.0,Tumor,1.0,True,,positive,negative,negative,negative,Immune cells,0.4102221498017489,0.1305109292266892,0.589777850198251,0.2493074792243767,0.028363478355331,0.0797958949661735,1.0,483.01759999999996,210.91199999999998,tumor_core,CTA_composition_plus_H&E_patch_feature_proxy,True,-21.75683977051814,21.75683977051814,False,True,False,False,True
GGTACCATTAAGACGG-1,1,29,105,5525,10478,34926.6666666667,18416.6666666667,29,29,0,0,1.0,0.0,0.0,Tumor,1.0,True,,positive,negative,negative,negative,Immune cells,0.4719787083808592,0.1443381222827504,0.5280212916191408,0.2059529629026125,0.0108413448481885,0.1364560639070443,1.0,435.8848,229.84,tumor_core,CTA_composition_plus_H&E_patch_feature_proxy,True,-58.234131132867454,58.234131132867454,False,True,False,False,True
GGTACGTTGCGGCCGG-1,1,66,112,11138,11092,36973.3333333333,37126.6666666667,11,5,3,3,0.4545454545454545,0.2727272727272727,0.2727272727272727,Tumor,0.4545454545454545,True,,ambiguous,ambiguous,ambiguous,ambiguous,Immune cells,0.8058443321927109,0.0936698870653431,0.194155667807289,0.1122698386833958,0.0404214871544185,0.0214272063601268,1.0,461.42719999999997,463.3408,mixed_boundary,CTA_composition_plus_H&E_patch_feature_proxy,True,0.0,0.0,True,False,True,True,True
GGTACTAAGTGCTTTG-1,1,51,123,8862,12049,40163.3333333333,29540.0,23,22,1,0,0.9565217391304348,0.0434782608695652,0.0,Tumor,0.9565217391304348,True,,positive,negative,negative,negative,Immune cells,0.5018702587221407,0.1440373825966613,0.4981297412778592,0.1921025473901471,0.00257454782467,0.1041623667010663,1.0,501.23839999999996,368.6592,tumor_core,CTA_composition_plus_H&E_patch_feature_proxy,True,-19.168935135786754,19.168935135786754,False,True,False,False,True
GGTAGAAGACCGCCTG-1,1,53,71,9168,7516,25053.3333333333,30560.0,30,2,28,0,0.0666666666666666,0.9333333333333332,0.0,Immune cells,0.9333333333333332,True,,negative,positive,negative,positive,Immune cells,0.4837687614288559,0.1207119136207774,0.5162312385711441,0.2117429797403726,0.0054206724240942,0.091530023315369,1.0,312.6656,381.3888,immune_enriched,CTA_composition_plus_H&E_patch_feature_proxy,True,19.222621340493557,19.222621340493557,False,False,False,False,True
GGTAGACCGTTGGGCG-1,1,53,53,9169,5947,19823.3333333333,30563.3333333333,19,18,0,1,0.9473684210526316,0.0,0.0526315789473684,Tumor,0.9473684210526316,True,,positive,negative,negative,negative,Immune cells,0.4801875690257635,0.1205473440541213,0.5198124309742364,0.2160664819944598,0.0149367226114822,0.0891755532622405,1.0,247.3952,381.43039999999996,tumor_core,CTA_composition_plus_H&E_patch_feature_proxy,True,-12.543762446730252,12.543762446730252,False,True,False,False,True
GGTAGGCCAATATCAC-1,1,74,54,12354,6036,20120.0,41180.0,13,12,0,1,0.9230769230769232,0.0,0.0769230769230769,Tumor,0.9230769230769232,True,,positive,negative,negative,negative,Immune cells,0.7691380153169302,0.1172468974486243,0.2308619846830698,0.1429254250176524,0.0537504752593558,0.0410235829224477,1.0,251.0976,513.9264,tumor_core,CTA_composition_plus_H&E_patch_feature_proxy,True,-12.543762446730224,12.543762446730224,False,True,False,False,True
GGTAGTGCTCGCACCA-1,1,34,72,6286,7601,25336.6666666667,20953.3333333333,25,21,3,1,0.84,0.12,0.04,Tumor,0.84,True,,positive,negative,negative,negative,Immune cells,0.5888363840457698,0.172794110472587,0.4111636159542302,0.1623051436641138,0.0185975775351691,0.1254672629285632,1.0,316.2016,261.4976,tumor_core,CTA_composition_plus_H&E_patch_feature_proxy,True,-12.543762446730252,12.543762446730252,False,True,False,False,True
GGTATAGTGACACATA-1,1,34,114,6283,11263,37543.3333333333,20943.3333333333,30,30,0,0,1.0,0.0,0.0,Tumor,1.0,True,,positive,negative,negative,negative,Immune cells,0.3907555265873662,0.1295219784461037,0.6092444734126338,0.2425832382814622,0.022834175221335,0.0925123265680541,1.0,468.5408,261.3728,tumor_core,CTA_composition_plus_H&E_patch_feature_proxy,True,-47.59078181665016,47.59078181665016,False,True,False,False,True
GGTATTGCCGAGTTTA-1,1,33,53,6135,5945,19816.6666666667,20450.0,9,2,1,6,0.2222222222222222,0.1111111111111111,0.6666666666666666,Stroma,0.6666666666666666,True,,ambiguous,negative,positive,negative,Immune cells,0.5833034598881103,0.1213558594078862,0.4166965401118896,0.1586768779533974,0.0095703655423388,0.0831632458051446,1.0,247.31199999999998,255.21599999999998,stroma_rich,CTA_composition_plus_H&E_patch_feature_proxy,True,0.0,0.0,True,False,True,True,True
GGTCAAGACTACTTCG-1,1,53,105,9166,10480,34933.3333333333,30553.3333333333,31,31,0,0,1.0,0.0,0.0,Tumor,1.0,True,,positive,negative,negative,negative,Immune cells,0.4920210743577209,0.1257457527832148,0.5079789256422791,0.2119928303731465,0.0125033947096844,0.0874326338722623,1.0,435.96799999999996,381.30559999999997,tumor_core,CTA_composition_plus_H&E_patch_feature_proxy,True,-19.2082115773437,19.2082115773437,False,True,False,False,True
GGTCAGTGGGTCCCAC-1,1,48,62,8410,6731,22436.6666666667,28033.3333333333,15,5,9,1,0.3333333333333333,0.6,0.0666666666666666,Immune cells,0.6,True,,ambiguous,positive,negative,positive,Immune cells,0.4834573533938043,0.1187747392071935,0.5165426466061955,0.2037151702786377,0.0036608549236869,0.1037266368535718,1.0,280.0096,349.856,immune_enriched,CTA_composition_plus_H&E_patch_feature_proxy,True,12.604800000000012,12.604800000000012,False,False,False,False,True
GGTCGGCCAGGAGCTT-1,1,32,84,5982,8647,28823.3333333333,19940.0,35,0,35,0,0.0,1.0,0.0,Immune cells,1.0,True,,negative,positive,negative,positive,Immune cells,0.5763221262650952,0.1402283732466637,0.4236778737349048,0.1451414914996469,-0.0022703818369453,0.1587547299621603,1.0,359.7152,248.85119999999998,immune_enriched,CTA_composition_plus_H&E_patch_feature_proxy,True,14.518459598731525,14.518459598731525,False,False,False,False,True
GGTCGGTCGTCCACAG-1,1,56,52,9624,5860,19533.3333333333,32080.0,21,21,0,0,1.0,0.0,0.0,Tumor,1.0,True,,positive,negative,negative,negative,Immune cells,0.466326290442308,0.1232342671084905,0.5336737095576919,0.2202813535386454,0.0141980337841507,0.1081871345029239,1.0,243.77599999999998,400.35839999999996,tumor_core,CTA_composition_plus_H&E_patch_feature_proxy,True,-12.600611845462083,12.600611845462083,False,True,False,False,True
GGTCTCCAAGTAGTGC-1,1,49,125,8558,12224,40746.6666666667,28526.6666666667,27,25,2,0,0.925925925925926,0.074074074074074,0.0,Tumor,0.925925925925926,True,,positive,negative,negative,negative,Immune cells,0.4954212155776438,0.1319411478067023,0.5045787844223562,0.2035848134267557,0.0204117103905274,0.1114589305507778,1.0,508.5184,356.01279999999997,tumor_core,CTA_composition_plus_H&E_patch_feature_proxy,True,-29.03682979941167,29.03682979941167,False,True,False,False,True
GGTCTCCGTCCAGGTT-1,1,63,101,10683,10132,33773.3333333333,35610.0,31,25,6,0,0.8064516129032258,0.1935483870967742,0.0,Tumor,0.8064516129032258,True,,positive,negative,negative,negative,Immune cells,0.5704741730487208,0.1178619413569598,0.4295258269512791,0.1961870620824506,0.0262451795122481,0.1017849634980697,1.0,421.4912,444.4128,tumor_core,CTA_composition_plus_H&E_patch_feature_proxy,True,-7.306457067553315,7.306457067553315,True,True,False,False,True
GGTCTCTGAATGGACT-1,1,52,34,9018,4290,14300.0,30060.0,37,37,0,0,1.0,0.0,0.0,Tumor,1.0,True,,positive,negative,negative,negative,Immune cells,0.4725037568120507,0.1336467482802712,0.5274962431879492,0.1998153277931671,-0.0009776763891152,0.1143905515422543,1.0,178.464,375.1488,tumor_core,CTA_composition_plus_H&E_patch_feature_proxy,True,-12.564646274368421,12.564646274368421,False,True,False,False,True
GGTCTTGAGCGCTCTT-1,1,65,65,10989,6994,23313.3333333333,36630.0,21,21,0,0,1.0,0.0,0.0,Tumor,1.0,True,,positive,negative,negative,negative,Immune cells,0.5223109373019752,0.1159210619128688,0.4776890626980247,0.2126663407745369,0.0201075444028026,0.0773344035469938,1.0,290.9504,457.14239999999995,tumor_core,CTA_composition_plus_H&E_patch_feature_proxy,True,-12.604800000000012,12.604800000000012,False,True,False,False,True
GGTGAAGTACAGGGAT-1,1,47,37,8260,4551,15170.0,27533.3333333333,22,20,2,0,0.9090909090909092,0.0909090909090909,0.0,Tumor,0.9090909090909092,True,,positive,negative,negative,negative,Immune cells,0.4459435482410878,0.1223092307628719,0.5540564517589123,0.2043886806800282,-0.0072999837053935,0.0872415242900279,1.0,189.3216,343.616,tumor_core,CTA_composition_plus_H&E_patch_feature_proxy,True,-7.285702909122762,7.285702909122762,True,True,False,False,True
GGTGATAAGGAGCAGT-1,1,37,79,6740,8212,27373.3333333333,22466.6666666667,17,16,1,0,0.9411764705882352,0.0588235294117647,0.0,Tumor,0.9411764705882352,True,,positive,negative,negative,negative,Immune cells,0.4572809733311607,0.1211187549602564,0.5427190266688392,0.2272337189723534,0.0245505404377817,0.0961434086305087,1.0,341.6192,280.384,tumor_core,CTA_composition_plus_H&E_patch_feature_proxy,True,-12.57978772475913,12.57978772475913,False,True,False,False,True
GGTGCATAAATGATTA-1,1,67,47,11293,5425,18083.3333333333,37643.3333333333,17,13,0,4,0.7647058823529411,0.0,0.2352941176470588,Tumor,0.7647058823529411,True,,positive,negative,ambiguous,negative,Immune cells,0.47374214690493,0.1209918376279274,0.52625785309507,0.2191950464396284,0.0101786975177882,0.0873141459312769,1.0,225.67999999999998,469.7888,tumor_core,CTA_composition_plus_H&E_patch_feature_proxy,True,-21.8210142239081,21.8210142239081,False,True,False,False,True
GGTGCTGGTACACATT-1,1,42,46,7501,5335,17783.3333333333,25003.3333333333,20,16,3,1,0.8,0.15,0.05,Tumor,0.8,True,,positive,negative,negative,negative,Immune cells,0.4826860753535024,0.1203943692449544,0.5173139246464976,0.1998587800771278,0.0047797512356743,0.1087719298245614,1.0,221.93599999999998,312.04159999999996,tumor_core,CTA_composition_plus_H&E_patch_feature_proxy,True,-12.564646274368396,12.564646274368396,False,True,False,False,True
GGTGGACTGCTCTGGC-1,1,55,85,9471,8737,29123.3333333333,31570.0,20,20,0,0,1.0,0.0,0.0,Tumor,1.0,True,,positive,negative,negative,negative,Immune cells,0.4448318939764271,0.1259288046859088,0.5551681060235728,0.2159687143555483,-0.0011188963119873,0.0964147842372816,1.0,363.4592,393.99359999999996,tumor_core,CTA_composition_plus_H&E_patch_feature_proxy,True,-19.2266721405448,19.2266721405448,False,True,False,False,True
GGTGGAGGTTGATACG-1,1,44,122,7800,11961,39870.0,26000.0,26,26,0,0,1.0,0.0,0.0,Tumor,1.0,True,,positive,negative,negative,negative,Immune cells,0.4103778538192747,0.1310725155219527,0.5896221461807253,0.2354787898538917,0.015240888599207,0.0750601995184038,1.0,497.57759999999996,324.47999999999996,tumor_core,CTA_composition_plus_H&E_patch_feature_proxy,True,-7.285702909122747,7.285702909122747,True,True,False,False,True
GGTGTAAATCGATTGT-1,1,69,65,11595,6994,23313.3333333333,38650.0,27,25,0,2,0.925925925925926,0.0,0.074074074074074,Tumor,0.925925925925926,True,,positive,negative,negative,negative,Immune cells,0.5428385204497311,0.1263529079204747,0.4571614795502688,0.1924936179457932,0.0135571125957308,0.0983488132094943,1.0,290.9504,482.352,tumor_core,CTA_composition_plus_H&E_patch_feature_proxy,True,-7.238400000000013,7.238400000000013,True,True,False,False,True
GGTGTAGGTAAGTAAA-1,1,70,50,11748,5687,18956.6666666667,39160.0,27,27,0,0,1.0,0.0,0.0,Tumor,1.0,True,,positive,negative,negative,negative,Immune cells,0.508442416671193,0.1127793679553472,0.491557583328807,0.1958503068817554,0.0092770626256042,0.0939876925429041,1.0,236.5792,488.7168,tumor_core,CTA_composition_plus_H&E_patch_feature_proxy,True,-12.564646274368396,12.564646274368396,False,True,False,False,True
GGTGTTGGGCGTCTTA-1,1,49,123,8558,12049,40163.3333333333,28526.6666666667,24,24,0,0,1.0,0.0,0.0,Tumor,1.0,True,,positive,negative,negative,negative,Immune cells,0.4329621784078358,0.1377377205955151,0.5670378215921642,0.2125033947096844,0.0035522242137852,0.0907885181362993,1.0,501.23839999999996,356.01279999999997,tumor_core,CTA_composition_plus_H&E_patch_feature_proxy,True,-21.75683977051814,21.75683977051814,False,True,False,False,True
GGTTACCACCCTCGGG-1,1,45,33,7956,4202,14006.6666666667,26520.0,21,21,0,0,1.0,0.0,0.0,Tumor,1.0,True,,positive,negative,negative,negative,Immune cells,0.5871345029239766,0.1638740789820681,0.4128654970760233,0.1477486285372874,-0.0048992450165661,0.1293162099147651,1.0,174.8032,330.96959999999996,tumor_core,CTA_composition_plus_H&E_patch_feature_proxy,True,-7.306457067553364,7.306457067553364,True,True,False,False,True
GGTTACCCGACACTTT-1,1,33,123,6131,12048,40160.0,20436.6666666667,18,18,0,0,1.0,0.0,0.0,Tumor,1.0,True,,positive,negative,negative,negative,Immune cells,0.4283200260713704,0.1324821688521109,0.5716799739286296,0.2351528977241866,0.0219542664711313,0.0815005924397049,1.0,501.1968,255.0496,tumor_core,CTA_composition_plus_H&E_patch_feature_proxy,True,-19.226672140544757,19.226672140544757,False,True,False,False,True
GGTTAGCTATATGTCT-1,1,47,87,8257,8910,29700.0,27523.3333333333,27,27,0,0,1.0,0.0,0.0,Tumor,1.0,True,,positive,negative,negative,negative,Immune cells,0.4725291039776945,0.1248478983179145,0.5274708960223055,0.2250936939872901,0.0172179675194177,0.1069219890685319,1.0,370.656,343.4912,tumor_core,CTA_composition_plus_H&E_patch_feature_proxy,True,-14.535316219470442,14.535316219470442,False,True,False,False,True
GGTTCTACTCGTCTGA-1,1,39,105,7042,10479,34930.0,23473.3333333333,25,25,0,0,1.0,0.0,0.0,Tumor,1.0,True,,positive,negative,negative,negative,Immune cells,0.3861640685821882,0.1243137266920673,0.6138359314178118,0.239682798327087,0.0121775025799793,0.0864082865114856,1.0,435.9264,292.9472,tumor_core,CTA_composition_plus_H&E_patch_feature_proxy,True,-25.251199999999983,25.251199999999983,False,True,False,False,True
GGTTTAATTACCATCG-1,1,63,39,10687,4727,15756.6666666667,35623.3333333333,32,32,0,0,1.0,0.0,0.0,Tumor,1.0,True,,positive,negative,negative,negative,Immune cells,0.5279416290985461,0.1195892644693703,0.4720583709014538,0.189843028624192,0.0069197762207376,0.0963345182127431,1.0,196.64319999999998,444.57919999999996,tumor_core,CTA_composition_plus_H&E_patch_feature_proxy,True,-12.543762446730252,12.543762446730252,False,True,False,False,True
GGTTTAATTGAGCAGG-1,1,26,116,5070,11437,38123.3333333333,16900.0,30,30,0,0,1.0,0.0,0.0,Tumor,1.0,True,,positive,negative,negative,negative,Immune cells,0.3966903843716619,0.1271863083372865,0.6033096156283381,0.2579979360165118,0.0335668893596219,0.079520697167756,1.0,475.7792,210.91199999999998,tumor_core,CTA_composition_plus_H&E_patch_feature_proxy,True,-28.995229842165372,28.995229842165372,False,True,False,False,True
GGTTTAGCCTTTCTTG-1,1,46,102,8104,10218,34060.0,27013.3333333333,32,32,0,0,1.0,0.0,0.0,Tumor,1.0,True,,positive,negative,negative,negative,Immune cells,0.4004345228396068,0.1285809645115163,0.5995654771603932,0.2376622671229156,0.0125142577806745,0.0839659060505293,1.0,425.06879999999995,337.1264,tumor_core,CTA_composition_plus_H&E_patch_feature_proxy,True,-21.82101422390813,21.82101422390813,False,True,False,False,True
GGTTTCAATCGGTCAG-1,1,33,91,6133,9258,30860.0,20443.3333333333,24,24,0,0,1.0,0.0,0.0,Tumor,1.0,True,,positive,negative,negative,negative,Immune cells,0.4219723715894483,0.1228099238841013,0.5780276284105516,0.2223453370267774,0.0061702243224159,0.1045063639490883,1.0,385.1328,255.13279999999997,tumor_core,CTA_composition_plus_H&E_patch_feature_proxy,True,-12.600611845462108,12.600611845462108,False,True,False,False,True
GGTTTGTGACCTGAGG-1,1,61,105,10380,10481,34936.6666666667,34600.0,22,21,1,0,0.9545454545454546,0.0454545454545454,0.0,Tumor,0.9545454545454546,True,,positive,negative,negative,negative,Immune cells,0.5205149095649341,0.122584333773886,0.4794850904350661,0.2043560914670577,0.0118950627342349,0.0957535450827504,1.0,436.0096,431.808,tumor_core,CTA_composition_plus_H&E_patch_feature_proxy,True,-7.238400000000013,7.238400000000013,True,True,False,False,True
GTAACATCTAAGATAA-1,1,56,110,9621,10916,36386.6666666667,32070.0,4,1,1,2,0.25,0.25,0.5,Stroma,0.5,True,,ambiguous,ambiguous,ambiguous,ambiguous,Immune cells,0.5081056614704977,0.1170612817409649,0.4918943385295023,0.2159361251425778,0.0176199011460539,0.08180636777128,1.0,454.1056,400.23359999999997,unmapped_or_excluded,CTA_composition_plus_H&E_patch_feature_proxy,True,7.279999999999973,7.279999999999973,True,False,False,False,True
GTAACTGCCCAAGGAG-1,1,66,46,11141,5338,17793.3333333333,37136.6666666667,21,10,11,0,0.4761904761904761,0.5238095238095238,0.0,Immune cells,0.5238095238095238,True,,ambiguous,ambiguous,negative,ambiguous,Immune cells,0.4777071678163417,0.1235462119168088,0.5222928321836583,0.2157188637227744,0.0062788550323176,0.1001758208156557,1.0,222.0608,463.4656,immune_enriched,CTA_composition_plus_H&E_patch_feature_proxy,True,14.556077185835486,14.556077185835486,False,False,False,False,True
GTAAGTAACAGTCTGG-1,1,40,82,7195,8474,28246.6666666667,23983.3333333333,27,27,0,0,1.0,0.0,0.0,Tumor,1.0,True,,positive,negative,negative,negative,Immune cells,0.4677783209313273,0.1185937668862008,0.5322216790686727,0.2048557927326055,0.0003150290587149,0.1061307953980812,1.0,352.5184,299.312,tumor_core,CTA_composition_plus_H&E_patch_feature_proxy,True,-31.781147619304086,31.781147619304086,False,True,False,False,True
GTAAGTCCACACTCTA-1,1,43,119,7648,11700,39000.0,25493.3333333333,14,14,0,0,1.0,0.0,0.0,Tumor,1.0,True,,positive,negative,negative,negative,Immune cells,0.3840747379284123,0.1308659925386552,0.6159252620715876,0.2444082342078105,0.0169572538156536,0.064056109773344,1.0,486.71999999999997,318.1568,tumor_core,CTA_composition_plus_H&E_patch_feature_proxy,True,-7.238400000000013,7.238400000000013,True,True,False,False,True
GTAATAAAGGGCTCCC-1,1,31,103,5829,10304,34346.6666666667,19430.0,34,32,2,0,0.9411764705882352,0.0588235294117647,0.0,Tumor,0.9411764705882352,True,,positive,negative,negative,negative,Immune cells,0.4361378161606286,0.1243169810364273,0.5638621838393713,0.2139807723643474,-4.3452283960677377e-05,0.1001796430073003,1.0,428.64639999999997,242.48639999999997,tumor_core,CTA_composition_plus_H&E_patch_feature_proxy,True,-54.77897098412858,54.77897098412858,False,True,False,False,True
GTAATCTGATTCTTCG-1,1,50,44,8714,5162,17206.6666666667,29046.6666666667,23,23,0,0,1.0,0.0,0.0,Tumor,1.0,True,,positive,negative,negative,negative,Immune cells,0.4773957597812902,0.1242449757245077,0.5226042402187098,0.2136874694476128,0.0077996849709412,0.1015900317241906,1.0,214.73919999999998,362.50239999999997,tumor_core,CTA_composition_plus_H&E_patch_feature_proxy,True,-7.2857029091228105,7.2857029091228105,True,True,False,False,True
GTACACTTACCTGAAG-1,1,36,64,6589,6904,23013.3333333333,21963.3333333333,26,26,0,0,1.0,0.0,0.0,Tumor,1.0,True,,positive,negative,negative,negative,Immune cells,0.4535802871471765,0.1267186123924671,0.5464197128528235,0.2120688718700777,0.0118516104502742,0.1234644345067461,1.0,287.2064,274.1024,tumor_core,CTA_composition_plus_H&E_patch_feature_proxy,True,-12.543762446730252,12.543762446730252,False,True,False,False,True
GTACAGAGGCAAGGGT-1,1,37,83,6740,8561,28536.6666666667,22466.6666666667,27,14,13,0,0.5185185185185185,0.4814814814814814,0.0,Tumor,0.5185185185185185,True,,ambiguous,ambiguous,negative,ambiguous,Immune cells,0.4583817645248312,0.1176132732430492,0.5416182354751687,0.2136766063766226,0.0084406061593612,0.0983564575927836,1.0,356.13759999999996,280.384,immune_enriched,CTA_composition_plus_H&E_patch_feature_proxy,True,19.226672140544757,19.226672140544757,False,False,False,False,True
GTACGCTTCATTGCAC-1,1,46,72,8106,7603,25343.3333333333,27020.0,34,34,0,0,1.0,0.0,0.0,Tumor,1.0,True,,positive,negative,negative,negative,Immune cells,0.4429489616714645,0.1236410241267361,0.5570510383285354,0.2241268806691651,0.0078865895388626,0.1025341130604288,1.0,316.28479999999996,337.20959999999997,tumor_core,CTA_composition_plus_H&E_patch_feature_proxy,True,-19.263135927465186,19.263135927465186,False,True,False,False,True
GTACGTTTGCCCGTCA-1,1,44,68,7803,7254,24180.0,26010.0,26,26,0,0,1.0,0.0,0.0,Tumor,1.0,True,,positive,negative,negative,negative,Immune cells,0.4157586949830717,0.1222554196342742,0.5842413050169283,0.2285698767041442,0.009841942317093,0.0932232542139662,1.0,301.7664,324.6048,tumor_core,CTA_composition_plus_H&E_patch_feature_proxy,True,-19.16893513578677,19.16893513578677,False,True,False,False,True
GTACTCCTGGGTATGC-1,1,26,102,5070,10216,34053.3333333333,16900.0,22,22,0,0,1.0,0.0,0.0,Tumor,1.0,True,,positive,negative,negative,negative,Immune cells,0.4756504263755363,0.1495475032912215,0.5243495736244635,0.2089077182119385,0.0182716854054641,0.1284791499445782,1.0,424.9856,210.91199999999998,tumor_core,CTA_composition_plus_H&E_patch_feature_proxy,True,-50.87736123974986,50.87736123974986,False,True,False,False,True
GTACTGGAGTTAGACC-1,1,33,81,6133,8386,27953.3333333333,20443.3333333333,30,30,0,0,1.0,0.0,0.0,Tumor,1.0,True,,positive,negative,negative,negative,Immune cells,0.5746057610486485,0.1426937787879598,0.4253942389513516,0.1548748031068383,0.0014991037966433,0.1139739326529832,1.0,348.8576,255.13279999999997,tumor_core,CTA_composition_plus_H&E_patch_feature_proxy,True,-14.571405818245571,14.571405818245571,False,True,False,False,True
GTAGACACGCCTGACT-1,1,63,67,10685,7168,23893.3333333333,35616.6666666667,18,18,0,0,1.0,0.0,0.0,Tumor,1.0,True,,positive,negative,negative,negative,Immune cells,0.500802056741441,0.125015932962941,0.4991979432585592,0.2210743577209277,0.0149367226114822,0.0928639681993655,1.0,298.1888,444.496,tumor_core,CTA_composition_plus_H&E_patch_feature_proxy,True,-14.535316219470413,14.535316219470413,False,True,False,False,True
GTAGAGGGAGACAAGT-1,1,51,31,8867,4029,13430.0,29556.6666666667,27,27,0,0,1.0,0.0,0.0,Tumor,1.0,True,,positive,negative,negative,negative,Immune cells,0.6122426810059203,0.2017067718789154,0.3877573189940796,0.1357123458801803,-0.0008038672532724,0.1033023735810113,1.0,167.60639999999998,368.86719999999997,tumor_core,CTA_composition_plus_H&E_patch_feature_proxy,True,-12.604800000000012,12.604800000000012,False,True,False,False,True
GTAGCCAAACATGGGA-1,1,50,70,8713,7429,24763.3333333333,29043.3333333333,21,21,0,0,1.0,0.0,0.0,Tumor,1.0,True,,positive,negative,negative,negative,Immune cells,0.4766353448119784,0.1148013294020105,0.5233646551880217,0.2054967139210254,-0.0029656183803161,0.0896456828345373,1.0,309.0464,362.4608,tumor_core,CTA_composition_plus_H&E_patch_feature_proxy,True,-25.16524943647488,25.16524943647488,False,True,False,False,True
GTAGCGGCTATACACT-1,1,39,69,7044,7340,24466.6666666667,23480.0,26,23,0,3,0.8846153846153846,0.0,0.1153846153846153,Tumor,0.8846153846153846,True,,positive,negative,negative,negative,Immune cells,0.4571687215975956,0.1141330090558817,0.5428312784024043,0.2021943403400141,-0.0019879419912009,0.0992623170125749,1.0,305.344,293.0304,tumor_core,CTA_composition_plus_H&E_patch_feature_proxy,True,-25.251199999999983,25.251199999999983,False,True,False,False,True
GTAGCTCCGGGAGGCT-1,1,65,37,10990,4553,15176.6666666667,36633.3333333333,23,23,0,0,1.0,0.0,0.0,Tumor,1.0,True,,positive,negative,negative,negative,Immune cells,0.5355819890282982,0.1137474585808603,0.4644180109717017,0.1837379827277171,0.0036391287817065,0.1086878416083782,1.0,189.4048,457.18399999999997,tumor_core,CTA_composition_plus_H&E_patch_feature_proxy,True,-7.285702909122762,7.285702909122762,True,True,False,False,True
GTAGCTTCCTCTTGTT-1,1,31,89,5830,9083,30276.6666666667,19433.3333333333,23,23,0,0,1.0,0.0,0.0,Tumor,1.0,True,,positive,negative,negative,negative,Immune cells,0.4555718501620408,0.1361486385788217,0.5444281498379592,0.2014556515126826,0.0023246971918961,0.1147574819401444,1.0,377.8528,242.528,tumor_core,CTA_composition_plus_H&E_patch_feature_proxy,True,-7.249628073218668,7.249628073218668,True,True,False,False,True
GTAGTCGCGGGAATCA-1,1,49,81,8561,8387,27956.6666666667,28536.6666666667,23,23,0,0,1.0,0.0,0.0,Tumor,1.0,True,,positive,negative,negative,negative,Immune cells,0.4617456955081201,0.1192627492235356,0.5382543044918798,0.2150562163923741,0.0047362989517136,0.1027749111340442,1.0,348.8992,356.13759999999996,tumor_core,CTA_composition_plus_H&E_patch_feature_proxy,True,-12.646399999999971,12.646399999999971,False,True,False,False,True
GTAGTCTACGATATTG-1,1,63,77,10685,8040,26800.0,35616.6666666667,13,3,0,10,0.2307692307692307,0.0,0.7692307692307693,Stroma,0.7692307692307693,True,,ambiguous,negative,positive,negative,Immune cells,0.5053681675809751,0.1231590887392244,0.4946318324190249,0.2234425071967845,0.0213133452827114,0.0895463058517754,1.0,334.464,444.496,stroma_rich,CTA_composition_plus_H&E_patch_feature_proxy,True,0.0,0.0,True,False,True,True,True
GTAGTTCGAAGGCGAA-1,1,65,39,10990,4727,15756.6666666667,36633.3333333333,17,17,0,0,1.0,0.0,0.0,Tumor,1.0,True,,positive,negative,negative,negative,Immune cells,0.5422301884742817,0.1127804602196765,0.4577698115257183,0.184824289826734,0.0087556352180761,0.0997209800099377,1.0,196.64319999999998,457.18399999999997,tumor_core,CTA_composition_plus_H&E_patch_feature_proxy,True,-7.280000000000001,7.280000000000001,True,True,False,False,True
GTATCAAACGTTAGCT-1,1,55,97,9470,9783,32610.0,31566.6666666667,29,29,0,0,1.0,0.0,0.0,Tumor,1.0,True,,positive,negative,negative,negative,Immune cells,0.495200333134177,0.1288523391275433,0.5047996668658229,0.2045733528868611,0.0057791537667698,0.0907732293697206,1.0,406.9728,393.952,tumor_core,CTA_composition_plus_H&E_patch_feature_proxy,True,-26.215295492517313,26.215295492517313,False,True,False,False,True
GTATCAAGGTACTTCC-1,1,72,72,12050,7605,25350.0,40166.6666666667,9,4,2,3,0.4444444444444444,0.2222222222222222,0.3333333333333333,Tumor,0.4444444444444444,True,,ambiguous,ambiguous,ambiguous,ambiguous,Immune cells,0.6516756287002335,0.1249617697387218,0.3483243712997664,0.1596871435554831,0.0279615447286948,0.1184802966020716,1.0,316.368,501.28,mixed_boundary,CTA_composition_plus_H&E_patch_feature_proxy,True,0.0,0.0,True,False,True,True,True
GTATCCTTTGGTAACC-1,1,64,92,10835,9348,31160.0,36116.6666666667,28,28,0,0,1.0,0.0,0.0,Tumor,1.0,True,,positive,negative,negative,negative,Immune cells,0.5089964332916915,0.1185925161061685,0.4910035667083084,0.2063874857422193,0.0114062245396773,0.0808431754768184,1.0,388.8768,450.736,tumor_core,CTA_composition_plus_H&E_patch_feature_proxy,True,-7.2385195392428265,7.2385195392428265,True,True,False,False,True
GTATCTTTCATAACCA-1,1,46,66,8106,7079,23596.6666666667,27020.0,28,28,0,0,1.0,0.0,0.0,Tumor,1.0,True,,positive,negative,negative,negative,Immune cells,0.4824579508627089,0.1218532584961657,0.5175420491372911,0.2104611373635327,0.0086795937211449,0.0986928104575163,1.0,294.4864,337.20959999999997,tumor_core,CTA_composition_plus_H&E_patch_feature_proxy,True,-14.476859769991583,14.476859769991583,False,True,False,False,True
GTATGTGGGTCTAGTT-1,1,38,92,6891,9345,31150.0,22970.0,20,20,0,0,1.0,0.0,0.0,Tumor,1.0,True,,positive,negative,negative,negative,Immune cells,0.397389241938696,0.1246758219035434,0.6026107580613039,0.2264407147900711,0.0069523654337081,0.0827007606161372,1.0,388.752,286.6656,tumor_core,CTA_composition_plus_H&E_patch_feature_proxy,True,-40.54455172473856,40.54455172473856,False,True,False,False,True
GTATTCTGAGAAACGA-1,1,48,38,8411,4639,15463.3333333333,28036.6666666667,29,29,0,0,1.0,0.0,0.0,Tumor,1.0,True,,positive,negative,negative,negative,Immune cells,0.438734090127279,0.117715033963575,0.561265909872721,0.2092010211286731,-0.0039650209114116,0.0962771853380728,1.0,192.98239999999998,349.8976,tumor_core,CTA_composition_plus_H&E_patch_feature_proxy,True,-12.56464627436845,12.56464627436845,False,True,False,False,True
GTATTTAATGGCATAA-1,1,52,120,9014,11788,39293.3333333333,30046.6666666667,16,6,9,1,0.375,0.5625,0.0625,Immune cells,0.5625,True,,ambiguous,ambiguous,negative,ambiguous,Immune cells,0.4813390545507214,0.1183103474478617,0.5186609454492785,0.1990766389658356,-0.0042909130411167,0.0851546076520276,1.0,490.38079999999997,374.9824,immune_enriched,CTA_composition_plus_H&E_patch_feature_proxy,True,7.238400000000013,7.238400000000013,True,False,False,False,True
GTCAACCAGGCCTATA-1,1,65,103,10987,10307,34356.6666666667,36623.3333333333,17,11,5,1,0.6470588235294118,0.2941176470588235,0.0588235294117647,Tumor,0.6470588235294118,True,,positive,ambiguous,negative,ambiguous,Immune cells,0.607973494106784,0.1349083775974232,0.3920265058932159,0.1747976753028081,0.0256802998207593,0.1031418415319344,1.0,428.77119999999996,457.0592,mixed_boundary,CTA_composition_plus_H&E_patch_feature_proxy,True,0.0,0.0,True,False,True,True,True
GTCAAGCGGACTCGGG-1,1,39,77,7044,8038,26793.3333333333,23480.0,19,18,0,1,0.9473684210526316,0.0,0.0526315789473684,Tumor,0.9473684210526316,True,,positive,negative,negative,negative,Immune cells,0.458566436731664,0.119998962521176,0.5414335632683359,0.2236923578295584,0.021161262288849,0.1078813591713488,1.0,334.38079999999997,293.0304,tumor_core,CTA_composition_plus_H&E_patch_feature_proxy,True,-19.278761387599562,19.278761387599562,False,True,False,False,True
GTCAATGCTATAATTT-1,1,22,120,4463,11785,39283.3333333333,14876.6666666667,27,27,0,0,1.0,0.0,0.0,Tumor,1.0,True,,positive,negative,negative,negative,Immune cells,0.4141545815001901,0.1225057100989264,0.5858454184998098,0.2453641844549453,0.0253869969040247,0.0801398922141956,1.0,490.256,185.6608,tumor_core,CTA_composition_plus_H&E_patch_feature_proxy,True,-19.253970279399507,19.253970279399507,False,True,False,False,True
GTCATGCGCGAGGGCT-1,1,64,98,10835,9871,32903.3333333333,36116.6666666667,29,27,2,0,0.9310344827586208,0.0689655172413793,0.0,Tumor,0.9310344827586208,True,,positive,negative,negative,negative,Immune cells,0.5400322271106042,0.1249599422189415,0.4599677728893958,0.1964803649991852,0.0152191624572266,0.1079960249206895,1.0,410.6336,450.736,tumor_core,CTA_composition_plus_H&E_patch_feature_proxy,True,-14.518399999999986,14.518399999999986,False,True,False,False,True
GTCATTAGAGCGAACG-1,1,37,67,6741,7166,23886.6666666667,22470.0,21,16,4,1,0.7619047619047619,0.1904761904761904,0.0476190476190476,Tumor,0.7619047619047619,True,,positive,negative,negative,negative,Immune cells,0.4661923125667626,0.1227384391200758,0.5338076874332374,0.2186844821030905,0.0179783824887295,0.1106142261973015,1.0,298.1056,280.4256,tumor_core,CTA_composition_plus_H&E_patch_feature_proxy,True,-14.571405818245523,14.571405818245523,False,True,False,False,True
GTCCAATATTTAGCCT-1,1,65,53,10989,5948,19826.6666666667,36630.0,27,27,0,0,1.0,0.0,0.0,Tumor,1.0,True,,positive,negative,negative,negative,Immune cells,0.4444806546810783,0.1246930707672737,0.5555193453189216,0.2337298354244745,0.0161751127043615,0.0915758896151053,1.0,247.43679999999998,457.14239999999995,tumor_core,CTA_composition_plus_H&E_patch_feature_proxy,True,-12.579787724759077,12.579787724759077,False,True,False,False,True
GTCCAGGCACGTGTGC-1,1,70,44,11748,5164,17213.3333333333,39160.0,9,1,0,8,0.1111111111111111,0.0,0.8888888888888888,Stroma,0.8888888888888888,True,,negative,negative,positive,negative,Immune cells,0.5836003838285083,0.1692581051639178,0.4163996161714916,0.1569605127369507,0.0040410624083428,0.1163819133891373,1.0,214.8224,488.7168,stroma_rich,CTA_composition_plus_H&E_patch_feature_proxy,True,0.0,0.0,True,False,True,True,True
GTCCATTACTGCTACG-1,1,42,106,7497,10566,35220.0,24990.0,22,19,0,3,0.8636363636363636,0.0,0.1363636363636363,Tumor,0.8636363636363636,True,,positive,negative,negative,negative,Immune cells,0.3927470896022306,0.1274270079203245,0.6072529103977695,0.2335451632176416,0.0063223073162783,0.0801246034476168,1.0,439.5456,311.8752,tumor_core,CTA_composition_plus_H&E_patch_feature_proxy,True,-7.285702909122747,7.285702909122747,True,True,False,False,True
GTCCCGCGACGTTATG-1,1,58,82,9926,8476,28253.3333333333,33086.6666666667,28,28,0,0,1.0,0.0,0.0,Tumor,1.0,True,,positive,negative,negative,negative,Immune cells,0.4782720475078305,0.1193717962376428,0.5217279524921695,0.2188691543099234,0.0078214111129216,0.0867561059511523,1.0,352.60159999999996,412.92159999999996,tumor_core,CTA_composition_plus_H&E_patch_feature_proxy,True,-7.306457067553315,7.306457067553315,True,True,False,False,True
GTCCGGACCTGAAATT-1,1,54,88,9319,8998,29993.3333333333,31063.3333333333,19,16,1,2,0.8421052631578947,0.0526315789473684,0.1052631578947368,Tumor,0.8421052631578947,True,,positive,negative,negative,negative,Immune cells,0.4543044918798544,0.1281719820810828,0.5456955081201456,0.2231926565640106,0.0114279506816577,0.0992890723540878,1.0,374.3168,387.6704,tumor_core,CTA_composition_plus_H&E_patch_feature_proxy,True,-25.144369733202705,25.144369733202705,False,True,False,False,True
GTCCGGGTTCACATTA-1,1,69,71,11595,7518,25060.0,38650.0,18,18,0,0,1.0,0.0,0.0,Tumor,1.0,True,,positive,negative,negative,negative,Immune cells,0.569684789890102,0.121030254765178,0.4303152101098981,0.197686165879094,0.0240182499592634,0.0946183541642778,1.0,312.74879999999996,482.352,tumor_core,CTA_composition_plus_H&E_patch_feature_proxy,True,-7.285702909122775,7.285702909122775,True,True,False,False,True
GTCCTACGAATAGTCT-1,1,53,91,9167,9260,30866.6666666667,30556.6666666667,36,36,0,0,1.0,0.0,0.0,Tumor,1.0,True,,positive,negative,negative,negative,Immune cells,0.4605942099831623,0.1257324692366933,0.5394057900168376,0.2218782249742002,0.0115257183205692,0.0983335244429155,1.0,385.216,381.3472,tumor_core,CTA_composition_plus_H&E_patch_feature_proxy,True,-21.841743168529383,21.841743168529383,False,True,False,False,True
GTCGATAGGTGACTTT-1,1,53,121,9165,11875,39583.3333333333,30550.0,19,18,1,0,0.9473684210526316,0.0526315789473684,0.0,Tumor,0.9473684210526316,True,,positive,negative,negative,negative,Immune cells,0.563923741241649,0.1383076818813472,0.436076258758351,0.1773939492694584,0.0076258758350985,0.079471008676375,1.0,494.0,381.264,tumor_core,CTA_composition_plus_H&E_patch_feature_proxy,True,-7.238400000000013,7.238400000000013,True,True,False,False,True
GTCGCCGTTGTGTGTT-1,1,57,43,9776,5075,16916.6666666667,32586.6666666667,23,18,2,3,0.782608695652174,0.0869565217391304,0.1304347826086956,Tumor,0.782608695652174,True,,positive,negative,negative,negative,Immune cells,0.4796407944525918,0.1261630901913547,0.5203592055474082,0.215240888599207,0.0100266145239259,0.1104078278484883,1.0,211.11999999999998,406.6816,tumor_core,CTA_composition_plus_H&E_patch_feature_proxy,True,-7.249628073218664,7.249628073218664,True,True,False,False,True
GTCGCGTAACCCGTTG-1,1,39,75,7044,7863,26210.0,23480.0,26,26,0,0,1.0,0.0,0.0,Tumor,1.0,True,,positive,negative,negative,negative,Immune cells,0.4581970923179983,0.1162192774321762,0.5418029076820017,0.2162620172722829,0.0132746727499864,0.1033291289225241,1.0,327.1008,293.0304,tumor_core,CTA_composition_plus_H&E_patch_feature_proxy,True,-19.270905340434833,19.270905340434833,False,True,False,False,True
GTCGGATATCTCAGAC-1,1,32,36,5984,4463,14876.6666666667,19946.6666666667,13,3,5,5,0.2307692307692307,0.3846153846153846,0.3846153846153846,Immune cells,0.3846153846153846,True,,ambiguous,ambiguous,ambiguous,ambiguous,Immune cells,0.8017055021454565,0.1222973737376754,0.1982944978545434,0.0584867742110694,0.010613220357395,0.0488170316859687,1.0,185.6608,248.93439999999998,immune_enriched,CTA_composition_plus_H&E_patch_feature_proxy,True,12.564646274368396,12.564646274368396,False,False,False,False,True
GTCGGGAAGCAGAAAC-1,1,59,65,10078,6994,23313.3333333333,33593.3333333333,21,21,0,0,1.0,0.0,0.0,Tumor,1.0,True,,positive,negative,negative,negative,Immune cells,0.5012945159596619,0.1139300650139004,0.4987054840403381,0.2132312204660257,0.0144261582749443,0.0820012995451592,1.0,290.9504,419.2448,tumor_core,CTA_composition_plus_H&E_patch_feature_proxy,True,-12.600611845462108,12.600611845462108,False,True,False,False,True
GTCGTACCATCTCGGG-1,1,46,62,8107,6731,22436.6666666667,27023.3333333333,26,18,7,1,0.6923076923076923,0.2692307692307692,0.0384615384615384,Tumor,0.6923076923076923,True,,positive,ambiguous,negative,ambiguous,Immune cells,0.4931146235040645,0.1170669983830659,0.5068853764959353,0.1976753028081039,0.0001520829938623,0.1011122577686045,1.0,280.0096,337.2512,mixed_boundary,CTA_composition_plus_H&E_patch_feature_proxy,True,0.0,0.0,True,False,True,True,True
GTCGTCTGGTTGGCTA-1,1,30,122,5676,11960,39866.6666666667,18920.0,23,23,0,0,1.0,0.0,0.0,Tumor,1.0,True,,positive,negative,negative,negative,Immune cells,0.4112975938297756,0.1294128967837506,0.5887024061702243,0.244440823420781,0.0236489055455977,0.0900737682987424,1.0,497.536,236.1216,tumor_core,CTA_composition_plus_H&E_patch_feature_proxy,True,-26.268184863062007,26.268184863062007,False,True,False,False,True
GTCGTTATTCGCTTAT-1,1,46,76,8106,7951,26503.3333333333,27020.0,18,18,0,0,1.0,0.0,0.0,Tumor,1.0,True,,positive,negative,negative,negative,Immune cells,0.4542356924302501,0.1306344885991894,0.5457643075697499,0.2215197436315246,0.0139264570093965,0.1110958223445323,1.0,330.7616,337.20959999999997,tumor_core,CTA_composition_plus_H&E_patch_feature_proxy,True,-7.279999999999973,7.279999999999973,True,True,False,False,True
GTCTAGTGAGCCGCTT-1,1,66,92,11139,9348,31160.0,37130.0,19,18,1,0,0.9473684210526316,0.0526315789473684,0.0,Tumor,0.9473684210526316,True,,positive,negative,negative,negative,Immune cells,0.5096192493617946,0.119683673510326,0.4903807506382054,0.2034435935038835,0.0085926891532236,0.0820012995451592,1.0,388.8768,463.38239999999996,tumor_core,CTA_composition_plus_H&E_patch_feature_proxy,True,-7.249628073218664,7.249628073218664,True,True,False,False,True
GTCTATACACGCATGG-1,1,74,50,12355,5687,18956.6666666667,41183.3333333333,16,0,14,2,0.0,0.875,0.125,Immune cells,0.875,True,,negative,positive,negative,positive,Immune cells,0.812702551011171,0.0588662492229197,0.187297448988829,0.134473955787301,0.0579870729455217,0.0086993081833123,1.0,236.5792,513.968,immune_enriched,CTA_composition_plus_H&E_patch_feature_proxy,True,25.144369733202705,25.144369733202705,False,False,False,False,True
GTCTATCTGAGTTTCT-1,1,40,42,7197,4987,16623.3333333333,23990.0,25,24,1,0,0.96,0.04,0.0,Tumor,0.96,True,,positive,negative,negative,negative,Immune cells,0.5067441565730632,0.1235348688795951,0.4932558434269368,0.1934604312639183,0.0053011786432024,0.1100523640255322,1.0,207.45919999999998,299.3952,tumor_core,CTA_composition_plus_H&E_patch_feature_proxy,True,-7.280118856172612,7.280118856172612,True,True,False,False,True
GTCTATTGCATGCTCG-1,1,65,105,10986,10481,34936.6666666667,36620.0,4,0,0,4,0.0,0.0,1.0,Stroma,1.0,True,,negative,negative,positive,negative,Immune cells,0.5634167979287745,0.1317350283006227,0.4365832020712255,0.1715170278637771,0.0092336103416435,0.122753506860834,1.0,436.0096,457.01759999999996,unmapped_or_excluded,CTA_composition_plus_H&E_patch_feature_proxy,True,7.2385195392428265,7.2385195392428265,True,False,False,False,True
GTCTATTGGTTCCGGT-1,1,50,90,8712,9172,30573.3333333333,29040.0,24,24,0,0,1.0,0.0,0.0,Tumor,1.0,True,,positive,negative,negative,negative,Immune cells,0.4700631868629261,0.1262441360144859,0.5299368131370739,0.2239422084623323,0.0159143990005974,0.105813553491572,1.0,381.55519999999996,362.4192,tumor_core,CTA_composition_plus_H&E_patch_feature_proxy,True,-7.238399999999956,7.238399999999956,True,True,False,False,True
GTCTCAAGGCCCGGCT-1,1,60,66,10230,7081,23603.3333333333,34100.0,19,19,0,0,1.0,0.0,0.0,Tumor,1.0,True,,positive,negative,negative,negative,Immune cells,0.5139753408288523,0.1167866109905989,0.4860246591711476,0.2131117266851339,0.0143609798490033,0.0892978633948706,1.0,294.5696,425.568,tumor_core,CTA_composition_plus_H&E_patch_feature_proxy,True,-12.564646274368396,12.564646274368396,False,True,False,False,True
GTCTCCGCCTCAATAC-1,1,71,61,11899,6646,22153.3333333333,39663.3333333333,19,12,0,7,0.631578947368421,0.0,0.3684210526315789,Tumor,0.631578947368421,True,,positive,negative,ambiguous,negative,Immune cells,0.4980283526152842,0.1269808420715968,0.5019716473847157,0.2033240997229917,0.008940307424909,0.0856514925658372,1.0,276.4736,494.9984,stroma_rich,CTA_composition_plus_H&E_patch_feature_proxy,True,0.0,0.0,True,False,True,True,True
GTCTCCTGCCAGTATG-1,1,59,13,10081,2460,8200.0,33603.3333333333,0,0,0,0,0.0,0.0,0.0,unmapped,0.0,False,no_CTA_object_captured,excluded,excluded,excluded,excluded,Immune cells,0.8164973838104032,0.1193389273289791,0.1835026161895968,0.0503937863233936,0.0152408885992069,0.0368306386882238,1.0,102.336,419.3696,unmapped_or_excluded,CTA_composition_plus_H&E_patch_feature_proxy,True,45.30247640030287,45.30247640030287,False,False,False,False,True
GTCTGCCGACTCGACG-1,1,73,87,12201,8913,29710.0,40670.0,15,0,9,6,0.0,0.6,0.4,Immune cells,0.6,True,,negative,positive,ambiguous,positive,Immune cells,0.8185323991092281,0.0503507000466433,0.1814676008907717,0.1214382705990983,0.0507631307370593,0.0040171234185681,1.0,370.7808,507.5616,immune_enriched,CTA_composition_plus_H&E_patch_feature_proxy,True,19.194557361919056,19.194557361919056,False,False,False,False,True
GTCTGGGCGGTCGAGA-1,1,46,44,8107,5161,17203.3333333333,27023.3333333333,20,8,11,1,0.4,0.55,0.05,Immune cells,0.55,True,,ambiguous,ambiguous,negative,ambiguous,Immune cells,0.4704071841109482,0.1132061666644784,0.5295928158890518,0.2071804899245016,0.0110042909130411,0.0727554179566563,1.0,214.6976,337.2512,immune_enriched,CTA_composition_plus_H&E_patch_feature_proxy,True,7.2385195392428265,7.2385195392428265,True,False,False,False,True
GTCTTGAGGAGCAGTG-1,1,38,116,6890,11438,38126.6666666667,22966.6666666667,24,24,0,0,1.0,0.0,0.0,Tumor,1.0,True,,positive,negative,negative,negative,Immune cells,0.4156210960838629,0.1297669441640294,0.584378903916137,0.2461680517082179,0.0265819347129433,0.0874785001719986,1.0,475.82079999999996,286.62399999999997,tumor_core,CTA_composition_plus_H&E_patch_feature_proxy,True,-36.37705333860896,36.37705333860896,False,True,False,False,True
GTCTTGTAGCTATTCA-1,1,44,112,7800,11090,36966.6666666667,26000.0,18,14,4,0,0.7777777777777778,0.2222222222222222,0.0,Tumor,0.7777777777777778,True,,positive,ambiguous,negative,ambiguous,Immune cells,0.4371191135734071,0.1278121643939397,0.5628808864265927,0.2392917277714409,0.0222041171039052,0.0949355960707869,1.0,461.344,324.47999999999996,tumor_core,CTA_composition_plus_H&E_patch_feature_proxy,True,-7.285702909122796,7.285702909122796,True,True,False,False,True
GTGAACTCCCATTCGA-1,1,30,104,5677,10391,34636.6666666667,18923.3333333333,29,29,0,0,1.0,0.0,0.0,Tumor,1.0,True,,positive,negative,negative,negative,Immune cells,0.448083573226151,0.1318101423770079,0.5519164267738489,0.2125902992776057,0.005985552115583,0.1320299659824943,1.0,432.2656,236.1632,tumor_core,CTA_composition_plus_H&E_patch_feature_proxy,True,-59.39397660503971,59.39397660503971,False,True,False,False,True
GTGACAGCTTCCCACT-1,1,64,74,10836,7779,25930.0,36120.0,15,12,3,0,0.8,0.2,0.0,Tumor,0.8,True,,positive,negative,negative,negative,Immune cells,0.4837542773342024,0.1260550891880526,0.5162457226657976,0.2262560425832382,0.0167508554668404,0.0782249742002064,1.0,323.6064,450.7776,tumor_core,CTA_composition_plus_H&E_patch_feature_proxy,True,-7.238399999999956,7.238399999999956,True,True,False,False,True
GTGACCGCACACTACG-1,1,39,91,7043,9258,30860.0,23476.6666666667,22,22,0,0,1.0,0.0,0.0,Tumor,1.0,True,,positive,negative,negative,negative,Immune cells,0.414451505440588,0.1281321897339292,0.5855484945594118,0.2172071044484275,0.0036174026397262,0.1000573328746703,1.0,385.1328,292.98879999999997,tumor_core,CTA_composition_plus_H&E_patch_feature_proxy,True,-45.50378306558696,45.50378306558696,False,True,False,False,True
GTGACCTAAAGAATAA-1,1,30,124,5676,12135,40450.0,18920.0,25,25,0,0,1.0,0.0,0.0,Tumor,1.0,True,,positive,negative,negative,negative,Immune cells,0.4199264932196331,0.1291974997628397,0.5800735067803668,0.2357503666286458,0.0235837271196567,0.0857929136566907,1.0,504.816,236.1216,tumor_core,CTA_composition_plus_H&E_patch_feature_proxy,True,-25.25123426686309,25.25123426686309,False,True,False,False,True
GTGACGAGGGTGACCC-1,1,32,114,5980,11263,37543.3333333333,19933.3333333333,26,26,0,0,1.0,0.0,0.0,Tumor,1.0,True,,positive,negative,negative,negative,Immune cells,0.402936650191009,0.1309293304350948,0.597063349808991,0.2487208733909076,0.0278420509478029,0.0936742728280395,1.0,468.5408,248.768,tumor_core,CTA_composition_plus_H&E_patch_feature_proxy,True,-50.8145660251074,50.8145660251074,False,True,False,False,True
GTGACGCAGGTTTCAT-1,1,65,75,10988,7866,26220.0,36626.6666666667,17,14,2,1,0.8235294117647058,0.1176470588235294,0.0588235294117647,Tumor,0.8235294117647058,True,,positive,negative,negative,negative,Immune cells,0.4940778157985261,0.1257912223472158,0.5059221842014737,0.2240399761012438,0.0202161751127043,0.0697129534074838,1.0,327.2256,457.1008,tumor_core,CTA_composition_plus_H&E_patch_feature_proxy,True,-7.285702909122747,7.285702909122747,True,True,False,False,True
GTGACTTCAGTAGTGC-1,1,46,50,8107,5685,18950.0,27023.3333333333,23,23,0,0,1.0,0.0,0.0,Tumor,1.0,True,,positive,negative,negative,negative,Immune cells,0.4652544674379447,0.1171661427982951,0.5347455325620554,0.2212155776437998,0.0112975938297756,0.080785842602148,1.0,236.49599999999998,337.2512,tumor_core,CTA_composition_plus_H&E_patch_feature_proxy,True,-19.263135927465186,19.263135927465186,False,True,False,False,True
GTGAGATAACCTTATA-1,1,69,41,11597,4902,16340.0,38656.6666666667,12,8,0,4,0.6666666666666666,0.0,0.3333333333333333,Tumor,0.6666666666666666,True,,positive,negative,ambiguous,negative,Immune cells,0.5234406966849529,0.157318431580607,0.4765593033150472,0.1770789202107435,0.0030416598772472,0.1298436723617322,1.0,203.92319999999998,482.43519999999995,mixed_boundary,CTA_composition_plus_H&E_patch_feature_proxy,True,0.0,0.0,True,False,True,True,True
GTGAGGACACTTAAGG-1,1,41,77,7347,8038,26793.3333333333,24490.0,32,32,0,0,1.0,0.0,0.0,Tumor,1.0,True,,positive,negative,negative,negative,Immune cells,0.4486086216573425,0.1198188698060064,0.5513913783426574,0.2215740589864755,0.0129379175492911,0.1040668119099491,1.0,334.38079999999997,305.6352,tumor_core,CTA_composition_plus_H&E_patch_feature_proxy,True,-19.25397027939949,19.25397027939949,False,True,False,False,True
GTGAGTGGTACAACGC-1,1,52,56,9017,6208,20693.3333333333,30056.6666666667,22,21,1,0,0.9545454545454546,0.0454545454545454,0.0,Tumor,0.9545454545454546,True,,positive,negative,negative,negative,Immune cells,0.5348903735085908,0.1295040278992791,0.4651096264914091,0.1926457009396556,0.0127858345554288,0.0934258303711348,1.0,258.2528,375.1072,tumor_core,CTA_composition_plus_H&E_patch_feature_proxy,True,-7.28000000000003,7.28000000000003,True,True,False,False,True
GTGATCAAGCGTGCAC-1,1,65,27,10991,3681,12270.0,36636.6666666667,17,3,11,3,0.1764705882352941,0.6470588235294118,0.1764705882352941,Immune cells,0.6470588235294118,True,,negative,positive,negative,positive,Immune cells,0.5637644162004598,0.1322870969103404,0.4362355837995401,0.1746564553799359,0.0166096355439682,0.1248595344570576,1.0,153.12959999999998,457.2256,immune_enriched,CTA_composition_plus_H&E_patch_feature_proxy,True,7.249628073218616,7.249628073218616,True,False,False,False,True
GTGATCACTAACGCCT-1,1,47,97,8256,9782,32606.6666666667,27520.0,24,24,0,0,1.0,0.0,0.0,Tumor,1.0,True,,positive,negative,negative,negative,Immune cells,0.4691724150417323,0.1263465788508363,0.5308275849582677,0.2193797186464613,0.0088425397859974,0.0811680617666169,1.0,406.9312,343.4496,tumor_core,CTA_composition_plus_H&E_patch_feature_proxy,True,-14.592115438139883,14.592115438139883,False,True,False,False,True
GTGATCATAGATCTGC-1,1,45,57,7955,6295,20983.3333333333,26516.6666666667,18,18,0,0,1.0,0.0,0.0,Tumor,1.0,True,,positive,negative,negative,negative,Immune cells,0.4720547498777904,0.11621244600463,0.5279452501222095,0.2107978925642279,0.0022377926239747,0.0975881970722011,1.0,261.872,330.928,tumor_core,CTA_composition_plus_H&E_patch_feature_proxy,True,-19.208211577343647,19.208211577343647,False,True,False,False,True
GTGATCCTTGTCATGA-1,1,62,84,10532,8650,28833.3333333333,35106.6666666667,25,25,0,0,1.0,0.0,0.0,Tumor,1.0,True,,positive,negative,negative,negative,Immune cells,0.4883747035286875,0.1240912109908728,0.5116252964713124,0.2173265982293194,0.0124382162837434,0.0828383595153461,1.0,359.84,438.1312,tumor_core,CTA_composition_plus_H&E_patch_feature_proxy,True,-7.2385195392428265,7.2385195392428265,True,True,False,False,True
GTGATTCGCCGCTCAA-1,1,48,40,8411,4813,16043.3333333333,28036.6666666667,23,4,18,1,0.1739130434782608,0.782608695652174,0.0434782608695652,Immune cells,0.782608695652174,True,,negative,positive,negative,positive,Immune cells,0.4568319663969004,0.1189671609888388,0.5431680336030996,0.2027809461734832,-0.0031394275161588,0.0974735313228605,1.0,200.2208,349.8976,immune_enriched,CTA_composition_plus_H&E_patch_feature_proxy,True,7.2857029091228105,7.2857029091228105,True,False,False,False,True
GTGCACCAGCTTCAAC-1,1,66,54,11141,6035,20116.6666666667,37136.6666666667,18,16,0,2,0.8888888888888888,0.0,0.1111111111111111,Tumor,0.8888888888888888,True,,positive,negative,negative,negative,Immune cells,0.4715152173519453,0.1212686753213238,0.5284847826480545,0.2301776112106893,0.0184237683993264,0.0882047165844895,1.0,251.05599999999998,463.4656,tumor_core,CTA_composition_plus_H&E_patch_feature_proxy,True,-19.226672140544757,19.226672140544757,False,True,False,False,True
GTGCAGCGTAGAGTAG-1,1,52,124,9013,12137,40456.6666666667,30043.3333333333,22,5,17,0,0.2272727272727272,0.7727272727272727,0.0,Immune cells,0.7727272727272727,True,,ambiguous,positive,negative,positive,Immune cells,0.5674288921478101,0.1466296169612773,0.4325711078521898,0.1719841399163543,0.014089403074249,0.1213660512938118,1.0,504.89919999999995,374.94079999999997,immune_enriched,CTA_composition_plus_H&E_patch_feature_proxy,True,19.208211577343665,19.208211577343665,False,False,False,False,True
GTGCCATCACACGGTG-1,1,42,34,7501,4289,14296.6666666667,25003.3333333333,30,30,0,0,1.0,0.0,0.0,Tumor,1.0,True,,positive,negative,negative,negative,Immune cells,0.4907138848152373,0.1752413192286967,0.5092861151847627,0.1817283145945358,-0.0070066807886589,0.108825440507587,1.0,178.42239999999998,312.04159999999996,tumor_core,CTA_composition_plus_H&E_patch_feature_proxy,True,-25.144369733202677,25.144369733202677,False,True,False,False,True
GTGCCCGTTCGGATTC-1,1,39,85,7043,8735,29116.6666666667,23476.6666666667,27,26,1,0,0.9629629629629628,0.037037037037037,0.0,Tumor,0.9629629629629628,True,,positive,negative,negative,negative,Immune cells,0.4583310701935437,0.1191738490535083,0.5416689298064562,0.2036608549236869,0.0007495518983216,0.105863241982953,1.0,363.376,292.98879999999997,tumor_core,CTA_composition_plus_H&E_patch_feature_proxy,True,-33.2998840598582,33.2998840598582,False,True,False,False,True
GTGCCGCTTCAAAGGT-1,1,44,44,7804,5161,17203.3333333333,26013.3333333333,27,26,1,0,0.9629629629629628,0.037037037037037,0.0,Tumor,0.9629629629629628,True,,positive,negative,negative,negative,Immune cells,0.4335161950283345,0.1140122754749251,0.5664838049716654,0.217945793275759,0.005083917223399,0.085334250659328,1.0,214.6976,324.64639999999997,tumor_core,CTA_composition_plus_H&E_patch_feature_proxy,True,-14.535316219470442,14.535316219470442,False,True,False,False,True
GTGCCTGAGACCAAAC-1,1,69,89,11594,9087,30290.0,38646.6666666667,11,3,5,3,0.2727272727272727,0.4545454545454545,0.2727272727272727,Immune cells,0.4545454545454545,True,,ambiguous,ambiguous,ambiguous,ambiguous,Immune cells,0.5517933119692937,0.1301544241266312,0.4482066880307062,0.1901797838248873,0.0191624572266579,0.1142414860681114,1.0,378.01919999999996,482.31039999999996,immune_enriched,CTA_composition_plus_H&E_patch_feature_proxy,True,7.279999999999973,7.279999999999973,True,False,False,False,True
GTGCGAAATCGAACAC-1,1,45,43,7956,5074,16913.3333333333,26520.0,31,30,0,1,0.967741935483871,0.0,0.032258064516129,Tumor,0.967741935483871,True,,positive,negative,negative,negative,Immune cells,0.4404902866040229,0.1152601016023308,0.559509713395977,0.220259627396665,0.0124599424257237,0.0791575889615105,1.0,211.0784,330.96959999999996,tumor_core,CTA_composition_plus_H&E_patch_feature_proxy,True,-7.2857029091228105,7.2857029091228105,True,True,False,False,True
GTGCGACAGGGAGTGT-1,1,36,100,6587,10043,33476.6666666667,21956.6666666667,23,23,0,0,1.0,0.0,0.0,Tumor,1.0,True,,positive,negative,negative,negative,Immune cells,0.4011659696196115,0.1253444932842956,0.5988340303803885,0.2194992124273532,-0.0015968714355548,0.0947100867637503,1.0,417.7888,274.0192,tumor_core,CTA_composition_plus_H&E_patch_feature_proxy,True,-47.75745226035408,47.75745226035408,False,True,False,False,True
GTGCGTGTATATGAGC-1,1,41,83,7347,8561,28536.6666666667,24490.0,23,23,0,0,1.0,0.0,0.0,Tumor,1.0,True,,positive,negative,negative,negative,Immune cells,0.4833197544945957,0.1194408284765098,0.5166802455054044,0.201868448210309,0.0017924067133778,0.1016550089821503,1.0,356.13759999999996,305.6352,tumor_core,CTA_composition_plus_H&E_patch_feature_proxy,True,-25.251199999999983,25.251199999999983,False,True,False,False,True
GTGCTATCCAGCTGGA-1,1,76,66,12657,7082,23606.6666666667,42190.0,13,0,0,13,0.0,0.0,1.0,Stroma,1.0,True,,negative,negative,positive,negative,Immune cells,0.7824344142088968,0.0815076010405726,0.217565585791103,0.1275541795665634,0.0535114876975721,0.0348927875243664,1.0,294.6112,526.5312,stroma_rich,CTA_composition_plus_H&E_patch_feature_proxy,True,25.144369733202733,25.144369733202733,False,False,True,False,True
GTGCTCAAGTACTGTC-1,1,34,52,6287,5858,19526.6666666667,20956.6666666667,33,25,8,0,0.7575757575757576,0.2424242424242424,0.0,Tumor,0.7575757575757576,True,,positive,ambiguous,negative,ambiguous,Immune cells,0.5409917983814024,0.1178547583505916,0.4590082016185975,0.1732333930802237,0.0051925479333007,0.0904712762297901,1.0,243.69279999999998,261.5392,tumor_core,CTA_composition_plus_H&E_patch_feature_proxy,True,-7.285702909122786,7.285702909122786,True,True,False,False,True
GTGCTTACATCAGCGC-1,1,46,116,8104,11439,38130.0,27013.3333333333,24,24,0,0,1.0,0.0,0.0,Tumor,1.0,True,,positive,negative,negative,negative,Immune cells,0.4347618271685405,0.1311488439553471,0.5652381728314594,0.2343707566128944,0.0171527890934767,0.0867866834843098,1.0,475.8624,337.1264,tumor_core,CTA_composition_plus_H&E_patch_feature_proxy,True,-12.600611845462108,12.600611845462108,False,True,False,False,True
GTGGACCAACCCGATT-1,1,45,29,7957,3854,12846.6666666667,26523.3333333333,21,11,4,6,0.5238095238095238,0.1904761904761904,0.2857142857142857,Tumor,0.5238095238095238,True,,ambiguous,negative,ambiguous,negative,Immune cells,0.7876233411185342,0.0908409623645624,0.2123766588814657,0.0613111726685133,0.0029004399543751,0.0523716699155295,1.0,160.3264,331.0112,mixed_boundary,CTA_composition_plus_H&E_patch_feature_proxy,True,0.0,0.0,True,False,True,True,True
GTGGACGCATTTGTCC-1,1,56,64,9623,6906,23020.0,32076.6666666667,16,15,1,0,0.9375,0.0625,0.0,Tumor,0.9375,True,,positive,negative,negative,negative,Immune cells,0.4885883439248275,0.1176523678666894,0.5114116560751725,0.217619901146054,0.0135788387377111,0.0923670832855559,1.0,287.2896,400.3168,tumor_core,CTA_composition_plus_H&E_patch_feature_proxy,True,-7.238399999999956,7.238399999999956,True,True,False,False,True
GTGGAGCATGTCGGCC-1,1,37,125,6738,12222,40740.0,22460.0,26,26,0,0,1.0,0.0,0.0,Tumor,1.0,True,,positive,negative,negative,negative,Immune cells,0.4827838429924139,0.1213310971190402,0.517216157007586,0.2104937265765031,0.0222475693878659,0.0841684822076978,1.0,508.43519999999995,280.3008,tumor_core,CTA_composition_plus_H&E_patch_feature_proxy,True,-14.592115438139862,14.592115438139862,False,True,False,False,True
GTGGAGCGTTTACCGA-1,1,58,16,9929,2721,9070.0,33096.6666666667,0,0,0,0,0.0,0.0,0.0,unmapped,0.0,False,no_CTA_object_captured,excluded,excluded,excluded,excluded,Immune cells,0.5872286495392247,0.1713535052286357,0.4127713504607753,0.1490956493400684,0.0145456520558361,0.1296296296296296,1.0,113.19359999999999,413.0464,unmapped_or_excluded,CTA_composition_plus_H&E_patch_feature_proxy,True,37.744980063579305,37.744980063579305,False,False,False,False,True
GTGGAGTCGGCGGTTG-1,1,54,38,9321,4639,15463.3333333333,31070.0,19,19,0,0,1.0,0.0,0.0,Tumor,1.0,True,,positive,negative,negative,negative,Immune cells,0.4706606557673854,0.1202567322955309,0.5293393442326145,0.2111889631198739,0.0013252946608006,0.1026143790849673,1.0,192.98239999999998,387.7536,tumor_core,CTA_composition_plus_H&E_patch_feature_proxy,True,-12.604800000000012,12.604800000000012,False,True,False,False,True
GTGGCTGTTTCTGTTC-1,1,70,92,11746,9348,31160.0,39153.3333333333,13,10,3,0,0.7692307692307693,0.2307692307692307,0.0,Tumor,0.7692307692307693,True,,positive,ambiguous,negative,ambiguous,Immune cells,0.6516864917712237,0.1570058862587214,0.3483135082287762,0.1447830101569713,0.0190429634457661,0.1142988189427818,1.0,388.8768,488.6336,tumor_core,CTA_composition_plus_H&E_patch_feature_proxy,True,-7.270485210768231,7.270485210768231,True,True,False,False,True
GTGGGAACAAACCGGG-1,1,71,47,11900,5425,18083.3333333333,39666.6666666667,18,8,7,3,0.4444444444444444,0.3888888888888889,0.1666666666666666,Tumor,0.4444444444444444,True,,ambiguous,ambiguous,negative,ambiguous,Immune cells,0.6201256495211196,0.1629398784173353,0.3798743504788803,0.1537776329368312,0.0121666395089891,0.0880059626189657,1.0,225.67999999999998,495.03999999999996,immune_enriched,CTA_composition_plus_H&E_patch_feature_proxy,True,12.564646274368396,12.564646274368396,False,False,False,False,True
GTGGTATAGTCTGCCG-1,1,57,41,9776,4901,16336.6666666667,32586.6666666667,14,10,1,3,0.7142857142857143,0.0714285714285714,0.2142857142857142,Tumor,0.7142857142857143,True,,positive,negative,ambiguous,negative,Immune cells,0.475415059837416,0.1253474403204017,0.524584940162584,0.2191733202976481,0.0126772038455271,0.1030883308489087,1.0,203.8816,406.6816,tumor_core,CTA_composition_plus_H&E_patch_feature_proxy,True,-7.249628073218679,7.249628073218679,True,True,False,False,True
GTGGTGATGGTTTGTG-1,1,54,126,9317,12311,41036.6666666667,31056.6666666667,27,1,25,1,0.037037037037037,0.925925925925926,0.037037037037037,Immune cells,0.925925925925926,True,,negative,positive,negative,positive,Immune cells,0.692868393894954,0.1812524247215366,0.3071316061050458,0.1251099885937754,0.0341643582640812,0.1224018652295226,1.0,512.1376,387.5872,immune_enriched,CTA_composition_plus_H&E_patch_feature_proxy,True,21.756800000000055,21.756800000000055,False,False,False,False,True
GTGGTGGCCAAGTGAA-1,1,45,79,7954,8213,27376.6666666667,26513.3333333333,23,23,0,0,1.0,0.0,0.0,Tumor,1.0,True,,positive,negative,negative,negative,Immune cells,0.4857820505857006,0.1249596652083859,0.5142179494142993,0.2141219922872196,0.0166204986149584,0.1001987539655238,1.0,341.6608,330.8864,tumor_core,CTA_composition_plus_H&E_patch_feature_proxy,True,-7.285702909122775,7.285702909122775,True,True,False,False,True
GTGGTTACTTCTTTCG-1,1,31,105,5829,10478,34926.6666666667,19430.0,30,28,2,0,0.9333333333333332,0.0666666666666666,0.0,Tumor,0.9333333333333332,True,,positive,negative,negative,negative,Immune cells,0.4321293429652563,0.1280873556690865,0.5678706570347437,0.2082233447395578,-0.004377817609038,0.1110881779612429,1.0,435.8848,242.48639999999997,tumor_core,CTA_composition_plus_H&E_patch_feature_proxy,True,-61.97461835041828,61.97461835041828,False,True,False,False,True
GTGGTTTCCGCCTTTC-1,1,42,32,7501,4115,13716.6666666667,25003.3333333333,34,34,0,0,1.0,0.0,0.0,Tumor,1.0,True,,positive,negative,negative,negative,Immune cells,0.650741404595079,0.1897651448922149,0.3492585954049209,0.1169626853511487,-0.0062028135353864,0.0839123953675037,1.0,171.184,312.04159999999996,tumor_core,CTA_composition_plus_H&E_patch_feature_proxy,True,-21.85710872736832,21.85710872736832,False,True,False,False,True
GTGTACGAACCGTTCC-1,1,43,127,7648,12397,41323.3333333333,25493.3333333333,27,27,0,0,1.0,0.0,0.0,Tumor,1.0,True,,positive,negative,negative,negative,Immune cells,0.4301124327847482,0.1400128559346476,0.5698875672152518,0.2191950464396285,0.0243550051599587,0.0936284065283033,1.0,515.7152,318.1568,tumor_core,CTA_composition_plus_H&E_patch_feature_proxy,True,-21.7568,21.7568,False,True,False,False,True
GTGTATATCAGCGGGC-1,1,58,76,9926,7952,26506.6666666667,33086.6666666667,13,12,0,1,0.9230769230769232,0.0,0.0769230769230769,Tumor,0.9230769230769232,True,,positive,negative,negative,negative,Immune cells,0.5057411330183043,0.1182108048183835,0.4942588669816957,0.2234968225517354,0.0215088805605344,0.0849252761533463,1.0,330.8032,412.92159999999996,tumor_core,CTA_composition_plus_H&E_patch_feature_proxy,True,-7.306457067553315,7.306457067553315,True,True,False,False,True
GTGTCAGTGTACGTGG-1,1,68,42,11445,4989,16630.0,38150.0,28,27,0,1,0.9642857142857144,0.0,0.0357142857142857,Tumor,0.9642857142857144,True,,positive,negative,negative,negative,Immune cells,0.4800391070555645,0.127562193242777,0.5199608929444354,0.2012166639508989,0.0027266308185323,0.1209112104880938,1.0,207.5424,476.11199999999997,tumor_core,CTA_composition_plus_H&E_patch_feature_proxy,True,-7.285702909122762,7.285702909122762,True,True,False,False,True
GTGTCGTATAGCGTTC-1,1,54,76,9319,7952,26506.6666666667,31063.3333333333,26,24,2,0,0.9230769230769232,0.0769230769230769,0.0,Tumor,0.9230769230769232,True,,positive,negative,negative,negative,Immune cells,0.4885195444752231,0.1282215617308062,0.5114804555247768,0.2201184074737928,0.0170658845255553,0.0973703321484539,1.0,330.8032,387.6704,tumor_core,CTA_composition_plus_H&E_patch_feature_proxy,True,-14.571405818245571,14.571405818245571,False,True,False,False,True
GTGTGAATAACTTAGG-1,1,33,83,6133,8560,28533.3333333333,20443.3333333333,38,0,37,1,0.0,0.9736842105263158,0.0263157894736842,Immune cells,0.9736842105263158,True,,negative,positive,negative,positive,Immune cells,0.5483605815364003,0.1323387099004326,0.4516394184635997,0.1581228613328988,-0.0047254358807234,0.1170393303520238,1.0,356.096,255.13279999999997,immune_enriched,CTA_composition_plus_H&E_patch_feature_proxy,True,19.208211577343647,19.208211577343647,False,False,False,False,True
GTGTTACTATGCGTCC-1,1,41,75,7347,7864,26213.3333333333,24490.0,33,33,0,0,1.0,0.0,0.0,Tumor,1.0,True,,positive,negative,negative,negative,Immune cells,0.4454619520938569,0.1214826516916677,0.554538047906143,0.2181521916245722,0.007658465048069,0.1072621641249092,1.0,327.1424,305.6352,tumor_core,CTA_composition_plus_H&E_patch_feature_proxy,True,-14.592115438139862,14.592115438139862,False,True,False,False,True
GTTAAAGTAGGACTGG-1,1,49,83,8560,8562,28540.0,28533.3333333333,31,31,0,0,1.0,0.0,0.0,Tumor,1.0,True,,positive,negative,negative,negative,Immune cells,0.4735828218637408,0.1213020431282313,0.5264171781362591,0.2141437184291999,0.0077127804030199,0.0997897794595421,1.0,356.1792,356.096,tumor_core,CTA_composition_plus_H&E_patch_feature_proxy,True,-7.238400000000013,7.238400000000013,True,True,False,False,True
GTTAACATCACTTAAA-1,1,55,73,9471,7691,25636.6666666667,31570.0,22,22,0,0,1.0,0.0,0.0,Tumor,1.0,True,,positive,negative,negative,negative,Immune cells,0.5182626328463056,0.1175580273060012,0.4817373671536944,0.2105371788604638,0.014925859540492,0.0817261017467415,1.0,319.9456,393.99359999999996,tumor_core,CTA_composition_plus_H&E_patch_feature_proxy,True,-7.285702909122796,7.285702909122796,True,True,False,False,True
GTTAACTATGTTGTCA-1,1,43,111,7649,11002,36673.3333333333,25496.6666666667,24,24,0,0,1.0,0.0,0.0,Tumor,1.0,True,,positive,negative,negative,negative,Immune cells,0.431857766190502,0.1279686085833767,0.5681422338094979,0.2368909890826136,0.0186736190321003,0.0947330199136184,1.0,457.6832,318.1984,tumor_core,CTA_composition_plus_H&E_patch_feature_proxy,True,-14.556077185835472,14.556077185835472,False,True,False,False,True
GTTAAGGGTGCGATGT-1,1,61,71,10381,7517,25056.6666666667,34603.3333333333,16,13,1,2,0.8125,0.0625,0.125,Tumor,0.8125,True,,positive,negative,negative,negative,Immune cells,0.5090109173863451,0.1168148232166836,0.4909890826136548,0.2093856933355059,0.0061919504643962,0.0830906241638955,1.0,312.7072,431.84959999999995,tumor_core,CTA_composition_plus_H&E_patch_feature_proxy,True,-7.28011885617264,7.28011885617264,True,True,False,False,True
GTTAAGTTAGAGTGGG-1,1,36,116,6587,11438,38126.6666666667,21956.6666666667,33,33,0,0,1.0,0.0,0.0,Tumor,1.0,True,,positive,negative,negative,negative,Immune cells,0.3922329042420292,0.129424031318639,0.6077670957579707,0.2482863505513008,0.0228015860083645,0.0839162175591484,1.0,475.82079999999996,274.0192,tumor_core,CTA_composition_plus_H&E_patch_feature_proxy,True,-40.39893353047827,40.39893353047827,False,True,False,False,True
GTTACAATTGGTGACG-1,1,37,33,6743,4202,14006.6666666667,22476.6666666667,24,18,1,5,0.75,0.0416666666666666,0.2083333333333333,Tumor,0.75,True,,positive,negative,ambiguous,negative,Immune cells,0.7491535857186827,0.1660880444811723,0.2508464142813173,0.0761935799250448,0.0015642822225843,0.0509536368153499,1.0,174.8032,280.5088,tumor_core,CTA_composition_plus_H&E_patch_feature_proxy,True,-12.64646842086757,12.64646842086757,False,True,False,False,True
GTTACCTACAACTTGC-1,1,47,67,8258,7167,23890.0,27526.6666666667,24,18,2,4,0.75,0.0833333333333333,0.1666666666666666,Tumor,0.75,True,,positive,negative,negative,negative,Immune cells,0.493331884923868,0.1199731138369701,0.506668115076132,0.2103416435826408,0.0109499755580902,0.0969078469594465,1.0,298.1472,343.5328,tumor_core,CTA_composition_plus_H&E_patch_feature_proxy,True,-19.194557361919056,19.194557361919056,False,True,False,False,True
GTTACTTTGGGCCTAG-1,1,43,51,7652,5771,19236.6666666667,25506.6666666667,24,16,7,1,0.6666666666666666,0.2916666666666667,0.0416666666666666,Tumor,0.6666666666666666,True,,positive,ambiguous,negative,ambiguous,Immune cells,0.5049734760016658,0.1147807938825933,0.4950265239983343,0.2161099342784205,0.023475096409755,0.0775981347704773,1.0,240.0736,318.3232,mixed_boundary,CTA_composition_plus_H&E_patch_feature_proxy,True,0.0,0.0,True,False,True,True,True
GTTAGCCCATGACATC-1,1,67,75,11291,7866,26220.0,37636.6666666667,15,12,0,3,0.8,0.0,0.2,Tumor,0.8,True,,positive,negative,negative,negative,Immune cells,0.4853982220773813,0.1303502081401428,0.5146017779226187,0.2223996523817283,0.0164792786920862,0.0843251920651301,1.0,327.2256,469.7056,tumor_core,CTA_composition_plus_H&E_patch_feature_proxy,True,-7.238400000000013,7.238400000000013,True,True,False,False,True
GTTAGCCGTAAATCAA-1,1,30,110,5677,10914,36380.0,18923.3333333333,32,30,2,0,0.9375,0.0625,0.0,Tumor,0.9375,True,,positive,negative,negative,negative,Immune cells,0.38134810710988,0.1205938555764957,0.61865189289012,0.2370865243604367,0.0124708054967139,0.0825211176088369,1.0,454.0224,236.1632,tumor_core,CTA_composition_plus_H&E_patch_feature_proxy,True,-56.705301655488924,56.705301655488924,False,True,False,False,True
GTTAGGCTACCCGTTT-1,1,54,14,9323,2547,8490.0,31076.6666666667,0,0,0,0,0.0,0.0,0.0,unmapped,0.0,False,no_CTA_object_captured,excluded,excluded,excluded,excluded,Immune cells,0.7852117393587167,0.1317389213263264,0.2147882606412832,0.0611047743197001,0.0138721416544456,0.081523525589573,1.0,105.95519999999999,387.8368,unmapped_or_excluded,CTA_composition_plus_H&E_patch_feature_proxy,True,45.290919390094075,45.290919390094075,False,False,False,False,True
GTTATAATACGGTGAA-1,1,53,107,9166,10655,35516.6666666667,30553.3333333333,20,19,0,1,0.95,0.0,0.05,Tumor,0.95,True,,positive,negative,negative,negative,Immune cells,0.5067803668096971,0.1235356454929548,0.4932196331903028,0.2059095106186518,0.010873934061159,0.0827428047242288,1.0,443.248,381.30559999999997,tumor_core,CTA_composition_plus_H&E_patch_feature_proxy,True,-12.564646274368396,12.564646274368396,False,True,False,False,True
GTTATATCAGGAGCCA-1,1,23,115,4615,11349,37830.0,15383.3333333333,26,26,0,0,1.0,0.0,0.0,Tumor,1.0,True,,positive,negative,negative,negative,Immune cells,0.456976807343436,0.1637234583466506,0.543023192656564,0.2253761338330345,0.0320895117049589,0.1183732752360203,1.0,472.11839999999995,191.98399999999998,tumor_core,CTA_composition_plus_H&E_patch_feature_proxy,True,-14.571405818245518,14.571405818245518,False,True,False,False,True
GTTATATTATCTCCCT-1,1,48,56,8410,6208,20693.3333333333,28033.3333333333,22,22,0,0,1.0,0.0,0.0,Tumor,1.0,True,,positive,negative,negative,negative,Immune cells,0.4977966071008274,0.1161732961542924,0.5022033928991725,0.2060833197544946,0.0107327141382868,0.1067003019531399,1.0,258.2528,349.856,tumor_core,CTA_composition_plus_H&E_patch_feature_proxy,True,-12.646399999999971,12.646399999999971,False,True,False,False,True
GTTCAGTCGCCAAATG-1,1,70,60,11747,6559,21863.3333333333,39156.6666666667,25,22,2,1,0.88,0.08,0.04,Tumor,0.88,True,,positive,negative,negative,negative,Immune cells,0.5105933047272464,0.1247265590859883,0.4894066952727536,0.1959372114496768,0.0091467057737222,0.0888927110805335,1.0,272.8544,488.67519999999996,tumor_core,CTA_composition_plus_H&E_patch_feature_proxy,True,-7.249628073218616,7.249628073218616,True,True,False,False,True
GTTCATCGTTTGGCTG-1,1,33,105,6132,10478,34926.6666666667,20440.0,28,18,10,0,0.6428571428571429,0.3571428571428571,0.0,Tumor,0.6428571428571429,True,,positive,ambiguous,negative,ambiguous,Immune cells,0.4084659533250049,0.1206271179827308,0.591534046674995,0.2204008473195372,-3.258921297050726e-05,0.0862745098039215,1.0,435.8848,255.0912,immune_enriched,CTA_composition_plus_H&E_patch_feature_proxy,True,61.970387767061794,61.970387767061794,False,False,False,False,True
GTTCCCGTAAACATAT-1,1,59,119,10075,11701,39003.3333333333,33583.3333333333,13,0,10,3,0.0,0.7692307692307693,0.2307692307692307,Immune cells,0.7692307692307693,True,,negative,positive,ambiguous,positive,Immune cells,0.7170387268480799,0.1341805142092098,0.28296127315192,0.1186790505675954,0.0215849220574656,0.1226961739861636,1.0,486.7616,419.12,immune_enriched,CTA_composition_plus_H&E_patch_feature_proxy,True,7.249628073218693,7.249628073218693,True,False,False,False,True
GTTCCGTCCGCCTGCA-1,1,70,42,11748,4989,16630.0,39160.0,21,19,2,0,0.9047619047619048,0.0952380952380952,0.0,Tumor,0.9047619047619048,True,,positive,negative,negative,negative,Immune cells,0.62079915992251,0.1855089503670272,0.3792008400774898,0.1498126120254195,0.0131443158981043,0.110755647288155,1.0,207.5424,488.7168,tumor_core,CTA_composition_plus_H&E_patch_feature_proxy,True,-7.249628073218679,7.249628073218679,True,True,False,False,True
GTTCGACAATTGTATA-1,1,69,27,11597,3682,12273.3333333333,38656.6666666667,4,4,0,0,1.0,0.0,0.0,Tumor,1.0,True,,positive,negative,negative,negative,Immune cells,0.8318903554034726,0.0387149825427435,0.1681096445965273,0.0729889739829449,0.023735810113519,0.0118870160149829,1.0,153.1712,482.43519999999995,unmapped_or_excluded,CTA_composition_plus_H&E_patch_feature_proxy,True,12.543762446730224,12.543762446730224,False,False,False,False,True
GTTCGCCATAAGTGCC-1,1,37,53,6742,5945,19816.6666666667,22473.3333333333,19,0,16,3,0.0,0.8421052631578947,0.1578947368421052,Immune cells,0.8421052631578947,True,,negative,positive,negative,positive,Immune cells,0.5492803215469014,0.1065602788769898,0.4507196784530987,0.1688990277551463,-0.0018575851393188,0.0975270420058861,1.0,247.31199999999998,280.4672,immune_enriched,CTA_composition_plus_H&E_patch_feature_proxy,True,14.518400000000014,14.518400000000014,False,False,False,False,True
GTTCGCTGAGACGTCT-1,1,53,109,9166,10829,36096.6666666667,30553.3333333333,25,25,0,0,1.0,0.0,0.0,Tumor,1.0,True,,positive,negative,negative,negative,Immune cells,0.5113645827675484,0.1231319959753197,0.4886354172324516,0.2049644234425072,0.0126228884905762,0.0831173795054084,1.0,450.4864,381.30559999999997,tumor_core,CTA_composition_plus_H&E_patch_feature_proxy,True,-7.285702909122747,7.285702909122747,True,True,False,False,True
GTTCGGAGCACTCAAC-1,1,64,114,10834,11266,37553.3333333333,36113.3333333333,12,9,0,3,0.75,0.0,0.25,Tumor,0.75,True,,positive,negative,ambiguous,negative,Immune cells,0.8094581138087737,0.0867736173851661,0.1905418861912261,0.1227744283308891,0.0479061430666449,0.0232274586247754,1.0,468.6656,450.6944,tumor_core,CTA_composition_plus_H&E_patch_feature_proxy,True,-7.238400000000013,7.238400000000013,True,True,False,False,True
GTTCGGATCGGGAACA-1,1,44,110,7801,10915,36383.3333333333,26003.3333333333,24,24,0,0,1.0,0.0,0.0,Tumor,1.0,True,,positive,negative,negative,negative,Immune cells,0.4445820433436532,0.1286249824783789,0.5554179566563466,0.2317527565042637,0.0160121666395089,0.0937354278943546,1.0,454.06399999999996,324.5216,tumor_core,CTA_composition_plus_H&E_patch_feature_proxy,True,-12.57978772475913,12.57978772475913,False,True,False,False,True
GTTCGGGCGTACCATT-1,1,32,108,5980,10740,35800.0,19933.3333333333,29,26,1,2,0.896551724137931,0.0344827586206896,0.0689655172413793,Tumor,0.896551724137931,True,,positive,negative,negative,negative,Immune cells,0.3752647873553853,0.1230585779860453,0.6247352126446146,0.2315029058714898,0.0053772201401336,0.0873714788059473,1.0,446.784,248.768,tumor_core,CTA_composition_plus_H&E_patch_feature_proxy,True,-69.27564202459618,69.27564202459618,False,True,False,False,True
GTTCGTCTAAAGAACT-1,1,51,89,8864,9085,30283.3333333333,29546.6666666667,25,25,0,0,1.0,0.0,0.0,Tumor,1.0,True,,positive,negative,negative,negative,Immune cells,0.4660800608331976,0.1249335739372132,0.5339199391668025,0.2245396773667916,0.0154798761609907,0.0950273286702595,1.0,377.936,368.7424,tumor_core,CTA_composition_plus_H&E_patch_feature_proxy,True,-7.285702909122747,7.285702909122747,True,True,False,False,True
GTTCGTCTGGGTCCCT-1,1,21,119,4311,11698,38993.3333333333,14370.0,29,29,0,0,1.0,0.0,0.0,Tumor,1.0,True,,positive,negative,negative,negative,Immune cells,0.4162765013669364,0.1237816899351208,0.5837234986330636,0.2363043832491445,0.0216718266253869,0.0896380384512479,1.0,486.6368,179.33759999999998,tumor_core,CTA_composition_plus_H&E_patch_feature_proxy,True,-12.600611845462108,12.600611845462108,False,True,False,False,True
GTTCTTGTAACTCAAT-1,1,75,61,12506,6646,22153.3333333333,41686.6666666667,20,1,17,2,0.05,0.85,0.1,Immune cells,0.85,True,,negative,positive,negative,positive,Immune cells,0.7779081346296598,0.0894712019991413,0.2220918653703401,0.1321709847373852,0.0540763673890609,0.0349692313572602,1.0,276.4736,520.2496,immune_enriched,CTA_composition_plus_H&E_patch_feature_proxy,True,7.285702909122796,7.285702909122796,True,False,False,False,True
GTTGAACCGGTTCCAT-1,1,42,40,7501,4812,16040.0,25003.3333333333,17,15,2,0,0.8823529411764706,0.1176470588235294,0.0,Tumor,0.8823529411764706,True,,positive,negative,negative,negative,Immune cells,0.4501729038799268,0.1243031710820268,0.5498270961200731,0.2143066644940525,0.0027157677475422,0.0995145816611244,1.0,200.17919999999998,312.04159999999996,tumor_core,CTA_composition_plus_H&E_patch_feature_proxy,True,-7.280000000000001,7.280000000000001,True,True,False,False,True
GTTGAGTCCCGCCGGT-1,1,52,78,9016,8126,27086.6666666667,30053.3333333333,18,18,0,0,1.0,0.0,0.0,Tumor,1.0,True,,positive,negative,negative,negative,Immune cells,0.4659750511469592,0.1263146267838344,0.5340249488530407,0.2268643745586877,0.0159904404975286,0.0968390475098421,1.0,338.04159999999996,375.06559999999996,tumor_core,CTA_composition_plus_H&E_patch_feature_proxy,True,-14.518400000000042,14.518400000000042,False,True,False,False,True
GTTGCGCTAACATTAC-1,1,41,119,7345,11700,39000.0,24483.3333333333,27,27,0,0,1.0,0.0,0.0,Tumor,1.0,True,,positive,negative,negative,negative,Immune cells,0.3889703619213152,0.1282897573214483,0.6110296380786848,0.2462115039921785,0.0185975775351691,0.0676145701945495,1.0,486.71999999999997,305.55199999999996,tumor_core,CTA_composition_plus_H&E_patch_feature_proxy,True,-14.535316219470442,14.535316219470442,False,True,False,False,True
GTTGCGGACGGTCAGG-1,1,53,119,9165,11701,39003.3333333333,30550.0,15,6,2,7,0.4,0.1333333333333333,0.4666666666666667,Stroma,0.4666666666666667,True,,ambiguous,negative,ambiguous,negative,Immune cells,0.5013271051726323,0.1139519982743774,0.4986728948273677,0.1990331866818749,0.0029764814513062,0.0730459045216527,1.0,486.7616,381.264,stroma_rich,CTA_composition_plus_H&E_patch_feature_proxy,True,0.0,0.0,True,False,True,True,True
GTTGGACCGCATCAGG-1,1,20,116,4159,11436,38120.0,13863.3333333333,22,13,3,6,0.5909090909090909,0.1363636363636363,0.2727272727272727,Tumor,0.5909090909090909,True,,ambiguous,negative,ambiguous,negative,Immune cells,0.4920753897126717,0.1677477436585953,0.5079246102873282,0.1933518005540166,0.0194774862853728,0.1293238542980545,1.0,475.7376,173.0144,mixed_boundary,CTA_composition_plus_H&E_patch_feature_proxy,True,0.0,0.0,True,False,True,True,True
GTTGGATTGAGAACAC-1,1,32,88,5981,8996,29986.6666666667,19936.6666666667,18,2,5,11,0.1111111111111111,0.2777777777777778,0.6111111111111112,Stroma,0.6111111111111112,True,,negative,ambiguous,positive,ambiguous,Immune cells,0.4552894103162964,0.1381606573027249,0.5447105896837036,0.1995980663733637,0.0014991037966433,0.1317280128425639,1.0,374.23359999999997,248.8096,stroma_rich,CTA_composition_plus_H&E_patch_feature_proxy,True,0.0,0.0,True,False,True,True,True
GTTGGATTTGCGTTGG-1,1,36,50,6590,5684,18946.6666666667,21966.6666666667,30,30,0,0,1.0,0.0,0.0,Tumor,1.0,True,,positive,negative,negative,negative,Immune cells,0.5216700161135553,0.1131081328888432,0.4783299838864446,0.1874748791483352,0.0006300581174297,0.1086152199671291,1.0,236.4544,274.144,tumor_core,CTA_composition_plus_H&E_patch_feature_proxy,True,-14.518400000000014,14.518400000000014,False,True,False,False,True
GTTGGTCATGCTATCC-1,1,55,63,9472,6819,22730.0,31573.3333333333,20,16,3,1,0.8,0.15,0.05,Tumor,0.8,True,,positive,negative,negative,negative,Immune cells,0.50010682019807,0.116708605732793,0.49989317980193,0.208940307424909,0.0128727391233501,0.0900011466574934,1.0,283.6704,394.0352,tumor_core,CTA_composition_plus_H&E_patch_feature_proxy,True,-7.279999999999973,7.279999999999973,True,True,False,False,True
GTTGTAGATTTATGAG-1,1,71,63,11899,6820,22733.3333333333,39663.3333333333,13,2,3,8,0.1538461538461538,0.2307692307692307,0.6153846153846154,Stroma,0.6153846153846154,True,,negative,ambiguous,positive,ambiguous,Immune cells,0.5001176832690601,0.1254726427702616,0.4998823167309399,0.2091467057737222,0.0158057682906957,0.0873600122310132,1.0,283.712,494.9984,stroma_rich,CTA_composition_plus_H&E_patch_feature_proxy,True,0.0,0.0,True,False,True,True,True
GTTTACGTTCCATCTG-1,1,48,64,8410,6905,23016.6666666667,28033.3333333333,18,18,0,0,1.0,0.0,0.0,Tumor,1.0,True,,positive,negative,negative,negative,Immune cells,0.4945630329694204,0.1190534487445495,0.5054369670305795,0.2027592200315028,0.006756830155885,0.1054389787103925,1.0,287.248,349.856,tumor_core,CTA_composition_plus_H&E_patch_feature_proxy,True,-14.535316219470442,14.535316219470442,False,True,False,False,True
GTTTCAAACGAGTTGT-1,1,61,109,10379,10830,36100.0,34596.6666666667,20,2,5,13,0.1,0.25,0.65,Stroma,0.65,True,,negative,ambiguous,positive,ambiguous,Immune cells,0.5516122607861242,0.1188204917419361,0.4483877392138757,0.188300472543588,0.0114605398946282,0.0887512899896801,1.0,450.52799999999996,431.7664,stroma_rich,CTA_composition_plus_H&E_patch_feature_proxy,True,0.0,0.0,True,False,True,True,True
GTTTCTAGAGGCGCGG-1,1,69,93,11594,9436,31453.3333333333,38646.6666666667,18,16,1,1,0.8888888888888888,0.0555555555555555,0.0555555555555555,Tumor,0.8888888888888888,True,,positive,negative,negative,negative,Immune cells,0.5879890645085365,0.1309288990131929,0.4120109354914634,0.1628157080006518,0.0114062245396773,0.1342544815197033,1.0,392.5376,482.31039999999996,tumor_core,CTA_composition_plus_H&E_patch_feature_proxy,True,-7.306457067553315,7.306457067553315,True,True,False,False,True
GTTTCTGCAGTCTCCC-1,1,40,72,7196,7602,25340.0,23986.6666666667,18,18,0,0,1.0,0.0,0.0,Tumor,1.0,True,,positive,negative,negative,negative,Immune cells,0.4462115039921785,0.1168066009111176,0.5537884960078214,0.2107001249253164,0.0023898756178371,0.1043993425830371,1.0,316.2432,299.3536,tumor_core,CTA_composition_plus_H&E_patch_feature_proxy,True,-19.270905340434833,19.270905340434833,False,True,False,False,True
GTTTGACCAAATCCTA-1,1,30,58,5680,6380,21266.6666666667,18933.3333333333,9,0,0,9,0.0,0.0,1.0,Stroma,1.0,True,,negative,negative,positive,negative,Immune cells,0.6850831930186664,0.1005443913753926,0.3149168069813335,0.1307153332247026,0.0215306067025147,0.0854030501089324,1.0,265.408,236.28799999999998,stroma_rich,CTA_composition_plus_H&E_patch_feature_proxy,True,19.278761387599562,19.278761387599562,False,False,True,False,True
GTTTGGCCCAAGTTAT-1,1,42,80,7499,8300,27666.6666666667,24996.6666666667,29,29,0,0,1.0,0.0,0.0,Tumor,1.0,True,,positive,negative,negative,negative,Immune cells,0.4655622544493328,0.1209896431277559,0.5344377455506671,0.2122535440769105,0.0091575688447123,0.102973665099568,1.0,345.28,311.9584,tumor_core,CTA_composition_plus_H&E_patch_feature_proxy,True,-21.8210142239081,21.8210142239081,False,True,False,False,True
GTTTGGGCTTGTGAGC-1,1,51,65,8865,6993,23310.0,29550.0,22,22,0,0,1.0,0.0,0.0,Tumor,1.0,True,,positive,negative,negative,negative,Immune cells,0.4683721688121232,0.1152736878852738,0.5316278311878768,0.212796697626419,0.004442996034979,0.0850743416274892,1.0,290.9088,368.784,tumor_core,CTA_composition_plus_H&E_patch_feature_proxy,True,-7.285702909122747,7.285702909122747,True,True,False,False,True
GTTTGGGTTTCGCCCG-1,1,63,91,10684,9261,30870.0,35613.3333333333,16,12,2,2,0.75,0.125,0.125,Tumor,0.75,True,,positive,negative,negative,negative,Immune cells,0.4831930186663769,0.1253483472316375,0.5168069813336229,0.2119385150181956,0.0077345065450002,0.0880097848106104,1.0,385.25759999999997,444.45439999999996,tumor_core,CTA_composition_plus_H&E_patch_feature_proxy,True,-7.285702909122796,7.285702909122796,True,True,False,False,True
GTTTGGTAGGGTCAAC-1,1,53,59,9169,6470,21566.6666666667,30563.3333333333,25,12,7,6,0.48,0.28,0.24,Tumor,0.48,True,,ambiguous,ambiguous,ambiguous,ambiguous,Immune cells,0.5688990277551463,0.1055782065134604,0.4311009722448536,0.1804138830047254,0.0143066644940524,0.0834957764782326,1.0,269.152,381.43039999999996,mixed_boundary,CTA_composition_plus_H&E_patch_feature_proxy,True,0.0,0.0,True,False,True,True,True
GTTTGGTGATCGGTGC-1,1,66,38,11142,4640,15466.6666666667,37140.0,29,20,5,4,0.6896551724137931,0.1724137931034483,0.1379310344827586,Tumor,0.6896551724137931,True,,positive,negative,negative,negative,Immune cells,0.4992631216845002,0.1245649238899258,0.5007368783154998,0.1955244147520504,-8.690456792135229e-05,0.1145625501662653,1.0,193.024,463.50719999999995,mixed_boundary,CTA_composition_plus_H&E_patch_feature_proxy,True,0.0,0.0,True,False,True,True,True
TAAACCCAGGAGGGCA-1,1,54,36,9322,4465,14883.3333333333,31073.3333333333,28,28,0,0,1.0,0.0,0.0,Tumor,1.0,True,,positive,negative,negative,negative,Immune cells,0.4671518838375609,0.1222094029400502,0.5328481161624391,0.2067459670848949,-0.003606539568736,0.1098115659519168,1.0,185.744,387.79519999999997,tumor_core,CTA_composition_plus_H&E_patch_feature_proxy,True,-14.571405818245509,14.571405818245509,False,True,False,False,True
TAAAGACAACCCTTTA-1,1,40,118,7193,11612,38706.6666666667,23976.6666666667,24,24,0,0,1.0,0.0,0.0,Tumor,1.0,True,,positive,negative,negative,negative,Immune cells,0.396914887838792,0.128869490082622,0.603085112161208,0.2428874042691869,0.0188800173809135,0.0800825593395252,1.0,483.0592,299.2288,tumor_core,CTA_composition_plus_H&E_patch_feature_proxy,True,-21.841743168529383,21.841743168529383,False,True,False,False,True
TAAAGCGGTATTTCCA-1,1,63,49,10686,5599,18663.3333333333,35620.0,10,6,3,1,0.6,0.3,0.1,Tumor,0.6,True,,positive,ambiguous,negative,ambiguous,Immune cells,0.5116506436369562,0.1212583907525484,0.4883493563630438,0.202770083102493,0.0121992287219596,0.0817872568130566,1.0,232.9184,444.5376,immune_enriched,CTA_composition_plus_H&E_patch_feature_proxy,True,7.285702909122762,7.285702909122762,True,False,False,False,True
TAAAGTGCACGTCTCG-1,1,72,50,12051,5687,18956.6666666667,40170.0,28,23,4,1,0.8214285714285714,0.1428571428571428,0.0357142857142857,Tumor,0.8214285714285714,True,,positive,negative,negative,negative,Immune cells,0.6577517064074014,0.163173836143879,0.3422482935925986,0.1582532181847808,0.0273858019662158,0.0728242174062607,1.0,236.5792,501.3216,tumor_core,CTA_composition_plus_H&E_patch_feature_proxy,True,-19.208211577343672,19.208211577343672,False,True,False,False,True
TAAATCTTTACACCTC-1,1,24,120,4766,11785,39283.3333333333,15886.6666666667,28,28,0,0,1.0,0.0,0.0,Tumor,1.0,True,,positive,negative,negative,negative,Immune cells,0.4111129216229428,0.1264220962727493,0.5888870783770571,0.2475585247949595,0.0263646732931399,0.0798379390742651,1.0,490.256,198.26559999999998,tumor_core,CTA_composition_plus_H&E_patch_feature_proxy,True,-19.226672140544757,19.226672140544757,False,True,False,False,True
TAAATTGTGGGTAAAG-1,1,74,74,12353,7780,25933.3333333333,41176.6666666667,9,0,0,9,0.0,0.0,1.0,Stroma,1.0,True,,negative,negative,positive,negative,Immune cells,0.7664584578060217,0.1153698274311424,0.2335415421939781,0.1324968768670903,0.0445820433436532,0.051763941444024,1.0,323.64799999999997,513.8847999999999,stroma_rich,CTA_composition_plus_H&E_patch_feature_proxy,True,7.249628073218644,7.249628073218644,True,False,True,False,True
TAAATTTAGTAACACC-1,1,71,39,11900,4728,15760.0,39666.6666666667,15,7,1,7,0.4666666666666667,0.0666666666666666,0.4666666666666667,Tumor,0.4666666666666667,True,,ambiguous,negative,ambiguous,negative,Immune cells,0.7797476146506618,0.1150258537559733,0.2202523853493381,0.1103688012601162,0.0349030470914127,0.0365554408898062,1.0,196.6848,495.03999999999996,stroma_rich,CTA_composition_plus_H&E_patch_feature_proxy,True,0.0,0.0,True,False,True,True,True
TAACAGCGTTTGTGCT-1,1,63,37,10687,4553,15176.6666666667,35623.3333333333,15,6,8,1,0.4,0.5333333333333333,0.0666666666666666,Immune cells,0.5333333333333333,True,,ambiguous,ambiguous,negative,ambiguous,Immune cells,0.5234189705429725,0.1204648632893427,0.4765810294570275,0.1920699581771767,0.0062571288903373,0.0891602644956618,1.0,189.4048,444.57919999999996,immune_enriched,CTA_composition_plus_H&E_patch_feature_proxy,True,7.249628073218679,7.249628073218679,True,False,False,False,True
TAACAGGTTCCCTTAG-1,1,74,60,12354,6559,21863.3333333333,41180.0,10,0,2,8,0.0,0.2,0.8,Stroma,0.8,True,,negative,negative,positive,negative,Immune cells,0.7095178606992196,0.1580584323284978,0.2904821393007802,0.1456411927651947,0.0383357775243061,0.066219470244238,1.0,272.8544,513.9264,stroma_rich,CTA_composition_plus_H&E_patch_feature_proxy,True,0.0,0.0,True,False,True,True,True
TAACATACAATGTGGG-1,1,38,70,6893,7427,24756.6666666667,22976.6666666667,20,18,1,1,0.9,0.05,0.05,Tumor,0.9,True,,positive,negative,negative,negative,Immune cells,0.4714536599496677,0.1151977862980594,0.5285463400503322,0.1987616099071207,-0.0021291619140731,0.1127966976264189,1.0,308.9632,286.74879999999996,tumor_core,CTA_composition_plus_H&E_patch_feature_proxy,True,-19.311766692874016,19.311766692874016,False,True,False,False,True
TAACCTACCGTCCGAG-1,1,33,101,6132,10130,33766.6666666667,20440.0,29,27,1,1,0.9310344827586208,0.0344827586206896,0.0344827586206896,Tumor,0.9310344827586208,True,,positive,negative,negative,negative,Immune cells,0.4196078431372549,0.1153256507267023,0.580392156862745,0.2101895605887784,-0.0077453696159904,0.0958873217903145,1.0,421.40799999999996,255.0912,tumor_core,CTA_composition_plus_H&E_patch_feature_proxy,True,-47.59078181665016,47.59078181665016,False,True,False,False,True
TAACCTAGGGAGTCCA-1,1,60,106,10228,10568,35226.6666666667,34093.3333333333,27,27,0,0,1.0,0.0,0.0,Tumor,1.0,True,,positive,negative,negative,negative,Immune cells,0.5253815653685296,0.1194168103367107,0.4746184346314703,0.2005757427624789,0.0105914942154146,0.0951152390780873,1.0,439.62879999999996,425.4848,tumor_core,CTA_composition_plus_H&E_patch_feature_proxy,True,-7.285702909122775,7.285702909122775,True,True,False,False,True
TAACTATTACGCCAAA-1,1,29,107,5525,10652,35506.6666666667,18416.6666666667,24,24,0,0,1.0,0.0,0.0,Tumor,1.0,True,,positive,negative,negative,negative,Immune cells,0.4539822207738127,0.150769646262448,0.5460177792261871,0.2019444897072402,0.0054641247080549,0.1327676489699193,1.0,443.1232,229.84,tumor_core,CTA_composition_plus_H&E_patch_feature_proxy,True,-54.98955129840579,54.98955129840579,False,True,False,False,True
TAACTCATCCGCGCGG-1,1,43,49,7652,5597,18656.6666666667,25506.6666666667,14,4,2,8,0.2857142857142857,0.1428571428571428,0.5714285714285714,Stroma,0.5714285714285714,True,,ambiguous,negative,ambiguous,negative,Immune cells,0.4997700649973747,0.1144565864892325,0.5002299350026252,0.2109282494161099,0.0198359676280484,0.0779650651683675,1.0,232.8352,318.3232,stroma_rich,CTA_composition_plus_H&E_patch_feature_proxy,True,0.0,0.0,True,False,True,True,True
TAAGAGGGACAGGGAC-1,1,63,19,10688,2984,9946.66666666667,35626.6666666667,4,0,0,4,0.0,0.0,1.0,Stroma,1.0,True,,negative,negative,positive,negative,Immune cells,0.7072040265783136,0.1611556573988357,0.2927959734216862,0.1099451414914996,0.0130030959752322,0.072071245652257,1.0,124.1344,444.6208,unmapped_or_excluded,CTA_composition_plus_H&E_patch_feature_proxy,True,21.75683977051814,21.75683977051814,False,False,False,False,True
TAAGCGCGAATCAAAT-1,1,65,25,10991,3507,11690.0,36636.6666666667,30,25,1,4,0.8333333333333334,0.0333333333333333,0.1333333333333333,Tumor,0.8333333333333334,True,,positive,negative,negative,negative,Immune cells,0.5961001575145294,0.1586342837478108,0.4038998424854707,0.1473575579816414,0.0054423985660746,0.1260635248251347,1.0,145.8912,457.2256,tumor_core,CTA_composition_plus_H&E_patch_feature_proxy,True,-7.24962807321863,7.24962807321863,True,True,False,False,True
TAAGGCATAACATCAA-1,1,57,49,9776,5598,18660.0,32586.6666666667,17,15,2,0,0.8823529411764706,0.1176470588235294,0.0,Tumor,0.8823529411764706,True,,positive,negative,negative,negative,Immune cells,0.4697662629225282,0.1220833828404928,0.5302337370774718,0.2242681005920374,0.0168812123187225,0.0966173603944501,1.0,232.8768,406.6816,tumor_core,CTA_composition_plus_H&E_patch_feature_proxy,True,-12.646400000000028,12.646400000000028,False,True,False,False,True
TAAGGCCCGTCACCCT-1,1,62,70,10533,7430,24766.6666666667,35110.0,26,26,0,0,1.0,0.0,0.0,Tumor,1.0,True,,positive,negative,negative,negative,Immune cells,0.4959571270798255,0.1190365512536284,0.5040428729201746,0.2155559176579219,0.0069849546466786,0.0915873561900393,1.0,309.08799999999997,438.1728,tumor_core,CTA_composition_plus_H&E_patch_feature_proxy,True,-7.27048521076828,7.27048521076828,True,True,False,False,True
TAAGGCTGAATCCCTC-1,1,45,97,7953,9782,32606.6666666667,26510.0,27,27,0,0,1.0,0.0,0.0,Tumor,1.0,True,,positive,negative,negative,negative,Immune cells,0.424329657994315,0.1225896097535396,0.575670342005685,0.2282005322904785,0.0050404649394383,0.0874402782555517,1.0,406.9312,330.84479999999996,tumor_core,CTA_composition_plus_H&E_patch_feature_proxy,True,-26.279678488139872,26.279678488139872,False,True,False,False,True
TAAGGGCCTGTCCGAT-1,1,57,95,9773,9609,32030.0,32576.6666666667,17,17,0,0,1.0,0.0,0.0,Tumor,1.0,True,,positive,negative,negative,negative,Immune cells,0.5079390943819817,0.123640484238111,0.4920609056180182,0.2128510129813698,0.0115583075335397,0.0868287275924014,1.0,399.7344,406.5568,tumor_core,CTA_composition_plus_H&E_patch_feature_proxy,True,-26.151945133010635,26.151945133010635,False,True,False,False,True
TAAGTAACATCTTGAC-1,1,46,40,8108,4813,16043.3333333333,27026.6666666667,24,24,0,0,1.0,0.0,0.0,Tumor,1.0,True,,positive,negative,negative,negative,Immune cells,0.4397153875400576,0.1158083224335406,0.5602846124599424,0.2180435609146706,0.0072565314214328,0.0873447234644345,1.0,200.2208,337.2928,tumor_core,CTA_composition_plus_H&E_patch_feature_proxy,True,-7.238399999999984,7.238399999999984,True,True,False,False,True
TAAGTCGCCGAGTATC-1,1,54,32,9322,4116,13720.0,31073.3333333333,21,18,2,1,0.8571428571428571,0.0952380952380952,0.0476190476190476,Tumor,0.8571428571428571,True,,positive,negative,negative,negative,Immune cells,0.5187913023011606,0.1490761897399019,0.4812086976988395,0.183542447449894,-0.0012058008799087,0.1191874020563391,1.0,171.2256,387.79519999999997,tumor_core,CTA_composition_plus_H&E_patch_feature_proxy,True,-7.285702909122762,7.285702909122762,True,True,False,False,True
TAAGTTGCGACGTAGG-1,1,53,95,9167,9608,32026.6666666667,30556.6666666667,33,33,0,0,1.0,0.0,0.0,Tumor,1.0,True,,positive,negative,negative,negative,Immune cells,0.4657505476798291,0.1244739996276997,0.5342494523201708,0.2114822660366085,0.002835261528434,0.101891984864121,1.0,399.6928,381.3472,tumor_core,CTA_composition_plus_H&E_patch_feature_proxy,True,-29.12742762414832,29.12742762414832,False,True,False,False,True
TAATACTAGAACAGAC-1,1,69,77,11595,8041,26803.3333333333,38650.0,31,31,0,0,1.0,0.0,0.0,Tumor,1.0,True,,positive,negative,negative,negative,Immune cells,0.5163072800680754,0.1394966615057997,0.4836927199319247,0.2214762913475639,0.0265819347129433,0.106772923594389,1.0,334.50559999999996,482.352,tumor_core,CTA_composition_plus_H&E_patch_feature_proxy,True,-7.249628073218693,7.249628073218693,True,True,False,False,True
TAATAGAACAGAGTTA-1,1,50,38,8715,4639,15463.3333333333,29050.0,26,26,0,0,1.0,0.0,0.0,Tumor,1.0,True,,positive,negative,negative,negative,Immune cells,0.4519109952383538,0.1200915635306127,0.5480890047616461,0.2135897018087013,0.0039107055564608,0.0978213507625272,1.0,192.98239999999998,362.544,tumor_core,CTA_composition_plus_H&E_patch_feature_proxy,True,-7.2385195392428265,7.2385195392428265,True,True,False,False,True
TAATAGCTAAATGATG-1,1,26,124,5069,12134,40446.6666666667,16896.6666666667,25,15,6,4,0.6,0.24,0.16,Tumor,0.6,True,,positive,ambiguous,negative,ambiguous,Immune cells,0.4327087067513986,0.1293848936044239,0.5672912932486013,0.2407691054261039,0.0287110966270164,0.0824179184344302,1.0,504.77439999999996,210.8704,mixed_boundary,CTA_composition_plus_H&E_patch_feature_proxy,True,0.0,0.0,True,False,True,True,True
TAATCAACCAAATGGG-1,1,51,125,8862,12224,40746.6666666667,29540.0,18,18,0,0,1.0,0.0,0.0,Tumor,1.0,True,,positive,negative,negative,negative,Immune cells,0.5357195879275072,0.1343703450103281,0.4642804120724928,0.1778501982510455,0.0143827059909836,0.1193517562970607,1.0,508.5184,368.6592,tumor_core,CTA_composition_plus_H&E_patch_feature_proxy,True,-25.144369733202705,25.144369733202705,False,True,False,False,True
TAATTACGTCAGTAGA-1,1,62,102,10532,10220,34066.6666666667,35106.6666666667,19,9,10,0,0.4736842105263157,0.5263157894736842,0.0,Immune cells,0.5263157894736842,True,,ambiguous,ambiguous,negative,ambiguous,Immune cells,0.566498289066319,0.1163179225949221,0.4335017109336809,0.1986421161262289,0.0243658682309488,0.0970607346252341,1.0,425.152,438.1312,immune_enriched,CTA_composition_plus_H&E_patch_feature_proxy,True,7.2385195392428265,7.2385195392428265,True,False,False,False,True
TAATTAGGACATCCGT-1,1,42,108,7497,10741,35803.3333333333,24990.0,31,31,0,0,1.0,0.0,0.0,Tumor,1.0,True,,positive,negative,negative,negative,Immune cells,0.415584885847229,0.1239775212130758,0.5844151141527709,0.2360436695453805,0.0102330128727391,0.0914726904406987,1.0,446.82559999999995,311.8752,tumor_core,CTA_composition_plus_H&E_patch_feature_proxy,True,-12.600611845462058,12.600611845462058,False,True,False,False,True
TACAACGCACAACTCA-1,1,41,49,7349,5597,18656.6666666667,24496.6666666667,22,3,18,1,0.1363636363636363,0.8181818181818182,0.0454545454545454,Immune cells,0.8181818181818182,True,,negative,positive,negative,positive,Immune cells,0.5165317835352053,0.1172655330149739,0.4834682164647946,0.1875074683613057,-0.0006735104013904,0.0950808393532851,1.0,232.8352,305.7184,immune_enriched,CTA_composition_plus_H&E_patch_feature_proxy,True,12.600611845462108,12.600611845462108,False,False,False,False,True
TACAAGGGCTTCTTTA-1,1,68,94,11442,9523,31743.3333333333,38140.0,34,34,0,0,1.0,0.0,0.0,Tumor,1.0,True,,positive,negative,negative,negative,Immune cells,0.5564934006843735,0.1389639067627541,0.4435065993156266,0.1807397751344305,0.0107327141382868,0.1214272063601269,1.0,396.1568,475.9872,tumor_core,CTA_composition_plus_H&E_patch_feature_proxy,True,-7.279999999999973,7.279999999999973,True,True,False,False,True
TACACAGCCGTGGTGC-1,1,72,74,12050,7779,25930.0,40166.6666666667,16,6,9,1,0.375,0.5625,0.0625,Immune cells,0.5625,True,,ambiguous,ambiguous,negative,ambiguous,Immune cells,0.6257853095069976,0.1274147575880619,0.3742146904930024,0.1705828037586225,0.0284612459942425,0.1225585750869549,1.0,323.6064,501.28,immune_enriched,CTA_composition_plus_H&E_patch_feature_proxy,True,7.238400000000013,7.238400000000013,True,False,False,False,True
TACACCGTCGTTAGTC-1,1,25,117,4918,11524,38413.3333333333,16393.3333333333,33,33,0,0,1.0,0.0,0.0,Tumor,1.0,True,,positive,negative,negative,negative,Immune cells,0.395046439628483,0.1290810059054246,0.604953560371517,0.2560317201672912,0.033056325023084,0.0726292856323816,1.0,479.3984,204.5888,tumor_core,CTA_composition_plus_H&E_patch_feature_proxy,True,-26.141917958711424,26.141917958711424,False,True,False,False,True
TACACCTCTTCGAATC-1,1,71,91,11897,9261,30870.0,39656.6666666667,28,28,0,0,1.0,0.0,0.0,Tumor,1.0,True,,positive,negative,negative,negative,Immune cells,0.7237303785780239,0.145511953573995,0.2762696214219759,0.1334202379012547,0.0327087067513986,0.0694071780759087,1.0,385.25759999999997,494.91519999999997,tumor_core,CTA_composition_plus_H&E_patch_feature_proxy,True,-7.28000000000003,7.28000000000003,True,True,False,False,True
TACAGAAACGGTGGGC-1,1,59,85,10077,8737,29123.3333333333,33590.0,34,34,0,0,1.0,0.0,0.0,Tumor,1.0,True,,positive,negative,negative,negative,Immune cells,0.4624771422881248,0.1222514305374536,0.5375228577118751,0.224691760360654,0.0110151539840312,0.0759622367465504,1.0,363.4592,419.2032,tumor_core,CTA_composition_plus_H&E_patch_feature_proxy,True,-14.571405818245523,14.571405818245523,False,True,False,False,True
TACATAGGCATACACC-1,1,40,60,7196,6556,21853.3333333333,23986.6666666667,21,21,0,0,1.0,0.0,0.0,Tumor,1.0,True,,positive,negative,negative,negative,Immune cells,0.4628175185124835,0.1297599367651452,0.5371824814875165,0.2134810710987996,0.0038238009885394,0.1207659672055957,1.0,272.7296,299.3536,tumor_core,CTA_composition_plus_H&E_patch_feature_proxy,True,-14.518459598731582,14.518459598731582,False,True,False,False,True
TACATGCCGGAATTGT-1,1,54,122,9317,11962,39873.3333333333,31056.6666666667,24,18,5,1,0.75,0.2083333333333333,0.0416666666666666,Tumor,0.75,True,,positive,ambiguous,negative,ambiguous,Immune cells,0.6316767150073325,0.1520240945250701,0.3683232849926673,0.148682852642442,0.0160664819944598,0.1156633413599358,1.0,497.6192,387.5872,tumor_core,CTA_composition_plus_H&E_patch_feature_proxy,True,-7.238400000000013,7.238400000000013,True,True,False,False,True
TACATTTCTAACGTGC-1,1,39,55,7045,6120,20400.0,23483.3333333333,15,5,6,4,0.3333333333333333,0.4,0.2666666666666666,Immune cells,0.4,True,,ambiguous,ambiguous,ambiguous,ambiguous,Immune cells,0.5267466912896276,0.1065301985060867,0.4732533087103724,0.1876160990712074,0.00836456466243,0.0725719527577112,1.0,254.59199999999998,293.072,immune_enriched,CTA_composition_plus_H&E_patch_feature_proxy,True,7.285702909122747,7.285702909122747,True,False,False,False,True
TACCAAATAGCCCAGA-1,1,59,61,10079,6645,22150.0,33596.6666666667,14,11,1,2,0.7857142857142857,0.0714285714285714,0.1428571428571428,Tumor,0.7857142857142857,True,,positive,negative,negative,negative,Immune cells,0.4973910524505277,0.1142694911953159,0.5026089475494723,0.210417685079572,0.0109065232741295,0.0928219240912739,1.0,276.43199999999996,419.28639999999996,tumor_core,CTA_composition_plus_H&E_patch_feature_proxy,True,-7.249628073218693,7.249628073218693,True,True,False,False,True
TACCAATAAAGTACCA-1,1,55,83,9471,8562,28540.0,31570.0,25,24,0,1,0.96,0.0,0.04,Tumor,0.96,True,,positive,negative,negative,negative,Immune cells,0.458157261057701,0.1230612394536558,0.541842738942299,0.2165770463309977,0.0014991037966433,0.0915032679738562,1.0,356.1792,393.99359999999996,tumor_core,CTA_composition_plus_H&E_patch_feature_proxy,True,-14.535316219470442,14.535316219470442,False,True,False,False,True
TACCAGAAGTAGGTTC-1,1,49,51,8562,5772,19240.0,28540.0,27,27,0,0,1.0,0.0,0.0,Tumor,1.0,True,,positive,negative,negative,negative,Immune cells,0.451773396339145,0.1198385330325853,0.5482266036608548,0.228363478355331,0.0174135027972407,0.0856323816076137,1.0,240.1152,356.1792,tumor_core,CTA_composition_plus_H&E_patch_feature_proxy,True,-19.208211577343672,19.208211577343672,False,True,False,False,True
TACCAGGAATCCCGTC-1,1,68,36,11445,4466,14886.6666666667,38150.0,16,9,5,2,0.5625,0.3125,0.125,Tumor,0.5625,True,,ambiguous,ambiguous,negative,ambiguous,Immune cells,0.5488204515416508,0.1601157371251926,0.4511795484583492,0.1685188202704904,0.0007278257563413,0.127485380116959,1.0,185.7856,476.11199999999997,immune_enriched,CTA_composition_plus_H&E_patch_feature_proxy,True,14.535316219470428,14.535316219470428,False,False,False,False,True
TACCATGTATTGATTT-1,1,48,124,8407,12136,40453.3333333333,28023.3333333333,32,32,0,0,1.0,0.0,0.0,Tumor,1.0,True,,positive,negative,negative,negative,Immune cells,0.4575308239639346,0.1385833028556803,0.5424691760360654,0.2147737765466297,0.0154146977350496,0.0931238772312043,1.0,504.8576,349.7312,tumor_core,CTA_composition_plus_H&E_patch_feature_proxy,True,-26.15194513301069,26.15194513301069,False,True,False,False,True
TACCGAATAATTGTAA-1,1,67,93,11290,9435,31450.0,37633.3333333333,11,5,1,5,0.4545454545454545,0.0909090909090909,0.4545454545454545,Tumor,0.4545454545454545,True,,ambiguous,negative,ambiguous,negative,Immune cells,0.5121937971864646,0.1260014042930815,0.4878062028135354,0.2023464233338764,0.0092879256965944,0.0916217559148415,1.0,392.496,469.664,stroma_rich,CTA_composition_plus_H&E_patch_feature_proxy,True,0.0,0.0,True,False,True,True,True
TACCGCGGACTTGCAG-1,1,33,97,6133,9781,32603.3333333333,20443.3333333333,28,25,3,0,0.8928571428571429,0.1071428571428571,0.0,Tumor,0.8928571428571429,True,,positive,negative,negative,negative,Immune cells,0.4037006861839842,0.1231275033628227,0.5962993138160158,0.2161533865623811,-0.0044864483189397,0.10159767610748,1.0,406.8896,255.13279999999997,tumor_core,CTA_composition_plus_H&E_patch_feature_proxy,True,-33.26254942484115,33.26254942484115,False,True,False,False,True
TACCGGCTCACTGCCC-1,1,47,65,8258,6992,23306.6666666667,27526.6666666667,22,21,1,0,0.9545454545454546,0.0454545454545454,0.0,Tumor,0.9545454545454546,True,,positive,negative,negative,negative,Immune cells,0.4992631216845002,0.1168798277627058,0.5007368783154998,0.2022377926239748,0.0074412036282657,0.0962389634216259,1.0,290.86719999999997,343.5328,tumor_core,CTA_composition_plus_H&E_patch_feature_proxy,True,-12.543762446730252,12.543762446730252,False,True,False,False,True
TACCGGTCGTTTCCAT-1,1,44,34,7805,4289,14296.6666666667,26016.6666666667,43,43,0,0,1.0,0.0,0.0,Tumor,1.0,True,,positive,negative,negative,negative,Immune cells,0.5182155595386816,0.1665336790179417,0.4817844404613184,0.1724729781109119,-0.0044973113899299,0.1329281810189963,1.0,178.42239999999998,324.688,tumor_core,CTA_composition_plus_H&E_patch_feature_proxy,True,-12.60486864667777,12.60486864667777,False,True,False,False,True
TACCGTAGGTTAACTA-1,1,59,57,10079,6296,20986.6666666667,33596.6666666667,23,22,1,0,0.9565217391304348,0.0434782608695652,0.0,Tumor,0.9565217391304348,True,,positive,negative,negative,negative,Immune cells,0.4562851918237285,0.1158667252381404,0.5437148081762715,0.2072348052794525,-0.0061484981804356,0.0972327332492451,1.0,261.9136,419.28639999999996,tumor_core,CTA_composition_plus_H&E_patch_feature_proxy,True,-12.646399999999971,12.646399999999971,False,True,False,False,True
TACCGTGCCTCGGACC-1,1,51,69,8865,7341,24470.0,29550.0,26,26,0,0,1.0,0.0,0.0,Tumor,1.0,True,,positive,negative,negative,negative,Immune cells,0.4618036318867344,0.1128025407573621,0.5381963681132657,0.2093205149095649,-0.0059312367606322,0.0783969728242174,1.0,305.3856,368.784,tumor_core,CTA_composition_plus_H&E_patch_feature_proxy,True,-19.168935135786754,19.168935135786754,False,True,False,False,True
TACCTACTCCCAGTAT-1,1,58,62,9927,6732,22440.0,33090.0,22,19,2,1,0.8636363636363636,0.0909090909090909,0.0454545454545454,Tumor,0.8636363636363636,True,,positive,negative,negative,negative,Immune cells,0.5078992631216844,0.114008671782847,0.4921007368783155,0.2113410461137363,0.0161207973494106,0.0862668654206321,1.0,280.0512,412.9632,tumor_core,CTA_composition_plus_H&E_patch_feature_proxy,True,-12.604800000000012,12.604800000000012,False,True,False,False,True
TACCTCAGTTGTCTGT-1,1,60,50,10231,5686,18953.3333333333,34103.3333333333,31,31,0,0,1.0,0.0,0.0,Tumor,1.0,True,,positive,negative,negative,negative,Immune cells,0.4703890789926312,0.1207543946526936,0.5296109210073687,0.2160013035685188,0.0074303405572755,0.1000649772579597,1.0,236.5376,425.6096,tumor_core,CTA_composition_plus_H&E_patch_feature_proxy,True,-25.251199999999983,25.251199999999983,False,True,False,False,True
TACCTCCACACCAATG-1,1,65,29,10991,3856,12853.3333333333,36636.6666666667,31,31,0,0,1.0,0.0,0.0,Tumor,1.0,True,,positive,negative,negative,negative,Immune cells,0.531287454963518,0.1204457862007579,0.4687125450364818,0.1944272445820433,0.0191190049426972,0.1107747582463784,1.0,160.40959999999998,457.2256,tumor_core,CTA_composition_plus_H&E_patch_feature_proxy,True,-7.24962807321863,7.24962807321863,True,True,False,False,True
TACCTTAAGATTTCCC-1,1,49,29,8563,3854,12846.6666666667,28543.3333333333,25,18,2,5,0.72,0.08,0.2,Tumor,0.72,True,,positive,negative,negative,negative,Immune cells,0.8024079807361542,0.0742526167691724,0.1975920192638458,0.0523817283145945,0.0025528216826896,0.0316477468180254,1.0,160.3264,356.2208,tumor_core,CTA_composition_plus_H&E_patch_feature_proxy,True,-7.249628073218664,7.249628073218664,True,True,False,False,True
TACGACGCTTGCTGCG-1,1,46,54,8107,6033,20110.0,27023.3333333333,16,16,0,0,1.0,0.0,0.0,Tumor,1.0,True,,positive,negative,negative,negative,Immune cells,0.4555537450437238,0.1195127881084845,0.5444462549562761,0.2283852044973114,0.0161316604204008,0.0933723196881091,1.0,250.97279999999998,337.2512,tumor_core,CTA_composition_plus_H&E_patch_feature_proxy,True,-21.841743168529373,21.841743168529373,False,True,False,False,True
TACGACTGCCTCTTAG-1,1,44,66,7803,7079,23596.6666666667,26010.0,32,32,0,0,1.0,0.0,0.0,Tumor,1.0,True,,positive,negative,negative,negative,Immune cells,0.4329440732895189,0.1237368044830052,0.5670559267104811,0.2229753951442072,0.009972299168975,0.0963536291709666,1.0,294.4864,324.6048,tumor_core,CTA_composition_plus_H&E_patch_feature_proxy,True,-19.222621340493603,19.222621340493603,False,True,False,False,True
TACGAGAACTTCACGT-1,1,35,39,6439,4725,15750.0,21463.3333333333,29,29,0,0,1.0,0.0,0.0,Tumor,1.0,True,,positive,negative,negative,negative,Immune cells,0.4625857729980265,0.1372687238694901,0.5374142270019734,0.2365650969529086,0.0424637445005703,0.0948400412796697,1.0,196.56,267.8624,tumor_core,CTA_composition_plus_H&E_patch_feature_proxy,True,-7.280000000000001,7.280000000000001,True,True,False,False,True
TACGATGTTGATCATC-1,1,35,35,6439,4376,14586.6666666667,21463.3333333333,12,1,0,11,0.0833333333333333,0.0,0.9166666666666666,Stroma,0.9166666666666666,True,,negative,negative,positive,negative,Immune cells,0.7042746184346315,0.2039435015306649,0.2957253815653685,0.1134213242083537,0.023605453261637,0.0521232274586248,1.0,182.0416,267.8624,stroma_rich,CTA_composition_plus_H&E_patch_feature_proxy,True,0.0,0.0,True,False,True,True,True
TACGCAGTTCTTTCCT-1,1,41,51,7349,5771,19236.6666666667,24496.6666666667,12,0,6,6,0.0,0.5,0.5,Immune cells,0.5,True,,negative,ambiguous,ambiguous,ambiguous,Immune cells,0.5360237539152318,0.1085971314255224,0.4639762460847682,0.1816196838846341,0.0018793112812992,0.0777319114780415,1.0,240.0736,305.7184,immune_enriched,CTA_composition_plus_H&E_patch_feature_proxy,True,12.604800000000012,12.604800000000012,False,False,False,False,True
TACGCCATATTCTAAT-1,1,40,58,7197,6381,21270.0,23990.0,23,23,0,0,1.0,0.0,0.0,Tumor,1.0,True,,positive,negative,negative,negative,Immune cells,0.4817699563666648,0.1182953108972992,0.5182300436333351,0.2095486394003584,0.0035087719298245,0.1029239766081871,1.0,265.4496,299.3952,tumor_core,CTA_composition_plus_H&E_patch_feature_proxy,True,-7.238400000000013,7.238400000000013,True,True,False,False,True
TACGCCGAGGGTACCC-1,1,56,34,9625,4291,14303.3333333333,32083.3333333333,23,23,0,0,1.0,0.0,0.0,Tumor,1.0,True,,positive,negative,negative,negative,Immune cells,0.4899281226802816,0.121914465633839,0.5100718773197183,0.2002824398457444,-0.0032589212970506,0.0959599434315636,1.0,178.5056,400.4,tumor_core,CTA_composition_plus_H&E_patch_feature_proxy,True,-19.253970279399528,19.253970279399528,False,True,False,False,True
TACGCCGCCTCAGAAG-1,1,45,127,7951,12397,41323.3333333333,26503.3333333333,30,30,0,0,1.0,0.0,0.0,Tumor,1.0,True,,positive,negative,negative,negative,Immune cells,0.4303659044411855,0.1441230391531601,0.5696340955588145,0.2081147140296561,0.0162946064852533,0.0995757367274395,1.0,515.7152,330.7616,tumor_core,CTA_composition_plus_H&E_patch_feature_proxy,True,-25.144369733202705,25.144369733202705,False,True,False,False,True
TACGCCTCCATTCCGA-1,1,55,59,9472,6470,21566.6666666667,31573.3333333333,23,20,2,1,0.8695652173913043,0.0869565217391304,0.0434782608695652,Tumor,0.8695652173913043,True,,positive,negative,negative,negative,Immune cells,0.5455615302446001,0.1067086031664004,0.4544384697553998,0.1881375264787355,0.0119928303731464,0.0735122119023047,1.0,269.152,394.0352,tumor_core,CTA_composition_plus_H&E_patch_feature_proxy,True,-7.238400000000013,7.238400000000013,True,True,False,False,True
TACGCTATAGAAACCT-1,1,34,104,6284,10391,34636.6666666667,20946.6666666667,32,32,0,0,1.0,0.0,0.0,Tumor,1.0,True,,positive,negative,negative,negative,Immune cells,0.4085166476562924,0.1206450906799912,0.5914833523437075,0.2204768888164684,0.0008581826082233,0.0895233727019072,1.0,432.2656,261.4144,tumor_core,CTA_composition_plus_H&E_patch_feature_proxy,True,-56.90188145079211,56.90188145079211,False,True,False,False,True
TACGCTCCTAGAACTG-1,1,73,47,12203,5426,18086.6666666667,40676.6666666667,15,0,15,0,0.0,1.0,0.0,Immune cells,1.0,True,,negative,positive,negative,positive,Immune cells,0.8062462658193472,0.0637154325743519,0.1937537341806527,0.1203193742871109,0.0455162674488078,0.0125482551695142,1.0,225.7216,507.6448,immune_enriched,CTA_composition_plus_H&E_patch_feature_proxy,True,12.57978772475913,12.57978772475913,False,False,False,False,True
TACGCTCGGTATTGGA-1,1,61,113,10379,11178,37260.0,34596.6666666667,5,0,2,3,0.0,0.4,0.6,Stroma,0.6,True,,negative,ambiguous,positive,ambiguous,Immune cells,0.6213785237086524,0.1306130437451862,0.3786214762913475,0.1638911520286785,0.0214871544185541,0.0876008103046287,1.0,465.0048,431.7664,immune_enriched,CTA_composition_plus_H&E_patch_feature_proxy,True,7.249628073218644,7.249628073218644,True,False,False,False,True
TACGCTGCTGTGTTAA-1,1,68,24,11446,3420,11400.0,38153.3333333333,16,16,0,0,1.0,0.0,0.0,Tumor,1.0,True,,positive,negative,negative,negative,Immune cells,0.8309778574402983,0.0264324305618274,0.1690221425597015,0.0542067242409429,0.0094834609744174,0.0090624163895577,1.0,142.272,476.1536,tumor_core,CTA_composition_plus_H&E_patch_feature_proxy,True,-7.285702909122762,7.285702909122762,True,True,False,False,True
TACGGAAGCCAAACCA-1,1,69,73,11595,7692,25640.0,38650.0,15,3,10,2,0.2,0.6666666666666666,0.1333333333333333,Immune cells,0.6666666666666666,True,,negative,positive,negative,positive,Immune cells,0.5528796190683106,0.1263624752771215,0.4471203809316894,0.2072565314214328,0.0242898267340177,0.1019990062301724,1.0,319.9872,482.352,immune_enriched,CTA_composition_plus_H&E_patch_feature_proxy,True,7.285702909122747,7.285702909122747,True,False,False,False,True
TACGGCATGGACGCTA-1,1,63,115,10682,11353,37843.3333333333,35606.6666666667,10,0,2,8,0.0,0.2,0.8,Stroma,0.8,True,,negative,negative,positive,negative,Immune cells,0.792891930548766,0.1019995601383096,0.2071080694512338,0.1238498723589158,0.0434088316767149,0.0336735083897106,1.0,472.28479999999996,444.3712,stroma_rich,CTA_composition_plus_H&E_patch_feature_proxy,True,0.0,0.0,True,False,True,True,True
TACGGGTAATAACATA-1,1,72,88,12049,9000,30000.0,40163.3333333333,10,1,4,5,0.1,0.4,0.5,Stroma,0.5,True,,negative,ambiguous,ambiguous,ambiguous,Immune cells,0.7902051309905311,0.0915452682275569,0.2097948690094689,0.1275976318505241,0.0474173048720873,0.0282803959790543,1.0,374.4,501.23839999999996,immune_enriched,CTA_composition_plus_H&E_patch_feature_proxy,True,19.2082115773437,19.2082115773437,False,False,False,False,True
TACGTAAAGCGGAGTG-1,1,63,103,10683,10307,34356.6666666667,35610.0,9,1,4,4,0.1111111111111111,0.4444444444444444,0.4444444444444444,Immune cells,0.4444444444444444,True,,negative,ambiguous,ambiguous,ambiguous,Immune cells,0.5801459272536346,0.1157348093908423,0.4198540727463654,0.1920373689642061,0.0245179512248112,0.0954401253678859,1.0,428.77119999999996,444.4128,immune_enriched,CTA_composition_plus_H&E_patch_feature_proxy,True,7.238400000000013,7.238400000000013,True,False,False,False,True
TACGTACTAGTGCTGA-1,1,62,42,10535,4989,16630.0,35116.6666666667,20,20,0,0,1.0,0.0,0.0,Tumor,1.0,True,,positive,negative,negative,negative,Immune cells,0.4877880976952184,0.1258572309458019,0.5122119023047815,0.2121883656509695,0.0074846559122263,0.1059282192409127,1.0,207.5424,438.256,tumor_core,CTA_composition_plus_H&E_patch_feature_proxy,True,-14.535316219470442,14.535316219470442,False,True,False,False,True
TACGTGCAAGGTTCCT-1,1,34,126,6283,12309,41030.0,20943.3333333333,24,24,0,0,1.0,0.0,0.0,Tumor,1.0,True,,positive,negative,negative,negative,Immune cells,0.4626183622109971,0.1271080883368202,0.5373816377890029,0.2100266145239259,0.0197164738471565,0.0950655505867064,1.0,512.0544,261.3728,tumor_core,CTA_composition_plus_H&E_patch_feature_proxy,True,-7.27048521076828,7.27048521076828,True,True,False,False,True
TACGTGGGCCCAGGGC-1,1,69,81,11595,8389,27963.3333333333,38650.0,7,0,0,7,0.0,0.0,1.0,Stroma,1.0,True,,negative,negative,positive,negative,Immune cells,0.5095540709358536,0.1180098452824757,0.4904459290641464,0.2096681331812503,0.0148389549725707,0.0931047662729809,1.0,348.9824,482.352,stroma_rich,CTA_composition_plus_H&E_patch_feature_proxy,True,0.0,0.0,True,False,True,True,True
TACGTTTACCGGCAAT-1,1,40,32,7198,4115,13716.6666666667,23993.3333333333,29,28,1,0,0.9655172413793104,0.0344827586206896,0.0,Tumor,0.9655172413793104,True,,positive,negative,negative,negative,Immune cells,0.7074140459507903,0.176162402724777,0.2925859540492097,0.0886969746347292,-0.0102981912986801,0.0685166074226961,1.0,171.184,299.4368,tumor_core,CTA_composition_plus_H&E_patch_feature_proxy,True,-28.995199999999983,28.995199999999983,False,True,False,False,True
TACTACGTGCAATGCG-1,1,71,85,11898,8738,29126.6666666667,39660.0,19,0,16,3,0.0,0.8421052631578947,0.1578947368421052,Immune cells,0.8421052631578947,True,,negative,positive,negative,positive,Immune cells,0.6868104213061031,0.1487608504241636,0.3131895786938967,0.1466514583672804,0.0293628808864265,0.0500745327370714,1.0,363.50079999999997,494.9568,immune_enriched,CTA_composition_plus_H&E_patch_feature_proxy,True,12.564646274368396,12.564646274368396,False,False,False,False,True
TACTATGGTTCCTCAG-1,1,57,47,9776,5424,18080.0,32586.6666666667,28,25,1,2,0.8928571428571429,0.0357142857142857,0.0714285714285714,Tumor,0.8928571428571429,True,,positive,negative,negative,negative,Immune cells,0.4652798146035884,0.1226470299490178,0.5347201853964116,0.222703818369453,0.013187768182065,0.0937774720024462,1.0,225.6384,406.6816,tumor_core,CTA_composition_plus_H&E_patch_feature_proxy,True,-7.238400000000013,7.238400000000013,True,True,False,False,True
TACTCCTCTAGTTGAC-1,1,64,36,10838,4466,14886.6666666667,36126.6666666667,6,3,0,3,0.5,0.0,0.5,Tumor,0.5,True,,ambiguous,negative,ambiguous,negative,Immune cells,0.5187985443484873,0.1218011799611256,0.4812014556515127,0.1903101406767693,0.0029221660963554,0.1068531896189274,1.0,185.7856,450.8608,stroma_rich,CTA_composition_plus_H&E_patch_feature_proxy,True,0.0,0.0,True,False,True,True,True
TACTCGTTTGAATCAA-1,1,72,86,12049,8826,29420.0,40163.3333333333,20,1,18,1,0.05,0.9,0.05,Immune cells,0.9,True,,negative,positive,negative,positive,Immune cells,0.7835822787101914,0.0951164513223645,0.2164177212898085,0.1268046276682418,0.0445168649177122,0.0242862057103543,1.0,367.16159999999996,501.23839999999996,immune_enriched,CTA_composition_plus_H&E_patch_feature_proxy,True,14.518459598731525,14.518459598731525,False,False,False,False,True
TACTCTTACTTTACTG-1,1,59,111,10076,11004,36680.0,33586.6666666667,8,1,1,6,0.125,0.125,0.75,Stroma,0.75,True,,negative,negative,positive,negative,Immune cells,0.5503847337642352,0.1130743870145315,0.4496152662357648,0.201097170170007,0.0215306067025148,0.0787868363719757,1.0,457.7664,419.16159999999996,stroma_rich,CTA_composition_plus_H&E_patch_feature_proxy,True,0.0,0.0,True,False,True,True,True
TACTCTTTCGTCTTCA-1,1,58,46,9928,5337,17790.0,33093.3333333333,24,22,0,2,0.9166666666666666,0.0,0.0833333333333333,Tumor,0.9166666666666666,True,,positive,negative,negative,negative,Immune cells,0.4617927688157442,0.1283852553446213,0.5382072311842558,0.2225951876595514,0.0105589050024441,0.1090165500898215,1.0,222.01919999999998,413.0048,tumor_core,CTA_composition_plus_H&E_patch_feature_proxy,True,-7.285702909122762,7.285702909122762,True,True,False,False,True
TACTGAACAGATTTAG-1,1,56,44,9624,5162,17206.6666666667,32080.0,14,9,4,1,0.6428571428571429,0.2857142857142857,0.0714285714285714,Tumor,0.6428571428571429,True,,positive,ambiguous,negative,ambiguous,Immune cells,0.4904821393007804,0.1253060245146589,0.5095178606992197,0.2126228884905762,0.0105154527184835,0.1062951496388028,1.0,214.73919999999998,400.35839999999996,mixed_boundary,CTA_composition_plus_H&E_patch_feature_proxy,True,0.0,0.0,True,False,True,True,True
TACTGTTTCTCTGGTA-1,1,47,119,8255,11700,39000.0,27516.6666666667,30,30,0,0,1.0,0.0,0.0,Tumor,1.0,True,,positive,negative,negative,negative,Immune cells,0.4156464432495066,0.1239925025293482,0.5843535567504933,0.2283960675683015,0.0038129379175492,0.0783205289913236,1.0,486.71999999999997,343.40799999999996,tumor_core,CTA_composition_plus_H&E_patch_feature_proxy,True,-14.571405818245571,14.571405818245571,False,True,False,False,True
TACTTAAACATGTACA-1,1,66,108,11138,10743,35810.0,37126.6666666667,13,11,1,1,0.8461538461538461,0.0769230769230769,0.0769230769230769,Tumor,0.8461538461538461,True,,positive,negative,negative,negative,Immune cells,0.6937012293375336,0.1639595013287647,0.3062987706624662,0.1281081961870621,0.0182065069795231,0.0910637159347169,1.0,446.9088,463.3408,tumor_core,CTA_composition_plus_H&E_patch_feature_proxy,True,-7.238400000000013,7.238400000000013,True,True,False,False,True
TACTTGTTAGTAGTCC-1,1,37,87,6740,8909,29696.6666666667,22466.6666666667,23,23,0,0,1.0,0.0,0.0,Tumor,1.0,True,,positive,negative,negative,negative,Immune cells,0.4337044882588307,0.1298808820963309,0.5662955117411692,0.2143175275650426,0.0080386725327249,0.1073347857661583,1.0,370.6144,280.384,tumor_core,CTA_composition_plus_H&E_patch_feature_proxy,True,-31.616492627741,31.616492627741,False,True,False,False,True
TACTTTACTGAGCCGG-1,1,30,96,5678,9693,32310.0,18926.6666666667,30,28,2,0,0.9333333333333332,0.0666666666666666,0.0,Tumor,0.9333333333333332,True,,positive,negative,negative,negative,Immune cells,0.4379121177556895,0.1423526450307907,0.5620878822443104,0.1995111618054424,-0.0075824235511379,0.1245958032335741,1.0,403.2288,236.20479999999998,tumor_core,CTA_composition_plus_H&E_patch_feature_proxy,True,-31.616492627741,31.616492627741,False,True,False,False,True
TAGAATAGCCGATGAA-1,1,62,100,10532,10045,33483.3333333333,35106.6666666667,34,34,0,0,1.0,0.0,0.0,Tumor,1.0,True,,positive,negative,negative,negative,Immune cells,0.5631560842250104,0.1175766000655642,0.4368439157749896,0.196980066264733,0.0207810548041931,0.0902954554141344,1.0,417.87199999999996,438.1312,tumor_core,CTA_composition_plus_H&E_patch_feature_proxy,True,-12.646399999999971,12.646399999999971,False,True,False,False,True
TAGACGAAACGCCAAT-1,1,63,73,10685,7691,25636.6666666667,35616.6666666667,17,10,7,0,0.5882352941176471,0.4117647058823529,0.0,Tumor,0.5882352941176471,True,,ambiguous,ambiguous,negative,ambiguous,Immune cells,0.4992667427081636,0.1264227030014824,0.5007332572918364,0.2195643908532941,0.0141654445711802,0.0838130183847418,1.0,319.9456,444.496,immune_enriched,CTA_composition_plus_H&E_patch_feature_proxy,True,7.279999999999973,7.279999999999973,True,False,False,False,True
TAGACGCCCGTACCGG-1,1,32,90,5981,9171,30570.0,19936.6666666667,33,32,0,1,0.9696969696969696,0.0,0.0303030303030303,Tumor,0.9696969696969696,True,,positive,negative,negative,negative,Immune cells,0.4192638458892329,0.1213919839467031,0.5807361541107671,0.2203139427516158,0.0054315354950844,0.1044528532660627,1.0,381.5136,248.8096,tumor_core,CTA_composition_plus_H&E_patch_feature_proxy,True,-7.28000000000003,7.28000000000003,True,True,False,False,True
TAGACTACCTAGCGTT-1,1,38,104,6891,10392,34640.0,22970.0,32,32,0,0,1.0,0.0,0.0,Tumor,1.0,True,,positive,negative,negative,negative,Immune cells,0.4002389875617837,0.1247732207828631,0.5997610124382162,0.239552441475205,0.0152517516701971,0.087375300997592,1.0,432.30719999999997,286.6656,tumor_core,CTA_composition_plus_H&E_patch_feature_proxy,True,-31.739818595574878,31.739818595574878,False,True,False,False,True
TAGAGGGAGTTTATCT-1,1,73,65,12202,6995,23316.6666666667,40673.3333333333,18,0,18,0,0.0,1.0,0.0,Immune cells,1.0,True,,negative,positive,negative,positive,Immune cells,0.606727861966578,0.1570582674358823,0.3932721380334221,0.1784911194394655,0.0289066319048395,0.0794901196345984,1.0,290.99199999999996,507.60319999999996,immune_enriched,CTA_composition_plus_H&E_patch_feature_proxy,True,14.556077185835422,14.556077185835422,False,False,False,False,True
TAGAGGTTCTACTTGT-1,1,54,96,9318,9696,32320.0,31060.0,15,14,1,0,0.9333333333333332,0.0666666666666666,0.0,Tumor,0.9333333333333332,True,,positive,negative,negative,negative,Immune cells,0.4830011044122174,0.1266045640363014,0.5169988955877827,0.2062679919613274,0.0042583238281462,0.0922982838359515,1.0,403.3536,387.62879999999996,tumor_core,CTA_composition_plus_H&E_patch_feature_proxy,True,-33.304249165534394,33.304249165534394,False,True,False,False,True
TAGATATGGACTGGAA-1,1,49,53,8562,5946,19820.0,28540.0,33,33,0,0,1.0,0.0,0.0,Tumor,1.0,True,,positive,negative,negative,negative,Immune cells,0.4698314413484692,0.119221009695707,0.5301685586515308,0.2218999511161806,0.0165444571180272,0.095856744257157,1.0,247.3536,356.1792,tumor_core,CTA_composition_plus_H&E_patch_feature_proxy,True,-12.600611845462083,12.600611845462083,False,True,False,False,True
TAGATGGTTCCTTACT-1,1,59,97,10077,9783,32610.0,33590.0,11,8,2,1,0.7272727272727273,0.1818181818181818,0.0909090909090909,Tumor,0.7272727272727273,True,,positive,negative,negative,negative,Immune cells,0.5043579019788894,0.1226633416795376,0.4956420980211106,0.2038781163434903,0.0086035522242137,0.0869357489584527,1.0,406.9728,419.2032,tumor_core,CTA_composition_plus_H&E_patch_feature_proxy,True,-12.57978772475908,12.57978772475908,False,True,False,False,True
TAGATTCAAAGTGCGG-1,1,69,39,11597,4728,15760.0,38656.6666666667,28,22,4,2,0.7857142857142857,0.1428571428571428,0.0714285714285714,Tumor,0.7857142857142857,True,,positive,negative,negative,negative,Immune cells,0.5765321456375717,0.1725952939182044,0.4234678543624282,0.164119276519472,0.0116560751724512,0.1165118679050567,1.0,196.6848,482.43519999999995,tumor_core,CTA_composition_plus_H&E_patch_feature_proxy,True,-7.238399999999984,7.238399999999984,True,True,False,False,True
TAGCAGTATGACTAAA-1,1,66,98,11139,9871,32903.3333333333,37130.0,23,22,1,0,0.9565217391304348,0.0434782608695652,0.0,Tumor,0.9565217391304348,True,,positive,negative,negative,negative,Immune cells,0.5546104683794109,0.129384865736033,0.4453895316205892,0.1867144641790234,0.0121340502960186,0.1061422619730153,1.0,410.6336,463.38239999999996,tumor_core,CTA_composition_plus_H&E_patch_feature_proxy,True,-7.238400000000013,7.238400000000013,True,True,False,False,True
TAGCCATTTCAAAGTC-1,1,43,89,7650,9084,30280.0,25500.0,30,30,0,0,1.0,0.0,0.0,Tumor,1.0,True,,positive,negative,negative,negative,Immune cells,0.4794090489381348,0.1230428880191735,0.5205909510618651,0.2097984900331323,0.0105914942154146,0.1028322440087146,1.0,377.89439999999996,318.24,tumor_core,CTA_composition_plus_H&E_patch_feature_proxy,True,-25.16524943647488,25.16524943647488,False,True,False,False,True
TAGCCGGCGGTCAGCG-1,1,33,85,6133,8735,29116.6666666667,20443.3333333333,32,5,26,1,0.15625,0.8125,0.03125,Immune cells,0.8125,True,,negative,positive,negative,positive,Immune cells,0.5080549671392103,0.1417117490390258,0.4919450328607897,0.1749606213676606,-0.0017163652164466,0.1147651263234338,1.0,363.376,255.13279999999997,immune_enriched,CTA_composition_plus_H&E_patch_feature_proxy,True,12.564646274368396,12.564646274368396,False,False,False,False,True
TAGCGTCCCTCGATTG-1,1,45,109,7952,10828,36093.3333333333,26506.6666666667,33,33,0,0,1.0,0.0,0.0,Tumor,1.0,True,,positive,negative,negative,negative,Immune cells,0.4497492441113103,0.1268048286292604,0.5502507558886898,0.2243332790179784,0.008875128998968,0.0897527042005886,1.0,450.4448,330.8032,tumor_core,CTA_composition_plus_H&E_patch_feature_proxy,True,-14.518399999999986,14.518399999999986,False,True,False,False,True
TAGCGTCCGGTGTGGT-1,1,53,77,9168,8039,26796.6666666667,30560.0,25,25,0,0,1.0,0.0,0.0,Tumor,1.0,True,,positive,negative,negative,negative,Immune cells,0.4653630981478464,0.1283488168002077,0.5346369018521536,0.2249090217804573,0.0141111292162294,0.0920842411038489,1.0,334.4224,381.3888,tumor_core,CTA_composition_plus_H&E_patch_feature_proxy,True,-19.208211577343718,19.208211577343718,False,True,False,False,True
TAGCGTTGGGTCTTAC-1,1,38,68,6893,7253,24176.6666666667,22976.6666666667,22,22,0,0,1.0,0.0,0.0,Tumor,1.0,True,,positive,negative,negative,negative,Immune cells,0.4694150236271794,0.119661631099655,0.5305849763728205,0.205464124708055,0.0060833197544945,0.1118679050567595,1.0,301.72479999999996,286.74879999999996,tumor_core,CTA_composition_plus_H&E_patch_feature_proxy,True,-19.311766692874027,19.311766692874027,False,True,False,False,True
TAGCTAGAAGGCATGA-1,1,51,51,8866,5772,19240.0,29553.3333333333,19,19,0,0,1.0,0.0,0.0,Tumor,1.0,True,,positive,negative,negative,negative,Immune cells,0.4596672279253345,0.1178636905951399,0.5403327720746655,0.2179566563467492,0.0077562326869806,0.0875778771547605,1.0,240.1152,368.8256,tumor_core,CTA_composition_plus_H&E_patch_feature_proxy,True,-19.208211577343693,19.208211577343693,False,True,False,False,True
TAGCTAGTGATGATGG-1,1,60,48,10231,5512,18373.3333333333,34103.3333333333,18,18,0,0,1.0,0.0,0.0,Tumor,1.0,True,,positive,negative,negative,negative,Immune cells,0.4933101587818876,0.1213048289581406,0.5066898412181123,0.2065830210200423,0.0051056433653793,0.1012307457095898,1.0,229.29919999999998,425.6096,tumor_core,CTA_composition_plus_H&E_patch_feature_proxy,True,-21.841743168529383,21.841743168529383,False,True,False,False,True
TAGCTCGCCTGATAAC-1,1,50,58,8714,6382,21273.3333333333,29046.6666666667,21,17,3,1,0.8095238095238095,0.1428571428571428,0.0476190476190476,Tumor,0.8095238095238095,True,,positive,negative,negative,negative,Immune cells,0.5479224376731302,0.1139961970798964,0.4520775623268698,0.1793927543316495,0.004377817609038,0.0979780606199594,1.0,265.4912,362.50239999999997,tumor_core,CTA_composition_plus_H&E_patch_feature_proxy,True,-7.238400000000013,7.238400000000013,True,True,False,False,True
TAGGCCTATATAGTCT-1,1,66,110,11138,10917,36390.0,37126.6666666667,25,21,4,0,0.84,0.16,0.0,Tumor,0.84,True,,positive,negative,negative,negative,Immune cells,0.7574529719551717,0.1358373204126922,0.2425470280448281,0.1166693824344142,0.0293628808864266,0.0538508580820242,1.0,454.1472,463.3408,tumor_core,CTA_composition_plus_H&E_patch_feature_proxy,True,-7.279999999999973,7.279999999999973,True,True,False,False,True
TAGGCGATGAGGTCTC-1,1,55,11,9475,2285,7616.66666666667,31583.3333333333,0,0,0,0,0.0,0.0,0.0,unmapped,0.0,False,no_CTA_object_captured,excluded,excluded,excluded,excluded,Immune cells,0.867412597541325,0.0112120833160723,0.132587402458675,0.0191190049426973,0.0055618923469664,0.006096395673279,1.0,95.056,394.15999999999997,unmapped_or_excluded,CTA_composition_plus_H&E_patch_feature_proxy,True,54.769429464254955,54.769429464254955,False,False,False,False,True
TAGGCTAAAGTGGCAC-1,1,65,99,10987,9958,33193.3333333333,36623.3333333333,14,14,0,0,1.0,0.0,0.0,Tumor,1.0,True,,positive,negative,negative,negative,Immune cells,0.5786757916462985,0.12820580612327,0.4213242083537016,0.1838574765086089,0.0194340340014122,0.1012269235179452,1.0,414.2528,457.0592,tumor_core,CTA_composition_plus_H&E_patch_feature_proxy,True,-12.564646274368396,12.564646274368396,False,True,False,False,True
TAGGGAGCTTGGGATG-1,1,36,96,6588,9694,32313.3333333333,21960.0,20,20,0,0,1.0,0.0,0.0,Tumor,1.0,True,,positive,negative,negative,negative,Immune cells,0.4199518403852769,0.1257573394164061,0.5800481596147231,0.2199120091249796,0.0011949378089185,0.0898062148836142,1.0,403.2704,274.0608,tumor_core,CTA_composition_plus_H&E_patch_feature_proxy,True,-38.48062961647068,38.48062961647068,False,True,False,False,True
TAGGTCGCCGGAACTG-1,1,32,100,5981,10042,33473.3333333333,19936.6666666667,29,29,0,0,1.0,0.0,0.0,Tumor,1.0,True,,positive,negative,negative,negative,Immune cells,0.4200387449531982,0.1178319432886339,0.5799612550468016,0.2179566563467492,-0.0021834772690239,0.1007682605205824,1.0,417.74719999999996,248.8096,tumor_core,CTA_composition_plus_H&E_patch_feature_proxy,True,-43.5136,43.5136,False,True,False,False,True
TAGGTGACGATAACCT-1,1,61,79,10381,8214,27380.0,34603.3333333333,14,10,0,4,0.7142857142857143,0.0,0.2857142857142857,Tumor,0.7142857142857143,True,,positive,negative,ambiguous,negative,Immune cells,0.4925533648362391,0.1186121873040888,0.5074466351637608,0.2177393949269458,0.0121231872250285,0.0881703168596873,1.0,341.7024,431.84959999999995,tumor_core,CTA_composition_plus_H&E_patch_feature_proxy,True,-7.238400000000013,7.238400000000013,True,True,False,False,True
TAGGTGCTCGCCTAGC-1,1,40,86,7195,8823,29410.0,23983.3333333333,16,16,0,0,1.0,0.0,0.0,Tumor,1.0,True,,positive,negative,negative,negative,Immune cells,0.4588126663407745,0.11991672967288,0.5411873336592254,0.2046602574547824,-0.0015751452935744,0.1081642013530558,1.0,367.03679999999997,299.312,tumor_core,CTA_composition_plus_H&E_patch_feature_proxy,True,-33.40262408853529,33.40262408853529,False,True,False,False,True
TAGGTGTTCCACAGAT-1,1,60,60,10230,6558,21860.0,34100.0,17,15,0,2,0.8823529411764706,0.0,0.1176470588235294,Tumor,0.8823529411764706,True,,positive,negative,negative,negative,Immune cells,0.4885847229011641,0.1173138239444875,0.5114152770988359,0.2107435772092771,0.0064635272391505,0.1006497725795971,1.0,272.8128,425.568,tumor_core,CTA_composition_plus_H&E_patch_feature_proxy,True,-7.238400000000013,7.238400000000013,True,True,False,False,True
TAGGTTCGAGTTCGTC-1,1,35,67,6438,7166,23886.6666666667,21460.0,24,24,0,0,1.0,0.0,0.0,Tumor,1.0,True,,positive,negative,negative,negative,Immune cells,0.4872159759564028,0.1320670754914593,0.5127840240435971,0.2320460594209983,0.0416381511053174,0.1139471773114703,1.0,298.1056,267.82079999999996,tumor_core,CTA_composition_plus_H&E_patch_feature_proxy,True,-7.2385195392428265,7.2385195392428265,True,True,False,False,True
TAGGTTCTGCTGAGAA-1,1,72,62,12051,6733,22443.3333333333,40170.0,22,12,7,3,0.5454545454545454,0.3181818181818182,0.1363636363636363,Tumor,0.5454545454545454,True,,ambiguous,ambiguous,negative,ambiguous,Immune cells,0.5015117773794652,0.127206803830049,0.4984882226205348,0.202063983488132,0.0106566726413557,0.101154301876696,1.0,280.0928,501.3216,immune_enriched,CTA_composition_plus_H&E_patch_feature_proxy,True,7.285702909122747,7.285702909122747,True,False,False,False,True
TAGTACCACAACTTTC-1,1,63,13,10688,2460,8200.0,35626.6666666667,0,0,0,0,0.0,0.0,0.0,unmapped,0.0,False,no_CTA_object_captured,excluded,excluded,excluded,excluded,Immune cells,0.8607064617167273,0.0170318550018438,0.1392935382832726,0.0343273043289337,0.0135245233827602,0.0059893743072277,1.0,102.336,444.6208,unmapped_or_excluded,CTA_composition_plus_H&E_patch_feature_proxy,True,43.55521986628009,43.55521986628009,False,False,False,False,True
TAGTAGCTTATACCAG-1,1,61,43,10383,5076,16920.0,34610.0,29,29,0,0,1.0,0.0,0.0,Tumor,1.0,True,,positive,negative,negative,negative,Immune cells,0.4586642043705756,0.1235403009313683,0.5413357956294245,0.2200423659768616,0.0030959752321981,0.0995413370026373,1.0,211.1616,431.9328,tumor_core,CTA_composition_plus_H&E_patch_feature_proxy,True,-19.270905340434837,19.270905340434837,False,True,False,False,True
TAGTCCCGGAGACCAC-1,1,66,48,11141,5512,18373.3333333333,37136.6666666667,24,20,0,4,0.8333333333333334,0.0,0.1666666666666666,Tumor,0.8333333333333334,True,,positive,negative,negative,negative,Immune cells,0.4679086777832093,0.1232724321368402,0.5320913222167907,0.2269078268426484,0.0137852370865243,0.090570653212552,1.0,229.29919999999998,463.4656,tumor_core,CTA_composition_plus_H&E_patch_feature_proxy,True,-14.535316219470442,14.535316219470442,False,True,False,False,True
TAGTCCGCAGAGAATG-1,1,39,53,7045,5945,19816.6666666667,23483.3333333333,17,2,15,0,0.1176470588235294,0.8823529411764706,0.0,Immune cells,0.8823529411764706,True,,negative,positive,negative,positive,Immune cells,0.5520757518150381,0.0981820158713059,0.4479242481849619,0.1638368366737276,-0.0052685894302319,0.0887742231395482,1.0,247.31199999999998,293.072,immune_enriched,CTA_composition_plus_H&E_patch_feature_proxy,True,12.600611845462083,12.600611845462083,False,False,False,False,True
TAGTCCTGCACTAAGC-1,1,69,25,11598,3507,11690.0,38660.0,0,0,0,0,0.0,0.0,0.0,unmapped,0.0,False,no_CTA_object_captured,excluded,excluded,excluded,excluded,Immune cells,0.8324660981659515,0.0274791028358832,0.1675339018340484,0.0578784422356199,0.0134919341697897,0.0096892558192867,1.0,145.8912,482.47679999999997,unmapped_or_excluded,CTA_composition_plus_H&E_patch_feature_proxy,True,12.646399999999971,12.646399999999971,False,False,False,False,True
TAGTCGATCACGGGTT-1,1,48,96,8408,9695,32316.6666666667,28026.6666666667,25,23,2,0,0.92,0.08,0.0,Tumor,0.92,True,,positive,negative,negative,negative,Immune cells,0.4770083102493075,0.1227728667504985,0.5229916897506924,0.2102981912986801,0.006626473304003,0.0936245843366586,1.0,403.31199999999995,349.77279999999996,tumor_core,CTA_composition_plus_H&E_patch_feature_proxy,True,-12.600611845462137,12.600611845462137,False,True,False,False,True
TAGTCTAACAACGAGA-1,1,40,34,7198,4289,14296.6666666667,23993.3333333333,33,33,0,0,1.0,0.0,0.0,Tumor,1.0,True,,positive,negative,negative,negative,Immune cells,0.5447612840149909,0.1984115895331194,0.4552387159850088,0.1553310520884254,-0.0083862908044104,0.0926652142338416,1.0,178.42239999999998,299.4368,tumor_core,CTA_composition_plus_H&E_patch_feature_proxy,True,-21.7568,21.7568,False,True,False,False,True
TAGTCTGCGGCACATT-1,1,72,36,12052,4466,14886.6666666667,40173.3333333333,1,0,1,0,0.0,1.0,0.0,Immune cells,1.0,True,,ambiguous,ambiguous,ambiguous,ambiguous,Immune cells,0.8191660782503214,0.0396944069348094,0.1808339217496785,0.0927489001140622,0.0312747813806963,0.0076482054810227,1.0,185.7856,501.36319999999995,unmapped_or_excluded,CTA_composition_plus_H&E_patch_feature_proxy,True,7.285702909122762,7.285702909122762,True,False,False,False,True
TAGTCTGTGACGTTGC-1,1,23,103,4615,10303,34343.3333333333,15383.3333333333,11,9,1,1,0.8181818181818182,0.0909090909090909,0.0909090909090909,Tumor,0.8181818181818182,True,,positive,negative,negative,negative,Immune cells,0.7240816178733728,0.1326587167340553,0.2759183821266271,0.094856335886155,0.0176416272880343,0.1274930245002484,1.0,428.60479999999995,191.98399999999998,tumor_core,CTA_composition_plus_H&E_patch_feature_proxy,True,-38.41642315468741,38.41642315468741,False,True,False,False,True
TAGTCTTTCCGAATTG-1,1,50,116,8710,11439,38130.0,29033.3333333333,21,20,0,1,0.9523809523809524,0.0,0.0476190476190476,Tumor,0.9523809523809524,True,,positive,negative,negative,negative,Immune cells,0.4878532761211595,0.1288723959857241,0.5121467238788405,0.2060615936125142,0.0092336103416435,0.0898788365248633,1.0,475.8624,362.33599999999996,tumor_core,CTA_composition_plus_H&E_patch_feature_proxy,True,-7.249628073218616,7.249628073218616,True,True,False,False,True
TATACACAGACGCCTT-1,1,50,60,8713,6557,21856.6666666667,29043.3333333333,22,21,0,1,0.9545454545454546,0.0,0.0454545454545454,Tumor,0.9545454545454546,True,,positive,negative,negative,negative,Immune cells,0.5192113410461137,0.117631830146144,0.4807886589538863,0.1906251697354842,0.0035848134267557,0.0962695409547834,1.0,272.77119999999996,362.4608,tumor_core,CTA_composition_plus_H&E_patch_feature_proxy,True,-14.518459598731525,14.518459598731525,False,True,False,False,True
TATACCGAGTGCCACA-1,1,50,120,8710,11788,39293.3333333333,29033.3333333333,18,8,8,2,0.4444444444444444,0.4444444444444444,0.1111111111111111,Tumor,0.4444444444444444,True,,ambiguous,ambiguous,negative,ambiguous,Immune cells,0.4328354425796172,0.1256125322926375,0.5671645574203829,0.211188963119874,-0.0056487969148878,0.096189274930245,1.0,490.38079999999997,362.33599999999996,immune_enriched,CTA_composition_plus_H&E_patch_feature_proxy,True,12.5797877247591,12.5797877247591,False,False,False,False,True
TATACGCGTCATCACT-1,1,60,68,10230,7255,24183.3333333333,34100.0,17,17,0,0,1.0,0.0,0.0,Tumor,1.0,True,,positive,negative,negative,negative,Immune cells,0.5187007767095758,0.1186296128832505,0.4812992232904242,0.2092987887675846,0.0113301830427461,0.0829300921148186,1.0,301.808,425.568,tumor_core,CTA_composition_plus_H&E_patch_feature_proxy,True,-7.285702909122747,7.285702909122747,True,True,False,False,True
TATAGAGTCGCTTGAA-1,1,64,46,10838,5338,17793.3333333333,36126.6666666667,22,9,13,0,0.4090909090909091,0.5909090909090909,0.0,Immune cells,0.5909090909090909,True,,ambiguous,ambiguous,negative,ambiguous,Immune cells,0.5056469864030562,0.1193017628328501,0.4943530135969439,0.2047906143066645,0.0079952202487643,0.0991591178381684,1.0,222.0608,450.8608,immune_enriched,CTA_composition_plus_H&E_patch_feature_proxy,True,7.280000000000001,7.280000000000001,True,False,False,False,True
TATAGATGGTCGCAGT-1,1,40,102,7194,10217,34056.6666666667,23980.0,32,32,0,0,1.0,0.0,0.0,Tumor,1.0,True,,positive,negative,negative,negative,Immune cells,0.4142885593757355,0.1282876251098942,0.5857114406242644,0.2304165987724729,0.0082885231654988,0.0949394182624316,1.0,425.0272,299.2704,tumor_core,CTA_composition_plus_H&E_patch_feature_proxy,True,-21.841743168529383,21.841743168529383,False,True,False,False,True
TATATAGGGCTTTACG-1,1,63,33,10687,4204,14013.3333333333,35623.3333333333,8,6,0,2,0.75,0.0,0.25,Tumor,0.75,True,,positive,negative,ambiguous,negative,Immune cells,0.4904024767801858,0.1311932806141701,0.5095975232198142,0.1967519417739395,-0.0020748465591222,0.1055995107594694,1.0,174.88639999999998,444.57919999999996,tumor_core,CTA_composition_plus_H&E_patch_feature_proxy,True,-7.285702909122747,7.285702909122747,True,True,False,False,True
TATATATCGAGAAATG-1,1,60,28,10232,3768,12560.0,34106.6666666667,18,18,0,0,1.0,0.0,0.0,Tumor,1.0,True,,positive,negative,negative,negative,Immune cells,0.575195987905781,0.1368710847085898,0.4248040120942191,0.1654011188963119,0.0053989462821139,0.1061193288231471,1.0,156.7488,425.65119999999996,tumor_core,CTA_composition_plus_H&E_patch_feature_proxy,True,-7.238400000000013,7.238400000000013,True,True,False,False,True
TATATCAAAGTGATCT-1,1,71,37,11900,4554,15180.0,39666.6666666667,17,4,13,0,0.2352941176470588,0.7647058823529411,0.0,Immune cells,0.7647058823529411,True,,ambiguous,positive,negative,positive,Immune cells,0.8098419423170929,0.0556804765155049,0.1901580576829068,0.097365705284884,0.0332953125848677,0.0139701104613385,1.0,189.44639999999998,495.03999999999996,immune_enriched,CTA_composition_plus_H&E_patch_feature_proxy,True,7.238400000000013,7.238400000000013,True,False,False,False,True
TATATCCCTGGGAGGA-1,1,36,98,6588,9868,32893.3333333333,21960.0,34,34,0,0,1.0,0.0,0.0,Tumor,1.0,True,,positive,negative,negative,negative,Immune cells,0.392993319211341,0.1230647582263124,0.6070066807886589,0.2205203411004291,-0.0043235022540872,0.0978863280204869,1.0,410.5088,274.0608,tumor_core,CTA_composition_plus_H&E_patch_feature_proxy,True,-44.1985660002675,44.1985660002675,False,True,False,False,True
TATCACCCAACCGACC-1,1,24,100,4767,10042,33473.3333333333,15890.0,8,8,0,0,1.0,0.0,0.0,Tumor,1.0,True,,positive,negative,negative,negative,Immune cells,0.6630854742635743,0.1565182719014406,0.3369145257364256,0.1227527021889088,0.0144804736298951,0.1321904980315713,1.0,417.74719999999996,198.3072,tumor_core,CTA_composition_plus_H&E_patch_feature_proxy,True,-50.80695385476287,50.80695385476287,False,True,False,False,True
TATCCAATTGGTTATC-1,1,55,79,9471,8214,27380.0,31570.0,29,29,0,0,1.0,0.0,0.0,Tumor,1.0,True,,positive,negative,negative,negative,Immune cells,0.4880596744699726,0.1268042305534425,0.5119403255300273,0.2164358264081255,0.0107109879963065,0.0916179337231968,1.0,341.7024,393.99359999999996,tumor_core,CTA_composition_plus_H&E_patch_feature_proxy,True,-14.535316219470413,14.535316219470413,False,True,False,False,True
TATCCATCTCGGTTAG-1,1,61,17,10384,2809,9363.33333333333,34613.3333333333,0,0,0,0,0.0,0.0,0.0,unmapped,0.0,False,no_CTA_object_captured,excluded,excluded,excluded,excluded,Immune cells,0.6700595658392627,0.1705007075823867,0.3299404341607372,0.1235674325131714,0.0156102330128727,0.1004127966976264,1.0,116.8544,431.9744,unmapped_or_excluded,CTA_composition_plus_H&E_patch_feature_proxy,True,28.995199999999983,28.995199999999983,False,False,False,False,True
TATCCGCACCGTCGGG-1,1,59,53,10079,5947,19823.3333333333,33596.6666666667,23,23,0,0,1.0,0.0,0.0,Tumor,1.0,True,,positive,negative,negative,negative,Immune cells,0.4475983560552568,0.1194894037621765,0.5524016439447431,0.2191298680136874,0.0057139753408288,0.1025494018270076,1.0,247.3952,419.28639999999996,tumor_core,CTA_composition_plus_H&E_patch_feature_proxy,True,-14.556077185835436,14.556077185835436,False,True,False,False,True
TATCCTATCAACTGGT-1,1,69,59,11596,6471,21570.0,38653.3333333333,13,4,3,6,0.3076923076923077,0.2307692307692307,0.4615384615384615,Stroma,0.4615384615384615,True,,ambiguous,ambiguous,ambiguous,ambiguous,Immune cells,0.5162746908551047,0.115471121729254,0.4837253091448953,0.2025962739666504,0.0141654445711802,0.0809960631426059,1.0,269.1936,482.3936,stroma_rich,CTA_composition_plus_H&E_patch_feature_proxy,True,0.0,0.0,True,False,True,True,True
TATCTACCACAGCGGG-1,1,42,60,7500,6556,21853.3333333333,25000.0,25,25,0,0,1.0,0.0,0.0,Tumor,1.0,True,,positive,negative,negative,negative,Immune cells,0.4767331124508898,0.1210550449072374,0.5232668875491101,0.2056922491988485,-0.0011840747379284,0.1138325115621297,1.0,272.7296,312.0,tumor_core,CTA_composition_plus_H&E_patch_feature_proxy,True,-19.2266721405448,19.2266721405448,False,True,False,False,True
TATCTTGCAATACAAC-1,1,56,16,9626,2721,9070.0,32086.6666666667,0,0,0,0,0.0,0.0,0.0,unmapped,0.0,False,no_CTA_object_captured,excluded,excluded,excluded,excluded,Immune cells,0.6441366574330564,0.1425631341548845,0.3558633425669437,0.119808809950573,0.0053120417141926,0.13380346290563,1.0,113.19359999999999,400.4416,unmapped_or_excluded,CTA_composition_plus_H&E_patch_feature_proxy,True,36.275223853203165,36.275223853203165,False,False,False,False,True
TATGAAGAATTAAGGT-1,1,67,99,11290,9958,33193.3333333333,37633.3333333333,22,20,1,1,0.9090909090909092,0.0454545454545454,0.0454545454545454,Tumor,0.9090909090909092,True,,positive,negative,negative,negative,Immune cells,0.590650516901128,0.1426754721926103,0.409349483098872,0.1698549780022812,0.0157840421487154,0.1016091426824141,1.0,414.2528,469.664,tumor_core,CTA_composition_plus_H&E_patch_feature_proxy,True,-7.306457067553315,7.306457067553315,True,True,False,False,True
TATGATCCGGCACGCC-1,1,26,112,5070,11088,36960.0,16900.0,26,26,0,0,1.0,0.0,0.0,Tumor,1.0,True,,positive,negative,negative,negative,Immune cells,0.4235149276700523,0.1358649948357453,0.5764850723299476,0.2436369561675085,0.0261582749443267,0.0950005733287467,1.0,461.26079999999996,210.91199999999998,tumor_core,CTA_composition_plus_H&E_patch_feature_proxy,True,-31.78114761930412,31.78114761930412,False,True,False,False,True
TATGATCTTCTCTTTA-1,1,58,90,9925,9173,30576.6666666667,33083.3333333333,16,4,10,2,0.25,0.625,0.125,Immune cells,0.625,True,,ambiguous,positive,negative,positive,Immune cells,0.4835261528434088,0.1267194575479204,0.5164738471565912,0.2261365488023464,0.0200532290478518,0.0824561403508771,1.0,381.5968,412.88,immune_enriched,CTA_composition_plus_H&E_patch_feature_proxy,True,19.270905340434844,19.270905340434844,False,False,False,False,True
TATGATTCTGCTTGGT-1,1,5,35,1888,4373,14576.6666666667,6293.33333333333,0,0,0,0,0.0,0.0,0.0,unmapped,0.0,False,no_CTA_object_captured,excluded,excluded,excluded,excluded,Immune cells,0.7788061484981805,0.0787335856177261,0.2211938515018195,0.0599098365107815,0.0060398674705339,0.0900126132324274,1.0,181.9168,78.54079999999999,unmapped_or_excluded,CTA_composition_plus_H&E_patch_feature_proxy,True,164.71886011844546,164.71886011844546,False,False,False,False,True
TATGGCTAGGCTAATT-1,1,27,125,5221,12221,40736.6666666667,17403.3333333333,20,11,7,2,0.55,0.35,0.1,Tumor,0.55,True,,ambiguous,ambiguous,negative,ambiguous,Immune cells,0.421179367407166,0.1295346609207974,0.5788206325928339,0.2413665743305632,0.0297213622291021,0.0843787027481557,1.0,508.3936,217.1936,immune_enriched,CTA_composition_plus_H&E_patch_feature_proxy,True,7.2857029091228,7.2857029091228,True,False,False,False,True
TATGGGACCGAGCAGG-1,1,36,56,6590,6207,20690.0,21966.6666666667,23,0,19,4,0.0,0.8260869565217391,0.1739130434782608,Immune cells,0.8260869565217391,True,,negative,positive,negative,positive,Immune cells,0.5731537305596293,0.1079021436915273,0.4268462694403708,0.1737765466297322,0.0166096355439682,0.0843060811069067,1.0,258.21119999999996,274.144,immune_enriched,CTA_composition_plus_H&E_patch_feature_proxy,True,7.238400000000013,7.238400000000013,True,False,False,False,True
TATGGTCTGAGTAACA-1,1,36,58,6590,6381,21270.0,21966.6666666667,14,0,3,11,0.0,0.2142857142857142,0.7857142857142857,Stroma,0.7857142857142857,True,,negative,ambiguous,positive,ambiguous,Immune cells,0.5118099686781453,0.1432992588794889,0.4881900313218546,0.2185432621802183,0.0408451469230351,0.07578259373925,1.0,265.4496,274.144,stroma_rich,CTA_composition_plus_H&E_patch_feature_proxy,True,0.0,0.0,True,False,True,True,True
TATGGTTAGTGGGAGA-1,1,41,105,7346,10479,34930.0,24486.6666666667,22,18,3,1,0.8181818181818182,0.1363636363636363,0.0454545454545454,Tumor,0.8181818181818182,True,,positive,negative,negative,negative,Immune cells,0.3828979052378107,0.1279330067789583,0.6171020947621892,0.2352072130791375,0.0067459670848949,0.0878874746779803,1.0,435.9264,305.5936,tumor_core,CTA_composition_plus_H&E_patch_feature_proxy,True,-12.604800000000012,12.604800000000012,False,True,False,False,True
TATGTAAAGTGCTTAA-1,1,66,44,11141,5163,17210.0,37136.6666666667,22,22,0,0,1.0,0.0,0.0,Tumor,1.0,True,,positive,negative,negative,negative,Immune cells,0.4921876414462369,0.1216439262876389,0.507812358553763,0.2052577263592417,0.0037151702786377,0.0960134541145893,1.0,214.7808,463.4656,tumor_core,CTA_composition_plus_H&E_patch_feature_proxy,True,-12.543762446730277,12.543762446730277,False,True,False,False,True
TATTAACCTGACCGCG-1,1,57,45,9776,5250,17500.0,32586.6666666667,28,17,0,11,0.6071428571428571,0.0,0.3928571428571428,Tumor,0.6071428571428571,True,,positive,negative,ambiguous,negative,Immune cells,0.4780366809697102,0.1231134593376075,0.5219633190302898,0.2154581500190103,0.0102547390147194,0.0982685471849558,1.0,218.39999999999998,406.6816,stroma_rich,CTA_composition_plus_H&E_patch_feature_proxy,True,0.0,0.0,True,False,True,True,True
TATTACCATCCTGCTT-1,1,38,96,6891,9694,32313.3333333333,22970.0,32,32,0,0,1.0,0.0,0.0,Tumor,1.0,True,,positive,negative,negative,negative,Immune cells,0.3990911230604892,0.1238906455432236,0.6009088769395108,0.2299820759328662,0.0056379338438976,0.0748958452776822,1.0,403.2704,286.6656,tumor_core,CTA_composition_plus_H&E_patch_feature_proxy,True,-45.39528402642725,45.39528402642725,False,True,False,False,True
TATTCAATTCTAATCC-1,1,34,74,6285,7776,25920.0,20950.0,15,15,0,0,1.0,0.0,0.0,Tumor,1.0,True,,positive,negative,negative,negative,Immune cells,0.5673311245088988,0.1540290303519383,0.4326688754911013,0.1625006789419369,0.0081473032426266,0.141019760730803,1.0,323.48159999999996,261.45599999999996,tumor_core,CTA_composition_plus_H&E_patch_feature_proxy,True,-14.571405818245571,14.571405818245571,False,True,False,False,True
TATTCCACTCAGCTCG-1,1,49,57,8562,6295,20983.3333333333,28540.0,24,24,0,0,1.0,0.0,0.0,Tumor,1.0,True,,positive,negative,negative,negative,Immune cells,0.5195806854597795,0.1140146607378673,0.4804193145402205,0.1935473358318396,0.0069958177176687,0.1026029125100332,1.0,261.872,356.1792,tumor_core,CTA_composition_plus_H&E_patch_feature_proxy,True,-7.285702909122775,7.285702909122775,True,True,False,False,True
TATTCCGAGCTGTTAT-1,1,54,86,9319,8824,29413.3333333333,31063.3333333333,26,24,2,0,0.9230769230769232,0.0769230769230769,0.0,Tumor,0.9230769230769232,True,,positive,negative,negative,negative,Immune cells,0.454988865352235,0.1290575425677265,0.545011134647765,0.216978979957634,0.0057682906957796,0.1004510186140733,1.0,367.0784,387.6704,tumor_core,CTA_composition_plus_H&E_patch_feature_proxy,True,-19.226672140544757,19.226672140544757,False,True,False,False,True
TATTCCTCCGCCCACT-1,1,48,32,8412,4115,13716.6666666667,28040.0,30,28,0,2,0.9333333333333332,0.0,0.0666666666666666,Tumor,0.9333333333333332,True,,positive,negative,negative,negative,Immune cells,0.6072420473267791,0.1882364466506209,0.3927579526732206,0.1369398729020694,-0.0029004399543751,0.0837595077017161,1.0,171.184,349.93919999999997,tumor_core,CTA_composition_plus_H&E_patch_feature_proxy,True,-7.238400000000013,7.238400000000013,True,True,False,False,True
TATTCGTGCCAGAATA-1,1,34,64,6286,6904,23013.3333333333,20953.3333333333,24,22,2,0,0.9166666666666666,0.0833333333333333,0.0,Tumor,0.9166666666666666,True,,positive,negative,negative,negative,Immune cells,0.5148697336737096,0.1406080222334243,0.4851302663262903,0.2417902340991798,0.0651892890120036,0.1214233841684822,1.0,287.2064,261.4976,tumor_core,CTA_composition_plus_H&E_patch_feature_proxy,True,-7.285702909122747,7.285702909122747,True,True,False,False,True
TATTGACATTTCTGCC-1,1,35,117,6435,11525,38416.6666666667,21450.0,29,29,0,0,1.0,0.0,0.0,Tumor,1.0,True,,positive,negative,negative,negative,Immune cells,0.4027519779841761,0.1273689470906578,0.5972480220158238,0.2440171636521644,0.0208679593721144,0.0820662768031189,1.0,479.44,267.69599999999997,tumor_core,CTA_composition_plus_H&E_patch_feature_proxy,True,-36.27522385320315,36.27522385320315,False,True,False,False,True
TATTTGATTTGCACAG-1,1,54,118,9317,11614,38713.3333333333,31056.6666666667,24,24,0,0,1.0,0.0,0.0,Tumor,1.0,True,,positive,negative,negative,negative,Immune cells,0.5209639164991944,0.1045743428975912,0.4790360835008057,0.2011080332409972,0.0128510129813698,0.0725566639911325,1.0,483.14239999999995,387.5872,tumor_core,CTA_composition_plus_H&E_patch_feature_proxy,True,-7.238400000000013,7.238400000000013,True,True,False,False,True
TCAAATTGTTGTGCCG-1,1,68,78,11443,8128,27093.3333333333,38143.3333333333,30,30,0,0,1.0,0.0,0.0,Tumor,1.0,True,,positive,negative,negative,negative,Immune cells,0.48724494414571,0.1371012162603284,0.51275505585429,0.2264515778610613,0.0224539677366791,0.1002255093070366,1.0,338.1248,476.0288,tumor_core,CTA_composition_plus_H&E_patch_feature_proxy,True,-7.306457067553315,7.306457067553315,True,True,False,False,True
TCAAATTTGAGACTCA-1,1,60,70,10230,7430,24766.6666666667,34100.0,20,1,9,10,0.05,0.45,0.5,Stroma,0.5,True,,negative,ambiguous,ambiguous,ambiguous,Immune cells,0.5224811254141545,0.1184663811676166,0.4775188745858454,0.2061159089674651,0.0091249796317418,0.0864770859610901,1.0,309.08799999999997,425.568,immune_enriched,CTA_composition_plus_H&E_patch_feature_proxy,True,7.306457067553315,7.306457067553315,True,False,False,False,True
TCAACAAAGATAATTC-1,1,53,29,9170,3854,12846.6666666667,30566.6666666667,20,20,0,0,1.0,0.0,0.0,Tumor,1.0,True,,positive,negative,negative,negative,Immune cells,0.736918146760089,0.1546845588986334,0.2630818532399109,0.0912823855303894,0.0107001249253163,0.0858196689982035,1.0,160.3264,381.472,tumor_core,CTA_composition_plus_H&E_patch_feature_proxy,True,-7.279999999999973,7.279999999999973,True,True,False,False,True
TCAACATAGCGCCCTA-1,1,58,44,9928,5163,17210.0,33093.3333333333,20,20,0,0,1.0,0.0,0.0,Tumor,1.0,True,,positive,negative,negative,negative,Immune cells,0.4667463291872613,0.1286468149943633,0.5332536708127388,0.216403237195155,0.0067025148009342,0.1059205748576233,1.0,214.7808,413.0048,tumor_core,CTA_composition_plus_H&E_patch_feature_proxy,True,-7.280000000000001,7.280000000000001,True,True,False,False,True
TCAACGAGGAGACAAA-1,1,42,56,7500,6207,20690.0,25000.0,19,19,0,0,1.0,0.0,0.0,Tumor,1.0,True,,positive,negative,negative,negative,Immune cells,0.4718012782213531,0.115544945293459,0.5281987217786468,0.2109391124871001,-0.0013687469447612,0.1020678056797767,1.0,258.21119999999996,312.0,tumor_core,CTA_composition_plus_H&E_patch_feature_proxy,True,-12.604800000000012,12.604800000000012,False,True,False,False,True
TCAACGCAGGAAATAA-1,1,49,31,8563,4028,13426.6666666667,28543.3333333333,30,29,0,1,0.9666666666666668,0.0,0.0333333333333333,Tumor,0.9666666666666668,True,,positive,negative,negative,negative,Immune cells,0.651085401843101,0.1827776821502937,0.3489145981568989,0.1158763782521318,-0.0033349627939818,0.0774376027214004,1.0,167.5648,356.2208,tumor_core,CTA_composition_plus_H&E_patch_feature_proxy,True,-7.249628073218679,7.249628073218679,True,True,False,False,True
TCAACGCGACCGGCAG-1,1,39,23,7047,3330,11100.0,23490.0,0,0,0,0,0.0,0.0,0.0,unmapped,0.0,False,no_CTA_object_captured,excluded,excluded,excluded,excluded,Immune cells,0.8033313417703184,0.1009850170980412,0.1966686582296815,0.0428548150562163,-0.0038563902015099,0.0407713182738982,1.0,138.528,293.1552,unmapped_or_excluded,CTA_composition_plus_H&E_patch_feature_proxy,True,43.68348633705877,43.68348633705877,False,False,False,False,True
TCAACTGCAGAGTCAG-1,1,56,108,9621,10742,35806.6666666667,32070.0,34,34,0,0,1.0,0.0,0.0,Tumor,1.0,True,,positive,negative,negative,negative,Immune cells,0.5115492549743812,0.1169727919100125,0.4884507450256187,0.2149367226114822,0.0166313616859486,0.0840843939915147,1.0,446.86719999999997,400.23359999999997,tumor_core,CTA_composition_plus_H&E_patch_feature_proxy,True,-7.285702909122825,7.285702909122825,True,True,False,False,True
TCAAGAAATACTAGCT-1,1,34,108,6284,10740,35800.0,20946.6666666667,25,25,0,0,1.0,0.0,0.0,Tumor,1.0,True,,positive,negative,negative,negative,Immune cells,0.3868701681965492,0.1249774392277167,0.6131298318034508,0.2342186736190321,0.0082885231654988,0.0887742231395482,1.0,446.784,261.4144,tumor_core,CTA_composition_plus_H&E_patch_feature_proxy,True,-57.81271602130451,57.81271602130451,False,True,False,False,True
TCAAGCGCGGACGGTA-1,1,58,114,9924,11265,37550.0,33080.0,15,15,0,0,1.0,0.0,0.0,Tumor,1.0,True,,positive,negative,negative,negative,Immune cells,0.530179421722521,0.1129612273955849,0.4698205782774791,0.2029438922383357,0.020965727011026,0.0839429729006612,1.0,468.62399999999997,412.8384,tumor_core,CTA_composition_plus_H&E_patch_feature_proxy,True,-12.543762446730224,12.543762446730224,False,True,False,False,True
TCAAGCTGCCTTGAAA-1,1,28,126,5372,12309,41030.0,17906.6666666667,19,15,3,1,0.7894736842105263,0.1578947368421052,0.0526315789473684,Tumor,0.7894736842105263,True,,positive,negative,negative,negative,Immune cells,0.4155921278945558,0.1265460002814989,0.5844078721054442,0.2344033458258649,0.0270599098365107,0.0886557351985628,1.0,512.0544,223.4752,tumor_core,CTA_composition_plus_H&E_patch_feature_proxy,True,-14.5560771858355,14.5560771858355,False,True,False,False,True
TCAAGGTTACTACACC-1,1,47,103,8256,10305,34350.0,27520.0,21,21,0,0,1.0,0.0,0.0,Tumor,1.0,True,,positive,negative,negative,negative,Immune cells,0.4076041496931182,0.1287225371368431,0.5923958503068817,0.2376622671229157,0.013893867796426,0.0737530099759201,1.0,428.688,343.4496,tumor_core,CTA_composition_plus_H&E_patch_feature_proxy,True,-19.22262134049364,19.22262134049364,False,True,False,False,True
TCAATACGCCGTCATG-1,1,63,61,10685,6645,22150.0,35616.6666666667,17,17,0,0,1.0,0.0,0.0,Tumor,1.0,True,,positive,negative,negative,negative,Immune cells,0.5160139771513407,0.1161129181784755,0.4839860228486592,0.2100917929498669,0.0141545815001901,0.0775102243626495,1.0,276.43199999999996,444.496,tumor_core,CTA_composition_plus_H&E_patch_feature_proxy,True,-7.249628073218664,7.249628073218664,True,True,False,False,True
TCACAAACCGAGGTAC-1,1,61,95,10380,9609,32030.0,34600.0,28,27,1,0,0.9642857142857144,0.0357142857142857,0.0,Tumor,0.9642857142857144,True,,positive,negative,negative,negative,Immune cells,0.4818134086506256,0.1254969004770858,0.5181865913493744,0.2091467057737222,0.0015099668676334,0.0859802010472805,1.0,399.7344,431.808,tumor_core,CTA_composition_plus_H&E_patch_feature_proxy,True,-7.285702909122747,7.285702909122747,True,True,False,False,True
TCACAGCAAACTCGAA-1,1,51,49,8866,5598,18660.0,29553.3333333333,25,25,0,0,1.0,0.0,0.0,Tumor,1.0,True,,positive,negative,negative,negative,Immune cells,0.4580522513714627,0.122096042336415,0.5419477486285372,0.2160882081364402,0.0039650209114116,0.0961357642472193,1.0,232.8768,368.8256,tumor_core,CTA_composition_plus_H&E_patch_feature_proxy,True,-19.22667214054474,19.22667214054474,False,True,False,False,True
TCACAGGAGAATAAGA-1,1,55,49,9472,5598,18660.0,31573.3333333333,16,11,2,3,0.6875,0.125,0.1875,Tumor,0.6875,True,,positive,negative,negative,negative,Immune cells,0.5069107236615792,0.1170764213455826,0.4930892763384209,0.207017543859649,0.0159469882135679,0.0897488820089439,1.0,232.8768,394.0352,mixed_boundary,CTA_composition_plus_H&E_patch_feature_proxy,True,0.0,0.0,True,False,True,True,True
TCACAGGGAATCGCAA-1,1,47,79,8257,8213,27376.6666666667,27523.3333333333,22,22,0,0,1.0,0.0,0.0,Tumor,1.0,True,,positive,negative,negative,negative,Immune cells,0.4710481052993681,0.1297768145069501,0.5289518947006319,0.2150670794633642,0.0130030959752321,0.0971218896915491,1.0,341.6608,343.4912,tumor_core,CTA_composition_plus_H&E_patch_feature_proxy,True,-7.238400000000013,7.238400000000013,True,True,False,False,True
TCACAGGTTATTGGGC-1,1,32,48,5984,5509,18363.3333333333,19946.6666666667,31,9,22,0,0.2903225806451613,0.7096774193548387,0.0,Immune cells,0.7096774193548387,True,,ambiguous,positive,negative,positive,Immune cells,0.5708435174623865,0.1561542379566906,0.4291564825376133,0.1730487208733909,0.0212590299277605,0.0931009440813362,1.0,229.1744,248.93439999999998,immune_enriched,CTA_composition_plus_H&E_patch_feature_proxy,True,7.280000000000001,7.280000000000001,True,False,False,False,True
TCACCCTCTTAAGATT-1,1,45,59,7955,6469,21563.3333333333,26516.6666666667,22,9,10,3,0.4090909090909091,0.4545454545454545,0.1363636363636363,Immune cells,0.4545454545454545,True,,ambiguous,ambiguous,negative,ambiguous,Immune cells,0.4896963771658247,0.1132408270093028,0.5103036228341752,0.1995654771603932,-0.0023029710499158,0.0942858234911898,1.0,269.11039999999997,330.928,immune_enriched,CTA_composition_plus_H&E_patch_feature_proxy,True,12.600611845462108,12.600611845462108,False,False,False,False,True
TCACCGCTCGGCACTC-1,1,30,92,5678,9345,31150.0,18926.6666666667,31,31,0,0,1.0,0.0,0.0,Tumor,1.0,True,,positive,negative,negative,negative,Immune cells,0.4945304437564499,0.1595419629424307,0.50546955624355,0.1827603063386019,-0.0038346640595296,0.1202767266750754,1.0,388.752,236.20479999999998,tumor_core,CTA_composition_plus_H&E_patch_feature_proxy,True,-19.2266721405448,19.2266721405448,False,True,False,False,True
TCACGATGTCCGTGGA-1,1,52,28,9019,3767,12556.6666666667,30063.3333333333,19,18,1,0,0.9473684210526316,0.0526315789473684,0.0,Tumor,0.9473684210526316,True,,positive,negative,negative,negative,Immune cells,0.8085456158455995,0.0980453168042838,0.1914543841544004,0.0595079028841453,0.010417685079572,0.052230248824676,1.0,156.7072,375.1904,tumor_core,CTA_composition_plus_H&E_patch_feature_proxy,True,-12.579787724759077,12.579787724759077,False,True,False,False,True
TCACGCATTGTAGATC-1,1,33,49,6135,5596,18653.3333333333,20450.0,29,21,8,0,0.7241379310344828,0.2758620689655172,0.0,Tumor,0.7241379310344828,True,,positive,ambiguous,negative,ambiguous,Immune cells,0.514837144460739,0.1247040065885613,0.485162855539261,0.1939275433164955,0.0157949052197056,0.078844169246646,1.0,232.7936,255.21599999999998,tumor_core,CTA_composition_plus_H&E_patch_feature_proxy,True,-12.579787724759116,12.579787724759116,False,True,False,False,True
TCACGTGCCCGATTCA-1,1,38,62,6893,6730,22433.3333333333,22976.6666666667,30,30,0,0,1.0,0.0,0.0,Tumor,1.0,True,,positive,negative,negative,negative,Immune cells,0.3954882045154165,0.1265651362617626,0.6045117954845836,0.224691760360654,0.0086252783661941,0.1016817643236631,1.0,279.96799999999996,286.74879999999996,tumor_core,CTA_composition_plus_H&E_patch_feature_proxy,True,-14.518399999999986,14.518399999999986,False,True,False,False,True
TCACTATCGTGCAATC-1,1,4,34,1737,4286,14286.6666666667,5790.0,0,0,0,0,0.0,0.0,0.0,unmapped,0.0,False,no_CTA_object_captured,excluded,excluded,excluded,excluded,Immune cells,0.7960856734198757,0.076162015826908,0.2039143265801241,0.0448753462603878,-0.0002063983488132,0.0856247372243244,1.0,178.2976,72.25919999999999,unmapped_or_excluded,CTA_composition_plus_H&E_patch_feature_proxy,True,171.32367453635823,171.32367453635823,False,False,False,False,True
TCAGAACCTCCACAGG-1,1,30,106,5677,10565,35216.6666666667,18923.3333333333,31,29,2,0,0.935483870967742,0.064516129032258,0.0,Tumor,0.935483870967742,True,,positive,negative,negative,negative,Immune cells,0.4310068256296054,0.1353267989903311,0.5689931743703945,0.2050078757264678,-0.0031177013741784,0.1258189045598746,1.0,439.50399999999996,236.1632,tumor_core,CTA_composition_plus_H&E_patch_feature_proxy,True,-62.234156147247646,62.234156147247646,False,True,False,False,True
TCAGAACGGCGGTAAT-1,1,73,79,12201,8215,27383.3333333333,40670.0,9,0,1,8,0.0,0.1111111111111111,0.8888888888888888,Stroma,0.8888888888888888,True,,negative,negative,positive,negative,Immune cells,0.7429652562779497,0.1326974277780682,0.2570347437220501,0.1429254250176524,0.044506001846722,0.0495585368650384,1.0,341.74399999999997,507.5616,stroma_rich,CTA_composition_plus_H&E_patch_feature_proxy,True,0.0,0.0,True,False,True,True,True
TCAGACGCTATAGAAG-1,1,48,72,8409,7603,25343.3333333333,28030.0,18,15,0,3,0.8333333333333334,0.0,0.1666666666666666,Tumor,0.8333333333333334,True,,positive,negative,negative,negative,Immune cells,0.466214038708743,0.1212943802256533,0.533785961291257,0.2197816522730976,0.0089294443539188,0.0926843251920651,1.0,316.28479999999996,349.8144,tumor_core,CTA_composition_plus_H&E_patch_feature_proxy,True,-25.144369733202705,25.144369733202705,False,True,False,False,True
TCAGCAGTAGGCCCTG-1,1,61,41,10383,4901,16336.6666666667,34610.0,29,25,4,0,0.8620689655172413,0.1379310344827586,0.0,Tumor,0.8620689655172413,True,,positive,negative,negative,negative,Immune cells,0.4853366646751036,0.1294273484349926,0.5146633353248963,0.2143283906360328,0.0093639671935256,0.0943852004739517,1.0,203.8816,431.9328,tumor_core,CTA_composition_plus_H&E_patch_feature_proxy,True,-19.194557361919028,19.194557361919028,False,True,False,False,True
TCAGCCAATCCGTAAA-1,1,63,105,10683,10481,34936.6666666667,35610.0,14,1,1,12,0.0714285714285714,0.0714285714285714,0.8571428571428571,Stroma,0.8571428571428571,True,,negative,negative,positive,negative,Immune cells,0.5589339706334981,0.1187187018037041,0.4410660293665018,0.190418771386671,0.0159687143555483,0.0992546726292856,1.0,436.0096,444.4128,stroma_rich,CTA_composition_plus_H&E_patch_feature_proxy,True,0.0,0.0,True,False,True,True,True
TCAGCGCACGCCGTTT-1,1,74,80,12353,8303,27676.6666666667,41176.6666666667,12,0,10,2,0.0,0.8333333333333334,0.1666666666666666,Immune cells,0.8333333333333334,True,,negative,positive,negative,positive,Immune cells,0.8102800861803632,0.0597611182775732,0.1897199138196367,0.1230568681766335,0.0493183422953669,0.0095287237702098,1.0,345.40479999999997,513.8847999999999,immune_enriched,CTA_composition_plus_H&E_patch_feature_proxy,True,7.306457067553266,7.306457067553266,True,False,False,False,True
TCAGTAGGGACTATAA-1,1,46,48,8107,5510,18366.6666666667,27023.3333333333,18,3,14,1,0.1666666666666666,0.7777777777777778,0.0555555555555555,Immune cells,0.7777777777777778,True,,negative,positive,negative,positive,Immune cells,0.4826390020458784,0.1098621811416272,0.5173609979541216,0.2060941828254847,0.0051165064363695,0.0712953407483851,1.0,229.21599999999998,337.2512,immune_enriched,CTA_composition_plus_H&E_patch_feature_proxy,True,19.222621340493617,19.222621340493617,False,False,False,False,True
TCAGTGTATACGTCAT-1,1,58,36,9928,4465,14883.3333333333,33093.3333333333,30,30,0,0,1.0,0.0,0.0,Tumor,1.0,True,,positive,negative,negative,negative,Immune cells,0.5327974218311516,0.1189003649614802,0.4672025781688483,0.1943403400141219,0.0093422410515452,0.1001337767075641,1.0,185.744,413.0048,tumor_core,CTA_composition_plus_H&E_patch_feature_proxy,True,-12.646399999999971,12.646399999999971,False,True,False,False,True
TCATATGAGCTTTGTT-1,1,64,62,10837,6732,22440.0,36123.3333333333,21,21,0,0,1.0,0.0,0.0,Tumor,1.0,True,,positive,negative,negative,negative,Immune cells,0.5177701736280846,0.1165697561280112,0.4822298263719154,0.2107109879963065,0.017044158383575,0.0804991782287964,1.0,280.0512,450.81919999999997,tumor_core,CTA_composition_plus_H&E_patch_feature_proxy,True,-14.535316219470442,14.535316219470442,False,True,False,False,True
TCATCCTCAGCTGCTT-1,1,68,90,11442,9174,30580.0,38140.0,5,4,0,1,0.8,0.0,0.2,Tumor,0.8,True,,positive,negative,negative,negative,Immune cells,0.5515579454311733,0.1286646791808227,0.4484420545688266,0.196339145076313,0.01865189289012,0.1148568589229064,1.0,381.6384,475.9872,tumor_core,CTA_composition_plus_H&E_patch_feature_proxy,True,-7.238400000000013,7.238400000000013,True,True,False,False,True
TCATCGACGACCGTCG-1,1,70,84,11746,8651,28836.6666666667,39153.3333333333,14,12,2,0,0.8571428571428571,0.1428571428571428,0.0,Tumor,0.8571428571428571,True,,positive,negative,negative,negative,Immune cells,0.5735737693045824,0.1434181442907242,0.4264262306954176,0.1754929118461789,0.0143718429199934,0.0924970378014753,1.0,359.8816,488.6336,tumor_core,CTA_composition_plus_H&E_patch_feature_proxy,True,-12.564646274368425,12.564646274368425,False,True,False,False,True
TCATCGATGGTCCCAA-1,1,57,29,9777,3855,12850.0,32590.0,31,27,4,0,0.8709677419354839,0.1290322580645161,0.0,Tumor,0.8709677419354839,True,,positive,negative,negative,negative,Immune cells,0.5876414462368512,0.1449725294437473,0.4123585537631488,0.1682906957796969,0.0129487806202813,0.1068111455108359,1.0,160.368,406.72319999999996,tumor_core,CTA_composition_plus_H&E_patch_feature_proxy,True,-7.2857029091228105,7.2857029091228105,True,True,False,False,True
TCATTTAAGTCTCCGA-1,1,35,99,6436,9955,33183.3333333333,21453.3333333333,30,30,0,0,1.0,0.0,0.0,Tumor,1.0,True,,positive,negative,negative,negative,Immune cells,0.4002534716564373,0.1226003571737381,0.5997465283435627,0.2150344902503938,-0.0054315354950844,0.0961204754806406,1.0,414.128,267.7376,tumor_core,CTA_composition_plus_H&E_patch_feature_proxy,True,-44.156905862616796,44.156905862616796,False,True,False,False,True
TCATTTAGAAGTGTGA-1,1,54,110,9317,10916,36386.6666666667,31056.6666666667,31,31,0,0,1.0,0.0,0.0,Tumor,1.0,True,,positive,negative,negative,negative,Immune cells,0.4956964133760614,0.1235579009215525,0.5043035866239386,0.2102656020857096,0.0139807723643474,0.0872721018231854,1.0,454.1056,387.5872,tumor_core,CTA_composition_plus_H&E_patch_feature_proxy,True,-12.604800000000012,12.604800000000012,False,True,False,False,True
TCCAACTCAGCTATCT-1,1,67,91,11291,9261,30870.0,37636.6666666667,30,30,0,0,1.0,0.0,0.0,Tumor,1.0,True,,positive,negative,negative,negative,Immune cells,0.5290822515525139,0.1297982177100637,0.4709177484474861,0.2024441909727879,0.0143066644940524,0.0994266712532966,1.0,385.25759999999997,469.7056,tumor_core,CTA_composition_plus_H&E_patch_feature_proxy,True,-7.2385195392428265,7.2385195392428265,True,True,False,False,True
TCCAACTTTAAATTCT-1,1,40,40,7198,4812,16040.0,23993.3333333333,14,8,0,6,0.5714285714285714,0.0,0.4285714285714285,Tumor,0.5714285714285714,True,,ambiguous,negative,ambiguous,negative,Immune cells,0.4817989245559719,0.1261993492289164,0.518201075444028,0.2071153114985606,0.0083102493074792,0.1081909566945686,1.0,200.17919999999998,299.4368,stroma_rich,CTA_composition_plus_H&E_patch_feature_proxy,True,0.0,0.0,True,False,True,True,True
TCCAAGCCTAGACACA-1,1,67,79,11291,8215,27383.3333333333,37636.6666666667,28,28,0,0,1.0,0.0,0.0,Tumor,1.0,True,,positive,negative,negative,negative,Immune cells,0.4695308963844078,0.1301639733644405,0.5304691036155922,0.2338058769214057,0.0216718266253869,0.0754233077246493,1.0,341.74399999999997,469.7056,tumor_core,CTA_composition_plus_H&E_patch_feature_proxy,True,-7.279999999999973,7.279999999999973,True,True,False,False,True
TCCAATAAAGGCTACC-1,1,63,53,10686,5948,19826.6666666667,35620.0,27,27,0,0,1.0,0.0,0.0,Tumor,1.0,True,,positive,negative,negative,negative,Immune cells,0.459978635960386,0.125967661064224,0.540021364039614,0.2236380424746076,0.0133398511759274,0.0979474830868019,1.0,247.43679999999998,444.5376,tumor_core,CTA_composition_plus_H&E_patch_feature_proxy,True,-12.600611845462083,12.600611845462083,False,True,False,False,True
TCCACATCGTATATTG-1,1,69,67,11595,7169,23896.6666666667,38650.0,11,7,1,3,0.6363636363636364,0.0909090909090909,0.2727272727272727,Tumor,0.6363636363636364,True,,positive,negative,ambiguous,negative,Immune cells,0.5836510781597958,0.1181345296783419,0.4163489218402043,0.1785780240073869,0.0139807723643474,0.0982953025264686,1.0,298.2304,482.352,mixed_boundary,CTA_composition_plus_H&E_patch_feature_proxy,True,0.0,0.0,True,False,True,True,True
TCCACCTCTAGCCTTT-1,1,61,53,10382,5948,19826.6666666667,34606.6666666667,29,29,0,0,1.0,0.0,0.0,Tumor,1.0,True,,positive,negative,negative,negative,Immune cells,0.4648054605036844,0.120998383504224,0.5351945394963156,0.2161751127043615,0.0073760252023246,0.098081259794366,1.0,247.43679999999998,431.89119999999997,tumor_core,CTA_composition_plus_H&E_patch_feature_proxy,True,-21.87780347292662,21.87780347292662,False,True,False,False,True
TCCAGAGCACCGGTTC-1,1,40,70,7196,7428,24760.0,23986.6666666667,21,20,1,0,0.9523809523809524,0.0476190476190476,0.0,Tumor,0.9523809523809524,True,,positive,negative,negative,negative,Immune cells,0.4440388897941448,0.1161826401486735,0.5559611102058551,0.2097984900331323,0.0010645809570365,0.1095440125367886,1.0,309.0048,299.3536,tumor_core,CTA_composition_plus_H&E_patch_feature_proxy,True,-21.8210142239081,21.8210142239081,False,True,False,False,True
TCCAGATGTACGCCAA-1,1,24,114,4766,11262,37540.0,15886.6666666667,20,20,0,0,1.0,0.0,0.0,Tumor,1.0,True,,positive,negative,negative,negative,Immune cells,0.4228015860083645,0.1424984770853273,0.5771984139916354,0.2482863505513008,0.03858562815708,0.1009937698276191,1.0,468.4992,198.26559999999998,tumor_core,CTA_composition_plus_H&E_patch_feature_proxy,True,-19.270905340434833,19.270905340434833,False,True,False,False,True
TCCAGCGCTATAAGCG-1,1,52,116,9014,11439,38130.0,30046.6666666667,20,18,0,2,0.9,0.0,0.1,Tumor,0.9,True,,positive,negative,negative,negative,Immune cells,0.4893016855865154,0.1205353790894124,0.5106983144134846,0.2156102330128727,0.0148172288305904,0.0789282574628291,1.0,475.8624,374.9824,tumor_core,CTA_composition_plus_H&E_patch_feature_proxy,True,-7.279999999999973,7.279999999999973,True,True,False,False,True
TCCAGGCAGGACGATC-1,1,72,56,12051,6210,20700.0,40170.0,26,23,1,2,0.8846153846153846,0.0384615384615384,0.0769230769230769,Tumor,0.8846153846153846,True,,positive,negative,negative,negative,Immune cells,0.549110133434722,0.1351647313332267,0.4508898665652781,0.1902775514637988,0.0190864157297267,0.1167755991285403,1.0,258.336,501.3216,tumor_core,CTA_composition_plus_H&E_patch_feature_proxy,True,-7.285702909122747,7.285702909122747,True,True,False,False,True
TCCAGGGTATATACGA-1,1,61,63,10382,6819,22730.0,34606.6666666667,19,19,0,0,1.0,0.0,0.0,Tumor,1.0,True,,positive,negative,negative,negative,Immune cells,0.4869516412289754,0.1164446920494376,0.5130483587710245,0.2251371462712509,0.0163815110531747,0.0809310858846462,1.0,283.6704,431.89119999999997,tumor_core,CTA_composition_plus_H&E_patch_feature_proxy,True,-7.285702909122747,7.285702909122747,True,True,False,False,True
TCCATTCCCACTAGAG-1,1,18,126,3856,12308,41026.6666666667,12853.3333333333,24,24,0,0,1.0,0.0,0.0,Tumor,1.0,True,,positive,negative,negative,negative,Immune cells,0.4718809407419477,0.14479886512333,0.5281190592580521,0.1955461408940307,0.0165118679050567,0.1070939876925429,1.0,512.0128,160.40959999999998,tumor_core,CTA_composition_plus_H&E_patch_feature_proxy,True,-19.319606124349413,19.319606124349413,False,True,False,False,True
TCCCAAACAGACAACG-1,1,22,110,4463,10913,36376.6666666667,14876.6666666667,17,8,2,7,0.4705882352941176,0.1176470588235294,0.4117647058823529,Tumor,0.4705882352941176,True,,ambiguous,negative,ambiguous,negative,Immune cells,0.6180942552459581,0.1690133501895372,0.3819057447540419,0.1386127858345554,0.0134702080278094,0.1380613843978136,1.0,453.9808,185.6608,stroma_rich,CTA_composition_plus_H&E_patch_feature_proxy,True,12.600611845462122,12.600611845462122,False,False,True,False,True
TCCCAAAGCCCTAAAT-1,1,39,117,7042,11525,38416.6666666667,23473.3333333333,24,24,0,0,1.0,0.0,0.0,Tumor,1.0,True,,positive,negative,negative,negative,Immune cells,0.4182282331215034,0.1268634780587701,0.5817717668784965,0.2437455868774102,0.0245614035087719,0.0837862630432289,1.0,479.44,292.9472,tumor_core,CTA_composition_plus_H&E_patch_feature_proxy,True,-29.091371069786273,29.091371069786273,False,True,False,False,True
TCCCACTCTCTTCCGG-1,1,31,107,5829,10653,35510.0,19430.0,28,9,17,2,0.3214285714285714,0.6071428571428571,0.0714285714285714,Immune cells,0.6071428571428571,True,,ambiguous,positive,negative,positive,Immune cells,0.3970307605960205,0.1318708933699394,0.6029692394039794,0.2161859757753517,-0.0016185975775351,0.1003592860146007,1.0,443.16479999999996,242.48639999999997,immune_enriched,CTA_composition_plus_H&E_patch_feature_proxy,True,66.77814651875268,66.77814651875268,False,False,False,False,True
TCCCAGCACACGACAT-1,1,56,124,9620,12137,40456.6666666667,32066.6666666667,12,0,6,6,0.0,0.5,0.5,Immune cells,0.5,True,,negative,ambiguous,ambiguous,ambiguous,Immune cells,0.7172052939365959,0.1530688458197084,0.282794706063404,0.1161696811688664,0.0266797023518548,0.1076061613729312,1.0,504.89919999999995,400.192,immune_enriched,CTA_composition_plus_H&E_patch_feature_proxy,True,12.646399999999971,12.646399999999971,False,False,False,False,True
TCCCGCCTATGTGCGT-1,1,32,122,5979,11960,39866.6666666667,19930.0,29,29,0,0,1.0,0.0,0.0,Tumor,1.0,True,,positive,negative,negative,negative,Immune cells,0.405464124708055,0.1304836166000525,0.5945358752919451,0.2504915539623051,0.0263429471511596,0.0889691549134273,1.0,497.536,248.72639999999998,tumor_core,CTA_composition_plus_H&E_patch_feature_proxy,True,-26.244094509813063,26.244094509813063,False,True,False,False,True
TCCCGGGTGTGCTGCT-1,1,34,34,6288,4289,14296.6666666667,20960.0,10,4,3,3,0.4,0.3,0.3,Tumor,0.4,True,,ambiguous,ambiguous,ambiguous,ambiguous,Immune cells,0.8183911791863561,0.1047049253020238,0.1816088208136439,0.0447667155504861,0.0059312367606322,0.0332912892252417,1.0,178.42239999999998,261.5808,immune_enriched,CTA_composition_plus_H&E_patch_feature_proxy,True,7.24962807321863,7.24962807321863,True,False,False,False,True
TCCCGTCGCGTCATAG-1,1,29,115,5525,11350,37833.3333333333,18416.6666666667,24,24,0,0,1.0,0.0,0.0,Tumor,1.0,True,,positive,negative,negative,negative,Immune cells,0.4185758513931888,0.1299867240103539,0.5814241486068111,0.2555754711857042,0.0322090054858508,0.0794901196345984,1.0,472.15999999999997,229.84,tumor_core,CTA_composition_plus_H&E_patch_feature_proxy,True,-37.72989281087345,37.72989281087345,False,True,False,False,True
TCCCGTGTGCAATTTG-1,1,44,80,7802,8300,27666.6666666667,26006.6666666667,33,33,0,0,1.0,0.0,0.0,Tumor,1.0,True,,positive,negative,negative,negative,Immune cells,0.4556841018956059,0.1199368544871359,0.5443158981043941,0.2196295692792352,0.0126337515615664,0.0979436608951572,1.0,345.28,324.5632,tumor_core,CTA_composition_plus_H&E_patch_feature_proxy,True,-12.564646274368396,12.564646274368396,False,True,False,False,True
TCCCTAGATCAATAGG-1,1,28,114,5373,11263,37543.3333333333,17910.0,29,29,0,0,1.0,0.0,0.0,Tumor,1.0,True,,positive,negative,negative,negative,Immune cells,0.4164104792424818,0.129065662321953,0.583589520757518,0.2584650480690891,0.034153495193091,0.0785689714482284,1.0,468.5408,223.5168,tumor_core,CTA_composition_plus_H&E_patch_feature_proxy,True,-38.377144264783404,38.377144264783404,False,True,False,False,True
TCCGAACGTTGCCGCT-1,1,51,121,8862,11875,39583.3333333333,29540.0,20,20,0,0,1.0,0.0,0.0,Tumor,1.0,True,,positive,negative,negative,negative,Immune cells,0.4858110187750077,0.1376696518296148,0.5141889812249923,0.1965455434251262,-0.0047580250936939,0.0900852348736765,1.0,494.0,368.6592,tumor_core,CTA_composition_plus_H&E_patch_feature_proxy,True,-12.564646274368446,12.564646274368446,False,True,False,False,True
TCCGAATGGTCCTGAG-1,1,31,113,5828,11176,37253.3333333333,19426.6666666667,28,28,0,0,1.0,0.0,0.0,Tumor,1.0,True,,positive,negative,negative,negative,Immune cells,0.3973964839860228,0.1260037638506072,0.6026035160139771,0.2464613546249524,0.0224431046656889,0.0848220769789397,1.0,464.92159999999996,242.4448,tumor_core,CTA_composition_plus_H&E_patch_feature_proxy,True,-50.844748039497645,50.844748039497645,False,True,False,False,True
TCCGACCGCTAATCAA-1,1,70,36,11749,4466,14886.6666666667,39163.3333333333,27,27,0,0,1.0,0.0,0.0,Tumor,1.0,True,,positive,negative,negative,negative,Immune cells,0.7667734868647367,0.1246935284961125,0.2332265131352632,0.1024713486502634,0.0241920590951061,0.060478538393915,1.0,185.7856,488.7584,tumor_core,CTA_composition_plus_H&E_patch_feature_proxy,True,-7.24962807321863,7.24962807321863,True,True,False,False,True
TCCGCCTGTCTACAAG-1,1,56,74,9623,7778,25926.6666666667,32076.6666666667,10,5,1,4,0.5,0.1,0.4,Tumor,0.5,True,,ambiguous,negative,ambiguous,negative,Immune cells,0.5123060489200297,0.1183050965263843,0.4876939510799702,0.2161099342784205,0.0157949052197056,0.0803118908382066,1.0,323.5648,400.3168,stroma_rich,CTA_composition_plus_H&E_patch_feature_proxy,True,0.0,0.0,True,False,True,True,True
TCCGCGGCAGCATCTG-1,1,34,84,6285,8648,28826.6666666667,20950.0,26,1,18,7,0.0384615384615384,0.6923076923076923,0.2692307692307692,Immune cells,0.6923076923076923,True,,negative,positive,ambiguous,positive,Immune cells,0.4793728387015009,0.1391182839349037,0.5206271612984991,0.1901146053989462,-0.0007386888273314,0.1021098497878683,1.0,359.7568,261.45599999999996,immune_enriched,CTA_composition_plus_H&E_patch_feature_proxy,True,19.208211577343718,19.208211577343718,False,False,False,False,True
TCCGCGGCCCAATGAA-1,1,53,99,9166,9957,33190.0,30553.3333333333,23,23,0,0,1.0,0.0,0.0,Tumor,1.0,True,,positive,negative,negative,negative,Immune cells,0.4371879130230116,0.1272014807312701,0.5628120869769884,0.2233121503449025,0.0077779588289609,0.0966250047777395,1.0,414.21119999999996,381.30559999999997,tumor_core,CTA_composition_plus_H&E_patch_feature_proxy,True,-21.8210142239081,21.8210142239081,False,True,False,False,True
TCCGCTGTCATCCCGG-1,1,47,81,8257,8387,27956.6666666667,27523.3333333333,19,9,2,8,0.4736842105263157,0.1052631578947368,0.4210526315789473,Tumor,0.4736842105263157,True,,ambiguous,negative,ambiguous,negative,Immune cells,0.4882045154165083,0.1223639176831328,0.5117954845834918,0.2115257183205692,0.0119928303731464,0.1000382219164469,1.0,348.8992,343.4912,stroma_rich,CTA_composition_plus_H&E_patch_feature_proxy,True,0.0,0.0,True,False,True,True,True
TCCGCTTATCCCATTA-1,1,50,64,8713,6905,23016.6666666667,29043.3333333333,16,15,1,0,0.9375,0.0625,0.0,Tumor,0.9375,True,,positive,negative,negative,negative,Immune cells,0.4813933699056723,0.1182509535258835,0.5186066300943276,0.207462929770246,0.0063548965292488,0.1001070213660512,1.0,287.248,362.4608,tumor_core,CTA_composition_plus_H&E_patch_feature_proxy,True,-12.646468420867514,12.646468420867514,False,True,False,False,True
TCCGGCCTAGCGTACA-1,1,28,98,5374,9868,32893.3333333333,17913.3333333333,25,23,1,1,0.92,0.04,0.04,Tumor,0.92,True,,positive,negative,negative,negative,Immune cells,0.4254992486375899,0.1280593086688184,0.5745007513624102,0.228363478355331,0.0170007060996143,0.1030615755073959,1.0,410.5088,223.55839999999998,tumor_core,CTA_composition_plus_H&E_patch_feature_proxy,True,-44.19856600026751,44.19856600026751,False,True,False,False,True
TCCGGGCTTGACGGGA-1,1,66,96,11139,9697,32323.3333333333,37130.0,9,0,1,8,0.0,0.1111111111111111,0.8888888888888888,Stroma,0.8888888888888888,True,,negative,negative,positive,negative,Immune cells,0.518693534662249,0.1172800314709384,0.481306465337751,0.1997284232252457,0.0075063820542067,0.0903298551389366,1.0,403.3952,463.38239999999996,stroma_rich,CTA_composition_plus_H&E_patch_feature_proxy,True,0.0,0.0,True,False,True,True,True
TCCGGTTCGTCCGGTC-1,1,51,53,8865,5947,19823.3333333333,29550.0,11,11,0,0,1.0,0.0,0.0,Tumor,1.0,True,,positive,negative,negative,negative,Immune cells,0.4811000669889377,0.1183031368053461,0.5188999330110623,0.2160773450654499,0.012286133289881,0.0933264533883728,1.0,247.3952,368.784,tumor_core,CTA_composition_plus_H&E_patch_feature_proxy,True,-12.543762446730252,12.543762446730252,False,True,False,False,True
TCCGTTAAGCTAATAT-1,1,52,100,9015,10044,33480.0,30050.0,20,20,0,0,1.0,0.0,0.0,Tumor,1.0,True,,positive,negative,negative,negative,Immune cells,0.4321293429652563,0.1280672879727931,0.5678706570347437,0.2287762750529574,0.0101243821628374,0.0960096319229446,1.0,417.8304,375.024,tumor_core,CTA_composition_plus_H&E_patch_feature_proxy,True,-14.571405818245543,14.571405818245543,False,True,False,False,True
TCCGTTTAGCCTTGAA-1,1,29,89,5526,9083,30276.6666666667,18420.0,1,1,0,0,1.0,0.0,0.0,Tumor,1.0,True,,ambiguous,ambiguous,ambiguous,ambiguous,Immune cells,0.6419061068564084,0.1574953865474864,0.3580938931435917,0.1338438976698712,0.0152517516701971,0.1419982417918434,1.0,377.8528,229.8816,unmapped_or_excluded,CTA_composition_plus_H&E_patch_feature_proxy,True,19.270905340434844,19.270905340434844,False,False,False,False,True
TCCTAAAGATTCAGAC-1,1,68,84,11443,8651,28836.6666666667,38143.3333333333,9,5,1,3,0.5555555555555556,0.1111111111111111,0.3333333333333333,Tumor,0.5555555555555556,True,,ambiguous,negative,ambiguous,negative,Immune cells,0.5032209005485851,0.1228081262671529,0.4967790994514149,0.2149584487534626,0.0151757101732659,0.0831900011466574,1.0,359.8816,476.0288,mixed_boundary,CTA_composition_plus_H&E_patch_feature_proxy,True,0.0,0.0,True,False,True,True,True
TCCTAAATTGGGAAGC-1,1,56,70,9623,7429,24763.3333333333,32076.6666666667,11,7,4,0,0.6363636363636364,0.3636363636363636,0.0,Tumor,0.6363636363636364,True,,positive,ambiguous,negative,ambiguous,Immune cells,0.5303496098347003,0.1155564776032679,0.4696503901652997,0.2028135353864537,0.0107761664222475,0.0840308833084891,1.0,309.0464,400.3168,immune_enriched,CTA_composition_plus_H&E_patch_feature_proxy,True,7.285702909122775,7.285702909122775,True,False,False,False,True
TCCTAACCGTCGGGCA-1,1,62,46,10535,5337,17790.0,35116.6666666667,16,14,2,0,0.875,0.125,0.0,Tumor,0.875,True,,positive,negative,negative,negative,Immune cells,0.4982564771060779,0.1204876577421124,0.5017435228939222,0.2022377926239748,0.0022812449079354,0.0942399571914535,1.0,222.01919999999998,438.256,tumor_core,CTA_composition_plus_H&E_patch_feature_proxy,True,-14.535316219470428,14.535316219470428,False,True,False,False,True
TCCTACATCCACGGCC-1,1,46,84,8105,8649,28830.0,27016.6666666667,25,25,0,0,1.0,0.0,0.0,Tumor,1.0,True,,positive,negative,negative,negative,Immune cells,0.4759002770083102,0.1238057428587537,0.5240997229916897,0.2140024985063277,0.010037477594916,0.1085961090089057,1.0,359.79839999999996,337.168,tumor_core,CTA_composition_plus_H&E_patch_feature_proxy,True,-7.27048521076828,7.27048521076828,True,True,False,False,True
TCCTAGCAAAGAAGCT-1,1,41,41,7349,4899,16330.0,24496.6666666667,24,23,0,1,0.9583333333333334,0.0,0.0416666666666666,Tumor,0.9583333333333334,True,,positive,negative,negative,negative,Immune cells,0.491380153169301,0.1224104198940964,0.508619846830699,0.2026505893216012,0.0070175438596491,0.0972977105072048,1.0,203.7984,305.7184,tumor_core,CTA_composition_plus_H&E_patch_feature_proxy,True,-7.24962807321863,7.24962807321863,True,True,False,False,True
TCCTATCATAGGTAAC-1,1,46,120,8103,11787,39290.0,27010.0,15,14,0,1,0.9333333333333332,0.0,0.0666666666666666,Tumor,0.9333333333333332,True,,positive,negative,negative,negative,Immune cells,0.3893650535006246,0.1243152245131906,0.6106349464993753,0.2340340014121992,0.0054423985660746,0.0699537514810992,1.0,490.3392,337.0848,tumor_core,CTA_composition_plus_H&E_patch_feature_proxy,True,-19.270905340434833,19.270905340434833,False,True,False,False,True
TCCTCGGGCTGGGCTT-1,1,40,76,7196,7951,26503.3333333333,23986.6666666667,32,32,0,0,1.0,0.0,0.0,Tumor,1.0,True,,positive,negative,negative,negative,Immune cells,0.450955044991219,0.1231635607176776,0.549044955008781,0.2239096192493617,0.0180218347726902,0.1135764247219355,1.0,330.7616,299.3536,tumor_core,CTA_composition_plus_H&E_patch_feature_proxy,True,-21.841743168529383,21.841743168529383,False,True,False,False,True
TCCTTACGACGGTCCG-1,1,49,95,8560,9608,32026.6666666667,28533.3333333333,16,16,0,0,1.0,0.0,0.0,Tumor,1.0,True,,positive,negative,negative,negative,Immune cells,0.4616660329875255,0.1253815184142199,0.5383339670124744,0.212090598012058,0.0047145728097333,0.0951572831861789,1.0,399.6928,356.096,tumor_core,CTA_composition_plus_H&E_patch_feature_proxy,True,-14.518399999999986,14.518399999999986,False,True,False,False,True
TCCTTGTCCTTTAATT-1,1,69,69,11595,7343,24476.6666666667,38650.0,18,17,0,1,0.9444444444444444,0.0,0.0555555555555555,Tumor,0.9444444444444444,True,,positive,negative,negative,negative,Immune cells,0.5838429924139554,0.1148273982025177,0.4161570075860445,0.1848677421106946,0.0184129053283363,0.0891182203875702,1.0,305.4688,482.352,tumor_core,CTA_composition_plus_H&E_patch_feature_proxy,True,-7.238400000000013,7.238400000000013,True,True,False,False,True
TCCTTTAAATCCGCTT-1,1,56,92,9622,9347,31156.6666666667,32073.3333333333,22,22,0,0,1.0,0.0,0.0,Tumor,1.0,True,,positive,negative,negative,negative,Immune cells,0.462535078666739,0.1254519937717466,0.5374649213332608,0.2282657107164195,0.0116234859594807,0.0836601307189542,1.0,388.8352,400.2752,tumor_core,CTA_composition_plus_H&E_patch_feature_proxy,True,-31.73981859557487,31.73981859557487,False,True,False,False,True
TCGAAGAACCGAGCAC-1,1,45,99,7953,9956,33186.6666666667,26510.0,19,19,0,0,1.0,0.0,0.0,Tumor,1.0,True,,positive,negative,negative,negative,Immune cells,0.4235438958593594,0.1258132951346195,0.5764561041406405,0.2336863831405138,0.0121992287219597,0.0849864312196613,1.0,414.1696,330.84479999999996,tumor_core,CTA_composition_plus_H&E_patch_feature_proxy,True,-25.16524943647488,25.16524943647488,False,True,False,False,True
TCGAATATCCCGCAGG-1,1,58,32,9929,4116,13720.0,33096.6666666667,25,24,1,0,0.96,0.04,0.0,Tumor,0.96,True,,positive,negative,negative,negative,Immune cells,0.5286875599732044,0.1161433583265755,0.4713124400267956,0.191581119982619,0.0074086144152952,0.0987424989488973,1.0,171.2256,413.0464,tumor_core,CTA_composition_plus_H&E_patch_feature_proxy,True,-7.238399999999984,7.238399999999984,True,True,False,False,True
TCGAATCGCAGGGTAG-1,1,75,53,12506,5949,19830.0,41686.6666666667,10,2,7,1,0.2,0.7,0.1,Immune cells,0.7,True,,negative,positive,negative,positive,Immune cells,0.7950790288414536,0.0759777396686663,0.2049209711585464,0.139036445603172,0.0614849818043561,0.0242938500936437,1.0,247.4784,520.2496,immune_enriched,CTA_composition_plus_H&E_patch_feature_proxy,True,19.195278619493916,19.195278619493916,False,False,False,False,True
TCGACAACTGAACCCG-1,1,57,15,9778,2634,8780.0,32593.3333333333,0,0,0,0,0.0,0.0,0.0,unmapped,0.0,False,no_CTA_object_captured,excluded,excluded,excluded,excluded,Immune cells,0.6445168649177122,0.1741219728230416,0.3554831350822877,0.1205366357069143,0.0118950627342349,0.1242938500936436,1.0,109.5744,406.7648,unmapped_or_excluded,CTA_composition_plus_H&E_patch_feature_proxy,True,40.398933530478246,40.398933530478246,False,False,False,False,True
TCGAGACCAACACCGT-1,1,37,55,6742,6120,20400.0,22473.3333333333,21,4,14,3,0.1904761904761904,0.6666666666666666,0.1428571428571428,Immune cells,0.6666666666666666,True,,negative,positive,negative,positive,Immune cells,0.5629207176868901,0.1048264261448834,0.4370792823131099,0.174602140024985,0.0129053283363206,0.0781294194090891,1.0,254.59199999999998,280.4672,immune_enriched,CTA_composition_plus_H&E_patch_feature_proxy,True,7.238400000000013,7.238400000000013,True,False,False,False,True
TCGAGCCAGGCAGGCC-1,1,57,37,9777,4552,15173.3333333333,32590.0,32,29,2,1,0.90625,0.0625,0.03125,Tumor,0.90625,True,,positive,negative,negative,negative,Immune cells,0.5005051328010428,0.1240444793079499,0.4994948671989572,0.2045407636738906,0.0064526641681603,0.0854718495585368,1.0,189.36319999999998,406.72319999999996,tumor_core,CTA_composition_plus_H&E_patch_feature_proxy,True,-19.194557361919056,19.194557361919056,False,True,False,False,True
TCGAGGGCAACAGACG-1,1,57,119,9772,11701,39003.3333333333,32573.3333333333,19,19,0,0,1.0,0.0,0.0,Tumor,1.0,True,,positive,negative,negative,negative,Immune cells,0.6194448970724024,0.1358229281291254,0.3805551029275976,0.1621096083862908,0.021030905436967,0.1430302335359095,1.0,486.7616,406.5152,tumor_core,CTA_composition_plus_H&E_patch_feature_proxy,True,-7.285702909122775,7.285702909122775,True,True,False,False,True
TCGCAAAGATGCATTT-1,1,47,75,8258,7864,26213.3333333333,27526.6666666667,27,24,0,3,0.8888888888888888,0.0,0.1111111111111111,Tumor,0.8888888888888888,True,,positive,negative,negative,negative,Immune cells,0.4344902503937863,0.1262265262324259,0.5655097496062136,0.226560208570963,0.0106349464993753,0.0981118373275235,1.0,327.1424,343.5328,tumor_core,CTA_composition_plus_H&E_patch_feature_proxy,True,-12.600611845462087,12.600611845462087,False,True,False,False,True
TCGCACCAGGAGGCAG-1,1,50,80,8712,8300,27666.6666666667,29040.0,19,19,0,0,1.0,0.0,0.0,Tumor,1.0,True,,positive,negative,negative,negative,Immune cells,0.4525555374504372,0.1223900021379442,0.5474444625495628,0.2194448970724023,0.005279452501222,0.1022933149868134,1.0,345.28,362.4192,tumor_core,CTA_composition_plus_H&E_patch_feature_proxy,True,-14.592115438139862,14.592115438139862,False,True,False,False,True
TCGCATAAAGGGCGCA-1,1,63,111,10683,11004,36680.0,35610.0,12,4,2,6,0.3333333333333333,0.1666666666666666,0.5,Stroma,0.5,True,,ambiguous,negative,ambiguous,negative,Immune cells,0.6262451795122481,0.1507310343888242,0.3737548204877518,0.1550377491716908,0.018717071316061,0.1204410809157971,1.0,457.7664,444.4128,stroma_rich,CTA_composition_plus_H&E_patch_feature_proxy,True,0.0,0.0,True,False,True,True,True
TCGCCGAAGTTGCGTC-1,1,45,37,7956,4551,15170.0,26520.0,32,32,0,0,1.0,0.0,0.0,Tumor,1.0,True,,positive,negative,negative,negative,Immune cells,0.4574185722303695,0.1390632262168687,0.5425814277696305,0.198457443919396,-0.0062136766063766,0.0985781447081756,1.0,189.3216,330.96959999999996,tumor_core,CTA_composition_plus_H&E_patch_feature_proxy,True,-7.2857029091228105,7.2857029091228105,True,True,False,False,True
TCGCCGACATATTCGC-1,1,66,86,11139,8825,29416.6666666667,37130.0,11,6,1,4,0.5454545454545454,0.0909090909090909,0.3636363636363636,Tumor,0.5454545454545454,True,,ambiguous,negative,ambiguous,negative,Immune cells,0.5330762406532326,0.1282784332596096,0.4669237593467673,0.2062788550323176,0.0177068057139753,0.0969231357260252,1.0,367.12,463.38239999999996,stroma_rich,CTA_composition_plus_H&E_patch_feature_proxy,True,0.0,0.0,True,False,True,True,True
TCGCTACTGGCTTTGA-1,1,65,73,10988,7692,25640.0,36626.6666666667,22,22,0,0,1.0,0.0,0.0,Tumor,1.0,True,,positive,negative,negative,negative,Immune cells,0.4788405482229826,0.1252577379136729,0.5211594517770173,0.2206398348813209,0.011449676823638,0.0754462408745174,1.0,319.9872,457.1008,tumor_core,CTA_composition_plus_H&E_patch_feature_proxy,True,-7.279999999999973,7.279999999999973,True,True,False,False,True
TCGCTCGGCACCAGCG-1,1,24,108,4767,10739,35796.6666666667,15890.0,24,24,0,0,1.0,0.0,0.0,Tumor,1.0,True,,positive,negative,negative,negative,Immune cells,0.5260912860065541,0.1491975300121463,0.4739087139934459,0.1652055836184889,0.0063874857422193,0.1542407216297825,1.0,446.7424,198.3072,tumor_core,CTA_composition_plus_H&E_patch_feature_proxy,True,-26.245347357579426,26.245347357579426,False,True,False,False,True
TCGCTGCCAATGCTGT-1,1,68,80,11443,8302,27673.3333333333,38143.3333333333,16,13,1,2,0.8125,0.0625,0.125,Tumor,0.8125,True,,positive,negative,negative,negative,Immune cells,0.4872847754060073,0.1318582936017935,0.5127152245939928,0.2239965238172831,0.0198902829829992,0.0931085884646256,1.0,345.3632,476.0288,tumor_core,CTA_composition_plus_H&E_patch_feature_proxy,True,-7.285702909122747,7.285702909122747,True,True,False,False,True
TCGGACGCCCAGCCCA-1,1,33,79,6134,8212,27373.3333333333,20446.6666666667,14,3,7,4,0.2142857142857142,0.5,0.2857142857142857,Immune cells,0.5,True,,ambiguous,ambiguous,ambiguous,ambiguous,Immune cells,0.6238408197997573,0.1492246820974566,0.3761591802002425,0.1434034001412199,0.01222095486394,0.1187019837174636,1.0,341.6192,255.1744,immune_enriched,CTA_composition_plus_H&E_patch_feature_proxy,True,12.604800000000012,12.604800000000012,False,False,False,False,True
TCGGCGAACCCAAACC-1,1,49,105,8559,10480,34933.3333333333,28530.0,26,26,0,0,1.0,0.0,0.0,Tumor,1.0,True,,positive,negative,negative,negative,Immune cells,0.4385747650860898,0.1328150559954073,0.5614252349139102,0.2225300092336103,0.0061376351094454,0.0901960784313725,1.0,435.96799999999996,356.0544,tumor_core,CTA_composition_plus_H&E_patch_feature_proxy,True,-7.238400000000013,7.238400000000013,True,True,False,False,True
TCGGCTTGTATCGACG-1,1,58,96,9925,9696,32320.0,33083.3333333333,17,17,0,0,1.0,0.0,0.0,Tumor,1.0,True,,positive,negative,negative,negative,Immune cells,0.5087284775406008,0.1220672216520797,0.4912715224593993,0.2072456683504427,0.0097984900331323,0.0828804036234376,1.0,403.3536,412.88,tumor_core,CTA_composition_plus_H&E_patch_feature_proxy,True,-19.226672140544757,19.226672140544757,False,True,False,False,True
TCGGGAACGTGCCTAG-1,1,31,109,5829,10827,36090.0,19430.0,29,28,1,0,0.9655172413793104,0.0344827586206896,0.0,Tumor,0.9655172413793104,True,,positive,negative,negative,negative,Immune cells,0.3809172052939366,0.1212659879191016,0.6190827947060634,0.2312096029547553,0.0058226060507305,0.0853877613423537,1.0,450.40319999999997,242.48639999999997,tumor_core,CTA_composition_plus_H&E_patch_feature_proxy,True,-62.89514166801755,62.89514166801755,False,True,False,False,True
TCGGGAGACAGCGTAC-1,1,59,71,10078,7517,25056.6666666667,33593.3333333333,22,20,2,0,0.9090909090909092,0.0909090909090909,0.0,Tumor,0.9090909090909092,True,,positive,negative,negative,negative,Immune cells,0.5197979468795829,0.1178791911998047,0.4802020531204172,0.2077779588289609,0.0111020585519526,0.0748920230860375,1.0,312.7072,419.2448,tumor_core,CTA_composition_plus_H&E_patch_feature_proxy,True,-7.28000000000003,7.28000000000003,True,True,False,False,True
TCGGGCCGTCGTGGTA-1,1,40,88,7195,8997,29990.0,23983.3333333333,25,25,0,0,1.0,0.0,0.0,Tumor,1.0,True,,positive,negative,negative,negative,Immune cells,0.4639400358481342,0.1270921999537199,0.5360599641518657,0.2045516267448807,0.0026940416055618,0.1220540457898559,1.0,374.2752,299.312,tumor_core,CTA_composition_plus_H&E_patch_feature_proxy,True,-36.41311946428099,36.41311946428099,False,True,False,False,True
TCGTACCGACGTCAAG-1,1,68,56,11444,6210,20700.0,38146.6666666667,23,23,0,0,1.0,0.0,0.0,Tumor,1.0,True,,positive,negative,negative,negative,Immune cells,0.5253598392265494,0.1149119789244262,0.4746401607734506,0.2090489381348107,0.0202922166096355,0.0863165539120131,1.0,258.336,476.0704,tumor_core,CTA_composition_plus_H&E_patch_feature_proxy,True,-12.564646274368396,12.564646274368396,False,True,False,False,True
TCGTCAAGTACGCGCA-1,1,56,38,9625,4639,15463.3333333333,32083.3333333333,22,22,0,0,1.0,0.0,0.0,Tumor,1.0,True,,positive,negative,negative,negative,Immune cells,0.4744808357322614,0.1238949501506394,0.5255191642677385,0.216142523491391,0.0063440334582586,0.0933532087298857,1.0,192.98239999999998,400.4,tumor_core,CTA_composition_plus_H&E_patch_feature_proxy,True,-14.518400000000014,14.518400000000014,False,True,False,False,True
TCGTCTTAGGCGTTAA-1,1,53,83,9167,8562,28540.0,30556.6666666667,32,32,0,0,1.0,0.0,0.0,Tumor,1.0,True,,positive,negative,negative,negative,Immune cells,0.4814513062842865,0.1226193668100022,0.5185486937157134,0.2130791374721634,0.0077019173320297,0.0902839888392003,1.0,356.1792,381.3472,tumor_core,CTA_composition_plus_H&E_patch_feature_proxy,True,-7.249628073218664,7.249628073218664,True,True,False,False,True
TCGTGTTCGACCACAA-1,1,57,105,9773,10481,34936.6666666667,32576.6666666667,28,28,0,0,1.0,0.0,0.0,Tumor,1.0,True,,positive,negative,negative,negative,Immune cells,0.4844024405699491,0.1240176555594488,0.5155975594300509,0.2238661669654011,0.0160447558524794,0.0851202079272254,1.0,436.0096,406.5568,tumor_core,CTA_composition_plus_H&E_patch_feature_proxy,True,-12.600611845462108,12.600611845462108,False,True,False,False,True
TCGTTAGGAGTCCCTA-1,1,52,54,9017,6034,20113.3333333333,30056.6666666667,15,11,3,1,0.7333333333333333,0.2,0.0666666666666666,Tumor,0.7333333333333333,True,,positive,negative,negative,negative,Immune cells,0.4799884127242771,0.1224763506548057,0.5200115872757228,0.2136114279506816,0.0119167888762153,0.094541910331384,1.0,251.0144,375.1072,tumor_core,CTA_composition_plus_H&E_patch_feature_proxy,True,-14.518400000000014,14.518400000000014,False,True,False,False,True
TCGTTGCTATCCGGTC-1,1,54,46,9321,5337,17790.0,31070.0,23,20,3,0,0.8695652173913043,0.1304347826086956,0.0,Tumor,0.8695652173913043,True,,positive,negative,negative,negative,Immune cells,0.5223869787989065,0.1161878398345805,0.4776130212010935,0.1978273858019662,0.0114170876106675,0.0995069372778351,1.0,222.01919999999998,387.7536,tumor_core,CTA_composition_plus_H&E_patch_feature_proxy,True,-7.285702909122762,7.285702909122762,True,True,False,False,True
TCGTTTACGCGACCCT-1,1,70,94,11746,9523,31743.3333333333,39153.3333333333,16,9,7,0,0.5625,0.4375,0.0,Tumor,0.5625,True,,ambiguous,ambiguous,negative,ambiguous,Immune cells,0.6861441529520396,0.1542917877889916,0.3138558470479604,0.1284449513877573,0.0183151376894248,0.1082330008026602,1.0,396.1568,488.6336,immune_enriched,CTA_composition_plus_H&E_patch_feature_proxy,True,7.249628073218616,7.249628073218616,True,False,False,False,True
TCTAATACTGCCTCAG-1,1,57,25,9777,3506,11686.6666666667,32590.0,7,1,1,5,0.1428571428571428,0.1428571428571428,0.7142857142857143,Stroma,0.7142857142857143,True,,negative,negative,positive,negative,Immune cells,0.8061629822750891,0.0937484236255922,0.1938370177249107,0.0611373635326706,0.0091901580576829,0.0610595115239078,1.0,145.84959999999998,406.72319999999996,stroma_rich,CTA_composition_plus_H&E_patch_feature_proxy,True,7.285702909122762,7.285702909122762,True,False,True,False,True
TCTACCCAATAGAGAG-1,1,56,106,9621,10568,35226.6666666667,32070.0,21,16,2,3,0.7619047619047619,0.0952380952380952,0.1428571428571428,Tumor,0.7619047619047619,True,,positive,negative,negative,negative,Immune cells,0.5027393044013543,0.1213068912936269,0.4972606955986458,0.2155124653739612,0.0140350877192982,0.0796506516836754,1.0,439.62879999999996,400.23359999999997,tumor_core,CTA_composition_plus_H&E_patch_feature_proxy,True,-12.564646274368474,12.564646274368474,False,True,False,False,True
TCTACGGGCTCAGTTG-1,1,16,122,3552,11959,39863.3333333333,11840.0,13,10,0,3,0.7692307692307693,0.0,0.2307692307692307,Tumor,0.7692307692307693,True,,positive,negative,ambiguous,negative,Immune cells,0.6196404323502254,0.1800427409603466,0.3803595676497746,0.1271956982238878,0.0043452283960675,0.1426250812215724,1.0,497.4944,147.76319999999998,tumor_core,CTA_composition_plus_H&E_patch_feature_proxy,True,-12.564646274368396,12.564646274368396,False,True,False,False,True
TCTAGCAATCTCCGCC-1,1,46,30,8108,3941,13136.6666666667,27026.6666666667,34,29,5,0,0.8529411764705882,0.1470588235294117,0.0,Tumor,0.8529411764705882,True,,positive,negative,negative,negative,Immune cells,0.732355656944218,0.152507602924814,0.2676443430557818,0.0814947585682472,-0.0032915105100211,0.0605855597599663,1.0,163.94559999999998,337.2928,tumor_core,CTA_composition_plus_H&E_patch_feature_proxy,True,-7.249628073218664,7.249628073218664,True,True,False,False,True
TCTAGCATGCCCAGAA-1,1,48,66,8410,7080,23600.0,28033.3333333333,20,14,5,1,0.7,0.25,0.05,Tumor,0.7,True,,positive,ambiguous,negative,ambiguous,Immune cells,0.4929299512972316,0.1186363071126763,0.5070700487027683,0.2068654608657867,0.0083862908044104,0.1053854680273669,1.0,294.52799999999996,349.856,tumor_core,CTA_composition_plus_H&E_patch_feature_proxy,True,-19.226672140544757,19.226672140544757,False,True,False,False,True
TCTAGGTGGCGACGCT-1,1,29,99,5526,9955,33183.3333333333,18420.0,21,21,0,0,1.0,0.0,0.0,Tumor,1.0,True,,positive,negative,negative,negative,Immune cells,0.4165444571180273,0.127338644932721,0.5834555428819727,0.2294606485253381,0.0158600836456466,0.1013721668004433,1.0,414.128,229.8816,tumor_core,CTA_composition_plus_H&E_patch_feature_proxy,True,-44.156905862616796,44.156905862616796,False,True,False,False,True
TCTAGTGATATCGTGG-1,1,44,98,7801,9869,32896.6666666667,26003.3333333333,29,28,1,0,0.9655172413793104,0.0344827586206896,0.0,Tumor,0.9655172413793104,True,,positive,negative,negative,negative,Immune cells,0.4166168775912951,0.1269640119358687,0.5833831224087049,0.2276682418119602,0.0079626310357938,0.0971371784581278,1.0,410.55039999999997,324.5216,tumor_core,CTA_composition_plus_H&E_patch_feature_proxy,True,-26.15194513301069,26.15194513301069,False,True,False,False,True
TCTAGTTATCAGAAGA-1,1,34,54,6287,6032,20106.6666666667,20956.6666666667,22,5,14,3,0.2272727272727272,0.6363636363636364,0.1363636363636363,Immune cells,0.6363636363636364,True,,ambiguous,positive,negative,positive,Immune cells,0.5834374377636556,0.108640447604882,0.4165625622363442,0.1568627450980392,0.0077345065450002,0.0832358674463937,1.0,250.9312,261.5392,immune_enriched,CTA_composition_plus_H&E_patch_feature_proxy,True,7.285702909122786,7.285702909122786,True,False,False,False,True
TCTATAGGTGGGTAAT-1,1,65,109,10986,10830,36100.0,36620.0,12,6,2,4,0.5,0.1666666666666666,0.3333333333333333,Tumor,0.5,True,,ambiguous,negative,ambiguous,negative,Immune cells,0.6539387684898521,0.1670461403984113,0.3460612315101479,0.1352886861115637,0.0134376188148389,0.1151358789129687,1.0,450.52799999999996,457.01759999999996,mixed_boundary,CTA_composition_plus_H&E_patch_feature_proxy,True,0.0,0.0,True,False,True,True,True
TCTATGCTATAACGAC-1,1,64,94,10835,9522,31740.0,36116.6666666667,17,16,0,1,0.9411764705882352,0.0,0.0588235294117647,Tumor,0.9411764705882352,True,,positive,negative,negative,negative,Immune cells,0.5105317473249689,0.1207355479314158,0.4894682526750312,0.2045407636738906,0.0077562326869806,0.093238542980545,1.0,396.11519999999996,450.736,tumor_core,CTA_composition_plus_H&E_patch_feature_proxy,True,-12.564646274368396,12.564646274368396,False,True,False,False,True
TCTCAAATCAATCGGG-1,1,71,89,11897,9087,30290.0,39656.6666666667,18,18,0,0,1.0,0.0,0.0,Tumor,1.0,True,,positive,negative,negative,negative,Immune cells,0.7087755508482249,0.1512391336176854,0.2912244491517751,0.1431100972244853,0.036206615610233,0.0618621717692925,1.0,378.01919999999996,494.91519999999997,tumor_core,CTA_composition_plus_H&E_patch_feature_proxy,True,-14.518400000000042,14.518400000000042,False,True,False,False,True
TCTCATGAGATAGGGT-1,1,49,87,8560,8911,29703.3333333333,28533.3333333333,18,17,0,1,0.9444444444444444,0.0,0.0555555555555555,Tumor,0.9444444444444444,True,,positive,negative,negative,negative,Immune cells,0.4859884489345138,0.1301497885740355,0.5140115510654862,0.2216175112704361,0.0208788224431046,0.1105530711309865,1.0,370.69759999999997,356.096,tumor_core,CTA_composition_plus_H&E_patch_feature_proxy,True,-7.279999999999973,7.279999999999973,True,True,False,False,True
TCTCCACAAGTTGAAT-1,1,61,93,10380,9435,31450.0,34600.0,14,6,6,2,0.4285714285714285,0.4285714285714285,0.1428571428571428,Tumor,0.4285714285714285,True,,ambiguous,ambiguous,negative,ambiguous,Immune cells,0.4776528524613908,0.1297499060786101,0.5223471475386091,0.2102221498017489,0.0034435935038835,0.0808278867102396,1.0,392.496,431.808,immune_enriched,CTA_composition_plus_H&E_patch_feature_proxy,True,7.279999999999973,7.279999999999973,True,False,False,False,True
TCTCCCTGGGCAGCGT-1,1,54,80,9319,8301,27670.0,31063.3333333333,28,28,0,0,1.0,0.0,0.0,Tumor,1.0,True,,positive,negative,negative,negative,Immune cells,0.4648416707403183,0.1266774497688177,0.5351583292596817,0.2183151376894248,0.0070175438596491,0.0900049688491381,1.0,345.3216,387.6704,tumor_core,CTA_composition_plus_H&E_patch_feature_proxy,True,-14.535316219470442,14.535316219470442,False,True,False,False,True
TCTCGACGTATCGCCG-1,1,45,113,7952,11177,37256.6666666667,26506.6666666667,21,13,3,5,0.6190476190476191,0.1428571428571428,0.238095238095238,Tumor,0.6190476190476191,True,,positive,negative,ambiguous,negative,Immune cells,0.4239965238172831,0.1268076491846285,0.5760034761827169,0.2434522839606757,0.0199989136929009,0.0790238122539464,1.0,464.9632,330.8032,mixed_boundary,CTA_composition_plus_H&E_patch_feature_proxy,True,0.0,0.0,True,False,True,True,True
TCTCGAGGAGGTTCGC-1,1,52,112,9014,11090,36966.6666666667,30046.6666666667,7,0,0,7,0.0,0.0,1.0,Stroma,1.0,True,,negative,negative,positive,negative,Immune cells,0.4820523962124092,0.1273109586528941,0.5179476037875907,0.221096083862908,0.0175004073651621,0.0891182203875702,1.0,461.344,374.9824,stroma_rich,CTA_composition_plus_H&E_patch_feature_proxy,True,0.0,0.0,True,False,True,True,True
TCTCTCGCCGCACATA-1,1,55,115,9469,11352,37840.0,31563.3333333333,26,26,0,0,1.0,0.0,0.0,Tumor,1.0,True,,positive,negative,negative,negative,Immune cells,0.5335035214455126,0.1197467984686581,0.4664964785544873,0.208875128998968,0.0243550051599587,0.088284982609028,1.0,472.2432,393.9104,tumor_core,CTA_composition_plus_H&E_patch_feature_proxy,True,-7.279999999999973,7.279999999999973,True,True,False,False,True
TCTCTTACCGCGAACC-1,1,65,43,10990,5076,16920.0,36633.3333333333,19,16,2,1,0.8421052631578947,0.1052631578947368,0.0526315789473684,Tumor,0.8421052631578947,True,,positive,negative,negative,negative,Immune cells,0.5184219578874948,0.1206833174640603,0.4815780421125052,0.1946770952148172,0.0053229047851827,0.0892825746282918,1.0,211.1616,457.18399999999997,tumor_core,CTA_composition_plus_H&E_patch_feature_proxy,True,-7.238400000000013,7.238400000000013,True,True,False,False,True
TCTGAACTCGTACCCG-1,1,47,95,8256,9608,32026.6666666667,27520.0,31,27,4,0,0.8709677419354839,0.1290322580645161,0.0,Tumor,0.8709677419354839,True,,positive,negative,negative,negative,Immune cells,0.4857929136566907,0.1198872211449887,0.5142070863433092,0.2127423822714681,0.0085600999402531,0.0887245346481672,1.0,399.6928,343.4496,tumor_core,CTA_composition_plus_H&E_patch_feature_proxy,True,-19.253970279399528,19.253970279399528,False,True,False,False,True
TCTGAAGCACGTGGTC-1,1,56,84,9622,8650,28833.3333333333,32073.3333333333,34,34,0,0,1.0,0.0,0.0,Tumor,1.0,True,,positive,negative,negative,negative,Immune cells,0.450444480654681,0.1231806703968383,0.549555519345319,0.2205094780294389,4.345228396067492e-05,0.0956388793334097,1.0,359.84,400.2752,tumor_core,CTA_composition_plus_H&E_patch_feature_proxy,True,-12.600611845462108,12.600611845462108,False,True,False,False,True
TCTGAATTCCGTACAA-1,1,34,94,6284,9519,31730.0,20946.6666666667,24,24,0,0,1.0,0.0,0.0,Tumor,1.0,True,,positive,negative,negative,negative,Immune cells,0.4258649720275922,0.1228932385868506,0.5741350279724078,0.2126989299875074,-0.0059638259736027,0.1029469097580552,1.0,395.99039999999997,261.4144,tumor_core,CTA_composition_plus_H&E_patch_feature_proxy,True,-25.144369733202705,25.144369733202705,False,True,False,False,True
TCTGACGGGCTAACCC-1,1,28,120,5373,11786,39286.6666666667,17910.0,25,25,0,0,1.0,0.0,0.0,Tumor,1.0,True,,positive,negative,negative,negative,Immune cells,0.4326724965147647,0.1294435268585232,0.5673275034852353,0.2321872793438704,0.0189886480908152,0.0854909605167603,1.0,490.2976,223.5168,tumor_core,CTA_composition_plus_H&E_patch_feature_proxy,True,-19.222621340493575,19.222621340493575,False,True,False,False,True
TCTGACTGTAATGGTT-1,1,6,14,2041,2542,8473.33333333333,6803.33333333333,0,0,0,0,0.0,0.0,0.0,unmapped,0.0,False,no_CTA_object_captured,excluded,excluded,excluded,excluded,Immune cells,0.8634874078902106,0.0137396802493945,0.1365125921097894,0.030101569713758,0.014730324262669,0.0039941902687,1.0,105.74719999999999,84.90559999999999,unmapped_or_excluded,CTA_composition_plus_H&E_patch_feature_proxy,True,181.96281768757046,181.96281768757046,False,False,False,False,True
TCTGAGCAATTGACTG-1,1,54,112,9317,11091,36970.0,31056.6666666667,12,5,7,0,0.4166666666666667,0.5833333333333334,0.0,Immune cells,0.5833333333333334,True,,ambiguous,ambiguous,negative,ambiguous,Immune cells,0.4927814893270327,0.127749811528145,0.5072185106729672,0.2146760089077182,0.0184237683993264,0.0887360012231013,1.0,461.38559999999995,387.5872,immune_enriched,CTA_composition_plus_H&E_patch_feature_proxy,True,12.60486864667777,12.60486864667777,False,False,False,False,True
TCTGATCGGGTGCTAG-1,1,34,118,6283,11612,38706.6666666667,20943.3333333333,19,19,0,0,1.0,0.0,0.0,Tumor,1.0,True,,positive,negative,negative,negative,Immune cells,0.3949197038002643,0.1263942014454847,0.6050802961997357,0.2449405246863288,0.0200423659768616,0.0810725069754997,1.0,483.0592,261.3728,tumor_core,CTA_composition_plus_H&E_patch_feature_proxy,True,-33.25466635767078,33.25466635767078,False,True,False,False,True
TCTGATGTATTCTGTC-1,1,51,83,8864,8562,28540.0,29546.6666666667,36,36,0,0,1.0,0.0,0.0,Tumor,1.0,True,,positive,negative,negative,negative,Immune cells,0.460518168486231,0.1200676610387826,0.5394818315137689,0.2165227309760469,0.0039215686274509,0.083847418109544,1.0,356.1792,368.7424,tumor_core,CTA_composition_plus_H&E_patch_feature_proxy,True,-7.285702909122747,7.285702909122747,True,True,False,False,True
TCTGATTGGAAATGGA-1,1,35,123,6435,12048,40160.0,21450.0,20,17,0,3,0.85,0.0,0.15,Tumor,0.85,True,,positive,negative,negative,negative,Immune cells,0.4853149385331233,0.136121349229834,0.5146850614668766,0.2134484818858291,0.0199011460539894,0.0934220081794901,1.0,501.1968,267.69599999999997,tumor_core,CTA_composition_plus_H&E_patch_feature_proxy,True,-14.518459598731525,14.518459598731525,False,True,False,False,True
TCTGCACCATTAGTAA-1,1,25,127,4917,12396,41320.0,16390.0,23,23,0,0,1.0,0.0,0.0,Tumor,1.0,True,,positive,negative,negative,negative,Immune cells,0.4386833957959915,0.1314681901407586,0.5613166042040084,0.2185541252512085,0.0224322415946988,0.0896686159844054,1.0,515.6736,204.5472,tumor_core,CTA_composition_plus_H&E_patch_feature_proxy,True,-12.600611845462108,12.600611845462108,False,True,False,False,True
TCTGCATACCTTGCTT-1,1,61,99,10380,9958,33193.3333333333,34600.0,11,10,1,0,0.9090909090909092,0.0909090909090909,0.0,Tumor,0.9090909090909092,True,,positive,negative,negative,negative,Immune cells,0.527959734216863,0.1229812353942195,0.4720402657831369,0.1990005974689044,0.0100048883819455,0.0795742078507816,1.0,414.2528,431.808,tumor_core,CTA_composition_plus_H&E_patch_feature_proxy,True,-7.285702909122747,7.285702909122747,True,True,False,False,True
TCTGCCAGAAACTGCA-1,1,41,79,7347,8212,27373.3333333333,24490.0,27,27,0,0,1.0,0.0,0.0,Tumor,1.0,True,,positive,negative,negative,negative,Immune cells,0.4537323701410388,0.120627470160672,0.5462676298589612,0.2175004073651621,0.0105589050024441,0.0951955051026258,1.0,341.6192,305.6352,tumor_core,CTA_composition_plus_H&E_patch_feature_proxy,True,-25.16524943647488,25.16524943647488,False,True,False,False,True
TCTGCGAATCGTTCGC-1,1,17,123,3704,12046,40153.3333333333,12346.6666666667,35,35,0,0,1.0,0.0,0.0,Tumor,1.0,True,,positive,negative,negative,negative,Immune cells,0.4828055691343942,0.1595879085789858,0.5171944308656057,0.1858454184998099,0.0107653033512574,0.1200473951763941,1.0,501.11359999999996,154.0864,tumor_core,CTA_composition_plus_H&E_patch_feature_proxy,True,-14.571405818245546,14.571405818245546,False,True,False,False,True
TCTGCTTAGAACAAGC-1,1,50,126,8710,12311,41036.6666666667,29033.3333333333,31,31,0,0,1.0,0.0,0.0,Tumor,1.0,True,,positive,negative,negative,negative,Immune cells,0.5073054152408886,0.1296184034040152,0.4926945847591114,0.1860952691325837,0.0162946064852533,0.1271604938271605,1.0,512.1376,362.33599999999996,tumor_core,CTA_composition_plus_H&E_patch_feature_proxy,True,-31.633100638413627,31.633100638413627,False,True,False,False,True
TCTGGAGCGTAAGAGT-1,1,38,126,6889,12310,41033.3333333333,22963.3333333333,31,31,0,0,1.0,0.0,0.0,Tumor,1.0,True,,positive,negative,negative,negative,Immune cells,0.478659497039813,0.1219650284743183,0.5213405029601869,0.2081255771006463,0.021291619140731,0.0859037572143867,1.0,512.096,286.5824,tumor_core,CTA_composition_plus_H&E_patch_feature_proxy,True,-19.270905340434833,19.270905340434833,False,True,False,False,True
TCTGGCCGTTCAAGTT-1,1,36,122,6586,11961,39870.0,21953.3333333333,30,30,0,0,1.0,0.0,0.0,Tumor,1.0,True,,positive,negative,negative,negative,Immune cells,0.4727789546104683,0.1409052885029256,0.5272210453895315,0.2291456194666232,0.0239965238172831,0.0966173603944501,1.0,497.57759999999996,273.9776,tumor_core,CTA_composition_plus_H&E_patch_feature_proxy,True,-19.2082115773437,19.2082115773437,False,True,False,False,True
TCTGGGAACCTTTGAA-1,1,40,98,7194,9869,32896.6666666667,23980.0,31,30,1,0,0.967741935483871,0.032258064516129,0.0,Tumor,0.967741935483871,True,,positive,negative,negative,negative,Immune cells,0.3916137091955896,0.127178526039998,0.6083862908044104,0.2275813372440389,0.0017598175004073,0.0879906738523869,1.0,410.55039999999997,299.2704,tumor_core,CTA_composition_plus_H&E_patch_feature_proxy,True,-31.65770932964041,31.65770932964041,False,True,False,False,True
TCTGGGTAGCGCTCAT-1,1,40,36,7198,4463,14876.6666666667,23993.3333333333,28,28,0,0,1.0,0.0,0.0,Tumor,1.0,True,,positive,negative,negative,negative,Immune cells,0.4285445295385005,0.1174438516726838,0.5714554704614994,0.212927054478301,-0.0011297593829775,0.1003745747811795,1.0,185.6608,299.4368,tumor_core,CTA_composition_plus_H&E_patch_feature_proxy,True,-14.518399999999986,14.518399999999986,False,True,False,False,True
TCTGTTACCCAGCATA-1,1,51,35,8866,4377,14590.0,29553.3333333333,17,15,1,1,0.8823529411764706,0.0588235294117647,0.0588235294117647,Tumor,0.8823529411764706,True,,positive,negative,negative,negative,Immune cells,0.4619774410225771,0.1261253513880128,0.5380225589774229,0.2056922491988485,-0.000325892129705,0.1052058250200664,1.0,182.0832,368.8256,tumor_core,CTA_composition_plus_H&E_patch_feature_proxy,True,-12.600611845462083,12.600611845462083,False,True,False,False,True
TCTTACTTATGCCTCT-1,1,45,93,7953,9433,31443.3333333333,26510.0,24,24,0,0,1.0,0.0,0.0,Tumor,1.0,True,,positive,negative,negative,negative,Immune cells,0.4492857530823963,0.1175672341441311,0.5507142469176035,0.2178914779208082,0.0009124979631741,0.091640866873065,1.0,392.4128,330.84479999999996,tumor_core,CTA_composition_plus_H&E_patch_feature_proxy,True,-33.358557282952155,33.358557282952155,False,True,False,False,True
TCTTAGAGCTCCAATT-1,1,40,108,7194,10741,35803.3333333333,23980.0,31,31,0,0,1.0,0.0,0.0,Tumor,1.0,True,,positive,negative,negative,negative,Immune cells,0.3956583926275958,0.1232674331160354,0.604341607372404,0.2371625658573679,0.0078214111129216,0.0880938730267935,1.0,446.82559999999995,299.2704,tumor_core,CTA_composition_plus_H&E_patch_feature_proxy,True,-21.841743168529355,21.841743168529355,False,True,False,False,True
TCTTAGAGTGAACTCT-1,1,43,99,7649,9956,33186.6666666667,25496.6666666667,34,34,0,0,1.0,0.0,0.0,Tumor,1.0,True,,positive,negative,negative,negative,Immune cells,0.4013687469447612,0.1252779641758606,0.5986312530552386,0.231383412090598,0.0089294443539188,0.0840614608416465,1.0,414.1696,318.1984,tumor_core,CTA_composition_plus_H&E_patch_feature_proxy,True,-21.7568,21.7568,False,True,False,False,True
TCTTCCCATGGGCACA-1,1,32,96,5981,9694,32313.3333333333,19936.6666666667,27,27,0,0,1.0,0.0,0.0,Tumor,1.0,True,,positive,negative,negative,negative,Immune cells,0.3954447522314558,0.1198443395133483,0.6045552477685442,0.2197164738471566,-0.0056922491988485,0.0924549936933837,1.0,403.2704,248.8096,tumor_core,CTA_composition_plus_H&E_patch_feature_proxy,True,-29.036800000000028,29.036800000000028,False,True,False,False,True
TCTTCGAATAGACGTT-1,1,39,71,7044,7515,25050.0,23480.0,33,27,5,1,0.8181818181818182,0.1515151515151515,0.0303030303030303,Tumor,0.8181818181818182,True,,positive,negative,negative,negative,Immune cells,0.4596273966650371,0.1103960753180325,0.5403726033349627,0.2034435935038835,-0.0002933029167345,0.0978672170622635,1.0,312.62399999999997,293.0304,tumor_core,CTA_composition_plus_H&E_patch_feature_proxy,True,-26.186530888989477,26.186530888989477,False,True,False,False,True
TCTTCGATACCAATAA-1,1,32,66,5983,7078,23593.3333333333,19943.3333333333,11,0,1,10,0.0,0.0909090909090909,0.9090909090909092,Stroma,0.9090909090909092,True,,negative,negative,positive,negative,Immune cells,0.6569659442724458,0.1565449499307148,0.3430340557275542,0.1816957253815653,0.066177828472109,0.137258724152429,1.0,294.4448,248.8928,stroma_rich,CTA_composition_plus_H&E_patch_feature_proxy,True,7.24962807321864,7.24962807321864,True,False,True,False,True
TCTTCGCGGTGAGAGG-1,1,60,116,10227,11440,38133.3333333333,34090.0,14,0,10,4,0.0,0.7142857142857143,0.2857142857142857,Immune cells,0.7142857142857143,True,,negative,positive,ambiguous,positive,Immune cells,0.6524613908351891,0.1644205459338824,0.3475386091648109,0.148107109879963,0.0238987561783716,0.1012957229675496,1.0,475.904,425.4432,immune_enriched,CTA_composition_plus_H&E_patch_feature_proxy,True,7.285702909122775,7.285702909122775,True,False,False,False,True
TCTTCTATAACCCGCC-1,1,45,107,7952,10654,35513.3333333333,26506.6666666667,32,32,0,0,1.0,0.0,0.0,Tumor,1.0,True,,positive,negative,negative,negative,Immune cells,0.4358083030072601,0.1321669148052313,0.5641916969927399,0.2223779262397479,0.0061593612514257,0.0875205442800902,1.0,443.2064,330.8032,tumor_core,CTA_composition_plus_H&E_patch_feature_proxy,True,-14.556077185835472,14.556077185835472,False,True,False,False,True
TCTTGCTCCCGATACT-1,1,65,67,10988,7168,23893.3333333333,36626.6666666667,25,23,2,0,0.92,0.08,0.0,Tumor,0.92,True,,positive,negative,negative,negative,Immune cells,0.5168395705465936,0.1170338142430406,0.4831604294534065,0.2131551789690945,0.0155559176579218,0.0860146007720827,1.0,298.1888,457.1008,tumor_core,CTA_composition_plus_H&E_patch_feature_proxy,True,-14.518399999999986,14.518399999999986,False,True,False,False,True
TCTTTAAGACTATGAA-1,1,34,98,6284,9868,32893.3333333333,20946.6666666667,28,25,3,0,0.8928571428571429,0.1071428571428571,0.0,Tumor,0.8928571428571429,True,,positive,negative,negative,negative,Immune cells,0.4063114442452881,0.1228627835408405,0.5936885557547118,0.2140894030742491,-0.0054967139210254,0.1065435920957076,1.0,410.5088,261.4144,tumor_core,CTA_composition_plus_H&E_patch_feature_proxy,True,-38.40274883494674,38.40274883494674,False,True,False,False,True
TCTTTAGAGTCTAACA-1,1,50,114,8710,11265,37550.0,29033.3333333333,22,22,0,0,1.0,0.0,0.0,Tumor,1.0,True,,positive,negative,negative,negative,Immune cells,0.5037894012637373,0.1259841454527282,0.4962105987362628,0.2075498343381674,0.0155450545869317,0.088395826166724,1.0,468.62399999999997,362.33599999999996,tumor_core,CTA_composition_plus_H&E_patch_feature_proxy,True,-7.270485210768231,7.270485210768231,True,True,False,False,True
TCTTTAGCAGGCGAAC-1,1,34,116,6283,11437,38123.3333333333,20943.3333333333,23,23,0,0,1.0,0.0,0.0,Tumor,1.0,True,,positive,negative,negative,negative,Immune cells,0.3955063096337335,0.1275705962638912,0.6044936903662665,0.2458421595785128,0.0230622997121286,0.0843099032985513,1.0,475.7792,261.3728,tumor_core,CTA_composition_plus_H&E_patch_feature_proxy,True,-40.42700328443847,40.42700328443847,False,True,False,False,True
TCTTTCCTTCGAGATA-1,1,58,120,9924,11788,39293.3333333333,33080.0,19,9,9,1,0.4736842105263157,0.4736842105263157,0.0526315789473684,Tumor,0.4736842105263157,True,,ambiguous,ambiguous,negative,ambiguous,Immune cells,0.6465736063585176,0.1379556136528363,0.3534263936414824,0.1358644288740426,0.0138612785834555,0.1593471696670871,1.0,490.38079999999997,412.8384,immune_enriched,CTA_composition_plus_H&E_patch_feature_proxy,True,7.238400000000013,7.238400000000013,True,False,False,False,True
TGAAAGGACCTGACTC-1,1,35,83,6437,8561,28536.6666666667,21456.6666666667,29,29,0,0,1.0,0.0,0.0,Tumor,1.0,True,,positive,negative,negative,negative,Immune cells,0.4604602321076168,0.1186982143721852,0.5395397678923831,0.2112975938297757,0.0089294443539188,0.089366662844475,1.0,356.13759999999996,267.7792,tumor_core,CTA_composition_plus_H&E_patch_feature_proxy,True,-14.518399999999986,14.518399999999986,False,True,False,False,True
TGAACAAGCAGGGACT-1,1,66,36,11142,4466,14886.6666666667,37140.0,17,12,2,3,0.7058823529411765,0.1176470588235294,0.1764705882352941,Tumor,0.7058823529411765,True,,positive,negative,negative,negative,Immune cells,0.5049952021436461,0.1180186874641848,0.495004797856354,0.1933735266959969,-0.0013035685188202,0.1161411153155219,1.0,185.7856,463.50719999999995,tumor_core,CTA_composition_plus_H&E_patch_feature_proxy,True,-7.238399999999984,7.238399999999984,True,True,False,False,True
TGAATACCGACGCGTA-1,1,66,82,11139,8476,28253.3333333333,37130.0,25,25,0,0,1.0,0.0,0.0,Tumor,1.0,True,,positive,negative,negative,negative,Immune cells,0.4969239403979505,0.1238727397177336,0.5030760596020495,0.2185323991092281,0.0157188637227744,0.0826701830829797,1.0,352.60159999999996,463.38239999999996,tumor_core,CTA_composition_plus_H&E_patch_feature_proxy,True,-7.28000000000003,7.28000000000003,True,True,False,False,True
TGAATGAGATACAGCA-1,1,17,125,3704,12220,40733.3333333333,12346.6666666667,33,33,0,0,1.0,0.0,0.0,Tumor,1.0,True,,positive,negative,negative,negative,Immune cells,0.4771966034798037,0.143895013351916,0.5228033965201963,0.1983270870675139,0.0175981750040736,0.1095172571952757,1.0,508.352,154.0864,tumor_core,CTA_composition_plus_H&E_patch_feature_proxy,True,-12.6464,12.6464,False,True,False,False,True
TGAATGAGTGTTTCCC-1,1,66,50,11141,5686,18953.3333333333,37136.6666666667,24,24,0,0,1.0,0.0,0.0,Tumor,1.0,True,,positive,negative,negative,negative,Immune cells,0.4549454130682744,0.1243892070311622,0.5450545869317256,0.2347509640975504,0.0176742165010048,0.0899629247410465,1.0,236.5376,463.4656,tumor_core,CTA_composition_plus_H&E_patch_feature_proxy,True,-12.604800000000012,12.604800000000012,False,True,False,False,True
TGAATGTCAGCCGGCC-1,1,47,109,8256,10828,36093.3333333333,27520.0,35,33,0,2,0.9428571428571428,0.0,0.0571428571428571,Tumor,0.9428571428571428,True,,positive,negative,negative,negative,Immune cells,0.4527438306809335,0.1232255190120447,0.5472561693190665,0.2219434034001412,0.0075172451251968,0.0858005580399801,1.0,450.4448,343.4496,tumor_core,CTA_composition_plus_H&E_patch_feature_proxy,True,-14.535316219470442,14.535316219470442,False,True,False,False,True
TGACAACGCATGTCGC-1,1,40,124,7193,12135,40450.0,23976.6666666667,25,25,0,0,1.0,0.0,0.0,Tumor,1.0,True,,positive,negative,negative,negative,Immune cells,0.4062426447956838,0.1302696608607846,0.5937573552043163,0.2357395035576557,0.0196621584922057,0.068998203569927,1.0,504.816,299.2288,tumor_core,CTA_composition_plus_H&E_patch_feature_proxy,True,-21.8210142239081,21.8210142239081,False,True,False,False,True
TGACATCGAGCGGACC-1,1,35,101,6436,10130,33766.6666666667,21453.3333333333,24,24,0,0,1.0,0.0,0.0,Tumor,1.0,True,,positive,negative,negative,negative,Immune cells,0.4066337153513298,0.1236888777812335,0.5933662846486701,0.2177176687849655,-0.0014665145836728,0.0916752665978672,1.0,421.40799999999996,267.7376,tumor_core,CTA_composition_plus_H&E_patch_feature_proxy,True,-50.8300422915425,50.8300422915425,False,True,False,False,True
TGACATGTAACGTGAC-1,1,69,63,11595,6820,22733.3333333333,38650.0,18,9,5,4,0.5,0.2777777777777778,0.2222222222222222,Tumor,0.5,True,,ambiguous,ambiguous,ambiguous,ambiguous,Immune cells,0.5194611916788876,0.1212133786352593,0.4805388083211124,0.2016403237195154,0.0157840421487154,0.0912930474333983,1.0,283.712,482.352,mixed_boundary,CTA_composition_plus_H&E_patch_feature_proxy,True,0.0,0.0,True,False,True,True,True
TGACCAAATCTTAAAC-1,1,66,62,11140,6733,22443.3333333333,37133.3333333333,9,3,3,3,0.3333333333333333,0.3333333333333333,0.3333333333333333,Tumor,0.3333333333333333,True,,ambiguous,ambiguous,ambiguous,ambiguous,Immune cells,0.5380949794506907,0.1121924103108706,0.4619050205493092,0.1969040247678019,0.0144913367008853,0.0771815158812062,1.0,280.0928,463.424,immune_enriched,CTA_composition_plus_H&E_patch_feature_proxy,True,7.285702909122747,7.285702909122747,True,False,False,False,True
TGACCCACGTTAGACA-1,1,33,47,6135,5422,18073.3333333333,20450.0,21,17,2,2,0.8095238095238095,0.0952380952380952,0.0952380952380952,Tumor,0.8095238095238095,True,,positive,negative,negative,negative,Immune cells,0.4943566346206072,0.1210331120670143,0.5056433653793928,0.2118516104502742,0.0269295529846287,0.0783167067996789,1.0,225.55519999999999,255.21599999999998,tumor_core,CTA_composition_plus_H&E_patch_feature_proxy,True,-7.270485210768256,7.270485210768256,True,True,False,False,True
TGACGATGCACTAGAA-1,1,37,95,6739,9607,32023.3333333333,22463.3333333333,26,26,0,0,1.0,0.0,0.0,Tumor,1.0,True,,positive,negative,negative,negative,Immune cells,0.4240291130302536,0.1254177782187907,0.5759708869697463,0.2239747976753028,0.0063331703872684,0.0833161334709322,1.0,399.65119999999996,280.3424,tumor_core,CTA_composition_plus_H&E_patch_feature_proxy,True,-40.50150448563609,40.50150448563609,False,True,False,False,True
TGACTATAATCCTTTC-1,1,46,68,8106,7254,24180.0,27020.0,32,32,0,0,1.0,0.0,0.0,Tumor,1.0,True,,positive,negative,negative,negative,Immune cells,0.4615320551119801,0.1245462761624038,0.5384679448880199,0.2211938515018195,0.0105806311444245,0.0894010625692772,1.0,301.7664,337.20959999999997,tumor_core,CTA_composition_plus_H&E_patch_feature_proxy,True,-21.75683977051814,21.75683977051814,False,True,False,False,True
TGACTCCGAATCATAC-1,1,62,16,10536,2722,9073.33333333333,35120.0,0,0,0,0,0.0,0.0,0.0,unmapped,0.0,False,no_CTA_object_captured,excluded,excluded,excluded,excluded,Immune cells,0.7891007187731971,0.1363354580196903,0.2108992812268028,0.0792461028732822,0.0195100754983433,0.0498222680885219,1.0,113.23519999999999,438.2976,unmapped_or_excluded,CTA_composition_plus_H&E_patch_feature_proxy,True,33.221708950624425,33.221708950624425,False,False,False,False,True
TGAGAGATTTACCACG-1,1,41,91,7346,9259,30863.3333333333,24486.6666666667,18,17,0,1,0.9444444444444444,0.0,0.0555555555555555,Tumor,0.9444444444444444,True,,positive,negative,negative,negative,Immune cells,0.4983723498633063,0.12414663000777,0.5016276501366936,0.1937971864646135,0.0015099668676334,0.1083935328517372,1.0,385.1744,305.5936,tumor_core,CTA_composition_plus_H&E_patch_feature_proxy,True,-38.50794055879906,38.50794055879906,False,True,False,False,True
TGAGCCATACAGTCTC-1,1,42,38,7501,4638,15460.0,25003.3333333333,31,31,0,0,1.0,0.0,0.0,Tumor,1.0,True,,positive,negative,negative,negative,Immune cells,0.4101678344467981,0.1226485275984766,0.5898321655532017,0.2237792623974797,-0.0005322904785182,0.0837174635936245,1.0,192.9408,312.04159999999996,tumor_core,CTA_composition_plus_H&E_patch_feature_proxy,True,-14.518399999999986,14.518399999999986,False,True,False,False,True
TGAGCGGAAAGTGTTC-1,1,55,65,9472,6993,23310.0,31573.3333333333,18,6,12,0,0.3333333333333333,0.6666666666666666,0.0,Immune cells,0.6666666666666666,True,,ambiguous,positive,negative,positive,Immune cells,0.5075118135897018,0.1162786224257864,0.4924881864102982,0.207267394492423,0.0133615773179077,0.0881206283683063,1.0,290.9088,394.0352,immune_enriched,CTA_composition_plus_H&E_patch_feature_proxy,True,7.249628073218664,7.249628073218664,True,False,False,False,True
TGAGCTCAACTGTATA-1,1,58,124,9924,12137,40456.6666666667,33080.0,5,0,1,4,0.0,0.2,0.8,Stroma,0.8,True,,negative,negative,positive,negative,Immune cells,0.7203990368077056,0.1477976800163469,0.2796009631922944,0.1106077888218999,0.0252349139101623,0.1016244314489928,1.0,504.89919999999995,412.8384,stroma_rich,CTA_composition_plus_H&E_patch_feature_proxy,True,0.0,0.0,True,False,True,True,True
TGAGGAGTGCCAGCTT-1,1,58,58,9927,6383,21276.6666666667,33090.0,20,18,2,0,0.9,0.1,0.0,Tumor,0.9,True,,positive,negative,negative,negative,Immune cells,0.4761211594517769,0.1187079518767986,0.523878840548223,0.2069632285046982,0.0010102656020857,0.0935290295455414,1.0,265.5328,412.9632,tumor_core,CTA_composition_plus_H&E_patch_feature_proxy,True,-7.285702909122775,7.285702909122775,True,True,False,False,True
TGAGGTGTGTGGCGGA-1,1,70,52,11748,5861,19536.6666666667,39160.0,19,5,11,3,0.2631578947368421,0.5789473684210527,0.1578947368421052,Immune cells,0.5789473684210527,True,,ambiguous,ambiguous,negative,ambiguous,Immune cells,0.5144062426447956,0.1126566585614583,0.4855937573552044,0.2018793112812992,0.0143175275650426,0.0881435615181745,1.0,243.8176,488.7168,immune_enriched,CTA_composition_plus_H&E_patch_feature_proxy,True,7.285702909122747,7.285702909122747,True,False,False,False,True
TGAGTAAATTAGCGTA-1,1,47,57,8258,6295,20983.3333333333,27526.6666666667,22,22,0,0,1.0,0.0,0.0,Tumor,1.0,True,,positive,negative,negative,negative,Immune cells,0.4822406894429055,0.1163441277293507,0.5177593105570945,0.2124599424257237,0.0102221498017489,0.1014791881664946,1.0,261.872,343.5328,tumor_core,CTA_composition_plus_H&E_patch_feature_proxy,True,-19.194557361919003,19.194557361919003,False,True,False,False,True
TGAGTGCCTCTTAAAT-1,1,45,41,7956,4900,16333.3333333333,26520.0,26,25,1,0,0.9615384615384616,0.0384615384615384,0.0,Tumor,0.9615384615384616,True,,positive,negative,negative,negative,Immune cells,0.4258903191932359,0.1162926933724443,0.5741096808067641,0.2248003910705556,0.0108522079191787,0.080147536597485,1.0,203.84,330.96959999999996,tumor_core,CTA_composition_plus_H&E_patch_feature_proxy,True,-7.285702909122796,7.285702909122796,True,True,False,False,True
TGAGTTAAAGACATTC-1,1,48,112,8407,11090,36966.6666666667,28023.3333333333,22,22,0,0,1.0,0.0,0.0,Tumor,1.0,True,,positive,negative,negative,negative,Immune cells,0.4704108051346116,0.1233166821501292,0.5295891948653885,0.2222910216718266,0.015371245451089,0.0896647937927607,1.0,461.344,349.7312,tumor_core,CTA_composition_plus_H&E_patch_feature_proxy,True,-7.285702909122747,7.285702909122747,True,True,False,False,True
TGATACATTTAGCCGT-1,1,55,43,9473,5075,16916.6666666667,31576.6666666667,14,14,0,0,1.0,0.0,0.0,Tumor,1.0,True,,positive,negative,negative,negative,Immune cells,0.4911592707258341,0.1243819463137346,0.5088407292741659,0.2107109879963065,0.0081798924555971,0.1114398195925543,1.0,211.11999999999998,394.0768,tumor_core,CTA_composition_plus_H&E_patch_feature_proxy,True,-7.24962807321863,7.24962807321863,True,True,False,False,True
TGATCACCACACTGAC-1,1,69,51,11596,5774,19246.6666666667,38653.3333333333,14,14,0,0,1.0,0.0,0.0,Tumor,1.0,True,,positive,negative,negative,negative,Immune cells,0.4859884489345137,0.1197611627343946,0.5140115510654862,0.21028732822769,0.012286133289881,0.0868631273172036,1.0,240.1984,482.3936,tumor_core,CTA_composition_plus_H&E_patch_feature_proxy,True,-7.238399999999984,7.238399999999984,True,True,False,False,True
TGATCCCAGCATTAGT-1,1,27,107,5222,10652,35506.6666666667,17406.6666666667,26,26,0,0,1.0,0.0,0.0,Tumor,1.0,True,,positive,negative,negative,negative,Immune cells,0.5012474426520377,0.1616584972379236,0.4987525573479622,0.1891369290098311,0.0142306229971212,0.166158315177923,1.0,443.1232,217.2352,tumor_core,CTA_composition_plus_H&E_patch_feature_proxy,True,-43.69881499537488,43.69881499537488,False,True,False,False,True
TGATCTATCACACTCT-1,1,72,92,12049,9349,31163.3333333333,40163.3333333333,21,21,0,0,1.0,0.0,0.0,Tumor,1.0,True,,positive,negative,negative,negative,Immune cells,0.8069197762207375,0.0754602598849316,0.1930802237792623,0.1189506273423497,0.0453207321709847,0.0194473110881779,1.0,388.91839999999996,501.23839999999996,tumor_core,CTA_composition_plus_H&E_patch_feature_proxy,True,-7.238400000000013,7.238400000000013,True,True,False,False,True
TGATGGCTGTTTCTGA-1,1,30,114,5677,11263,37543.3333333333,18923.3333333333,25,25,0,0,1.0,0.0,0.0,Tumor,1.0,True,,positive,negative,negative,negative,Immune cells,0.4080422935563884,0.1292937097531391,0.5919577064436116,0.2525989897343979,0.0287110966270164,0.0832970225127087,1.0,468.5408,236.1632,tumor_core,CTA_composition_plus_H&E_patch_feature_proxy,True,-44.188228079433074,44.188228079433074,False,True,False,False,True
TGATGTCAATTAAGTG-1,1,59,103,10076,10306,34353.3333333333,33586.6666666667,23,23,0,0,1.0,0.0,0.0,Tumor,1.0,True,,positive,negative,negative,negative,Immune cells,0.4830300726015245,0.131133341571029,0.5169699273984756,0.2074737928412362,0.0078322741839117,0.0946489316974353,1.0,428.7296,419.16159999999996,tumor_core,CTA_composition_plus_H&E_patch_feature_proxy,True,-7.249628073218644,7.249628073218644,True,True,False,False,True
TGATTCCCGGTTACCT-1,1,64,50,10838,5686,18953.3333333333,36126.6666666667,13,8,1,4,0.6153846153846154,0.0769230769230769,0.3076923076923077,Tumor,0.6153846153846154,True,,positive,negative,ambiguous,negative,Immune cells,0.4809950573026994,0.1274566849006341,0.5190049426973005,0.2229210797892564,0.0192710879365596,0.0907808737530099,1.0,236.5376,450.8608,mixed_boundary,CTA_composition_plus_H&E_patch_feature_proxy,True,0.0,0.0,True,False,True,True,True
TGATTCGTCTATCACT-1,1,31,41,5832,4898,16326.6666666667,19440.0,22,13,8,1,0.5909090909090909,0.3636363636363636,0.0454545454545454,Tumor,0.5909090909090909,True,,ambiguous,ambiguous,negative,ambiguous,Immune cells,0.705292126084044,0.1805578003932486,0.294707873915956,0.1048503611971104,0.0112106892618543,0.057688338493292,1.0,203.7568,242.6112,immune_enriched,CTA_composition_plus_H&E_patch_feature_proxy,True,7.238400000000013,7.238400000000013,True,False,False,False,True
TGATTCTGTCGCCGGT-1,1,48,44,8411,5162,17206.6666666667,28036.6666666667,27,8,7,12,0.2962962962962963,0.2592592592592592,0.4444444444444444,Stroma,0.4444444444444444,True,,ambiguous,ambiguous,ambiguous,ambiguous,Immune cells,0.5004906487063893,0.1110446004895023,0.4995093512936107,0.194601053717886,0.0013361577317907,0.085051408477621,1.0,214.73919999999998,349.8976,stroma_rich,CTA_composition_plus_H&E_patch_feature_proxy,True,0.0,0.0,True,False,True,True,True
TGATTTATTAGCTGTG-1,1,38,34,6894,4289,14296.6666666667,22980.0,25,25,0,0,1.0,0.0,0.0,Tumor,1.0,True,,positive,negative,negative,negative,Immune cells,0.6327087067513987,0.2040419068879964,0.3672912932486013,0.1233610341643582,-0.0004779751235674,0.0792531437526277,1.0,178.42239999999998,286.7904,tumor_core,CTA_composition_plus_H&E_patch_feature_proxy,True,-19.270905340434837,19.270905340434837,False,True,False,False,True
TGCAAAGTTCGTCTGT-1,1,71,59,11899,6472,21573.3333333333,39663.3333333333,10,0,5,5,0.0,0.5,0.5,Immune cells,0.5,True,,negative,ambiguous,ambiguous,ambiguous,Immune cells,0.5365379392754331,0.1158393027403025,0.4634620607245668,0.1930041822823312,0.0119493780891858,0.0849978977945954,1.0,269.23519999999996,494.9984,immune_enriched,CTA_composition_plus_H&E_patch_feature_proxy,True,7.238400000000013,7.238400000000013,True,False,False,False,True
TGCAACCCATCTGCGG-1,1,60,90,10229,9173,30576.6666666667,34096.6666666667,27,24,2,1,0.8888888888888888,0.074074074074074,0.037037037037037,Tumor,0.8888888888888888,True,,positive,negative,negative,negative,Immune cells,0.517411692285409,0.1250586142899132,0.4825883077145909,0.2102438759437293,0.0198033784150779,0.0851431410770936,1.0,381.5968,425.52639999999997,tumor_core,CTA_composition_plus_H&E_patch_feature_proxy,True,-7.249628073218693,7.249628073218693,True,True,False,False,True
TGCAACTACTGGTTGA-1,1,69,91,11594,9261,30870.0,38646.6666666667,22,17,5,0,0.7727272727272727,0.2272727272727272,0.0,Tumor,0.7727272727272727,True,,positive,ambiguous,negative,ambiguous,Immune cells,0.5690402476780185,0.1292778821684409,0.4309597523219814,0.1794905219705611,0.0167725816088208,0.1296602071627871,1.0,385.25759999999997,482.31039999999996,tumor_core,CTA_composition_plus_H&E_patch_feature_proxy,True,-7.285702909122775,7.285702909122775,True,True,False,False,True
TGCAAGAATGACGTAA-1,1,30,60,5679,6555,21850.0,18930.0,6,0,1,5,0.0,0.1666666666666666,0.8333333333333334,Stroma,0.8333333333333334,True,,negative,negative,positive,negative,Immune cells,0.6688320388173737,0.1044076339729288,0.3311679611826263,0.1435120308511216,0.0259736027374938,0.0777319114780415,1.0,272.688,236.2464,stroma_rich,CTA_composition_plus_H&E_patch_feature_proxy,True,19.311766692874045,19.311766692874045,False,False,True,False,True
TGCAATCTAACACGGT-1,1,62,90,10532,9173,30576.6666666667,35106.6666666667,9,0,3,6,0.0,0.3333333333333333,0.6666666666666666,Stroma,0.6666666666666666,True,,negative,ambiguous,positive,ambiguous,Immune cells,0.4897470714971122,0.1279905990602578,0.5102529285028877,0.2117972950953234,0.0102438759437292,0.0904215877384092,1.0,381.5968,438.1312,immune_enriched,CTA_composition_plus_H&E_patch_feature_proxy,True,7.285702909122775,7.285702909122775,True,False,False,False,True
TGCAGAGTACCGAGCA-1,1,38,46,6894,5335,17783.3333333333,22980.0,17,17,0,0,1.0,0.0,0.0,Tumor,1.0,True,,positive,negative,negative,negative,Immune cells,0.5146162620172723,0.1187714524528407,0.4853837379827277,0.1925044810167834,0.0076367389060887,0.1118182165653785,1.0,221.93599999999998,286.7904,tumor_core,CTA_composition_plus_H&E_patch_feature_proxy,True,-7.238399999999984,7.238399999999984,True,True,False,False,True
TGCAGTTTCCTCCCAT-1,1,40,90,7195,9171,30570.0,23983.3333333333,22,22,0,0,1.0,0.0,0.0,Tumor,1.0,True,,positive,negative,negative,negative,Immune cells,0.4655694964966595,0.1351597832491461,0.5344305035033404,0.2004562489815871,0.0012058008799087,0.1090853495394258,1.0,381.5136,299.312,tumor_core,CTA_composition_plus_H&E_patch_feature_proxy,True,-40.507827778838,40.507827778838,False,True,False,False,True
TGCATATGTCTGTCAC-1,1,35,85,6437,8735,29116.6666666667,21456.6666666667,20,20,0,0,1.0,0.0,0.0,Tumor,1.0,True,,positive,negative,negative,negative,Immune cells,0.422555356399254,0.1258986044604638,0.5774446436007459,0.2205637933843897,0.0107544402802672,0.0892214195619768,1.0,363.376,267.7792,tumor_core,CTA_composition_plus_H&E_patch_feature_proxy,True,-21.7568,21.7568,False,True,False,False,True
TGCATGTGACCCATAG-1,1,68,38,11445,4640,15466.6666666667,38150.0,6,0,3,3,0.0,0.5,0.5,Immune cells,0.5,True,,negative,ambiguous,ambiguous,ambiguous,Immune cells,0.5089022866764434,0.144861243938367,0.4910977133235565,0.1832274183911791,-0.0004345228396067,0.1276764896991935,1.0,193.024,476.11199999999997,immune_enriched,CTA_composition_plus_H&E_patch_feature_proxy,True,12.600611845462083,12.600611845462083,False,False,False,False,True
TGCCAATGGGTACTCT-1,1,54,52,9321,5860,19533.3333333333,31070.0,23,23,0,0,1.0,0.0,0.0,Tumor,1.0,True,,positive,negative,negative,negative,Immune cells,0.470870675139862,0.1221247235172843,0.529129324860138,0.2200315029058715,0.0162402911303025,0.0958873217903145,1.0,243.77599999999998,387.7536,tumor_core,CTA_composition_plus_H&E_patch_feature_proxy,True,-12.579787724759077,12.579787724759077,False,True,False,False,True
TGCCAGTACGTGGAGA-1,1,51,71,8865,7516,25053.3333333333,29550.0,20,19,1,0,0.95,0.05,0.0,Tumor,0.95,True,,positive,negative,negative,negative,Immune cells,0.4707475603353067,0.1179159271660158,0.5292524396646932,0.2082885231654988,-0.0033132366520015,0.0890991094293467,1.0,312.6656,368.784,tumor_core,CTA_composition_plus_H&E_patch_feature_proxy,True,-26.151945133010635,26.151945133010635,False,True,False,False,True
TGCCCGATAGTTAGAA-1,1,72,78,12050,8128,27093.3333333333,40166.6666666667,22,22,0,0,1.0,0.0,0.0,Tumor,1.0,True,,positive,negative,negative,negative,Immune cells,0.6397733239186718,0.150995221240256,0.3602266760813281,0.1718755092064526,0.034023138341209,0.1037725031533081,1.0,338.1248,501.28,tumor_core,CTA_composition_plus_H&E_patch_feature_proxy,True,-7.249628073218664,7.249628073218664,True,True,False,False,True
TGCCCGTACCGTTAAA-1,1,45,75,7954,7864,26213.3333333333,26513.3333333333,21,21,0,0,1.0,0.0,0.0,Tumor,1.0,True,,positive,negative,negative,negative,Immune cells,0.4630058117429796,0.1265031185728983,0.5369941882570203,0.2205203411004291,0.015697137580794,0.1051828918701983,1.0,327.1424,330.8864,tumor_core,CTA_composition_plus_H&E_patch_feature_proxy,True,-12.600611845462058,12.600611845462058,False,True,False,False,True
TGCCGAAAGCGTATTC-1,1,33,119,6131,11699,38996.6666666667,20436.6666666667,27,24,0,3,0.8888888888888888,0.0,0.1111111111111111,Tumor,0.8888888888888888,True,,positive,negative,negative,negative,Immune cells,0.4062679919613274,0.1284063319459522,0.5937320080386724,0.2485796534680354,0.0240942914561946,0.0797462064747926,1.0,486.67839999999995,255.0496,tumor_core,CTA_composition_plus_H&E_patch_feature_proxy,True,-31.65464795697469,31.65464795697469,False,True,False,False,True
TGCCGGATGTACGAGC-1,1,62,34,10535,4291,14303.3333333333,35116.6666666667,24,22,1,1,0.9166666666666666,0.0416666666666666,0.0416666666666666,Tumor,0.9166666666666666,True,,positive,negative,negative,negative,Immune cells,0.4862527836619412,0.1298997359473254,0.5137472163380588,0.2030416598772472,0.0009124979631741,0.1003210640981538,1.0,178.5056,438.256,tumor_core,CTA_composition_plus_H&E_patch_feature_proxy,True,-7.238399999999984,7.238399999999984,True,True,False,False,True
TGCCGTGGATCGTCCT-1,1,57,63,9775,6819,22730.0,32583.3333333333,21,18,2,1,0.8571428571428571,0.0952380952380952,0.0476190476190476,Tumor,0.8571428571428571,True,,positive,negative,negative,negative,Immune cells,0.4943385295022902,0.1170883094248646,0.5056614704977097,0.2186084406061593,0.0170876106675357,0.0863777089783281,1.0,283.6704,406.64,tumor_core,CTA_composition_plus_H&E_patch_feature_proxy,True,-12.564646274368396,12.564646274368396,False,True,False,False,True
TGCCGTGGGACCCAAT-1,1,71,67,11899,7169,23896.6666666667,39663.3333333333,20,0,19,1,0.0,0.95,0.05,Immune cells,0.95,True,,negative,positive,negative,positive,Immune cells,0.5944562127713504,0.1199859646208488,0.4055437872286495,0.1769051110749008,0.0175764488620933,0.0921836180866108,1.0,298.2304,494.9984,immune_enriched,CTA_composition_plus_H&E_patch_feature_proxy,True,12.646400000000028,12.646400000000028,False,False,False,False,True
TGCCTAAATTTAATAG-1,1,39,127,7041,12397,41323.3333333333,23470.0,29,29,0,0,1.0,0.0,0.0,Tumor,1.0,True,,positive,negative,negative,negative,Immune cells,0.4927959734216863,0.1262061340807798,0.5072040265783136,0.2011188963119873,0.0201401336157731,0.0900126132324274,1.0,515.7152,292.9056,tumor_core,CTA_composition_plus_H&E_patch_feature_proxy,True,-25.251199999999983,25.251199999999983,False,True,False,False,True
TGCCTAATTGAAGATT-1,1,55,105,9469,10480,34933.3333333333,31563.3333333333,21,20,1,0,0.9523809523809524,0.0476190476190476,0.0,Tumor,0.9523809523809524,True,,positive,negative,negative,negative,Immune cells,0.4973439791429037,0.1231352530142206,0.5026560208570963,0.2128836021943403,0.014024224648308,0.0812559721744448,1.0,435.96799999999996,393.9104,tumor_core,CTA_composition_plus_H&E_patch_feature_proxy,True,-19.253970279399567,19.253970279399567,False,True,False,False,True
TGCCTTGGCCAGGCAA-1,1,52,82,9016,8475,28250.0,30053.3333333333,13,9,1,3,0.6923076923076923,0.0769230769230769,0.2307692307692307,Tumor,0.6923076923076923,True,,positive,negative,ambiguous,negative,Immune cells,0.4721163072800681,0.1225209970198147,0.527883692719932,0.2172179675194177,0.0071479007115311,0.0867866834843099,1.0,352.56,375.06559999999996,mixed_boundary,CTA_composition_plus_H&E_patch_feature_proxy,True,0.0,0.0,True,False,True,True,True
TGCGACACCCTAGTGC-1,1,46,46,8107,5336,17786.6666666667,27023.3333333333,27,3,23,1,0.1111111111111111,0.8518518518518519,0.037037037037037,Immune cells,0.8518518518518519,True,,negative,positive,negative,positive,Immune cells,0.4878605181684861,0.1067257674139696,0.5121394818315137,0.1991200912497963,0.003476182716854,0.0701563276382677,1.0,221.9776,337.2512,immune_enriched,CTA_composition_plus_H&E_patch_feature_proxy,True,14.518459598731553,14.518459598731553,False,False,False,False,True
TGCGACGGCCGAACGT-1,1,60,32,10232,4117,13723.3333333333,34106.6666666667,24,23,0,1,0.9583333333333334,0.0,0.0416666666666666,Tumor,0.9583333333333334,True,,positive,negative,negative,negative,Immune cells,0.4903807506382054,0.1240558014323212,0.5096192493617947,0.2059529629026125,0.0065721579490521,0.1119405266980086,1.0,171.2672,425.65119999999996,tumor_core,CTA_composition_plus_H&E_patch_feature_proxy,True,-7.280000000000001,7.280000000000001,True,True,False,False,True
TGCGAGAATATTACCC-1,1,50,40,8714,4813,16043.3333333333,29046.6666666667,16,7,4,5,0.4375,0.25,0.3125,Tumor,0.4375,True,,ambiguous,ambiguous,ambiguous,ambiguous,Immune cells,0.4527836619412308,0.1181462443684173,0.5472163380587691,0.2150127641084134,0.0042909130411167,0.0986813438825822,1.0,200.2208,362.50239999999997,mixed_boundary,CTA_composition_plus_H&E_patch_feature_proxy,True,0.0,0.0,True,False,True,True,True
TGCGCCGTTAATAACG-1,1,41,123,7345,12048,40160.0,24483.3333333333,28,26,1,1,0.9285714285714286,0.0357142857142857,0.0357142857142857,Tumor,0.9285714285714286,True,,positive,negative,negative,negative,Immune cells,0.4041026198106204,0.1343218132971612,0.5958973801893795,0.2425615121394818,0.0200966813318125,0.0718304475786416,1.0,501.1968,305.55199999999996,tumor_core,CTA_composition_plus_H&E_patch_feature_proxy,True,-14.535316219470442,14.535316219470442,False,True,False,False,True
TGCGGACTTGACTCCG-1,1,68,76,11443,7953,26510.0,38143.3333333333,16,1,8,7,0.0625,0.5,0.4375,Immune cells,0.5,True,,negative,ambiguous,ambiguous,ambiguous,Immune cells,0.480535187297449,0.1349623904147094,0.519464812702551,0.2272119928303731,0.0197381999891369,0.1011351909184726,1.0,330.84479999999996,476.0288,immune_enriched,CTA_composition_plus_H&E_patch_feature_proxy,True,7.238399999999956,7.238399999999956,True,False,False,False,True
TGCGTAAGAACCTGAT-1,1,43,43,7652,5074,16913.3333333333,25506.6666666667,15,11,1,3,0.7333333333333333,0.0666666666666666,0.2,Tumor,0.7333333333333333,True,,positive,negative,negative,negative,Immune cells,0.4699943874133217,0.1223936503362937,0.5300056125866781,0.2044104068220085,0.0026505893216012,0.1017276306233994,1.0,211.0784,318.3232,tumor_core,CTA_composition_plus_H&E_patch_feature_proxy,True,-7.249628073218679,7.249628073218679,True,True,False,False,True
TGCGTACGGCTAATTG-1,1,67,101,11290,10133,33776.6666666667,37633.3333333333,25,25,0,0,1.0,0.0,0.0,Tumor,1.0,True,,positive,negative,negative,negative,Immune cells,0.6673727662810276,0.13784164462773,0.3326272337189723,0.1595676497745912,0.034218673619032,0.1036540152123227,1.0,421.5328,469.664,tumor_core,CTA_composition_plus_H&E_patch_feature_proxy,True,-7.285702909122775,7.285702909122775,True,True,False,False,True
TGCGTTTGTTGACACT-1,1,42,76,7499,7951,26503.3333333333,24996.6666666667,28,28,0,0,1.0,0.0,0.0,Tumor,1.0,True,,positive,negative,negative,negative,Immune cells,0.4501041044303224,0.1236609156451728,0.5498958955696774,0.2246483080766932,0.0161316604204008,0.1030462867408171,1.0,330.7616,311.9584,tumor_core,CTA_composition_plus_H&E_patch_feature_proxy,True,-12.600611845462108,12.600611845462108,False,True,False,False,True
TGCTAAGTGTCTATTT-1,1,52,90,9015,9172,30573.3333333333,30050.0,27,27,0,0,1.0,0.0,0.0,Tumor,1.0,True,,positive,negative,negative,negative,Immune cells,0.4607535350243514,0.1267298570099485,0.5392464649756485,0.224311552875998,0.0132094943240454,0.0982685471849558,1.0,381.55519999999996,375.024,tumor_core,CTA_composition_plus_H&E_patch_feature_proxy,True,-14.535316219470413,14.535316219470413,False,True,False,False,True
TGCTCCACAGTTCTTA-1,1,45,95,7953,9608,32026.6666666667,26510.0,31,25,5,1,0.8064516129032258,0.1612903225806451,0.032258064516129,Tumor,0.8064516129032258,True,,positive,negative,negative,negative,Immune cells,0.4410153350352144,0.1197459660760985,0.5589846649647855,0.2210634946499375,0.000966813318125,0.0900508351488743,1.0,399.6928,330.84479999999996,tumor_core,CTA_composition_plus_H&E_patch_feature_proxy,True,-29.12742762414837,29.12742762414837,False,True,False,False,True
TGCTCGGCGAAACCCA-1,1,57,61,9775,6645,22150.0,32583.3333333333,27,27,0,0,1.0,0.0,0.0,Tumor,1.0,True,,positive,negative,negative,negative,Immune cells,0.5079354733583185,0.1162369184838594,0.4920645266416816,0.2100157514529357,0.0142306229971212,0.086305087337079,1.0,276.43199999999996,406.64,tumor_core,CTA_composition_plus_H&E_patch_feature_proxy,True,-12.57978772475908,12.57978772475908,False,True,False,False,True
TGCTCGGTGGGTCACC-1,1,66,72,11140,7604,25346.6666666667,37133.3333333333,22,22,0,0,1.0,0.0,0.0,Tumor,1.0,True,,positive,negative,negative,negative,Immune cells,0.4922093675882171,0.1249405518858236,0.5077906324117828,0.2164358264081255,0.0111672369778936,0.0802354470053128,1.0,316.3264,463.424,tumor_core,CTA_composition_plus_H&E_patch_feature_proxy,True,-7.285702909122747,7.285702909122747,True,True,False,False,True
TGCTCTGCCGGTTCAC-1,1,27,127,5221,12396,41320.0,17403.3333333333,21,21,0,0,1.0,0.0,0.0,Tumor,1.0,True,,positive,negative,negative,negative,Immune cells,0.4347473430738869,0.1253731341213602,0.5652526569261129,0.2285481505621639,0.0250393786323393,0.0858349577647823,1.0,515.6736,217.1936,tumor_core,CTA_composition_plus_H&E_patch_feature_proxy,True,-12.600611845462122,12.600611845462122,False,True,False,False,True
TGCTCTTGAGAGTTTG-1,1,64,70,10837,7430,24766.6666666667,36123.3333333333,18,5,13,0,0.2777777777777778,0.7222222222222222,0.0,Immune cells,0.7222222222222222,True,,ambiguous,positive,negative,positive,Immune cells,0.4857313562544131,0.1220760434089409,0.5142686437455868,0.2174786812231817,0.0069089131497474,0.0871994801819363,1.0,309.08799999999997,450.81919999999997,immune_enriched,CTA_composition_plus_H&E_patch_feature_proxy,True,7.249628073218693,7.249628073218693,True,False,False,False,True
TGCTGTTGAAGAACTC-1,1,38,66,6893,7079,23596.6666666667,22976.6666666667,21,21,0,0,1.0,0.0,0.0,Tumor,1.0,True,,positive,negative,negative,negative,Immune cells,0.448920029692394,0.1246005738033005,0.5510799703076059,0.2094182825484764,0.0062136766063766,0.1191224247983793,1.0,294.4864,286.74879999999996,tumor_core,CTA_composition_plus_H&E_patch_feature_proxy,True,-21.85710872736827,21.85710872736827,False,True,False,False,True
TGCTTAGAGAGAATGC-1,1,62,26,10536,3594,11980.0,35120.0,21,18,2,1,0.8571428571428571,0.0952380952380952,0.0476190476190476,Tumor,0.8571428571428571,True,,positive,negative,negative,negative,Immune cells,0.5253091448952618,0.1166758560427444,0.4746908551047381,0.1757427624789528,-0.0064743903101406,0.1023277147116156,1.0,149.5104,438.2976,tumor_core,CTA_composition_plus_H&E_patch_feature_proxy,True,-7.249628073218616,7.249628073218616,True,True,False,False,True
TGCTTCCCAAGCAGTA-1,1,62,66,10533,7081,23603.3333333333,35110.0,20,20,0,0,1.0,0.0,0.0,Tumor,1.0,True,,positive,negative,negative,negative,Immune cells,0.4879003494287835,0.1242445400879272,0.5120996505712164,0.2278420509478029,0.0159795774265384,0.0931468103810725,1.0,294.5696,438.1728,tumor_core,CTA_composition_plus_H&E_patch_feature_proxy,True,-12.543762446730252,12.543762446730252,False,True,False,False,True
TGGAACCACTGACACA-1,1,24,102,4767,10216,34053.3333333333,15890.0,22,22,0,0,1.0,0.0,0.0,Tumor,1.0,True,,positive,negative,negative,negative,Immune cells,0.6473629895171366,0.1617795095853026,0.3526370104828634,0.1308348270055944,0.0180109717017,0.1531590413943355,1.0,424.9856,198.3072,tumor_core,CTA_composition_plus_H&E_patch_feature_proxy,True,-44.17475382523373,44.17475382523373,False,True,False,False,True
TGGAAGAAGGGAACGT-1,1,39,35,7046,4376,14586.6666666667,23486.6666666667,19,19,0,0,1.0,0.0,0.0,Tumor,1.0,True,,positive,negative,negative,negative,Immune cells,0.5038944109499756,0.1662678747460877,0.4961055890500244,0.1777415675411438,-0.0030742490902178,0.1062454611474219,1.0,182.0416,293.11359999999996,tumor_core,CTA_composition_plus_H&E_patch_feature_proxy,True,-19.208211577343693,19.208211577343693,False,True,False,False,True
TGGAATATCCTTGACC-1,1,23,107,4615,10652,35506.6666666667,15383.3333333333,19,17,2,0,0.8947368421052632,0.1052631578947368,0.0,Tumor,0.8947368421052632,True,,positive,negative,negative,negative,Immune cells,0.6280194811073091,0.1527654670343578,0.3719805188926909,0.1189832165553202,0.0051925479333007,0.1628444750219776,1.0,443.1232,191.98399999999998,tumor_core,CTA_composition_plus_H&E_patch_feature_proxy,True,-25.16524943647489,25.16524943647489,False,True,False,False,True
TGGACCAATCTAAGAT-1,1,62,80,10533,8302,27673.3333333333,35110.0,24,24,0,0,1.0,0.0,0.0,Tumor,1.0,True,,positive,negative,negative,negative,Immune cells,0.494168341390111,0.1228682175600154,0.505831658609889,0.2213785237086524,0.0142414860681114,0.0939112487100103,1.0,345.3632,438.1728,tumor_core,CTA_composition_plus_H&E_patch_feature_proxy,True,-7.238399999999956,7.238399999999956,True,True,False,False,True
TGGACTGTTCGCTCAA-1,1,37,73,6741,7689,25630.0,22470.0,26,16,9,1,0.6153846153846154,0.3461538461538461,0.0384615384615384,Tumor,0.6153846153846154,True,,positive,ambiguous,negative,ambiguous,Immune cells,0.4810892039179475,0.1130353726770671,0.5189107960820524,0.1922329042420292,-0.0081473032426266,0.1105798264724993,1.0,319.8624,280.4256,immune_enriched,CTA_composition_plus_H&E_patch_feature_proxy,True,12.564646274368396,12.564646274368396,False,False,False,False,True
TGGAGAATAATCGTCC-1,1,72,44,12052,5164,17213.3333333333,40173.3333333333,19,12,5,2,0.631578947368421,0.2631578947368421,0.1052631578947368,Tumor,0.631578947368421,True,,positive,ambiguous,negative,ambiguous,Immune cells,0.7782521318776818,0.1100584230329909,0.221747868122318,0.1194068763239367,0.0371625658573679,0.0301341589267285,1.0,214.8224,501.36319999999995,mixed_boundary,CTA_composition_plus_H&E_patch_feature_proxy,True,0.0,0.0,True,False,True,True,True
TGGAGGGAAACACCTC-1,1,22,122,4463,11959,39863.3333333333,14876.6666666667,29,29,0,0,1.0,0.0,0.0,Tumor,1.0,True,,positive,negative,negative,negative,Immune cells,0.4470189922691144,0.1287119966334755,0.5529810077308854,0.2361848894682527,0.0246374450057031,0.0917058441310247,1.0,497.4944,185.6608,tumor_core,CTA_composition_plus_H&E_patch_feature_proxy,True,-25.16524943647489,25.16524943647489,False,True,False,False,True
TGGCAAACTAAATTAC-1,1,50,78,8712,8126,27086.6666666667,29040.0,25,25,0,0,1.0,0.0,0.0,Tumor,1.0,True,,positive,negative,negative,negative,Immune cells,0.4482465192910035,0.1225876845130855,0.5517534807089964,0.2274727065341371,0.0126446146325566,0.1003248862897985,1.0,338.04159999999996,362.4192,tumor_core,CTA_composition_plus_H&E_patch_feature_proxy,True,-19.25397027939953,19.25397027939953,False,True,False,False,True
TGGCAAGCACAAGTCG-1,1,66,56,11141,6210,20700.0,37136.6666666667,15,11,2,2,0.7333333333333333,0.1333333333333333,0.1333333333333333,Tumor,0.7333333333333333,True,,positive,negative,negative,negative,Immune cells,0.4903698875672151,0.1198502134324469,0.5096301124327848,0.2219108141871707,0.0165010048340665,0.0845201238390092,1.0,258.336,463.4656,tumor_core,CTA_composition_plus_H&E_patch_feature_proxy,True,-21.8210142239081,21.8210142239081,False,True,False,False,True
TGGCAATGGGACGGCG-1,1,54,106,9318,10568,35226.6666666667,31060.0,24,18,0,6,0.75,0.0,0.25,Tumor,0.75,True,,positive,negative,ambiguous,negative,Immune cells,0.4975576195390437,0.1247330795756523,0.5024423804609562,0.2063983488132095,0.0090272119928303,0.0858311355731376,1.0,439.62879999999996,387.62879999999996,tumor_core,CTA_composition_plus_H&E_patch_feature_proxy,True,-19.222621340493603,19.222621340493603,False,True,False,False,True
TGGCAGATTACGATCA-1,1,44,58,7803,6382,21273.3333333333,26010.0,30,30,0,0,1.0,0.0,0.0,Tumor,1.0,True,,positive,negative,negative,negative,Immune cells,0.4901019318161244,0.1151528540321415,0.5098980681838755,0.2005757427624789,-0.0008038672532724,0.1017887856897145,1.0,265.4912,324.6048,tumor_core,CTA_composition_plus_H&E_patch_feature_proxy,True,-19.25397027939949,19.25397027939949,False,True,False,False,True
TGGCAGCAGTAATAGT-1,1,39,61,7045,6643,22143.3333333333,23483.3333333333,33,33,0,0,1.0,0.0,0.0,Tumor,1.0,True,,positive,negative,negative,negative,Immune cells,0.422490177973313,0.1294699043903082,0.577509822026687,0.2241268806691651,0.0096789962522405,0.0989641860642892,1.0,276.3488,293.072,tumor_core,CTA_composition_plus_H&E_patch_feature_proxy,True,-12.600611845462137,12.600611845462137,False,True,False,False,True
TGGCGACTGCTCCAAA-1,1,55,47,9473,5424,18080.0,31576.6666666667,24,16,0,8,0.6666666666666666,0.0,0.3333333333333333,Tumor,0.6666666666666666,True,,positive,negative,ambiguous,negative,Immune cells,0.5244111310267412,0.1110286277745344,0.4755888689732588,0.2008690456792135,0.0142849383520721,0.0872071245652257,1.0,225.6384,394.0768,mixed_boundary,CTA_composition_plus_H&E_patch_feature_proxy,True,0.0,0.0,True,False,True,True,True
TGGCGATCAAGTTATG-1,1,51,55,8865,6121,20403.3333333333,29550.0,18,17,1,0,0.9444444444444444,0.0555555555555555,0.0,Tumor,0.9444444444444444,True,,positive,negative,negative,negative,Immune cells,0.5192910035667083,0.12617877280913,0.4807089964332917,0.201868448210309,0.0146325566237575,0.09329969804686,1.0,254.6336,368.784,tumor_core,CTA_composition_plus_H&E_patch_feature_proxy,True,-7.249628073218664,7.249628073218664,True,True,False,False,True
TGGCTACACTCTACCT-1,1,64,100,10835,10045,33483.3333333333,36116.6666666667,9,1,6,2,0.1111111111111111,0.6666666666666666,0.2222222222222222,Immune cells,0.6666666666666666,True,,negative,positive,ambiguous,positive,Immune cells,0.5865261709485271,0.1227739020392929,0.4134738290514728,0.1869969040247678,0.0259736027374938,0.1026258456599014,1.0,417.87199999999996,450.736,immune_enriched,CTA_composition_plus_H&E_patch_feature_proxy,True,7.28000000000003,7.28000000000003,True,False,False,False,True
TGGCTATGTGACATAC-1,1,60,82,10229,8476,28253.3333333333,34096.6666666667,22,22,0,0,1.0,0.0,0.0,Tumor,1.0,True,,positive,negative,negative,negative,Immune cells,0.4745170459688955,0.1234670481052527,0.5254829540311046,0.2173809135842702,0.0064200749551898,0.0832626227879065,1.0,352.60159999999996,425.52639999999997,tumor_core,CTA_composition_plus_H&E_patch_feature_proxy,True,-7.285702909122775,7.285702909122775,True,True,False,False,True
TGGGCAATAGTTGGGT-1,1,46,108,8104,10741,35803.3333333333,27013.3333333333,24,18,2,4,0.75,0.0833333333333333,0.1666666666666666,Tumor,0.75,True,,positive,negative,negative,negative,Immune cells,0.4468379410859449,0.1270922065564537,0.553162058914055,0.2238444408234207,0.0078322741839117,0.0924091273936475,1.0,446.82559999999995,337.1264,tumor_core,CTA_composition_plus_H&E_patch_feature_proxy,True,-19.2082115773437,19.2082115773437,False,True,False,False,True
TGGGCAGGCCACCGCA-1,1,54,116,9317,11439,38130.0,31056.6666666667,18,17,0,1,0.9444444444444444,0.0,0.0555555555555555,Tumor,0.9444444444444444,True,,positive,negative,negative,negative,Immune cells,0.5149457751706407,0.1140472521089017,0.4850542248293593,0.2154907392319808,0.0237901254684699,0.0741887398234147,1.0,475.8624,387.5872,tumor_core,CTA_composition_plus_H&E_patch_feature_proxy,True,-7.306457067553315,7.306457067553315,True,True,False,False,True
TGGGCCCATACTAATT-1,1,47,89,8257,9085,30283.3333333333,27523.3333333333,25,25,0,0,1.0,0.0,0.0,Tumor,1.0,True,,positive,negative,negative,negative,Immune cells,0.4564083066282838,0.1243870573953013,0.5435916933717162,0.2274509803921569,0.0158818097876269,0.0949279516874976,1.0,377.936,343.4912,tumor_core,CTA_composition_plus_H&E_patch_feature_proxy,True,-19.226672140544757,19.226672140544757,False,True,False,False,True
TGGGCGATACAATAAG-1,1,68,62,11444,6733,22443.3333333333,38146.6666666667,11,0,8,3,0.0,0.7272727272727273,0.2727272727272727,Immune cells,0.7272727272727273,True,,negative,positive,ambiguous,positive,Immune cells,0.5168504336175836,0.1218995771088071,0.4831495663824163,0.2054206724240942,0.0163271956982238,0.0907464740282077,1.0,280.0928,476.0704,immune_enriched,CTA_composition_plus_H&E_patch_feature_proxy,True,7.249628073218616,7.249628073218616,True,False,False,False,True
TGGGTGCACAAGCCAT-1,1,69,85,11594,8738,29126.6666666667,38646.6666666667,20,18,1,1,0.9,0.05,0.05,Tumor,0.9,True,,positive,negative,negative,negative,Immune cells,0.5133706298770663,0.1159390025723949,0.4866293701229337,0.2036608549236869,0.0135245233827603,0.0787103925390819,1.0,363.50079999999997,482.31039999999996,tumor_core,CTA_composition_plus_H&E_patch_feature_proxy,True,-7.238400000000013,7.238400000000013,True,True,False,False,True
TGGGTGTAATAGATTT-1,1,68,102,11442,10220,34066.6666666667,38140.0,13,12,0,1,0.9230769230769232,0.0,0.0769230769230769,Tumor,0.9230769230769232,True,,positive,negative,negative,negative,Immune cells,0.7308529321239114,0.1337861368686959,0.2691470678760885,0.1464885123024278,0.0439302590842431,0.0684095860566449,1.0,425.152,475.9872,tumor_core,CTA_composition_plus_H&E_patch_feature_proxy,True,-7.238400000000013,7.238400000000013,True,True,False,False,True
TGGGTGTTAAGTAGAA-1,1,72,68,12050,7256,24186.6666666667,40166.6666666667,4,0,0,4,0.0,0.0,1.0,Stroma,1.0,True,,negative,negative,positive,negative,Immune cells,0.6286604022957291,0.1300544910501865,0.3713395977042709,0.1645537993590788,0.022834175221335,0.1028628215418721,1.0,301.8496,501.28,unmapped_or_excluded,CTA_composition_plus_H&E_patch_feature_proxy,True,14.518399999999986,14.518399999999986,False,False,False,False,True
TGGTAGAATATATGGG-1,1,48,100,8408,10044,33480.0,28026.6666666667,31,23,8,0,0.7419354838709677,0.2580645161290322,0.0,Tumor,0.7419354838709677,True,,positive,ambiguous,negative,ambiguous,Immune cells,0.4532543950174714,0.1270579161011004,0.5467456049825286,0.2254847645429363,0.0134919341697897,0.0875969881129839,1.0,417.8304,349.77279999999996,tumor_core,CTA_composition_plus_H&E_patch_feature_proxy,True,-7.285702909122825,7.285702909122825,True,True,False,False,True
TGGTCCCACGCTACGG-1,1,52,74,9016,7777,25923.3333333333,30053.3333333333,26,26,0,0,1.0,0.0,0.0,Tumor,1.0,True,,positive,negative,negative,negative,Immune cells,0.4616443068455452,0.1246616790519757,0.5383556931544548,0.2244201835858997,0.0087339090760958,0.0935290295455414,1.0,323.5232,375.06559999999996,tumor_core,CTA_composition_plus_H&E_patch_feature_proxy,True,-25.251234266863115,25.251234266863115,False,True,False,False,True
TGGTGCCCTGCCTTAC-1,1,74,52,12355,5862,19540.0,41183.3333333333,13,0,9,4,0.0,0.6923076923076923,0.3076923076923077,Immune cells,0.6923076923076923,True,,negative,positive,ambiguous,positive,Immune cells,0.7942896456828346,0.0938892958435509,0.2057103543171654,0.1436423877030036,0.0600727825756341,0.0230745709589879,1.0,243.8592,513.968,immune_enriched,CTA_composition_plus_H&E_patch_feature_proxy,True,19.168935135786754,19.168935135786754,False,False,False,False,True
TGGTTAAGGGCGCTGG-1,1,26,114,5070,11262,37540.0,16900.0,19,19,0,0,1.0,0.0,0.0,Tumor,1.0,True,,positive,negative,negative,negative,Immune cells,0.4031177013741785,0.1260026839227722,0.5968822986258214,0.2563576122969963,0.0320569224919884,0.076864273974697,1.0,468.4992,210.91199999999998,tumor_core,CTA_composition_plus_H&E_patch_feature_proxy,True,-31.781147619304114,31.781147619304114,False,True,False,False,True
TGGTTCAACGGGTAAT-1,1,50,74,8713,7777,25923.3333333333,29043.3333333333,27,26,1,0,0.9629629629629628,0.037037037037037,0.0,Tumor,0.9629629629629628,True,,positive,negative,negative,negative,Immune cells,0.4647909764090308,0.121328189666334,0.5352090235909691,0.217815436423877,0.0053446309271631,0.100527462446967,1.0,323.5232,362.4608,tumor_core,CTA_composition_plus_H&E_patch_feature_proxy,True,-29.12742762414837,29.12742762414837,False,True,False,False,True
TGGTTTAAACGTGGGT-1,1,24,112,4766,11088,36960.0,15886.6666666667,23,22,1,0,0.9565217391304348,0.0434782608695652,0.0,Tumor,0.9565217391304348,True,,positive,negative,negative,negative,Immune cells,0.4283960675683016,0.1420306658603226,0.5716039324316984,0.2411927651947205,0.0336429308565531,0.0986698773076482,1.0,461.26079999999996,198.26559999999998,tumor_core,CTA_composition_plus_H&E_patch_feature_proxy,True,-19.270905340434844,19.270905340434844,False,True,False,False,True
TGTACCTACACGAGGG-1,1,59,91,10077,9260,30866.6666666667,33590.0,26,23,3,0,0.8846153846153846,0.1153846153846153,0.0,Tumor,0.8846153846153846,True,,positive,negative,negative,negative,Immune cells,0.5077037278438615,0.1229825550845138,0.4922962721561385,0.2163271956982239,0.0206072456683504,0.0796200741505179,1.0,385.216,419.2032,tumor_core,CTA_composition_plus_H&E_patch_feature_proxy,True,-12.604800000000012,12.604800000000012,False,True,False,False,True
TGTACGAACAAATCCG-1,1,38,58,6893,6381,21270.0,22976.6666666667,19,9,4,6,0.4736842105263157,0.2105263157894736,0.3157894736842105,Tumor,0.4736842105263157,True,,ambiguous,ambiguous,ambiguous,ambiguous,Immune cells,0.4770915937935653,0.1317918560141012,0.5229084062064345,0.2367171799467709,0.0396284829721362,0.0890417765546764,1.0,265.4496,286.74879999999996,mixed_boundary,CTA_composition_plus_H&E_patch_feature_proxy,True,0.0,0.0,True,False,True,True,True
TGTACTACTCTCACGG-1,1,20,120,4159,11785,39283.3333333333,13863.3333333333,29,28,0,1,0.9655172413793104,0.0,0.0344827586206896,Tumor,0.9655172413793104,True,,positive,negative,negative,negative,Immune cells,0.415287961906831,0.1228060825229116,0.5847120380931689,0.2246808972896637,0.0149584487534626,0.0964874058785307,1.0,490.256,173.0144,tumor_core,CTA_composition_plus_H&E_patch_feature_proxy,True,-14.518399999999986,14.518399999999986,False,True,False,False,True
TGTAGCCAATTCCGTT-1,1,71,81,11898,8390,27966.6666666667,39660.0,23,20,0,3,0.8695652173913043,0.0,0.1304347826086956,Tumor,0.8695652173913043,True,,positive,negative,negative,negative,Immune cells,0.5750909782195426,0.1511630358755541,0.4249090217804573,0.1754060072782575,0.0139916354353375,0.1032756182394985,1.0,349.024,494.9568,tumor_core,CTA_composition_plus_H&E_patch_feature_proxy,True,-7.285702909122747,7.285702909122747,True,True,False,False,True
TGTAGCCATCCCATTC-1,1,62,112,10531,11091,36970.0,35103.3333333333,16,16,0,0,1.0,0.0,0.0,Tumor,1.0,True,,positive,negative,negative,negative,Immune cells,0.616421342313472,0.1371298653354396,0.3835786576865279,0.1612948780620281,0.0179349302047688,0.1134273592477927,1.0,461.38559999999995,438.08959999999996,tumor_core,CTA_composition_plus_H&E_patch_feature_proxy,True,-7.285702909122796,7.285702909122796,True,True,False,False,True
TGTAGGAGAAATTTCC-1,1,34,86,6285,8822,29406.6666666667,20950.0,29,28,0,1,0.9655172413793104,0.0,0.0344827586206896,Tumor,0.9655172413793104,True,,positive,negative,negative,negative,Immune cells,0.4354208534752775,0.1457044614101193,0.5645791465247225,0.2084514692303514,0.0067133778719243,0.0948667966211825,1.0,366.9952,261.45599999999996,tumor_core,CTA_composition_plus_H&E_patch_feature_proxy,True,-14.571405818245495,14.571405818245495,False,True,False,False,True
TGTAGTGATCTATAAT-1,1,35,33,6439,4201,14003.3333333333,21463.3333333333,8,2,1,5,0.25,0.125,0.625,Stroma,0.625,True,,ambiguous,negative,positive,negative,Immune cells,0.8196078431372549,0.0863531489328644,0.180392156862745,0.0419205909510618,0.0004127966976264,0.0377288537247257,1.0,174.7616,267.8624,stroma_rich,CTA_composition_plus_H&E_patch_feature_proxy,True,0.0,0.0,True,False,True,True,True
TGTATACGGATGATGA-1,1,25,125,4917,12221,40736.6666666667,16390.0,19,14,3,2,0.7368421052631579,0.1578947368421052,0.1052631578947368,Tumor,0.7368421052631579,True,,positive,negative,negative,negative,Immune cells,0.446001484619702,0.1302955831409192,0.553998515380298,0.2317853457172342,0.0279506816577046,0.0882620494591598,1.0,508.3936,204.5472,tumor_core,CTA_composition_plus_H&E_patch_feature_proxy,True,-7.285702909122775,7.285702909122775,True,True,False,False,True
TGTATGGCGCAGACAG-1,1,43,93,7650,9433,31443.3333333333,25500.0,11,1,6,4,0.0909090909090909,0.5454545454545454,0.3636363636363636,Immune cells,0.5454545454545454,True,,negative,ambiguous,ambiguous,ambiguous,Immune cells,0.4557420382742201,0.1253407569040027,0.5442579617257799,0.2131660420400847,0.0028787138123947,0.0807476206857011,1.0,392.4128,318.24,immune_enriched,CTA_composition_plus_H&E_patch_feature_proxy,True,38.4164231546874,38.4164231546874,False,False,False,False,True
TGTCATTTGTTGGGAA-1,1,21,109,4312,10826,36086.6666666667,14373.3333333333,4,2,0,2,0.5,0.0,0.5,Tumor,0.5,True,,ambiguous,negative,ambiguous,negative,Immune cells,0.73290243151739,0.1209625766284706,0.26709756848261,0.0855140948346097,0.0062028135353864,0.1120895921721515,1.0,450.36159999999995,179.3792,unmapped_or_excluded,CTA_composition_plus_H&E_patch_feature_proxy,True,14.518459598731582,14.518459598731582,False,False,False,False,True
TGTCCACGGCTCAACT-1,1,65,101,10987,10133,33776.6666666667,36623.3333333333,14,0,6,8,0.0,0.4285714285714285,0.5714285714285714,Stroma,0.5714285714285714,True,,negative,ambiguous,ambiguous,ambiguous,Immune cells,0.6154581500190104,0.1328894095291689,0.3845418499809896,0.1756558579110314,0.0288197273369181,0.107227764400107,1.0,421.5328,457.0592,immune_enriched,CTA_composition_plus_H&E_patch_feature_proxy,True,7.238399999999956,7.238399999999956,True,False,False,False,True
TGTCCGCAAACAATTC-1,1,73,51,12203,5774,19246.6666666667,40676.6666666667,10,0,8,2,0.0,0.8,0.2,Immune cells,0.8,True,,negative,positive,negative,positive,Immune cells,0.7455180779606394,0.1423259707362723,0.2544819220393604,0.1492585954049209,0.0487100103199174,0.0438520047395176,1.0,240.1984,507.6448,immune_enriched,CTA_composition_plus_H&E_patch_feature_proxy,True,19.25397027939949,19.25397027939949,False,False,False,False,True
TGTCGTTATCACATAT-1,1,61,15,10385,2635,8783.33333333334,34616.6666666667,0,0,0,0,0.0,0.0,0.0,unmapped,0.0,False,no_CTA_object_captured,excluded,excluded,excluded,excluded,Immune cells,0.7790559991309544,0.1443818670179882,0.2209440008690456,0.0763673890608875,0.0164901417630764,0.0527730000382219,1.0,109.616,432.01599999999996,unmapped_or_excluded,CTA_composition_plus_H&E_patch_feature_proxy,True,36.23362388058913,36.23362388058913,False,False,False,False,True
TGTGAGACTAGCCCAA-1,1,59,63,10079,6819,22730.0,33596.6666666667,24,21,2,1,0.875,0.0833333333333333,0.0416666666666666,Tumor,0.875,True,,positive,negative,negative,negative,Immune cells,0.4969275614216139,0.1148138919240318,0.5030724385783861,0.2175764488620933,0.0178914779208082,0.0895157283186178,1.0,283.6704,419.28639999999996,tumor_core,CTA_composition_plus_H&E_patch_feature_proxy,True,-7.249628073218664,7.249628073218664,True,True,False,False,True
TGTGCCGGTGCCGGAA-1,1,53,97,9166,9783,32610.0,30553.3333333333,23,22,1,0,0.9565217391304348,0.0434782608695652,0.0,Tumor,0.9565217391304348,True,,positive,negative,negative,negative,Immune cells,0.4520848043741966,0.1260885640222196,0.5479151956258034,0.2144478844169246,0.0017272282874368,0.1005542177884799,1.0,406.9728,381.30559999999997,tumor_core,CTA_composition_plus_H&E_patch_feature_proxy,True,-26.186530888989438,26.186530888989438,False,True,False,False,True
TGTGGACTATCTACGT-1,1,52,126,9013,12311,41036.6666666667,30043.3333333333,30,29,1,0,0.9666666666666668,0.0333333333333333,0.0,Tumor,0.9666666666666668,True,,positive,negative,negative,negative,Immune cells,0.5942896456828346,0.1695554863217141,0.4057103543171654,0.1563304546195209,0.0224322415946988,0.1327408936284065,1.0,512.1376,374.94079999999997,tumor_core,CTA_composition_plus_H&E_patch_feature_proxy,True,-25.165249436474955,25.165249436474955,False,True,False,False,True
TGTGGCGGGCTTCTGG-1,1,65,59,10989,6471,21570.0,36630.0,24,24,0,0,1.0,0.0,0.0,Tumor,1.0,True,,positive,negative,negative,negative,Immune cells,0.5421650100483406,0.1069523358730136,0.4578349899516594,0.1950138504155124,0.014089403074249,0.0739479417497993,1.0,269.1936,457.14239999999995,tumor_core,CTA_composition_plus_H&E_patch_feature_proxy,True,-19.226672140544757,19.226672140544757,False,True,False,False,True
TGTGGCTCCCACCAAC-1,1,44,118,7800,11613,38710.0,26000.0,14,14,0,0,1.0,0.0,0.0,Tumor,1.0,True,,positive,negative,negative,negative,Immune cells,0.412974127785925,0.13756430560343,0.5870258722140749,0.2382380098853946,0.0163923741241649,0.0711271643160188,1.0,483.1008,324.47999999999996,tumor_core,CTA_composition_plus_H&E_patch_feature_proxy,True,-12.564646274368396,12.564646274368396,False,True,False,False,True
TGTGGTAGGGTGCCTT-1,1,53,125,9165,12224,40746.6666666667,30550.0,32,5,27,0,0.15625,0.84375,0.0,Immune cells,0.84375,True,,negative,positive,negative,positive,Immune cells,0.6351601397715135,0.1716436820314072,0.3648398602284866,0.1442615827494432,0.0257346151757101,0.1302373581011352,1.0,508.5184,381.264,immune_enriched,CTA_composition_plus_H&E_patch_feature_proxy,True,19.2082115773437,19.2082115773437,False,False,False,False,True
TGTGGTTGCTAAAGCT-1,1,65,49,10989,5599,18663.3333333333,36630.0,27,25,2,0,0.925925925925926,0.074074074074074,0.0,Tumor,0.925925925925926,True,,positive,negative,negative,negative,Immune cells,0.4576068654608658,0.1231820526676083,0.5423931345391342,0.2280267231546358,0.0149367226114822,0.0894010625692772,1.0,232.9184,457.14239999999995,tumor_core,CTA_composition_plus_H&E_patch_feature_proxy,True,-7.24962807321863,7.24962807321863,True,True,False,False,True
TGTTATTGTATGTGGC-1,1,44,86,7802,8823,29410.0,26006.6666666667,22,22,0,0,1.0,0.0,0.0,Tumor,1.0,True,,positive,negative,negative,negative,Immune cells,0.4635960386001123,0.1218505655862975,0.5364039613998878,0.2114931291075987,0.0060290043995437,0.1092611703550816,1.0,367.03679999999997,324.5632,tumor_core,CTA_composition_plus_H&E_patch_feature_proxy,True,-12.600611845462108,12.600611845462108,False,True,False,False,True
TGTTCCGCTTCCATGA-1,1,36,44,6591,5161,17203.3333333333,21970.0,33,33,0,0,1.0,0.0,0.0,Tumor,1.0,True,,positive,negative,negative,negative,Immune cells,0.4766208607173248,0.1196127349654806,0.5233791392826751,0.2030959752321981,0.0008038672532725,0.1131177617245728,1.0,214.6976,274.18559999999997,tumor_core,CTA_composition_plus_H&E_patch_feature_proxy,True,-7.238519539242798,7.238519539242798,True,True,False,False,True
TGTTCCGGCCTGAGCT-1,1,70,66,11747,7082,23606.6666666667,39156.6666666667,22,21,1,0,0.9545454545454546,0.0454545454545454,0.0,Tumor,0.9545454545454546,True,,positive,negative,negative,negative,Immune cells,0.5737584415114153,0.1152147180555773,0.4262415584885847,0.1832382814621693,0.0155124653739612,0.1012001681764323,1.0,294.6112,488.67519999999996,tumor_core,CTA_composition_plus_H&E_patch_feature_proxy,True,-7.285702909122747,7.285702909122747,True,True,False,False,True
TGTTCGTATTGCGGTG-1,1,49,61,8562,6644,22146.6666666667,28540.0,23,23,0,0,1.0,0.0,0.0,Tumor,1.0,True,,positive,negative,negative,negative,Immune cells,0.4905473177267213,0.1146100321611998,0.5094526822732787,0.202770083102493,0.0057139753408288,0.0947674196384206,1.0,276.3904,356.1792,tumor_core,CTA_composition_plus_H&E_patch_feature_proxy,True,-19.2082115773437,19.2082115773437,False,True,False,False,True
TGTTCTTCCATTGACT-1,1,33,43,6135,5073,16910.0,20450.0,27,14,12,1,0.5185185185185185,0.4444444444444444,0.037037037037037,Tumor,0.5185185185185185,True,,ambiguous,ambiguous,negative,ambiguous,Immune cells,0.5051690112794887,0.1019880194982152,0.4948309887205112,0.1854000325892129,-0.0035630872847754,0.0749531781523525,1.0,211.0368,255.21599999999998,immune_enriched,CTA_composition_plus_H&E_patch_feature_proxy,True,12.543762446730238,12.543762446730238,False,False,False,False,True
TGTTGCCGTCGTCCCA-1,1,46,122,8103,11962,39873.3333333333,27010.0,29,29,0,0,1.0,0.0,0.0,Tumor,1.0,True,,positive,negative,negative,negative,Immune cells,0.4101714554704615,0.1289960088991893,0.5898285445295385,0.2278855032317636,0.0067894193688555,0.0815502809310858,1.0,497.6192,337.0848,tumor_core,CTA_composition_plus_H&E_patch_feature_proxy,True,-19.278761387599562,19.278761387599562,False,True,False,False,True
TGTTTGAGATCGTCAG-1,1,49,115,8559,11352,37840.0,28530.0,22,19,0,3,0.8636363636363636,0.0,0.1363636363636363,Tumor,0.8636363636363636,True,,positive,negative,negative,negative,Immune cells,0.4720764760197707,0.1319808925068094,0.5279235239802292,0.2164358264081255,0.0146868719787083,0.077479646829492,1.0,472.2432,356.0544,tumor_core,CTA_composition_plus_H&E_patch_feature_proxy,True,-7.238399999999956,7.238399999999956,True,True,False,False,True
TTAAACTCGAATTCAT-1,1,31,95,5829,9606,32020.0,19430.0,31,31,0,0,1.0,0.0,0.0,Tumor,1.0,True,,positive,negative,negative,negative,Immune cells,0.4107725453985842,0.1277708961794855,0.5892274546014158,0.2100374775949161,-0.0082450708815382,0.1065397699040629,1.0,399.6096,242.48639999999997,tumor_core,CTA_composition_plus_H&E_patch_feature_proxy,True,-26.151945133010695,26.151945133010695,False,True,False,False,True
TTAAAGGCGATGCTCG-1,1,73,49,12203,5600,18666.6666666667,40676.6666666667,23,0,22,1,0.0,0.9565217391304348,0.0434782608695652,Immune cells,0.9565217391304348,True,,negative,positive,negative,positive,Immune cells,0.7848605000633679,0.1003340810836138,0.215139499936632,0.1327250013578838,0.0476345662918907,0.0262393456407904,1.0,232.95999999999998,507.6448,immune_enriched,CTA_composition_plus_H&E_patch_feature_proxy,True,19.194557361919028,19.194557361919028,False,False,False,False,True
TTAACGAACAAGCAGT-1,1,22,114,4463,11262,37540.0,14876.6666666667,32,32,0,0,1.0,0.0,0.0,Tumor,1.0,True,,positive,negative,negative,negative,Immune cells,0.5023772020350152,0.178827972596794,0.4976227979649847,0.1931562652761935,0.0251262832002607,0.1493903604326721,1.0,468.4992,185.6608,tumor_core,CTA_composition_plus_H&E_patch_feature_proxy,True,-7.285702909122771,7.285702909122771,True,True,False,False,True
TTAAGATAGGATTGAC-1,1,43,101,7649,10131,33770.0,25496.6666666667,30,30,0,0,1.0,0.0,0.0,Tumor,1.0,True,,positive,negative,negative,negative,Immune cells,0.4194666232143826,0.1290458859606829,0.5805333767856172,0.2294497854543479,0.0121123241540383,0.0907999847112334,1.0,421.4496,318.1984,tumor_core,CTA_composition_plus_H&E_patch_feature_proxy,True,-14.476800000000026,14.476800000000026,False,True,False,False,True
TTAAGGCCCGTACTTT-1,1,59,25,10081,3506,11686.6666666667,33603.3333333333,7,0,0,7,0.0,0.0,1.0,Stroma,1.0,True,,negative,negative,positive,negative,Immune cells,0.7501747143917586,0.1289310333871062,0.2498252856082414,0.0800282439845744,0.0037694856335886,0.0959140771318274,1.0,145.84959999999998,419.3696,stroma_rich,CTA_composition_plus_H&E_patch_feature_proxy,True,7.24962807321863,7.24962807321863,True,False,True,False,True
TTAAGTATTGTTATCC-1,1,64,90,10836,9174,30580.0,36120.0,13,9,0,4,0.6923076923076923,0.0,0.3076923076923077,Tumor,0.6923076923076923,True,,positive,negative,ambiguous,negative,Immune cells,0.4902069415023627,0.123030671782787,0.5097930584976372,0.2131117266851339,0.0114170876106675,0.0906050529373542,1.0,381.6384,450.7776,mixed_boundary,CTA_composition_plus_H&E_patch_feature_proxy,True,0.0,0.0,True,False,True,True,True
TTAATTGCTTTGGGTG-1,1,62,76,10533,7953,26510.0,35110.0,12,7,3,2,0.5833333333333334,0.25,0.1666666666666666,Tumor,0.5833333333333334,True,,ambiguous,ambiguous,negative,ambiguous,Immune cells,0.5181902123730379,0.1214424232549846,0.4818097876269621,0.2175329965781326,0.0199880506219108,0.0814547261399686,1.0,330.84479999999996,438.1728,mixed_boundary,CTA_composition_plus_H&E_patch_feature_proxy,True,0.0,0.0,True,False,True,True,True
TTACACGATCTGCGAC-1,1,62,110,10531,10917,36390.0,35103.3333333333,27,27,0,0,1.0,0.0,0.0,Tumor,1.0,True,,positive,negative,negative,negative,Immune cells,0.5797946879582859,0.1149143921795309,0.4202053120417142,0.1744391939601325,0.013893867796426,0.1044910751825096,1.0,454.1472,438.08959999999996,tumor_core,CTA_composition_plus_H&E_patch_feature_proxy,True,-7.238400000000013,7.238400000000013,True,True,False,False,True
TTACAGACCTAAATGA-1,1,26,96,5071,9693,32310.0,16903.3333333333,0,0,0,0,0.0,0.0,0.0,unmapped,0.0,False,no_CTA_object_captured,excluded,excluded,excluded,excluded,Immune cells,0.5718501620408089,0.1766087609158147,0.428149837959191,0.1605453261637064,0.0099288468850143,0.1261820127661201,1.0,403.2288,210.9536,unmapped_or_excluded,CTA_composition_plus_H&E_patch_feature_proxy,True,47.68436178706809,47.68436178706809,False,False,False,False,True
TTACATGCCACAACTA-1,1,41,103,7346,10305,34350.0,24486.6666666667,26,25,0,1,0.9615384615384616,0.0,0.0384615384615384,Tumor,0.9615384615384616,True,,positive,negative,negative,negative,Immune cells,0.4087013198631253,0.1352906742581733,0.5912986801368747,0.2262560425832382,0.0071479007115311,0.0857661583151779,1.0,428.688,305.5936,tumor_core,CTA_composition_plus_H&E_patch_feature_proxy,True,-14.535316219470442,14.535316219470442,False,True,False,False,True
TTACCCTAGGGATTGG-1,1,60,58,10230,6383,21276.6666666667,34100.0,29,19,10,0,0.6551724137931034,0.3448275862068966,0.0,Tumor,0.6551724137931034,True,,positive,ambiguous,negative,ambiguous,Immune cells,0.4698604095377763,0.1205256611821023,0.5301395904622237,0.2118950627342349,0.0013578838737711,0.1012460344761686,1.0,265.5328,425.568,immune_enriched,CTA_composition_plus_H&E_patch_feature_proxy,True,14.518399999999986,14.518399999999986,False,False,False,False,True
TTACGGATGGTTCGAG-1,1,33,93,6133,9432,31440.0,20443.3333333333,18,18,0,0,1.0,0.0,0.0,Tumor,1.0,True,,positive,negative,negative,negative,Immune cells,0.4196259482555718,0.1210071219491039,0.5803740517444281,0.2226820922274727,0.0024659171147683,0.0911019378511638,1.0,392.3712,255.13279999999997,tumor_core,CTA_composition_plus_H&E_patch_feature_proxy,True,-19.2082115773437,19.2082115773437,False,True,False,False,True
TTACGTATCTATGACA-1,1,64,116,10834,11440,38133.3333333333,36113.3333333333,0,0,0,0,0.0,0.0,0.0,unmapped,0.0,False,no_CTA_object_captured,excluded,excluded,excluded,excluded,Immune cells,0.8320750276103054,0.0457452577037488,0.1679249723896945,0.1082939547009939,0.042833088914236,0.0057179987004548,1.0,475.904,450.6944,unmapped_or_excluded,CTA_composition_plus_H&E_patch_feature_proxy,True,7.285702909122775,7.285702909122775,True,False,False,False,True
TTACTAAAGGACTTTA-1,1,48,78,8409,8126,27086.6666666667,28030.0,28,28,0,0,1.0,0.0,0.0,Tumor,1.0,True,,positive,negative,negative,negative,Immune cells,0.4287581699346405,0.1230076824715939,0.5712418300653593,0.2285372874911737,0.0107761664222475,0.0961434086305087,1.0,338.04159999999996,349.8144,tumor_core,CTA_composition_plus_H&E_patch_feature_proxy,True,-12.564646274368446,12.564646274368446,False,True,False,False,True
TTACTCCGGCCGGGAA-1,1,34,78,6285,8125,27083.3333333333,20950.0,19,15,1,3,0.7894736842105263,0.0526315789473684,0.1578947368421052,Tumor,0.7894736842105263,True,,positive,negative,negative,negative,Immune cells,0.5575109083337859,0.1426308375923756,0.442489091666214,0.167975666720982,0.0098853946010537,0.1299124718113366,1.0,338.0,261.45599999999996,tumor_core,CTA_composition_plus_H&E_patch_feature_proxy,True,-7.285702909122796,7.285702909122796,True,True,False,False,True
TTACTCTGGTACGTAC-1,1,43,31,7653,4028,13426.6666666667,25510.0,33,32,0,1,0.9696969696969696,0.0,0.0303030303030303,Tumor,0.9696969696969696,True,,positive,negative,negative,negative,Immune cells,0.6841308637951948,0.1722835917355746,0.315869136204805,0.1031991744066047,-0.0046711205257726,0.0874785001719986,1.0,167.5648,318.3648,tumor_core,CTA_composition_plus_H&E_patch_feature_proxy,True,-14.571405818245509,14.571405818245509,False,True,False,False,True
TTACTGGGATATTTCA-1,1,44,54,7804,6033,20110.0,26013.3333333333,25,25,0,0,1.0,0.0,0.0,Tumor,1.0,True,,positive,negative,negative,negative,Immune cells,0.4584903952347328,0.1227999168117235,0.5415096047652671,0.2262451795122481,0.0142632122100917,0.0995069372778351,1.0,250.97279999999998,324.64639999999997,tumor_core,CTA_composition_plus_H&E_patch_feature_proxy,True,-12.600611845462083,12.600611845462083,False,True,False,False,True
TTAGAAGAACATGACT-1,1,52,64,9017,6906,23020.0,30056.6666666667,14,7,1,6,0.5,0.0714285714285714,0.4285714285714285,Tumor,0.5,True,,ambiguous,negative,ambiguous,negative,Immune cells,0.4883928086470044,0.1164522703141848,0.5116071913529955,0.2128292868393894,0.0129813698332518,0.0913465581164239,1.0,287.2896,375.1072,stroma_rich,CTA_composition_plus_H&E_patch_feature_proxy,True,0.0,0.0,True,False,True,True,True
TTAGAATAAGGGTCGG-1,1,61,45,10383,5250,17500.0,34610.0,15,14,0,1,0.9333333333333332,0.0,0.0666666666666666,Tumor,0.9333333333333332,True,,positive,negative,negative,negative,Immune cells,0.4835044267014284,0.1193882357550584,0.5164955732985714,0.2061702243224159,-0.0003367552006952,0.097897794595421,1.0,218.39999999999998,431.9328,tumor_core,CTA_composition_plus_H&E_patch_feature_proxy,True,-19.270905340434833,19.270905340434833,False,True,False,False,True
TTAGACGAGTCACCTC-1,1,48,80,8409,8300,27666.6666666667,28030.0,24,24,0,0,1.0,0.0,0.0,Tumor,1.0,True,,positive,negative,negative,negative,Immune cells,0.4476888816468415,0.1232258668495258,0.5523111183531584,0.2206398348813209,0.0073108467763836,0.1022665596453006,1.0,345.28,349.8144,tumor_core,CTA_composition_plus_H&E_patch_feature_proxy,True,-7.285702909122775,7.285702909122775,True,True,False,False,True
TTAGAGTTTAGAAGGA-1,1,46,86,8105,8823,29410.0,27016.6666666667,19,16,0,3,0.8421052631578947,0.0,0.1578947368421052,Tumor,0.8421052631578947,True,,positive,negative,negative,negative,Immune cells,0.47482121195662,0.1222477267192345,0.5251787880433798,0.2111998261908641,0.0066481994459833,0.1126590987272102,1.0,367.03679999999997,337.168,tumor_core,CTA_composition_plus_H&E_patch_feature_proxy,True,-12.57978772475913,12.57978772475913,False,True,False,False,True
TTAGCTGATTTGCCGT-1,1,38,94,6891,9520,31733.3333333333,22970.0,32,32,0,0,1.0,0.0,0.0,Tumor,1.0,True,,positive,negative,negative,negative,Immune cells,0.3899299331921134,0.1248029086392034,0.6100700668078867,0.2305143664113844,0.0057791537667698,0.0771815158812062,1.0,396.032,286.6656,tumor_core,CTA_composition_plus_H&E_patch_feature_proxy,True,-43.68348633705877,43.68348633705877,False,True,False,False,True
TTAGGATGGGAGGGTA-1,1,47,127,8255,12398,41326.6666666667,27516.6666666667,34,34,0,0,1.0,0.0,0.0,Tumor,1.0,True,,positive,negative,negative,negative,Immune cells,0.4783842992413954,0.1414097756971344,0.5216157007586044,0.2010428548150561,0.0204117103905274,0.1057179987004548,1.0,515.7568,343.40799999999996,tumor_core,CTA_composition_plus_H&E_patch_feature_proxy,True,-33.35855728295215,33.35855728295215,False,True,False,False,True
TTAGGTCATAACCGAC-1,1,58,38,9928,4639,15463.3333333333,33093.3333333333,10,7,0,3,0.7,0.0,0.3,Tumor,0.7,True,,positive,negative,ambiguous,negative,Immune cells,0.505581807977115,0.1255487207466887,0.4944181920228848,0.2092010211286731,0.0127858345554288,0.0963154072545197,1.0,192.98239999999998,413.0048,tumor_core,CTA_composition_plus_H&E_patch_feature_proxy,True,-14.518400000000014,14.518400000000014,False,True,False,False,True
TTAGTAAACCTGCTCT-1,1,62,94,10532,9522,31740.0,35106.6666666667,25,22,0,3,0.88,0.0,0.12,Tumor,0.88,True,,positive,negative,negative,negative,Immune cells,0.4831061140984556,0.1268783131011032,0.5168938859015444,0.2132746727499864,0.0037912117755689,0.0920039750793104,1.0,396.11519999999996,438.1312,tumor_core,CTA_composition_plus_H&E_patch_feature_proxy,True,-7.238400000000013,7.238400000000013,True,True,False,False,True
TTAGTTATTCGTGGCA-1,1,47,91,8257,9259,30863.3333333333,27523.3333333333,21,21,0,0,1.0,0.0,0.0,Tumor,1.0,True,,positive,negative,negative,negative,Immune cells,0.4556841018956059,0.1244827278192036,0.5443158981043941,0.2222258432458856,0.0114931291075987,0.0966861598440545,1.0,385.1744,343.4912,tumor_core,CTA_composition_plus_H&E_patch_feature_proxy,True,-21.8210142239081,21.8210142239081,False,True,False,False,True
TTAGTTCAAGTGTTCG-1,1,22,112,4463,11088,36960.0,14876.6666666667,14,2,8,4,0.1428571428571428,0.5714285714285714,0.2857142857142857,Immune cells,0.5714285714285714,True,,negative,ambiguous,ambiguous,ambiguous,Immune cells,0.5678597939637534,0.1848281752105453,0.4321402060362465,0.1619466623214382,0.0194014447884416,0.1570920765967206,1.0,461.26079999999996,185.6608,immune_enriched,CTA_composition_plus_H&E_patch_feature_proxy,True,7.2857029091228,7.2857029091228,True,False,False,False,True
TTATAGGTAATTGTCT-1,1,61,73,10381,7691,25636.6666666667,34603.3333333333,22,21,1,0,0.9545454545454546,0.0454545454545454,0.0,Tumor,0.9545454545454546,True,,positive,negative,negative,negative,Immune cells,0.5204352470443394,0.1166873473749271,0.4795647529556605,0.208169029384607,0.0100157514529357,0.084596567671903,1.0,319.9456,431.84959999999995,tumor_core,CTA_composition_plus_H&E_patch_feature_proxy,True,-12.600611845462087,12.600611845462087,False,True,False,False,True
TTATATACGCTGTCAC-1,1,38,74,6892,7776,25920.0,22973.3333333333,24,24,0,0,1.0,0.0,0.0,Tumor,1.0,True,,positive,negative,negative,negative,Immune cells,0.4672134412398385,0.1159869318271159,0.5327865587601615,0.2034001412199228,0.0012166639508989,0.1090356610480449,1.0,323.48159999999996,286.7072,tumor_core,CTA_composition_plus_H&E_patch_feature_proxy,True,-14.535316219470442,14.535316219470442,False,True,False,False,True
TTATCCGGGATCTATA-1,1,51,87,8864,8911,29703.3333333333,29546.6666666667,32,32,0,0,1.0,0.0,0.0,Tumor,1.0,True,,positive,negative,negative,negative,Immune cells,0.4682454329839046,0.125335215206945,0.5317545670160954,0.2236923578295584,0.0144044321329639,0.0948629744295379,1.0,370.69759999999997,368.7424,tumor_core,CTA_composition_plus_H&E_patch_feature_proxy,True,-7.285702909122775,7.285702909122775,True,True,False,False,True
TTATGAATGAAAGGGA-1,1,41,63,7348,6817,22723.3333333333,24493.3333333333,22,22,0,0,1.0,0.0,0.0,Tumor,1.0,True,,positive,negative,negative,negative,Immune cells,0.4480256368475367,0.1240306494780845,0.5519743631524632,0.215946988213568,0.0065830210200423,0.105702709933876,1.0,283.5872,305.6768,tumor_core,CTA_composition_plus_H&E_patch_feature_proxy,True,-26.141917958711485,26.141917958711485,False,True,False,False,True
TTATGATCTTAACGAA-1,1,38,82,6892,8474,28246.6666666667,22973.3333333333,35,35,0,0,1.0,0.0,0.0,Tumor,1.0,True,,positive,negative,negative,negative,Immune cells,0.4589031919323593,0.1165802696464677,0.5410968080676407,0.2069632285046982,0.0016294606485253,0.1065627030539311,1.0,352.5184,286.7072,tumor_core,CTA_composition_plus_H&E_patch_feature_proxy,True,-21.841743168529383,21.841743168529383,False,True,False,False,True
TTATGCGTCCCGGTCC-1,1,7,45,2191,5245,17483.3333333333,7303.33333333333,0,0,0,0,0.0,0.0,0.0,unmapped,0.0,False,no_CTA_object_captured,excluded,excluded,excluded,excluded,Immune cells,0.7624355005159958,0.0661729114956588,0.2375644994840041,0.0672424094291456,0.0039758839824018,0.0816381913389137,1.0,218.19199999999998,91.1456,unmapped_or_excluded,CTA_composition_plus_H&E_patch_feature_proxy,True,153.0084080053119,153.0084080053119,False,False,False,False,True
TTATTAGAGCGTGTTC-1,1,46,70,8106,7428,24760.0,27020.0,25,25,0,0,1.0,0.0,0.0,Tumor,1.0,True,,positive,negative,negative,negative,Immune cells,0.4447811996451397,0.1248056347102171,0.5552188003548603,0.2292542501765249,0.0111781000488838,0.0957076787830141,1.0,309.0048,337.20959999999997,tumor_core,CTA_composition_plus_H&E_patch_feature_proxy,True,-21.8210142239081,21.8210142239081,False,True,False,False,True
TTATTATCTGGAAGGC-1,1,55,121,9469,11875,39583.3333333333,31563.3333333333,20,2,18,0,0.1,0.9,0.0,Immune cells,0.9,True,,negative,positive,negative,positive,Immune cells,0.6318360400485217,0.141097835845084,0.3681639599514782,0.1476291347563956,0.0143392537070229,0.1088713068073233,1.0,494.0,393.9104,immune_enriched,CTA_composition_plus_H&E_patch_feature_proxy,True,7.238400000000013,7.238400000000013,True,False,False,False,True
TTCAAAGTCTCTAGCC-1,1,35,75,6437,7863,26210.0,21456.6666666667,26,26,0,0,1.0,0.0,0.0,Tumor,1.0,True,,positive,negative,negative,negative,Immune cells,0.4991762171165789,0.1294795566689219,0.5008237828834211,0.1879963065558633,1.0863070990169803e-05,0.1141956197683751,1.0,327.1008,267.7792,tumor_core,CTA_composition_plus_H&E_patch_feature_proxy,True,-7.285702909122747,7.285702909122747,True,True,False,False,True
TTCAATACTCTGAATC-1,1,38,86,6892,8822,29406.6666666667,22973.3333333333,30,29,0,1,0.9666666666666668,0.0,0.0333333333333333,Tumor,0.9666666666666668,True,,positive,negative,negative,negative,Immune cells,0.4382307678380678,0.121473783063213,0.5617692321619322,0.2124925316386942,0.004888381945576,0.10842028819325,1.0,366.9952,286.7072,tumor_core,CTA_composition_plus_H&E_patch_feature_proxy,True,-31.65770932964041,31.65770932964041,False,True,False,False,True
TTCACGAAAGGATCAC-1,1,38,54,6893,6033,20110.0,22976.6666666667,18,1,17,0,0.0555555555555555,0.9444444444444444,0.0,Immune cells,0.9444444444444444,True,,negative,positive,negative,positive,Immune cells,0.5520829938623648,0.101537578770074,0.4479170061376351,0.1679973928629623,6.517842594101544e-05,0.0919925085043764,1.0,250.97279999999998,286.74879999999996,immune_enriched,CTA_composition_plus_H&E_patch_feature_proxy,True,12.543762446730248,12.543762446730248,False,False,False,False,True
TTCACTCGAGCACCTA-1,1,55,69,9471,7342,24473.3333333333,31570.0,19,17,2,0,0.8947368421052632,0.1052631578947368,0.0,Tumor,0.8947368421052632,True,,positive,negative,negative,negative,Immune cells,0.5232849926674271,0.1181778226973689,0.476715007332573,0.2012709793058497,0.0102112867307587,0.0848832320452547,1.0,305.42719999999997,393.99359999999996,tumor_core,CTA_composition_plus_H&E_patch_feature_proxy,True,-7.23851953924277,7.23851953924277,True,True,False,False,True
TTCACTTCCTAGAACG-1,1,67,51,11293,5774,19246.6666666667,37643.3333333333,16,15,0,1,0.9375,0.0,0.0625,Tumor,0.9375,True,,positive,negative,negative,negative,Immune cells,0.4558687741024387,0.1225457743753818,0.5441312258975612,0.2286893704850361,0.0144478844169246,0.0850475862859763,1.0,240.1984,469.7888,tumor_core,CTA_composition_plus_H&E_patch_feature_proxy,True,-14.535316219470428,14.535316219470428,False,True,False,False,True
TTCAGCCCTGGTCCAC-1,1,47,85,8257,8736,29120.0,27523.3333333333,20,20,0,0,1.0,0.0,0.0,Tumor,1.0,True,,positive,negative,negative,negative,Immune cells,0.4837180670975685,0.1230342942701443,0.5162819329024315,0.2165879094019879,0.0141545815001901,0.106256927722356,1.0,363.4176,343.4912,tumor_core,CTA_composition_plus_H&E_patch_feature_proxy,True,-12.604800000000012,12.604800000000012,False,True,False,False,True
TTCAGCTGGCGTGCCC-1,1,55,95,9470,9609,32030.0,31566.6666666667,28,28,0,0,1.0,0.0,0.0,Tumor,1.0,True,,positive,negative,negative,negative,Immune cells,0.5060778882189996,0.1228036820248851,0.4939221117810005,0.2044104068220085,0.0072348052794524,0.0912395367503726,1.0,399.7344,393.952,tumor_core,CTA_composition_plus_H&E_patch_feature_proxy,True,-31.657709329640365,31.657709329640365,False,True,False,False,True
TTCAGTTCAAGAGGAG-1,1,72,38,12052,4641,15470.0,40173.3333333333,11,1,5,5,0.0909090909090909,0.4545454545454545,0.4545454545454545,Immune cells,0.4545454545454545,True,,negative,ambiguous,ambiguous,ambiguous,Immune cells,0.8158383575036663,0.0426018676986191,0.1841616424963336,0.1001901037423279,0.0363586986040953,0.0070137216680044,1.0,193.0656,501.36319999999995,immune_enriched,CTA_composition_plus_H&E_patch_feature_proxy,True,7.285702909122762,7.285702909122762,True,False,False,False,True
TTCCAATCTGGCTATC-1,1,48,46,8411,5336,17786.6666666667,28036.6666666667,28,11,16,1,0.3928571428571428,0.5714285714285714,0.0357142857142857,Immune cells,0.5714285714285714,True,,ambiguous,ambiguous,negative,ambiguous,Immune cells,0.4810892039179475,0.1158899639606006,0.5189107960820524,0.2161642496333713,0.0138395524414752,0.0854068723005771,1.0,221.9776,349.8976,immune_enriched,CTA_composition_plus_H&E_patch_feature_proxy,True,7.238400000000013,7.238400000000013,True,False,False,False,True
TTCCACACAGATTTGA-1,1,50,46,8714,5336,17786.6666666667,29046.6666666667,25,25,0,0,1.0,0.0,0.0,Tumor,1.0,True,,positive,negative,negative,negative,Immune cells,0.468770481415096,0.1285581354782439,0.531229518584904,0.2201509966867633,0.0109825647710607,0.1083744218935137,1.0,221.9776,362.50239999999997,tumor_core,CTA_composition_plus_H&E_patch_feature_proxy,True,-12.56464627436845,12.56464627436845,False,True,False,False,True
TTCCAGACGAGATTTA-1,1,39,111,7042,11002,36673.3333333333,23473.3333333333,20,20,0,0,1.0,0.0,0.0,Tumor,1.0,True,,positive,negative,negative,negative,Immune cells,0.4037332753969547,0.1260261795765807,0.5962667246030453,0.240584433219271,0.0176199011460539,0.0894087069525665,1.0,457.6832,292.9472,tumor_core,CTA_composition_plus_H&E_patch_feature_proxy,True,-33.3313883251208,33.3313883251208,False,True,False,False,True
TTCCATCGACAGCGTG-1,1,61,107,10380,10655,35516.6666666667,34600.0,10,5,0,5,0.5,0.0,0.5,Tumor,0.5,True,,ambiguous,negative,ambiguous,negative,Immune cells,0.5303858200713342,0.122011989199437,0.4696141799286658,0.2006300581174298,0.0119928303731464,0.0888736001223101,1.0,443.248,431.808,stroma_rich,CTA_composition_plus_H&E_patch_feature_proxy,True,0.0,0.0,True,False,True,True,True
TTCCGCGTGAGGCGAT-1,1,46,64,8106,6905,23016.6666666667,27020.0,16,13,0,3,0.8125,0.0,0.1875,Tumor,0.8125,True,,positive,negative,negative,negative,Immune cells,0.4904857603244437,0.1209622342062516,0.5095142396755563,0.2048014773776546,0.0062245396773667,0.1028819325000955,1.0,287.248,337.20959999999997,tumor_core,CTA_composition_plus_H&E_patch_feature_proxy,True,-7.2385195392428265,7.2385195392428265,True,True,False,False,True
TTCCGGCCTTGAGGCT-1,1,54,44,9321,5162,17206.6666666667,31070.0,25,23,0,2,0.92,0.0,0.08,Tumor,0.92,True,,positive,negative,negative,negative,Immune cells,0.4955696775478428,0.1224153068514221,0.5044303224521571,0.2070066807886589,0.0079843571777741,0.1055498222680885,1.0,214.73919999999998,387.7536,tumor_core,CTA_composition_plus_H&E_patch_feature_proxy,True,-7.2857029091228105,7.2857029091228105,True,True,False,False,True
TTCCGGTATCTGTGTC-1,1,41,115,7345,11351,37836.6666666667,24483.3333333333,28,28,0,0,1.0,0.0,0.0,Tumor,1.0,True,,positive,negative,negative,negative,Immune cells,0.3998768851954448,0.128312224028965,0.6001231148045553,0.2462440932051491,0.0225191461626201,0.0783014180331001,1.0,472.2016,305.55199999999996,tumor_core,CTA_composition_plus_H&E_patch_feature_proxy,True,-25.144369733202705,25.144369733202705,False,True,False,False,True
TTCCGGTTACCCACTT-1,1,45,87,7953,8910,29700.0,26510.0,32,32,0,0,1.0,0.0,0.0,Tumor,1.0,True,,positive,negative,negative,negative,Immune cells,0.4638929625405102,0.1189735782295469,0.5361070374594897,0.2132746727499864,0.005279452501222,0.1053778236440775,1.0,370.656,330.84479999999996,tumor_core,CTA_composition_plus_H&E_patch_feature_proxy,True,-14.518459598731582,14.518459598731582,False,True,False,False,True
TTCCTCGGACTAACCA-1,1,50,86,8712,8823,29410.0,29040.0,32,16,13,3,0.5,0.40625,0.09375,Tumor,0.5,True,,ambiguous,ambiguous,negative,ambiguous,Immune cells,0.4848804156935165,0.1262205436031931,0.5151195843064834,0.2186301667481397,0.016207701917332,0.0985705003248862,1.0,367.03679999999997,362.4192,immune_enriched,CTA_composition_plus_H&E_patch_feature_proxy,True,7.28000000000003,7.28000000000003,True,False,False,False,True
TTCGACAGAGCCCGTG-1,1,52,68,9016,7254,24180.0,30053.3333333333,27,27,0,0,1.0,0.0,0.0,Tumor,1.0,True,,positive,negative,negative,negative,Immune cells,0.4674125975413249,0.1153883573019715,0.5325874024586751,0.2102004236597686,-0.0006517842594101,0.0866223292435882,1.0,301.7664,375.06559999999996,tumor_core,CTA_composition_plus_H&E_patch_feature_proxy,True,-14.476859769991526,14.476859769991526,False,True,False,False,True
TTCGCACTGTACGACA-1,1,61,59,10382,6471,21570.0,34606.6666666667,22,12,10,0,0.5454545454545454,0.4545454545454545,0.0,Tumor,0.5454545454545454,True,,ambiguous,ambiguous,negative,ambiguous,Immune cells,0.4889250991255228,0.1193380689086733,0.5110749008744773,0.2125794362066156,0.0063548965292488,0.090337499522226,1.0,269.1936,431.89119999999997,immune_enriched,CTA_composition_plus_H&E_patch_feature_proxy,True,7.285702909122747,7.285702909122747,True,False,False,False,True
TTCGCGCGCCATACGA-1,1,59,47,10079,5424,18080.0,33596.6666666667,22,22,0,0,1.0,0.0,0.0,Tumor,1.0,True,,positive,negative,negative,negative,Immune cells,0.4717505838900657,0.1247013808129617,0.5282494161099343,0.2143175275650426,0.0066156102330128,0.0999847112334212,1.0,225.6384,419.28639999999996,tumor_core,CTA_composition_plus_H&E_patch_feature_proxy,True,-14.535316219470392,14.535316219470392,False,True,False,False,True
TTCGCTAGGAAGTTGT-1,1,41,117,7345,11525,38416.6666666667,24483.3333333333,27,27,0,0,1.0,0.0,0.0,Tumor,1.0,True,,positive,negative,negative,negative,Immune cells,0.3956583926275958,0.1295786946045748,0.6043416073724042,0.2479821845635761,0.023344739557873,0.0700645950387952,1.0,479.44,305.55199999999996,tumor_core,CTA_composition_plus_H&E_patch_feature_proxy,True,-19.226672140544757,19.226672140544757,False,True,False,False,True
TTCGGGACTAATCGCG-1,1,36,72,6589,7602,25340.0,21963.3333333333,24,16,8,0,0.6666666666666666,0.3333333333333333,0.0,Tumor,0.6666666666666666,True,,positive,ambiguous,negative,ambiguous,Immune cells,0.4816432205384462,0.1195575999730944,0.5183567794615538,0.1973059583944381,-0.0007821411112921,0.1194167335550204,1.0,316.2432,274.1024,immune_enriched,CTA_composition_plus_H&E_patch_feature_proxy,True,12.600611845462108,12.600611845462108,False,False,False,False,True
TTCGGGCGCTAGTCTT-1,1,55,37,9473,4552,15173.3333333333,31576.6666666667,21,21,0,0,1.0,0.0,0.0,Tumor,1.0,True,,positive,negative,negative,negative,Immune cells,0.468705302989155,0.1203827001453629,0.5312946970108449,0.2109282494161099,0.0001846722068328,0.0946986201888162,1.0,189.36319999999998,394.0768,tumor_core,CTA_composition_plus_H&E_patch_feature_proxy,True,-19.2082115773437,19.2082115773437,False,True,False,False,True
TTCGGGTTGCCACGGG-1,1,61,117,10379,11527,38423.3333333333,34596.6666666667,26,0,26,0,0.0,1.0,0.0,Immune cells,1.0,True,,negative,positive,negative,positive,Immune cells,0.7826263284630566,0.1133317706824071,0.2173736715369433,0.116147955026886,0.0371191135734071,0.0420823300080266,1.0,479.5232,431.7664,immune_enriched,CTA_composition_plus_H&E_patch_feature_proxy,True,7.238400000000013,7.238400000000013,True,False,False,False,True
TTCGGTACTGTAGAGG-1,1,67,63,11292,6820,22733.3333333333,37640.0,18,12,3,3,0.6666666666666666,0.1666666666666666,0.1666666666666666,Tumor,0.6666666666666666,True,,positive,negative,negative,negative,Immune cells,0.5214201654807814,0.1207110673539493,0.4785798345192185,0.2007386888273314,0.0124382162837434,0.0897909261170355,1.0,283.712,469.74719999999996,mixed_boundary,CTA_composition_plus_H&E_patch_feature_proxy,True,0.0,0.0,True,False,True,True,True
TTCGGTGGAGACGCCC-1,1,47,121,8255,11875,39583.3333333333,27516.6666666667,15,5,8,2,0.3333333333333333,0.5333333333333333,0.1333333333333333,Immune cells,0.5333333333333333,True,,ambiguous,ambiguous,negative,ambiguous,Immune cells,0.3972733691814676,0.1248938816317344,0.6027266308185324,0.2272445820433436,0.0021291619140731,0.0742002063983488,1.0,494.0,343.40799999999996,immune_enriched,CTA_composition_plus_H&E_patch_feature_proxy,True,19.253970279399567,19.253970279399567,False,False,False,False,True
TTCTAACCGAAGCTTA-1,1,34,90,6285,9171,30570.0,20950.0,32,32,0,0,1.0,0.0,0.0,Tumor,1.0,True,,positive,negative,negative,negative,Immune cells,0.4215269856788514,0.1255092405323829,0.5784730143211485,0.2172722828743686,0.0036391287817065,0.1097121889691549,1.0,381.5136,261.45599999999996,tumor_core,CTA_composition_plus_H&E_patch_feature_proxy,True,-14.592115438139862,14.592115438139862,False,True,False,False,True
TTCTAGAAAGTCTTAT-1,1,60,46,10231,5337,17790.0,34103.3333333333,20,20,0,0,1.0,0.0,0.0,Tumor,1.0,True,,positive,negative,negative,negative,Immune cells,0.4794706063404124,0.1242798565191252,0.5205293936595875,0.2082776600945087,-0.0009450871761446,0.1104498719565799,1.0,222.01919999999998,425.6096,tumor_core,CTA_composition_plus_H&E_patch_feature_proxy,True,-19.226672140544757,19.226672140544757,False,True,False,False,True
TTCTATGCCTTTCGCA-1,1,29,121,5524,11873,39576.6666666667,18413.3333333333,22,22,0,0,1.0,0.0,0.0,Tumor,1.0,True,,positive,negative,negative,negative,Immune cells,0.4179928665833831,0.1286066730561041,0.5820071334166168,0.2421378523708652,0.0235728640486665,0.0828498260902801,1.0,493.91679999999997,229.7984,tumor_core,CTA_composition_plus_H&E_patch_feature_proxy,True,-21.8210142239081,21.8210142239081,False,True,False,False,True
TTCTATTAAACGCAGC-1,1,67,55,11293,6122,20406.6666666667,37643.3333333333,18,17,1,0,0.9444444444444444,0.0555555555555555,0.0,Tumor,0.9444444444444444,True,,positive,negative,negative,negative,Immune cells,0.5069867651585103,0.117352851178104,0.4930132348414896,0.2200532290478518,0.0221823909619249,0.0729388831556014,1.0,254.6752,469.7888,tumor_core,CTA_composition_plus_H&E_patch_feature_proxy,True,-14.535316219470442,14.535316219470442,False,True,False,False,True
TTCTGACCGGGCTCAA-1,1,52,84,9016,8649,28830.0,30053.3333333333,29,29,0,0,1.0,0.0,0.0,Tumor,1.0,True,,positive,negative,negative,negative,Immune cells,0.4760559810258359,0.1234850258179911,0.523944018974164,0.2189995111618054,0.0106892618543262,0.0976913962466077,1.0,359.79839999999996,375.06559999999996,tumor_core,CTA_composition_plus_H&E_patch_feature_proxy,True,-7.238399999999956,7.238399999999956,True,True,False,False,True
TTCTGCCGCGCCTAGA-1,1,49,69,8561,7341,24470.0,28536.6666666667,26,26,0,0,1.0,0.0,0.0,Tumor,1.0,True,,positive,negative,negative,negative,Immune cells,0.4735973059583945,0.1141329596566712,0.5264026940416054,0.2096789962522404,0.0010754440280267,0.0827236937660054,1.0,305.3856,356.13759999999996,tumor_core,CTA_composition_plus_H&E_patch_feature_proxy,True,-26.216615726672288,26.216615726672288,False,True,False,False,True
TTCTGCGGGTTAGCGG-1,1,40,80,7195,8299,27663.3333333333,23983.3333333333,24,23,0,1,0.9583333333333334,0.0,0.0416666666666666,Tumor,0.9583333333333334,True,,positive,negative,negative,negative,Immune cells,0.462832002607137,0.1204181498305561,0.537167997392863,0.213763510944544,0.0089728966378795,0.1102090738829644,1.0,345.23839999999996,299.312,tumor_core,CTA_composition_plus_H&E_patch_feature_proxy,True,-29.091371069786327,29.091371069786327,False,True,False,False,True
TTCTGCTAGACTCCAA-1,1,28,106,5374,10565,35216.6666666667,17913.3333333333,29,29,0,0,1.0,0.0,0.0,Tumor,1.0,True,,positive,negative,negative,negative,Immune cells,0.4645121575869498,0.1542163614562807,0.5354878424130501,0.2037694856335886,0.012351311715822,0.148469212246302,1.0,439.50399999999996,223.55839999999998,tumor_core,CTA_composition_plus_H&E_patch_feature_proxy,True,-50.98451263511304,50.98451263511304,False,True,False,False,True
TTCTTATCCGCTGGGT-1,1,49,101,8559,10131,33770.0,28530.0,21,20,0,1,0.9523809523809524,0.0,0.0476190476190476,Tumor,0.9523809523809524,True,,positive,negative,negative,negative,Immune cells,0.4521065305161769,0.1340225122976516,0.5478934694838231,0.2279941339416653,0.0170115691706045,0.0814891258647708,1.0,421.4496,356.0544,tumor_core,CTA_composition_plus_H&E_patch_feature_proxy,True,-7.2385195392428265,7.2385195392428265,True,True,False,False,True
TTCTTGAGCCGCGCTA-1,1,47,41,8259,4900,16333.3333333333,27530.0,21,7,3,11,0.3333333333333333,0.1428571428571428,0.5238095238095238,Stroma,0.5238095238095238,True,,ambiguous,negative,ambiguous,negative,Immune cells,0.4704071841109482,0.1134381105026102,0.5295928158890518,0.2012492531638694,0.0023029710499158,0.0830829797806061,1.0,203.84,343.57439999999997,stroma_rich,CTA_composition_plus_H&E_patch_feature_proxy,True,0.0,0.0,True,False,True,True,True
TTCTTGCTAGCATCTC-1,1,40,110,7194,10915,36383.3333333333,23980.0,24,24,0,0,1.0,0.0,0.0,Tumor,1.0,True,,positive,negative,negative,negative,Immune cells,0.3957561602665073,0.1252772625214485,0.6042438397334926,0.2415838357503666,0.0132855358209765,0.0840882161831594,1.0,454.06399999999996,299.2704,tumor_core,CTA_composition_plus_H&E_patch_feature_proxy,True,-26.215295492517313,26.215295492517313,False,True,False,False,True
TTCTTGGACGATCTGC-1,1,52,32,9018,4116,13720.0,30060.0,18,16,0,2,0.8888888888888888,0.0,0.1111111111111111,Tumor,0.8888888888888888,True,,positive,negative,negative,negative,Immune cells,0.5468288885267865,0.1796659008520199,0.4531711114732135,0.1677692683721688,0.0009994025310955,0.1302679356342927,1.0,171.2256,375.1488,tumor_core,CTA_composition_plus_H&E_patch_feature_proxy,True,-7.285702909122762,7.285702909122762,True,True,False,False,True
TTCTTTGGTCGCGACG-1,1,24,104,4767,10390,34633.3333333333,15890.0,23,4,13,6,0.1739130434782608,0.5652173913043478,0.2608695652173913,Immune cells,0.5652173913043478,True,,negative,ambiguous,ambiguous,ambiguous,Immune cells,0.6372349863306357,0.1695227396426037,0.3627650136693643,0.1273260550757699,0.016272880343273,0.1780950196842869,1.0,432.224,198.3072,immune_enriched,CTA_composition_plus_H&E_patch_feature_proxy,True,37.76585839299831,37.76585839299831,False,False,False,False,True
TTGAAAGGTGTAAAGG-1,1,13,103,3098,10302,34340.0,10326.6666666667,0,0,0,0,0.0,0.0,0.0,unmapped,0.0,False,no_CTA_object_captured,excluded,excluded,excluded,excluded,Immune cells,0.8100592037368964,0.1048177278893767,0.1899407962631035,0.0503720601814132,0.0138612785834555,0.0464434506746168,1.0,428.5632,128.8768,unmapped_or_excluded,CTA_composition_plus_H&E_patch_feature_proxy,True,62.170751152611935,62.170751152611935,False,False,False,False,True
TTGAACGACGTGCTGA-1,1,60,88,10229,8999,29996.6666666667,34096.6666666667,26,25,1,0,0.9615384615384616,0.0384615384615384,0.0,Tumor,0.9615384615384616,True,,positive,negative,negative,negative,Immune cells,0.512429163724585,0.1217163372921459,0.4875708362754151,0.2141219922872196,0.021030905436967,0.0837939074265183,1.0,374.35839999999996,425.52639999999997,tumor_core,CTA_composition_plus_H&E_patch_feature_proxy,True,-12.5437624467303,12.5437624467303,False,True,False,False,True
TTGAAGAATTCCCAGG-1,1,32,50,5983,5683,18943.3333333333,19943.3333333333,25,7,16,2,0.28,0.64,0.08,Immune cells,0.64,True,,ambiguous,positive,negative,positive,Immune cells,0.5950066083681855,0.1427170133823864,0.4049933916318143,0.1554939981532779,0.0110042909130411,0.0918816649466804,1.0,236.41279999999998,248.8928,immune_enriched,CTA_composition_plus_H&E_patch_feature_proxy,True,12.600611845462108,12.600611845462108,False,False,False,False,True
TTGAAGGATGGGCGCC-1,1,62,12,10536,2373,7910.0,35120.0,0,0,0,0,0.0,0.0,0.0,unmapped,0.0,False,no_CTA_object_captured,excluded,excluded,excluded,excluded,Immune cells,0.8625712889033731,0.013597183487573,0.1374287110966269,0.0287762750529574,0.007593286622128,0.0057715093834804,1.0,98.71679999999999,438.2976,unmapped_or_excluded,CTA_composition_plus_H&E_patch_feature_proxy,True,47.555059605472046,47.555059605472046,False,False,False,False,True
TTGAATATGGACTTTC-1,1,34,76,6285,7950,26500.0,20950.0,24,24,0,0,1.0,0.0,0.0,Tumor,1.0,True,,positive,negative,negative,negative,Immune cells,0.5669147067876089,0.1406005800621,0.4330852932123911,0.1649665960567052,0.0106240834283852,0.1311432175209265,1.0,330.71999999999997,261.45599999999996,tumor_core,CTA_composition_plus_H&E_patch_feature_proxy,True,-12.600611845462137,12.600611845462137,False,True,False,False,True
TTGAATTCACGTGAGG-1,1,39,97,7043,9781,32603.3333333333,23476.6666666667,34,33,1,0,0.9705882352941176,0.0294117647058823,0.0,Tumor,0.9705882352941176,True,,positive,negative,negative,negative,Immune cells,0.3909076095812286,0.1235079336034388,0.6090923904187714,0.2279832708706751,0.0031828798001194,0.0781408859840232,1.0,406.8896,292.98879999999997,tumor_core,CTA_composition_plus_H&E_patch_feature_proxy,True,-38.45334428108956,38.45334428108956,False,True,False,False,True
TTGACAGGAGCTCCCG-1,1,47,99,8256,9957,33190.0,27520.0,29,28,1,0,0.9655172413793104,0.0344827586206896,0.0,Tumor,0.9655172413793104,True,,positive,negative,negative,negative,Immune cells,0.4515054405880542,0.126082171661867,0.5484945594119458,0.2276139264570094,0.0123187225028515,0.0844360356228261,1.0,414.21119999999996,343.4496,tumor_core,CTA_composition_plus_H&E_patch_feature_proxy,True,-12.646400000000028,12.646400000000028,False,True,False,False,True
TTGACATGAACGTGGA-1,1,44,32,7805,4115,13716.6666666667,26016.6666666667,30,30,0,0,1.0,0.0,0.0,Tumor,1.0,True,,positive,negative,negative,negative,Immune cells,0.6228305541976716,0.179285634276734,0.3771694458023283,0.1290858725761773,-0.0055510292759763,0.1231280816420135,1.0,171.184,324.688,tumor_core,CTA_composition_plus_H&E_patch_feature_proxy,True,-12.564646274368396,12.564646274368396,False,True,False,False,True
TTGACCAGGAACAACT-1,1,64,80,10836,8302,27673.3333333333,36120.0,28,28,0,0,1.0,0.0,0.0,Tumor,1.0,True,,positive,negative,negative,negative,Immune cells,0.4874839317074937,0.1223382863837684,0.5125160682925063,0.219162457226658,0.0138504155124653,0.0950005733287467,1.0,345.3632,450.7776,tumor_core,CTA_composition_plus_H&E_patch_feature_proxy,True,-12.57978772475913,12.57978772475913,False,True,False,False,True
TTGACCGTGTTAATGA-1,1,50,34,8715,4290,14300.0,29050.0,21,19,2,0,0.9047619047619048,0.0952380952380952,0.0,Tumor,0.9047619047619048,True,,positive,negative,negative,negative,Immune cells,0.4477431970017924,0.1344233860648972,0.5522568029982076,0.2066156102330129,0.000836456466243,0.1128005198180636,1.0,178.464,362.544,tumor_core,CTA_composition_plus_H&E_patch_feature_proxy,True,-19.226672140544757,19.226672140544757,False,True,False,False,True
TTGACGCTCCATGAGC-1,1,41,101,7346,10130,33766.6666666667,24486.6666666667,30,22,8,0,0.7333333333333333,0.2666666666666666,0.0,Tumor,0.7333333333333333,True,,positive,ambiguous,negative,ambiguous,Immune cells,0.4315970524867379,0.1277578798481267,0.568402947513262,0.2230731627831187,0.0053554939981532,0.0938004051523143,1.0,421.40799999999996,305.5936,tumor_core,CTA_composition_plus_H&E_patch_feature_proxy,True,-19.2266721405448,19.2266721405448,False,True,False,False,True
TTGACTACCATATGGT-1,1,43,41,7653,4900,16333.3333333333,25510.0,30,30,0,0,1.0,0.0,0.0,Tumor,1.0,True,,positive,negative,negative,negative,Immune cells,0.4460739050929698,0.1242617304273599,0.5539260949070302,0.213057411330183,0.0022269295529846,0.0926881473837098,1.0,203.84,318.3648,tumor_core,CTA_composition_plus_H&E_patch_feature_proxy,True,-7.285702909122796,7.285702909122796,True,True,False,False,True
TTGACTATTGTCCGGC-1,1,46,104,8104,10392,34640.0,27013.3333333333,24,23,0,1,0.9583333333333334,0.0,0.0416666666666666,Tumor,0.9583333333333334,True,,positive,negative,negative,negative,Immune cells,0.3898864809081527,0.1280188982184204,0.6101135190918473,0.235565694421813,0.0091792949866927,0.0839162175591484,1.0,432.30719999999997,337.1264,tumor_core,CTA_composition_plus_H&E_patch_feature_proxy,True,-19.270905340434844,19.270905340434844,False,True,False,False,True
TTGAGAAGTTTAGCAT-1,1,55,87,9470,8911,29703.3333333333,31566.6666666667,24,24,0,0,1.0,0.0,0.0,Tumor,1.0,True,,positive,negative,negative,negative,Immune cells,0.4425977223761158,0.1247198635293141,0.5574022776238843,0.2183368638314051,0.0010428548150562,0.1007109276459121,1.0,370.69759999999997,393.952,tumor_core,CTA_composition_plus_H&E_patch_feature_proxy,True,-25.16524943647488,25.16524943647488,False,True,False,False,True
TTGAGAGTACTGCTAA-1,1,44,38,7804,4638,15460.0,26013.3333333333,31,31,0,0,1.0,0.0,0.0,Tumor,1.0,True,,positive,negative,negative,negative,Immune cells,0.4048956239929028,0.1208139992192617,0.5951043760070972,0.2186410298191298,-0.0025202324697191,0.0911172266177426,1.0,192.9408,324.64639999999997,tumor_core,CTA_composition_plus_H&E_patch_feature_proxy,True,-14.571405818245571,14.571405818245571,False,True,False,False,True
TTGAGCAGCCCACGGT-1,1,44,116,7800,11438,38126.6666666667,26000.0,16,16,0,0,1.0,0.0,0.0,Tumor,1.0,True,,positive,negative,negative,negative,Immune cells,0.4508645193996342,0.1355440158612312,0.5491354806003657,0.2379555700396502,0.0258432458856118,0.086293620762145,1.0,475.82079999999996,324.47999999999996,tumor_core,CTA_composition_plus_H&E_patch_feature_proxy,True,-12.564646274368425,12.564646274368425,False,True,False,False,True
TTGAGCGCCACGTGAT-1,1,38,118,6890,11612,38706.6666666667,22966.6666666667,24,24,0,0,1.0,0.0,0.0,Tumor,1.0,True,,positive,negative,negative,negative,Immune cells,0.4114424347763112,0.1321599473515621,0.5885575652236887,0.2439628482972136,0.0223453370267774,0.0860298895386614,1.0,483.0592,286.62399999999997,tumor_core,CTA_composition_plus_H&E_patch_feature_proxy,True,-33.363303740487105,33.363303740487105,False,True,False,False,True
TTGAGTCCCGCTGCTG-1,1,39,119,7042,11699,38996.6666666667,23473.3333333333,21,21,0,0,1.0,0.0,0.0,Tumor,1.0,True,,positive,negative,negative,negative,Immune cells,0.4009957815074322,0.1279763620969428,0.5990042184925678,0.2454945413068274,0.0208245070881538,0.0775216909375836,1.0,486.67839999999995,292.9472,tumor_core,CTA_composition_plus_H&E_patch_feature_proxy,True,-26.239709071557915,26.239709071557915,False,True,False,False,True
TTGATAGTCAATACAT-1,1,27,115,5221,11350,37833.3333333333,17403.3333333333,27,27,0,0,1.0,0.0,0.0,Tumor,1.0,True,,positive,negative,negative,negative,Immune cells,0.4068039034635091,0.1291534235239243,0.5931960965364907,0.2585736787789908,0.0345554288197273,0.0811107288919466,1.0,472.15999999999997,217.1936,tumor_core,CTA_composition_plus_H&E_patch_feature_proxy,True,-33.22170895062443,33.22170895062443,False,True,False,False,True
TTGATGCCGCTCGTCG-1,1,70,34,11749,4292,14306.6666666667,39163.3333333333,27,25,1,1,0.925925925925926,0.037037037037037,0.037037037037037,Tumor,0.925925925925926,True,,positive,negative,negative,negative,Immune cells,0.7975992613111726,0.1024582358515776,0.2024007386888272,0.0903807506382054,0.022768996795394,0.0326759163704468,1.0,178.5472,488.7584,tumor_core,CTA_composition_plus_H&E_patch_feature_proxy,True,-7.249628073218616,7.249628073218616,True,True,False,False,True
TTGATTAGCTGTTTCT-1,1,48,34,8411,4290,14300.0,28036.6666666667,32,32,0,0,1.0,0.0,0.0,Tumor,1.0,True,,positive,negative,negative,negative,Immune cells,0.4666666666666666,0.1288816253367536,0.5333333333333333,0.1979577426538482,-0.0031720167291293,0.0975193976225967,1.0,178.464,349.8976,tumor_core,CTA_composition_plus_H&E_patch_feature_proxy,True,-12.604800000000012,12.604800000000012,False,True,False,False,True
TTGCAAGAAGACTCCT-1,1,70,68,11747,7256,24186.6666666667,39156.6666666667,13,1,6,6,0.0769230769230769,0.4615384615384615,0.4615384615384615,Immune cells,0.4615384615384615,True,,negative,ambiguous,ambiguous,ambiguous,Immune cells,0.6139409411040501,0.1244048237430137,0.3860590588959498,0.172223127478138,0.0189669219488349,0.1007453273707143,1.0,301.8496,488.67519999999996,immune_enriched,CTA_composition_plus_H&E_patch_feature_proxy,True,7.285702909122775,7.285702909122775,True,False,False,False,True
TTGCACAATTCAGAAA-1,1,43,57,7652,6295,20983.3333333333,25506.6666666667,30,29,1,0,0.9666666666666668,0.0333333333333333,0.0,Tumor,0.9666666666666668,True,,positive,negative,negative,negative,Immune cells,0.4715948798725399,0.1164445657108196,0.52840512012746,0.2101135190918472,-0.0007712780403019,0.1008867484615678,1.0,261.872,318.3232,tumor_core,CTA_composition_plus_H&E_patch_feature_proxy,True,-19.278761387599573,19.278761387599573,False,True,False,False,True
TTGCATGCTGATCACG-1,1,41,35,7349,4376,14586.6666666667,24496.6666666667,28,28,0,0,1.0,0.0,0.0,Tumor,1.0,True,,positive,negative,negative,negative,Immune cells,0.4335017109336809,0.1347017018221865,0.566498289066319,0.2055075769920156,-0.0095595024713486,0.0950043955203913,1.0,182.0416,305.7184,tumor_core,CTA_composition_plus_H&E_patch_feature_proxy,True,-19.19455736191901,19.19455736191901,False,True,False,False,True
TTGCCAAGCAGAACCC-1,1,44,114,7800,11264,37546.6666666667,26000.0,23,23,0,0,1.0,0.0,0.0,Tumor,1.0,True,,positive,negative,negative,negative,Immune cells,0.459095106186519,0.1297855512912286,0.5409048938134811,0.2383466405952962,0.0273640758242355,0.0880480067270573,1.0,468.5824,324.47999999999996,tumor_core,CTA_composition_plus_H&E_patch_feature_proxy,True,-7.285702909122825,7.285702909122825,True,True,False,False,True
TTGCCCTGATCACGGG-1,1,36,34,6591,4289,14296.6666666667,21970.0,29,28,1,0,0.9655172413793104,0.0344827586206896,0.0,Tumor,0.9655172413793104,True,,positive,negative,negative,negative,Immune cells,0.7479731320044176,0.1682611140849393,0.2520268679955822,0.0815164847102275,0.0064418010971701,0.0483851240301188,1.0,178.42239999999998,274.18559999999997,tumor_core,CTA_composition_plus_H&E_patch_feature_proxy,True,-7.285702909122762,7.285702909122762,True,True,False,False,True
TTGCCGCAGACCTACA-1,1,62,18,10536,2896,9653.33333333333,35120.0,0,0,0,0,0.0,0.0,0.0,unmapped,0.0,False,no_CTA_object_captured,excluded,excluded,excluded,excluded,Immune cells,0.6806148498180435,0.1720849562880034,0.3193851501819564,0.1254576068654608,0.0179892455597197,0.0894545732523028,1.0,120.47359999999999,438.2976,unmapped_or_excluded,CTA_composition_plus_H&E_patch_feature_proxy,True,26.15194513301065,26.15194513301065,False,False,False,False,True
TTGCCGCTTTCTAGTA-1,1,62,78,10533,8127,27090.0,35110.0,19,6,13,0,0.3157894736842105,0.6842105263157895,0.0,Immune cells,0.6842105263157895,True,,ambiguous,positive,negative,positive,Immune cells,0.4985280538808322,0.1224910106507119,0.501471946119168,0.2248547064255065,0.0193797186464613,0.0873676566143026,1.0,338.0832,438.1728,immune_enriched,CTA_composition_plus_H&E_patch_feature_proxy,True,7.238400000000013,7.238400000000013,True,False,False,False,True
TTGCCTTCTCGCCGGG-1,1,68,104,11442,10394,34646.6666666667,38140.0,4,0,0,4,0.0,0.0,1.0,Stroma,1.0,True,,negative,negative,positive,negative,Immune cells,0.7711549254974381,0.1151858212594388,0.2288450745025618,0.1352886861115637,0.0468524251805985,0.041990597408554,1.0,432.3904,475.9872,unmapped_or_excluded,CTA_composition_plus_H&E_patch_feature_proxy,True,12.57978772475913,12.57978772475913,False,False,False,False,True
TTGCGCTTGATCAATA-1,1,69,101,11593,10133,33776.6666666667,38643.3333333333,18,13,2,3,0.7222222222222222,0.1111111111111111,0.1666666666666666,Tumor,0.7222222222222222,True,,positive,negative,negative,negative,Immune cells,0.7758658772835081,0.1019553002919248,0.2241341227164918,0.1332681549073923,0.0483189397642713,0.052058250200665,1.0,421.5328,482.2688,tumor_core,CTA_composition_plus_H&E_patch_feature_proxy,True,-7.249628073218693,7.249628073218693,True,True,False,False,True
TTGCGGCATCAGAAAG-1,1,53,45,9169,5249,17496.6666666667,30563.3333333333,17,11,1,5,0.6470588235294118,0.0588235294117647,0.2941176470588235,Tumor,0.6470588235294118,True,,positive,negative,ambiguous,negative,Immune cells,0.4908478626907826,0.1217192786697694,0.5091521373092174,0.2095051871163978,0.0091141165607517,0.1018537629476742,1.0,218.3584,381.43039999999996,mixed_boundary,CTA_composition_plus_H&E_patch_feature_proxy,True,0.0,0.0,True,False,True,True,True
TTGCGTCGGCCAACCG-1,1,51,41,8866,4900,16333.3333333333,29553.3333333333,21,21,0,0,1.0,0.0,0.0,Tumor,1.0,True,,positive,negative,negative,negative,Immune cells,0.4681186971556859,0.1181275844646461,0.531881302844314,0.217685079571995,0.0092553364836239,0.0959561212399189,1.0,203.84,368.8256,tumor_core,CTA_composition_plus_H&E_patch_feature_proxy,True,-7.279999999999973,7.279999999999973,True,True,False,False,True
TTGCGTGTGTAGGCAT-1,1,69,83,11594,8564,28546.6666666667,38646.6666666667,15,13,0,2,0.8666666666666667,0.0,0.1333333333333333,Tumor,0.8666666666666667,True,,positive,negative,negative,negative,Immune cells,0.5099053102312023,0.1121888014556459,0.4900946897687976,0.2039867470533919,0.0113084569007658,0.0838550624928334,1.0,356.26239999999996,482.31039999999996,tumor_core,CTA_composition_plus_H&E_patch_feature_proxy,True,-7.249628073218644,7.249628073218644,True,True,False,False,True
TTGCTCATAGTACGTG-1,1,67,107,11290,10656,35520.0,37633.3333333333,28,23,5,0,0.8214285714285714,0.1785714285714285,0.0,Tumor,0.8214285714285714,True,,positive,negative,negative,negative,Immune cells,0.7690836999619793,0.114942160135817,0.2309163000380206,0.1230025528216827,0.0364999185269675,0.0444903107441807,1.0,443.2896,469.664,tumor_core,CTA_composition_plus_H&E_patch_feature_proxy,True,-7.285702909122775,7.285702909122775,True,True,False,False,True
TTGCTGATCATGTTCG-1,1,33,57,6135,6294,20980.0,20450.0,8,0,0,8,0.0,0.0,1.0,Stroma,1.0,True,,negative,negative,positive,negative,Immune cells,0.6008690456792135,0.0970903927637043,0.3991309543207865,0.1753951442072674,0.0282874368583998,0.0650881015174101,1.0,261.8304,255.21599999999998,stroma_rich,CTA_composition_plus_H&E_patch_feature_proxy,True,7.238400000000013,7.238400000000013,True,False,True,False,True
TTGGACCATCTGGCAA-1,1,51,105,8863,10480,34933.3333333333,29543.3333333333,31,31,0,0,1.0,0.0,0.0,Tumor,1.0,True,,positive,negative,negative,negative,Immune cells,0.4614922238516828,0.1352458659298551,0.5385077761483171,0.2153495193091087,0.0052903155722122,0.0877995642701525,1.0,435.96799999999996,368.70079999999996,tumor_core,CTA_composition_plus_H&E_patch_feature_proxy,True,-12.600611845462108,12.600611845462108,False,True,False,False,True
TTGGACCTATAACAGT-1,1,56,86,9622,8824,29413.3333333333,32073.3333333333,21,21,0,0,1.0,0.0,0.0,Tumor,1.0,True,,positive,negative,negative,negative,Immune cells,0.4608114714029656,0.1238720686329106,0.5391885285970344,0.2189017435228939,0.0025202324697191,0.0951152390780873,1.0,367.0784,400.2752,tumor_core,CTA_composition_plus_H&E_patch_feature_proxy,True,-19.2082115773437,19.2082115773437,False,True,False,False,True
TTGGATATCGTCTACG-1,1,48,52,8410,5859,19530.0,28033.3333333333,26,26,0,0,1.0,0.0,0.0,Tumor,1.0,True,,positive,negative,negative,negative,Immune cells,0.455611681422338,0.1203407118935184,0.5443883185776619,0.2278637770897832,0.0172288305904079,0.0913121583916217,1.0,243.7344,349.856,tumor_core,CTA_composition_plus_H&E_patch_feature_proxy,True,-19.25397027939949,19.25397027939949,False,True,False,False,True
TTGGCGATCCGAATAT-1,1,35,121,6435,11873,39576.6666666667,21450.0,30,30,0,0,1.0,0.0,0.0,Tumor,1.0,True,,positive,negative,negative,negative,Immune cells,0.4545000271576775,0.1375529828756703,0.5454999728423224,0.2263103579381891,0.0172722828743685,0.0914918013989221,1.0,493.91679999999997,267.69599999999997,tumor_core,CTA_composition_plus_H&E_patch_feature_proxy,True,-21.798439694620363,21.798439694620363,False,True,False,False,True
TTGGCTCAATATGTGT-1,1,65,113,10986,11179,37263.3333333333,36620.0,22,16,2,4,0.7272727272727273,0.0909090909090909,0.1818181818181818,Tumor,0.7272727272727273,True,,positive,negative,negative,negative,Immune cells,0.8147339452863325,0.0756399620858655,0.1852660547136674,0.1189071750583889,0.0472109065232741,0.0193938004051523,1.0,465.0464,457.01759999999996,tumor_core,CTA_composition_plus_H&E_patch_feature_proxy,True,-7.285702909122775,7.285702909122775,True,True,False,False,True
TTGGGAAGACGAGCCG-1,1,68,64,11444,6907,23023.3333333333,38146.6666666667,19,10,9,0,0.5263157894736842,0.4736842105263157,0.0,Tumor,0.5263157894736842,True,,ambiguous,ambiguous,negative,ambiguous,Immune cells,0.5178136259120453,0.1244495924770861,0.4821863740879547,0.2018249959263484,0.0123295855738417,0.1022283377288537,1.0,287.33119999999997,476.0704,immune_enriched,CTA_composition_plus_H&E_patch_feature_proxy,True,7.249628073218616,7.249628073218616,True,False,False,False,True
TTGGGACGTAAGAGTT-1,1,51,109,8862,10829,36096.6666666667,29540.0,30,30,0,0,1.0,0.0,0.0,Tumor,1.0,True,,positive,negative,negative,negative,Immune cells,0.5295891948653884,0.1189410239117466,0.4704108051346116,0.2007169626853511,0.0122535440769105,0.0811527730000382,1.0,450.4864,368.6592,tumor_core,CTA_composition_plus_H&E_patch_feature_proxy,True,-7.238399999999956,7.238399999999956,True,True,False,False,True
TTGGGTTTATTCAGCG-1,1,15,125,3400,12220,40733.3333333333,11333.3333333333,20,13,5,2,0.65,0.25,0.1,Tumor,0.65,True,,positive,ambiguous,negative,ambiguous,Immune cells,0.6876867090326435,0.1509761036182506,0.3123132909673564,0.1061322035739503,0.0152082993862364,0.1118831938233383,1.0,508.352,141.44,mixed_boundary,CTA_composition_plus_H&E_patch_feature_proxy,True,0.0,0.0,True,False,True,True,True
TTGGTATGGCTTGTGT-1,1,33,117,6131,11525,38416.6666666667,20436.6666666667,34,34,0,0,1.0,0.0,0.0,Tumor,1.0,True,,positive,negative,negative,negative,Immune cells,0.4137852370865243,0.1302570641425713,0.5862147629134755,0.2489707240236814,0.0278963663027537,0.0809119749264228,1.0,479.44,255.0496,tumor_core,CTA_composition_plus_H&E_patch_feature_proxy,True,-38.402748834946685,38.402748834946685,False,True,False,False,True
TTGGTCACACTCGTAA-1,1,48,48,8411,5510,18366.6666666667,28036.6666666667,25,23,0,2,0.92,0.0,0.08,Tumor,0.92,True,,positive,negative,negative,negative,Immune cells,0.4460051056433654,0.1169240609429899,0.5539948943566346,0.2331540926619955,0.017945793275759,0.0755876619653709,1.0,229.21599999999998,349.8976,tumor_core,CTA_composition_plus_H&E_patch_feature_proxy,True,-14.476799999999997,14.476799999999997,False,True,False,False,True
TTGGTTCGCTCAAAGG-1,1,39,125,7041,12223,40743.3333333333,23470.0,24,24,0,0,1.0,0.0,0.0,Tumor,1.0,True,,positive,negative,negative,negative,Immune cells,0.4381547263411366,0.1304501643505072,0.5618452736588634,0.2266797023518549,0.0224539677366791,0.0750449107518251,1.0,508.47679999999997,292.9056,tumor_core,CTA_composition_plus_H&E_patch_feature_proxy,True,-26.268184863061993,26.268184863061993,False,True,False,False,True
TTGTAAGGACCTAAGT-1,1,46,32,8108,4115,13716.6666666667,27026.6666666667,4,0,2,2,0.0,0.5,0.5,Immune cells,0.5,True,,negative,ambiguous,ambiguous,ambiguous,Immune cells,0.6413339851175927,0.1780773648566839,0.3586660148824072,0.1230677312476236,-0.0056813861278583,0.0936895615946183,1.0,171.184,337.2928,unmapped_or_excluded,CTA_composition_plus_H&E_patch_feature_proxy,True,7.280000000000001,7.280000000000001,True,False,False,False,True
TTGTAATCCGTACTCG-1,1,35,55,6438,6119,20396.6666666667,21460.0,8,0,1,7,0.0,0.125,0.875,Stroma,0.875,True,,negative,negative,positive,negative,Immune cells,0.5873119330834826,0.0975168280593781,0.4126880669165173,0.1556134919341698,0.0068002824398457,0.0762985896112831,1.0,254.5504,267.82079999999996,stroma_rich,CTA_composition_plus_H&E_patch_feature_proxy,True,12.600611845462083,12.600611845462083,False,False,True,False,True
TTGTGAACCTAATCCG-1,1,56,90,9622,9173,30576.6666666667,32073.3333333333,23,23,0,0,1.0,0.0,0.0,Tumor,1.0,True,,positive,negative,negative,negative,Immune cells,0.4468850143935691,0.1244094117716283,0.5531149856064309,0.2294171962413774,0.0093856933355059,0.0911669151091235,1.0,381.5968,400.2752,tumor_core,CTA_composition_plus_H&E_patch_feature_proxy,True,-31.739818595574878,31.739818595574878,False,True,False,False,True
TTGTGCAGCCACGTCA-1,1,60,74,10230,7778,25926.6666666667,34100.0,33,33,0,0,1.0,0.0,0.0,Tumor,1.0,True,,positive,negative,negative,negative,Immune cells,0.5300273387286586,0.1142533289573361,0.4699726612713413,0.2088425397859975,0.0162511542012927,0.0880174291938998,1.0,323.5648,425.568,tumor_core,CTA_composition_plus_H&E_patch_feature_proxy,True,-12.5797877247591,12.5797877247591,False,True,False,False,True
TTGTGGTATAGGTATG-1,1,24,126,4766,12308,41026.6666666667,15886.6666666667,26,24,0,2,0.9230769230769232,0.0,0.0769230769230769,Tumor,0.9230769230769232,True,,positive,negative,negative,negative,Immune cells,0.4440063005811743,0.1312517601525721,0.5559936994188256,0.2317527565042637,0.0306012709793058,0.0919772197377976,1.0,512.0128,198.26559999999998,tumor_core,CTA_composition_plus_H&E_patch_feature_proxy,True,-14.535316219470442,14.535316219470442,False,True,False,False,True
TTGTGGTGGTACTAAG-1,1,63,95,10684,9609,32030.0,35613.3333333333,21,19,2,0,0.9047619047619048,0.0952380952380952,0.0,Tumor,0.9047619047619048,True,,positive,negative,negative,negative,Immune cells,0.5073416254775225,0.1308584542262986,0.4926583745224774,0.209070664276791,0.0093748302645157,0.0901234567901234,1.0,399.7344,444.45439999999996,tumor_core,CTA_composition_plus_H&E_patch_feature_proxy,True,-7.285702909122747,7.285702909122747,True,True,False,False,True
TTGTGTATGCCACCAA-1,1,56,60,9624,6557,21856.6666666667,32080.0,20,11,7,2,0.55,0.35,0.1,Tumor,0.55,True,,ambiguous,ambiguous,negative,ambiguous,Immune cells,0.5193851501819564,0.1150724171660074,0.4806148498180435,0.2025854108956601,0.0129705067622616,0.0823529411764706,1.0,272.77119999999996,400.35839999999996,immune_enriched,CTA_composition_plus_H&E_patch_feature_proxy,True,7.238399999999956,7.238399999999956,True,False,False,False,True
TTGTGTTTCCCGAAAG-1,1,51,59,8865,6470,21566.6666666667,29550.0,22,14,8,0,0.6363636363636364,0.3636363636363636,0.0,Tumor,0.6363636363636364,True,,positive,ambiguous,negative,ambiguous,Immune cells,0.5643148117972951,0.1149218907468577,0.4356851882027049,0.1769377002878713,0.0083319754494595,0.093632228719948,1.0,269.152,368.784,immune_enriched,CTA_composition_plus_H&E_patch_feature_proxy,True,7.285702909122747,7.285702909122747,True,False,False,False,True
TTGTTTCACATCCAGG-1,1,58,42,9928,4988,16626.6666666667,33093.3333333333,8,5,0,3,0.625,0.0,0.375,Tumor,0.625,True,,positive,negative,ambiguous,negative,Immune cells,0.4756612894465265,0.1256431265630423,0.5243387105534735,0.2171962413774374,0.0095595024713486,0.1087413522914038,1.0,207.5008,413.0048,stroma_rich,CTA_composition_plus_H&E_patch_feature_proxy,True,0.0,0.0,True,False,True,True,True
TTGTTTCATTAGTCTA-1,1,60,30,10232,3942,13140.0,34106.6666666667,19,13,4,2,0.6842105263157895,0.2105263157894736,0.1052631578947368,Tumor,0.6842105263157895,True,,positive,ambiguous,negative,ambiguous,Immune cells,0.506501547987616,0.1215342228578332,0.4934984520123839,0.1989897343979143,0.0081473032426266,0.1014982991247181,1.0,163.9872,425.65119999999996,mixed_boundary,CTA_composition_plus_H&E_patch_feature_proxy,True,0.0,0.0,True,False,True,True,True
