barcode,tissue,row,col,imagerow,imagecol,pxl_col_in_fullres,pxl_row_in_fullres,pxl_row_in_fullres_reverse,spot_radius_fullres,xmin,xmax,ymin,ymax
AAACAAGTATCTCCCA-1,1,50,102,8711,10218,34060,29036.6666666667,19091.3333333333,188.895165273238,33871.1048347268,34248.8951652732,18902.4381680601,19280.2284986066
AAACAGTGTTCCTGGG-1,1,73,43,12203,5077,16923.3333333333,40676.6666666667,7451.33333333333,188.895165273238,16734.4381680601,17112.2284986066,7262.43816806009,7640.22849860657
AAACATTTCCCGGATT-1,1,61,97,10380,9784,32613.3333333333,34600,13528,188.895165273238,32424.4381680601,32802.2284986066,13339.1048347268,13716.8951652732
AAACCCGAACGAAATC-1,1,45,115,7952,11351,37836.6666666667,26506.6666666667,21621.3333333333,188.895165273238,37647.7715013934,38025.5618319399,21432.4381680601,21810.2284986066
AAACCGGAAATGTTAA-1,1,54,124,9317,12137,40456.6666666667,31056.6666666667,17071.3333333333,188.895165273238,40267.7715013934,40645.5618319399,16882.4381680601,17260.2284986066
AAACCGTTCGTCCAGG-1,1,52,42,9018,4988,16626.6666666667,30060,18068,188.895165273238,16437.7715013934,16815.5618319399,17879.1048347268,18256.8951652732
AAACCTAAGCAGCCGG-1,1,65,83,10988,8563,28543.3333333333,36626.6666666667,11501.3333333333,188.895165273238,28354.4381680601,28732.2284986066,11312.4381680601,11690.2284986066
AAACGAGACGGTTGAT-1,1,35,79,6437,8212,27373.3333333333,21456.6666666667,26671.3333333333,188.895165273238,27184.4381680601,27562.2284986066,26482.4381680601,26860.2284986066
AAACGGGCGTACGGGT-1,1,65,91,10987,9261,30870,36623.3333333333,11504.6666666667,188.895165273238,30681.1048347268,31058.8951652732,11315.7715013934,11693.5618319399
AAACGGTTGCGAACTG-1,1,67,59,11292,6471,21570,37640,10488,188.895165273238,21381.1048347268,21758.8951652732,10299.1048347268,10676.8951652732
AAACTCGGTTCGCAAT-1,1,66,70,11140,7430,24766.6666666667,37133.3333333333,10994.6666666667,188.895165273238,24577.7715013934,24955.5618319399,10805.7715013934,11183.5618319399
AAACTCGTGATATAAG-1,1,23,113,4615,11175,37250,15383.3333333333,32744.6666666667,188.895165273238,37061.1048347268,37438.8951652732,32555.7715013934,32933.5618319399
AAACTGCTGGCTCCAA-1,1,45,67,7955,7167,23890,26516.6666666667,21611.3333333333,188.895165273238,23701.1048347268,24078.8951652732,21422.4381680601,21800.2284986066
AAAGCTTGCCTACATA-1,1,26,122,5069,11960,39866.6666666667,16896.6666666667,31231.3333333333,188.895165273238,39677.7715013934,40055.5618319399,31042.4381680601,31420.2284986066
AAAGGCCCTATAATAC-1,1,66,22,11143,3245,10816.6666666667,37143.3333333333,10984.6666666667,188.895165273238,10627.7715013934,11005.5618319399,10795.7715013934,11173.5618319399
AAAGGCTACGGACCAT-1,1,62,54,10534,6035,20116.6666666667,35113.3333333333,13014.6666666667,188.895165273238,19927.7715013934,20305.5618319399,12825.7715013934,13203.5618319399
AAAGGCTCTCGCGCCG-1,1,55,55,9472,6121,20403.3333333333,31573.3333333333,16554.6666666667,188.895165273238,20214.4381680601,20592.2284986066,16365.7715013934,16743.5618319399
AAAGTGTGATTTATCT-1,1,44,94,7801,9520,31733.3333333333,26003.3333333333,22124.6666666667,188.895165273238,31544.4381680601,31922.2284986066,21935.7715013934,22313.5618319399
AAAGTTGACTCCCGTA-1,1,42,96,7498,9695,32316.6666666667,24993.3333333333,23134.6666666667,188.895165273238,32127.7715013934,32505.5618319399,22945.7715013934,23323.5618319399
AAATAAGGTAGTGCCC-1,1,31,115,5828,11350,37833.3333333333,19426.6666666667,28701.3333333333,188.895165273238,37644.4381680601,38022.2284986066,28512.4381680601,28890.2284986066
AAATACCTATAAGCAT-1,1,47,69,8258,7341,24470,27526.6666666667,20601.3333333333,188.895165273238,24281.1048347268,24658.8951652732,20412.4381680601,20790.2284986066
AAATAGCTTAGACTTT-1,1,36,106,6587,10566,35220,21956.6666666667,26171.3333333333,188.895165273238,35031.1048347268,35408.8951652732,25982.4381680601,26360.2284986066
AAATAGGGTGCTATTG-1,1,53,79,9167,8214,27380,30556.6666666667,17571.3333333333,188.895165273238,27191.1048347268,27568.8951652732,17382.4381680601,17760.2284986066
AAATCCGATACACGCC-1,1,65,87,10987,8912,29706.6666666667,36623.3333333333,11504.6666666667,188.895165273238,29517.7715013934,29895.5618319399,11315.7715013934,11693.5618319399
AAATCGTGTACCACAA-1,1,44,56,7803,6207,20690,26010,22118,188.895165273238,20501.1048347268,20878.8951652732,21929.1048347268,22306.8951652732
AAATCTAGCCCTGCTA-1,1,53,101,9166,10132,33773.3333333333,30553.3333333333,17574.6666666667,188.895165273238,33584.4381680601,33962.2284986066,17385.7715013934,17763.5618319399
AAATGACTGATCAAAC-1,1,76,60,12658,6559,21863.3333333333,42193.3333333333,5934.66666666666,188.895165273238,21674.4381680601,22052.2284986066,5745.77150139343,6123.5618319399
AAATGATTCGATCAGC-1,1,21,111,4311,11000,36666.6666666667,14370,33758,188.895165273238,36477.7715013934,36855.5618319399,33569.1048347268,33946.8951652732
AAATGGTCAATGTGCC-1,1,33,51,6135,5771,19236.6666666667,20450,27678,188.895165273238,19047.7715013934,19425.5618319399,27489.1048347268,27866.8951652732
AAATTAACGGGTAGCT-1,1,34,58,6286,6381,21270,20953.3333333333,27174.6666666667,188.895165273238,21081.1048347268,21458.8951652732,26985.7715013934,27363.5618319399
AAATTACCTATCGATG-1,1,26,94,5071,9519,31730,16903.3333333333,31224.6666666667,188.895165273238,31541.1048347268,31918.8951652732,31035.7715013934,31413.5618319399
AAATTCCAGGTCCAAA-1,1,35,115,6435,11350,37833.3333333333,21450,26678,188.895165273238,37644.4381680601,38022.2284986066,26489.1048347268,26866.8951652732
AAATTGATAGTCCTTT-1,1,55,31,9473,4029,13430,31576.6666666667,16551.3333333333,188.895165273238,13241.1048347268,13618.8951652732,16362.4381680601,16740.2284986066
AAATTTGCGGGTGTGG-1,1,47,33,8260,4203,14010,27533.3333333333,20594.6666666667,188.895165273238,13821.1048347268,14198.8951652732,20405.7715013934,20783.5618319399
AACAATACATTGTCGA-1,1,61,37,10383,4553,15176.6666666667,34610,13518,188.895165273238,14987.7715013934,15365.5618319399,13329.1048347268,13706.8951652732
AACACACGCTCGCCGC-1,1,51,93,8863,9434,31446.6666666667,29543.3333333333,18584.6666666667,188.895165273238,31257.7715013934,31635.5618319399,18395.7715013934,18773.5618319399
AACAGCTGTGTGGCAA-1,1,59,31,10080,4029,13430,33600,14528,188.895165273238,13241.1048347268,13618.8951652732,14339.1048347268,14716.8951652732
AACAGGTAGTATGGAT-1,1,49,113,8559,11177,37256.6666666667,28530,19598,188.895165273238,37067.7715013934,37445.5618319399,19409.1048347268,19786.8951652732
AACATATCAACTGGTG-1,1,27,99,5222,9955,33183.3333333333,17406.6666666667,30721.3333333333,188.895165273238,32994.4381680601,33372.2284986066,30532.4381680601,30910.2284986066
AACATTGAAGTTGATC-1,1,67,23,11294,3333,11110,37646.6666666667,10481.3333333333,188.895165273238,10921.1048347268,11298.8951652732,10292.4381680601,10670.2284986066
AACATTGTGACTCGAG-1,1,64,52,10838,5861,19536.6666666667,36126.6666666667,12001.3333333333,188.895165273238,19347.7715013934,19725.5618319399,11812.4381680601,12190.2284986066
AACCCATCCCATGATC-1,1,56,14,9626,2547,8490,32086.6666666667,16041.3333333333,188.895165273238,8301.10483472676,8678.89516527324,15852.4381680601,16230.2284986066
AACCCGACAACCCGTG-1,1,67,43,11293,5076,16920,37643.3333333333,10484.6666666667,188.895165273238,16731.1048347268,17108.8951652732,10295.7715013934,10673.5618319399
AACCCGAGCAGAATCG-1,1,57,113,9772,11178,37260,32573.3333333333,15554.6666666667,188.895165273238,37071.1048347268,37448.8951652732,15365.7715013934,15743.5618319399
AACCCGCTGTATTCCA-1,1,75,59,12506,6472,21573.3333333333,41686.6666666667,6441.33333333333,188.895165273238,21384.4381680601,21762.2284986066,6252.43816806009,6630.22849860657
AACCCTACTGTCAATA-1,1,40,96,7194,9694,32313.3333333333,23980,24148,188.895165273238,32124.4381680601,32502.2284986066,23959.1048347268,24336.8951652732
AACCGCTAAGGGATGC-1,1,46,92,8105,9346,31153.3333333333,27016.6666666667,21111.3333333333,188.895165273238,30964.4381680601,31342.2284986066,20922.4381680601,21300.2284986066
AACCTCGCTTTAGCCC-1,1,62,82,10533,8476,28253.3333333333,35110,13018,188.895165273238,28064.4381680601,28442.2284986066,12829.1048347268,13206.8951652732
AACCTGTCACGGAATT-1,1,36,118,6587,11612,38706.6666666667,21956.6666666667,26171.3333333333,188.895165273238,38517.7715013934,38895.5618319399,25982.4381680601,26360.2284986066
AACCTTTAAATACGGT-1,1,54,68,9320,7255,24183.3333333333,31066.6666666667,17061.3333333333,188.895165273238,23994.4381680601,24372.2284986066,16872.4381680601,17250.2284986066
AACGATAATGCCGTAG-1,1,53,73,9168,7690,25633.3333333333,30560,17568,188.895165273238,25444.4381680601,25822.2284986066,17379.1048347268,17756.8951652732
AACGCGACCTTGGGCG-1,1,67,53,11293,5948,19826.6666666667,37643.3333333333,10484.6666666667,188.895165273238,19637.7715013934,20015.5618319399,10295.7715013934,10673.5618319399
AACGCTGTTGCTGAAA-1,1,54,94,9318,9521,31736.6666666667,31060,17068,188.895165273238,31547.7715013934,31925.5618319399,16879.1048347268,17256.8951652732
AACGGACGTACGTATA-1,1,50,92,8712,9347,31156.6666666667,29040,19088,188.895165273238,30967.7715013934,31345.5618319399,18899.1048347268,19276.8951652732
AACGGCCATCTCCGGT-1,1,47,39,8259,4726,15753.3333333333,27530,20598,188.895165273238,15564.4381680601,15942.2284986066,20409.1048347268,20786.8951652732
AACGTACTGTGGGTAC-1,1,48,42,8411,4987,16623.3333333333,28036.6666666667,20091.3333333333,188.895165273238,16434.4381680601,16812.2284986066,19902.4381680601,20280.2284986066
AACGTGCGAAAGTCTC-1,1,36,74,6589,7776,25920,21963.3333333333,26164.6666666667,188.895165273238,25731.1048347268,26108.8951652732,25975.7715013934,26353.5618319399
AACTACCCGTTTGTCA-1,1,47,113,8255,11177,37256.6666666667,27516.6666666667,20611.3333333333,188.895165273238,37067.7715013934,37445.5618319399,20422.4381680601,20800.2284986066
AACTAGGCTTGGGTGT-1,1,55,61,9472,6644,22146.6666666667,31573.3333333333,16554.6666666667,188.895165273238,21957.7715013934,22335.5618319399,16365.7715013934,16743.5618319399
AACTCAAGTTAATTGC-1,1,38,44,6894,5161,17203.3333333333,22980,25148,188.895165273238,17014.4381680601,17392.2284986066,24959.1048347268,25336.8951652732
AACTCCAGAGCGTGTT-1,1,60,92,10229,9348,31160,34096.6666666667,14031.3333333333,188.895165273238,30971.1048347268,31348.8951652732,13842.4381680601,14220.2284986066
AACTCTCAATAGAGCG-1,1,35,93,6436,9432,31440,21453.3333333333,26674.6666666667,188.895165273238,31251.1048347268,31628.8951652732,26485.7715013934,26863.5618319399
AACTCTCAGTGTGCTC-1,1,53,41,9170,4901,16336.6666666667,30566.6666666667,17561.3333333333,188.895165273238,16147.7715013934,16525.5618319399,17372.4381680601,17750.2284986066
AACTGAGTTATACTGA-1,1,51,127,8861,12398,41326.6666666667,29536.6666666667,18591.3333333333,188.895165273238,41137.7715013934,41515.5618319399,18402.4381680601,18780.2284986066
AACTTTCTCGATCATG-1,1,22,124,4462,12134,40446.6666666667,14873.3333333333,33254.6666666667,188.895165273238,40257.7715013934,40635.5618319399,33065.7715013934,33443.5618319399
AAGAAATCACCAGATT-1,1,20,126,4159,12308,41026.6666666667,13863.3333333333,34264.6666666667,188.895165273238,40837.7715013934,41215.5618319399,34075.7715013934,34453.5618319399
AAGACCCAACTGAACA-1,1,60,54,10231,6035,20116.6666666667,34103.3333333333,14024.6666666667,188.895165273238,19927.7715013934,20305.5618319399,13835.7715013934,14213.5618319399
AAGACTGCAAGCTACT-1,1,36,68,6589,7253,24176.6666666667,21963.3333333333,26164.6666666667,188.895165273238,23987.7715013934,24365.5618319399,25975.7715013934,26353.5618319399
AAGAGCTCTTTATCGG-1,1,35,77,6437,8037,26790,21456.6666666667,26671.3333333333,188.895165273238,26601.1048347268,26978.8951652732,26482.4381680601,26860.2284986066
AAGAGGCATGGATCGC-1,1,36,80,6589,8299,27663.3333333333,21963.3333333333,26164.6666666667,188.895165273238,27474.4381680601,27852.2284986066,25975.7715013934,26353.5618319399
AAGAGGCCCTTTGGAA-1,1,59,109,10076,10830,36100,33586.6666666667,14541.3333333333,188.895165273238,35911.1048347268,36288.8951652732,14352.4381680601,14730.2284986066
AAGATGGCACCGGACC-1,1,59,39,10080,4727,15756.6666666667,33600,14528,188.895165273238,15567.7715013934,15945.5618319399,14339.1048347268,14716.8951652732
AAGCACCCTGCGTATC-1,1,59,73,10078,7691,25636.6666666667,33593.3333333333,14534.6666666667,188.895165273238,25447.7715013934,25825.5618319399,14345.7715013934,14723.5618319399
AAGCATACTCTCCTGA-1,1,53,69,9168,7342,24473.3333333333,30560,17568,188.895165273238,24284.4381680601,24662.2284986066,17379.1048347268,17756.8951652732
AAGCCGAAGCGGTTTA-1,1,49,107,8559,10654,35513.3333333333,28530,19598,188.895165273238,35324.4381680601,35702.2284986066,19409.1048347268,19786.8951652732
AAGCCGCCGTGAAATC-1,1,65,23,10991,3332,11106.6666666667,36636.6666666667,11491.3333333333,188.895165273238,10917.7715013934,11295.5618319399,11302.4381680601,11680.2284986066
AAGCCGCTTTACCTTG-1,1,19,125,4007,12221,40736.6666666667,13356.6666666667,34771.3333333333,188.895165273238,40547.7715013934,40925.5618319399,34582.4381680601,34960.2284986066
AAGCGCAGGGCTTTGA-1,1,67,73,11292,7692,25640,37640,10488,188.895165273238,25451.1048347268,25828.8951652732,10299.1048347268,10676.8951652732
AAGCGTCCCTCATCGA-1,1,57,35,9777,4378,14593.3333333333,32590,15538,188.895165273238,14404.4381680601,14782.2284986066,15349.1048347268,15726.8951652732
AAGCTAGATCGAGTAA-1,1,50,68,8713,7254,24180,29043.3333333333,19084.6666666667,188.895165273238,23991.1048347268,24368.8951652732,18895.7715013934,19273.5618319399
AAGCTCGTGCCAAGTC-1,1,35,73,6437,7689,25630,21456.6666666667,26671.3333333333,188.895165273238,25441.1048347268,25818.8951652732,26482.4381680601,26860.2284986066
AAGCTCTTTCATGGTG-1,1,57,81,9774,8388,27960,32580,15548,188.895165273238,27771.1048347268,28148.8951652732,15359.1048347268,15736.8951652732
AAGGATCGATCGCTTG-1,1,39,109,7042,10828,36093.3333333333,23473.3333333333,24654.6666666667,188.895165273238,35904.4381680601,36282.2284986066,24465.7715013934,24843.5618319399
AAGGCAGGCTGTCTCC-1,1,42,118,7497,11613,38710,24990,23138,188.895165273238,38521.1048347268,38898.8951652732,22949.1048347268,23326.8951652732
AAGGGAACGACTGGCT-1,1,63,21,10688,3158,10526.6666666667,35626.6666666667,12501.3333333333,188.895165273238,10337.7715013934,10715.5618319399,12312.4381680601,12690.2284986066
AAGGGACTATGCATTC-1,1,60,26,10232,3593,11976.6666666667,34106.6666666667,14021.3333333333,188.895165273238,11787.7715013934,12165.5618319399,13832.4381680601,14210.2284986066
AAGGTGATAAACCAGC-1,1,44,92,7801,9346,31153.3333333333,26003.3333333333,22124.6666666667,188.895165273238,30964.4381680601,31342.2284986066,21935.7715013934,22313.5618319399
AAGTCAATTGTCGTCA-1,1,45,101,7953,10131,33770,26510,21618,188.895165273238,33581.1048347268,33958.8951652732,21429.1048347268,21806.8951652732
AAGTCTAGTAGCTGCC-1,1,21,125,4311,12221,40736.6666666667,14370,33758,188.895165273238,40547.7715013934,40925.5618319399,33569.1048347268,33946.8951652732
AAGTGAGTCGGGTTTA-1,1,62,48,10534,5512,18373.3333333333,35113.3333333333,13014.6666666667,188.895165273238,18184.4381680601,18562.2284986066,12825.7715013934,13203.5618319399
AAGTGCCTTGACTGTA-1,1,44,104,7801,10392,34640,26003.3333333333,22124.6666666667,188.895165273238,34451.1048347268,34828.8951652732,21935.7715013934,22313.5618319399
AAGTGCTTCTCTATTG-1,1,69,37,11597,4553,15176.6666666667,38656.6666666667,9471.33333333333,188.895165273238,14987.7715013934,15365.5618319399,9282.43816806009,9660.22849860657
AAGTGTTTGGAGACGG-1,1,52,80,9016,8301,27670,30053.3333333333,18074.6666666667,188.895165273238,27481.1048347268,27858.8951652732,17885.7715013934,18263.5618319399
AAGTTCACTCCAAGCT-1,1,57,85,9774,8737,29123.3333333333,32580,15548,188.895165273238,28934.4381680601,29312.2284986066,15359.1048347268,15736.8951652732
AAGTTCGGCCAACAGG-1,1,46,34,8108,4290,14300,27026.6666666667,21101.3333333333,188.895165273238,14111.1048347268,14488.8951652732,20912.4381680601,21290.2284986066
AAGTTGTGATGTTATA-1,1,66,106,11138,10569,35230,37126.6666666667,11001.3333333333,188.895165273238,35041.1048347268,35418.8951652732,10812.4381680601,11190.2284986066
AAGTTTATGGGCCCAA-1,1,68,70,11443,7430,24766.6666666667,38143.3333333333,9984.66666666666,188.895165273238,24577.7715013934,24955.5618319399,9795.77150139343,10173.5618319399
AATAACACTAGAACAA-1,1,52,38,9018,4639,15463.3333333333,30060,18068,188.895165273238,15274.4381680601,15652.2284986066,17879.1048347268,18256.8951652732
AATAATCTTCGTATCG-1,1,52,122,9013,11962,39873.3333333333,30043.3333333333,18084.6666666667,188.895165273238,39684.4381680601,40062.2284986066,17895.7715013934,18273.5618319399
AATACCGGAGGGCTGT-1,1,67,37,11294,4553,15176.6666666667,37646.6666666667,10481.3333333333,188.895165273238,14987.7715013934,15365.5618319399,10292.4381680601,10670.2284986066
AATAGAACAGAGTGGC-1,1,52,46,9018,5336,17786.6666666667,30060,18068,188.895165273238,17597.7715013934,17975.5618319399,17879.1048347268,18256.8951652732
AATAGAATCTGTTTCA-1,1,48,86,8409,8823,29410,28030,20098,188.895165273238,29221.1048347268,29598.8951652732,19909.1048347268,20286.8951652732
AATAGTCCGTCCCGAC-1,1,57,57,9775,6296,20986.6666666667,32583.3333333333,15544.6666666667,188.895165273238,20797.7715013934,21175.5618319399,15355.7715013934,15733.5618319399
AATATCGAATCAATGC-1,1,49,109,8559,10829,36096.6666666667,28530,19598,188.895165273238,35907.7715013934,36285.5618319399,19409.1048347268,19786.8951652732
AATATCGAGGGTTCTC-1,1,27,101,5222,10129,33763.3333333333,17406.6666666667,30721.3333333333,188.895165273238,33574.4381680601,33952.2284986066,30532.4381680601,30910.2284986066
AATCAGGTTTCATTTA-1,1,69,33,11597,4205,14016.6666666667,38656.6666666667,9471.33333333333,188.895165273238,13827.7715013934,14205.5618319399,9282.43816806009,9660.22849860657
AATCATGTAAAGACTC-1,1,54,98,9318,9870,32900,31060,17068,188.895165273238,32711.1048347268,33088.8951652732,16879.1048347268,17256.8951652732
AATCGCCTCAGCGCCA-1,1,39,79,7044,8212,27373.3333333333,23480,24648,188.895165273238,27184.4381680601,27562.2284986066,24459.1048347268,24836.8951652732
AATCGCGCAGAGGACT-1,1,42,114,7497,11264,37546.6666666667,24990,23138,188.895165273238,37357.7715013934,37735.5618319399,22949.1048347268,23326.8951652732
AATCGTGAGCCGAGCA-1,1,67,83,11291,8564,28546.6666666667,37636.6666666667,10491.3333333333,188.895165273238,28357.7715013934,28735.5618319399,10302.4381680601,10680.2284986066
AATCTATGCCGGAGCC-1,1,26,110,5070,10914,36380,16900,31228,188.895165273238,36191.1048347268,36568.8951652732,31039.1048347268,31416.8951652732
AATCTGCGTTGGGACG-1,1,32,92,5981,9345,31150,19936.6666666667,28191.3333333333,188.895165273238,30961.1048347268,31338.8951652732,28002.4381680601,28380.2284986066
AATGACAGCAATGTCT-1,1,48,30,8412,3941,13136.6666666667,28040,20088,188.895165273238,12947.7715013934,13325.5618319399,19899.1048347268,20276.8951652732
AATGACGTAGGATGTC-1,1,44,78,7802,8125,27083.3333333333,26006.6666666667,22121.3333333333,188.895165273238,26894.4381680601,27272.2284986066,21932.4381680601,22310.2284986066
AATGATGCGACTCCTG-1,1,25,101,4919,10129,33763.3333333333,16396.6666666667,31731.3333333333,188.895165273238,33574.4381680601,33952.2284986066,31542.4381680601,31920.2284986066
AATGTGCCCGAGGTGT-1,1,55,27,9474,3680,12266.6666666667,31580,16548,188.895165273238,12077.7715013934,12455.5618319399,16359.1048347268,16736.8951652732
AATGTGCTAATCTGAG-1,1,66,32,11142,4117,13723.3333333333,37140,10988,188.895165273238,13534.4381680601,13912.2284986066,10799.1048347268,11176.8951652732
AATGTTGTCGTGAGAC-1,1,68,108,11441,10743,35810,38136.6666666667,9991.33333333333,188.895165273238,35621.1048347268,35998.8951652732,9802.43816806009,10180.2284986066
AATTAAAGGTCGGCGT-1,1,40,50,7197,5684,18946.6666666667,23990,24138,188.895165273238,18757.7715013934,19135.5618319399,23949.1048347268,24326.8951652732
AATTAACGGATTTCCA-1,1,58,66,9927,7081,23603.3333333333,33090,15038,188.895165273238,23414.4381680601,23792.2284986066,14849.1048347268,15226.8951652732
AATTAGCGCTGCAGCG-1,1,51,63,8865,6818,22726.6666666667,29550,18578,188.895165273238,22537.7715013934,22915.5618319399,18389.1048347268,18766.8951652732
AATTCCAAGCATGTAC-1,1,66,58,11141,6384,21280,37136.6666666667,10991.3333333333,188.895165273238,21091.1048347268,21468.8951652732,10802.4381680601,11180.2284986066
AATTCGATTCGAGGAT-1,1,66,76,11140,7953,26510,37133.3333333333,10994.6666666667,188.895165273238,26321.1048347268,26698.8951652732,10805.7715013934,11183.5618319399
AATTCTAGAGTTAGGC-1,1,49,63,8562,6818,22726.6666666667,28540,19588,188.895165273238,22537.7715013934,22915.5618319399,19399.1048347268,19776.8951652732
AATTGAACGCTCTGGT-1,1,45,83,7954,8561,28536.6666666667,26513.3333333333,21614.6666666667,188.895165273238,28347.7715013934,28725.5618319399,21425.7715013934,21803.5618319399
AATTGCAGCAATCGAC-1,1,64,102,10835,10220,34066.6666666667,36116.6666666667,12011.3333333333,188.895165273238,33877.7715013934,34255.5618319399,11822.4381680601,12200.2284986066
ACAAACCATGCGTCCT-1,1,64,16,10840,2722,9073.33333333333,36133.3333333333,11994.6666666667,188.895165273238,8884.4381680601,9262.22849860657,11805.7715013934,12183.5618319399
ACAAAGCATGACCTAG-1,1,63,97,10683,9784,32613.3333333333,35610,12518,188.895165273238,32424.4381680601,32802.2284986066,12329.1048347268,12706.8951652732
ACAAATCGCACCGAAT-1,1,50,82,8712,8475,28250,29040,19088,188.895165273238,28061.1048347268,28438.8951652732,18899.1048347268,19276.8951652732
ACAAATGGTAGTGTTT-1,1,44,84,7802,8649,28830,26006.6666666667,22121.3333333333,188.895165273238,28641.1048347268,29018.8951652732,21932.4381680601,22310.2284986066
ACAACAGCATGAGCTA-1,1,32,72,5982,7601,25336.6666666667,19940,28188,188.895165273238,25147.7715013934,25525.5618319399,27999.1048347268,28376.8951652732
ACAAGGAAATCCGCCC-1,1,49,75,8561,7864,26213.3333333333,28536.6666666667,19591.3333333333,188.895165273238,26024.4381680601,26402.2284986066,19402.4381680601,19780.2284986066
ACAAGGATGCTTTAGG-1,1,61,87,10381,8912,29706.6666666667,34603.3333333333,13524.6666666667,188.895165273238,29517.7715013934,29895.5618319399,13335.7715013934,13713.5618319399
ACAAGGGCAGGCTCTG-1,1,44,76,7802,7951,26503.3333333333,26006.6666666667,22121.3333333333,188.895165273238,26314.4381680601,26692.2284986066,21932.4381680601,22310.2284986066
ACAATAGTCGTACGTT-1,1,42,20,7502,3069,10230,25006.6666666667,23121.3333333333,188.895165273238,10041.1048347268,10418.8951652732,22932.4381680601,23310.2284986066
ACAATGAATACGGAGA-1,1,57,31,9777,4029,13430,32590,15538,188.895165273238,13241.1048347268,13618.8951652732,15349.1048347268,15726.8951652732
ACAATTGTGTCTCTTT-1,1,51,97,8863,9783,32610,29543.3333333333,18584.6666666667,188.895165273238,32421.1048347268,32798.8951652732,18395.7715013934,18773.5618319399
ACAATTTGGCCATATT-1,1,43,123,7648,12049,40163.3333333333,25493.3333333333,22634.6666666667,188.895165273238,39974.4381680601,40352.2284986066,22445.7715013934,22823.5618319399
ACACACCAGGACCAGT-1,1,44,90,7802,9172,30573.3333333333,26006.6666666667,22121.3333333333,188.895165273238,30384.4381680601,30762.2284986066,21932.4381680601,22310.2284986066
ACACATGATCAAATCT-1,1,60,16,10233,2722,9073.33333333333,34110,14018,188.895165273238,8884.4381680601,9262.22849860657,13829.1048347268,14206.8951652732
ACACATTTCCGTAGAC-1,1,73,67,12202,7169,23896.6666666667,40673.3333333333,7454.66666666667,188.895165273238,23707.7715013934,24085.5618319399,7265.77150139343,7643.5618319399
ACACCACATAATTAGC-1,1,31,117,5828,11524,38413.3333333333,19426.6666666667,28701.3333333333,188.895165273238,38224.4381680601,38602.2284986066,28512.4381680601,28890.2284986066
ACACCGGTCTGACCGC-1,1,65,17,10991,2809,9363.33333333333,36636.6666666667,11491.3333333333,188.895165273238,9174.4381680601,9552.22849860657,11302.4381680601,11680.2284986066
ACACCTTACTACTTGC-1,1,41,111,7345,11002,36673.3333333333,24483.3333333333,23644.6666666667,188.895165273238,36484.4381680601,36862.2284986066,23455.7715013934,23833.5618319399
ACACGTAGGCCACAAG-1,1,58,110,9924,10917,36390,33080,15048,188.895165273238,36201.1048347268,36578.8951652732,14859.1048347268,15236.8951652732
ACACTGATCAAGGTGT-1,1,52,48,9017,5511,18370,30056.6666666667,18071.3333333333,188.895165273238,18181.1048347268,18558.8951652732,17882.4381680601,18260.2284986066
ACACTGGGACAGTCGT-1,1,59,115,10076,11353,37843.3333333333,33586.6666666667,14541.3333333333,188.895165273238,37654.4381680601,38032.2284986066,14352.4381680601,14730.2284986066
ACAGCGACATTCTCAT-1,1,59,99,10077,9958,33193.3333333333,33590,14538,188.895165273238,33004.4381680601,33382.2284986066,14349.1048347268,14726.8951652732
ACAGGCACGGATCCTT-1,1,69,95,11594,9610,32033.3333333333,38646.6666666667,9481.33333333333,188.895165273238,31844.4381680601,32222.2284986066,9292.43816806009,9670.22849860657
ACAGGCTTGCCCGACT-1,1,53,87,9167,8911,29703.3333333333,30556.6666666667,17571.3333333333,188.895165273238,29514.4381680601,29892.2284986066,17382.4381680601,17760.2284986066
ACAGGTGGAGGTGAGG-1,1,51,39,8866,4726,15753.3333333333,29553.3333333333,18574.6666666667,188.895165273238,15564.4381680601,15942.2284986066,18385.7715013934,18763.5618319399
ACAGTATACCGTGGGA-1,1,19,119,4008,11698,38993.3333333333,13360,34768,188.895165273238,38804.4381680601,39182.2284986066,34579.1048347268,34956.8951652732
ACATCCCGGCCATACG-1,1,55,57,9472,6296,20986.6666666667,31573.3333333333,16554.6666666667,188.895165273238,20797.7715013934,21175.5618319399,16365.7715013934,16743.5618319399
ACATCCTGGTAACTGT-1,1,42,102,7498,10218,34060,24993.3333333333,23134.6666666667,188.895165273238,33871.1048347268,34248.8951652732,22945.7715013934,23323.5618319399
ACATCGATCGTTTACC-1,1,42,62,7500,6730,22433.3333333333,25000,23128,188.895165273238,22244.4381680601,22622.2284986066,22939.1048347268,23316.8951652732
ACATCGGTCAGCCGCG-1,1,41,37,7349,4551,15170,24496.6666666667,23631.3333333333,188.895165273238,14981.1048347268,15358.8951652732,23442.4381680601,23820.2284986066
ACATCGTATGCAATGG-1,1,45,81,7954,8387,27956.6666666667,26513.3333333333,21614.6666666667,188.895165273238,27767.7715013934,28145.5618319399,21425.7715013934,21803.5618319399
ACATGGCGCCAAAGTA-1,1,40,104,7194,10392,34640,23980,24148,188.895165273238,34451.1048347268,34828.8951652732,23959.1048347268,24336.8951652732
ACATTAGTTTATATCC-1,1,51,61,8865,6644,22146.6666666667,29550,18578,188.895165273238,21957.7715013934,22335.5618319399,18389.1048347268,18766.8951652732
ACCAACCGCACTCCAC-1,1,65,97,10987,9784,32613.3333333333,36623.3333333333,11504.6666666667,188.895165273238,32424.4381680601,32802.2284986066,11315.7715013934,11693.5618319399
ACCAACGCTTATTTAT-1,1,53,49,9169,5598,18660,30563.3333333333,17564.6666666667,188.895165273238,18471.1048347268,18848.8951652732,17375.7715013934,17753.5618319399
ACCAATATGCAAGTTA-1,1,56,78,9623,8127,27090,32076.6666666667,16051.3333333333,188.895165273238,26901.1048347268,27278.8951652732,15862.4381680601,16240.2284986066
ACCACAAGTTTCTATC-1,1,30,54,5680,6032,20106.6666666667,18933.3333333333,29194.6666666667,188.895165273238,19917.7715013934,20295.5618319399,29005.7715013934,29383.5618319399
ACCACCAATGTAACAA-1,1,41,107,7346,10653,35510,24486.6666666667,23641.3333333333,188.895165273238,35321.1048347268,35698.8951652732,23452.4381680601,23830.2284986066
ACCACCCTCTCTTCTA-1,1,23,121,4614,11872,39573.3333333333,15380,32748,188.895165273238,39384.4381680601,39762.2284986066,32559.1048347268,32936.8951652732
ACCACGTGCAGCTATA-1,1,48,76,8409,7951,26503.3333333333,28030,20098,188.895165273238,26314.4381680601,26692.2284986066,19909.1048347268,20286.8951652732
ACCAGTGCGGGAGACG-1,1,48,94,8408,9521,31736.6666666667,28026.6666666667,20101.3333333333,188.895165273238,31547.7715013934,31925.5618319399,19912.4381680601,20290.2284986066
ACCATATCCGCAATAA-1,1,38,56,6893,6207,20690,22976.6666666667,25151.3333333333,188.895165273238,20501.1048347268,20878.8951652732,24962.4381680601,25340.2284986066
ACCATCGTATATGGTA-1,1,42,42,7501,4987,16623.3333333333,25003.3333333333,23124.6666666667,188.895165273238,16434.4381680601,16812.2284986066,22935.7715013934,23313.5618319399
ACCCAACGCCCGTGGC-1,1,30,86,5678,8822,29406.6666666667,18926.6666666667,29201.3333333333,188.895165273238,29217.7715013934,29595.5618319399,29012.4381680601,29390.2284986066
ACCCATCTTGAGGGTA-1,1,37,37,6743,4550,15166.6666666667,22476.6666666667,25651.3333333333,188.895165273238,14977.7715013934,15355.5618319399,25462.4381680601,25840.2284986066
ACCCATTTGTCCCTCT-1,1,60,100,10228,10045,33483.3333333333,34093.3333333333,14034.6666666667,188.895165273238,33294.4381680601,33672.2284986066,13845.7715013934,14223.5618319399
ACCCGAGCGAAATTAC-1,1,61,29,10384,3855,12850,34613.3333333333,13514.6666666667,188.895165273238,12661.1048347268,13038.8951652732,13325.7715013934,13703.5618319399
ACCCGATTGGTTCCGA-1,1,69,35,11597,4379,14596.6666666667,38656.6666666667,9471.33333333333,188.895165273238,14407.7715013934,14785.5618319399,9282.43816806009,9660.22849860657
ACCCGGAAACTCCCAG-1,1,57,65,9775,6993,23310,32583.3333333333,15544.6666666667,188.895165273238,23121.1048347268,23498.8951652732,15355.7715013934,15733.5618319399
ACCCGGAGCACCACAA-1,1,59,123,10075,12050,40166.6666666667,33583.3333333333,14544.6666666667,188.895165273238,39977.7715013934,40355.5618319399,14355.7715013934,14733.5618319399
ACCCGGATGACGCATC-1,1,38,100,6891,10043,33476.6666666667,22970,25158,188.895165273238,33287.7715013934,33665.5618319399,24969.1048347268,25346.8951652732
ACCCGGTTACACTTCC-1,1,42,48,7500,5510,18366.6666666667,25000,23128,188.895165273238,18177.7715013934,18555.5618319399,22939.1048347268,23316.8951652732
ACCCGTGTCATCAGTA-1,1,58,54,9927,6034,20113.3333333333,33090,15038,188.895165273238,19924.4381680601,20302.2284986066,14849.1048347268,15226.8951652732
ACCCTATGCCATATCG-1,1,56,40,9625,4814,16046.6666666667,32083.3333333333,16044.6666666667,188.895165273238,15857.7715013934,16235.5618319399,15855.7715013934,16233.5618319399
ACCCTCCCGTCAGGGC-1,1,69,99,11594,9959,33196.6666666667,38646.6666666667,9481.33333333333,188.895165273238,33007.7715013934,33385.5618319399,9292.43816806009,9670.22849860657
ACCCTCCCTTGCTATT-1,1,48,84,8409,8649,28830,28030,20098,188.895165273238,28641.1048347268,29018.8951652732,19909.1048347268,20286.8951652732
ACCCTGGTAACGCCCT-1,1,21,115,4311,11349,37830,14370,33758,188.895165273238,37641.1048347268,38018.8951652732,33569.1048347268,33946.8951652732
ACCCTTGCCTGGGTCG-1,1,16,126,3552,12308,41026.6666666667,11840,36288,188.895165273238,40837.7715013934,41215.5618319399,36099.1048347268,36476.8951652732
ACCGAAGAGTCTGGTT-1,1,57,11,9778,2285,7616.66666666667,32593.3333333333,15534.6666666667,188.895165273238,7427.77150139343,7805.5618319399,15345.7715013934,15723.5618319399
ACCGACACATCTCCCA-1,1,61,67,10382,7168,23893.3333333333,34606.6666666667,13521.3333333333,188.895165273238,23704.4381680601,24082.2284986066,13332.4381680601,13710.2284986066
ACCGAGTCTCCTTATT-1,1,71,79,11898,8215,27383.3333333333,39660,8468,188.895165273238,27194.4381680601,27572.2284986066,8279.10483472676,8656.89516527324
ACCGATAGGCATAACC-1,1,60,118,10227,11614,38713.3333333333,34090,14038,188.895165273238,38524.4381680601,38902.2284986066,13849.1048347268,14226.8951652732
ACCGATATTTAATCAT-1,1,54,120,9317,11788,39293.3333333333,31056.6666666667,17071.3333333333,188.895165273238,39104.4381680601,39482.2284986066,16882.4381680601,17260.2284986066
ACCGATGGTAGCATCG-1,1,36,92,6588,9345,31150,21960,26168,188.895165273238,30961.1048347268,31338.8951652732,25979.1048347268,26356.8951652732
ACCGCAATAACTGCCT-1,1,51,79,8864,8213,27376.6666666667,29546.6666666667,18581.3333333333,188.895165273238,27187.7715013934,27565.5618319399,18392.4381680601,18770.2284986066
ACCGCGGTGGAAGTCG-1,1,44,106,7801,10567,35223.3333333333,26003.3333333333,22124.6666666667,188.895165273238,35034.4381680601,35412.2284986066,21935.7715013934,22313.5618319399
ACCGGGCCTTTGTTGA-1,1,46,98,8105,9869,32896.6666666667,27016.6666666667,21111.3333333333,188.895165273238,32707.7715013934,33085.5618319399,20922.4381680601,21300.2284986066
ACCGGTCAGGTACACC-1,1,59,15,10081,2634,8780,33603.3333333333,14524.6666666667,188.895165273238,8591.10483472676,8968.89516527324,14335.7715013934,14713.5618319399
ACCGTGACCACGTGGG-1,1,61,39,10383,4727,15756.6666666667,34610,13518,188.895165273238,15567.7715013934,15945.5618319399,13329.1048347268,13706.8951652732
ACCTAAGTACCTTTCA-1,1,50,30,8715,3941,13136.6666666667,29050,19078,188.895165273238,12947.7715013934,13325.5618319399,18889.1048347268,19266.8951652732
ACCTACAGTATGTGGT-1,1,41,113,7345,11177,37256.6666666667,24483.3333333333,23644.6666666667,188.895165273238,37067.7715013934,37445.5618319399,23455.7715013934,23833.5618319399
ACCTACTATAAATCTA-1,1,68,58,11444,6384,21280,38146.6666666667,9981.33333333333,188.895165273238,21091.1048347268,21468.8951652732,9792.43816806009,10170.2284986066
ACCTCCGCCCTCGCTG-1,1,55,107,9469,10655,35516.6666666667,31563.3333333333,16564.6666666667,188.895165273238,35327.7715013934,35705.5618319399,16375.7715013934,16753.5618319399
ACCTCCGTTATTCACC-1,1,34,112,6283,11089,36963.3333333333,20943.3333333333,27184.6666666667,188.895165273238,36774.4381680601,37152.2284986066,26995.7715013934,27373.5618319399
ACGACTCTAGGGCCGA-1,1,71,93,11897,9436,31453.3333333333,39656.6666666667,8471.33333333333,188.895165273238,31264.4381680601,31642.2284986066,8282.43816806009,8660.22849860657
ACGACTGGTCATACTC-1,1,64,34,10839,4291,14303.3333333333,36130,11998,188.895165273238,14114.4381680601,14492.2284986066,11809.1048347268,12186.8951652732
ACGAGGTTTACAACGT-1,1,57,13,9778,2460,8200,32593.3333333333,15534.6666666667,188.895165273238,8011.10483472676,8388.89516527324,15345.7715013934,15723.5618319399
ACGAGTACGGATGCCC-1,1,28,104,5374,10391,34636.6666666667,17913.3333333333,30214.6666666667,188.895165273238,34447.7715013934,34825.5618319399,30025.7715013934,30403.5618319399
ACGATCATCTTGTAAA-1,1,36,102,6587,10217,34056.6666666667,21956.6666666667,26171.3333333333,188.895165273238,33867.7715013934,34245.5618319399,25982.4381680601,26360.2284986066
ACGATGCATATGTTAT-1,1,37,43,6742,5073,16910,22473.3333333333,25654.6666666667,188.895165273238,16721.1048347268,17098.8951652732,25465.7715013934,25843.5618319399
ACGCAAACTAATAGAT-1,1,63,47,10686,5425,18083.3333333333,35620,12508,188.895165273238,17894.4381680601,18272.2284986066,12319.1048347268,12696.8951652732
ACGCAATCACTACAGC-1,1,25,109,4918,10826,36086.6666666667,16393.3333333333,31734.6666666667,188.895165273238,35897.7715013934,36275.5618319399,31545.7715013934,31923.5618319399
ACGCATACGTTTACTA-1,1,56,102,9621,10219,34063.3333333333,32070,16058,188.895165273238,33874.4381680601,34252.2284986066,15869.1048347268,16246.8951652732
ACGCATTCGTGAGTAC-1,1,33,61,6135,6642,22140,20450,27678,188.895165273238,21951.1048347268,22328.8951652732,27489.1048347268,27866.8951652732
ACGCCACTCGAAACAG-1,1,75,71,12505,7518,25060,41683.3333333333,6444.66666666667,188.895165273238,24871.1048347268,25248.8951652732,6255.77150139343,6633.5618319399
ACGCCGCTAGACGACC-1,1,43,71,7651,7515,25050,25503.3333333333,22624.6666666667,188.895165273238,24861.1048347268,25238.8951652732,22435.7715013934,22813.5618319399
ACGCGAAGTCAGACGA-1,1,49,59,8562,6469,21563.3333333333,28540,19588,188.895165273238,21374.4381680601,21752.2284986066,19399.1048347268,19776.8951652732
ACGCGCTACACAGGGT-1,1,41,31,7350,4028,13426.6666666667,24500,23628,188.895165273238,13237.7715013934,13615.5618319399,23439.1048347268,23816.8951652732
ACGCGGGCCAAGGACA-1,1,34,62,6286,6730,22433.3333333333,20953.3333333333,27174.6666666667,188.895165273238,22244.4381680601,22622.2284986066,26985.7715013934,27363.5618319399
ACGCTAGTGATACACT-1,1,28,100,5374,10042,33473.3333333333,17913.3333333333,30214.6666666667,188.895165273238,33284.4381680601,33662.2284986066,30025.7715013934,30403.5618319399
ACGGAACACGAGTGCC-1,1,73,101,12200,10133,33776.6666666667,40666.6666666667,7461.33333333333,188.895165273238,33587.7715013934,33965.5618319399,7272.43816806009,7650.22849860657
ACGGACTCTCAAAGCG-1,1,61,75,10381,7866,26220,34603.3333333333,13524.6666666667,188.895165273238,26031.1048347268,26408.8951652732,13335.7715013934,13713.5618319399
ACGGATGGTGCGGATA-1,1,57,79,9774,8214,27380,32580,15548,188.895165273238,27191.1048347268,27568.8951652732,15359.1048347268,15736.8951652732
ACGGCACTTGCTTGGG-1,1,52,60,9017,6557,21856.6666666667,30056.6666666667,18071.3333333333,188.895165273238,21667.7715013934,22045.5618319399,17882.4381680601,18260.2284986066
ACGGCCAACATGGACT-1,1,53,55,9169,6121,20403.3333333333,30563.3333333333,17564.6666666667,188.895165273238,20214.4381680601,20592.2284986066,17375.7715013934,17753.5618319399
ACGGCGACGATGGGAA-1,1,49,77,8561,8039,26796.6666666667,28536.6666666667,19591.3333333333,188.895165273238,26607.7715013934,26985.5618319399,19402.4381680601,19780.2284986066
ACGGGCGTATGCGACA-1,1,24,118,4766,11611,38703.3333333333,15886.6666666667,32241.3333333333,188.895165273238,38514.4381680601,38892.2284986066,32052.4381680601,32430.2284986066
ACGGTACAGTTCAATG-1,1,71,97,11897,9784,32613.3333333333,39656.6666666667,8471.33333333333,188.895165273238,32424.4381680601,32802.2284986066,8282.43816806009,8660.22849860657
ACGTACTTTGGCACGG-1,1,70,32,11749,4118,13726.6666666667,39163.3333333333,8964.66666666666,188.895165273238,13537.7715013934,13915.5618319399,8775.77150139343,9153.5618319399
ACGTAGGAGAGTCGCT-1,1,70,72,11747,7605,25350,39156.6666666667,8971.33333333333,188.895165273238,25161.1048347268,25538.8951652732,8782.43816806009,9160.22849860657
ACGTATTACTCCGATC-1,1,41,97,7346,9782,32606.6666666667,24486.6666666667,23641.3333333333,188.895165273238,32417.7715013934,32795.5618319399,23452.4381680601,23830.2284986066
ACGTTAATGTCGAAGA-1,1,41,69,7348,7341,24470,24493.3333333333,23634.6666666667,188.895165273238,24281.1048347268,24658.8951652732,23445.7715013934,23823.5618319399
ACGTTAGATTTGCCCG-1,1,39,39,7046,4725,15750,23486.6666666667,24641.3333333333,188.895165273238,15561.1048347268,15938.8951652732,24452.4381680601,24830.2284986066
ACGTTCGCAATCAATT-1,1,33,113,6132,11176,37253.3333333333,20440,27688,188.895165273238,37064.4381680601,37442.2284986066,27499.1048347268,27876.8951652732
ACGTTCGTTCAGGAAA-1,1,60,44,10231,5163,17210,34103.3333333333,14024.6666666667,188.895165273238,17021.1048347268,17398.8951652732,13835.7715013934,14213.5618319399
ACGTTCTGTACAAGTC-1,1,65,95,10987,9610,32033.3333333333,36623.3333333333,11504.6666666667,188.895165273238,31844.4381680601,32222.2284986066,11315.7715013934,11693.5618319399
ACTACAAAGAGAGGTG-1,1,71,49,11900,5600,18666.6666666667,39666.6666666667,8461.33333333333,188.895165273238,18477.7715013934,18855.5618319399,8272.43816806009,8650.22849860657
ACTACATCCCGACAAG-1,1,63,17,10688,2809,9363.33333333333,35626.6666666667,12501.3333333333,188.895165273238,9174.4381680601,9552.22849860657,12312.4381680601,12690.2284986066
ACTACGCGTTAGAATT-1,1,60,56,10231,6209,20696.6666666667,34103.3333333333,14024.6666666667,188.895165273238,20507.7715013934,20885.5618319399,13835.7715013934,14213.5618319399
ACTAGTTGCGATCGTC-1,1,50,104,8711,10393,34643.3333333333,29036.6666666667,19091.3333333333,188.895165273238,34454.4381680601,34832.2284986066,18902.4381680601,19280.2284986066
ACTATCCAGGGCATGG-1,1,38,108,6890,10740,35800,22966.6666666667,25161.3333333333,188.895165273238,35611.1048347268,35988.8951652732,24972.4381680601,25350.2284986066
ACTATCTGCCCGCGTA-1,1,53,113,9166,11178,37260,30553.3333333333,17574.6666666667,188.895165273238,37071.1048347268,37448.8951652732,17385.7715013934,17763.5618319399
ACTATGTCCAGCTGCC-1,1,64,22,10839,3245,10816.6666666667,36130,11998,188.895165273238,10627.7715013934,11005.5618319399,11809.1048347268,12186.8951652732
ACTATTTCCGGGCCCA-1,1,59,41,10080,4901,16336.6666666667,33600,14528,188.895165273238,16147.7715013934,16525.5618319399,14339.1048347268,14716.8951652732
ACTCAACGAATGTATT-1,1,7,33,2192,4199,13996.6666666667,7306.66666666667,40821.3333333333,188.895165273238,13807.7715013934,14185.5618319399,40632.4381680601,41010.2284986066
ACTCAAGTGCAAGGCT-1,1,60,86,10229,8824,29413.3333333333,34096.6666666667,14031.3333333333,188.895165273238,29224.4381680601,29602.2284986066,13842.4381680601,14220.2284986066
ACTCCAATATCATCAT-1,1,63,29,10687,3855,12850,35623.3333333333,12504.6666666667,188.895165273238,12661.1048347268,13038.8951652732,12315.7715013934,12693.5618319399
ACTCCCGAATTCGTTT-1,1,32,104,5980,10391,34636.6666666667,19933.3333333333,28194.6666666667,188.895165273238,34447.7715013934,34825.5618319399,28005.7715013934,28383.5618319399
ACTCCCGTAGACTAGG-1,1,21,123,4311,12047,40156.6666666667,14370,33758,188.895165273238,39967.7715013934,40345.5618319399,33569.1048347268,33946.8951652732
ACTCCCTAATGCTAAA-1,1,57,69,9775,7342,24473.3333333333,32583.3333333333,15544.6666666667,188.895165273238,24284.4381680601,24662.2284986066,15355.7715013934,15733.5618319399
ACTCCCTAGAATAGTA-1,1,48,70,8409,7428,24760,28030,20098,188.895165273238,24571.1048347268,24948.8951652732,19909.1048347268,20286.8951652732
ACTCCGGCCGACCACT-1,1,70,90,11746,9174,30580,39153.3333333333,8974.66666666666,188.895165273238,30391.1048347268,30768.8951652732,8785.77150139343,9163.5618319399
ACTCGCCGTTCGATAA-1,1,67,111,11290,11005,36683.3333333333,37633.3333333333,10494.6666666667,188.895165273238,36494.4381680601,36872.2284986066,10305.7715013934,10683.5618319399
ACTCGCGATCTGACGC-1,1,42,126,7496,12310,41033.3333333333,24986.6666666667,23141.3333333333,188.895165273238,40844.4381680601,41222.2284986066,22952.4381680601,23330.2284986066
ACTCGTCAGTAATCCC-1,1,36,78,6589,8125,27083.3333333333,21963.3333333333,26164.6666666667,188.895165273238,26894.4381680601,27272.2284986066,25975.7715013934,26353.5618319399
ACTCTCTGACTTAGGT-1,1,42,78,7499,8125,27083.3333333333,24996.6666666667,23131.3333333333,188.895165273238,26894.4381680601,27272.2284986066,22942.4381680601,23320.2284986066
ACTCTGACCTAATAGA-1,1,69,97,11594,9784,32613.3333333333,38646.6666666667,9481.33333333333,188.895165273238,32424.4381680601,32802.2284986066,9292.43816806009,9670.22849860657
ACTCTTCAGCTCCCGC-1,1,36,126,6586,12309,41030,21953.3333333333,26174.6666666667,188.895165273238,40841.1048347268,41218.8951652732,25985.7715013934,26363.5618319399
ACTCTTGTATAGTAAC-1,1,36,70,6589,7427,24756.6666666667,21963.3333333333,26164.6666666667,188.895165273238,24567.7715013934,24945.5618319399,25975.7715013934,26353.5618319399
ACTGAAACGCCGTTAG-1,1,57,93,9774,9434,31446.6666666667,32580,15548,188.895165273238,31257.7715013934,31635.5618319399,15359.1048347268,15736.8951652732
ACTGAATGGCGAAAGT-1,1,47,83,8257,8562,28540,27523.3333333333,20604.6666666667,188.895165273238,28351.1048347268,28728.8951652732,20415.7715013934,20793.5618319399
ACTGCCCGCCATTCTC-1,1,68,30,11446,3943,13143.3333333333,38153.3333333333,9974.66666666666,188.895165273238,12954.4381680601,13332.2284986066,9785.77150139343,10163.5618319399
ACTGCGGACACACCGT-1,1,37,119,6738,11699,38996.6666666667,22460,25668,188.895165273238,38807.7715013934,39185.5618319399,25479.1048347268,25856.8951652732
ACTGGGATGCCAGTGC-1,1,73,53,12203,5949,19830,40676.6666666667,7451.33333333333,188.895165273238,19641.1048347268,20018.8951652732,7262.43816806009,7640.22849860657
ACTGTCCAGGATTATA-1,1,33,55,6135,6119,20396.6666666667,20450,27678,188.895165273238,20207.7715013934,20585.5618319399,27489.1048347268,27866.8951652732
ACTTACGCATCCACGC-1,1,58,78,9926,8127,27090,33086.6666666667,15041.3333333333,188.895165273238,26901.1048347268,27278.8951652732,14852.4381680601,15230.2284986066
ACTTATACTTACCCGG-1,1,36,90,6588,9171,30570,21960,26168,188.895165273238,30381.1048347268,30758.8951652732,25979.1048347268,26356.8951652732
ACTTATTAGGATCGGT-1,1,38,52,6893,5858,19526.6666666667,22976.6666666667,25151.3333333333,188.895165273238,19337.7715013934,19715.5618319399,24962.4381680601,25340.2284986066
ACTTATTTATGTGCCA-1,1,46,90,8105,9172,30573.3333333333,27016.6666666667,21111.3333333333,188.895165273238,30384.4381680601,30762.2284986066,20922.4381680601,21300.2284986066
ACTTCAGGCTGATCCC-1,1,51,81,8864,8388,27960,29546.6666666667,18581.3333333333,188.895165273238,27771.1048347268,28148.8951652732,18392.4381680601,18770.2284986066
ACTTCCATGCGGGACA-1,1,61,85,10381,8737,29123.3333333333,34603.3333333333,13524.6666666667,188.895165273238,28934.4381680601,29312.2284986066,13335.7715013934,13713.5618319399
ACTTCGCTAGCGAGTG-1,1,31,127,5828,12396,41320,19426.6666666667,28701.3333333333,188.895165273238,41131.1048347268,41508.8951652732,28512.4381680601,28890.2284986066
ACTTGACTCCCTCTTT-1,1,42,72,7499,7602,25340,24996.6666666667,23131.3333333333,188.895165273238,25151.1048347268,25528.8951652732,22942.4381680601,23320.2284986066
ACTTGTGGATGGAACG-1,1,52,108,9014,10742,35806.6666666667,30046.6666666667,18081.3333333333,188.895165273238,35617.7715013934,35995.5618319399,17892.4381680601,18270.2284986066
ACTTGTTACCGGATCA-1,1,75,57,12506,6298,20993.3333333333,41686.6666666667,6441.33333333333,188.895165273238,20804.4381680601,21182.2284986066,6252.43816806009,6630.22849860657
ACTTTACCCTCATGAA-1,1,32,106,5980,10565,35216.6666666667,19933.3333333333,28194.6666666667,188.895165273238,35027.7715013934,35405.5618319399,28005.7715013934,28383.5618319399
ACTTTGGTCGTGCTCC-1,1,61,13,10385,2460,8200,34616.6666666667,13511.3333333333,188.895165273238,8011.10483472676,8388.89516527324,13322.4381680601,13700.2284986066
ACTTTGTCGACGCACT-1,1,56,120,9620,11788,39293.3333333333,32066.6666666667,16061.3333333333,188.895165273238,39104.4381680601,39482.2284986066,15872.4381680601,16250.2284986066
AGAAATTATGACTCGC-1,1,53,115,9166,11352,37840,30553.3333333333,17574.6666666667,188.895165273238,37651.1048347268,38028.8951652732,17385.7715013934,17763.5618319399
AGAACCCAGCGTGACA-1,1,44,124,7800,12136,40453.3333333333,26000,22128,188.895165273238,40264.4381680601,40642.2284986066,21939.1048347268,22316.8951652732
AGAAGGTACACTTCAC-1,1,52,14,9019,2547,8490,30063.3333333333,18064.6666666667,188.895165273238,8301.10483472676,8678.89516527324,17875.7715013934,18253.5618319399
AGAAGGTTGCCGAATT-1,1,42,44,7501,5161,17203.3333333333,25003.3333333333,23124.6666666667,188.895165273238,17014.4381680601,17392.2284986066,22935.7715013934,23313.5618319399
AGAAGGTTGTAGGTCG-1,1,64,78,10836,8127,27090,36120,12008,188.895165273238,26901.1048347268,27278.8951652732,11819.1048347268,12196.8951652732
AGAATTATGGATTCGA-1,1,32,98,5981,9868,32893.3333333333,19936.6666666667,28191.3333333333,188.895165273238,32704.4381680601,33082.2284986066,28002.4381680601,28380.2284986066
AGACAGGCATCTCAGC-1,1,55,125,9468,12224,40746.6666666667,31560,16568,188.895165273238,40557.7715013934,40935.5618319399,16379.1048347268,16756.8951652732
AGACCCACCGCTGATC-1,1,49,65,8561,6993,23310,28536.6666666667,19591.3333333333,188.895165273238,23121.1048347268,23498.8951652732,19402.4381680601,19780.2284986066
AGACCGCTCCGCGGTT-1,1,51,111,8862,11003,36676.6666666667,29540,18588,188.895165273238,36487.7715013934,36865.5618319399,18399.1048347268,18776.8951652732
AGACGAAGTGCCGGTC-1,1,49,97,8560,9782,32606.6666666667,28533.3333333333,19594.6666666667,188.895165273238,32417.7715013934,32795.5618319399,19405.7715013934,19783.5618319399
AGACGACGATGCCGCT-1,1,53,33,9170,4203,14010,30566.6666666667,17561.3333333333,188.895165273238,13821.1048347268,14198.8951652732,17372.4381680601,17750.2284986066
AGACGCCCACTTCGCC-1,1,60,120,10227,11789,39296.6666666667,34090,14038,188.895165273238,39107.7715013934,39485.5618319399,13849.1048347268,14226.8951652732
AGACTGTTACCGGGTC-1,1,63,45,10686,5250,17500,35620,12508,188.895165273238,17311.1048347268,17688.8951652732,12319.1048347268,12696.8951652732
AGAGAAACACCAGAAA-1,1,68,34,11445,4292,14306.6666666667,38150,9978,188.895165273238,14117.7715013934,14495.5618319399,9789.10483472676,10166.8951652732
AGAGAAGGAGTACAAT-1,1,58,34,9928,4291,14303.3333333333,33093.3333333333,15034.6666666667,188.895165273238,14114.4381680601,14492.2284986066,14845.7715013934,15223.5618319399
AGAGCCGCCGAGATTT-1,1,58,112,9924,11091,36970,33080,15048,188.895165273238,36781.1048347268,37158.8951652732,14859.1048347268,15236.8951652732
AGAGCGCTTGTAACGG-1,1,19,127,4007,12395,41316.6666666667,13356.6666666667,34771.3333333333,188.895165273238,41127.7715013934,41505.5618319399,34582.4381680601,34960.2284986066
AGAGGCTTCGGAAACC-1,1,51,101,8863,10131,33770,29543.3333333333,18584.6666666667,188.895165273238,33581.1048347268,33958.8951652732,18395.7715013934,18773.5618319399
AGAGTAAACTTCACTA-1,1,48,106,8408,10567,35223.3333333333,28026.6666666667,20101.3333333333,188.895165273238,35034.4381680601,35412.2284986066,19912.4381680601,20290.2284986066
AGAGTATAGTGTTACG-1,1,28,122,5373,11960,39866.6666666667,17910,30218,188.895165273238,39677.7715013934,40055.5618319399,30029.1048347268,30406.8951652732
AGATAACTTCAGGGCC-1,1,32,44,5984,5160,17200,19946.6666666667,28181.3333333333,188.895165273238,17011.1048347268,17388.8951652732,27992.4381680601,28370.2284986066
AGATACCAATAGAACC-1,1,64,110,10834,10917,36390,36113.3333333333,12014.6666666667,188.895165273238,36201.1048347268,36578.8951652732,11825.7715013934,12203.5618319399
AGATACCGGTGTTCAC-1,1,40,38,7198,4638,15460,23993.3333333333,24134.6666666667,188.895165273238,15271.1048347268,15648.8951652732,23945.7715013934,24323.5618319399
AGATACTCAAGATCGA-1,1,46,82,8105,8474,28246.6666666667,27016.6666666667,21111.3333333333,188.895165273238,28057.7715013934,28435.5618319399,20922.4381680601,21300.2284986066
AGATATAATACGACTA-1,1,64,72,10837,7604,25346.6666666667,36123.3333333333,12004.6666666667,188.895165273238,25157.7715013934,25535.5618319399,11815.7715013934,12193.5618319399
AGATGATGGAGTCTGG-1,1,34,106,6284,10566,35220,20946.6666666667,27181.3333333333,188.895165273238,35031.1048347268,35408.8951652732,26992.4381680601,27370.2284986066
AGATTATAGGACGTTT-1,1,36,54,6590,6032,20106.6666666667,21966.6666666667,26161.3333333333,188.895165273238,19917.7715013934,20295.5618319399,25972.4381680601,26350.2284986066
AGATTCACAACCGATA-1,1,53,13,9171,2459,8196.66666666667,30570,17558,188.895165273238,8007.77150139343,8385.56183193991,17369.1048347268,17746.8951652732
AGCAAAGGCCGCTAGT-1,1,60,72,10230,7604,25346.6666666667,34100,14028,188.895165273238,25157.7715013934,25535.5618319399,13839.1048347268,14216.8951652732
AGCAACATATCTTATT-1,1,41,93,7346,9433,31443.3333333333,24486.6666666667,23641.3333333333,188.895165273238,31254.4381680601,31632.2284986066,23452.4381680601,23830.2284986066
AGCACACGTTTAGACT-1,1,68,26,11446,3594,11980,38153.3333333333,9974.66666666666,188.895165273238,11791.1048347268,12168.8951652732,9785.77150139343,10163.5618319399
AGCACTACCTCACCAG-1,1,53,81,9167,8388,27960,30556.6666666667,17571.3333333333,188.895165273238,27771.1048347268,28148.8951652732,17382.4381680601,17760.2284986066
AGCAGAAGGAGAAAGA-1,1,64,68,10837,7256,24186.6666666667,36123.3333333333,12004.6666666667,188.895165273238,23997.7715013934,24375.5618319399,11815.7715013934,12193.5618319399
AGCAGCCAGATGAATA-1,1,56,58,9624,6383,21276.6666666667,32080,16048,188.895165273238,21087.7715013934,21465.5618319399,15859.1048347268,16236.8951652732
AGCATATCAATATGCT-1,1,51,95,8863,9608,32026.6666666667,29543.3333333333,18584.6666666667,188.895165273238,31837.7715013934,32215.5618319399,18395.7715013934,18773.5618319399
AGCATTACGAGGCAAG-1,1,67,105,11290,10482,34940,37633.3333333333,10494.6666666667,188.895165273238,34751.1048347268,35128.8951652732,10305.7715013934,10683.5618319399
AGCCAAGCTTTGTGTC-1,1,64,58,10837,6384,21280,36123.3333333333,12004.6666666667,188.895165273238,21091.1048347268,21468.8951652732,11815.7715013934,12193.5618319399
AGCCACAGGTTACCCG-1,1,63,89,10684,9086,30286.6666666667,35613.3333333333,12514.6666666667,188.895165273238,30097.7715013934,30475.5618319399,12325.7715013934,12703.5618319399
AGCCATATAGTATGTG-1,1,71,65,11899,6995,23316.6666666667,39663.3333333333,8464.66666666666,188.895165273238,23127.7715013934,23505.5618319399,8275.77150139343,8653.5618319399
AGCCCGCAACAAGCAG-1,1,68,54,11444,6035,20116.6666666667,38146.6666666667,9981.33333333333,188.895165273238,19927.7715013934,20305.5618319399,9792.43816806009,10170.2284986066
AGCCCGGCATTAGAGG-1,1,64,26,10839,3594,11980,36130,11998,188.895165273238,11791.1048347268,12168.8951652732,11809.1048347268,12186.8951652732
AGCCCGGTAGCCTGTA-1,1,61,49,10383,5599,18663.3333333333,34610,13518,188.895165273238,18474.4381680601,18852.2284986066,13329.1048347268,13706.8951652732
AGCCCTCCCTGGTGGC-1,1,67,29,11294,3856,12853.3333333333,37646.6666666667,10481.3333333333,188.895165273238,12664.4381680601,13042.2284986066,10292.4381680601,10670.2284986066
AGCCCTGTCGCACCGT-1,1,41,121,7345,11874,39580,24483.3333333333,23644.6666666667,188.895165273238,39391.1048347268,39768.8951652732,23455.7715013934,23833.5618319399
AGCCCTTGGACATCCC-1,1,57,117,9772,11527,38423.3333333333,32573.3333333333,15554.6666666667,188.895165273238,38234.4381680601,38612.2284986066,15365.7715013934,15743.5618319399
AGCGACAGGAACGGTC-1,1,51,37,8866,4552,15173.3333333333,29553.3333333333,18574.6666666667,188.895165273238,14984.4381680601,15362.2284986066,18385.7715013934,18763.5618319399
AGCGAGACGTGAAGGC-1,1,68,22,11446,3246,10820,38153.3333333333,9974.66666666666,188.895165273238,10631.1048347268,11008.8951652732,9785.77150139343,10163.5618319399
AGCGATGCGCCTAATA-1,1,64,108,10835,10743,35810,36116.6666666667,12011.3333333333,188.895165273238,35621.1048347268,35998.8951652732,11822.4381680601,12200.2284986066
AGCGCATAATGAATCG-1,1,57,55,9776,6122,20406.6666666667,32586.6666666667,15541.3333333333,188.895165273238,20217.7715013934,20595.5618319399,15352.4381680601,15730.2284986066
AGCGCTAGAGCGATGT-1,1,40,122,7193,11961,39870,23976.6666666667,24151.3333333333,188.895165273238,39681.1048347268,40058.8951652732,23962.4381680601,24340.2284986066
AGCGGACACTTCGTAG-1,1,62,62,10534,6732,22440,35113.3333333333,13014.6666666667,188.895165273238,22251.1048347268,22628.8951652732,12825.7715013934,13203.5618319399
AGCGGGTCTGACACTC-1,1,66,66,11140,7081,23603.3333333333,37133.3333333333,10994.6666666667,188.895165273238,23414.4381680601,23792.2284986066,10805.7715013934,11183.5618319399
AGCGTGGTATTCTACT-1,1,45,71,7954,7515,25050,26513.3333333333,21614.6666666667,188.895165273238,24861.1048347268,25238.8951652732,21425.7715013934,21803.5618319399
AGCTAACAAGCAATGT-1,1,61,33,10384,4204,14013.3333333333,34613.3333333333,13514.6666666667,188.895165273238,13824.4381680601,14202.2284986066,13325.7715013934,13703.5618319399
AGCTAAGTACGCAGGC-1,1,64,86,10836,8825,29416.6666666667,36120,12008,188.895165273238,29227.7715013934,29605.5618319399,11819.1048347268,12196.8951652732
AGCTCCATATATGTTC-1,1,57,109,9773,10829,36096.6666666667,32576.6666666667,15551.3333333333,188.895165273238,35907.7715013934,36285.5618319399,15362.4381680601,15740.2284986066
AGCTCCTTCGCACATC-1,1,52,86,9015,8824,29413.3333333333,30050,18078,188.895165273238,29224.4381680601,29602.2284986066,17889.1048347268,18266.8951652732
AGCTCGTTGATGGAAA-1,1,16,124,3552,12133,40443.3333333333,11840,36288,188.895165273238,40254.4381680601,40632.2284986066,36099.1048347268,36476.8951652732
AGCTCTAGACGTTCCA-1,1,38,76,6892,7951,26503.3333333333,22973.3333333333,25154.6666666667,188.895165273238,26314.4381680601,26692.2284986066,24965.7715013934,25343.5618319399
AGCTCTTCGTAACCTT-1,1,39,107,7042,10653,35510,23473.3333333333,24654.6666666667,188.895165273238,35321.1048347268,35698.8951652732,24465.7715013934,24843.5618319399
AGCTCTTTACTCAGTT-1,1,41,45,7349,5248,17493.3333333333,24496.6666666667,23631.3333333333,188.895165273238,17304.4381680601,17682.2284986066,23442.4381680601,23820.2284986066
AGCTGTAACCTCAATC-1,1,54,28,9322,3767,12556.6666666667,31073.3333333333,17054.6666666667,188.895165273238,12367.7715013934,12745.5618319399,16865.7715013934,17243.5618319399
AGCTTCTTCTCGAGCA-1,1,68,100,11442,10046,33486.6666666667,38140,9988,188.895165273238,33297.7715013934,33675.5618319399,9799.10483472676,10176.8951652732
AGGAAGCTGTCCGCCG-1,1,61,65,10382,6994,23313.3333333333,34606.6666666667,13521.3333333333,188.895165273238,23124.4381680601,23502.2284986066,13332.4381680601,13710.2284986066
AGGACAGTCGAATCCC-1,1,43,85,7650,8736,29120,25500,22628,188.895165273238,28931.1048347268,29308.8951652732,22439.1048347268,22816.8951652732
AGGACGACCCATTAGA-1,1,43,45,7652,5248,17493.3333333333,25506.6666666667,22621.3333333333,188.895165273238,17304.4381680601,17682.2284986066,22432.4381680601,22810.2284986066
AGGAGACATCCACAGT-1,1,24,122,4766,11960,39866.6666666667,15886.6666666667,32241.3333333333,188.895165273238,39677.7715013934,40055.5618319399,32052.4381680601,32430.2284986066
AGGAGAGTCTGGCTAC-1,1,26,126,5069,12309,41030,16896.6666666667,31231.3333333333,188.895165273238,40841.1048347268,41218.8951652732,31042.4381680601,31420.2284986066
AGGAGGCCTTCGCGCG-1,1,52,98,9015,9870,32900,30050,18078,188.895165273238,32711.1048347268,33088.8951652732,17889.1048347268,18266.8951652732
AGGATAAAGTCGGGAT-1,1,53,65,9168,6993,23310,30560,17568,188.895165273238,23121.1048347268,23498.8951652732,17379.1048347268,17756.8951652732
AGGATATAGGGATTTA-1,1,46,96,8105,9695,32316.6666666667,27016.6666666667,21111.3333333333,188.895165273238,32127.7715013934,32505.5618319399,20922.4381680601,21300.2284986066
AGGATATCCGACTGCA-1,1,71,95,11897,9610,32033.3333333333,39656.6666666667,8471.33333333333,188.895165273238,31844.4381680601,32222.2284986066,8282.43816806009,8660.22849860657
AGGATTGCTTACGACA-1,1,30,120,5676,11786,39286.6666666667,18920,29208,188.895165273238,39097.7715013934,39475.5618319399,29019.1048347268,29396.8951652732
AGGCACGTGACTGTCC-1,1,57,115,9772,11352,37840,32573.3333333333,15554.6666666667,188.895165273238,37651.1048347268,38028.8951652732,15365.7715013934,15743.5618319399
AGGCAGGGAGCGTACT-1,1,59,49,10079,5599,18663.3333333333,33596.6666666667,14531.3333333333,188.895165273238,18474.4381680601,18852.2284986066,14342.4381680601,14720.2284986066
AGGCATTGTCGTAGGG-1,1,49,99,8560,9957,33190,28533.3333333333,19594.6666666667,188.895165273238,33001.1048347268,33378.8951652732,19405.7715013934,19783.5618319399
AGGCCACATTGGTTAC-1,1,46,126,8103,12310,41033.3333333333,27010,21118,188.895165273238,40844.4381680601,41222.2284986066,20929.1048347268,21306.8951652732
AGGCCTATCATACCAA-1,1,72,52,12051,5861,19536.6666666667,40170,7958,188.895165273238,19347.7715013934,19725.5618319399,7769.10483472676,8146.89516527324
AGGCCTGAGAATCTCG-1,1,62,88,10532,8999,29996.6666666667,35106.6666666667,13021.3333333333,188.895165273238,29807.7715013934,30185.5618319399,12832.4381680601,13210.2284986066
AGGCGATAACTGGCGT-1,1,58,122,9924,11963,39876.6666666667,33080,15048,188.895165273238,39687.7715013934,40065.5618319399,14859.1048347268,15236.8951652732
AGGCTTCCCGAAGAAG-1,1,50,42,8714,4987,16623.3333333333,29046.6666666667,19081.3333333333,188.895165273238,16434.4381680601,16812.2284986066,18892.4381680601,19270.2284986066
AGGGACCGGCTGCGTT-1,1,36,110,6587,10915,36383.3333333333,21956.6666666667,26171.3333333333,188.895165273238,36194.4381680601,36572.2284986066,25982.4381680601,26360.2284986066
AGGGACTCTACGCGAC-1,1,55,53,9472,5947,19823.3333333333,31573.3333333333,16554.6666666667,188.895165273238,19634.4381680601,20012.2284986066,16365.7715013934,16743.5618319399
AGGGAGACATACTTCG-1,1,29,113,5525,11175,37250,18416.6666666667,29711.3333333333,188.895165273238,37061.1048347268,37438.8951652732,29522.4381680601,29900.2284986066
AGGGCTGCAGTTACAG-1,1,35,65,6438,6991,23303.3333333333,21460,26668,188.895165273238,23114.4381680601,23492.2284986066,26479.1048347268,26856.8951652732
AGGGTCAGAGCACTCG-1,1,68,40,11445,4815,16050,38150,9978,188.895165273238,15861.1048347268,16238.8951652732,9789.10483472676,10166.8951652732
AGGGTCGATGCGAACT-1,1,37,97,6739,9781,32603.3333333333,22463.3333333333,25664.6666666667,188.895165273238,32414.4381680601,32792.2284986066,25475.7715013934,25853.5618319399
AGGGTGCCGTTCTTTA-1,1,65,33,10990,4204,14013.3333333333,36633.3333333333,11494.6666666667,188.895165273238,13824.4381680601,14202.2284986066,11305.7715013934,11683.5618319399
AGGGTGCTCTCGAGGG-1,1,34,92,6285,9345,31150,20950,27178,188.895165273238,30961.1048347268,31338.8951652732,26989.1048347268,27366.8951652732
AGGGTTCAGACGGTCC-1,1,69,45,11596,5251,17503.3333333333,38653.3333333333,9474.66666666666,188.895165273238,17314.4381680601,17692.2284986066,9285.77150139343,9663.5618319399
AGGGTTCCCTTTGGTT-1,1,30,88,5678,8996,29986.6666666667,18926.6666666667,29201.3333333333,188.895165273238,29797.7715013934,30175.5618319399,29012.4381680601,29390.2284986066
AGGGTTTAGTTCGGGA-1,1,33,63,6134,6817,22723.3333333333,20446.6666666667,27681.3333333333,188.895165273238,22534.4381680601,22912.2284986066,27492.4381680601,27870.2284986066
AGGTAGATCGAGATAT-1,1,63,35,10687,4378,14593.3333333333,35623.3333333333,12504.6666666667,188.895165273238,14404.4381680601,14782.2284986066,12315.7715013934,12693.5618319399
AGGTATAATTGATAGT-1,1,35,109,6435,10827,36090,21450,26678,188.895165273238,35901.1048347268,36278.8951652732,26489.1048347268,26866.8951652732
AGGTATGCGGACATTA-1,1,38,124,6890,12135,40450,22966.6666666667,25161.3333333333,188.895165273238,40261.1048347268,40638.8951652732,24972.4381680601,25350.2284986066
AGGTCGCGGAGTTACT-1,1,26,104,5070,10391,34636.6666666667,16900,31228,188.895165273238,34447.7715013934,34825.5618319399,31039.1048347268,31416.8951652732
AGGTGGTGACCTTCGC-1,1,64,56,10837,6209,20696.6666666667,36123.3333333333,12004.6666666667,188.895165273238,20507.7715013934,20885.5618319399,11815.7715013934,12193.5618319399
AGGTTACACCATGCCG-1,1,43,115,7649,11351,37836.6666666667,25496.6666666667,22631.3333333333,188.895165273238,37647.7715013934,38025.5618319399,22442.4381680601,22820.2284986066
AGGTTTCACACACCTT-1,1,41,67,7348,7166,23886.6666666667,24493.3333333333,23634.6666666667,188.895165273238,23697.7715013934,24075.5618319399,23445.7715013934,23823.5618319399
AGTACAGAAGCTTATA-1,1,71,77,11898,8041,26803.3333333333,39660,8468,188.895165273238,26614.4381680601,26992.2284986066,8279.10483472676,8656.89516527324
AGTACATCATTTATCA-1,1,29,109,5525,10827,36090,18416.6666666667,29711.3333333333,188.895165273238,35901.1048347268,36278.8951652732,29522.4381680601,29900.2284986066
AGTACTCTTATGCCCA-1,1,56,88,9622,8998,29993.3333333333,32073.3333333333,16054.6666666667,188.895165273238,29804.4381680601,30182.2284986066,15865.7715013934,16243.5618319399
AGTAGAAGGCGCCTCA-1,1,70,62,11747,6733,22443.3333333333,39156.6666666667,8971.33333333333,188.895165273238,22254.4381680601,22632.2284986066,8782.43816806009,9160.22849860657
AGTATACACAGCGACA-1,1,64,48,10838,5512,18373.3333333333,36126.6666666667,12001.3333333333,188.895165273238,18184.4381680601,18562.2284986066,11812.4381680601,12190.2284986066
AGTATGCTGGAGACCA-1,1,58,26,9929,3593,11976.6666666667,33096.6666666667,15031.3333333333,188.895165273238,11787.7715013934,12165.5618319399,14842.4381680601,15220.2284986066
AGTATTTGGCACGACC-1,1,58,52,9927,5860,19533.3333333333,33090,15038,188.895165273238,19344.4381680601,19722.2284986066,14849.1048347268,15226.8951652732
AGTCAAATGATGTGAT-1,1,67,35,11294,4379,14596.6666666667,37646.6666666667,10481.3333333333,188.895165273238,14407.7715013934,14785.5618319399,10292.4381680601,10670.2284986066
AGTCAACACCACCATC-1,1,41,47,7349,5423,18076.6666666667,24496.6666666667,23631.3333333333,188.895165273238,17887.7715013934,18265.5618319399,23442.4381680601,23820.2284986066
AGTCAAGATGACACTT-1,1,48,90,8408,9172,30573.3333333333,28026.6666666667,20101.3333333333,188.895165273238,30384.4381680601,30762.2284986066,19912.4381680601,20290.2284986066
AGTCACTAGCTCTCGA-1,1,55,99,9470,9957,33190,31566.6666666667,16561.3333333333,188.895165273238,33001.1048347268,33378.8951652732,16372.4381680601,16750.2284986066
AGTCCATTGGCTGATG-1,1,42,100,7498,10043,33476.6666666667,24993.3333333333,23134.6666666667,188.895165273238,33287.7715013934,33665.5618319399,22945.7715013934,23323.5618319399
AGTCCCTCGCAGAAAG-1,1,24,124,4766,12134,40446.6666666667,15886.6666666667,32241.3333333333,188.895165273238,40257.7715013934,40635.5618319399,32052.4381680601,32430.2284986066
AGTCGACGGTCTCAAG-1,1,38,90,6891,9171,30570,22970,25158,188.895165273238,30381.1048347268,30758.8951652732,24969.1048347268,25346.8951652732
AGTCGGTTGCGTGAGA-1,1,40,112,7194,11089,36963.3333333333,23980,24148,188.895165273238,36774.4381680601,37152.2284986066,23959.1048347268,24336.8951652732
AGTCGTATAAAGCAGA-1,1,65,81,10988,8389,27963.3333333333,36626.6666666667,11501.3333333333,188.895165273238,27774.4381680601,28152.2284986066,11312.4381680601,11690.2284986066
AGTCGTCGACCACCAA-1,1,57,91,9774,9260,30866.6666666667,32580,15548,188.895165273238,30677.7715013934,31055.5618319399,15359.1048347268,15736.8951652732
AGTCGTGGGCATTACG-1,1,51,29,8867,3854,12846.6666666667,29556.6666666667,18571.3333333333,188.895165273238,12657.7715013934,13035.5618319399,18382.4381680601,18760.2284986066
AGTCTAAAGTATACTC-1,1,29,111,5525,11001,36670,18416.6666666667,29711.3333333333,188.895165273238,36481.1048347268,36858.8951652732,29522.4381680601,29900.2284986066
AGTCTCACAAGACTAC-1,1,54,30,9322,3942,13140,31073.3333333333,17054.6666666667,188.895165273238,12951.1048347268,13328.8951652732,16865.7715013934,17243.5618319399
AGTCTTTAAAGTGTCC-1,1,67,77,11291,8040,26800,37636.6666666667,10491.3333333333,188.895165273238,26611.1048347268,26988.8951652732,10302.4381680601,10680.2284986066
AGTGAACAAACTTCTC-1,1,44,102,7801,10218,34060,26003.3333333333,22124.6666666667,188.895165273238,33871.1048347268,34248.8951652732,21935.7715013934,22313.5618319399
AGTGAAGATGGTGTCC-1,1,21,121,4311,11872,39573.3333333333,14370,33758,188.895165273238,39384.4381680601,39762.2284986066,33569.1048347268,33946.8951652732
AGTGACCTACTTTACG-1,1,44,52,7804,5859,19530,26013.3333333333,22114.6666666667,188.895165273238,19341.1048347268,19718.8951652732,21925.7715013934,22303.5618319399
AGTGACTGTGACACAA-1,1,66,28,11142,3768,12560,37140,10988,188.895165273238,12371.1048347268,12748.8951652732,10799.1048347268,11176.8951652732
AGTGAGACTTCCAGTA-1,1,35,87,6436,8909,29696.6666666667,21453.3333333333,26674.6666666667,188.895165273238,29507.7715013934,29885.5618319399,26485.7715013934,26863.5618319399
AGTGAGCCTCGCCGCC-1,1,29,103,5525,10304,34346.6666666667,18416.6666666667,29711.3333333333,188.895165273238,34157.7715013934,34535.5618319399,29522.4381680601,29900.2284986066
AGTGAGTCGAATTAAC-1,1,67,109,11290,10830,36100,37633.3333333333,10494.6666666667,188.895165273238,35911.1048347268,36288.8951652732,10305.7715013934,10683.5618319399
AGTGATAACCTGCGCG-1,1,59,89,10077,9086,30286.6666666667,33590,14538,188.895165273238,30097.7715013934,30475.5618319399,14349.1048347268,14726.8951652732
AGTGATATGAGTAGTT-1,1,45,49,7956,5597,18656.6666666667,26520,21608,188.895165273238,18467.7715013934,18845.5618319399,21419.1048347268,21796.8951652732
AGTGATTCAAGCAGGA-1,1,33,87,6133,8909,29696.6666666667,20443.3333333333,27684.6666666667,188.895165273238,29507.7715013934,29885.5618319399,27495.7715013934,27873.5618319399
AGTGCACGCTTAAGAA-1,1,52,96,9015,9696,32320,30050,18078,188.895165273238,32131.1048347268,32508.8951652732,17889.1048347268,18266.8951652732
AGTGCGTAGCTCGTAA-1,1,46,42,8108,4987,16623.3333333333,27026.6666666667,21101.3333333333,188.895165273238,16434.4381680601,16812.2284986066,20912.4381680601,21290.2284986066
AGTGCTAAACACAGCA-1,1,61,91,10380,9260,30866.6666666667,34600,13528,188.895165273238,30677.7715013934,31055.5618319399,13339.1048347268,13716.8951652732
AGTGCTTGCACGAATA-1,1,41,89,7347,9084,30280,24490,23638,188.895165273238,30091.1048347268,30468.8951652732,23449.1048347268,23826.8951652732
AGTGGCGTCTGAAGGT-1,1,62,86,10532,8825,29416.6666666667,35106.6666666667,13021.3333333333,188.895165273238,29227.7715013934,29605.5618319399,12832.4381680601,13210.2284986066
AGTTAAACACTTGCGA-1,1,40,44,7197,5161,17203.3333333333,23990,24138,188.895165273238,17014.4381680601,17392.2284986066,23949.1048347268,24326.8951652732
AGTTCCTATTTATGTT-1,1,43,65,7651,6992,23306.6666666667,25503.3333333333,22624.6666666667,188.895165273238,23117.7715013934,23495.5618319399,22435.7715013934,22813.5618319399
AGTTGACGGTCCTTGC-1,1,65,63,10989,6820,22733.3333333333,36630,11498,188.895165273238,22544.4381680601,22922.2284986066,11309.1048347268,11686.8951652732
AGTTGGCAAGGCTAGA-1,1,68,106,11441,10569,35230,38136.6666666667,9991.33333333333,188.895165273238,35041.1048347268,35418.8951652732,9802.43816806009,10180.2284986066
AGTTTATGTAAAGACA-1,1,25,121,4918,11873,39576.6666666667,16393.3333333333,31734.6666666667,188.895165273238,39387.7715013934,39765.5618319399,31545.7715013934,31923.5618319399
AGTTTGCACCTGCCTC-1,1,58,74,9926,7778,25926.6666666667,33086.6666666667,15041.3333333333,188.895165273238,25737.7715013934,26115.5618319399,14852.4381680601,15230.2284986066
AGTTTGGCACGGGTTG-1,1,48,102,8408,10218,34060,28026.6666666667,20101.3333333333,188.895165273238,33871.1048347268,34248.8951652732,19912.4381680601,20290.2284986066
AGTTTGGCCAGACCTA-1,1,47,31,8260,4028,13426.6666666667,27533.3333333333,20594.6666666667,188.895165273238,13237.7715013934,13615.5618319399,20405.7715013934,20783.5618319399
ATAAACGGACCCGTAA-1,1,47,61,8258,6644,22146.6666666667,27526.6666666667,20601.3333333333,188.895165273238,21957.7715013934,22335.5618319399,20412.4381680601,20790.2284986066
ATAAACGTTGCACCAC-1,1,57,107,9773,10655,35516.6666666667,32576.6666666667,15551.3333333333,188.895165273238,35327.7715013934,35705.5618319399,15362.4381680601,15740.2284986066
ATAAAGGCTCGGTCGT-1,1,34,50,6287,5683,18943.3333333333,20956.6666666667,27171.3333333333,188.895165273238,18754.4381680601,19132.2284986066,26982.4381680601,27360.2284986066
ATAACGCCGGAGGGTC-1,1,35,81,6437,8386,27953.3333333333,21456.6666666667,26671.3333333333,188.895165273238,27764.4381680601,28142.2284986066,26482.4381680601,26860.2284986066
ATAACGTTACCTCCAC-1,1,10,114,2643,11261,37536.6666666667,8810,39318,188.895165273238,37347.7715013934,37725.5618319399,39129.1048347268,39506.8951652732
ATAAGGTGGAGAACAT-1,1,50,72,8713,7603,25343.3333333333,29043.3333333333,19084.6666666667,188.895165273238,25154.4381680601,25532.2284986066,18895.7715013934,19273.5618319399
ATAAGTAGGATTCAGA-1,1,27,103,5222,10303,34343.3333333333,17406.6666666667,30721.3333333333,188.895165273238,34154.4381680601,34532.2284986066,30532.4381680601,30910.2284986066
ATAAGTAGGGCGACTC-1,1,36,108,6587,10740,35800,21956.6666666667,26171.3333333333,188.895165273238,35611.1048347268,35988.8951652732,25982.4381680601,26360.2284986066
ATAAGTTACCGCGACG-1,1,46,52,8107,5859,19530,27023.3333333333,21104.6666666667,188.895165273238,19341.1048347268,19718.8951652732,20915.7715013934,21293.5618319399
ATAATAGCTGTTGAAT-1,1,47,63,8258,6818,22726.6666666667,27526.6666666667,20601.3333333333,188.895165273238,22537.7715013934,22915.5618319399,20412.4381680601,20790.2284986066
ATAATCTTGGAGAACC-1,1,61,77,10381,8040,26800,34603.3333333333,13524.6666666667,188.895165273238,26611.1048347268,26988.8951652732,13335.7715013934,13713.5618319399
ATAATTAGCTAAGTAG-1,1,64,64,10837,6907,23023.3333333333,36123.3333333333,12004.6666666667,188.895165273238,22834.4381680601,23212.2284986066,11815.7715013934,12193.5618319399
ATACAGGCCCTCCAAT-1,1,56,72,9623,7604,25346.6666666667,32076.6666666667,16051.3333333333,188.895165273238,25157.7715013934,25535.5618319399,15862.4381680601,16240.2284986066
ATACCTAACCAAGAAA-1,1,58,64,9927,6906,23020,33090,15038,188.895165273238,22831.1048347268,23208.8951652732,14849.1048347268,15226.8951652732
ATACGAAGGCTTTCCA-1,1,37,123,6738,12048,40160,22460,25668,188.895165273238,39971.1048347268,40348.8951652732,25479.1048347268,25856.8951652732
ATACGCCGGCGAAACC-1,1,40,78,7195,8125,27083.3333333333,23983.3333333333,24144.6666666667,188.895165273238,26894.4381680601,27272.2284986066,23955.7715013934,24333.5618319399
ATACGTACTTAGCCAC-1,1,55,77,9471,8039,26796.6666666667,31570,16558,188.895165273238,26607.7715013934,26985.5618319399,16369.1048347268,16746.8951652732
ATACGTCCACTCCTGT-1,1,47,93,8257,9433,31443.3333333333,27523.3333333333,20604.6666666667,188.895165273238,31254.4381680601,31632.2284986066,20415.7715013934,20793.5618319399
ATACGTTATGCACGGA-1,1,63,63,10685,6820,22733.3333333333,35616.6666666667,12511.3333333333,188.895165273238,22544.4381680601,22922.2284986066,12322.4381680601,12700.2284986066
ATACTACCCGTACCAC-1,1,59,105,10076,10481,34936.6666666667,33586.6666666667,14541.3333333333,188.895165273238,34747.7715013934,35125.5618319399,14352.4381680601,14730.2284986066
ATACTGCCTTACACCG-1,1,58,84,9926,8650,28833.3333333333,33086.6666666667,15041.3333333333,188.895165273238,28644.4381680601,29022.2284986066,14852.4381680601,15230.2284986066
ATAGACGAAGAGAAAG-1,1,33,45,6135,5247,17490,20450,27678,188.895165273238,17301.1048347268,17678.8951652732,27489.1048347268,27866.8951652732
ATAGCAACTAGGGAAG-1,1,62,98,10532,9871,32903.3333333333,35106.6666666667,13021.3333333333,188.895165273238,32714.4381680601,33092.2284986066,12832.4381680601,13210.2284986066
ATAGGCGGCTATAGAA-1,1,43,33,7653,4202,14006.6666666667,25510,22618,188.895165273238,13817.7715013934,14195.5618319399,22429.1048347268,22806.8951652732
ATAGTGAAGCGTTCTC-1,1,41,57,7348,6294,20980,24493.3333333333,23634.6666666667,188.895165273238,20791.1048347268,21168.8951652732,23445.7715013934,23823.5618319399
ATAGTTCCACCCACTC-1,1,38,102,6891,10217,34056.6666666667,22970,25158,188.895165273238,33867.7715013934,34245.5618319399,24969.1048347268,25346.8951652732
ATATAAAGCGCTCGTG-1,1,58,68,9927,7255,24183.3333333333,33090,15038,188.895165273238,23994.4381680601,24372.2284986066,14849.1048347268,15226.8951652732
ATATAAATGTAGCTGC-1,1,54,74,9319,7778,25926.6666666667,31063.3333333333,17064.6666666667,188.895165273238,25737.7715013934,26115.5618319399,16875.7715013934,17253.5618319399
ATATAACACGGGCGCA-1,1,66,94,11139,9522,31740,37130,10998,188.895165273238,31551.1048347268,31928.8951652732,10809.1048347268,11186.8951652732
ATATACGCTCGTGACG-1,1,62,108,10531,10743,35810,35103.3333333333,13024.6666666667,188.895165273238,35621.1048347268,35998.8951652732,12835.7715013934,13213.5618319399
ATATCAACCTACAGAG-1,1,37,105,6739,10479,34930,22463.3333333333,25664.6666666667,188.895165273238,34741.1048347268,35118.8951652732,25475.7715013934,25853.5618319399
ATATCGGTAGGGAGAT-1,1,38,110,6890,10915,36383.3333333333,22966.6666666667,25161.3333333333,188.895165273238,36194.4381680601,36572.2284986066,24972.4381680601,25350.2284986066
ATATCGTTCCTCGAAC-1,1,58,92,9925,9347,31156.6666666667,33083.3333333333,15044.6666666667,188.895165273238,30967.7715013934,31345.5618319399,14855.7715013934,15233.5618319399
ATATCTTAGGGCCTTC-1,1,35,61,6438,6643,22143.3333333333,21460,26668,188.895165273238,21954.4381680601,22332.2284986066,26479.1048347268,26856.8951652732
ATATGGGATAGCAACT-1,1,71,55,11899,6123,20410,39663.3333333333,8464.66666666666,188.895165273238,20221.1048347268,20598.8951652732,8275.77150139343,8653.5618319399
ATATGTCTAGAGCGTG-1,1,74,68,12354,7256,24186.6666666667,41180,6948,188.895165273238,23997.7715013934,24375.5618319399,6759.10483472676,7136.89516527324
ATATGTCTCCCTAGCC-1,1,35,97,6436,9781,32603.3333333333,21453.3333333333,26674.6666666667,188.895165273238,32414.4381680601,32792.2284986066,26485.7715013934,26863.5618319399
ATATTCAGTTAAACCT-1,1,44,40,7804,4813,16043.3333333333,26013.3333333333,22114.6666666667,188.895165273238,15854.4381680601,16232.2284986066,21925.7715013934,22303.5618319399
ATATTCCACATAGTGA-1,1,51,77,8864,8039,26796.6666666667,29546.6666666667,18581.3333333333,188.895165273238,26607.7715013934,26985.5618319399,18392.4381680601,18770.2284986066
ATATTGGAGAGGCCTT-1,1,59,121,10075,11876,39586.6666666667,33583.3333333333,14544.6666666667,188.895165273238,39397.7715013934,39775.5618319399,14355.7715013934,14733.5618319399
ATATTTAACCCTCAAG-1,1,31,55,5831,6119,20396.6666666667,19436.6666666667,28691.3333333333,188.895165273238,20207.7715013934,20585.5618319399,28502.4381680601,28880.2284986066
ATCAAACACTGTTCCA-1,1,47,107,8256,10654,35513.3333333333,27520,20608,188.895165273238,35324.4381680601,35702.2284986066,20419.1048347268,20796.8951652732
ATCAAACGAAGGTTTG-1,1,49,33,8563,4203,14010,28543.3333333333,19584.6666666667,188.895165273238,13821.1048347268,14198.8951652732,19395.7715013934,19773.5618319399
ATCAAAGAGCCGTGGT-1,1,76,62,12657,6734,22446.6666666667,42190,5938,188.895165273238,22257.7715013934,22635.5618319399,5749.10483472676,6126.89516527324
ATCAAGATCCCAGGAC-1,1,72,58,12051,6384,21280,40170,7958,188.895165273238,21091.1048347268,21468.8951652732,7769.10483472676,8146.89516527324
ATCAATCTGGGCTGCA-1,1,33,65,6134,6991,23303.3333333333,20446.6666666667,27681.3333333333,188.895165273238,23114.4381680601,23492.2284986066,27492.4381680601,27870.2284986066
ATCACGTGCTAATTAA-1,1,46,36,8108,4464,14880,27026.6666666667,21101.3333333333,188.895165273238,14691.1048347268,15068.8951652732,20912.4381680601,21290.2284986066
ATCAGACGGCACGCCG-1,1,44,42,7804,4987,16623.3333333333,26013.3333333333,22114.6666666667,188.895165273238,16434.4381680601,16812.2284986066,21925.7715013934,22303.5618319399
ATCAGCCTCATGCTGC-1,1,57,87,9774,8911,29703.3333333333,32580,15548,188.895165273238,29514.4381680601,29892.2284986066,15359.1048347268,15736.8951652732
ATCAGGTAGCTGACAG-1,1,33,127,6131,12396,41320,20436.6666666667,27691.3333333333,188.895165273238,41131.1048347268,41508.8951652732,27502.4381680601,27880.2284986066
ATCATAGCCCTATGTA-1,1,62,106,10531,10568,35226.6666666667,35103.3333333333,13024.6666666667,188.895165273238,35037.7715013934,35415.5618319399,12835.7715013934,13213.5618319399
ATCATCCAATATTTGT-1,1,39,59,7045,6469,21563.3333333333,23483.3333333333,24644.6666666667,188.895165273238,21374.4381680601,21752.2284986066,24455.7715013934,24833.5618319399
ATCATGGACTACCGAC-1,1,44,126,7800,12310,41033.3333333333,26000,22128,188.895165273238,40844.4381680601,41222.2284986066,21939.1048347268,22316.8951652732
ATCCACATCGACAGAA-1,1,62,72,10533,7604,25346.6666666667,35110,13018,188.895165273238,25157.7715013934,25535.5618319399,12829.1048347268,13206.8951652732
ATCCAGAGCAACAACC-1,1,50,52,8714,5859,19530,29046.6666666667,19081.3333333333,188.895165273238,19341.1048347268,19718.8951652732,18892.4381680601,19270.2284986066
ATCCAGGATTCGTGAA-1,1,40,46,7197,5335,17783.3333333333,23990,24138,188.895165273238,17594.4381680601,17972.2284986066,23949.1048347268,24326.8951652732
ATCCCATCCACAGCGC-1,1,62,14,10536,2547,8490,35120,13008,188.895165273238,8301.10483472676,8678.89516527324,12819.1048347268,13196.8951652732
ATCCCATTTCCGTGGG-1,1,71,57,11899,6297,20990,39663.3333333333,8464.66666666666,188.895165273238,20801.1048347268,21178.8951652732,8275.77150139343,8653.5618319399
ATCCTACCTAAGCTCT-1,1,44,48,7804,5510,18366.6666666667,26013.3333333333,22114.6666666667,188.895165273238,18177.7715013934,18555.5618319399,21925.7715013934,22303.5618319399
ATCCTGAATCGCTGCG-1,1,38,26,6895,3591,11970,22983.3333333333,25144.6666666667,188.895165273238,11781.1048347268,12158.8951652732,24955.7715013934,25333.5618319399
ATCCTGCGTGGAATGG-1,1,45,47,7956,5423,18076.6666666667,26520,21608,188.895165273238,17887.7715013934,18265.5618319399,21419.1048347268,21796.8951652732
ATCCTTCTGAAAGAAC-1,1,48,126,8406,12311,41036.6666666667,28020,20108,188.895165273238,40847.7715013934,41225.5618319399,19919.1048347268,20296.8951652732
ATCGACCCAATACAGA-1,1,43,63,7651,6818,22726.6666666667,25503.3333333333,22624.6666666667,188.895165273238,22537.7715013934,22915.5618319399,22435.7715013934,22813.5618319399
ATCGCCAGTCAACATT-1,1,45,105,7952,10479,34930,26506.6666666667,21621.3333333333,188.895165273238,34741.1048347268,35118.8951652732,21432.4381680601,21810.2284986066
ATCGCTGCGTGCAGCA-1,1,23,111,4615,11001,36670,15383.3333333333,32744.6666666667,188.895165273238,36481.1048347268,36858.8951652732,32555.7715013934,32933.5618319399
ATCGCTTTACGTCTCA-1,1,35,125,6434,12222,40740,21446.6666666667,26681.3333333333,188.895165273238,40551.1048347268,40928.8951652732,26492.4381680601,26870.2284986066
ATCGGAGACAGACGGC-1,1,52,76,9016,7952,26506.6666666667,30053.3333333333,18074.6666666667,188.895165273238,26317.7715013934,26695.5618319399,17885.7715013934,18263.5618319399
ATCGGCAAGCAGTCCA-1,1,20,96,4161,9692,32306.6666666667,13870,34258,188.895165273238,32117.7715013934,32495.5618319399,34069.1048347268,34446.8951652732
ATCGTGGAAAGTCTGG-1,1,63,23,10687,3332,11106.6666666667,35623.3333333333,12504.6666666667,188.895165273238,10917.7715013934,11295.5618319399,12315.7715013934,12693.5618319399
ATCGTTAGCTAGCGGA-1,1,58,98,9925,9870,32900,33083.3333333333,15044.6666666667,188.895165273238,32711.1048347268,33088.8951652732,14855.7715013934,15233.5618319399
ATCTAATATCCTACGG-1,1,55,67,9472,7168,23893.3333333333,31573.3333333333,16554.6666666667,188.895165273238,23704.4381680601,24082.2284986066,16365.7715013934,16743.5618319399
ATCTACCATCTGCTCC-1,1,70,88,11746,9000,30000,39153.3333333333,8974.66666666666,188.895165273238,29811.1048347268,30188.8951652732,8785.77150139343,9163.5618319399
ATCTAGCTTGTGAGGG-1,1,67,65,11292,6994,23313.3333333333,37640,10488,188.895165273238,23124.4381680601,23502.2284986066,10299.1048347268,10676.8951652732
ATCTCCCACGGAATAT-1,1,60,108,10228,10742,35806.6666666667,34093.3333333333,14034.6666666667,188.895165273238,35617.7715013934,35995.5618319399,13845.7715013934,14223.5618319399
ATCTCGTGAGCGAAAC-1,1,48,116,8407,11439,38130,28023.3333333333,20104.6666666667,188.895165273238,37941.1048347268,38318.8951652732,19915.7715013934,20293.5618319399
ATCTGACATGGAAGGA-1,1,63,41,10687,4902,16340,35623.3333333333,12504.6666666667,188.895165273238,16151.1048347268,16528.8951652732,12315.7715013934,12693.5618319399
ATCTGCACCTCTGCGA-1,1,29,101,5526,10129,33763.3333333333,18420,29708,188.895165273238,33574.4381680601,33952.2284986066,29519.1048347268,29896.8951652732
ATCTGCTGTTATCGCC-1,1,67,57,11292,6297,20990,37640,10488,188.895165273238,20801.1048347268,21178.8951652732,10299.1048347268,10676.8951652732
ATCTGGGCTGTTCTTG-1,1,61,69,10382,7342,24473.3333333333,34606.6666666667,13521.3333333333,188.895165273238,24284.4381680601,24662.2284986066,13332.4381680601,13710.2284986066
ATCTTATCGCACACCC-1,1,64,104,10835,10394,34646.6666666667,36116.6666666667,12011.3333333333,188.895165273238,34457.7715013934,34835.5618319399,11822.4381680601,12200.2284986066
ATCTTTCGTATAACCA-1,1,26,120,5069,11785,39283.3333333333,16896.6666666667,31231.3333333333,188.895165273238,39094.4381680601,39472.2284986066,31042.4381680601,31420.2284986066
ATGACGCGTTCTATCC-1,1,52,30,9018,3941,13136.6666666667,30060,18068,188.895165273238,12947.7715013934,13325.5618319399,17879.1048347268,18256.8951652732
ATGACTATCAGCTGTG-1,1,63,43,10686,5076,16920,35620,12508,188.895165273238,16731.1048347268,17108.8951652732,12319.1048347268,12696.8951652732
ATGACTATGCGACATT-1,1,48,88,8408,8998,29993.3333333333,28026.6666666667,20101.3333333333,188.895165273238,29804.4381680601,30182.2284986066,19912.4381680601,20290.2284986066
ATGAGGGCAGCGGCTA-1,1,42,120,7497,11787,39290,24990,23138,188.895165273238,39101.1048347268,39478.8951652732,22949.1048347268,23326.8951652732
ATGATGCAATGGTACA-1,1,44,50,7804,5684,18946.6666666667,26013.3333333333,22114.6666666667,188.895165273238,18757.7715013934,19135.5618319399,21925.7715013934,22303.5618319399
ATGCACGCGCTGTTCA-1,1,59,11,10081,2286,7620,33603.3333333333,14524.6666666667,188.895165273238,7431.10483472676,7808.89516527324,14335.7715013934,14713.5618319399
ATGCCATTTGCGACCA-1,1,43,91,7650,9259,30863.3333333333,25500,22628,188.895165273238,30674.4381680601,31052.2284986066,22439.1048347268,22816.8951652732
ATGCGACAGTCCCATT-1,1,35,71,6437,7514,25046.6666666667,21456.6666666667,26671.3333333333,188.895165273238,24857.7715013934,25235.5618319399,26482.4381680601,26860.2284986066
ATGCGAGTCCCACCAC-1,1,48,104,8408,10393,34643.3333333333,28026.6666666667,20101.3333333333,188.895165273238,34454.4381680601,34832.2284986066,19912.4381680601,20290.2284986066
ATGCTCTGGCGCGGTA-1,1,60,76,10230,7953,26510,34100,14028,188.895165273238,26321.1048347268,26698.8951652732,13839.1048347268,14216.8951652732
ATGCTTAGGAGTTGAT-1,1,56,112,9621,11091,36970,32070,16058,188.895165273238,36781.1048347268,37158.8951652732,15869.1048347268,16246.8951652732
ATGGAACCTTTGCACA-1,1,38,120,6890,11787,39290,22966.6666666667,25161.3333333333,188.895165273238,39101.1048347268,39478.8951652732,24972.4381680601,25350.2284986066
ATGGAGCAGGCCGTGA-1,1,36,66,6589,7079,23596.6666666667,21963.3333333333,26164.6666666667,188.895165273238,23407.7715013934,23785.5618319399,25975.7715013934,26353.5618319399
ATGGCAGCATTACGAT-1,1,64,18,10839,2896,9653.33333333333,36130,11998,188.895165273238,9464.4381680601,9842.22849860657,11809.1048347268,12186.8951652732
ATGGCGGAATAGTCGC-1,1,34,124,6283,12135,40450,20943.3333333333,27184.6666666667,188.895165273238,40261.1048347268,40638.8951652732,26995.7715013934,27373.5618319399
ATGGGACCTGCTGAAC-1,1,61,31,10384,4030,13433.3333333333,34613.3333333333,13514.6666666667,188.895165273238,13244.4381680601,13622.2284986066,13325.7715013934,13703.5618319399
ATGGGCCTCGGCCTCT-1,1,45,91,7953,9259,30863.3333333333,26510,21618,188.895165273238,30674.4381680601,31052.2284986066,21429.1048347268,21806.8951652732
ATGGGTGTATACCTCC-1,1,64,24,10839,3420,11400,36130,11998,188.895165273238,11211.1048347268,11588.8951652732,11809.1048347268,12186.8951652732
ATGGTATTGGGAACCG-1,1,73,61,12202,6646,22153.3333333333,40673.3333333333,7454.66666666667,188.895165273238,21964.4381680601,22342.2284986066,7265.77150139343,7643.5618319399
ATGGTCGCGTGGTTTC-1,1,45,85,7954,8736,29120,26513.3333333333,21614.6666666667,188.895165273238,28931.1048347268,29308.8951652732,21425.7715013934,21803.5618319399
ATGTAAGGCTGCTCTT-1,1,32,112,5980,11089,36963.3333333333,19933.3333333333,28194.6666666667,188.895165273238,36774.4381680601,37152.2284986066,28005.7715013934,28383.5618319399
ATGTACATGCGGTGAG-1,1,64,112,10834,11092,36973.3333333333,36113.3333333333,12014.6666666667,188.895165273238,36784.4381680601,37162.2284986066,11825.7715013934,12203.5618319399
ATGTACGATGACGTCG-1,1,66,64,11140,6907,23023.3333333333,37133.3333333333,10994.6666666667,188.895165273238,22834.4381680601,23212.2284986066,10805.7715013934,11183.5618319399
ATGTAGCGCGCGTAGG-1,1,68,72,11443,7605,25350,38143.3333333333,9984.66666666666,188.895165273238,25161.1048347268,25538.8951652732,9795.77150139343,10173.5618319399
ATGTGGACATCTTGAT-1,1,47,71,8258,7515,25050,27526.6666666667,20601.3333333333,188.895165273238,24861.1048347268,25238.8951652732,20412.4381680601,20790.2284986066
ATGTTGATTAGAGACT-1,1,68,92,11442,9348,31160,38140,9988,188.895165273238,30971.1048347268,31348.8951652732,9799.10483472676,10176.8951652732
ATGTTGTAGTCTGTTT-1,1,65,47,10990,5425,18083.3333333333,36633.3333333333,11494.6666666667,188.895165273238,17894.4381680601,18272.2284986066,11305.7715013934,11683.5618319399
ATGTTTCGGCCCGGAG-1,1,33,125,6131,12222,40740,20436.6666666667,27691.3333333333,188.895165273238,40551.1048347268,40928.8951652732,27502.4381680601,27880.2284986066
ATTAAACATGCGGACC-1,1,43,59,7652,6469,21563.3333333333,25506.6666666667,22621.3333333333,188.895165273238,21374.4381680601,21752.2284986066,22432.4381680601,22810.2284986066
ATTACATGTCAGTCTT-1,1,50,108,8711,10742,35806.6666666667,29036.6666666667,19091.3333333333,188.895165273238,35617.7715013934,35995.5618319399,18902.4381680601,19280.2284986066
ATTACCACACTGCCTG-1,1,48,118,8407,11613,38710,28023.3333333333,20104.6666666667,188.895165273238,38521.1048347268,38898.8951652732,19915.7715013934,20293.5618319399
ATTACGACTCCACAGT-1,1,19,121,4007,11872,39573.3333333333,13356.6666666667,34771.3333333333,188.895165273238,39384.4381680601,39762.2284986066,34582.4381680601,34960.2284986066
ATTAGATTCCTCAGCA-1,1,25,105,4919,10478,34926.6666666667,16396.6666666667,31731.3333333333,188.895165273238,34737.7715013934,35115.5618319399,31542.4381680601,31920.2284986066
ATTAGGCGATGCTTTC-1,1,37,71,6741,7515,25050,22470,25658,188.895165273238,24861.1048347268,25238.8951652732,25469.1048347268,25846.8951652732
ATTATAGCTACTTTAC-1,1,33,115,6132,11350,37833.3333333333,20440,27688,188.895165273238,37644.4381680601,38022.2284986066,27499.1048347268,27876.8951652732
ATTATCGGAATGTACG-1,1,69,57,11596,6297,20990,38653.3333333333,9474.66666666666,188.895165273238,20801.1048347268,21178.8951652732,9285.77150139343,9663.5618319399
ATTATTATGTCCGTCA-1,1,59,37,10080,4552,15173.3333333333,33600,14528,188.895165273238,14984.4381680601,15362.2284986066,14339.1048347268,14716.8951652732
ATTATTCAGAGTCACT-1,1,67,97,11290,9784,32613.3333333333,37633.3333333333,10494.6666666667,188.895165273238,32424.4381680601,32802.2284986066,10305.7715013934,10683.5618319399
ATTCAACCATTTAAGG-1,1,58,100,9925,10045,33483.3333333333,33083.3333333333,15044.6666666667,188.895165273238,33294.4381680601,33672.2284986066,14855.7715013934,15233.5618319399
ATTCACTGATGTTGGA-1,1,56,68,9623,7255,24183.3333333333,32076.6666666667,16051.3333333333,188.895165273238,23994.4381680601,24372.2284986066,15862.4381680601,16240.2284986066
ATTCATATACTGTCCA-1,1,46,60,8107,6556,21853.3333333333,27023.3333333333,21104.6666666667,188.895165273238,21664.4381680601,22042.2284986066,20915.7715013934,21293.5618319399
ATTCATCGTTGAGGCA-1,1,61,89,10381,9086,30286.6666666667,34603.3333333333,13524.6666666667,188.895165273238,30097.7715013934,30475.5618319399,13335.7715013934,13713.5618319399
ATTCGCAGAGGACACT-1,1,14,126,3249,12307,41023.3333333333,10830,37298,188.895165273238,40834.4381680601,41212.2284986066,37109.1048347268,37486.8951652732
ATTCGCGCCTTGAGAG-1,1,65,107,10986,10656,35520,36620,11508,188.895165273238,35331.1048347268,35708.8951652732,11319.1048347268,11696.8951652732
ATTCGTGCTATCTCTT-1,1,42,110,7497,10915,36383.3333333333,24990,23138,188.895165273238,36194.4381680601,36572.2284986066,22949.1048347268,23326.8951652732
ATTGATGAGTCCTAAC-1,1,33,99,6132,9955,33183.3333333333,20440,27688,188.895165273238,32994.4381680601,33372.2284986066,27499.1048347268,27876.8951652732
ATTGCCTATTAGACCG-1,1,67,25,11294,3507,11690,37646.6666666667,10481.3333333333,188.895165273238,11501.1048347268,11878.8951652732,10292.4381680601,10670.2284986066
ATTGCCTTTATGTTTG-1,1,64,84,10836,8650,28833.3333333333,36120,12008,188.895165273238,28644.4381680601,29022.2284986066,11819.1048347268,12196.8951652732
ATTGCGATCAGTAACT-1,1,51,99,8863,9957,33190,29543.3333333333,18584.6666666667,188.895165273238,33001.1048347268,33378.8951652732,18395.7715013934,18773.5618319399
ATTGCTGCTCCTCCAT-1,1,35,43,6439,5073,16910,21463.3333333333,26664.6666666667,188.895165273238,16721.1048347268,17098.8951652732,26475.7715013934,26853.5618319399
ATTGGATTACAGCGTA-1,1,54,102,9318,10219,34063.3333333333,31060,17068,188.895165273238,33874.4381680601,34252.2284986066,16879.1048347268,17256.8951652732
ATTGTACAACTCGGCT-1,1,35,103,6436,10304,34346.6666666667,21453.3333333333,26674.6666666667,188.895165273238,34157.7715013934,34535.5618319399,26485.7715013934,26863.5618319399
ATTGTCTGTTTCATGT-1,1,71,53,11899,5948,19826.6666666667,39663.3333333333,8464.66666666666,188.895165273238,19637.7715013934,20015.5618319399,8275.77150139343,8653.5618319399
ATTGTTCAACGATCCG-1,1,53,123,9165,12050,40166.6666666667,30550,17578,188.895165273238,39977.7715013934,40355.5618319399,17389.1048347268,17766.8951652732
ATTTACTAAGTCCATT-1,1,31,111,5828,11001,36670,19426.6666666667,28701.3333333333,188.895165273238,36481.1048347268,36858.8951652732,28512.4381680601,28890.2284986066
ATTTATACTGGTAAAG-1,1,75,75,12505,7867,26223.3333333333,41683.3333333333,6444.66666666667,188.895165273238,26034.4381680601,26412.2284986066,6255.77150139343,6633.5618319399
ATTTCCGGGTTCTGCG-1,1,55,35,9473,4378,14593.3333333333,31576.6666666667,16551.3333333333,188.895165273238,14404.4381680601,14782.2284986066,16362.4381680601,16740.2284986066
ATTTGCGCGAGTAGCT-1,1,53,31,9170,4029,13430,30566.6666666667,17561.3333333333,188.895165273238,13241.1048347268,13618.8951652732,17372.4381680601,17750.2284986066
ATTTGTCTTGGGAGCT-1,1,40,84,7195,8648,28826.6666666667,23983.3333333333,24144.6666666667,188.895165273238,28637.7715013934,29015.5618319399,23955.7715013934,24333.5618319399
CAAACCCTCCGGCGGG-1,1,70,70,11747,7430,24766.6666666667,39156.6666666667,8971.33333333333,188.895165273238,24577.7715013934,24955.5618319399,8782.43816806009,9160.22849860657
CAAACGAGTATCGCAG-1,1,47,47,8259,5423,18076.6666666667,27530,20598,188.895165273238,17887.7715013934,18265.5618319399,20409.1048347268,20786.8951652732
CAAACTCGCGACGCCG-1,1,45,111,7952,11003,36676.6666666667,26506.6666666667,21621.3333333333,188.895165273238,36487.7715013934,36865.5618319399,21432.4381680601,21810.2284986066
CAAAGATTATTGGGCC-1,1,56,30,9625,3942,13140,32083.3333333333,16044.6666666667,188.895165273238,12951.1048347268,13328.8951652732,15855.7715013934,16233.5618319399
CAAAGGTCATCTGAAA-1,1,46,124,8103,12136,40453.3333333333,27010,21118,188.895165273238,40264.4381680601,40642.2284986066,20929.1048347268,21306.8951652732
CAAATGTCCTTCCGTG-1,1,45,53,7955,5946,19820,26516.6666666667,21611.3333333333,188.895165273238,19631.1048347268,20008.8951652732,21422.4381680601,21800.2284986066
CAAATTGGATTATGCC-1,1,22,116,4463,11436,38120,14876.6666666667,33251.3333333333,188.895165273238,37931.1048347268,38308.8951652732,33062.4381680601,33440.2284986066
CAACACATCTCCTGCC-1,1,32,120,5980,11786,39286.6666666667,19933.3333333333,28194.6666666667,188.895165273238,39097.7715013934,39475.5618319399,28005.7715013934,28383.5618319399
CAACCAGTGGCCTACC-1,1,61,115,10379,11353,37843.3333333333,34596.6666666667,13531.3333333333,188.895165273238,37654.4381680601,38032.2284986066,13342.4381680601,13720.2284986066
CAACCTACCGAGCAGT-1,1,61,103,10380,10307,34356.6666666667,34600,13528,188.895165273238,34167.7715013934,34545.5618319399,13339.1048347268,13716.8951652732
CAACCTGAACCTGCCA-1,1,25,123,4918,12047,40156.6666666667,16393.3333333333,31734.6666666667,188.895165273238,39967.7715013934,40345.5618319399,31545.7715013934,31923.5618319399
CAACGTGGTGGAGTCT-1,1,55,113,9469,11178,37260,31563.3333333333,16564.6666666667,188.895165273238,37071.1048347268,37448.8951652732,16375.7715013934,16753.5618319399
CAACTGCTCATCCGAT-1,1,59,55,10079,6122,20406.6666666667,33596.6666666667,14531.3333333333,188.895165273238,20217.7715013934,20595.5618319399,14342.4381680601,14720.2284986066
CAAGACTCAGAAGCGC-1,1,30,126,5676,12309,41030,18920,29208,188.895165273238,40841.1048347268,41218.8951652732,29019.1048347268,29396.8951652732
CAAGAGGGCGGAGTAC-1,1,46,74,8106,7777,25923.3333333333,27020,21108,188.895165273238,25734.4381680601,26112.2284986066,20919.1048347268,21296.8951652732
CAAGATATTATAACGT-1,1,45,89,7953,9085,30283.3333333333,26510,21618,188.895165273238,30094.4381680601,30472.2284986066,21429.1048347268,21806.8951652732
CAAGCAACGTCGGAGT-1,1,32,38,5984,4637,15456.6666666667,19946.6666666667,28181.3333333333,188.895165273238,15267.7715013934,15645.5618319399,27992.4381680601,28370.2284986066
CAAGCGGCACATAATT-1,1,54,72,9320,7603,25343.3333333333,31066.6666666667,17061.3333333333,188.895165273238,25154.4381680601,25532.2284986066,16872.4381680601,17250.2284986066
CAAGGATCGCATGTTC-1,1,40,68,7196,7253,24176.6666666667,23986.6666666667,24141.3333333333,188.895165273238,23987.7715013934,24365.5618319399,23952.4381680601,24330.2284986066
CAAGGCCAGTGGTGCA-1,1,66,100,11138,10046,33486.6666666667,37126.6666666667,11001.3333333333,188.895165273238,33297.7715013934,33675.5618319399,10812.4381680601,11190.2284986066
CAAGGTCCTATAGGCT-1,1,34,110,6284,10914,36380,20946.6666666667,27181.3333333333,188.895165273238,36191.1048347268,36568.8951652732,26992.4381680601,27370.2284986066
CAAGTAAGTGATAGAC-1,1,69,53,11596,5948,19826.6666666667,38653.3333333333,9474.66666666666,188.895165273238,19637.7715013934,20015.5618319399,9285.77150139343,9663.5618319399
CAAGTGTGGTTGCAAA-1,1,40,94,7195,9520,31733.3333333333,23983.3333333333,24144.6666666667,188.895165273238,31544.4381680601,31922.2284986066,23955.7715013934,24333.5618319399
CAATACGAGAGTCTGA-1,1,44,120,7800,11787,39290,26000,22128,188.895165273238,39101.1048347268,39478.8951652732,21939.1048347268,22316.8951652732
CAATATTCTTGACCTA-1,1,54,40,9321,4813,16043.3333333333,31070,17058,188.895165273238,15854.4381680601,16232.2284986066,16869.1048347268,17246.8951652732
CAATGACCCTTAATTT-1,1,73,57,12203,6297,20990,40676.6666666667,7451.33333333333,188.895165273238,20801.1048347268,21178.8951652732,7262.43816806009,7640.22849860657
CAATGAGGTTCGACTA-1,1,29,119,5525,11699,38996.6666666667,18416.6666666667,29711.3333333333,188.895165273238,38807.7715013934,39185.5618319399,29522.4381680601,29900.2284986066
CAATGCGAGAAGTATC-1,1,54,82,9319,8475,28250,31063.3333333333,17064.6666666667,188.895165273238,28061.1048347268,28438.8951652732,16875.7715013934,17253.5618319399
CAATGTGCCAACCCTT-1,1,37,115,6738,11351,37836.6666666667,22460,25668,188.895165273238,37647.7715013934,38025.5618319399,25479.1048347268,25856.8951652732
CAATTTCGTATAAGGG-1,1,37,63,6741,6817,22723.3333333333,22470,25658,188.895165273238,22534.4381680601,22912.2284986066,25469.1048347268,25846.8951652732
CACAATGAGCTGCTAT-1,1,42,50,7500,5684,18946.6666666667,25000,23128,188.895165273238,18757.7715013934,19135.5618319399,22939.1048347268,23316.8951652732
CACACACGCTAACGAG-1,1,55,103,9470,10306,34353.3333333333,31566.6666666667,16561.3333333333,188.895165273238,34164.4381680601,34542.2284986066,16372.4381680601,16750.2284986066
CACACAGCTTGCGCTC-1,1,47,115,8255,11351,37836.6666666667,27516.6666666667,20611.3333333333,188.895165273238,37647.7715013934,38025.5618319399,20422.4381680601,20800.2284986066
CACACGCGCTGTCTTA-1,1,33,89,6133,9083,30276.6666666667,20443.3333333333,27684.6666666667,188.895165273238,30087.7715013934,30465.5618319399,27495.7715013934,27873.5618319399
CACAGAGACGAGGACG-1,1,64,20,10839,3071,10236.6666666667,36130,11998,188.895165273238,10047.7715013934,10425.5618319399,11809.1048347268,12186.8951652732
CACAGGGCCATATAGT-1,1,57,97,9773,9783,32610,32576.6666666667,15551.3333333333,188.895165273238,32421.1048347268,32798.8951652732,15362.4381680601,15740.2284986066
CACAGGGCCGTTGTCA-1,1,62,60,10534,6558,21860,35113.3333333333,13014.6666666667,188.895165273238,21671.1048347268,22048.8951652732,12825.7715013934,13203.5618319399
CACAGTCCCGCTTCGC-1,1,60,112,10228,11091,36970,34093.3333333333,14034.6666666667,188.895165273238,36781.1048347268,37158.8951652732,13845.7715013934,14223.5618319399
CACAGTTCGCTTCCCA-1,1,54,114,9317,11265,37550,31056.6666666667,17071.3333333333,188.895165273238,37361.1048347268,37738.8951652732,16882.4381680601,17260.2284986066
CACATATTAGCAGGAT-1,1,47,73,8258,7690,25633.3333333333,27526.6666666667,20601.3333333333,188.895165273238,25444.4381680601,25822.2284986066,20412.4381680601,20790.2284986066
CACATCGTGCACGCGC-1,1,60,38,10232,4640,15466.6666666667,34106.6666666667,14021.3333333333,188.895165273238,15277.7715013934,15655.5618319399,13832.4381680601,14210.2284986066
CACATCTCACCGACGA-1,1,57,75,9774,7865,26216.6666666667,32580,15548,188.895165273238,26027.7715013934,26405.5618319399,15359.1048347268,15736.8951652732
CACATGATTCAGCAAC-1,1,38,64,6893,6904,23013.3333333333,22976.6666666667,25151.3333333333,188.895165273238,22824.4381680601,23202.2284986066,24962.4381680601,25340.2284986066
CACATTTCTTGTCAGA-1,1,44,108,7801,10741,35803.3333333333,26003.3333333333,22124.6666666667,188.895165273238,35614.4381680601,35992.2284986066,21935.7715013934,22313.5618319399
CACCCAAATCTTATGT-1,1,35,105,6436,10479,34930,21453.3333333333,26674.6666666667,188.895165273238,34741.1048347268,35118.8951652732,26485.7715013934,26863.5618319399
CACCCGGTTTGTGACT-1,1,53,39,9170,4726,15753.3333333333,30566.6666666667,17561.3333333333,188.895165273238,15564.4381680601,15942.2284986066,17372.4381680601,17750.2284986066
CACCCTAACAAGATCT-1,1,56,80,9623,8301,27670,32076.6666666667,16051.3333333333,188.895165273238,27481.1048347268,27858.8951652732,15862.4381680601,16240.2284986066
CACCGGGCATCACAAG-1,1,72,94,12049,9523,31743.3333333333,40163.3333333333,7964.66666666666,188.895165273238,31554.4381680601,31932.2284986066,7775.77150139343,8153.5618319399
CACCGTATCCCATCCG-1,1,52,104,9014,10393,34643.3333333333,30046.6666666667,18081.3333333333,188.895165273238,34454.4381680601,34832.2284986066,17892.4381680601,18270.2284986066
CACCGTTAGGGATCAC-1,1,53,37,9170,4552,15173.3333333333,30566.6666666667,17561.3333333333,188.895165273238,14984.4381680601,15362.2284986066,17372.4381680601,17750.2284986066
CACCTTGGCGCCTTTG-1,1,43,103,7649,10305,34350,25496.6666666667,22631.3333333333,188.895165273238,34161.1048347268,34538.8951652732,22442.4381680601,22820.2284986066
CACGCAGCGAGGCTTT-1,1,31,43,5832,5073,16910,19440,28688,188.895165273238,16721.1048347268,17098.8951652732,28499.1048347268,28876.8951652732
CACGCGGAACTGTTGC-1,1,42,98,7498,9869,32896.6666666667,24993.3333333333,23134.6666666667,188.895165273238,32707.7715013934,33085.5618319399,22945.7715013934,23323.5618319399
CACGGACGTGGATGGC-1,1,23,123,4614,12047,40156.6666666667,15380,32748,188.895165273238,39967.7715013934,40345.5618319399,32559.1048347268,32936.8951652732
CACGTCAATCAATGGA-1,1,62,116,10531,11440,38133.3333333333,35103.3333333333,13024.6666666667,188.895165273238,37944.4381680601,38322.2284986066,12835.7715013934,13213.5618319399
CACGTCGGCAACCTCT-1,1,49,37,8563,4551,15170,28543.3333333333,19584.6666666667,188.895165273238,14981.1048347268,15358.8951652732,19395.7715013934,19773.5618319399
CACGTTCGTGCTCTAG-1,1,37,81,6740,8386,27953.3333333333,22466.6666666667,25661.3333333333,188.895165273238,27764.4381680601,28142.2284986066,25472.4381680601,25850.2284986066
CACGTTTCGTACACAC-1,1,55,91,9470,9260,30866.6666666667,31566.6666666667,16561.3333333333,188.895165273238,30677.7715013934,31055.5618319399,16372.4381680601,16750.2284986066
CACTAAAGTTGCCTAT-1,1,35,51,6438,5771,19236.6666666667,21460,26668,188.895165273238,19047.7715013934,19425.5618319399,26479.1048347268,26856.8951652732
CACTACGGGAGCTGCC-1,1,59,107,10076,10655,35516.6666666667,33586.6666666667,14541.3333333333,188.895165273238,35327.7715013934,35705.5618319399,14352.4381680601,14730.2284986066
CACTCAAGAGCTATGG-1,1,39,57,7045,6294,20980,23483.3333333333,24644.6666666667,188.895165273238,20791.1048347268,21168.8951652732,24455.7715013934,24833.5618319399
CACTCCTATGTAAGAT-1,1,56,36,9625,4465,14883.3333333333,32083.3333333333,16044.6666666667,188.895165273238,14694.4381680601,15072.2284986066,15855.7715013934,16233.5618319399
CACTCGAGCTGAACAA-1,1,48,74,8409,7777,25923.3333333333,28030,20098,188.895165273238,25734.4381680601,26112.2284986066,19909.1048347268,20286.8951652732
CACTCTCAAGCATCGA-1,1,69,47,11596,5425,18083.3333333333,38653.3333333333,9474.66666666666,188.895165273238,17894.4381680601,18272.2284986066,9285.77150139343,9663.5618319399
CACTCTTCTGCTAGCC-1,1,59,101,10076,10132,33773.3333333333,33586.6666666667,14541.3333333333,188.895165273238,33584.4381680601,33962.2284986066,14352.4381680601,14730.2284986066
CACTGACGATTGTGGA-1,1,65,51,10989,5774,19246.6666666667,36630,11498,188.895165273238,19057.7715013934,19435.5618319399,11309.1048347268,11686.8951652732
CACTTAATCAGACGGA-1,1,34,48,6287,5509,18363.3333333333,20956.6666666667,27171.3333333333,188.895165273238,18174.4381680601,18552.2284986066,26982.4381680601,27360.2284986066
CAGAACTTAGCCCTCT-1,1,53,85,9167,8737,29123.3333333333,30556.6666666667,17571.3333333333,188.895165273238,28934.4381680601,29312.2284986066,17382.4381680601,17760.2284986066
CAGAATAACACACGGA-1,1,55,111,9469,11004,36680,31563.3333333333,16564.6666666667,188.895165273238,36491.1048347268,36868.8951652732,16375.7715013934,16753.5618319399
CAGAATATTCGTTATC-1,1,50,124,8710,12136,40453.3333333333,29033.3333333333,19094.6666666667,188.895165273238,40264.4381680601,40642.2284986066,18905.7715013934,19283.5618319399
CAGACACCGATCGCTG-1,1,53,51,9169,5772,19240,30563.3333333333,17564.6666666667,188.895165273238,19051.1048347268,19428.8951652732,17375.7715013934,17753.5618319399
CAGACCTGTAAGTGTT-1,1,31,99,5829,9955,33183.3333333333,19430,28698,188.895165273238,32994.4381680601,33372.2284986066,28509.1048347268,28886.8951652732
CAGACGAACCTGATAC-1,1,50,50,8714,5685,18950,29046.6666666667,19081.3333333333,188.895165273238,18761.1048347268,19138.8951652732,18892.4381680601,19270.2284986066
CAGAGACGGTCACCCA-1,1,51,57,8865,6295,20983.3333333333,29550,18578,188.895165273238,20794.4381680601,21172.2284986066,18389.1048347268,18766.8951652732
CAGAGGCGATGCATGA-1,1,54,48,9321,5511,18370,31070,17058,188.895165273238,18181.1048347268,18558.8951652732,16869.1048347268,17246.8951652732
CAGATAATGGGCGGGT-1,1,66,102,11138,10220,34066.6666666667,37126.6666666667,11001.3333333333,188.895165273238,33877.7715013934,34255.5618319399,10812.4381680601,11190.2284986066
CAGCAGTCCAGACTAT-1,1,50,100,8711,10044,33480,29036.6666666667,19091.3333333333,188.895165273238,33291.1048347268,33668.8951652732,18902.4381680601,19280.2284986066
CAGCAGTCTGTGCTGC-1,1,62,74,10533,7778,25926.6666666667,35110,13018,188.895165273238,25737.7715013934,26115.5618319399,12829.1048347268,13206.8951652732
CAGCGATTCCCTTCAA-1,1,53,43,9169,5075,16916.6666666667,30563.3333333333,17564.6666666667,188.895165273238,16727.7715013934,17105.5618319399,17375.7715013934,17753.5618319399
CAGCTCACTGAGACAT-1,1,33,59,6135,6468,21560,20450,27678,188.895165273238,21371.1048347268,21748.8951652732,27489.1048347268,27866.8951652732
CAGCTCGACAAGTTAA-1,1,28,90,5374,9170,30566.6666666667,17913.3333333333,30214.6666666667,188.895165273238,30377.7715013934,30755.5618319399,30025.7715013934,30403.5618319399
CAGGACAGCTGCCCTT-1,1,35,127,6434,12397,41323.3333333333,21446.6666666667,26681.3333333333,188.895165273238,41134.4381680601,41512.2284986066,26492.4381680601,26870.2284986066
CAGGATATATCGTTGT-1,1,44,60,7803,6556,21853.3333333333,26010,22118,188.895165273238,21664.4381680601,22042.2284986066,21929.1048347268,22306.8951652732
CAGGCAGTCTTACCAG-1,1,65,85,10988,8738,29126.6666666667,36626.6666666667,11501.3333333333,188.895165273238,28937.7715013934,29315.5618319399,11312.4381680601,11690.2284986066
CAGGCCGTTTGGGTGT-1,1,39,43,7046,5074,16913.3333333333,23486.6666666667,24641.3333333333,188.895165273238,16724.4381680601,17102.2284986066,24452.4381680601,24830.2284986066
CAGGCGCACGGTGGTC-1,1,56,28,9625,3767,12556.6666666667,32083.3333333333,16044.6666666667,188.895165273238,12367.7715013934,12745.5618319399,15855.7715013934,16233.5618319399
CAGGCGCCATGCTAGG-1,1,49,73,8561,7690,25633.3333333333,28536.6666666667,19591.3333333333,188.895165273238,25444.4381680601,25822.2284986066,19402.4381680601,19780.2284986066
CAGTCGAGGATGCAAT-1,1,25,99,4919,9955,33183.3333333333,16396.6666666667,31731.3333333333,188.895165273238,32994.4381680601,33372.2284986066,31542.4381680601,31920.2284986066
CAGTCTGTATACTGGG-1,1,42,66,7500,7079,23596.6666666667,25000,23128,188.895165273238,23407.7715013934,23785.5618319399,22939.1048347268,23316.8951652732
CAGTGTCGGCTGGCCC-1,1,52,92,9015,9347,31156.6666666667,30050,18078,188.895165273238,30967.7715013934,31345.5618319399,17889.1048347268,18266.8951652732
CAGTTCGAGGACCCGA-1,1,69,49,11596,5600,18666.6666666667,38653.3333333333,9474.66666666666,188.895165273238,18477.7715013934,18855.5618319399,9285.77150139343,9663.5618319399
CATAACGGACAGTCGT-1,1,36,94,6588,9520,31733.3333333333,21960,26168,188.895165273238,31544.4381680601,31922.2284986066,25979.1048347268,26356.8951652732
CATAAGAAGCTTGGCT-1,1,58,72,9926,7604,25346.6666666667,33086.6666666667,15041.3333333333,188.895165273238,25157.7715013934,25535.5618319399,14852.4381680601,15230.2284986066
CATACACGGTTCCCAC-1,1,61,55,10382,6122,20406.6666666667,34606.6666666667,13521.3333333333,188.895165273238,20217.7715013934,20595.5618319399,13332.4381680601,13710.2284986066
CATACGAACTAGCTGG-1,1,65,31,10990,4030,13433.3333333333,36633.3333333333,11494.6666666667,188.895165273238,13244.4381680601,13622.2284986066,11305.7715013934,11683.5618319399
CATACGGCGTCTGGGC-1,1,39,63,7045,6817,22723.3333333333,23483.3333333333,24644.6666666667,188.895165273238,22534.4381680601,22912.2284986066,24455.7715013934,24833.5618319399
CATACTATGTAATTGT-1,1,36,48,6590,5509,18363.3333333333,21966.6666666667,26161.3333333333,188.895165273238,18174.4381680601,18552.2284986066,25972.4381680601,26350.2284986066
CATACTTAGGCAATAC-1,1,37,113,6738,11176,37253.3333333333,22460,25668,188.895165273238,37064.4381680601,37442.2284986066,25479.1048347268,25856.8951652732
CATACTTCTTTCTCCG-1,1,68,52,11444,5861,19536.6666666667,38146.6666666667,9981.33333333333,188.895165273238,19347.7715013934,19725.5618319399,9792.43816806009,10170.2284986066
CATAGAGGAGATACTA-1,1,69,87,11594,8912,29706.6666666667,38646.6666666667,9481.33333333333,188.895165273238,29517.7715013934,29895.5618319399,9292.43816806009,9670.22849860657
CATAGCGTTGCCCACC-1,1,54,42,9321,4988,16626.6666666667,31070,17058,188.895165273238,16437.7715013934,16815.5618319399,16869.1048347268,17246.8951652732
CATAGTCAAATACATA-1,1,65,93,10987,9435,31450,36623.3333333333,11504.6666666667,188.895165273238,31261.1048347268,31638.8951652732,11315.7715013934,11693.5618319399
CATAGTCCACAAGAAC-1,1,45,31,7957,4028,13426.6666666667,26523.3333333333,21604.6666666667,188.895165273238,13237.7715013934,13615.5618319399,21415.7715013934,21793.5618319399
CATATAGGTACAGTCA-1,1,43,55,7652,6120,20400,25506.6666666667,22621.3333333333,188.895165273238,20211.1048347268,20588.8951652732,22432.4381680601,22810.2284986066
CATCATTACCCTGAGG-1,1,52,94,9015,9521,31736.6666666667,30050,18078,188.895165273238,31547.7715013934,31925.5618319399,17889.1048347268,18266.8951652732
CATCCAATATAGTTTG-1,1,66,18,11143,2897,9656.66666666667,37143.3333333333,10984.6666666667,188.895165273238,9467.77150139343,9845.56183193991,10795.7715013934,11173.5618319399
CATCCTCTCAAAGATC-1,1,54,92,9318,9347,31156.6666666667,31060,17068,188.895165273238,30967.7715013934,31345.5618319399,16879.1048347268,17256.8951652732
CATCGGACGGGTTAAT-1,1,42,58,7500,6382,21273.3333333333,25000,23128,188.895165273238,21084.4381680601,21462.2284986066,22939.1048347268,23316.8951652732
CATCTAGTGAAGGGAA-1,1,45,121,7952,11874,39580,26506.6666666667,21621.3333333333,188.895165273238,39391.1048347268,39768.8951652732,21432.4381680601,21810.2284986066
CATCTTACACCACCTC-1,1,37,99,6739,9956,33186.6666666667,22463.3333333333,25664.6666666667,188.895165273238,32997.7715013934,33375.5618319399,25475.7715013934,25853.5618319399
CATGACTTCGCTGAAT-1,1,40,106,7194,10566,35220,23980,24148,188.895165273238,35031.1048347268,35408.8951652732,23959.1048347268,24336.8951652732
CATGAGATGCACTCTC-1,1,59,79,10078,8214,27380,33593.3333333333,14534.6666666667,188.895165273238,27191.1048347268,27568.8951652732,14345.7715013934,14723.5618319399
CATGATGGAAGTTAGC-1,1,45,103,7953,10305,34350,26510,21618,188.895165273238,34161.1048347268,34538.8951652732,21429.1048347268,21806.8951652732
CATGCGACCAGTTTAA-1,1,26,98,5071,9867,32890,16903.3333333333,31224.6666666667,188.895165273238,32701.1048347268,33078.8951652732,31035.7715013934,31413.5618319399
CATGCGTTGAGAGGAG-1,1,72,46,12052,5338,17793.3333333333,40173.3333333333,7954.66666666667,188.895165273238,17604.4381680601,17982.2284986066,7765.77150139343,8143.5618319399
CATGGATTGTCTTCCG-1,1,55,101,9470,10132,33773.3333333333,31566.6666666667,16561.3333333333,188.895165273238,33584.4381680601,33962.2284986066,16372.4381680601,16750.2284986066
CATGGGTATGCCTTAT-1,1,56,82,9622,8475,28250,32073.3333333333,16054.6666666667,188.895165273238,28061.1048347268,28438.8951652732,15865.7715013934,16243.5618319399
CATGGTAAGTAGCGTT-1,1,45,73,7954,7690,25633.3333333333,26513.3333333333,21614.6666666667,188.895165273238,25444.4381680601,25822.2284986066,21425.7715013934,21803.5618319399
CATGGTTTATTAATCA-1,1,69,103,11593,10307,34356.6666666667,38643.3333333333,9484.66666666666,188.895165273238,34167.7715013934,34545.5618319399,9295.77150139343,9673.5618319399
CATGTAAGAGACATTT-1,1,54,90,9319,9173,30576.6666666667,31063.3333333333,17064.6666666667,188.895165273238,30387.7715013934,30765.5618319399,16875.7715013934,17253.5618319399
CATGTCTCATTTATGG-1,1,49,85,8560,8736,29120,28533.3333333333,19594.6666666667,188.895165273238,28931.1048347268,29308.8951652732,19405.7715013934,19783.5618319399
CATTACATAGATTGTG-1,1,27,117,5221,11524,38413.3333333333,17403.3333333333,30724.6666666667,188.895165273238,38224.4381680601,38602.2284986066,30535.7715013934,30913.5618319399
CATTATCCCATTAACG-1,1,67,31,11294,4030,13433.3333333333,37646.6666666667,10481.3333333333,188.895165273238,13244.4381680601,13622.2284986066,10292.4381680601,10670.2284986066
CATTCCCATTCCGTCG-1,1,32,118,5980,11612,38706.6666666667,19933.3333333333,28194.6666666667,188.895165273238,38517.7715013934,38895.5618319399,28005.7715013934,28383.5618319399
CATTGATGAACACGCC-1,1,23,119,4614,11698,38993.3333333333,15380,32748,188.895165273238,38804.4381680601,39182.2284986066,32559.1048347268,32936.8951652732
CATTGCGGGTCAATTC-1,1,25,115,4918,11349,37830,16393.3333333333,31734.6666666667,188.895165273238,37641.1048347268,38018.8951652732,31545.7715013934,31923.5618319399
CATTTGAGTGGTACGT-1,1,50,48,8714,5511,18370,29046.6666666667,19081.3333333333,188.895165273238,18181.1048347268,18558.8951652732,18892.4381680601,19270.2284986066
CCAAATAACAAGATTC-1,1,51,113,8862,11178,37260,29540,18588,188.895165273238,37071.1048347268,37448.8951652732,18399.1048347268,18776.8951652732
CCAACCTTATGTAACT-1,1,67,41,11293,4902,16340,37643.3333333333,10484.6666666667,188.895165273238,16151.1048347268,16528.8951652732,10295.7715013934,10673.5618319399
CCAACTTGATAGATCC-1,1,47,123,8255,12049,40163.3333333333,27516.6666666667,20611.3333333333,188.895165273238,39974.4381680601,40352.2284986066,20422.4381680601,20800.2284986066
CCAAGAAAGTGGGCGA-1,1,52,52,9017,5859,19530,30056.6666666667,18071.3333333333,188.895165273238,19341.1048347268,19718.8951652732,17882.4381680601,18260.2284986066
CCAATAGTGCCGTCGA-1,1,34,42,6287,4986,16620,20956.6666666667,27171.3333333333,188.895165273238,16431.1048347268,16808.8951652732,26982.4381680601,27360.2284986066
CCAATGTCACAGCAAG-1,1,37,49,6742,5597,18656.6666666667,22473.3333333333,25654.6666666667,188.895165273238,18467.7715013934,18845.5618319399,25465.7715013934,25843.5618319399
CCAATTGAATGTTAAT-1,1,20,46,4163,5333,17776.6666666667,13876.6666666667,34251.3333333333,188.895165273238,17587.7715013934,17965.5618319399,34062.4381680601,34440.2284986066
CCACACTGAGATATTA-1,1,39,49,7045,5597,18656.6666666667,23483.3333333333,24644.6666666667,188.895165273238,18467.7715013934,18845.5618319399,24455.7715013934,24833.5618319399
CCACAGTACCCATCCT-1,1,48,92,8408,9346,31153.3333333333,28026.6666666667,20101.3333333333,188.895165273238,30964.4381680601,31342.2284986066,19912.4381680601,20290.2284986066
CCACATACTGCACCCA-1,1,52,118,9014,11614,38713.3333333333,30046.6666666667,18081.3333333333,188.895165273238,38524.4381680601,38902.2284986066,17892.4381680601,18270.2284986066
CCACCAACTTTACTGT-1,1,52,40,9018,4813,16043.3333333333,30060,18068,188.895165273238,15854.4381680601,16232.2284986066,17879.1048347268,18256.8951652732
CCACCCAAGGAAAGTG-1,1,37,75,6741,7863,26210,22470,25658,188.895165273238,26021.1048347268,26398.8951652732,25469.1048347268,25846.8951652732
CCACGAATTTAACCTC-1,1,41,109,7345,10828,36093.3333333333,24483.3333333333,23644.6666666667,188.895165273238,35904.4381680601,36282.2284986066,23455.7715013934,23833.5618319399
CCACGGTGCCCGGTAG-1,1,35,107,6435,10653,35510,21450,26678,188.895165273238,35321.1048347268,35698.8951652732,26489.1048347268,26866.8951652732
CCACGTAAATTAGACT-1,1,34,122,6283,11961,39870,20943.3333333333,27184.6666666667,188.895165273238,39681.1048347268,40058.8951652732,26995.7715013934,27373.5618319399
CCACTATCCGGGTCAC-1,1,30,116,5676,11437,38123.3333333333,18920,29208,188.895165273238,37934.4381680601,38312.2284986066,29019.1048347268,29396.8951652732
CCACTCAGATCCGCAA-1,1,72,80,12050,8302,27673.3333333333,40166.6666666667,7961.33333333333,188.895165273238,27484.4381680601,27862.2284986066,7772.43816806009,8150.22849860657
CCACTGTTTGGATTAA-1,1,58,106,9924,10568,35226.6666666667,33080,15048,188.895165273238,35037.7715013934,35415.5618319399,14859.1048347268,15236.8951652732
CCAGAAAGCAACTCAT-1,1,52,36,9018,4465,14883.3333333333,30060,18068,188.895165273238,14694.4381680601,15072.2284986066,17879.1048347268,18256.8951652732
CCAGATGTAAATGGGT-1,1,19,123,4007,12046,40153.3333333333,13356.6666666667,34771.3333333333,188.895165273238,39964.4381680601,40342.2284986066,34582.4381680601,34960.2284986066
CCAGCCTGGACCAATA-1,1,37,65,6741,6991,23303.3333333333,22470,25658,188.895165273238,23114.4381680601,23492.2284986066,25469.1048347268,25846.8951652732
CCAGCGGGATCACCAG-1,1,32,124,5979,12135,40450,19930,28198,188.895165273238,40261.1048347268,40638.8951652732,28009.1048347268,28386.8951652732
CCAGCTCGAACGCATT-1,1,63,65,10685,6994,23313.3333333333,35616.6666666667,12511.3333333333,188.895165273238,23124.4381680601,23502.2284986066,12322.4381680601,12700.2284986066
CCAGGCTGGCGTCTGA-1,1,56,122,9620,11963,39876.6666666667,32066.6666666667,16061.3333333333,188.895165273238,39687.7715013934,40065.5618319399,15872.4381680601,16250.2284986066
CCAGTCTTGTCATAGA-1,1,59,59,10079,6470,21566.6666666667,33596.6666666667,14531.3333333333,188.895165273238,21377.7715013934,21755.5618319399,14342.4381680601,14720.2284986066
CCATACCTTTACTTGT-1,1,30,102,5677,10217,34056.6666666667,18923.3333333333,29204.6666666667,188.895165273238,33867.7715013934,34245.5618319399,29015.7715013934,29393.5618319399
CCATATGGAAACTATA-1,1,53,103,9166,10306,34353.3333333333,30553.3333333333,17574.6666666667,188.895165273238,34164.4381680601,34542.2284986066,17385.7715013934,17763.5618319399
CCATCGCAGTTAAACT-1,1,50,62,8713,6731,22436.6666666667,29043.3333333333,19084.6666666667,188.895165273238,22247.7715013934,22625.5618319399,18895.7715013934,19273.5618319399
CCATCTCACCAGTGAA-1,1,38,98,6891,9869,32896.6666666667,22970,25158,188.895165273238,32707.7715013934,33085.5618319399,24969.1048347268,25346.8951652732
CCATGCCCTAGATTTC-1,1,56,98,9622,9870,32900,32073.3333333333,16054.6666666667,188.895165273238,32711.1048347268,33088.8951652732,15865.7715013934,16243.5618319399
CCATGCCTGTTTAGTA-1,1,35,53,6438,5945,19816.6666666667,21460,26668,188.895165273238,19627.7715013934,20005.5618319399,26479.1048347268,26856.8951652732
CCATGTTCATCTATAT-1,1,68,28,11446,3769,12563.3333333333,38153.3333333333,9974.66666666666,188.895165273238,12374.4381680601,12752.2284986066,9785.77150139343,10163.5618319399
CCATTAGCGATAATCC-1,1,32,42,5984,4986,16620,19946.6666666667,28181.3333333333,188.895165273238,16431.1048347268,16808.8951652732,27992.4381680601,28370.2284986066
CCATTCCCTGCCCACA-1,1,33,39,6136,4724,15746.6666666667,20453.3333333333,27674.6666666667,188.895165273238,15557.7715013934,15935.5618319399,27485.7715013934,27863.5618319399
CCATTGTTTCCTCCAT-1,1,29,123,5524,12047,40156.6666666667,18413.3333333333,29714.6666666667,188.895165273238,39967.7715013934,40345.5618319399,29525.7715013934,29903.5618319399
CCATTTCTACCTATTA-1,1,55,71,9471,7516,25053.3333333333,31570,16558,188.895165273238,24864.4381680601,25242.2284986066,16369.1048347268,16746.8951652732
CCCAAACATGCTGCTC-1,1,34,88,6285,8996,29986.6666666667,20950,27178,188.895165273238,29797.7715013934,30175.5618319399,26989.1048347268,27366.8951652732
CCCAACATACGTCGCG-1,1,43,35,7653,4377,14590,25510,22618,188.895165273238,14401.1048347268,14778.8951652732,22429.1048347268,22806.8951652732
CCCAAGTCATTACACT-1,1,68,96,11442,9697,32323.3333333333,38140,9988,188.895165273238,32134.4381680601,32512.2284986066,9799.10483472676,10176.8951652732
CCCAATGAGATTTGCA-1,1,60,40,10231,4814,16046.6666666667,34103.3333333333,14024.6666666667,188.895165273238,15857.7715013934,16235.5618319399,13835.7715013934,14213.5618319399
CCCAATTTCACAACTT-1,1,39,33,7046,4202,14006.6666666667,23486.6666666667,24641.3333333333,188.895165273238,13817.7715013934,14195.5618319399,24452.4381680601,24830.2284986066
CCCAGGAAGAATTCGA-1,1,74,66,12354,7082,23606.6666666667,41180,6948,188.895165273238,23417.7715013934,23795.5618319399,6759.10483472676,7136.89516527324
CCCAGGTCTGAAGGCT-1,1,53,111,9166,11003,36676.6666666667,30553.3333333333,17574.6666666667,188.895165273238,36487.7715013934,36865.5618319399,17385.7715013934,17763.5618319399
CCCAGTTAAGGCGCCG-1,1,42,82,7499,8474,28246.6666666667,24996.6666666667,23131.3333333333,188.895165273238,28057.7715013934,28435.5618319399,22942.4381680601,23320.2284986066
CCCGAGTTTCTCCGTA-1,1,48,108,8407,10741,35803.3333333333,28023.3333333333,20104.6666666667,188.895165273238,35614.4381680601,35992.2284986066,19915.7715013934,20293.5618319399
CCCGATAGCCTCGCCT-1,1,37,127,6738,12397,41323.3333333333,22460,25668,188.895165273238,41134.4381680601,41512.2284986066,25479.1048347268,25856.8951652732
CCCGCAGCGCGAACTA-1,1,49,67,8561,7167,23890,28536.6666666667,19591.3333333333,188.895165273238,23701.1048347268,24078.8951652732,19402.4381680601,19780.2284986066
CCCGGGTCGTTCAGGG-1,1,65,57,10989,6297,20990,36630,11498,188.895165273238,20801.1048347268,21178.8951652732,11309.1048347268,11686.8951652732
CCCGTAGCTGGGAAGA-1,1,57,39,9776,4727,15756.6666666667,32586.6666666667,15541.3333333333,188.895165273238,15567.7715013934,15945.5618319399,15352.4381680601,15730.2284986066
CCCGTTTCGCAGATGT-1,1,52,106,9014,10567,35223.3333333333,30046.6666666667,18081.3333333333,188.895165273238,35034.4381680601,35412.2284986066,17892.4381680601,18270.2284986066
CCCTACTTGAACAATG-1,1,70,86,11746,8825,29416.6666666667,39153.3333333333,8974.66666666666,188.895165273238,29227.7715013934,29605.5618319399,8785.77150139343,9163.5618319399
CCCTATGTAGAGCAGA-1,1,60,24,10232,3419,11396.6666666667,34106.6666666667,14021.3333333333,188.895165273238,11207.7715013934,11585.5618319399,13832.4381680601,14210.2284986066
CCCTCCTCGCTCGTAT-1,1,50,106,8711,10567,35223.3333333333,29036.6666666667,19091.3333333333,188.895165273238,35034.4381680601,35412.2284986066,18902.4381680601,19280.2284986066
CCCTCGATAATACACA-1,1,69,29,11597,3856,12853.3333333333,38656.6666666667,9471.33333333333,188.895165273238,12664.4381680601,13042.2284986066,9282.43816806009,9660.22849860657
CCCTGAAATGAGTTGA-1,1,31,39,5832,4724,15746.6666666667,19440,28688,188.895165273238,15557.7715013934,15935.5618319399,28499.1048347268,28876.8951652732
CCCTTTAATGGAGTTC-1,1,63,109,10683,10830,36100,35610,12518,188.895165273238,35911.1048347268,36288.8951652732,12329.1048347268,12706.8951652732
CCCTTTGACAGGTCTT-1,1,50,56,8714,6208,20693.3333333333,29046.6666666667,19081.3333333333,188.895165273238,20504.4381680601,20882.2284986066,18892.4381680601,19270.2284986066
CCGAACCTTCCCGGCC-1,1,49,71,8561,7516,25053.3333333333,28536.6666666667,19591.3333333333,188.895165273238,24864.4381680601,25242.2284986066,19402.4381680601,19780.2284986066
CCGAAGGGCGTACCGC-1,1,29,125,5524,12222,40740,18413.3333333333,29714.6666666667,188.895165273238,40551.1048347268,40928.8951652732,29525.7715013934,29903.5618319399
CCGACAATAGGCCGCC-1,1,57,111,9773,11004,36680,32576.6666666667,15551.3333333333,188.895165273238,36491.1048347268,36868.8951652732,15362.4381680601,15740.2284986066
CCGAGAAGTCGCATAA-1,1,46,112,8104,11090,36966.6666666667,27013.3333333333,21114.6666666667,188.895165273238,36777.7715013934,37155.5618319399,20925.7715013934,21303.5618319399
CCGATATGACGTAAGG-1,1,55,127,9468,12398,41326.6666666667,31560,16568,188.895165273238,41137.7715013934,41515.5618319399,16379.1048347268,16756.8951652732
CCGATCTCAACCTTAT-1,1,37,101,6739,10130,33766.6666666667,22463.3333333333,25664.6666666667,188.895165273238,33577.7715013934,33955.5618319399,25475.7715013934,25853.5618319399
CCGCACAAAGACCAAC-1,1,36,76,6589,7950,26500,21963.3333333333,26164.6666666667,188.895165273238,26311.1048347268,26688.8951652732,25975.7715013934,26353.5618319399
CCGCACACGAACGTGT-1,1,45,123,7952,12049,40163.3333333333,26506.6666666667,21621.3333333333,188.895165273238,39974.4381680601,40352.2284986066,21432.4381680601,21810.2284986066
CCGCACTTGCAATGAC-1,1,69,107,11593,10656,35520,38643.3333333333,9484.66666666666,188.895165273238,35331.1048347268,35708.8951652732,9295.77150139343,9673.5618319399
CCGCATGTGGTACGAT-1,1,56,66,9623,7080,23600,32076.6666666667,16051.3333333333,188.895165273238,23411.1048347268,23788.8951652732,15862.4381680601,16240.2284986066
CCGCCGGAACTTCTCG-1,1,54,12,9323,2372,7906.66666666667,31076.6666666667,17051.3333333333,188.895165273238,7717.77150139343,8095.56183193991,16862.4381680601,17240.2284986066
CCGCCGTTGAGGATAA-1,1,45,119,7952,11700,39000,26506.6666666667,21621.3333333333,188.895165273238,38811.1048347268,39188.8951652732,21432.4381680601,21810.2284986066
CCGCGGAATGCGTCAC-1,1,51,45,8866,5249,17496.6666666667,29553.3333333333,18574.6666666667,188.895165273238,17307.7715013934,17685.5618319399,18385.7715013934,18763.5618319399
CCGCTATCAGCACCAG-1,1,45,63,7955,6818,22726.6666666667,26516.6666666667,21611.3333333333,188.895165273238,22537.7715013934,22915.5618319399,21422.4381680601,21800.2284986066
CCGCTCCAGGGCGATC-1,1,71,69,11899,7343,24476.6666666667,39663.3333333333,8464.66666666666,188.895165273238,24287.7715013934,24665.5618319399,8275.77150139343,8653.5618319399
CCGCTCTTCCGAACTA-1,1,63,99,10683,9958,33193.3333333333,35610,12518,188.895165273238,33004.4381680601,33382.2284986066,12329.1048347268,12706.8951652732
CCGCTTACCTCACTCT-1,1,47,35,8260,4377,14590,27533.3333333333,20594.6666666667,188.895165273238,14401.1048347268,14778.8951652732,20405.7715013934,20783.5618319399
CCGCTTGCTGACATGG-1,1,27,113,5221,11175,37250,17403.3333333333,30724.6666666667,188.895165273238,37061.1048347268,37438.8951652732,30535.7715013934,30913.5618319399
CCGGAAGTTATCAGTC-1,1,49,127,8558,12398,41326.6666666667,28526.6666666667,19601.3333333333,188.895165273238,41137.7715013934,41515.5618319399,19412.4381680601,19790.2284986066
CCGGAGCGTACTTTCT-1,1,58,56,9927,6209,20696.6666666667,33090,15038,188.895165273238,20507.7715013934,20885.5618319399,14849.1048347268,15226.8951652732
CCGGAGGTCTTATGGT-1,1,18,118,3856,11610,38700,12853.3333333333,35274.6666666667,188.895165273238,38511.1048347268,38888.8951652732,35085.7715013934,35463.5618319399
CCGGCACGACCGTTTC-1,1,35,111,6435,11002,36673.3333333333,21450,26678,188.895165273238,36484.4381680601,36862.2284986066,26489.1048347268,26866.8951652732
CCGGGCTGCTCCATAC-1,1,36,86,6588,8822,29406.6666666667,21960,26168,188.895165273238,29217.7715013934,29595.5618319399,25979.1048347268,26356.8951652732
CCGGGTTCGAGGTTAC-1,1,38,32,6895,4115,13716.6666666667,22983.3333333333,25144.6666666667,188.895165273238,13527.7715013934,13905.5618319399,24955.7715013934,25333.5618319399
CCGGTAATGGCTAGTC-1,1,38,114,6890,11263,37543.3333333333,22966.6666666667,25161.3333333333,188.895165273238,37354.4381680601,37732.2284986066,24972.4381680601,25350.2284986066
CCGGTTTGTAATTGTG-1,1,56,42,9625,4988,16626.6666666667,32083.3333333333,16044.6666666667,188.895165273238,16437.7715013934,16815.5618319399,15855.7715013934,16233.5618319399
CCGTAAGTTGGTCCCA-1,1,33,77,6134,8037,26790,20446.6666666667,27681.3333333333,188.895165273238,26601.1048347268,26978.8951652732,27492.4381680601,27870.2284986066
CCGTAGGAAATCCCTG-1,1,60,96,10228,9696,32320,34093.3333333333,14034.6666666667,188.895165273238,32131.1048347268,32508.8951652732,13845.7715013934,14223.5618319399
CCGTAGGGTTGTTTAC-1,1,60,104,10228,10394,34646.6666666667,34093.3333333333,14034.6666666667,188.895165273238,34457.7715013934,34835.5618319399,13845.7715013934,14223.5618319399
CCGTGAGGCATTCATG-1,1,36,120,6586,11786,39286.6666666667,21953.3333333333,26174.6666666667,188.895165273238,39097.7715013934,39475.5618319399,25985.7715013934,26363.5618319399
CCGTGGAACGATCCAA-1,1,24,106,4767,10565,35216.6666666667,15890,32238,188.895165273238,35027.7715013934,35405.5618319399,32049.1048347268,32426.8951652732
CCGTGTTAAATTCCAT-1,1,48,36,8411,4464,14880,28036.6666666667,20091.3333333333,188.895165273238,14691.1048347268,15068.8951652732,19902.4381680601,20280.2284986066
CCGTTACGTTAGAACA-1,1,20,88,4161,8995,29983.3333333333,13870,34258,188.895165273238,29794.4381680601,30172.2284986066,34069.1048347268,34446.8951652732
CCGTTCCGAATCTCGG-1,1,40,22,7199,3243,10810,23996.6666666667,24131.3333333333,188.895165273238,10621.1048347268,10998.8951652732,23942.4381680601,24320.2284986066
CCTAAATTAACGGTTC-1,1,42,68,7499,7253,24176.6666666667,24996.6666666667,23131.3333333333,188.895165273238,23987.7715013934,24365.5618319399,22942.4381680601,23320.2284986066
CCTAAATTGTATCCTA-1,1,52,114,9014,11265,37550,30046.6666666667,18081.3333333333,188.895165273238,37361.1048347268,37738.8951652732,17892.4381680601,18270.2284986066
CCTAACCCAAACAAGT-1,1,49,89,8560,9085,30283.3333333333,28533.3333333333,19594.6666666667,188.895165273238,30094.4381680601,30472.2284986066,19405.7715013934,19783.5618319399
CCTACATTCACAGACG-1,1,51,33,8867,4203,14010,29556.6666666667,18571.3333333333,188.895165273238,13821.1048347268,14198.8951652732,18382.4381680601,18760.2284986066
CCTACTGCGGCGGCCA-1,1,22,126,4462,12308,41026.6666666667,14873.3333333333,33254.6666666667,188.895165273238,40837.7715013934,41215.5618319399,33065.7715013934,33443.5618319399
CCTAGGCGTAGCGATC-1,1,36,88,6588,8997,29990,21960,26168,188.895165273238,29801.1048347268,30178.8951652732,25979.1048347268,26356.8951652732
CCTATAATGAGTGCCC-1,1,55,81,9471,8388,27960,31570,16558,188.895165273238,27771.1048347268,28148.8951652732,16369.1048347268,16746.8951652732
CCTATACCGTCCTGTC-1,1,55,45,9473,5249,17496.6666666667,31576.6666666667,16551.3333333333,188.895165273238,17307.7715013934,17685.5618319399,16362.4381680601,16740.2284986066
CCTATATTTGTCCTGG-1,1,62,52,10534,5860,19533.3333333333,35113.3333333333,13014.6666666667,188.895165273238,19344.4381680601,19722.2284986066,12825.7715013934,13203.5618319399
CCTATGAAGTGGTGCC-1,1,37,111,6739,11002,36673.3333333333,22463.3333333333,25664.6666666667,188.895165273238,36484.4381680601,36862.2284986066,25475.7715013934,25853.5618319399
CCTATGGCTCCTAGTG-1,1,62,24,10536,3419,11396.6666666667,35120,13008,188.895165273238,11207.7715013934,11585.5618319399,12819.1048347268,13196.8951652732
CCTATGGTCAAAGCTG-1,1,68,68,11444,7256,24186.6666666667,38146.6666666667,9981.33333333333,188.895165273238,23997.7715013934,24375.5618319399,9792.43816806009,10170.2284986066
CCTATGTCCACTCCAC-1,1,62,92,10532,9348,31160,35106.6666666667,13021.3333333333,188.895165273238,30971.1048347268,31348.8951652732,12832.4381680601,13210.2284986066
CCTCACCTGAGGGAGC-1,1,28,102,5374,10216,34053.3333333333,17913.3333333333,30214.6666666667,188.895165273238,33864.4381680601,34242.2284986066,30025.7715013934,30403.5618319399
CCTCACCTTAGCATCG-1,1,27,97,5222,9780,32600,17406.6666666667,30721.3333333333,188.895165273238,32411.1048347268,32788.8951652732,30532.4381680601,30910.2284986066
CCTCCTGTTGTGTCGT-1,1,62,96,10532,9696,32320,35106.6666666667,13021.3333333333,188.895165273238,32131.1048347268,32508.8951652732,12832.4381680601,13210.2284986066
CCTCGCGCTGTGCGAT-1,1,57,59,9775,6470,21566.6666666667,32583.3333333333,15544.6666666667,188.895165273238,21377.7715013934,21755.5618319399,15355.7715013934,15733.5618319399
CCTCGGACCGGGATAG-1,1,41,85,7347,8735,29116.6666666667,24490,23638,188.895165273238,28927.7715013934,29305.5618319399,23449.1048347268,23826.8951652732
CCTCGGTTTCCTTGCC-1,1,70,38,11749,4641,15470,39163.3333333333,8964.66666666666,188.895165273238,15281.1048347268,15658.8951652732,8775.77150139343,9153.5618319399
CCTCTACAAGGATTGG-1,1,67,27,11294,3681,12270,37646.6666666667,10481.3333333333,188.895165273238,12081.1048347268,12458.8951652732,10292.4381680601,10670.2284986066
CCTCTCTCCCATCTAG-1,1,34,36,6288,4463,14876.6666666667,20960,27168,188.895165273238,14687.7715013934,15065.5618319399,26979.1048347268,27356.8951652732
CCTCTGTACTATTCTA-1,1,53,61,9168,6644,22146.6666666667,30560,17568,188.895165273238,21957.7715013934,22335.5618319399,17379.1048347268,17756.8951652732
CCTGAACGATATATTC-1,1,37,85,6740,8735,29116.6666666667,22466.6666666667,25661.3333333333,188.895165273238,28927.7715013934,29305.5618319399,25472.4381680601,25850.2284986066
CCTGACCACCGATGGT-1,1,45,61,7955,6643,22143.3333333333,26516.6666666667,21611.3333333333,188.895165273238,21954.4381680601,22332.2284986066,21422.4381680601,21800.2284986066
CCTGAGAATAAATGCA-1,1,71,33,11901,4205,14016.6666666667,39670,8458,188.895165273238,13827.7715013934,14205.5618319399,8269.10483472676,8646.89516527324
CCTGGAAACGTTCTGC-1,1,39,113,7042,11176,37253.3333333333,23473.3333333333,24654.6666666667,188.895165273238,37064.4381680601,37442.2284986066,24465.7715013934,24843.5618319399
CCTGGTCGAATGTGGG-1,1,59,69,10078,7342,24473.3333333333,33593.3333333333,14534.6666666667,188.895165273238,24284.4381680601,24662.2284986066,14345.7715013934,14723.5618319399
CCTGTAAGACATGATA-1,1,37,41,6742,4899,16330,22473.3333333333,25654.6666666667,188.895165273238,16141.1048347268,16518.8951652732,25465.7715013934,25843.5618319399
CCTGTCCCTCACGTTA-1,1,36,114,6587,11263,37543.3333333333,21956.6666666667,26171.3333333333,188.895165273238,37354.4381680601,37732.2284986066,25982.4381680601,26360.2284986066
CCTGTCGCCCGTAAAT-1,1,36,62,6590,6730,22433.3333333333,21966.6666666667,26161.3333333333,188.895165273238,22244.4381680601,22622.2284986066,25972.4381680601,26350.2284986066
CCTGTTCAACCTCGGG-1,1,71,51,11900,5774,19246.6666666667,39666.6666666667,8461.33333333333,188.895165273238,19057.7715013934,19435.5618319399,8272.43816806009,8650.22849860657
CCTGTTTGAAGACACG-1,1,58,94,9925,9522,31740,33083.3333333333,15044.6666666667,188.895165273238,31551.1048347268,31928.8951652732,14855.7715013934,15233.5618319399
CCTTCAGTTAAAGTGA-1,1,61,47,10383,5424,18080,34610,13518,188.895165273238,17891.1048347268,18268.8951652732,13329.1048347268,13706.8951652732
CCTTCGTATAGAATCC-1,1,69,61,11596,6646,22153.3333333333,38653.3333333333,9474.66666666666,188.895165273238,21964.4381680601,22342.2284986066,9285.77150139343,9663.5618319399
CCTTGACCACTTTATT-1,1,55,109,9469,10829,36096.6666666667,31563.3333333333,16564.6666666667,188.895165273238,35907.7715013934,36285.5618319399,16375.7715013934,16753.5618319399
CCTTGTGAACGTGGTT-1,1,72,48,12051,5513,18376.6666666667,40170,7958,188.895165273238,18187.7715013934,18565.5618319399,7769.10483472676,8146.89516527324
CCTTTAAGGGAGCACT-1,1,58,50,9928,5686,18953.3333333333,33093.3333333333,15034.6666666667,188.895165273238,18764.4381680601,19142.2284986066,14845.7715013934,15223.5618319399
CGAAACGCAATTCATG-1,1,41,33,7350,4202,14006.6666666667,24500,23628,188.895165273238,13817.7715013934,14195.5618319399,23439.1048347268,23816.8951652732
CGAACAGTATGGGCGT-1,1,50,96,8711,9695,32316.6666666667,29036.6666666667,19091.3333333333,188.895165273238,32127.7715013934,32505.5618319399,18902.4381680601,19280.2284986066
CGAACCCGCATGCGTC-1,1,49,49,8562,5598,18660,28540,19588,188.895165273238,18471.1048347268,18848.8951652732,19399.1048347268,19776.8951652732
CGAAGTTGCTCTGTGT-1,1,33,35,6136,4376,14586.6666666667,20453.3333333333,27674.6666666667,188.895165273238,14397.7715013934,14775.5618319399,27485.7715013934,27863.5618319399
CGAATCTGCTCGACGC-1,1,62,22,10536,3245,10816.6666666667,35120,13008,188.895165273238,10627.7715013934,11005.5618319399,12819.1048347268,13196.8951652732
CGAATGAAGTCATTGC-1,1,62,20,10536,3071,10236.6666666667,35120,13008,188.895165273238,10047.7715013934,10425.5618319399,12819.1048347268,13196.8951652732
CGAATGACGCATAATG-1,1,63,57,10686,6296,20986.6666666667,35620,12508,188.895165273238,20797.7715013934,21175.5618319399,12319.1048347268,12696.8951652732
CGACAATTTGATCTAA-1,1,43,95,7650,9607,32023.3333333333,25500,22628,188.895165273238,31834.4381680601,32212.2284986066,22439.1048347268,22816.8951652732
CGACACGCTCCGACAG-1,1,46,94,8105,9521,31736.6666666667,27016.6666666667,21111.3333333333,188.895165273238,31547.7715013934,31925.5618319399,20922.4381680601,21300.2284986066
CGACAGTTCGCGTTAT-1,1,36,42,6591,4986,16620,21970,26158,188.895165273238,16431.1048347268,16808.8951652732,25969.1048347268,26346.8951652732
CGACTTTGTATAGCCT-1,1,33,109,6132,10827,36090,20440,27688,188.895165273238,35901.1048347268,36278.8951652732,27499.1048347268,27876.8951652732
CGAGACCCTAGAGTGT-1,1,43,61,7651,6643,22143.3333333333,25503.3333333333,22624.6666666667,188.895165273238,21954.4381680601,22332.2284986066,22435.7715013934,22813.5618319399
CGAGAGCTTTCACTAC-1,1,64,88,10836,8999,29996.6666666667,36120,12008,188.895165273238,29807.7715013934,30185.5618319399,11819.1048347268,12196.8951652732
CGAGAGGGTAGCCGCG-1,1,56,104,9621,10393,34643.3333333333,32070,16058,188.895165273238,34454.4381680601,34832.2284986066,15869.1048347268,16246.8951652732
CGAGATGTTGCCTATA-1,1,2,32,1433,4111,13703.3333333333,4776.66666666667,43351.3333333333,188.895165273238,13514.4381680601,13892.2284986066,43162.4381680601,43540.2284986066
CGAGATTTCGCTCGGG-1,1,42,116,7497,11438,38126.6666666667,24990,23138,188.895165273238,37937.7715013934,38315.5618319399,22949.1048347268,23326.8951652732
CGAGGAGCTTCCATAT-1,1,23,117,4614,11524,38413.3333333333,15380,32748,188.895165273238,38224.4381680601,38602.2284986066,32559.1048347268,32936.8951652732
CGAGGATCGGGAACGA-1,1,28,118,5373,11611,38703.3333333333,17910,30218,188.895165273238,38514.4381680601,38892.2284986066,30029.1048347268,30406.8951652732
CGAGGGACTGCGGTCG-1,1,38,78,6892,8125,27083.3333333333,22973.3333333333,25154.6666666667,188.895165273238,26894.4381680601,27272.2284986066,24965.7715013934,25343.5618319399
CGAGGGTATCCAGGTG-1,1,64,60,10837,6558,21860,36123.3333333333,12004.6666666667,188.895165273238,21671.1048347268,22048.8951652732,11815.7715013934,12193.5618319399
CGAGTACTAAAGAGGA-1,1,45,35,7956,4377,14590,26520,21608,188.895165273238,14401.1048347268,14778.8951652732,21419.1048347268,21796.8951652732
CGAGTGAAGGTACCAG-1,1,55,29,9474,3855,12850,31580,16548,188.895165273238,12661.1048347268,13038.8951652732,16359.1048347268,16736.8951652732
CGAGTTTATCGGACTG-1,1,37,93,6740,9433,31443.3333333333,22466.6666666667,25661.3333333333,188.895165273238,31254.4381680601,31632.2284986066,25472.4381680601,25850.2284986066
CGATAATACTCAGGTT-1,1,43,117,7648,11525,38416.6666666667,25493.3333333333,22634.6666666667,188.895165273238,38227.7715013934,38605.5618319399,22445.7715013934,22823.5618319399
CGATACCTCGCGGACA-1,1,40,48,7197,5510,18366.6666666667,23990,24138,188.895165273238,18177.7715013934,18555.5618319399,23949.1048347268,24326.8951652732
CGATAGTCGTACTGCA-1,1,66,88,11139,8999,29996.6666666667,37130,10998,188.895165273238,29807.7715013934,30185.5618319399,10809.1048347268,11186.8951652732
CGATCCACCATTGTTG-1,1,72,54,12051,6036,20120,40170,7958,188.895165273238,19931.1048347268,20308.8951652732,7769.10483472676,8146.89516527324
CGATCCGACCCAGTGC-1,1,38,50,6894,5684,18946.6666666667,22980,25148,188.895165273238,18757.7715013934,19135.5618319399,24959.1048347268,25336.8951652732
CGATCCTCGCAACATA-1,1,66,40,11142,4815,16050,37140,10988,188.895165273238,15861.1048347268,16238.8951652732,10799.1048347268,11176.8951652732
CGATCGAGAAGCACCA-1,1,74,64,12354,6908,23026.6666666667,41180,6948,188.895165273238,22837.7715013934,23215.5618319399,6759.10483472676,7136.89516527324
CGATGTTGTTATCTAC-1,1,58,12,9930,2373,7910,33100,15028,188.895165273238,7721.10483472676,8098.89516527324,14839.1048347268,15216.8951652732
CGATTAAATATCTCCT-1,1,56,62,9623,6732,22440,32076.6666666667,16051.3333333333,188.895165273238,22251.1048347268,22628.8951652732,15862.4381680601,16240.2284986066
CGATTCGCCTGGCTGC-1,1,57,73,9775,7691,25636.6666666667,32583.3333333333,15544.6666666667,188.895165273238,25447.7715013934,25825.5618319399,15355.7715013934,15733.5618319399
CGCACATGTCCACTAC-1,1,39,87,7043,8910,29700,23476.6666666667,24651.3333333333,188.895165273238,29511.1048347268,29888.8951652732,24462.4381680601,24840.2284986066
CGCACGTCTGTTTATG-1,1,68,32,11445,4117,13723.3333333333,38150,9978,188.895165273238,13534.4381680601,13912.2284986066,9789.10483472676,10166.8951652732
CGCACGTGCGCTATCA-1,1,39,99,7043,9956,33186.6666666667,23476.6666666667,24651.3333333333,188.895165273238,32997.7715013934,33375.5618319399,24462.4381680601,24840.2284986066
CGCAGATCTTCACCCG-1,1,25,113,4918,11175,37250,16393.3333333333,31734.6666666667,188.895165273238,37061.1048347268,37438.8951652732,31545.7715013934,31923.5618319399
CGCAGGCGATCCAAAC-1,1,52,102,9015,10219,34063.3333333333,30050,18078,188.895165273238,33874.4381680601,34252.2284986066,17889.1048347268,18266.8951652732
CGCATCCATCAGCCAG-1,1,28,116,5373,11437,38123.3333333333,17910,30218,188.895165273238,37934.4381680601,38312.2284986066,30029.1048347268,30406.8951652732
CGCATGCCGAATGCGT-1,1,67,89,11291,9087,30290,37636.6666666667,10491.3333333333,188.895165273238,30101.1048347268,30478.8951652732,10302.4381680601,10680.2284986066
CGCATGGTGCGATGCT-1,1,40,66,7196,7079,23596.6666666667,23986.6666666667,24141.3333333333,188.895165273238,23407.7715013934,23785.5618319399,23952.4381680601,24330.2284986066
CGCCCAGCACGCCTAG-1,1,59,51,10079,5773,19243.3333333333,33596.6666666667,14531.3333333333,188.895165273238,19054.4381680601,19432.2284986066,14342.4381680601,14720.2284986066
CGCCCAGCGTTTCACG-1,1,65,89,10987,9086,30286.6666666667,36623.3333333333,11504.6666666667,188.895165273238,30097.7715013934,30475.5618319399,11315.7715013934,11693.5618319399
CGCCGCCCATGCCTGT-1,1,39,83,7043,8561,28536.6666666667,23476.6666666667,24651.3333333333,188.895165273238,28347.7715013934,28725.5618319399,24462.4381680601,24840.2284986066
CGCCGCGTTCTGAACG-1,1,73,45,12203,5251,17503.3333333333,40676.6666666667,7451.33333333333,188.895165273238,17314.4381680601,17692.2284986066,7262.43816806009,7640.22849860657
CGCCGTCTACCCATCG-1,1,38,122,6890,11961,39870,22966.6666666667,25161.3333333333,188.895165273238,39681.1048347268,40058.8951652732,24972.4381680601,25350.2284986066
CGCCGTTCAGCATAGT-1,1,58,104,9925,10394,34646.6666666667,33083.3333333333,15044.6666666667,188.895165273238,34457.7715013934,34835.5618319399,14855.7715013934,15233.5618319399
CGCCTCCCTCCTCTAT-1,1,43,73,7651,7689,25630,25503.3333333333,22624.6666666667,188.895165273238,25441.1048347268,25818.8951652732,22435.7715013934,22813.5618319399
CGCCTTTAGCATGCTC-1,1,45,117,7952,11526,38420,26506.6666666667,21621.3333333333,188.895165273238,38231.1048347268,38608.8951652732,21432.4381680601,21810.2284986066
CGCGAAGTGGCATACT-1,1,64,96,10835,9697,32323.3333333333,36116.6666666667,12011.3333333333,188.895165273238,32134.4381680601,32512.2284986066,11822.4381680601,12200.2284986066
CGCGACCGCGACAGAT-1,1,59,81,10078,8388,27960,33593.3333333333,14534.6666666667,188.895165273238,27771.1048347268,28148.8951652732,14345.7715013934,14723.5618319399
CGCGCATGTTTGATTG-1,1,50,54,8714,6034,20113.3333333333,29046.6666666667,19081.3333333333,188.895165273238,19924.4381680601,20302.2284986066,18892.4381680601,19270.2284986066
CGCGGCTCAACTTGAA-1,1,43,97,7650,9782,32606.6666666667,25500,22628,188.895165273238,32417.7715013934,32795.5618319399,22439.1048347268,22816.8951652732
CGCGGGAATTCCTTTC-1,1,72,84,12049,8651,28836.6666666667,40163.3333333333,7964.66666666666,188.895165273238,28647.7715013934,29025.5618319399,7775.77150139343,8153.5618319399
CGCGGTAAGTCTAGCT-1,1,30,118,5676,11611,38703.3333333333,18920,29208,188.895165273238,38514.4381680601,38892.2284986066,29019.1048347268,29396.8951652732
CGCGGTACGGTATACA-1,1,62,118,10531,11614,38713.3333333333,35103.3333333333,13024.6666666667,188.895165273238,38524.4381680601,38902.2284986066,12835.7715013934,13213.5618319399
CGCTACGGGACATTTA-1,1,38,48,6894,5509,18363.3333333333,22980,25148,188.895165273238,18174.4381680601,18552.2284986066,24959.1048347268,25336.8951652732
CGCTAGAGACCGCTGC-1,1,39,101,7043,10130,33766.6666666667,23476.6666666667,24651.3333333333,188.895165273238,33577.7715013934,33955.5618319399,24462.4381680601,24840.2284986066
CGCTATTCTTAGGCTC-1,1,38,60,6893,6556,21853.3333333333,22976.6666666667,25151.3333333333,188.895165273238,21664.4381680601,22042.2284986066,24962.4381680601,25340.2284986066
CGCTCTCCGTAGATTA-1,1,33,37,6136,4550,15166.6666666667,20453.3333333333,27674.6666666667,188.895165273238,14977.7715013934,15355.5618319399,27485.7715013934,27863.5618319399
CGCTGGTGACTACCCT-1,1,48,98,8408,9869,32896.6666666667,28026.6666666667,20101.3333333333,188.895165273238,32707.7715013934,33085.5618319399,19912.4381680601,20290.2284986066
CGCTGTGTGGATGTTG-1,1,59,43,10080,5076,16920,33600,14528,188.895165273238,16731.1048347268,17108.8951652732,14339.1048347268,14716.8951652732
CGCTTAGTATTGATAC-1,1,66,52,11141,5861,19536.6666666667,37136.6666666667,10991.3333333333,188.895165273238,19347.7715013934,19725.5618319399,10802.4381680601,11180.2284986066
CGCTTATTCCCGGTCG-1,1,42,30,7501,3941,13136.6666666667,25003.3333333333,23124.6666666667,188.895165273238,12947.7715013934,13325.5618319399,22935.7715013934,23313.5618319399
CGCTTCGGTCTAAGAC-1,1,66,104,11138,10394,34646.6666666667,37126.6666666667,11001.3333333333,188.895165273238,34457.7715013934,34835.5618319399,10812.4381680601,11190.2284986066
CGCTTGGACGGATAGA-1,1,63,117,10682,11527,38423.3333333333,35606.6666666667,12521.3333333333,188.895165273238,38234.4381680601,38612.2284986066,12332.4381680601,12710.2284986066
CGCTTTCCGCCAAGGT-1,1,73,77,12202,8041,26803.3333333333,40673.3333333333,7454.66666666667,188.895165273238,26614.4381680601,26992.2284986066,7265.77150139343,7643.5618319399
CGCTTTCTTGCATTCG-1,1,31,85,5830,8735,29116.6666666667,19433.3333333333,28694.6666666667,188.895165273238,28927.7715013934,29305.5618319399,28505.7715013934,28883.5618319399
CGGAAAGAATCAAACG-1,1,58,48,9928,5511,18370,33093.3333333333,15034.6666666667,188.895165273238,18181.1048347268,18558.8951652732,14845.7715013934,15223.5618319399
CGGAACGTAAACATAG-1,1,47,45,8259,5249,17496.6666666667,27530,20598,188.895165273238,17307.7715013934,17685.5618319399,20409.1048347268,20786.8951652732
CGGACCTTTACGTCCC-1,1,71,71,11898,7518,25060,39660,8468,188.895165273238,24871.1048347268,25248.8951652732,8279.10483472676,8656.89516527324
CGGAGCAATTTAATCG-1,1,54,60,9320,6557,21856.6666666667,31066.6666666667,17061.3333333333,188.895165273238,21667.7715013934,22045.5618319399,16872.4381680601,17250.2284986066
CGGAGCATGGCGATCC-1,1,39,67,7044,7166,23886.6666666667,23480,24648,188.895165273238,23697.7715013934,24075.5618319399,24459.1048347268,24836.8951652732
CGGATCCTCAAGGACT-1,1,60,80,10229,8301,27670,34096.6666666667,14031.3333333333,188.895165273238,27481.1048347268,27858.8951652732,13842.4381680601,14220.2284986066
CGGCAAACATCGTGCG-1,1,52,66,9016,7080,23600,30053.3333333333,18074.6666666667,188.895165273238,23411.1048347268,23788.8951652732,17885.7715013934,18263.5618319399
CGGCAATAAGATCGCC-1,1,54,108,9318,10742,35806.6666666667,31060,17068,188.895165273238,35617.7715013934,35995.5618319399,16879.1048347268,17256.8951652732
CGGCAGGGTCGGGTTG-1,1,32,94,5981,9519,31730,19936.6666666667,28191.3333333333,188.895165273238,31541.1048347268,31918.8951652732,28002.4381680601,28380.2284986066
CGGCCACGCACAAAGT-1,1,35,59,6438,6468,21560,21460,26668,188.895165273238,21371.1048347268,21748.8951652732,26479.1048347268,26856.8951652732
CGGCCAGAGCGACCAT-1,1,67,49,11293,5599,18663.3333333333,37643.3333333333,10484.6666666667,188.895165273238,18474.4381680601,18852.2284986066,10295.7715013934,10673.5618319399
CGGCCCAACCTGTAGT-1,1,28,112,5373,11088,36960,17910,30218,188.895165273238,36771.1048347268,37148.8951652732,30029.1048347268,30406.8951652732
CGGCCCAGGTATATCC-1,1,43,105,7649,10479,34930,25496.6666666667,22631.3333333333,188.895165273238,34741.1048347268,35118.8951652732,22442.4381680601,22820.2284986066
CGGCGCCATCAATCCC-1,1,59,93,10077,9435,31450,33590,14538,188.895165273238,31261.1048347268,31638.8951652732,14349.1048347268,14726.8951652732
CGGCTCTAAAGCTGCA-1,1,46,110,8104,10915,36383.3333333333,27013.3333333333,21114.6666666667,188.895165273238,36194.4381680601,36572.2284986066,20925.7715013934,21303.5618319399
CGGGAATATAGTATAC-1,1,47,105,8256,10480,34933.3333333333,27520,20608,188.895165273238,34744.4381680601,35122.2284986066,20419.1048347268,20796.8951652732
CGGGAATTTATGTAAA-1,1,45,65,7955,6992,23306.6666666667,26516.6666666667,21611.3333333333,188.895165273238,23117.7715013934,23495.5618319399,21422.4381680601,21800.2284986066
CGGGAGCTTCAGTGTA-1,1,49,91,8560,9259,30863.3333333333,28533.3333333333,19594.6666666667,188.895165273238,30674.4381680601,31052.2284986066,19405.7715013934,19783.5618319399
CGGGCAGCTAAACCGC-1,1,32,56,5983,6206,20686.6666666667,19943.3333333333,28184.6666666667,188.895165273238,20497.7715013934,20875.5618319399,27995.7715013934,28373.5618319399
CGGGCCTTCTTTGTAA-1,1,41,55,7348,6120,20400,24493.3333333333,23634.6666666667,188.895165273238,20211.1048347268,20588.8951652732,23445.7715013934,23823.5618319399
CGGGCGATGGATCACG-1,1,69,75,11595,7866,26220,38650,9478,188.895165273238,26031.1048347268,26408.8951652732,9289.10483472676,9666.89516527324
CGGGTTTGTTAGGGCT-1,1,56,114,9621,11265,37550,32070,16058,188.895165273238,37361.1048347268,37738.8951652732,15869.1048347268,16246.8951652732
CGGTACTAGAATCAAA-1,1,43,83,7650,8561,28536.6666666667,25500,22628,188.895165273238,28347.7715013934,28725.5618319399,22439.1048347268,22816.8951652732
CGGTATGGGCACTCTG-1,1,75,77,12505,8041,26803.3333333333,41683.3333333333,6444.66666666667,188.895165273238,26614.4381680601,26992.2284986066,6255.77150139343,6633.5618319399
CGGTCAGTCCATATTT-1,1,58,126,9923,12312,41040,33076.6666666667,15051.3333333333,188.895165273238,40851.1048347268,41228.8951652732,14862.4381680601,15240.2284986066
CGGTCCGTCGCAAGCC-1,1,63,51,10686,5773,19243.3333333333,35620,12508,188.895165273238,19054.4381680601,19432.2284986066,12319.1048347268,12696.8951652732
CGGTGCAGATAGAACG-1,1,42,36,7501,4464,14880,25003.3333333333,23124.6666666667,188.895165273238,14691.1048347268,15068.8951652732,22935.7715013934,23313.5618319399
CGGTGCGCGTTGGTCC-1,1,49,39,8563,4726,15753.3333333333,28543.3333333333,19584.6666666667,188.895165273238,15564.4381680601,15942.2284986066,19395.7715013934,19773.5618319399
CGGTTATCCAACAGTG-1,1,30,98,5677,9868,32893.3333333333,18923.3333333333,29204.6666666667,188.895165273238,32704.4381680601,33082.2284986066,29015.7715013934,29393.5618319399
CGGTTCAAGTAGGTGT-1,1,24,98,4767,9867,32890,15890,32238,188.895165273238,32701.1048347268,33078.8951652732,32049.1048347268,32426.8951652732
CGGTTGACCTGGCATA-1,1,39,25,7047,3504,11680,23490,24638,188.895165273238,11491.1048347268,11868.8951652732,24449.1048347268,24826.8951652732
CGGTTGAGTATCCTTC-1,1,66,30,11142,3943,13143.3333333333,37140,10988,188.895165273238,12954.4381680601,13332.2284986066,10799.1048347268,11176.8951652732
CGGTTGGGCAGGGTCC-1,1,73,75,12202,7867,26223.3333333333,40673.3333333333,7454.66666666667,188.895165273238,26034.4381680601,26412.2284986066,7265.77150139343,7643.5618319399
CGTAAAGCAAGAAATC-1,1,70,28,11749,3769,12563.3333333333,39163.3333333333,8964.66666666666,188.895165273238,12374.4381680601,12752.2284986066,8775.77150139343,9153.5618319399
CGTAAATAACAAAGGG-1,1,75,55,12506,6123,20410,41686.6666666667,6441.33333333333,188.895165273238,20221.1048347268,20598.8951652732,6252.43816806009,6630.22849860657
CGTAACTTCGACACTT-1,1,68,50,11445,5687,18956.6666666667,38150,9978,188.895165273238,18767.7715013934,19145.5618319399,9789.10483472676,10166.8951652732
CGTAGAGAGTAATTAT-1,1,67,87,11291,8912,29706.6666666667,37636.6666666667,10491.3333333333,188.895165273238,29517.7715013934,29895.5618319399,10302.4381680601,10680.2284986066
CGTATTGTTTCCTAAT-1,1,23,125,4614,12221,40736.6666666667,15380,32748,188.895165273238,40547.7715013934,40925.5618319399,32559.1048347268,32936.8951652732
CGTCAAATGGTCGCAG-1,1,20,124,4159,12134,40446.6666666667,13863.3333333333,34264.6666666667,188.895165273238,40257.7715013934,40635.5618319399,34075.7715013934,34453.5618319399
CGTCACGTCCATTGGT-1,1,47,51,8259,5772,19240,27530,20598,188.895165273238,19051.1048347268,19428.8951652732,20409.1048347268,20786.8951652732
CGTCGCATGTGAGCCA-1,1,65,77,10988,8040,26800,36626.6666666667,11501.3333333333,188.895165273238,26611.1048347268,26988.8951652732,11312.4381680601,11690.2284986066
CGTCGCTTGGTTATAC-1,1,63,25,10687,3507,11690,35623.3333333333,12504.6666666667,188.895165273238,11501.1048347268,11878.8951652732,12315.7715013934,12693.5618319399
CGTCGGATAGTGTTGA-1,1,34,96,6284,9694,32313.3333333333,20946.6666666667,27181.3333333333,188.895165273238,32124.4381680601,32502.2284986066,26992.4381680601,27370.2284986066
CGTCGTCCTTCGCGAA-1,1,56,76,9623,7952,26506.6666666667,32076.6666666667,16051.3333333333,188.895165273238,26317.7715013934,26695.5618319399,15862.4381680601,16240.2284986066
CGTCTTGAGTGTGACG-1,1,41,125,7345,12223,40743.3333333333,24483.3333333333,23644.6666666667,188.895165273238,40554.4381680601,40932.2284986066,23455.7715013934,23833.5618319399
CGTGAAGTTAATTCAC-1,1,40,56,7197,6207,20690,23990,24138,188.895165273238,20501.1048347268,20878.8951652732,23949.1048347268,24326.8951652732
CGTGACCAGTCCTCTG-1,1,63,55,10686,6122,20406.6666666667,35620,12508,188.895165273238,20217.7715013934,20595.5618319399,12319.1048347268,12696.8951652732
CGTGCACACCACTGTA-1,1,72,90,12049,9174,30580,40163.3333333333,7964.66666666666,188.895165273238,30391.1048347268,30768.8951652732,7775.77150139343,8153.5618319399
CGTGCAGACTGGGACA-1,1,40,74,7196,7776,25920,23986.6666666667,24141.3333333333,188.895165273238,25731.1048347268,26108.8951652732,23952.4381680601,24330.2284986066
CGTGCATTGTCGACGC-1,1,39,31,7046,4027,13423.3333333333,23486.6666666667,24641.3333333333,188.895165273238,13234.4381680601,13612.2284986066,24452.4381680601,24830.2284986066
CGTGCCCTCCCGAAGA-1,1,43,77,7651,8038,26793.3333333333,25503.3333333333,22624.6666666667,188.895165273238,26604.4381680601,26982.2284986066,22435.7715013934,22813.5618319399
CGTGCTTCTACCTAAA-1,1,62,28,10536,3768,12560,35120,13008,188.895165273238,12371.1048347268,12748.8951652732,12819.1048347268,13196.8951652732
CGTGGAAGCCTCGTAC-1,1,48,120,8407,11788,39293.3333333333,28023.3333333333,20104.6666666667,188.895165273238,39104.4381680601,39482.2284986066,19915.7715013934,20293.5618319399
CGTGGCCGAATATCTA-1,1,47,101,8256,10131,33770,27520,20608,188.895165273238,33581.1048347268,33958.8951652732,20419.1048347268,20796.8951652732
CGTGGTACCCAAAGGC-1,1,66,42,11142,4989,16630,37140,10988,188.895165273238,16441.1048347268,16818.8951652732,10799.1048347268,11176.8951652732
CGTGTCTCGTTACGAC-1,1,60,34,10232,4291,14303.3333333333,34106.6666666667,14021.3333333333,188.895165273238,14114.4381680601,14492.2284986066,13832.4381680601,14210.2284986066
CGTGTGTTAAACCCTG-1,1,32,116,5980,11437,38123.3333333333,19933.3333333333,28194.6666666667,188.895165273238,37934.4381680601,38312.2284986066,28005.7715013934,28383.5618319399
CGTTAAACTAGTTAGG-1,1,49,111,8559,11003,36676.6666666667,28530,19598,188.895165273238,36487.7715013934,36865.5618319399,19409.1048347268,19786.8951652732
CGTTAATGTCCCGACG-1,1,59,87,10077,8912,29706.6666666667,33590,14538,188.895165273238,29517.7715013934,29895.5618319399,14349.1048347268,14726.8951652732
CGTTCAAGGAAACGGA-1,1,70,46,11748,5338,17793.3333333333,39160,8968,188.895165273238,17604.4381680601,17982.2284986066,8779.10483472676,9156.89516527324
CGTTCAGACCCGCGAA-1,1,65,61,10989,6645,22150,36630,11498,188.895165273238,21961.1048347268,22338.8951652732,11309.1048347268,11686.8951652732
CGTTGAATACCGCGCT-1,1,57,77,9774,8040,26800,32580,15548,188.895165273238,26611.1048347268,26988.8951652732,15359.1048347268,15736.8951652732
CGTTGAGCGACCGTCG-1,1,44,74,7802,7777,25923.3333333333,26006.6666666667,22121.3333333333,188.895165273238,25734.4381680601,26112.2284986066,21932.4381680601,22310.2284986066
CGTTGCCCGCGTGGGA-1,1,65,45,10990,5250,17500,36633.3333333333,11494.6666666667,188.895165273238,17311.1048347268,17688.8951652732,11305.7715013934,11683.5618319399
CGTTGTAAGATTGATT-1,1,26,108,5070,10739,35796.6666666667,16900,31228,188.895165273238,35607.7715013934,35985.5618319399,31039.1048347268,31416.8951652732
CGTTGTCGGCAATTGA-1,1,64,66,10837,7081,23603.3333333333,36123.3333333333,12004.6666666667,188.895165273238,23414.4381680601,23792.2284986066,11815.7715013934,12193.5618319399
CGTTGTTTCAATTCCC-1,1,34,40,6287,4812,16040,20956.6666666667,27171.3333333333,188.895165273238,15851.1048347268,16228.8951652732,26982.4381680601,27360.2284986066
CGTTTCGCTCATTACA-1,1,35,49,6439,5596,18653.3333333333,21463.3333333333,26664.6666666667,188.895165273238,18464.4381680601,18842.2284986066,26475.7715013934,26853.5618319399
CGTTTGTGTAGAGGGT-1,1,55,41,9473,4901,16336.6666666667,31576.6666666667,16551.3333333333,188.895165273238,16147.7715013934,16525.5618319399,16362.4381680601,16740.2284986066
CTAAAGAATGCCTACT-1,1,36,36,6591,4463,14876.6666666667,21970,26158,188.895165273238,14687.7715013934,15065.5618319399,25969.1048347268,26346.8951652732
CTAAAGGGAAATAGGA-1,1,44,62,7803,6731,22436.6666666667,26010,22118,188.895165273238,22247.7715013934,22625.5618319399,21929.1048347268,22306.8951652732
CTAAATCCGGTGTACA-1,1,61,35,10383,4378,14593.3333333333,34610,13518,188.895165273238,14404.4381680601,14782.2284986066,13329.1048347268,13706.8951652732
CTAACCGCGCGCCCGT-1,1,37,35,6743,4376,14586.6666666667,22476.6666666667,25651.3333333333,188.895165273238,14397.7715013934,14775.5618319399,25462.4381680601,25840.2284986066
CTAACGAAACTTGCTG-1,1,30,94,5678,9519,31730,18926.6666666667,29201.3333333333,188.895165273238,31541.1048347268,31918.8951652732,29012.4381680601,29390.2284986066
CTAACTGATAATCGCC-1,1,58,102,9925,10219,34063.3333333333,33083.3333333333,15044.6666666667,188.895165273238,33874.4381680601,34252.2284986066,14855.7715013934,15233.5618319399
CTAACTGGTCCGGTTC-1,1,50,36,8715,4464,14880,29050,19078,188.895165273238,14691.1048347268,15068.8951652732,18889.1048347268,19266.8951652732
CTAAGGGAATGATTGG-1,1,44,72,7803,7602,25340,26010,22118,188.895165273238,25151.1048347268,25528.8951652732,21929.1048347268,22306.8951652732
CTAATTCTCAGATATT-1,1,27,105,5222,10478,34926.6666666667,17406.6666666667,30721.3333333333,188.895165273238,34737.7715013934,35115.5618319399,30532.4381680601,30910.2284986066
CTACAAGAAATAACCC-1,1,58,40,9928,4814,16046.6666666667,33093.3333333333,15034.6666666667,188.895165273238,15857.7715013934,16235.5618319399,14845.7715013934,15223.5618319399
CTACACTCGCAGATGG-1,1,57,101,9773,10132,33773.3333333333,32576.6666666667,15551.3333333333,188.895165273238,33584.4381680601,33962.2284986066,15362.4381680601,15740.2284986066
CTACCCTAAGGTCATA-1,1,31,91,5829,9258,30860,19430,28698,188.895165273238,30671.1048347268,31048.8951652732,28509.1048347268,28886.8951652732
CTACGACTAGCTATAA-1,1,38,24,6895,3417,11390,22983.3333333333,25144.6666666667,188.895165273238,11201.1048347268,11578.8951652732,24955.7715013934,25333.5618319399
CTACGCACGGAGTACC-1,1,35,57,6438,6294,20980,21460,26668,188.895165273238,20791.1048347268,21168.8951652732,26479.1048347268,26856.8951652732
CTACTATCTTTCAGAG-1,1,29,93,5526,9432,31440,18420,29708,188.895165273238,31251.1048347268,31628.8951652732,29519.1048347268,29896.8951652732
CTACTCAAGGTATAGT-1,1,60,42,10231,4988,16626.6666666667,34103.3333333333,14024.6666666667,188.895165273238,16437.7715013934,16815.5618319399,13835.7715013934,14213.5618319399
CTAGATGTGAGTGTAA-1,1,33,103,6132,10304,34346.6666666667,20440,27688,188.895165273238,34157.7715013934,34535.5618319399,27499.1048347268,27876.8951652732
CTAGATTTACGACGGC-1,1,42,74,7499,7777,25923.3333333333,24996.6666666667,23131.3333333333,188.895165273238,25734.4381680601,26112.2284986066,22942.4381680601,23320.2284986066
CTAGCATAGTATAATG-1,1,34,66,6286,7078,23593.3333333333,20953.3333333333,27174.6666666667,188.895165273238,23404.4381680601,23782.2284986066,26985.7715013934,27363.5618319399
CTAGCCACAGGCGAGC-1,1,59,117,10076,11527,38423.3333333333,33586.6666666667,14541.3333333333,188.895165273238,38234.4381680601,38612.2284986066,14352.4381680601,14730.2284986066
CTAGCCGATGTTATGA-1,1,23,101,4615,10129,33763.3333333333,15383.3333333333,32744.6666666667,188.895165273238,33574.4381680601,33952.2284986066,32555.7715013934,32933.5618319399
CTAGCTTAATGGTCCC-1,1,47,125,8255,12223,40743.3333333333,27516.6666666667,20611.3333333333,188.895165273238,40554.4381680601,40932.2284986066,20422.4381680601,20800.2284986066
CTAGGCGCCCTATCAG-1,1,51,91,8863,9259,30863.3333333333,29543.3333333333,18584.6666666667,188.895165273238,30674.4381680601,31052.2284986066,18395.7715013934,18773.5618319399
CTAGGGATAGGGACAA-1,1,71,43,11900,5077,16923.3333333333,39666.6666666667,8461.33333333333,188.895165273238,16734.4381680601,17112.2284986066,8272.43816806009,8650.22849860657
CTAGGTCTGAAGGAAT-1,1,36,104,6587,10391,34636.6666666667,21956.6666666667,26171.3333333333,188.895165273238,34447.7715013934,34825.5618319399,25982.4381680601,26360.2284986066
CTAGGTTCGGACGTGA-1,1,58,70,9926,7429,24763.3333333333,33086.6666666667,15041.3333333333,188.895165273238,24574.4381680601,24952.2284986066,14852.4381680601,15230.2284986066
CTAGTAGAAAGGGATT-1,1,63,81,10684,8389,27963.3333333333,35613.3333333333,12514.6666666667,188.895165273238,27774.4381680601,28152.2284986066,12325.7715013934,12703.5618319399
CTAGTCACGTCTTAAG-1,1,37,69,6741,7340,24466.6666666667,22470,25658,188.895165273238,24277.7715013934,24655.5618319399,25469.1048347268,25846.8951652732
CTAGTGAAGGACAGGA-1,1,34,38,6287,4637,15456.6666666667,20956.6666666667,27171.3333333333,188.895165273238,15267.7715013934,15645.5618319399,26982.4381680601,27360.2284986066
CTAGTTACAACCCGGT-1,1,53,67,9168,7167,23890,30560,17568,188.895165273238,23701.1048347268,24078.8951652732,17379.1048347268,17756.8951652732
CTATAAGAGCCAATCG-1,1,26,100,5071,10042,33473.3333333333,16903.3333333333,31224.6666666667,188.895165273238,33284.4381680601,33662.2284986066,31035.7715013934,31413.5618319399
CTATAGGCGTTGATGT-1,1,62,38,10535,4640,15466.6666666667,35116.6666666667,13011.3333333333,188.895165273238,15277.7715013934,15655.5618319399,12822.4381680601,13200.2284986066
CTATATCCAGCCTGGC-1,1,69,31,11597,4030,13433.3333333333,38656.6666666667,9471.33333333333,188.895165273238,13244.4381680601,13622.2284986066,9282.43816806009,9660.22849860657
CTATCACAACGCTGGA-1,1,74,78,12353,8128,27093.3333333333,41176.6666666667,6951.33333333333,188.895165273238,26904.4381680601,27282.2284986066,6762.43816806009,7140.22849860657
CTATCGACGAAATACA-1,1,53,93,9167,9434,31446.6666666667,30556.6666666667,17571.3333333333,188.895165273238,31257.7715013934,31635.5618319399,17382.4381680601,17760.2284986066
CTATCGCGTAGAGAAC-1,1,58,118,9924,11614,38713.3333333333,33080,15048,188.895165273238,38524.4381680601,38902.2284986066,14859.1048347268,15236.8951652732
CTATCGGGTCTCAACA-1,1,35,69,6437,7340,24466.6666666667,21456.6666666667,26671.3333333333,188.895165273238,24277.7715013934,24655.5618319399,26482.4381680601,26860.2284986066
CTATGCCCGAATGCAA-1,1,63,59,10686,6471,21570,35620,12508,188.895165273238,21381.1048347268,21758.8951652732,12319.1048347268,12696.8951652732
CTATGGGAAGCGGAAT-1,1,54,104,9318,10393,34643.3333333333,31060,17068,188.895165273238,34454.4381680601,34832.2284986066,16879.1048347268,17256.8951652732
CTATTCATGTGTCCCA-1,1,52,62,9017,6731,22436.6666666667,30056.6666666667,18071.3333333333,188.895165273238,22247.7715013934,22625.5618319399,17882.4381680601,18260.2284986066
CTATTTGCTTGGAGGA-1,1,70,64,11747,6907,23023.3333333333,39156.6666666667,8971.33333333333,188.895165273238,22834.4381680601,23212.2284986066,8782.43816806009,9160.22849860657
CTATTTGGTTACGGAT-1,1,36,82,6588,8473,28243.3333333333,21960,26168,188.895165273238,28054.4381680601,28432.2284986066,25979.1048347268,26356.8951652732
CTCAAACCACTGCCCG-1,1,64,40,10838,4814,16046.6666666667,36126.6666666667,12001.3333333333,188.895165273238,15857.7715013934,16235.5618319399,11812.4381680601,12190.2284986066
CTCAACTAACCCGGAT-1,1,63,85,10684,8738,29126.6666666667,35613.3333333333,12514.6666666667,188.895165273238,28937.7715013934,29315.5618319399,12325.7715013934,12703.5618319399
CTCACACGCAAGCCTA-1,1,18,122,3856,11959,39863.3333333333,12853.3333333333,35274.6666666667,188.895165273238,39674.4381680601,40052.2284986066,35085.7715013934,35463.5618319399
CTCACATTTACTAAAT-1,1,62,68,10533,7255,24183.3333333333,35110,13018,188.895165273238,23994.4381680601,24372.2284986066,12829.1048347268,13206.8951652732
CTCACTGTGATACTTA-1,1,63,75,10685,7866,26220,35616.6666666667,12511.3333333333,188.895165273238,26031.1048347268,26408.8951652732,12322.4381680601,12700.2284986066
CTCAGAGCTAATGTCG-1,1,73,59,12203,6472,21573.3333333333,40676.6666666667,7451.33333333333,188.895165273238,21384.4381680601,21762.2284986066,7262.43816806009,7640.22849860657
CTCAGTCACGACAAAT-1,1,24,96,4767,9693,32310,15890,32238,188.895165273238,32121.1048347268,32498.8951652732,32049.1048347268,32426.8951652732
CTCATCACTTAGTGAT-1,1,28,124,5373,12134,40446.6666666667,17910,30218,188.895165273238,40257.7715013934,40635.5618319399,30029.1048347268,30406.8951652732
CTCATTAACGTTGCCC-1,1,29,127,5524,12396,41320,18413.3333333333,29714.6666666667,188.895165273238,41131.1048347268,41508.8951652732,29525.7715013934,29903.5618319399
CTCATTGCTCTAACAA-1,1,60,78,10229,8127,27090,34096.6666666667,14031.3333333333,188.895165273238,26901.1048347268,27278.8951652732,13842.4381680601,14220.2284986066
CTCCCAATGAGTCGCG-1,1,51,115,8862,11352,37840,29540,18588,188.895165273238,37651.1048347268,38028.8951652732,18399.1048347268,18776.8951652732
CTCCGCCCACATGAGG-1,1,43,39,7653,4725,15750,25510,22618,188.895165273238,15561.1048347268,15938.8951652732,22429.1048347268,22806.8951652732
CTCCTCCAGCTCACAC-1,1,62,50,10534,5686,18953.3333333333,35113.3333333333,13014.6666666667,188.895165273238,18764.4381680601,19142.2284986066,12825.7715013934,13203.5618319399
CTCCTGTTCAAGGCAG-1,1,55,117,9469,11527,38423.3333333333,31563.3333333333,16564.6666666667,188.895165273238,38234.4381680601,38612.2284986066,16375.7715013934,16753.5618319399
CTCGCATTGCATAGCC-1,1,60,12,10233,2373,7910,34110,14018,188.895165273238,7721.10483472676,8098.89516527324,13829.1048347268,14206.8951652732
CTCGCCGAATGTAGGG-1,1,60,64,10230,6906,23020,34100,14028,188.895165273238,22831.1048347268,23208.8951652732,13839.1048347268,14216.8951652732
CTCGCTAGGTAAGCGA-1,1,72,96,12049,9697,32323.3333333333,40163.3333333333,7964.66666666666,188.895165273238,32134.4381680601,32512.2284986066,7775.77150139343,8153.5618319399
CTCGGGATAACACCTA-1,1,31,121,5828,11873,39576.6666666667,19426.6666666667,28701.3333333333,188.895165273238,39387.7715013934,39765.5618319399,28512.4381680601,28890.2284986066
CTCGGGTTCTCTGGCC-1,1,61,27,10384,3681,12270,34613.3333333333,13514.6666666667,188.895165273238,12081.1048347268,12458.8951652732,13325.7715013934,13703.5618319399
CTCGGTACCACTGCTC-1,1,41,81,7347,8387,27956.6666666667,24490,23638,188.895165273238,27767.7715013934,28145.5618319399,23449.1048347268,23826.8951652732
CTCGGTTGTCGGCCCT-1,1,56,26,9625,3593,11976.6666666667,32083.3333333333,16044.6666666667,188.895165273238,11787.7715013934,12165.5618319399,15855.7715013934,16233.5618319399
CTCGTCTGTGCCTTCG-1,1,70,82,11746,8477,28256.6666666667,39153.3333333333,8974.66666666666,188.895165273238,28067.7715013934,28445.5618319399,8785.77150139343,9163.5618319399
CTCGTGGCACTGAAAG-1,1,76,58,12658,6385,21283.3333333333,42193.3333333333,5934.66666666666,188.895165273238,21094.4381680601,21472.2284986066,5745.77150139343,6123.5618319399
CTCGTTACGGCTACCA-1,1,70,40,11748,4815,16050,39160,8968,188.895165273238,15861.1048347268,16238.8951652732,8779.10483472676,9156.89516527324
CTCTAATGCATTGATC-1,1,24,110,4767,10913,36376.6666666667,15890,32238,188.895165273238,36187.7715013934,36565.5618319399,32049.1048347268,32426.8951652732
CTCTACATCCTGCGTG-1,1,72,66,12050,7082,23606.6666666667,40166.6666666667,7961.33333333333,188.895165273238,23417.7715013934,23795.5618319399,7772.43816806009,8150.22849860657
CTCTAGCCCTCGGAAA-1,1,66,90,11139,9174,30580,37130,10998,188.895165273238,30391.1048347268,30768.8951652732,10809.1048347268,11186.8951652732
CTCTATTTGGCTGCAG-1,1,48,68,8410,7254,24180,28033.3333333333,20094.6666666667,188.895165273238,23991.1048347268,24368.8951652732,19905.7715013934,20283.5618319399
CTCTGGACGCCTGGTG-1,1,32,62,5983,6729,22430,19943.3333333333,28184.6666666667,188.895165273238,22241.1048347268,22618.8951652732,27995.7715013934,28373.5618319399
CTCTTCTATTGACTGG-1,1,46,100,8104,10044,33480,27013.3333333333,21114.6666666667,188.895165273238,33291.1048347268,33668.8951652732,20925.7715013934,21303.5618319399
CTCTTCTGGAAGTTAG-1,1,62,40,10535,4814,16046.6666666667,35116.6666666667,13011.3333333333,188.895165273238,15857.7715013934,16235.5618319399,12822.4381680601,13200.2284986066
CTCTTGTCCCGCTTGG-1,1,54,58,9320,6383,21276.6666666667,31066.6666666667,17061.3333333333,188.895165273238,21087.7715013934,21465.5618319399,16872.4381680601,17250.2284986066
CTGAATCCGAGACCTC-1,1,47,53,8259,5946,19820,27530,20598,188.895165273238,19631.1048347268,20008.8951652732,20409.1048347268,20786.8951652732
CTGACATAGAAATAGA-1,1,51,119,8862,11701,39003.3333333333,29540,18588,188.895165273238,38814.4381680601,39192.2284986066,18399.1048347268,18776.8951652732
CTGACTGCGCAGCTCG-1,1,31,101,5829,10129,33763.3333333333,19430,28698,188.895165273238,33574.4381680601,33952.2284986066,28509.1048347268,28886.8951652732
CTGAGAAAGTTCGGCG-1,1,49,117,8559,11526,38420,28530,19598,188.895165273238,38231.1048347268,38608.8951652732,19409.1048347268,19786.8951652732
CTGAGCGAGACTTATT-1,1,31,125,5828,12222,40740,19426.6666666667,28701.3333333333,188.895165273238,40551.1048347268,40928.8951652732,28512.4381680601,28890.2284986066
CTGCAAGCACGTTCCG-1,1,61,111,10379,11004,36680,34596.6666666667,13531.3333333333,188.895165273238,36491.1048347268,36868.8951652732,13342.4381680601,13720.2284986066
CTGCACAACTACATAT-1,1,50,76,8713,7952,26506.6666666667,29043.3333333333,19084.6666666667,188.895165273238,26317.7715013934,26695.5618319399,18895.7715013934,19273.5618319399
CTGCACCTAGTCCACA-1,1,29,117,5525,11524,38413.3333333333,18416.6666666667,29711.3333333333,188.895165273238,38224.4381680601,38602.2284986066,29522.4381680601,29900.2284986066
CTGCACTCCAGTACAG-1,1,54,70,9320,7429,24763.3333333333,31066.6666666667,17061.3333333333,188.895165273238,24574.4381680601,24952.2284986066,16872.4381680601,17250.2284986066
CTGCAGAGAATCAGAG-1,1,61,101,10380,10132,33773.3333333333,34600,13528,188.895165273238,33584.4381680601,33962.2284986066,13339.1048347268,13716.8951652732
CTGCCATGCATCACAT-1,1,40,62,7196,6730,22433.3333333333,23986.6666666667,24141.3333333333,188.895165273238,22244.4381680601,22622.2284986066,23952.4381680601,24330.2284986066
CTGCCTCATATGCAAC-1,1,33,121,6131,11873,39576.6666666667,20436.6666666667,27691.3333333333,188.895165273238,39387.7715013934,39765.5618319399,27502.4381680601,27880.2284986066
CTGCCTTTAATACCTT-1,1,64,28,10839,3768,12560,36130,11998,188.895165273238,12371.1048347268,12748.8951652732,11809.1048347268,12186.8951652732
CTGCCTTTCTAGTAAA-1,1,63,93,10684,9435,31450,35613.3333333333,12514.6666666667,188.895165273238,31261.1048347268,31638.8951652732,12325.7715013934,12703.5618319399
CTGCGACCTCGCCGAA-1,1,71,73,11898,7692,25640,39660,8468,188.895165273238,25451.1048347268,25828.8951652732,8279.10483472676,8656.89516527324
CTGCGATTTCGAGATT-1,1,72,60,12051,6559,21863.3333333333,40170,7958,188.895165273238,21674.4381680601,22052.2284986066,7769.10483472676,8146.89516527324
CTGCTCTGACGGCAAA-1,1,75,65,12506,6995,23316.6666666667,41686.6666666667,6441.33333333333,188.895165273238,23127.7715013934,23505.5618319399,6252.43816806009,6630.22849860657
CTGCTGAGGCCACGAA-1,1,49,35,8563,4377,14590,28543.3333333333,19584.6666666667,188.895165273238,14401.1048347268,14778.8951652732,19395.7715013934,19773.5618319399
CTGCTGTCTAACGAGC-1,1,49,119,8559,11700,39000,28530,19598,188.895165273238,38811.1048347268,39188.8951652732,19409.1048347268,19786.8951652732
CTGCTTGGCGATAGCT-1,1,53,75,9168,7865,26216.6666666667,30560,17568,188.895165273238,26027.7715013934,26405.5618319399,17379.1048347268,17756.8951652732
CTGGAAGACACGGTGG-1,1,50,88,8712,8998,29993.3333333333,29040,19088,188.895165273238,29804.4381680601,30182.2284986066,18899.1048347268,19276.8951652732
CTGGATTTACACTTGA-1,1,49,55,8562,6121,20403.3333333333,28540,19588,188.895165273238,20214.4381680601,20592.2284986066,19399.1048347268,19776.8951652732
CTGGCGCACAGGTCTG-1,1,37,89,6740,9084,30280,22466.6666666667,25661.3333333333,188.895165273238,30091.1048347268,30468.8951652732,25472.4381680601,25850.2284986066
CTGGCTGATTCATCCT-1,1,44,96,7801,9695,32316.6666666667,26003.3333333333,22124.6666666667,188.895165273238,32127.7715013934,32505.5618319399,21935.7715013934,22313.5618319399
CTGGCTGGTTGTCAGT-1,1,54,56,9320,6208,20693.3333333333,31066.6666666667,17061.3333333333,188.895165273238,20504.4381680601,20882.2284986066,16872.4381680601,17250.2284986066
CTGGGATAAATAATGG-1,1,38,84,6892,8648,28826.6666666667,22973.3333333333,25154.6666666667,188.895165273238,28637.7715013934,29015.5618319399,24965.7715013934,25343.5618319399
CTGGGATACGCTACCC-1,1,37,117,6738,11525,38416.6666666667,22460,25668,188.895165273238,38227.7715013934,38605.5618319399,25479.1048347268,25856.8951652732
CTGGGCCTGCTATATC-1,1,44,30,7805,3941,13136.6666666667,26016.6666666667,22111.3333333333,188.895165273238,12947.7715013934,13325.5618319399,21922.4381680601,22300.2284986066
CTGGGTAGGCAGTTAA-1,1,43,79,7651,8213,27376.6666666667,25503.3333333333,22624.6666666667,188.895165273238,27187.7715013934,27565.5618319399,22435.7715013934,22813.5618319399
CTGGTAAAGACTTACA-1,1,71,99,11897,9959,33196.6666666667,39656.6666666667,8471.33333333333,188.895165273238,33007.7715013934,33385.5618319399,8282.43816806009,8660.22849860657
CTGGTAAAGTGTGGGC-1,1,60,114,10227,11266,37553.3333333333,34090,14038,188.895165273238,37364.4381680601,37742.2284986066,13849.1048347268,14226.8951652732
CTGGTAACACATAGAA-1,1,42,88,7498,8997,29990,24993.3333333333,23134.6666666667,188.895165273238,29801.1048347268,30178.8951652732,22945.7715013934,23323.5618319399
CTGGTAACGAGCTCTT-1,1,29,97,5526,9781,32603.3333333333,18420,29708,188.895165273238,32414.4381680601,32792.2284986066,29519.1048347268,29896.8951652732
CTGGTGAATGGGCCTA-1,1,65,19,10991,2984,9946.66666666667,36636.6666666667,11491.3333333333,188.895165273238,9757.77150139343,10135.5618319399,11302.4381680601,11680.2284986066
CTGGTTCGCGAGCTAC-1,1,42,124,7496,12136,40453.3333333333,24986.6666666667,23141.3333333333,188.895165273238,40264.4381680601,40642.2284986066,22952.4381680601,23330.2284986066
CTGGTTTCGAGCAAGA-1,1,46,88,8105,8997,29990,27016.6666666667,21111.3333333333,188.895165273238,29801.1048347268,30178.8951652732,20922.4381680601,21300.2284986066
CTGTACTTCTTAGCAT-1,1,39,51,7045,5771,19236.6666666667,23483.3333333333,24644.6666666667,188.895165273238,19047.7715013934,19425.5618319399,24455.7715013934,24833.5618319399
CTGTAGCCATCTCACT-1,1,56,46,9624,5337,17790,32080,16048,188.895165273238,17601.1048347268,17978.8951652732,15859.1048347268,16236.8951652732
CTGTAGTGAGGATCGA-1,1,69,43,11597,5076,16920,38656.6666666667,9471.33333333333,188.895165273238,16731.1048347268,17108.8951652732,9282.43816806009,9660.22849860657
CTGTCAAATGGCTCGG-1,1,23,83,4616,8559,28530,15386.6666666667,32741.3333333333,188.895165273238,28341.1048347268,28718.8951652732,32552.4381680601,32930.2284986066
CTGTGCAGGGTAGGTC-1,1,42,70,7499,7428,24760,24996.6666666667,23131.3333333333,188.895165273238,24571.1048347268,24948.8951652732,22942.4381680601,23320.2284986066
CTGTGGTCGGGAGATA-1,1,55,89,9470,9086,30286.6666666667,31566.6666666667,16561.3333333333,188.895165273238,30097.7715013934,30475.5618319399,16372.4381680601,16750.2284986066
CTGTTACCCAATCTAG-1,1,48,58,8410,6382,21273.3333333333,28033.3333333333,20094.6666666667,188.895165273238,21084.4381680601,21462.2284986066,19905.7715013934,20283.5618319399
CTGTTGTTCAGTCGTA-1,1,67,21,11294,3158,10526.6666666667,37646.6666666667,10481.3333333333,188.895165273238,10337.7715013934,10715.5618319399,10292.4381680601,10670.2284986066
CTTAATCGACTTAGTA-1,1,76,64,12657,6908,23026.6666666667,42190,5938,188.895165273238,22837.7715013934,23215.5618319399,5749.10483472676,6126.89516527324
CTTACACGGTATTCCA-1,1,31,45,5832,5247,17490,19440,28688,188.895165273238,17301.1048347268,17678.8951652732,28499.1048347268,28876.8951652732
CTTACATAGATTTCTT-1,1,74,82,12353,8477,28256.6666666667,41176.6666666667,6951.33333333333,188.895165273238,28067.7715013934,28445.5618319399,6762.43816806009,7140.22849860657
CTTAGATGTTTCATCC-1,1,74,72,12353,7605,25350,41176.6666666667,6951.33333333333,188.895165273238,25161.1048347268,25538.8951652732,6762.43816806009,7140.22849860657
CTTAGGTATAGACCAG-1,1,63,15,10688,2635,8783.33333333334,35626.6666666667,12501.3333333333,188.895165273238,8594.4381680601,8972.22849860657,12312.4381680601,12690.2284986066
CTTAGGTCCCAATCGT-1,1,23,127,4614,12395,41316.6666666667,15380,32748,188.895165273238,41127.7715013934,41505.5618319399,32559.1048347268,32936.8951652732
CTTAGTAGGCCTACAG-1,1,32,102,5981,10217,34056.6666666667,19936.6666666667,28191.3333333333,188.895165273238,33867.7715013934,34245.5618319399,28002.4381680601,28380.2284986066
CTTAGTGTAGTAGCAT-1,1,61,83,10381,8563,28543.3333333333,34603.3333333333,13524.6666666667,188.895165273238,28354.4381680601,28732.2284986066,13335.7715013934,13713.5618319399
CTTAGTTGAGGAATCG-1,1,67,33,11294,4204,14013.3333333333,37646.6666666667,10481.3333333333,188.895165273238,13824.4381680601,14202.2284986066,10292.4381680601,10670.2284986066
CTTATAGATGGCTGTT-1,1,61,119,10379,11702,39006.6666666667,34596.6666666667,13531.3333333333,188.895165273238,38817.7715013934,39195.5618319399,13342.4381680601,13720.2284986066
CTTCAACTCCACTTGG-1,1,59,77,10078,8040,26800,33593.3333333333,14534.6666666667,188.895165273238,26611.1048347268,26988.8951652732,14345.7715013934,14723.5618319399
CTTCATTGTCAGTGGA-1,1,36,60,6590,6555,21850,21966.6666666667,26161.3333333333,188.895165273238,21661.1048347268,22038.8951652732,25972.4381680601,26350.2284986066
CTTCCGCTCCGTGAAG-1,1,56,50,9624,5685,18950,32080,16048,188.895165273238,18761.1048347268,19138.8951652732,15859.1048347268,16236.8951652732
CTTCGATTGCGCAAGC-1,1,68,88,11442,9000,30000,38140,9988,188.895165273238,29811.1048347268,30188.8951652732,9799.10483472676,10176.8951652732
CTTCGGCCAATTGTTT-1,1,50,110,8711,10916,36386.6666666667,29036.6666666667,19091.3333333333,188.895165273238,36197.7715013934,36575.5618319399,18902.4381680601,19280.2284986066
CTTCGTAGATAGGTGA-1,1,39,45,7046,5248,17493.3333333333,23486.6666666667,24641.3333333333,188.895165273238,17304.4381680601,17682.2284986066,24452.4381680601,24830.2284986066
CTTCTATTAATGCTAG-1,1,51,47,8866,5423,18076.6666666667,29553.3333333333,18574.6666666667,188.895165273238,17887.7715013934,18265.5618319399,18385.7715013934,18763.5618319399
CTTCTGGGCGTACCTA-1,1,66,34,11142,4292,14306.6666666667,37140,10988,188.895165273238,14117.7715013934,14495.5618319399,10799.1048347268,11176.8951652732
CTTGAGTTAGGGTAAT-1,1,39,93,7043,9433,31443.3333333333,23476.6666666667,24651.3333333333,188.895165273238,31254.4381680601,31632.2284986066,24462.4381680601,24840.2284986066
CTTGATGACCATCCAG-1,1,70,98,11745,9872,32906.6666666667,39150,8978,188.895165273238,32717.7715013934,33095.5618319399,8789.10483472676,9166.89516527324
CTTGCCCACCCACGCA-1,1,70,100,11745,10046,33486.6666666667,39150,8978,188.895165273238,33297.7715013934,33675.5618319399,8789.10483472676,9166.89516527324
CTTGCCCAGGCTCTAC-1,1,45,55,7955,6120,20400,26516.6666666667,21611.3333333333,188.895165273238,20211.1048347268,20588.8951652732,21422.4381680601,21800.2284986066
CTTGGCCAAGCTGGGA-1,1,61,57,10382,6296,20986.6666666667,34606.6666666667,13521.3333333333,188.895165273238,20797.7715013934,21175.5618319399,13332.4381680601,13710.2284986066
CTTGTCAACATTCGAG-1,1,50,66,8713,7080,23600,29043.3333333333,19084.6666666667,188.895165273238,23411.1048347268,23788.8951652732,18895.7715013934,19273.5618319399
CTTGTTGCTGAGTCAA-1,1,38,80,6892,8299,27663.3333333333,22973.3333333333,25154.6666666667,188.895165273238,27474.4381680601,27852.2284986066,24965.7715013934,25343.5618319399
CTTTAATATTGGTCGA-1,1,51,73,8864,7690,25633.3333333333,29546.6666666667,18581.3333333333,188.895165273238,25444.4381680601,25822.2284986066,18392.4381680601,18770.2284986066
CTTTACCGAATAGTAG-1,1,50,84,8712,8649,28830,29040,19088,188.895165273238,28641.1048347268,29018.8951652732,18899.1048347268,19276.8951652732
CTTTAGGAACACTGTT-1,1,41,87,7347,8910,29700,24490,23638,188.895165273238,29511.1048347268,29888.8951652732,23449.1048347268,23826.8951652732
CTTTAGTGCTATTATT-1,1,44,64,7803,6905,23016.6666666667,26010,22118,188.895165273238,22827.7715013934,23205.5618319399,21929.1048347268,22306.8951652732
CTTTCTGTGCGGGCTT-1,1,54,66,9320,7080,23600,31066.6666666667,17061.3333333333,188.895165273238,23411.1048347268,23788.8951652732,16872.4381680601,17250.2284986066
CTTTGCATCGCTCTTG-1,1,60,94,10229,9522,31740,34096.6666666667,14031.3333333333,188.895165273238,31551.1048347268,31928.8951652732,13842.4381680601,14220.2284986066
CTTTGCTGTCATGGAT-1,1,48,122,8407,11962,39873.3333333333,28023.3333333333,20104.6666666667,188.895165273238,39684.4381680601,40062.2284986066,19915.7715013934,20293.5618319399
CTTTGGCTTTAGTAAA-1,1,32,40,5984,4811,16036.6666666667,19946.6666666667,28181.3333333333,188.895165273238,15847.7715013934,16225.5618319399,27992.4381680601,28370.2284986066
CTTTGGGATTGTTGCA-1,1,62,44,10535,5163,17210,35116.6666666667,13011.3333333333,188.895165273238,17021.1048347268,17398.8951652732,12822.4381680601,13200.2284986066
GAAACAGATGACCACC-1,1,40,92,7195,9346,31153.3333333333,23983.3333333333,24144.6666666667,188.895165273238,30964.4381680601,31342.2284986066,23955.7715013934,24333.5618319399
GAAACCATGGTGCGCT-1,1,27,109,5222,10827,36090,17406.6666666667,30721.3333333333,188.895165273238,35901.1048347268,36278.8951652732,30532.4381680601,30910.2284986066
GAAACCGAATTACCTT-1,1,45,51,7955,5772,19240,26516.6666666667,21611.3333333333,188.895165273238,19051.1048347268,19428.8951652732,21422.4381680601,21800.2284986066
GAAACCTATACAAATG-1,1,60,52,10231,5860,19533.3333333333,34103.3333333333,14024.6666666667,188.895165273238,19344.4381680601,19722.2284986066,13835.7715013934,14213.5618319399
GAAAGAACAGCGTTAT-1,1,37,103,6739,10304,34346.6666666667,22463.3333333333,25664.6666666667,188.895165273238,34157.7715013934,34535.5618319399,25475.7715013934,25853.5618319399
GAAAGCAGTGCACTTT-1,1,56,54,9624,6034,20113.3333333333,32080,16048,188.895165273238,19924.4381680601,20302.2284986066,15859.1048347268,16236.8951652732
GAAATTGTCTCTATAA-1,1,43,53,7652,5946,19820,25506.6666666667,22621.3333333333,188.895165273238,19631.1048347268,20008.8951652732,22432.4381680601,22810.2284986066
GAACAACTGGGATGAA-1,1,67,85,11291,8738,29126.6666666667,37636.6666666667,10491.3333333333,188.895165273238,28937.7715013934,29315.5618319399,10302.4381680601,10680.2284986066
GAACAGATTACTAAAT-1,1,57,71,9775,7516,25053.3333333333,32583.3333333333,15544.6666666667,188.895165273238,24864.4381680601,25242.2284986066,15355.7715013934,15733.5618319399
GAACCCTCTGTGTTCT-1,1,59,67,10078,7168,23893.3333333333,33593.3333333333,14534.6666666667,188.895165273238,23704.4381680601,24082.2284986066,14345.7715013934,14723.5618319399
GAACCTTTAACGATCC-1,1,63,79,10684,8214,27380,35613.3333333333,12514.6666666667,188.895165273238,27191.1048347268,27568.8951652732,12325.7715013934,12703.5618319399
GAACGATAAGTTAAAG-1,1,27,123,5221,12047,40156.6666666667,17403.3333333333,30724.6666666667,188.895165273238,39967.7715013934,40345.5618319399,30535.7715013934,30913.5618319399
GAACGCGGGTCACACG-1,1,48,114,8407,11264,37546.6666666667,28023.3333333333,20104.6666666667,188.895165273238,37357.7715013934,37735.5618319399,19915.7715013934,20293.5618319399
GAACGTCTCATGGTCG-1,1,31,87,5830,8909,29696.6666666667,19433.3333333333,28694.6666666667,188.895165273238,29507.7715013934,29885.5618319399,28505.7715013934,28883.5618319399
GAACTGTGGAGAGACA-1,1,68,66,11444,7082,23606.6666666667,38146.6666666667,9981.33333333333,188.895165273238,23417.7715013934,23795.5618319399,9792.43816806009,10170.2284986066
GAACTTGTGCACGGGA-1,1,18,124,3856,12133,40443.3333333333,12853.3333333333,35274.6666666667,188.895165273238,40254.4381680601,40632.2284986066,35085.7715013934,35463.5618319399
GAAGAAACGATATTGT-1,1,59,29,10080,3855,12850,33600,14528,188.895165273238,12661.1048347268,13038.8951652732,14339.1048347268,14716.8951652732
GAAGCCACTGATTATG-1,1,65,69,10988,7343,24476.6666666667,36626.6666666667,11501.3333333333,188.895165273238,24287.7715013934,24665.5618319399,11312.4381680601,11690.2284986066
GAAGCCTGCACATTCC-1,1,61,61,10382,6645,22150,34606.6666666667,13521.3333333333,188.895165273238,21961.1048347268,22338.8951652732,13332.4381680601,13710.2284986066
GAAGCGTGAGGAATTT-1,1,34,60,6286,6555,21850,20953.3333333333,27174.6666666667,188.895165273238,21661.1048347268,22038.8951652732,26985.7715013934,27363.5618319399
GAAGGAGTCGAGTGCG-1,1,66,60,11141,6558,21860,37136.6666666667,10991.3333333333,188.895165273238,21671.1048347268,22048.8951652732,10802.4381680601,11180.2284986066
GAAGGCTACCATTGTT-1,1,25,119,4918,11698,38993.3333333333,16393.3333333333,31734.6666666667,188.895165273238,38804.4381680601,39182.2284986066,31545.7715013934,31923.5618319399
GAAGGGTCATTAAGAC-1,1,73,81,12201,8390,27966.6666666667,40670,7458,188.895165273238,27777.7715013934,28155.5618319399,7269.10483472676,7646.89516527324
GAAGTCAGTTGCACTA-1,1,52,58,9017,6383,21276.6666666667,30056.6666666667,18071.3333333333,188.895165273238,21087.7715013934,21465.5618319399,17882.4381680601,18260.2284986066
GAAGTCTCCCTAGCGA-1,1,37,91,6740,9258,30860,22466.6666666667,25661.3333333333,188.895165273238,30671.1048347268,31048.8951652732,25472.4381680601,25850.2284986066
GAAGTGATTTATCGTG-1,1,39,47,7045,5422,18073.3333333333,23483.3333333333,24644.6666666667,188.895165273238,17884.4381680601,18262.2284986066,24455.7715013934,24833.5618319399
GAAGTTTCCACTCAAT-1,1,36,46,6590,5335,17783.3333333333,21966.6666666667,26161.3333333333,188.895165273238,17594.4381680601,17972.2284986066,25972.4381680601,26350.2284986066
GAATAGACGCGACCCA-1,1,42,92,7498,9346,31153.3333333333,24993.3333333333,23134.6666666667,188.895165273238,30964.4381680601,31342.2284986066,22945.7715013934,23323.5618319399
GAATAGCATTTAGGGT-1,1,46,118,8103,11613,38710,27010,21118,188.895165273238,38521.1048347268,38898.8951652732,20929.1048347268,21306.8951652732
GAATAGTGCTCGATTA-1,1,60,36,10232,4465,14883.3333333333,34106.6666666667,14021.3333333333,188.895165273238,14694.4381680601,15072.2284986066,13832.4381680601,14210.2284986066
GAATCTGAACATTCTC-1,1,42,64,7500,6905,23016.6666666667,25000,23128,188.895165273238,22827.7715013934,23205.5618319399,22939.1048347268,23316.8951652732
GAATGCGAATCGGTTC-1,1,63,69,10685,7343,24476.6666666667,35616.6666666667,12511.3333333333,188.895165273238,24287.7715013934,24665.5618319399,12322.4381680601,12700.2284986066
GAATGTGGTCCGGATT-1,1,43,81,7650,8387,27956.6666666667,25500,22628,188.895165273238,27767.7715013934,28145.5618319399,22439.1048347268,22816.8951652732
GAATTATAGTGAAAGG-1,1,34,68,6286,7253,24176.6666666667,20953.3333333333,27174.6666666667,188.895165273238,23987.7715013934,24365.5618319399,26985.7715013934,27363.5618319399
GAATTCACCCGGGTGT-1,1,47,55,8259,6121,20403.3333333333,27530,20598,188.895165273238,20214.4381680601,20592.2284986066,20409.1048347268,20786.8951652732
GACAAACATATGCAGG-1,1,44,100,7801,10043,33476.6666666667,26003.3333333333,22124.6666666667,188.895165273238,33287.7715013934,33665.5618319399,21935.7715013934,22313.5618319399
GACAAGAGATGAGATT-1,1,56,116,9621,11440,38133.3333333333,32070,16058,188.895165273238,37944.4381680601,38322.2284986066,15869.1048347268,16246.8951652732
GACACTGAGTTCAGTG-1,1,44,46,7804,5336,17786.6666666667,26013.3333333333,22114.6666666667,188.895165273238,17597.7715013934,17975.5618319399,21925.7715013934,22303.5618319399
GACACTGGAACCCGAT-1,1,52,110,9014,10916,36386.6666666667,30046.6666666667,18081.3333333333,188.895165273238,36197.7715013934,36575.5618319399,17892.4381680601,18270.2284986066
GACACTTCCAATTACC-1,1,70,96,11745,9697,32323.3333333333,39150,8978,188.895165273238,32134.4381680601,32512.2284986066,8789.10483472676,9166.89516527324
GACAGCCAGACCTGAC-1,1,42,86,7498,8823,29410,24993.3333333333,23134.6666666667,188.895165273238,29221.1048347268,29598.8951652732,22945.7715013934,23323.5618319399
GACATCCGTCGAACTG-1,1,65,71,10988,7517,25056.6666666667,36626.6666666667,11501.3333333333,188.895165273238,24867.7715013934,25245.5618319399,11312.4381680601,11690.2284986066
GACATCGATTTATAAC-1,1,52,50,9017,5685,18950,30056.6666666667,18071.3333333333,188.895165273238,18761.1048347268,19138.8951652732,17882.4381680601,18260.2284986066
GACCAAACGTTGACTG-1,1,58,108,9924,10742,35806.6666666667,33080,15048,188.895165273238,35617.7715013934,35995.5618319399,14859.1048347268,15236.8951652732
GACCACACTTCCCTTT-1,1,70,80,11746,8302,27673.3333333333,39153.3333333333,8974.66666666666,188.895165273238,27484.4381680601,27862.2284986066,8785.77150139343,9163.5618319399
GACCAGAGCCCTGTAG-1,1,31,47,5832,5422,18073.3333333333,19440,28688,188.895165273238,17884.4381680601,18262.2284986066,28499.1048347268,28876.8951652732
GACCGACGTGAAAGCA-1,1,38,112,6890,11089,36963.3333333333,22966.6666666667,25161.3333333333,188.895165273238,36774.4381680601,37152.2284986066,24972.4381680601,25350.2284986066
GACCGCGTCTGACGTG-1,1,50,112,8711,11090,36966.6666666667,29036.6666666667,19091.3333333333,188.895165273238,36777.7715013934,37155.5618319399,18902.4381680601,19280.2284986066
GACCGTGCTGACGGTG-1,1,40,52,7197,5858,19526.6666666667,23990,24138,188.895165273238,19337.7715013934,19715.5618319399,23949.1048347268,24326.8951652732
GACCTTCCACGTCTAC-1,1,66,74,11140,7779,25930,37133.3333333333,10994.6666666667,188.895165273238,25741.1048347268,26118.8951652732,10805.7715013934,11183.5618319399
GACGACGATCCGCGTT-1,1,52,70,9016,7429,24763.3333333333,30053.3333333333,18074.6666666667,188.895165273238,24574.4381680601,24952.2284986066,17885.7715013934,18263.5618319399
GACGAGGCTAATAAAC-1,1,56,100,9621,10045,33483.3333333333,32070,16058,188.895165273238,33294.4381680601,33672.2284986066,15869.1048347268,16246.8951652732
GACGCCGTAAAGGCTA-1,1,54,54,9321,6034,20113.3333333333,31070,17058,188.895165273238,19924.4381680601,20302.2284986066,16869.1048347268,17246.8951652732
GACGCTTGCTTCTAAA-1,1,38,36,6894,4463,14876.6666666667,22980,25148,188.895165273238,14687.7715013934,15065.5618319399,24959.1048347268,25336.8951652732
GACGGGTTGGCCCGTA-1,1,61,51,10383,5773,19243.3333333333,34610,13518,188.895165273238,19054.4381680601,19432.2284986066,13329.1048347268,13706.8951652732
GACGGTCAATAGAAGC-1,1,30,100,5677,10042,33473.3333333333,18923.3333333333,29204.6666666667,188.895165273238,33284.4381680601,33662.2284986066,29015.7715013934,29393.5618319399
GACGGTCCTAGGGTGT-1,1,43,125,7648,12223,40743.3333333333,25493.3333333333,22634.6666666667,188.895165273238,40554.4381680601,40932.2284986066,22445.7715013934,22823.5618319399
GACGTTCGTAAATACA-1,1,24,116,4766,11437,38123.3333333333,15886.6666666667,32241.3333333333,188.895165273238,37934.4381680601,38312.2284986066,32052.4381680601,32430.2284986066
GACTAGGCCGTTAGGT-1,1,66,78,11140,8128,27093.3333333333,37133.3333333333,10994.6666666667,188.895165273238,26904.4381680601,27282.2284986066,10805.7715013934,11183.5618319399
GACTCACCCACGTGAG-1,1,38,106,6891,10566,35220,22970,25158,188.895165273238,35031.1048347268,35408.8951652732,24969.1048347268,25346.8951652732
GACTCCCAGAATAAGG-1,1,27,111,5222,11001,36670,17406.6666666667,30721.3333333333,188.895165273238,36481.1048347268,36858.8951652732,30532.4381680601,30910.2284986066
GACTCTAGAGTTCCAA-1,1,74,56,12354,6210,20700,41180,6948,188.895165273238,20511.1048347268,20888.8951652732,6759.10483472676,7136.89516527324
GACTGCAAATCGAGCT-1,1,59,75,10078,7865,26216.6666666667,33593.3333333333,14534.6666666667,188.895165273238,26027.7715013934,26405.5618319399,14345.7715013934,14723.5618319399
GACTGCACCAGCCCAG-1,1,46,80,8106,8300,27666.6666666667,27020,21108,188.895165273238,27477.7715013934,27855.5618319399,20919.1048347268,21296.8951652732
GACTGCTGGTGAGAAA-1,1,67,39,11293,4728,15760,37643.3333333333,10484.6666666667,188.895165273238,15571.1048347268,15948.8951652732,10295.7715013934,10673.5618319399
GAGAACGGTTCTGACT-1,1,67,103,11290,10307,34356.6666666667,37633.3333333333,10494.6666666667,188.895165273238,34167.7715013934,34545.5618319399,10305.7715013934,10683.5618319399
GAGACTTCGCGACCGA-1,1,53,57,9169,6295,20983.3333333333,30563.3333333333,17564.6666666667,188.895165273238,20794.4381680601,21172.2284986066,17375.7715013934,17753.5618319399
GAGAGGGCGCGAGGTT-1,1,38,40,6894,4812,16040,22980,25148,188.895165273238,15851.1048347268,16228.8951652732,24959.1048347268,25336.8951652732
GAGAGTCTCGGGAGAG-1,1,72,40,12052,4815,16050,40173.3333333333,7954.66666666667,188.895165273238,15861.1048347268,16238.8951652732,7765.77150139343,8143.5618319399
GAGATCTGCTTGGCAT-1,1,34,44,6287,5160,17200,20956.6666666667,27171.3333333333,188.895165273238,17011.1048347268,17388.8951652732,26982.4381680601,27360.2284986066
GAGATCTTCCATGACA-1,1,45,77,7954,8038,26793.3333333333,26513.3333333333,21614.6666666667,188.895165273238,26604.4381680601,26982.2284986066,21425.7715013934,21803.5618319399
GAGATGACAATCCTTA-1,1,27,121,5221,11873,39576.6666666667,17403.3333333333,30724.6666666667,188.895165273238,39387.7715013934,39765.5618319399,30535.7715013934,30913.5618319399
GAGATGGCTTTAATCA-1,1,70,76,11746,7954,26513.3333333333,39153.3333333333,8974.66666666666,188.895165273238,26324.4381680601,26702.2284986066,8785.77150139343,9163.5618319399
GAGATGGGAGTCGACA-1,1,52,72,9016,7603,25343.3333333333,30053.3333333333,18074.6666666667,188.895165273238,25154.4381680601,25532.2284986066,17885.7715013934,18263.5618319399
GAGCACCTGTGTCCAG-1,1,58,80,9926,8301,27670,33086.6666666667,15041.3333333333,188.895165273238,27481.1048347268,27858.8951652732,14852.4381680601,15230.2284986066
GAGCACGGCGCCTCTT-1,1,42,122,7496,11961,39870,24986.6666666667,23141.3333333333,188.895165273238,39681.1048347268,40058.8951652732,22952.4381680601,23330.2284986066
GAGCATCAACAACTTG-1,1,64,30,10839,3943,13143.3333333333,36130,11998,188.895165273238,12954.4381680601,13332.2284986066,11809.1048347268,12186.8951652732
GAGCCAGCTACCTGTG-1,1,53,89,9167,9085,30283.3333333333,30556.6666666667,17571.3333333333,188.895165273238,30094.4381680601,30472.2284986066,17382.4381680601,17760.2284986066
GAGCGCAAATACTCCG-1,1,51,107,8863,10654,35513.3333333333,29543.3333333333,18584.6666666667,188.895165273238,35324.4381680601,35702.2284986066,18395.7715013934,18773.5618319399
GAGCGCGCACGAGTAG-1,1,49,93,8560,9434,31446.6666666667,28533.3333333333,19594.6666666667,188.895165273238,31257.7715013934,31635.5618319399,19405.7715013934,19783.5618319399
GAGCGGAATGCGGTGT-1,1,68,48,11445,5512,18373.3333333333,38150,9978,188.895165273238,18184.4381680601,18562.2284986066,9789.10483472676,10166.8951652732
GAGCTCAACATGAGCG-1,1,73,69,12202,7344,24480,40673.3333333333,7454.66666666667,188.895165273238,24291.1048347268,24668.8951652732,7265.77150139343,7643.5618319399
GAGGAATATCTCTTTG-1,1,71,45,11900,5251,17503.3333333333,39666.6666666667,8461.33333333333,188.895165273238,17314.4381680601,17692.2284986066,8272.43816806009,8650.22849860657
GAGGATAAACAGTGCT-1,1,40,114,7194,11264,37546.6666666667,23980,24148,188.895165273238,37357.7715013934,37735.5618319399,23959.1048347268,24336.8951652732
GAGGCCTGTTGATACA-1,1,63,107,10683,10656,35520,35610,12518,188.895165273238,35331.1048347268,35708.8951652732,12329.1048347268,12706.8951652732
GAGGGAGTCAGATCGC-1,1,65,41,10990,4902,16340,36633.3333333333,11494.6666666667,188.895165273238,16151.1048347268,16528.8951652732,11305.7715013934,11683.5618319399
GAGGGCCATAATATTA-1,1,20,122,4159,11959,39863.3333333333,13863.3333333333,34264.6666666667,188.895165273238,39674.4381680601,40052.2284986066,34075.7715013934,34453.5618319399
GAGGGTAGTAACAAAG-1,1,63,31,10687,4030,13433.3333333333,35623.3333333333,12504.6666666667,188.895165273238,13244.4381680601,13622.2284986066,12315.7715013934,12693.5618319399
GAGGTACGCGTGTCCC-1,1,67,67,11292,7169,23896.6666666667,37640,10488,188.895165273238,23707.7715013934,24085.5618319399,10299.1048347268,10676.8951652732
GAGTAAACCGGAAAGT-1,1,51,117,8862,11526,38420,29540,18588,188.895165273238,38231.1048347268,38608.8951652732,18399.1048347268,18776.8951652732
GAGTAGATACTAGTTG-1,1,62,64,10534,6907,23023.3333333333,35113.3333333333,13014.6666666667,188.895165273238,22834.4381680601,23212.2284986066,12825.7715013934,13203.5618319399
GAGTATACCCTAATCA-1,1,70,30,11749,3943,13143.3333333333,39163.3333333333,8964.66666666666,188.895165273238,12954.4381680601,13332.2284986066,8775.77150139343,9153.5618319399
GAGTATCAAAGTTACA-1,1,57,121,9772,11876,39586.6666666667,32573.3333333333,15554.6666666667,188.895165273238,39397.7715013934,39775.5618319399,15365.7715013934,15743.5618319399
GAGTATGCCCGCCTTG-1,1,49,43,8563,5075,16916.6666666667,28543.3333333333,19584.6666666667,188.895165273238,16727.7715013934,17105.5618319399,19395.7715013934,19773.5618319399
GAGTATGCGCGTGCAT-1,1,63,71,10685,7517,25056.6666666667,35616.6666666667,12511.3333333333,188.895165273238,24867.7715013934,25245.5618319399,12322.4381680601,12700.2284986066
GAGTCAGACCAGAATC-1,1,56,48,9624,5511,18370,32080,16048,188.895165273238,18181.1048347268,18558.8951652732,15859.1048347268,16236.8951652732
GAGTCCGCTTACCGGA-1,1,46,58,8107,6382,21273.3333333333,27023.3333333333,21104.6666666667,188.895165273238,21084.4381680601,21462.2284986066,20915.7715013934,21293.5618319399
GAGTGCACGGACAACA-1,1,21,127,4311,12395,41316.6666666667,14370,33758,188.895165273238,41127.7715013934,41505.5618319399,33569.1048347268,33946.8951652732
GAGTGTCAACCAGAAA-1,1,63,83,10684,8563,28543.3333333333,35613.3333333333,12514.6666666667,188.895165273238,28354.4381680601,28732.2284986066,12325.7715013934,12703.5618319399
GAGTGTGCGGTACCCA-1,1,44,88,7802,8997,29990,26006.6666666667,22121.3333333333,188.895165273238,29801.1048347268,30178.8951652732,21932.4381680601,22310.2284986066
GATAACTCGCACTGTG-1,1,39,89,7043,9084,30280,23476.6666666667,24651.3333333333,188.895165273238,30091.1048347268,30468.8951652732,24462.4381680601,24840.2284986066
GATACCGTGTCGGAGT-1,1,41,127,7345,12397,41323.3333333333,24483.3333333333,23644.6666666667,188.895165273238,41134.4381680601,41512.2284986066,23455.7715013934,23833.5618319399
GATACGATGGGAGTCA-1,1,45,45,7956,5249,17496.6666666667,26520,21608,188.895165273238,17307.7715013934,17685.5618319399,21419.1048347268,21796.8951652732
GATAGAACCCGCTAGG-1,1,70,56,11748,6210,20700,39160,8968,188.895165273238,20511.1048347268,20888.8951652732,8779.10483472676,9156.89516527324
GATAGGATTAATTACA-1,1,40,126,7193,12310,41033.3333333333,23976.6666666667,24151.3333333333,188.895165273238,40844.4381680601,41222.2284986066,23962.4381680601,24340.2284986066
GATAGGTAACGTTGAC-1,1,48,60,8410,6557,21856.6666666667,28033.3333333333,20094.6666666667,188.895165273238,21667.7715013934,22045.5618319399,19905.7715013934,20283.5618319399
GATAGGTGTCCCGGGC-1,1,39,123,7041,12048,40160,23470,24658,188.895165273238,39971.1048347268,40348.8951652732,24469.1048347268,24846.8951652732
GATAGTGCGAGTAAGT-1,1,68,44,11445,5164,17213.3333333333,38150,9978,188.895165273238,17024.4381680601,17402.2284986066,9789.10483472676,10166.8951652732
GATATGAGACACTAAC-1,1,39,81,7044,8387,27956.6666666667,23480,24648,188.895165273238,27767.7715013934,28145.5618319399,24459.1048347268,24836.8951652732
GATATTGAGATTGGCG-1,1,34,100,6284,10043,33476.6666666667,20946.6666666667,27181.3333333333,188.895165273238,33287.7715013934,33665.5618319399,26992.4381680601,27370.2284986066
GATCAACATAAAGGGA-1,1,62,36,10535,4466,14886.6666666667,35116.6666666667,13011.3333333333,188.895165273238,14697.7715013934,15075.5618319399,12822.4381680601,13200.2284986066
GATCATTCCAAACATT-1,1,30,56,5680,6206,20686.6666666667,18933.3333333333,29194.6666666667,188.895165273238,20497.7715013934,20875.5618319399,29005.7715013934,29383.5618319399
GATCCGAATATAAGTG-1,1,36,124,6586,12135,40450,21953.3333333333,26174.6666666667,188.895165273238,40261.1048347268,40638.8951652732,25985.7715013934,26363.5618319399
GATCCGGGAATTAACA-1,1,39,73,7044,7689,25630,23480,24648,188.895165273238,25441.1048347268,25818.8951652732,24459.1048347268,24836.8951652732
GATCCTAAATCGGGAC-1,1,27,95,5222,9606,32020,17406.6666666667,30721.3333333333,188.895165273238,31831.1048347268,32208.8951652732,30532.4381680601,30910.2284986066
GATCCTCGACACTGGC-1,1,50,32,8715,4116,13720,29050,19078,188.895165273238,13531.1048347268,13908.8951652732,18889.1048347268,19266.8951652732
GATCGCGGGCTCTCCA-1,1,36,52,6590,5858,19526.6666666667,21966.6666666667,26161.3333333333,188.895165273238,19337.7715013934,19715.5618319399,25972.4381680601,26350.2284986066
GATCGCTACCCGATTT-1,1,50,98,8711,9870,32900,29036.6666666667,19091.3333333333,188.895165273238,32711.1048347268,33088.8951652732,18902.4381680601,19280.2284986066
GATCGCTATATCTCAG-1,1,61,25,10384,3506,11686.6666666667,34613.3333333333,13514.6666666667,188.895165273238,11497.7715013934,11875.5618319399,13325.7715013934,13703.5618319399
GATCGTGACTGATATC-1,1,38,72,6892,7602,25340,22973.3333333333,25154.6666666667,188.895165273238,25151.1048347268,25528.8951652732,24965.7715013934,25343.5618319399
GATCTCGACGCTGTGG-1,1,50,118,8710,11613,38710,29033.3333333333,19094.6666666667,188.895165273238,38521.1048347268,38898.8951652732,18905.7715013934,19283.5618319399
GATCTGCTATCTAAGG-1,1,62,56,10534,6209,20696.6666666667,35113.3333333333,13014.6666666667,188.895165273238,20507.7715013934,20885.5618319399,12825.7715013934,13203.5618319399
GATCTTGGAGGGCATA-1,1,44,70,7803,7428,24760,26010,22118,188.895165273238,24571.1048347268,24948.8951652732,21929.1048347268,22306.8951652732
GATCTTTGCAGGGTAT-1,1,36,38,6591,4637,15456.6666666667,21970,26158,188.895165273238,15267.7715013934,15645.5618319399,25969.1048347268,26346.8951652732
GATGACAAGTAGGGCA-1,1,57,33,9777,4203,14010,32590,15538,188.895165273238,13821.1048347268,14198.8951652732,15349.1048347268,15726.8951652732
GATGAGGAACCTTCGG-1,1,67,81,11291,8389,27963.3333333333,37636.6666666667,10491.3333333333,188.895165273238,27774.4381680601,28152.2284986066,10302.4381680601,10680.2284986066
GATGCCTTCTGCGGCA-1,1,58,14,9929,2547,8490,33096.6666666667,15031.3333333333,188.895165273238,8301.10483472676,8678.89516527324,14842.4381680601,15220.2284986066
GATGCGTCCTGCATTC-1,1,37,57,6742,6294,20980,22473.3333333333,25654.6666666667,188.895165273238,20791.1048347268,21168.8951652732,25465.7715013934,25843.5618319399
GATGCTACCTTCGATG-1,1,70,58,11747,6384,21280,39156.6666666667,8971.33333333333,188.895165273238,21091.1048347268,21468.8951652732,8782.43816806009,9160.22849860657
GATGCTGTATTTCATC-1,1,43,75,7651,7864,26213.3333333333,25503.3333333333,22624.6666666667,188.895165273238,26024.4381680601,26402.2284986066,22435.7715013934,22813.5618319399
GATGTCCGGATCACAT-1,1,7,37,2192,4547,15156.6666666667,7306.66666666667,40821.3333333333,188.895165273238,14967.7715013934,15345.5618319399,40632.4381680601,41010.2284986066
GATGTTCAATCCACGA-1,1,41,43,7349,5074,16913.3333333333,24496.6666666667,23631.3333333333,188.895165273238,16724.4381680601,17102.2284986066,23442.4381680601,23820.2284986066
GATTAACCGAAAGCCC-1,1,55,93,9470,9434,31446.6666666667,31566.6666666667,16561.3333333333,188.895165273238,31257.7715013934,31635.5618319399,16372.4381680601,16750.2284986066
GATTACTGAATTTGGG-1,1,41,39,7349,4725,15750,24496.6666666667,23631.3333333333,188.895165273238,15561.1048347268,15938.8951652732,23442.4381680601,23820.2284986066
GATTCGACGGTTCACG-1,1,41,71,7348,7515,25050,24493.3333333333,23634.6666666667,188.895165273238,24861.1048347268,25238.8951652732,23445.7715013934,23823.5618319399
GATTCTGTTAATGAGT-1,1,74,62,12354,6733,22443.3333333333,41180,6948,188.895165273238,22254.4381680601,22632.2284986066,6759.10483472676,7136.89516527324
GATTGCTCCAGTTGCA-1,1,63,27,10687,3681,12270,35623.3333333333,12504.6666666667,188.895165273238,12081.1048347268,12458.8951652732,12315.7715013934,12693.5618319399
GATTGGGAAAGGTTGT-1,1,66,80,11139,8302,27673.3333333333,37130,10998,188.895165273238,27484.4381680601,27862.2284986066,10809.1048347268,11186.8951652732
GATTTAGTGCGTACTG-1,1,15,127,3400,12395,41316.6666666667,11333.3333333333,36794.6666666667,188.895165273238,41127.7715013934,41505.5618319399,36605.7715013934,36983.5618319399
GATTTGCGCTAACACC-1,1,75,51,12506,5774,19246.6666666667,41686.6666666667,6441.33333333333,188.895165273238,19057.7715013934,19435.5618319399,6252.43816806009,6630.22849860657
GCAAACCCTACATTAT-1,1,48,82,8409,8475,28250,28030,20098,188.895165273238,28061.1048347268,28438.8951652732,19909.1048347268,20286.8951652732
GCAAACCTTGGCCATA-1,1,57,67,9775,7168,23893.3333333333,32583.3333333333,15544.6666666667,188.895165273238,23704.4381680601,24082.2284986066,15355.7715013934,15733.5618319399
GCAAACGTCGCCAGGT-1,1,47,117,8255,11526,38420,27516.6666666667,20611.3333333333,188.895165273238,38231.1048347268,38608.8951652732,20422.4381680601,20800.2284986066
GCAAAGGGCGTTAGCC-1,1,66,20,11143,3071,10236.6666666667,37143.3333333333,10984.6666666667,188.895165273238,10047.7715013934,10425.5618319399,10795.7715013934,11173.5618319399
GCAAATATTACGCTTT-1,1,35,41,6439,4899,16330,21463.3333333333,26664.6666666667,188.895165273238,16141.1048347268,16518.8951652732,26475.7715013934,26853.5618319399
GCAACAGCAGTATGCG-1,1,46,106,8104,10567,35223.3333333333,27013.3333333333,21114.6666666667,188.895165273238,35034.4381680601,35412.2284986066,20925.7715013934,21303.5618319399
GCAACGGCTAGTTATG-1,1,43,113,7649,11177,37256.6666666667,25496.6666666667,22631.3333333333,188.895165273238,37067.7715013934,37445.5618319399,22442.4381680601,22820.2284986066
GCAAGAATTCCTTGGC-1,1,44,36,7805,4464,14880,26016.6666666667,22111.3333333333,188.895165273238,14691.1048347268,15068.8951652732,21922.4381680601,22300.2284986066
GCAAGTGTAAAGCATG-1,1,67,45,11293,5251,17503.3333333333,37643.3333333333,10484.6666666667,188.895165273238,17314.4381680601,17692.2284986066,10295.7715013934,10673.5618319399
GCAATTAGTCGCACCG-1,1,31,123,5828,12047,40156.6666666667,19426.6666666667,28701.3333333333,188.895165273238,39967.7715013934,40345.5618319399,28512.4381680601,28890.2284986066
GCACAAACCCTAGATG-1,1,65,21,10991,3158,10526.6666666667,36636.6666666667,11491.3333333333,188.895165273238,10337.7715013934,10715.5618319399,11302.4381680601,11680.2284986066
GCACAAACGAGGCGTG-1,1,46,114,8104,11264,37546.6666666667,27013.3333333333,21114.6666666667,188.895165273238,37357.7715013934,37735.5618319399,20925.7715013934,21303.5618319399
GCACACACTGGTAGCC-1,1,56,94,9622,9522,31740,32073.3333333333,16054.6666666667,188.895165273238,31551.1048347268,31928.8951652732,15865.7715013934,16243.5618319399
GCACACAGCTATTACC-1,1,72,70,12050,7431,24770,40166.6666666667,7961.33333333333,188.895165273238,24581.1048347268,24958.8951652732,7772.43816806009,8150.22849860657
GCACAGCACGGGCCGA-1,1,72,42,12052,4990,16633.3333333333,40173.3333333333,7954.66666666667,188.895165273238,16444.4381680601,16822.2284986066,7765.77150139343,8143.5618319399
GCACGCCGATTCCCGC-1,1,72,76,12050,7954,26513.3333333333,40166.6666666667,7961.33333333333,188.895165273238,26324.4381680601,26702.2284986066,7772.43816806009,8150.22849860657
GCACGCCTACTTAGAT-1,1,55,39,9473,4726,15753.3333333333,31576.6666666667,16551.3333333333,188.895165273238,15564.4381680601,15942.2284986066,16362.4381680601,16740.2284986066
GCACGTGGTTTACTTA-1,1,64,106,10835,10568,35226.6666666667,36116.6666666667,12011.3333333333,188.895165273238,35037.7715013934,35415.5618319399,11822.4381680601,12200.2284986066
GCACTGCCTACCTTTA-1,1,66,68,11140,7256,24186.6666666667,37133.3333333333,10994.6666666667,188.895165273238,23997.7715013934,24375.5618319399,10805.7715013934,11183.5618319399
GCAGAAGGTAATCTCC-1,1,50,122,8710,11962,39873.3333333333,29033.3333333333,19094.6666666667,188.895165273238,39684.4381680601,40062.2284986066,18905.7715013934,19283.5618319399
GCAGACCCAGCACGTA-1,1,39,103,7042,10305,34350,23473.3333333333,24654.6666666667,188.895165273238,34161.1048347268,34538.8951652732,24465.7715013934,24843.5618319399
GCAGATCCATAAGACT-1,1,51,85,8864,8736,29120,29546.6666666667,18581.3333333333,188.895165273238,28931.1048347268,29308.8951652732,18392.4381680601,18770.2284986066
GCAGATTAGGGATATC-1,1,37,61,6741,6643,22143.3333333333,22470,25658,188.895165273238,21954.4381680601,22332.2284986066,25469.1048347268,25846.8951652732
GCAGCACACAGCCCAG-1,1,38,42,6894,4986,16620,22980,25148,188.895165273238,16431.1048347268,16808.8951652732,24959.1048347268,25336.8951652732
GCAGCCTATATCACAT-1,1,35,113,6435,11176,37253.3333333333,21450,26678,188.895165273238,37064.4381680601,37442.2284986066,26489.1048347268,26866.8951652732
GCAGCTGTCAACGCAT-1,1,71,87,11898,8913,29710,39660,8468,188.895165273238,29521.1048347268,29898.8951652732,8279.10483472676,8656.89516527324
GCAGGAACTTAGATCT-1,1,53,15,9171,2634,8780,30570,17558,188.895165273238,8591.10483472676,8968.89516527324,17369.1048347268,17746.8951652732
GCAGGACTATAGAATA-1,1,35,37,6439,4550,15166.6666666667,21463.3333333333,26664.6666666667,188.895165273238,14977.7715013934,15355.5618319399,26475.7715013934,26853.5618319399
GCAGTGCGGGCGGATG-1,1,56,126,9620,12311,41036.6666666667,32066.6666666667,16061.3333333333,188.895165273238,40847.7715013934,41225.5618319399,15872.4381680601,16250.2284986066
GCAGTGTGGCTATAGG-1,1,59,83,10077,8563,28543.3333333333,33590,14538,188.895165273238,28354.4381680601,28732.2284986066,14349.1048347268,14726.8951652732
GCAGTTCGATCCGAGC-1,1,56,118,9620,11614,38713.3333333333,32066.6666666667,16061.3333333333,188.895165273238,38524.4381680601,38902.2284986066,15872.4381680601,16250.2284986066
GCATAGAGCACTCAGG-1,1,37,59,6741,6468,21560,22470,25658,188.895165273238,21371.1048347268,21748.8951652732,25469.1048347268,25846.8951652732
GCATGAGGGACGCGGC-1,1,30,90,5678,9170,30566.6666666667,18926.6666666667,29201.3333333333,188.895165273238,30377.7715013934,30755.5618319399,29012.4381680601,29390.2284986066
GCATGCTAATAACGAT-1,1,67,95,11290,9610,32033.3333333333,37633.3333333333,10494.6666666667,188.895165273238,31844.4381680601,32222.2284986066,10305.7715013934,10683.5618319399
GCATTCAAGGCAACGC-1,1,28,108,5373,10739,35796.6666666667,17910,30218,188.895165273238,35607.7715013934,35985.5618319399,30029.1048347268,30406.8951652732
GCATTGTAATTCATAT-1,1,41,21,7350,3156,10520,24500,23628,188.895165273238,10331.1048347268,10708.8951652732,23439.1048347268,23816.8951652732
GCATTTCCAAGGCTCC-1,1,33,111,6132,11001,36670,20440,27688,188.895165273238,36481.1048347268,36858.8951652732,27499.1048347268,27876.8951652732
GCCAACCATTTCCGGA-1,1,26,106,5070,10565,35216.6666666667,16900,31228,188.895165273238,35027.7715013934,35405.5618319399,31039.1048347268,31416.8951652732
GCCAATAGGGCATCTC-1,1,25,103,4919,10303,34343.3333333333,16396.6666666667,31731.3333333333,188.895165273238,34154.4381680601,34532.2284986066,31542.4381680601,31920.2284986066
GCCACAATTTAAGGAC-1,1,45,39,7956,4725,15750,26520,21608,188.895165273238,15561.1048347268,15938.8951652732,21419.1048347268,21796.8951652732
GCCACTCAGAGCGCGA-1,1,59,95,10077,9609,32030,33590,14538,188.895165273238,31841.1048347268,32218.8951652732,14349.1048347268,14726.8951652732
GCCACTCCTTACGGTA-1,1,55,119,9469,11701,39003.3333333333,31563.3333333333,16564.6666666667,188.895165273238,38814.4381680601,39192.2284986066,16375.7715013934,16753.5618319399
GCCAGGAAAGAACACT-1,1,71,35,11900,4379,14596.6666666667,39666.6666666667,8461.33333333333,188.895165273238,14407.7715013934,14785.5618319399,8272.43816806009,8650.22849860657
GCCATCGAGCTGCGTG-1,1,53,47,9169,5424,18080,30563.3333333333,17564.6666666667,188.895165273238,17891.1048347268,18268.8951652732,17375.7715013934,17753.5618319399
GCCATCGATGCTGCAT-1,1,32,110,5980,10914,36380,19933.3333333333,28194.6666666667,188.895165273238,36191.1048347268,36568.8951652732,28005.7715013934,28383.5618319399
GCCCAGATGCTGGAGA-1,1,37,121,6738,11874,39580,22460,25668,188.895165273238,39391.1048347268,39768.8951652732,25479.1048347268,25856.8951652732
GCCCGATCTGTGGTCG-1,1,53,63,9168,6819,22730,30560,17568,188.895165273238,22541.1048347268,22918.8951652732,17379.1048347268,17756.8951652732
GCCCGCGCGTAAACGG-1,1,49,41,8563,4900,16333.3333333333,28543.3333333333,19584.6666666667,188.895165273238,16144.4381680601,16522.2284986066,19395.7715013934,19773.5618319399
GCCCTGAGGATGGGCT-1,1,68,74,11443,7779,25930,38143.3333333333,9984.66666666666,188.895165273238,25741.1048347268,26118.8951652732,9795.77150139343,10173.5618319399
GCCGAAATTCCTACGT-1,1,35,45,6439,5248,17493.3333333333,21463.3333333333,26664.6666666667,188.895165273238,17304.4381680601,17682.2284986066,26475.7715013934,26853.5618319399
GCCGACCCACGACTGC-1,1,62,30,10535,3942,13140,35116.6666666667,13011.3333333333,188.895165273238,12951.1048347268,13328.8951652732,12822.4381680601,13200.2284986066
GCCGATTGGCCAAGCT-1,1,41,61,7348,6643,22143.3333333333,24493.3333333333,23634.6666666667,188.895165273238,21954.4381680601,22332.2284986066,23445.7715013934,23823.5618319399
GCCGCACTCCGTTTCA-1,1,43,121,7648,11874,39580,25493.3333333333,22634.6666666667,188.895165273238,39391.1048347268,39768.8951652732,22445.7715013934,22823.5618319399
GCCGCTTGTGAGAAAC-1,1,36,40,6591,4812,16040,21970,26158,188.895165273238,15851.1048347268,16228.8951652732,25969.1048347268,26346.8951652732
GCCGGGTTAGGGTCGC-1,1,41,59,7348,6469,21563.3333333333,24493.3333333333,23634.6666666667,188.895165273238,21374.4381680601,21752.2284986066,23445.7715013934,23823.5618319399
GCCGGTCGTATCTCTC-1,1,70,54,11748,6036,20120,39160,8968,188.895165273238,19931.1048347268,20308.8951652732,8779.10483472676,9156.89516527324
GCCGTCGGTTTCGGGC-1,1,71,41,11900,4902,16340,39666.6666666667,8461.33333333333,188.895165273238,16151.1048347268,16528.8951652732,8272.43816806009,8650.22849860657
GCCGTGGAAGAAATGT-1,1,39,115,7042,11351,37836.6666666667,23473.3333333333,24654.6666666667,188.895165273238,37647.7715013934,38025.5618319399,24465.7715013934,24843.5618319399
GCCTACGTTCTGTGCA-1,1,68,82,11443,8476,28253.3333333333,38143.3333333333,9984.66666666666,188.895165273238,28064.4381680601,28442.2284986066,9795.77150139343,10173.5618319399
GCCTATAGTGTCAGGG-1,1,29,91,5526,9257,30856.6666666667,18420,29708,188.895165273238,30667.7715013934,31045.5618319399,29519.1048347268,29896.8951652732
GCCTCATCTGGAAATA-1,1,41,95,7346,9607,32023.3333333333,24486.6666666667,23641.3333333333,188.895165273238,31834.4381680601,32212.2284986066,23452.4381680601,23830.2284986066
GCCTCCGACAATTCAC-1,1,60,98,10228,9871,32903.3333333333,34093.3333333333,14034.6666666667,188.895165273238,32714.4381680601,33092.2284986066,13845.7715013934,14223.5618319399
GCCTCTATACATAGCA-1,1,55,75,9471,7865,26216.6666666667,31570,16558,188.895165273238,26027.7715013934,26405.5618319399,16369.1048347268,16746.8951652732
GCCTGTCCCGGTGCAT-1,1,73,63,12202,6820,22733.3333333333,40673.3333333333,7454.66666666667,188.895165273238,22544.4381680601,22922.2284986066,7265.77150139343,7643.5618319399
GCGAAACGATCGGGAG-1,1,54,100,9318,10044,33480,31060,17068,188.895165273238,33291.1048347268,33668.8951652732,16879.1048347268,17256.8951652732
GCGAAACTTAACTGGA-1,1,44,82,7802,8474,28246.6666666667,26006.6666666667,22121.3333333333,188.895165273238,28057.7715013934,28435.5618319399,21932.4381680601,22310.2284986066
GCGAAGAATCTGACGG-1,1,66,84,11139,8651,28836.6666666667,37130,10998,188.895165273238,28647.7715013934,29025.5618319399,10809.1048347268,11186.8951652732
GCGACATGTAAACATC-1,1,37,107,6739,10653,35510,22463.3333333333,25664.6666666667,188.895165273238,35321.1048347268,35698.8951652732,25475.7715013934,25853.5618319399
GCGACCCAACCATCTG-1,1,59,33,10080,4204,14013.3333333333,33600,14528,188.895165273238,13824.4381680601,14202.2284986066,14339.1048347268,14716.8951652732
GCGACGATAGTTGTAC-1,1,48,54,8410,6033,20110,28033.3333333333,20094.6666666667,188.895165273238,19921.1048347268,20298.8951652732,19905.7715013934,20283.5618319399
GCGACGGTAGTCTCCT-1,1,73,71,12202,7518,25060,40673.3333333333,7454.66666666667,188.895165273238,24871.1048347268,25248.8951652732,7265.77150139343,7643.5618319399
GCGAGAGGCCATGTAA-1,1,21,113,4311,11175,37250,14370,33758,188.895165273238,37061.1048347268,37438.8951652732,33569.1048347268,33946.8951652732
GCGAGAGTTGCGTCCA-1,1,33,107,6132,10653,35510,20440,27688,188.895165273238,35321.1048347268,35698.8951652732,27499.1048347268,27876.8951652732
GCGAGCGCATGCTCCC-1,1,37,109,6739,10827,36090,22463.3333333333,25664.6666666667,188.895165273238,35901.1048347268,36278.8951652732,25475.7715013934,25853.5618319399
GCGAGGCCCGAGCAGA-1,1,37,47,6742,5422,18073.3333333333,22473.3333333333,25654.6666666667,188.895165273238,17884.4381680601,18262.2284986066,25465.7715013934,25843.5618319399
GCGAGTTCTGCAAAGA-1,1,35,63,6438,6817,22723.3333333333,21460,26668,188.895165273238,22534.4381680601,22912.2284986066,26479.1048347268,26856.8951652732
GCGATTGTTAACGTTA-1,1,37,77,6740,8038,26793.3333333333,22466.6666666667,25661.3333333333,188.895165273238,26604.4381680601,26982.2284986066,25472.4381680601,25850.2284986066
GCGCAAATATATTCAA-1,1,58,28,9929,3768,12560,33096.6666666667,15031.3333333333,188.895165273238,12371.1048347268,12748.8951652732,14842.4381680601,15220.2284986066
GCGCAAGAGCGCGCTG-1,1,40,100,7194,10043,33476.6666666667,23980,24148,188.895165273238,33287.7715013934,33665.5618319399,23959.1048347268,24336.8951652732
GCGCATCCAGTCAGCA-1,1,29,95,5526,9606,32020,18420,29708,188.895165273238,31831.1048347268,32208.8951652732,29519.1048347268,29896.8951652732
GCGCCGTTCCACGATA-1,1,41,65,7348,6992,23306.6666666667,24493.3333333333,23634.6666666667,188.895165273238,23117.7715013934,23495.5618319399,23445.7715013934,23823.5618319399
GCGCCTCCCACTCCGA-1,1,48,110,8407,10916,36386.6666666667,28023.3333333333,20104.6666666667,188.895165273238,36197.7715013934,36575.5618319399,19915.7715013934,20293.5618319399
GCGCGGTCTAGTAACT-1,1,68,60,11444,6558,21860,38146.6666666667,9981.33333333333,188.895165273238,21671.1048347268,22048.8951652732,9792.43816806009,10170.2284986066
GCGCGTCATTGGTACA-1,1,57,83,9774,8563,28543.3333333333,32580,15548,188.895165273238,28354.4381680601,28732.2284986066,15359.1048347268,15736.8951652732
GCGCTAATTGAATAGA-1,1,34,70,6286,7427,24756.6666666667,20953.3333333333,27174.6666666667,188.895165273238,24567.7715013934,24945.5618319399,26985.7715013934,27363.5618319399
GCGCTATGCCGAGGCA-1,1,43,47,7652,5423,18076.6666666667,25506.6666666667,22621.3333333333,188.895165273238,17887.7715013934,18265.5618319399,22432.4381680601,22810.2284986066
GCGCTCGATCACCTGT-1,1,45,125,7951,12223,40743.3333333333,26503.3333333333,21624.6666666667,188.895165273238,40554.4381680601,40932.2284986066,21435.7715013934,21813.5618319399
GCGCTTAAATAATTGG-1,1,57,89,9774,9086,30286.6666666667,32580,15548,188.895165273238,30097.7715013934,30475.5618319399,15359.1048347268,15736.8951652732
GCGGACCGCGTTGTGG-1,1,51,43,8866,5075,16916.6666666667,29553.3333333333,18574.6666666667,188.895165273238,16727.7715013934,17105.5618319399,18385.7715013934,18763.5618319399
GCGGAGAAACTTCGCA-1,1,55,33,9473,4203,14010,31576.6666666667,16551.3333333333,188.895165273238,13821.1048347268,14198.8951652732,16362.4381680601,16740.2284986066
GCGGAGAGGGAGAACG-1,1,46,78,8106,8126,27086.6666666667,27020,21108,188.895165273238,26897.7715013934,27275.5618319399,20919.1048347268,21296.8951652732
GCGGCAAAGTATTGCC-1,1,59,27,10080,3681,12270,33600,14528,188.895165273238,12081.1048347268,12458.8951652732,14339.1048347268,14716.8951652732
GCGGCTCTGACGTACC-1,1,38,38,6894,4638,15460,22980,25148,188.895165273238,15271.1048347268,15648.8951652732,24959.1048347268,25336.8951652732
GCGGCTTTAGCAAGTT-1,1,70,78,11746,8128,27093.3333333333,39153.3333333333,8974.66666666666,188.895165273238,26904.4381680601,27282.2284986066,8785.77150139343,9163.5618319399
GCGGGCAGACGGGTGA-1,1,75,69,12505,7344,24480,41683.3333333333,6444.66666666667,188.895165273238,24291.1048347268,24668.8951652732,6255.77150139343,6633.5618319399
GCGGGCATTACGATGC-1,1,31,119,5828,11699,38996.6666666667,19426.6666666667,28701.3333333333,188.895165273238,38807.7715013934,39185.5618319399,28512.4381680601,28890.2284986066
GCGGGCGAGCCTTACC-1,1,55,51,9472,5773,19243.3333333333,31573.3333333333,16554.6666666667,188.895165273238,19054.4381680601,19432.2284986066,16365.7715013934,16743.5618319399
GCGGTCCCGGTGAAGG-1,1,17,119,3704,11697,38990,12346.6666666667,35781.3333333333,188.895165273238,38801.1048347268,39178.8951652732,35592.4381680601,35970.2284986066
GCGGTCTTGCTTTCAC-1,1,72,82,12050,8477,28256.6666666667,40166.6666666667,7961.33333333333,188.895165273238,28067.7715013934,28445.5618319399,7772.43816806009,8150.22849860657
GCGGTTCCCTATCATG-1,1,47,49,8259,5597,18656.6666666667,27530,20598,188.895165273238,18467.7715013934,18845.5618319399,20409.1048347268,20786.8951652732
GCGTAAATGGCCATAA-1,1,34,102,6284,10217,34056.6666666667,20946.6666666667,27181.3333333333,188.895165273238,33867.7715013934,34245.5618319399,26992.4381680601,27370.2284986066
GCGTCCCTAAGACATA-1,1,64,42,10838,4989,16630,36126.6666666667,12001.3333333333,188.895165273238,16441.1048347268,16818.8951652732,11812.4381680601,12190.2284986066
GCGTCGCCAGGGTGAT-1,1,54,62,9320,6731,22436.6666666667,31066.6666666667,17061.3333333333,188.895165273238,22247.7715013934,22625.5618319399,16872.4381680601,17250.2284986066
GCGTCTAACCTCCTAA-1,1,32,126,5979,12309,41030,19930,28198,188.895165273238,40841.1048347268,41218.8951652732,28009.1048347268,28386.8951652732
GCGTCTCTGCATTGGG-1,1,39,41,7046,4899,16330,23486.6666666667,24641.3333333333,188.895165273238,16141.1048347268,16518.8951652732,24452.4381680601,24830.2284986066
GCGTGGTACTGGGTTA-1,1,35,95,6436,9607,32023.3333333333,21453.3333333333,26674.6666666667,188.895165273238,31834.4381680601,32212.2284986066,26485.7715013934,26863.5618319399
GCGTTCTGACTAAGCG-1,1,57,127,9772,12399,41330,32573.3333333333,15554.6666666667,188.895165273238,41141.1048347268,41518.8951652732,15365.7715013934,15743.5618319399
GCTAACTGAAGTCTGA-1,1,58,88,9925,8999,29996.6666666667,33083.3333333333,15044.6666666667,188.895165273238,29807.7715013934,30185.5618319399,14855.7715013934,15233.5618319399
GCTAAGTAGTTTCTCT-1,1,34,80,6285,8299,27663.3333333333,20950,27178,188.895165273238,27474.4381680601,27852.2284986066,26989.1048347268,27366.8951652732
GCTACAATCGAGGATA-1,1,62,104,10531,10394,34646.6666666667,35103.3333333333,13024.6666666667,188.895165273238,34457.7715013934,34835.5618319399,12835.7715013934,13213.5618319399
GCTACGACTTATTGGG-1,1,43,69,7651,7341,24470,25503.3333333333,22624.6666666667,188.895165273238,24281.1048347268,24658.8951652732,22435.7715013934,22813.5618319399
GCTACTATAGTAGAGT-1,1,50,94,8712,9521,31736.6666666667,29040,19088,188.895165273238,31547.7715013934,31925.5618319399,18899.1048347268,19276.8951652732
GCTAGACCGTCTACTG-1,1,42,104,7497,10392,34640,24990,23138,188.895165273238,34451.1048347268,34828.8951652732,22949.1048347268,23326.8951652732
GCTAGAGTAGAGATGT-1,1,56,96,9622,9696,32320,32073.3333333333,16054.6666666667,188.895165273238,32131.1048347268,32508.8951652732,15865.7715013934,16243.5618319399
GCTAGCACCTGGGCCA-1,1,39,121,7041,11874,39580,23470,24658,188.895165273238,39391.1048347268,39768.8951652732,24469.1048347268,24846.8951652732
GCTAGCGATAGGTCTT-1,1,66,24,11143,3420,11400,37143.3333333333,10984.6666666667,188.895165273238,11211.1048347268,11588.8951652732,10795.7715013934,11173.5618319399
GCTAGCTTGAATAGCT-1,1,52,44,9018,5162,17206.6666666667,30060,18068,188.895165273238,17017.7715013934,17395.5618319399,17879.1048347268,18256.8951652732
GCTAGGCACCACGGAG-1,1,54,84,9319,8650,28833.3333333333,31063.3333333333,17064.6666666667,188.895165273238,28644.4381680601,29022.2284986066,16875.7715013934,17253.5618319399
GCTAGTAGAGCTTGTA-1,1,39,65,7044,6992,23306.6666666667,23480,24648,188.895165273238,23117.7715013934,23495.5618319399,24459.1048347268,24836.8951652732
GCTATACGTCTCGGAC-1,1,52,88,9015,8998,29993.3333333333,30050,18078,188.895165273238,29804.4381680601,30182.2284986066,17889.1048347268,18266.8951652732
GCTATCATACTCATGG-1,1,54,78,9319,8126,27086.6666666667,31063.3333333333,17064.6666666667,188.895165273238,26897.7715013934,27275.5618319399,16875.7715013934,17253.5618319399
GCTCAATCCGTTTATT-1,1,53,35,9170,4377,14590,30566.6666666667,17561.3333333333,188.895165273238,14401.1048347268,14778.8951652732,17372.4381680601,17750.2284986066
GCTCAATGTAATACCG-1,1,62,58,10534,6384,21280,35113.3333333333,13014.6666666667,188.895165273238,21091.1048347268,21468.8951652732,12825.7715013934,13203.5618319399
GCTCCATGAGTGCAGA-1,1,57,125,9772,12224,40746.6666666667,32573.3333333333,15554.6666666667,188.895165273238,40557.7715013934,40935.5618319399,15365.7715013934,15743.5618319399
GCTCCATGCAAAGCAA-1,1,69,55,11596,6123,20410,38653.3333333333,9474.66666666666,188.895165273238,20221.1048347268,20598.8951652732,9285.77150139343,9663.5618319399
GCTCCCAGTCGGTCCA-1,1,43,109,7649,10828,36093.3333333333,25496.6666666667,22631.3333333333,188.895165273238,35904.4381680601,36282.2284986066,22442.4381680601,22820.2284986066
GCTCCGCTCGCTTCAG-1,1,42,112,7497,11089,36963.3333333333,24990,23138,188.895165273238,36774.4381680601,37152.2284986066,22949.1048347268,23326.8951652732
GCTCCTGACATACTGG-1,1,56,32,9625,4116,13720,32083.3333333333,16044.6666666667,188.895165273238,13531.1048347268,13908.8951652732,15855.7715013934,16233.5618319399
GCTCGCTCATGTCCAA-1,1,41,99,7346,9956,33186.6666666667,24486.6666666667,23641.3333333333,188.895165273238,32997.7715013934,33375.5618319399,23452.4381680601,23830.2284986066
GCTCTTTCCGCTAGTG-1,1,64,54,10838,6035,20116.6666666667,36126.6666666667,12001.3333333333,188.895165273238,19927.7715013934,20305.5618319399,11812.4381680601,12190.2284986066
GCTGAACTCTCCAGGG-1,1,40,120,7193,11787,39290,23976.6666666667,24151.3333333333,188.895165273238,39101.1048347268,39478.8951652732,23962.4381680601,24340.2284986066
GCTGAGGCGTGAGTAT-1,1,40,64,7196,6905,23016.6666666667,23986.6666666667,24141.3333333333,188.895165273238,22827.7715013934,23205.5618319399,23952.4381680601,24330.2284986066
GCTGCACGGTTTCTTA-1,1,41,73,7347,7689,25630,24490,23638,188.895165273238,25441.1048347268,25818.8951652732,23449.1048347268,23826.8951652732
GCTGCTAAGTAGTCGA-1,1,56,56,9624,6209,20696.6666666667,32080,16048,188.895165273238,20507.7715013934,20885.5618319399,15859.1048347268,16236.8951652732
GCTGCTACTGCGTAGC-1,1,51,75,8864,7865,26216.6666666667,29546.6666666667,18581.3333333333,188.895165273238,26027.7715013934,26405.5618319399,18392.4381680601,18770.2284986066
GCTGCTCTCCGGACAC-1,1,31,63,5831,6817,22723.3333333333,19436.6666666667,28691.3333333333,188.895165273238,22534.4381680601,22912.2284986066,28502.4381680601,28880.2284986066
GCTGGCGGCGCATGCT-1,1,54,64,9320,6906,23020,31066.6666666667,17061.3333333333,188.895165273238,22831.1048347268,23208.8951652732,16872.4381680601,17250.2284986066
GCTGGTTTAGGCCATA-1,1,60,14,10233,2547,8490,34110,14018,188.895165273238,8301.10483472676,8678.89516527324,13829.1048347268,14206.8951652732
GCTGTATTACTGGCCC-1,1,46,38,8108,4638,15460,27026.6666666667,21101.3333333333,188.895165273238,15271.1048347268,15648.8951652732,20912.4381680601,21290.2284986066
GCTGTTGCTACCGAAC-1,1,39,95,7043,9607,32023.3333333333,23476.6666666667,24651.3333333333,188.895165273238,31834.4381680601,32212.2284986066,24462.4381680601,24840.2284986066
GCTTAATGTAACTAAC-1,1,42,84,7499,8648,28826.6666666667,24996.6666666667,23131.3333333333,188.895165273238,28637.7715013934,29015.5618319399,22942.4381680601,23320.2284986066
GCTTACGTAGTTAGTA-1,1,36,112,6587,11089,36963.3333333333,21956.6666666667,26171.3333333333,188.895165273238,36774.4381680601,37152.2284986066,25982.4381680601,26360.2284986066
GCTTATGAAGCAGGAA-1,1,35,89,6436,9084,30280,21453.3333333333,26674.6666666667,188.895165273238,30091.1048347268,30468.8951652732,26485.7715013934,26863.5618319399
GCTTGCAGCACAATTG-1,1,19,117,4008,11523,38410,13360,34768,188.895165273238,38221.1048347268,38598.8951652732,34579.1048347268,34956.8951652732
GCTTGGATCGATTAGG-1,1,31,97,5829,9781,32603.3333333333,19430,28698,188.895165273238,32414.4381680601,32792.2284986066,28509.1048347268,28886.8951652732
GCTTTCAGAGGAGGTG-1,1,33,95,6133,9607,32023.3333333333,20443.3333333333,27684.6666666667,188.895165273238,31834.4381680601,32212.2284986066,27495.7715013934,27873.5618319399
GGAAACTAAATGGGCC-1,1,60,102,10228,10219,34063.3333333333,34093.3333333333,14034.6666666667,188.895165273238,33874.4381680601,34252.2284986066,13845.7715013934,14223.5618319399
GGAAAGGGAATTGAGC-1,1,73,73,12202,7692,25640,40673.3333333333,7454.66666666667,188.895165273238,25451.1048347268,25828.8951652732,7265.77150139343,7643.5618319399
GGAACCGTGTAAATTG-1,1,49,47,8562,5423,18076.6666666667,28540,19588,188.895165273238,17887.7715013934,18265.5618319399,19399.1048347268,19776.8951652732
GGAACTTTGGCGATTA-1,1,60,110,10228,10917,36390,34093.3333333333,14034.6666666667,188.895165273238,36201.1048347268,36578.8951652732,13845.7715013934,14223.5618319399
GGAAGGACACCGTATA-1,1,73,83,12201,8564,28546.6666666667,40670,7458,188.895165273238,28357.7715013934,28735.5618319399,7269.10483472676,7646.89516527324
GGAATGCGCTAGCGTG-1,1,32,82,5982,8473,28243.3333333333,19940,28188,188.895165273238,28054.4381680601,28432.2284986066,27999.1048347268,28376.8951652732
GGACAACCATGAAGCC-1,1,70,102,11745,10220,34066.6666666667,39150,8978,188.895165273238,33877.7715013934,34255.5618319399,8789.10483472676,9166.89516527324
GGACACAAGTTTACAC-1,1,47,111,8256,11003,36676.6666666667,27520,20608,188.895165273238,36487.7715013934,36865.5618319399,20419.1048347268,20796.8951652732
GGACACCTCGGTGTTG-1,1,75,63,12506,6821,22736.6666666667,41686.6666666667,6441.33333333333,188.895165273238,22547.7715013934,22925.5618319399,6252.43816806009,6630.22849860657
GGACCAACAGGATAAC-1,1,51,67,8865,7167,23890,29550,18578,188.895165273238,23701.1048347268,24078.8951652732,18389.1048347268,18766.8951652732
GGACCTCTAGGCCGCC-1,1,58,30,9929,3942,13140,33096.6666666667,15031.3333333333,188.895165273238,12951.1048347268,13328.8951652732,14842.4381680601,15220.2284986066
GGACTCACAAATTAGG-1,1,49,121,8558,11875,39583.3333333333,28526.6666666667,19601.3333333333,188.895165273238,39394.4381680601,39772.2284986066,19412.4381680601,19790.2284986066
GGACTCGACAGCGCAT-1,1,68,46,11445,5338,17793.3333333333,38150,9978,188.895165273238,17604.4381680601,17982.2284986066,9789.10483472676,10166.8951652732
GGACTCGTGAGTGGTC-1,1,64,38,10838,4640,15466.6666666667,36126.6666666667,12001.3333333333,188.895165273238,15277.7715013934,15655.5618319399,11812.4381680601,12190.2284986066
GGACTCTTCCGGTTGA-1,1,57,123,9772,12050,40166.6666666667,32573.3333333333,15554.6666666667,188.895165273238,39977.7715013934,40355.5618319399,15365.7715013934,15743.5618319399
GGACTCTTTGACTAAG-1,1,71,83,11898,8564,28546.6666666667,39660,8468,188.895165273238,28357.7715013934,28735.5618319399,8279.10483472676,8656.89516527324
GGAGACCAATGTGCTT-1,1,22,118,4463,11611,38703.3333333333,14876.6666666667,33251.3333333333,188.895165273238,38514.4381680601,38892.2284986066,33062.4381680601,33440.2284986066
GGAGACGACACCTTTG-1,1,43,67,7651,7166,23886.6666666667,25503.3333333333,22624.6666666667,188.895165273238,23697.7715013934,24075.5618319399,22435.7715013934,22813.5618319399
GGAGCAACATTTCAAG-1,1,57,103,9773,10306,34353.3333333333,32576.6666666667,15551.3333333333,188.895165273238,34164.4381680601,34542.2284986066,15362.4381680601,15740.2284986066
GGAGCGAGGCCTACTT-1,1,67,69,11292,7343,24476.6666666667,37640,10488,188.895165273238,24287.7715013934,24665.5618319399,10299.1048347268,10676.8951652732
GGAGGCCGAAGTCGTC-1,1,40,116,7193,11438,38126.6666666667,23976.6666666667,24151.3333333333,188.895165273238,37937.7715013934,38315.5618319399,23962.4381680601,24340.2284986066
GGAGGGTCAAGTAAGA-1,1,62,114,10531,11266,37553.3333333333,35103.3333333333,13024.6666666667,188.895165273238,37364.4381680601,37742.2284986066,12835.7715013934,13213.5618319399
GGATCCGGAATATACT-1,1,34,82,6285,8473,28243.3333333333,20950,27178,188.895165273238,28054.4381680601,28432.2284986066,26989.1048347268,27366.8951652732
GGATCTTACTGCCCTT-1,1,65,35,10990,4379,14596.6666666667,36633.3333333333,11494.6666666667,188.895165273238,14407.7715013934,14785.5618319399,11305.7715013934,11683.5618319399
GGATGAAGATCGCTGA-1,1,42,94,7498,9520,31733.3333333333,24993.3333333333,23134.6666666667,188.895165273238,31544.4381680601,31922.2284986066,22945.7715013934,23323.5618319399
GGATGACGCGAGTTTA-1,1,37,45,6742,5248,17493.3333333333,22473.3333333333,25654.6666666667,188.895165273238,17304.4381680601,17682.2284986066,25465.7715013934,25843.5618319399
GGATGGCTTGAAGTAT-1,1,68,98,11442,9871,32903.3333333333,38140,9988,188.895165273238,32714.4381680601,33092.2284986066,9799.10483472676,10176.8951652732
GGATGTCCTTACCGCA-1,1,35,91,6436,9258,30860,21453.3333333333,26674.6666666667,188.895165273238,30671.1048347268,31048.8951652732,26485.7715013934,26863.5618319399
GGATTAATCATGGACC-1,1,71,75,11898,7866,26220,39660,8468,188.895165273238,26031.1048347268,26408.8951652732,8279.10483472676,8656.89516527324
GGATTGCTGTGACTCC-1,1,60,84,10229,8650,28833.3333333333,34096.6666666667,14031.3333333333,188.895165273238,28644.4381680601,29022.2284986066,13842.4381680601,14220.2284986066
GGCAAAGGCGCCAATA-1,1,54,34,9322,4290,14300,31073.3333333333,17054.6666666667,188.895165273238,14111.1048347268,14488.8951652732,16865.7715013934,17243.5618319399
GGCAAATTACTTTACT-1,1,41,53,7349,5946,19820,24496.6666666667,23631.3333333333,188.895165273238,19631.1048347268,20008.8951652732,23442.4381680601,23820.2284986066
GGCAAGCCAGGGATAG-1,1,17,121,3704,11872,39573.3333333333,12346.6666666667,35781.3333333333,188.895165273238,39384.4381680601,39762.2284986066,35592.4381680601,35970.2284986066
GGCAAGCCCATAGTGG-1,1,67,61,11292,6646,22153.3333333333,37640,10488,188.895165273238,21964.4381680601,22342.2284986066,10299.1048347268,10676.8951652732
GGCAAGGCGAAATAGC-1,1,45,69,7954,7341,24470,26513.3333333333,21614.6666666667,188.895165273238,24281.1048347268,24658.8951652732,21425.7715013934,21803.5618319399
GGCACTCAGCCGACCC-1,1,55,123,9468,12050,40166.6666666667,31560,16568,188.895165273238,39977.7715013934,40355.5618319399,16379.1048347268,16756.8951652732
GGCACTCCACTGGGCA-1,1,34,46,6287,5335,17783.3333333333,20956.6666666667,27171.3333333333,188.895165273238,17594.4381680601,17972.2284986066,26982.4381680601,27360.2284986066
GGCAGCAAACCTATGC-1,1,51,103,8863,10306,34353.3333333333,29543.3333333333,18584.6666666667,188.895165273238,34164.4381680601,34542.2284986066,18395.7715013934,18773.5618319399
GGCATTGAACATCTCA-1,1,74,58,12354,6385,21283.3333333333,41180,6948,188.895165273238,21094.4381680601,21472.2284986066,6759.10483472676,7136.89516527324
GGCCCAGCTGGTTTGC-1,1,70,74,11747,7779,25930,39156.6666666667,8971.33333333333,188.895165273238,25741.1048347268,26118.8951652732,8782.43816806009,9160.22849860657
GGCCCGGAGCATGTCT-1,1,35,119,6435,11699,38996.6666666667,21450,26678,188.895165273238,38807.7715013934,39185.5618319399,26489.1048347268,26866.8951652732
GGCCCGTATACCATGC-1,1,27,119,5221,11698,38993.3333333333,17403.3333333333,30724.6666666667,188.895165273238,38804.4381680601,39182.2284986066,30535.7715013934,30913.5618319399
GGCCGAGACTCTGGTG-1,1,62,32,10535,4117,13723.3333333333,35116.6666666667,13011.3333333333,188.895165273238,13534.4381680601,13912.2284986066,12822.4381680601,13200.2284986066
GGCCGGCGTCTGCTAT-1,1,65,79,10988,8215,27383.3333333333,36626.6666666667,11501.3333333333,188.895165273238,27194.4381680601,27572.2284986066,11312.4381680601,11690.2284986066
GGCCGTTTGGGTTTCA-1,1,59,45,10080,5250,17500,33600,14528,188.895165273238,17311.1048347268,17688.8951652732,14339.1048347268,14716.8951652732
GGCCTGCTCTGATGTT-1,1,72,64,12051,6908,23026.6666666667,40170,7958,188.895165273238,22837.7715013934,23215.5618319399,7769.10483472676,8146.89516527324
GGCCTGCTTCTCCCGA-1,1,59,113,10076,11178,37260,33586.6666666667,14541.3333333333,188.895165273238,37071.1048347268,37448.8951652732,14352.4381680601,14730.2284986066
GGCGAAATCTAACTTG-1,1,43,87,7650,8910,29700,25500,22628,188.895165273238,29511.1048347268,29888.8951652732,22439.1048347268,22816.8951652732
GGCGAACCGTTCTGAT-1,1,17,127,3704,12395,41316.6666666667,12346.6666666667,35781.3333333333,188.895165273238,41127.7715013934,41505.5618319399,35592.4381680601,35970.2284986066
GGCGCATGAATTGATG-1,1,42,54,7500,6033,20110,25000,23128,188.895165273238,19921.1048347268,20298.8951652732,22939.1048347268,23316.8951652732
GGCGCGGAGATCTTTC-1,1,58,86,9926,8824,29413.3333333333,33086.6666666667,15041.3333333333,188.895165273238,29224.4381680601,29602.2284986066,14852.4381680601,15230.2284986066
GGCGCGTTCGAGTTTA-1,1,47,59,8258,6469,21563.3333333333,27526.6666666667,20601.3333333333,188.895165273238,21374.4381680601,21752.2284986066,20412.4381680601,20790.2284986066
GGCGCTTCATTCCCTG-1,1,67,71,11292,7517,25056.6666666667,37640,10488,188.895165273238,24867.7715013934,25245.5618319399,10299.1048347268,10676.8951652732
GGCGGAGTAATATTAG-1,1,32,46,5984,5334,17780,19946.6666666667,28181.3333333333,188.895165273238,17591.1048347268,17968.8951652732,27992.4381680601,28370.2284986066
GGCGGGCTCTAAGAGT-1,1,53,127,9165,12398,41326.6666666667,30550,17578,188.895165273238,41137.7715013934,41515.5618319399,17389.1048347268,17766.8951652732
GGCGGTAGGATCATTG-1,1,31,69,5831,7340,24466.6666666667,19436.6666666667,28691.3333333333,188.895165273238,24277.7715013934,24655.5618319399,28502.4381680601,28880.2284986066
GGCGTAGGGAAAGCTG-1,1,64,82,10836,8476,28253.3333333333,36120,12008,188.895165273238,28064.4381680601,28442.2284986066,11819.1048347268,12196.8951652732
GGCTACTATACACTCC-1,1,64,44,10838,5163,17210,36126.6666666667,12001.3333333333,188.895165273238,17021.1048347268,17398.8951652732,11812.4381680601,12190.2284986066
GGCTATTAAGTTGTAT-1,1,33,41,6136,4899,16330,20453.3333333333,27674.6666666667,188.895165273238,16141.1048347268,16518.8951652732,27485.7715013934,27863.5618319399
GGCTCCTCCACCTGTT-1,1,59,35,10080,4378,14593.3333333333,33600,14528,188.895165273238,14404.4381680601,14782.2284986066,14339.1048347268,14716.8951652732
GGCTCGCGTTGAGGTA-1,1,31,93,5829,9432,31440,19430,28698,188.895165273238,31251.1048347268,31628.8951652732,28509.1048347268,28886.8951652732
GGCTGAAATAGCAAAG-1,1,49,79,8561,8213,27376.6666666667,28536.6666666667,19591.3333333333,188.895165273238,27187.7715013934,27565.5618319399,19402.4381680601,19780.2284986066
GGCTTTCAATAAGGGT-1,1,60,62,10230,6732,22440,34100,14028,188.895165273238,22251.1048347268,22628.8951652732,13839.1048347268,14216.8951652732
GGGAACGGGAGGTTAG-1,1,39,37,7046,4551,15170,23486.6666666667,24641.3333333333,188.895165273238,14981.1048347268,15358.8951652732,24452.4381680601,24830.2284986066
GGGAACGGTTTCAGAT-1,1,64,32,10839,4117,13723.3333333333,36130,11998,188.895165273238,13534.4381680601,13912.2284986066,11809.1048347268,12186.8951652732
GGGAAGACGGTCTGTC-1,1,64,76,10836,7953,26510,36120,12008,188.895165273238,26321.1048347268,26698.8951652732,11819.1048347268,12196.8951652732
GGGAAGGGCTTTCTCA-1,1,63,87,10684,8912,29706.6666666667,35613.3333333333,12514.6666666667,188.895165273238,29517.7715013934,29895.5618319399,12325.7715013934,12703.5618319399
GGGACCCGTATATCTT-1,1,57,53,9776,5947,19823.3333333333,32586.6666666667,15541.3333333333,188.895165273238,19634.4381680601,20012.2284986066,15352.4381680601,15730.2284986066
GGGACTGCATAGATAG-1,1,32,60,5983,6555,21850,19943.3333333333,28184.6666666667,188.895165273238,21661.1048347268,22038.8951652732,27995.7715013934,28373.5618319399
GGGAGAACTCACAGTA-1,1,32,64,5983,6904,23013.3333333333,19943.3333333333,28184.6666666667,188.895165273238,22824.4381680601,23202.2284986066,27995.7715013934,28373.5618319399
GGGAGCGACCGTAGTG-1,1,68,86,11443,8825,29416.6666666667,38143.3333333333,9984.66666666666,188.895165273238,29227.7715013934,29605.5618319399,9795.77150139343,10173.5618319399
GGGAGGATGCCCGAAA-1,1,37,51,6742,5771,19236.6666666667,22473.3333333333,25654.6666666667,188.895165273238,19047.7715013934,19425.5618319399,25465.7715013934,25843.5618319399
GGGAGTTAATGAGGCG-1,1,33,75,6134,7863,26210,20446.6666666667,27681.3333333333,188.895165273238,26021.1048347268,26398.8951652732,27492.4381680601,27870.2284986066
GGGATCCCAATACAAA-1,1,18,120,3856,11785,39283.3333333333,12853.3333333333,35274.6666666667,188.895165273238,39094.4381680601,39472.2284986066,35085.7715013934,35463.5618319399
GGGATGGTCGTAACCG-1,1,47,43,8259,5074,16913.3333333333,27530,20598,188.895165273238,16724.4381680601,17102.2284986066,20409.1048347268,20786.8951652732
GGGATTTACCGCACCT-1,1,42,90,7498,9171,30570,24993.3333333333,23134.6666666667,188.895165273238,30381.1048347268,30758.8951652732,22945.7715013934,23323.5618319399
GGGCACGTAGTACTGT-1,1,70,48,11748,5512,18373.3333333333,39160,8968,188.895165273238,18184.4381680601,18562.2284986066,8779.10483472676,9156.89516527324
GGGCAGAGCAATCGTT-1,1,58,60,9927,6558,21860,33090,15038,188.895165273238,21671.1048347268,22048.8951652732,14849.1048347268,15226.8951652732
GGGCAGTCAACGCCAA-1,1,69,79,11595,8215,27383.3333333333,38650,9478,188.895165273238,27194.4381680601,27572.2284986066,9289.10483472676,9666.89516527324
GGGCATGCATGTCGAG-1,1,73,55,12203,6123,20410,40676.6666666667,7451.33333333333,188.895165273238,20221.1048347268,20598.8951652732,7262.43816806009,7640.22849860657
GGGCCCGTCTTAAACA-1,1,42,52,7500,5859,19530,25000,23128,188.895165273238,19341.1048347268,19718.8951652732,22939.1048347268,23316.8951652732
GGGCCGGCCGAAGTAC-1,1,36,84,6588,8648,28826.6666666667,21960,26168,188.895165273238,28637.7715013934,29015.5618319399,25979.1048347268,26356.8951652732
GGGCGCAGCGTTACTC-1,1,34,120,6283,11786,39286.6666666667,20943.3333333333,27184.6666666667,188.895165273238,39097.7715013934,39475.5618319399,26995.7715013934,27373.5618319399
GGGCGGCAAATGAATT-1,1,49,45,8563,5249,17496.6666666667,28543.3333333333,19584.6666666667,188.895165273238,17307.7715013934,17685.5618319399,19395.7715013934,19773.5618319399
GGGCGGGTTCCCTACG-1,1,43,37,7653,4551,15170,25510,22618,188.895165273238,14981.1048347268,15358.8951652732,22429.1048347268,22806.8951652732
GGGCGTCACCACGTAA-1,1,48,50,8411,5685,18950,28036.6666666667,20091.3333333333,188.895165273238,18761.1048347268,19138.8951652732,19902.4381680601,20280.2284986066
GGGCGTGGTTTCCCAG-1,1,61,81,10381,8389,27963.3333333333,34603.3333333333,13524.6666666667,188.895165273238,27774.4381680601,28152.2284986066,13335.7715013934,13713.5618319399
GGGCGTTTACATTCAT-1,1,66,26,11142,3594,11980,37140,10988,188.895165273238,11791.1048347268,12168.8951652732,10799.1048347268,11176.8951652732
GGGCTATGATCGATGG-1,1,57,51,9776,5773,19243.3333333333,32586.6666666667,15541.3333333333,188.895165273238,19054.4381680601,19432.2284986066,15352.4381680601,15730.2284986066
GGGCTGCCTAGGGCGA-1,1,33,69,6134,7340,24466.6666666667,20446.6666666667,27681.3333333333,188.895165273238,24277.7715013934,24655.5618319399,27492.4381680601,27870.2284986066
GGGTACTTCATGAACT-1,1,37,39,6742,4725,15750,22473.3333333333,25654.6666666667,188.895165273238,15561.1048347268,15938.8951652732,25465.7715013934,25843.5618319399
GGGTCACCGTGACGGT-1,1,35,47,6439,5422,18073.3333333333,21463.3333333333,26664.6666666667,188.895165273238,17884.4381680601,18262.2284986066,26475.7715013934,26853.5618319399
GGGTCAGGAGCTAGAT-1,1,65,55,10989,6122,20406.6666666667,36630,11498,188.895165273238,20217.7715013934,20595.5618319399,11309.1048347268,11686.8951652732
GGGTCGTGGCAAGTGT-1,1,25,107,4918,10652,35506.6666666667,16393.3333333333,31734.6666666667,188.895165273238,35317.7715013934,35695.5618319399,31545.7715013934,31923.5618319399
GGGTCTATCGCTTTCC-1,1,63,113,10683,11179,37263.3333333333,35610,12518,188.895165273238,37074.4381680601,37452.2284986066,12329.1048347268,12706.8951652732
GGGTGACACCTTAACT-1,1,46,56,8107,6208,20693.3333333333,27023.3333333333,21104.6666666667,188.895165273238,20504.4381680601,20882.2284986066,20915.7715013934,21293.5618319399
GGGTGCATATGAAAGC-1,1,30,112,5677,11088,36960,18923.3333333333,29204.6666666667,188.895165273238,36771.1048347268,37148.8951652732,29015.7715013934,29393.5618319399
GGGTTAACATTTGAGT-1,1,54,50,9321,5685,18950,31070,17058,188.895165273238,18761.1048347268,19138.8951652732,16869.1048347268,17246.8951652732
GGGTTTAGGATAGGAT-1,1,43,107,7649,10654,35513.3333333333,25496.6666666667,22631.3333333333,188.895165273238,35324.4381680601,35702.2284986066,22442.4381680601,22820.2284986066
GGTAACCGGGAGGATA-1,1,57,27,9777,3680,12266.6666666667,32590,15538,188.895165273238,12077.7715013934,12455.5618319399,15349.1048347268,15726.8951652732
GGTACAAACATGCTAT-1,1,40,54,7197,6033,20110,23990,24138,188.895165273238,19921.1048347268,20298.8951652732,23949.1048347268,24326.8951652732
GGTACACCAGATTTAT-1,1,26,118,5070,11611,38703.3333333333,16900,31228,188.895165273238,38514.4381680601,38892.2284986066,31039.1048347268,31416.8951652732
GGTACCATTAAGACGG-1,1,29,105,5525,10478,34926.6666666667,18416.6666666667,29711.3333333333,188.895165273238,34737.7715013934,35115.5618319399,29522.4381680601,29900.2284986066
GGTACGTTGCGGCCGG-1,1,66,112,11138,11092,36973.3333333333,37126.6666666667,11001.3333333333,188.895165273238,36784.4381680601,37162.2284986066,10812.4381680601,11190.2284986066
GGTACTAAGTGCTTTG-1,1,51,123,8862,12049,40163.3333333333,29540,18588,188.895165273238,39974.4381680601,40352.2284986066,18399.1048347268,18776.8951652732
GGTAGAAGACCGCCTG-1,1,53,71,9168,7516,25053.3333333333,30560,17568,188.895165273238,24864.4381680601,25242.2284986066,17379.1048347268,17756.8951652732
GGTAGACCGTTGGGCG-1,1,53,53,9169,5947,19823.3333333333,30563.3333333333,17564.6666666667,188.895165273238,19634.4381680601,20012.2284986066,17375.7715013934,17753.5618319399
GGTAGGCCAATATCAC-1,1,74,54,12354,6036,20120,41180,6948,188.895165273238,19931.1048347268,20308.8951652732,6759.10483472676,7136.89516527324
GGTAGTGCTCGCACCA-1,1,34,72,6286,7601,25336.6666666667,20953.3333333333,27174.6666666667,188.895165273238,25147.7715013934,25525.5618319399,26985.7715013934,27363.5618319399
GGTATAGTGACACATA-1,1,34,114,6283,11263,37543.3333333333,20943.3333333333,27184.6666666667,188.895165273238,37354.4381680601,37732.2284986066,26995.7715013934,27373.5618319399
GGTATTGCCGAGTTTA-1,1,33,53,6135,5945,19816.6666666667,20450,27678,188.895165273238,19627.7715013934,20005.5618319399,27489.1048347268,27866.8951652732
GGTCAAGACTACTTCG-1,1,53,105,9166,10480,34933.3333333333,30553.3333333333,17574.6666666667,188.895165273238,34744.4381680601,35122.2284986066,17385.7715013934,17763.5618319399
GGTCAGTGGGTCCCAC-1,1,48,62,8410,6731,22436.6666666667,28033.3333333333,20094.6666666667,188.895165273238,22247.7715013934,22625.5618319399,19905.7715013934,20283.5618319399
GGTCGGCCAGGAGCTT-1,1,32,84,5982,8647,28823.3333333333,19940,28188,188.895165273238,28634.4381680601,29012.2284986066,27999.1048347268,28376.8951652732
GGTCGGTCGTCCACAG-1,1,56,52,9624,5860,19533.3333333333,32080,16048,188.895165273238,19344.4381680601,19722.2284986066,15859.1048347268,16236.8951652732
GGTCTCCAAGTAGTGC-1,1,49,125,8558,12224,40746.6666666667,28526.6666666667,19601.3333333333,188.895165273238,40557.7715013934,40935.5618319399,19412.4381680601,19790.2284986066
GGTCTCCGTCCAGGTT-1,1,63,101,10683,10132,33773.3333333333,35610,12518,188.895165273238,33584.4381680601,33962.2284986066,12329.1048347268,12706.8951652732
GGTCTCTGAATGGACT-1,1,52,34,9018,4290,14300,30060,18068,188.895165273238,14111.1048347268,14488.8951652732,17879.1048347268,18256.8951652732
GGTCTTGAGCGCTCTT-1,1,65,65,10989,6994,23313.3333333333,36630,11498,188.895165273238,23124.4381680601,23502.2284986066,11309.1048347268,11686.8951652732
GGTGAAGTACAGGGAT-1,1,47,37,8260,4551,15170,27533.3333333333,20594.6666666667,188.895165273238,14981.1048347268,15358.8951652732,20405.7715013934,20783.5618319399
GGTGATAAGGAGCAGT-1,1,37,79,6740,8212,27373.3333333333,22466.6666666667,25661.3333333333,188.895165273238,27184.4381680601,27562.2284986066,25472.4381680601,25850.2284986066
GGTGCATAAATGATTA-1,1,67,47,11293,5425,18083.3333333333,37643.3333333333,10484.6666666667,188.895165273238,17894.4381680601,18272.2284986066,10295.7715013934,10673.5618319399
GGTGCTGGTACACATT-1,1,42,46,7501,5335,17783.3333333333,25003.3333333333,23124.6666666667,188.895165273238,17594.4381680601,17972.2284986066,22935.7715013934,23313.5618319399
GGTGGACTGCTCTGGC-1,1,55,85,9471,8737,29123.3333333333,31570,16558,188.895165273238,28934.4381680601,29312.2284986066,16369.1048347268,16746.8951652732
GGTGGAGGTTGATACG-1,1,44,122,7800,11961,39870,26000,22128,188.895165273238,39681.1048347268,40058.8951652732,21939.1048347268,22316.8951652732
GGTGTAAATCGATTGT-1,1,69,65,11595,6994,23313.3333333333,38650,9478,188.895165273238,23124.4381680601,23502.2284986066,9289.10483472676,9666.89516527324
GGTGTAGGTAAGTAAA-1,1,70,50,11748,5687,18956.6666666667,39160,8968,188.895165273238,18767.7715013934,19145.5618319399,8779.10483472676,9156.89516527324
GGTGTTGGGCGTCTTA-1,1,49,123,8558,12049,40163.3333333333,28526.6666666667,19601.3333333333,188.895165273238,39974.4381680601,40352.2284986066,19412.4381680601,19790.2284986066
GGTTACCACCCTCGGG-1,1,45,33,7956,4202,14006.6666666667,26520,21608,188.895165273238,13817.7715013934,14195.5618319399,21419.1048347268,21796.8951652732
GGTTACCCGACACTTT-1,1,33,123,6131,12048,40160,20436.6666666667,27691.3333333333,188.895165273238,39971.1048347268,40348.8951652732,27502.4381680601,27880.2284986066
GGTTAGCTATATGTCT-1,1,47,87,8257,8910,29700,27523.3333333333,20604.6666666667,188.895165273238,29511.1048347268,29888.8951652732,20415.7715013934,20793.5618319399
GGTTCTACTCGTCTGA-1,1,39,105,7042,10479,34930,23473.3333333333,24654.6666666667,188.895165273238,34741.1048347268,35118.8951652732,24465.7715013934,24843.5618319399
GGTTTAATTACCATCG-1,1,63,39,10687,4727,15756.6666666667,35623.3333333333,12504.6666666667,188.895165273238,15567.7715013934,15945.5618319399,12315.7715013934,12693.5618319399
GGTTTAATTGAGCAGG-1,1,26,116,5070,11437,38123.3333333333,16900,31228,188.895165273238,37934.4381680601,38312.2284986066,31039.1048347268,31416.8951652732
GGTTTAGCCTTTCTTG-1,1,46,102,8104,10218,34060,27013.3333333333,21114.6666666667,188.895165273238,33871.1048347268,34248.8951652732,20925.7715013934,21303.5618319399
GGTTTCAATCGGTCAG-1,1,33,91,6133,9258,30860,20443.3333333333,27684.6666666667,188.895165273238,30671.1048347268,31048.8951652732,27495.7715013934,27873.5618319399
GGTTTGTGACCTGAGG-1,1,61,105,10380,10481,34936.6666666667,34600,13528,188.895165273238,34747.7715013934,35125.5618319399,13339.1048347268,13716.8951652732
GTAACATCTAAGATAA-1,1,56,110,9621,10916,36386.6666666667,32070,16058,188.895165273238,36197.7715013934,36575.5618319399,15869.1048347268,16246.8951652732
GTAACTGCCCAAGGAG-1,1,66,46,11141,5338,17793.3333333333,37136.6666666667,10991.3333333333,188.895165273238,17604.4381680601,17982.2284986066,10802.4381680601,11180.2284986066
GTAAGTAACAGTCTGG-1,1,40,82,7195,8474,28246.6666666667,23983.3333333333,24144.6666666667,188.895165273238,28057.7715013934,28435.5618319399,23955.7715013934,24333.5618319399
GTAAGTCCACACTCTA-1,1,43,119,7648,11700,39000,25493.3333333333,22634.6666666667,188.895165273238,38811.1048347268,39188.8951652732,22445.7715013934,22823.5618319399
GTAATAAAGGGCTCCC-1,1,31,103,5829,10304,34346.6666666667,19430,28698,188.895165273238,34157.7715013934,34535.5618319399,28509.1048347268,28886.8951652732
GTAATCTGATTCTTCG-1,1,50,44,8714,5162,17206.6666666667,29046.6666666667,19081.3333333333,188.895165273238,17017.7715013934,17395.5618319399,18892.4381680601,19270.2284986066
GTACACTTACCTGAAG-1,1,36,64,6589,6904,23013.3333333333,21963.3333333333,26164.6666666667,188.895165273238,22824.4381680601,23202.2284986066,25975.7715013934,26353.5618319399
GTACAGAGGCAAGGGT-1,1,37,83,6740,8561,28536.6666666667,22466.6666666667,25661.3333333333,188.895165273238,28347.7715013934,28725.5618319399,25472.4381680601,25850.2284986066
GTACGCTTCATTGCAC-1,1,46,72,8106,7603,25343.3333333333,27020,21108,188.895165273238,25154.4381680601,25532.2284986066,20919.1048347268,21296.8951652732
GTACGTTTGCCCGTCA-1,1,44,68,7803,7254,24180,26010,22118,188.895165273238,23991.1048347268,24368.8951652732,21929.1048347268,22306.8951652732
GTACTCCTGGGTATGC-1,1,26,102,5070,10216,34053.3333333333,16900,31228,188.895165273238,33864.4381680601,34242.2284986066,31039.1048347268,31416.8951652732
GTACTGGAGTTAGACC-1,1,33,81,6133,8386,27953.3333333333,20443.3333333333,27684.6666666667,188.895165273238,27764.4381680601,28142.2284986066,27495.7715013934,27873.5618319399
GTAGACACGCCTGACT-1,1,63,67,10685,7168,23893.3333333333,35616.6666666667,12511.3333333333,188.895165273238,23704.4381680601,24082.2284986066,12322.4381680601,12700.2284986066
GTAGAGGGAGACAAGT-1,1,51,31,8867,4029,13430,29556.6666666667,18571.3333333333,188.895165273238,13241.1048347268,13618.8951652732,18382.4381680601,18760.2284986066
GTAGCCAAACATGGGA-1,1,50,70,8713,7429,24763.3333333333,29043.3333333333,19084.6666666667,188.895165273238,24574.4381680601,24952.2284986066,18895.7715013934,19273.5618319399
GTAGCGGCTATACACT-1,1,39,69,7044,7340,24466.6666666667,23480,24648,188.895165273238,24277.7715013934,24655.5618319399,24459.1048347268,24836.8951652732
GTAGCTCCGGGAGGCT-1,1,65,37,10990,4553,15176.6666666667,36633.3333333333,11494.6666666667,188.895165273238,14987.7715013934,15365.5618319399,11305.7715013934,11683.5618319399
GTAGCTTCCTCTTGTT-1,1,31,89,5830,9083,30276.6666666667,19433.3333333333,28694.6666666667,188.895165273238,30087.7715013934,30465.5618319399,28505.7715013934,28883.5618319399
GTAGTCGCGGGAATCA-1,1,49,81,8561,8387,27956.6666666667,28536.6666666667,19591.3333333333,188.895165273238,27767.7715013934,28145.5618319399,19402.4381680601,19780.2284986066
GTAGTCTACGATATTG-1,1,63,77,10685,8040,26800,35616.6666666667,12511.3333333333,188.895165273238,26611.1048347268,26988.8951652732,12322.4381680601,12700.2284986066
GTAGTTCGAAGGCGAA-1,1,65,39,10990,4727,15756.6666666667,36633.3333333333,11494.6666666667,188.895165273238,15567.7715013934,15945.5618319399,11305.7715013934,11683.5618319399
GTATCAAACGTTAGCT-1,1,55,97,9470,9783,32610,31566.6666666667,16561.3333333333,188.895165273238,32421.1048347268,32798.8951652732,16372.4381680601,16750.2284986066
GTATCAAGGTACTTCC-1,1,72,72,12050,7605,25350,40166.6666666667,7961.33333333333,188.895165273238,25161.1048347268,25538.8951652732,7772.43816806009,8150.22849860657
GTATCCTTTGGTAACC-1,1,64,92,10835,9348,31160,36116.6666666667,12011.3333333333,188.895165273238,30971.1048347268,31348.8951652732,11822.4381680601,12200.2284986066
GTATCTTTCATAACCA-1,1,46,66,8106,7079,23596.6666666667,27020,21108,188.895165273238,23407.7715013934,23785.5618319399,20919.1048347268,21296.8951652732
GTATGTGGGTCTAGTT-1,1,38,92,6891,9345,31150,22970,25158,188.895165273238,30961.1048347268,31338.8951652732,24969.1048347268,25346.8951652732
GTATTCTGAGAAACGA-1,1,48,38,8411,4639,15463.3333333333,28036.6666666667,20091.3333333333,188.895165273238,15274.4381680601,15652.2284986066,19902.4381680601,20280.2284986066
GTATTTAATGGCATAA-1,1,52,120,9014,11788,39293.3333333333,30046.6666666667,18081.3333333333,188.895165273238,39104.4381680601,39482.2284986066,17892.4381680601,18270.2284986066
GTCAACCAGGCCTATA-1,1,65,103,10987,10307,34356.6666666667,36623.3333333333,11504.6666666667,188.895165273238,34167.7715013934,34545.5618319399,11315.7715013934,11693.5618319399
GTCAAGCGGACTCGGG-1,1,39,77,7044,8038,26793.3333333333,23480,24648,188.895165273238,26604.4381680601,26982.2284986066,24459.1048347268,24836.8951652732
GTCAATGCTATAATTT-1,1,22,120,4463,11785,39283.3333333333,14876.6666666667,33251.3333333333,188.895165273238,39094.4381680601,39472.2284986066,33062.4381680601,33440.2284986066
GTCATGCGCGAGGGCT-1,1,64,98,10835,9871,32903.3333333333,36116.6666666667,12011.3333333333,188.895165273238,32714.4381680601,33092.2284986066,11822.4381680601,12200.2284986066
GTCATTAGAGCGAACG-1,1,37,67,6741,7166,23886.6666666667,22470,25658,188.895165273238,23697.7715013934,24075.5618319399,25469.1048347268,25846.8951652732
GTCCAATATTTAGCCT-1,1,65,53,10989,5948,19826.6666666667,36630,11498,188.895165273238,19637.7715013934,20015.5618319399,11309.1048347268,11686.8951652732
GTCCAGGCACGTGTGC-1,1,70,44,11748,5164,17213.3333333333,39160,8968,188.895165273238,17024.4381680601,17402.2284986066,8779.10483472676,9156.89516527324
GTCCATTACTGCTACG-1,1,42,106,7497,10566,35220,24990,23138,188.895165273238,35031.1048347268,35408.8951652732,22949.1048347268,23326.8951652732
GTCCCGCGACGTTATG-1,1,58,82,9926,8476,28253.3333333333,33086.6666666667,15041.3333333333,188.895165273238,28064.4381680601,28442.2284986066,14852.4381680601,15230.2284986066
GTCCGGACCTGAAATT-1,1,54,88,9319,8998,29993.3333333333,31063.3333333333,17064.6666666667,188.895165273238,29804.4381680601,30182.2284986066,16875.7715013934,17253.5618319399
GTCCGGGTTCACATTA-1,1,69,71,11595,7518,25060,38650,9478,188.895165273238,24871.1048347268,25248.8951652732,9289.10483472676,9666.89516527324
GTCCTACGAATAGTCT-1,1,53,91,9167,9260,30866.6666666667,30556.6666666667,17571.3333333333,188.895165273238,30677.7715013934,31055.5618319399,17382.4381680601,17760.2284986066
GTCGATAGGTGACTTT-1,1,53,121,9165,11875,39583.3333333333,30550,17578,188.895165273238,39394.4381680601,39772.2284986066,17389.1048347268,17766.8951652732
GTCGCCGTTGTGTGTT-1,1,57,43,9776,5075,16916.6666666667,32586.6666666667,15541.3333333333,188.895165273238,16727.7715013934,17105.5618319399,15352.4381680601,15730.2284986066
GTCGCGTAACCCGTTG-1,1,39,75,7044,7863,26210,23480,24648,188.895165273238,26021.1048347268,26398.8951652732,24459.1048347268,24836.8951652732
GTCGGATATCTCAGAC-1,1,32,36,5984,4463,14876.6666666667,19946.6666666667,28181.3333333333,188.895165273238,14687.7715013934,15065.5618319399,27992.4381680601,28370.2284986066
GTCGGGAAGCAGAAAC-1,1,59,65,10078,6994,23313.3333333333,33593.3333333333,14534.6666666667,188.895165273238,23124.4381680601,23502.2284986066,14345.7715013934,14723.5618319399
GTCGTACCATCTCGGG-1,1,46,62,8107,6731,22436.6666666667,27023.3333333333,21104.6666666667,188.895165273238,22247.7715013934,22625.5618319399,20915.7715013934,21293.5618319399
GTCGTCTGGTTGGCTA-1,1,30,122,5676,11960,39866.6666666667,18920,29208,188.895165273238,39677.7715013934,40055.5618319399,29019.1048347268,29396.8951652732
GTCGTTATTCGCTTAT-1,1,46,76,8106,7951,26503.3333333333,27020,21108,188.895165273238,26314.4381680601,26692.2284986066,20919.1048347268,21296.8951652732
GTCTAGTGAGCCGCTT-1,1,66,92,11139,9348,31160,37130,10998,188.895165273238,30971.1048347268,31348.8951652732,10809.1048347268,11186.8951652732
GTCTATACACGCATGG-1,1,74,50,12355,5687,18956.6666666667,41183.3333333333,6944.66666666667,188.895165273238,18767.7715013934,19145.5618319399,6755.77150139343,7133.5618319399
GTCTATCTGAGTTTCT-1,1,40,42,7197,4987,16623.3333333333,23990,24138,188.895165273238,16434.4381680601,16812.2284986066,23949.1048347268,24326.8951652732
GTCTATTGCATGCTCG-1,1,65,105,10986,10481,34936.6666666667,36620,11508,188.895165273238,34747.7715013934,35125.5618319399,11319.1048347268,11696.8951652732
GTCTATTGGTTCCGGT-1,1,50,90,8712,9172,30573.3333333333,29040,19088,188.895165273238,30384.4381680601,30762.2284986066,18899.1048347268,19276.8951652732
GTCTCAAGGCCCGGCT-1,1,60,66,10230,7081,23603.3333333333,34100,14028,188.895165273238,23414.4381680601,23792.2284986066,13839.1048347268,14216.8951652732
GTCTCCGCCTCAATAC-1,1,71,61,11899,6646,22153.3333333333,39663.3333333333,8464.66666666666,188.895165273238,21964.4381680601,22342.2284986066,8275.77150139343,8653.5618319399
GTCTCCTGCCAGTATG-1,1,59,13,10081,2460,8200,33603.3333333333,14524.6666666667,188.895165273238,8011.10483472676,8388.89516527324,14335.7715013934,14713.5618319399
GTCTGCCGACTCGACG-1,1,73,87,12201,8913,29710,40670,7458,188.895165273238,29521.1048347268,29898.8951652732,7269.10483472676,7646.89516527324
GTCTGGGCGGTCGAGA-1,1,46,44,8107,5161,17203.3333333333,27023.3333333333,21104.6666666667,188.895165273238,17014.4381680601,17392.2284986066,20915.7715013934,21293.5618319399
GTCTTGAGGAGCAGTG-1,1,38,116,6890,11438,38126.6666666667,22966.6666666667,25161.3333333333,188.895165273238,37937.7715013934,38315.5618319399,24972.4381680601,25350.2284986066
GTCTTGTAGCTATTCA-1,1,44,112,7800,11090,36966.6666666667,26000,22128,188.895165273238,36777.7715013934,37155.5618319399,21939.1048347268,22316.8951652732
GTGAACTCCCATTCGA-1,1,30,104,5677,10391,34636.6666666667,18923.3333333333,29204.6666666667,188.895165273238,34447.7715013934,34825.5618319399,29015.7715013934,29393.5618319399
GTGACAGCTTCCCACT-1,1,64,74,10836,7779,25930,36120,12008,188.895165273238,25741.1048347268,26118.8951652732,11819.1048347268,12196.8951652732
GTGACCGCACACTACG-1,1,39,91,7043,9258,30860,23476.6666666667,24651.3333333333,188.895165273238,30671.1048347268,31048.8951652732,24462.4381680601,24840.2284986066
GTGACCTAAAGAATAA-1,1,30,124,5676,12135,40450,18920,29208,188.895165273238,40261.1048347268,40638.8951652732,29019.1048347268,29396.8951652732
GTGACGAGGGTGACCC-1,1,32,114,5980,11263,37543.3333333333,19933.3333333333,28194.6666666667,188.895165273238,37354.4381680601,37732.2284986066,28005.7715013934,28383.5618319399
GTGACGCAGGTTTCAT-1,1,65,75,10988,7866,26220,36626.6666666667,11501.3333333333,188.895165273238,26031.1048347268,26408.8951652732,11312.4381680601,11690.2284986066
GTGACTTCAGTAGTGC-1,1,46,50,8107,5685,18950,27023.3333333333,21104.6666666667,188.895165273238,18761.1048347268,19138.8951652732,20915.7715013934,21293.5618319399
GTGAGATAACCTTATA-1,1,69,41,11597,4902,16340,38656.6666666667,9471.33333333333,188.895165273238,16151.1048347268,16528.8951652732,9282.43816806009,9660.22849860657
GTGAGGACACTTAAGG-1,1,41,77,7347,8038,26793.3333333333,24490,23638,188.895165273238,26604.4381680601,26982.2284986066,23449.1048347268,23826.8951652732
GTGAGTGGTACAACGC-1,1,52,56,9017,6208,20693.3333333333,30056.6666666667,18071.3333333333,188.895165273238,20504.4381680601,20882.2284986066,17882.4381680601,18260.2284986066
GTGATCAAGCGTGCAC-1,1,65,27,10991,3681,12270,36636.6666666667,11491.3333333333,188.895165273238,12081.1048347268,12458.8951652732,11302.4381680601,11680.2284986066
GTGATCACTAACGCCT-1,1,47,97,8256,9782,32606.6666666667,27520,20608,188.895165273238,32417.7715013934,32795.5618319399,20419.1048347268,20796.8951652732
GTGATCATAGATCTGC-1,1,45,57,7955,6295,20983.3333333333,26516.6666666667,21611.3333333333,188.895165273238,20794.4381680601,21172.2284986066,21422.4381680601,21800.2284986066
GTGATCCTTGTCATGA-1,1,62,84,10532,8650,28833.3333333333,35106.6666666667,13021.3333333333,188.895165273238,28644.4381680601,29022.2284986066,12832.4381680601,13210.2284986066
GTGATTCGCCGCTCAA-1,1,48,40,8411,4813,16043.3333333333,28036.6666666667,20091.3333333333,188.895165273238,15854.4381680601,16232.2284986066,19902.4381680601,20280.2284986066
GTGCACCAGCTTCAAC-1,1,66,54,11141,6035,20116.6666666667,37136.6666666667,10991.3333333333,188.895165273238,19927.7715013934,20305.5618319399,10802.4381680601,11180.2284986066
GTGCAGCGTAGAGTAG-1,1,52,124,9013,12137,40456.6666666667,30043.3333333333,18084.6666666667,188.895165273238,40267.7715013934,40645.5618319399,17895.7715013934,18273.5618319399
GTGCCATCACACGGTG-1,1,42,34,7501,4289,14296.6666666667,25003.3333333333,23124.6666666667,188.895165273238,14107.7715013934,14485.5618319399,22935.7715013934,23313.5618319399
GTGCCCGTTCGGATTC-1,1,39,85,7043,8735,29116.6666666667,23476.6666666667,24651.3333333333,188.895165273238,28927.7715013934,29305.5618319399,24462.4381680601,24840.2284986066
GTGCCGCTTCAAAGGT-1,1,44,44,7804,5161,17203.3333333333,26013.3333333333,22114.6666666667,188.895165273238,17014.4381680601,17392.2284986066,21925.7715013934,22303.5618319399
GTGCCTGAGACCAAAC-1,1,69,89,11594,9087,30290,38646.6666666667,9481.33333333333,188.895165273238,30101.1048347268,30478.8951652732,9292.43816806009,9670.22849860657
GTGCGAAATCGAACAC-1,1,45,43,7956,5074,16913.3333333333,26520,21608,188.895165273238,16724.4381680601,17102.2284986066,21419.1048347268,21796.8951652732
GTGCGACAGGGAGTGT-1,1,36,100,6587,10043,33476.6666666667,21956.6666666667,26171.3333333333,188.895165273238,33287.7715013934,33665.5618319399,25982.4381680601,26360.2284986066
GTGCGTGTATATGAGC-1,1,41,83,7347,8561,28536.6666666667,24490,23638,188.895165273238,28347.7715013934,28725.5618319399,23449.1048347268,23826.8951652732
GTGCTATCCAGCTGGA-1,1,76,66,12657,7082,23606.6666666667,42190,5938,188.895165273238,23417.7715013934,23795.5618319399,5749.10483472676,6126.89516527324
GTGCTCAAGTACTGTC-1,1,34,52,6287,5858,19526.6666666667,20956.6666666667,27171.3333333333,188.895165273238,19337.7715013934,19715.5618319399,26982.4381680601,27360.2284986066
GTGCTTACATCAGCGC-1,1,46,116,8104,11439,38130,27013.3333333333,21114.6666666667,188.895165273238,37941.1048347268,38318.8951652732,20925.7715013934,21303.5618319399
GTGGACCAACCCGATT-1,1,45,29,7957,3854,12846.6666666667,26523.3333333333,21604.6666666667,188.895165273238,12657.7715013934,13035.5618319399,21415.7715013934,21793.5618319399
GTGGACGCATTTGTCC-1,1,56,64,9623,6906,23020,32076.6666666667,16051.3333333333,188.895165273238,22831.1048347268,23208.8951652732,15862.4381680601,16240.2284986066
GTGGAGCATGTCGGCC-1,1,37,125,6738,12222,40740,22460,25668,188.895165273238,40551.1048347268,40928.8951652732,25479.1048347268,25856.8951652732
GTGGAGCGTTTACCGA-1,1,58,16,9929,2721,9070,33096.6666666667,15031.3333333333,188.895165273238,8881.10483472676,9258.89516527324,14842.4381680601,15220.2284986066
GTGGAGTCGGCGGTTG-1,1,54,38,9321,4639,15463.3333333333,31070,17058,188.895165273238,15274.4381680601,15652.2284986066,16869.1048347268,17246.8951652732
GTGGCTGTTTCTGTTC-1,1,70,92,11746,9348,31160,39153.3333333333,8974.66666666666,188.895165273238,30971.1048347268,31348.8951652732,8785.77150139343,9163.5618319399
GTGGGAACAAACCGGG-1,1,71,47,11900,5425,18083.3333333333,39666.6666666667,8461.33333333333,188.895165273238,17894.4381680601,18272.2284986066,8272.43816806009,8650.22849860657
GTGGTATAGTCTGCCG-1,1,57,41,9776,4901,16336.6666666667,32586.6666666667,15541.3333333333,188.895165273238,16147.7715013934,16525.5618319399,15352.4381680601,15730.2284986066
GTGGTGATGGTTTGTG-1,1,54,126,9317,12311,41036.6666666667,31056.6666666667,17071.3333333333,188.895165273238,40847.7715013934,41225.5618319399,16882.4381680601,17260.2284986066
GTGGTGGCCAAGTGAA-1,1,45,79,7954,8213,27376.6666666667,26513.3333333333,21614.6666666667,188.895165273238,27187.7715013934,27565.5618319399,21425.7715013934,21803.5618319399
GTGGTTACTTCTTTCG-1,1,31,105,5829,10478,34926.6666666667,19430,28698,188.895165273238,34737.7715013934,35115.5618319399,28509.1048347268,28886.8951652732
GTGGTTTCCGCCTTTC-1,1,42,32,7501,4115,13716.6666666667,25003.3333333333,23124.6666666667,188.895165273238,13527.7715013934,13905.5618319399,22935.7715013934,23313.5618319399
GTGTACGAACCGTTCC-1,1,43,127,7648,12397,41323.3333333333,25493.3333333333,22634.6666666667,188.895165273238,41134.4381680601,41512.2284986066,22445.7715013934,22823.5618319399
GTGTATATCAGCGGGC-1,1,58,76,9926,7952,26506.6666666667,33086.6666666667,15041.3333333333,188.895165273238,26317.7715013934,26695.5618319399,14852.4381680601,15230.2284986066
GTGTCAGTGTACGTGG-1,1,68,42,11445,4989,16630,38150,9978,188.895165273238,16441.1048347268,16818.8951652732,9789.10483472676,10166.8951652732
GTGTCGTATAGCGTTC-1,1,54,76,9319,7952,26506.6666666667,31063.3333333333,17064.6666666667,188.895165273238,26317.7715013934,26695.5618319399,16875.7715013934,17253.5618319399
GTGTGAATAACTTAGG-1,1,33,83,6133,8560,28533.3333333333,20443.3333333333,27684.6666666667,188.895165273238,28344.4381680601,28722.2284986066,27495.7715013934,27873.5618319399
GTGTTACTATGCGTCC-1,1,41,75,7347,7864,26213.3333333333,24490,23638,188.895165273238,26024.4381680601,26402.2284986066,23449.1048347268,23826.8951652732
GTTAAAGTAGGACTGG-1,1,49,83,8560,8562,28540,28533.3333333333,19594.6666666667,188.895165273238,28351.1048347268,28728.8951652732,19405.7715013934,19783.5618319399
GTTAACATCACTTAAA-1,1,55,73,9471,7691,25636.6666666667,31570,16558,188.895165273238,25447.7715013934,25825.5618319399,16369.1048347268,16746.8951652732
GTTAACTATGTTGTCA-1,1,43,111,7649,11002,36673.3333333333,25496.6666666667,22631.3333333333,188.895165273238,36484.4381680601,36862.2284986066,22442.4381680601,22820.2284986066
GTTAAGGGTGCGATGT-1,1,61,71,10381,7517,25056.6666666667,34603.3333333333,13524.6666666667,188.895165273238,24867.7715013934,25245.5618319399,13335.7715013934,13713.5618319399
GTTAAGTTAGAGTGGG-1,1,36,116,6587,11438,38126.6666666667,21956.6666666667,26171.3333333333,188.895165273238,37937.7715013934,38315.5618319399,25982.4381680601,26360.2284986066
GTTACAATTGGTGACG-1,1,37,33,6743,4202,14006.6666666667,22476.6666666667,25651.3333333333,188.895165273238,13817.7715013934,14195.5618319399,25462.4381680601,25840.2284986066
GTTACCTACAACTTGC-1,1,47,67,8258,7167,23890,27526.6666666667,20601.3333333333,188.895165273238,23701.1048347268,24078.8951652732,20412.4381680601,20790.2284986066
GTTACTTTGGGCCTAG-1,1,43,51,7652,5771,19236.6666666667,25506.6666666667,22621.3333333333,188.895165273238,19047.7715013934,19425.5618319399,22432.4381680601,22810.2284986066
GTTAGCCCATGACATC-1,1,67,75,11291,7866,26220,37636.6666666667,10491.3333333333,188.895165273238,26031.1048347268,26408.8951652732,10302.4381680601,10680.2284986066
GTTAGCCGTAAATCAA-1,1,30,110,5677,10914,36380,18923.3333333333,29204.6666666667,188.895165273238,36191.1048347268,36568.8951652732,29015.7715013934,29393.5618319399
GTTAGGCTACCCGTTT-1,1,54,14,9323,2547,8490,31076.6666666667,17051.3333333333,188.895165273238,8301.10483472676,8678.89516527324,16862.4381680601,17240.2284986066
GTTATAATACGGTGAA-1,1,53,107,9166,10655,35516.6666666667,30553.3333333333,17574.6666666667,188.895165273238,35327.7715013934,35705.5618319399,17385.7715013934,17763.5618319399
GTTATATCAGGAGCCA-1,1,23,115,4615,11349,37830,15383.3333333333,32744.6666666667,188.895165273238,37641.1048347268,38018.8951652732,32555.7715013934,32933.5618319399
GTTATATTATCTCCCT-1,1,48,56,8410,6208,20693.3333333333,28033.3333333333,20094.6666666667,188.895165273238,20504.4381680601,20882.2284986066,19905.7715013934,20283.5618319399
GTTCAGTCGCCAAATG-1,1,70,60,11747,6559,21863.3333333333,39156.6666666667,8971.33333333333,188.895165273238,21674.4381680601,22052.2284986066,8782.43816806009,9160.22849860657
GTTCATCGTTTGGCTG-1,1,33,105,6132,10478,34926.6666666667,20440,27688,188.895165273238,34737.7715013934,35115.5618319399,27499.1048347268,27876.8951652732
GTTCCCGTAAACATAT-1,1,59,119,10075,11701,39003.3333333333,33583.3333333333,14544.6666666667,188.895165273238,38814.4381680601,39192.2284986066,14355.7715013934,14733.5618319399
GTTCCGTCCGCCTGCA-1,1,70,42,11748,4989,16630,39160,8968,188.895165273238,16441.1048347268,16818.8951652732,8779.10483472676,9156.89516527324
GTTCGACAATTGTATA-1,1,69,27,11597,3682,12273.3333333333,38656.6666666667,9471.33333333333,188.895165273238,12084.4381680601,12462.2284986066,9282.43816806009,9660.22849860657
GTTCGCCATAAGTGCC-1,1,37,53,6742,5945,19816.6666666667,22473.3333333333,25654.6666666667,188.895165273238,19627.7715013934,20005.5618319399,25465.7715013934,25843.5618319399
GTTCGCTGAGACGTCT-1,1,53,109,9166,10829,36096.6666666667,30553.3333333333,17574.6666666667,188.895165273238,35907.7715013934,36285.5618319399,17385.7715013934,17763.5618319399
GTTCGGAGCACTCAAC-1,1,64,114,10834,11266,37553.3333333333,36113.3333333333,12014.6666666667,188.895165273238,37364.4381680601,37742.2284986066,11825.7715013934,12203.5618319399
GTTCGGATCGGGAACA-1,1,44,110,7801,10915,36383.3333333333,26003.3333333333,22124.6666666667,188.895165273238,36194.4381680601,36572.2284986066,21935.7715013934,22313.5618319399
GTTCGGGCGTACCATT-1,1,32,108,5980,10740,35800,19933.3333333333,28194.6666666667,188.895165273238,35611.1048347268,35988.8951652732,28005.7715013934,28383.5618319399
GTTCGTCTAAAGAACT-1,1,51,89,8864,9085,30283.3333333333,29546.6666666667,18581.3333333333,188.895165273238,30094.4381680601,30472.2284986066,18392.4381680601,18770.2284986066
GTTCGTCTGGGTCCCT-1,1,21,119,4311,11698,38993.3333333333,14370,33758,188.895165273238,38804.4381680601,39182.2284986066,33569.1048347268,33946.8951652732
GTTCTTGTAACTCAAT-1,1,75,61,12506,6646,22153.3333333333,41686.6666666667,6441.33333333333,188.895165273238,21964.4381680601,22342.2284986066,6252.43816806009,6630.22849860657
GTTGAACCGGTTCCAT-1,1,42,40,7501,4812,16040,25003.3333333333,23124.6666666667,188.895165273238,15851.1048347268,16228.8951652732,22935.7715013934,23313.5618319399
GTTGAGTCCCGCCGGT-1,1,52,78,9016,8126,27086.6666666667,30053.3333333333,18074.6666666667,188.895165273238,26897.7715013934,27275.5618319399,17885.7715013934,18263.5618319399
GTTGCGCTAACATTAC-1,1,41,119,7345,11700,39000,24483.3333333333,23644.6666666667,188.895165273238,38811.1048347268,39188.8951652732,23455.7715013934,23833.5618319399
GTTGCGGACGGTCAGG-1,1,53,119,9165,11701,39003.3333333333,30550,17578,188.895165273238,38814.4381680601,39192.2284986066,17389.1048347268,17766.8951652732
GTTGGACCGCATCAGG-1,1,20,116,4159,11436,38120,13863.3333333333,34264.6666666667,188.895165273238,37931.1048347268,38308.8951652732,34075.7715013934,34453.5618319399
GTTGGATTGAGAACAC-1,1,32,88,5981,8996,29986.6666666667,19936.6666666667,28191.3333333333,188.895165273238,29797.7715013934,30175.5618319399,28002.4381680601,28380.2284986066
GTTGGATTTGCGTTGG-1,1,36,50,6590,5684,18946.6666666667,21966.6666666667,26161.3333333333,188.895165273238,18757.7715013934,19135.5618319399,25972.4381680601,26350.2284986066
GTTGGTCATGCTATCC-1,1,55,63,9472,6819,22730,31573.3333333333,16554.6666666667,188.895165273238,22541.1048347268,22918.8951652732,16365.7715013934,16743.5618319399
GTTGTAGATTTATGAG-1,1,71,63,11899,6820,22733.3333333333,39663.3333333333,8464.66666666666,188.895165273238,22544.4381680601,22922.2284986066,8275.77150139343,8653.5618319399
GTTTACGTTCCATCTG-1,1,48,64,8410,6905,23016.6666666667,28033.3333333333,20094.6666666667,188.895165273238,22827.7715013934,23205.5618319399,19905.7715013934,20283.5618319399
GTTTCAAACGAGTTGT-1,1,61,109,10379,10830,36100,34596.6666666667,13531.3333333333,188.895165273238,35911.1048347268,36288.8951652732,13342.4381680601,13720.2284986066
GTTTCTAGAGGCGCGG-1,1,69,93,11594,9436,31453.3333333333,38646.6666666667,9481.33333333333,188.895165273238,31264.4381680601,31642.2284986066,9292.43816806009,9670.22849860657
GTTTCTGCAGTCTCCC-1,1,40,72,7196,7602,25340,23986.6666666667,24141.3333333333,188.895165273238,25151.1048347268,25528.8951652732,23952.4381680601,24330.2284986066
GTTTGACCAAATCCTA-1,1,30,58,5680,6380,21266.6666666667,18933.3333333333,29194.6666666667,188.895165273238,21077.7715013934,21455.5618319399,29005.7715013934,29383.5618319399
GTTTGGCCCAAGTTAT-1,1,42,80,7499,8300,27666.6666666667,24996.6666666667,23131.3333333333,188.895165273238,27477.7715013934,27855.5618319399,22942.4381680601,23320.2284986066
GTTTGGGCTTGTGAGC-1,1,51,65,8865,6993,23310,29550,18578,188.895165273238,23121.1048347268,23498.8951652732,18389.1048347268,18766.8951652732
GTTTGGGTTTCGCCCG-1,1,63,91,10684,9261,30870,35613.3333333333,12514.6666666667,188.895165273238,30681.1048347268,31058.8951652732,12325.7715013934,12703.5618319399
GTTTGGTAGGGTCAAC-1,1,53,59,9169,6470,21566.6666666667,30563.3333333333,17564.6666666667,188.895165273238,21377.7715013934,21755.5618319399,17375.7715013934,17753.5618319399
GTTTGGTGATCGGTGC-1,1,66,38,11142,4640,15466.6666666667,37140,10988,188.895165273238,15277.7715013934,15655.5618319399,10799.1048347268,11176.8951652732
TAAACCCAGGAGGGCA-1,1,54,36,9322,4465,14883.3333333333,31073.3333333333,17054.6666666667,188.895165273238,14694.4381680601,15072.2284986066,16865.7715013934,17243.5618319399
TAAAGACAACCCTTTA-1,1,40,118,7193,11612,38706.6666666667,23976.6666666667,24151.3333333333,188.895165273238,38517.7715013934,38895.5618319399,23962.4381680601,24340.2284986066
TAAAGCGGTATTTCCA-1,1,63,49,10686,5599,18663.3333333333,35620,12508,188.895165273238,18474.4381680601,18852.2284986066,12319.1048347268,12696.8951652732
TAAAGTGCACGTCTCG-1,1,72,50,12051,5687,18956.6666666667,40170,7958,188.895165273238,18767.7715013934,19145.5618319399,7769.10483472676,8146.89516527324
TAAATCTTTACACCTC-1,1,24,120,4766,11785,39283.3333333333,15886.6666666667,32241.3333333333,188.895165273238,39094.4381680601,39472.2284986066,32052.4381680601,32430.2284986066
TAAATTGTGGGTAAAG-1,1,74,74,12353,7780,25933.3333333333,41176.6666666667,6951.33333333333,188.895165273238,25744.4381680601,26122.2284986066,6762.43816806009,7140.22849860657
TAAATTTAGTAACACC-1,1,71,39,11900,4728,15760,39666.6666666667,8461.33333333333,188.895165273238,15571.1048347268,15948.8951652732,8272.43816806009,8650.22849860657
TAACAGCGTTTGTGCT-1,1,63,37,10687,4553,15176.6666666667,35623.3333333333,12504.6666666667,188.895165273238,14987.7715013934,15365.5618319399,12315.7715013934,12693.5618319399
TAACAGGTTCCCTTAG-1,1,74,60,12354,6559,21863.3333333333,41180,6948,188.895165273238,21674.4381680601,22052.2284986066,6759.10483472676,7136.89516527324
TAACATACAATGTGGG-1,1,38,70,6893,7427,24756.6666666667,22976.6666666667,25151.3333333333,188.895165273238,24567.7715013934,24945.5618319399,24962.4381680601,25340.2284986066
TAACCTACCGTCCGAG-1,1,33,101,6132,10130,33766.6666666667,20440,27688,188.895165273238,33577.7715013934,33955.5618319399,27499.1048347268,27876.8951652732
TAACCTAGGGAGTCCA-1,1,60,106,10228,10568,35226.6666666667,34093.3333333333,14034.6666666667,188.895165273238,35037.7715013934,35415.5618319399,13845.7715013934,14223.5618319399
TAACTATTACGCCAAA-1,1,29,107,5525,10652,35506.6666666667,18416.6666666667,29711.3333333333,188.895165273238,35317.7715013934,35695.5618319399,29522.4381680601,29900.2284986066
TAACTCATCCGCGCGG-1,1,43,49,7652,5597,18656.6666666667,25506.6666666667,22621.3333333333,188.895165273238,18467.7715013934,18845.5618319399,22432.4381680601,22810.2284986066
TAAGAGGGACAGGGAC-1,1,63,19,10688,2984,9946.66666666667,35626.6666666667,12501.3333333333,188.895165273238,9757.77150139343,10135.5618319399,12312.4381680601,12690.2284986066
TAAGCGCGAATCAAAT-1,1,65,25,10991,3507,11690,36636.6666666667,11491.3333333333,188.895165273238,11501.1048347268,11878.8951652732,11302.4381680601,11680.2284986066
TAAGGCATAACATCAA-1,1,57,49,9776,5598,18660,32586.6666666667,15541.3333333333,188.895165273238,18471.1048347268,18848.8951652732,15352.4381680601,15730.2284986066
TAAGGCCCGTCACCCT-1,1,62,70,10533,7430,24766.6666666667,35110,13018,188.895165273238,24577.7715013934,24955.5618319399,12829.1048347268,13206.8951652732
TAAGGCTGAATCCCTC-1,1,45,97,7953,9782,32606.6666666667,26510,21618,188.895165273238,32417.7715013934,32795.5618319399,21429.1048347268,21806.8951652732
TAAGGGCCTGTCCGAT-1,1,57,95,9773,9609,32030,32576.6666666667,15551.3333333333,188.895165273238,31841.1048347268,32218.8951652732,15362.4381680601,15740.2284986066
TAAGTAACATCTTGAC-1,1,46,40,8108,4813,16043.3333333333,27026.6666666667,21101.3333333333,188.895165273238,15854.4381680601,16232.2284986066,20912.4381680601,21290.2284986066
TAAGTCGCCGAGTATC-1,1,54,32,9322,4116,13720,31073.3333333333,17054.6666666667,188.895165273238,13531.1048347268,13908.8951652732,16865.7715013934,17243.5618319399
TAAGTTGCGACGTAGG-1,1,53,95,9167,9608,32026.6666666667,30556.6666666667,17571.3333333333,188.895165273238,31837.7715013934,32215.5618319399,17382.4381680601,17760.2284986066
TAATACTAGAACAGAC-1,1,69,77,11595,8041,26803.3333333333,38650,9478,188.895165273238,26614.4381680601,26992.2284986066,9289.10483472676,9666.89516527324
TAATAGAACAGAGTTA-1,1,50,38,8715,4639,15463.3333333333,29050,19078,188.895165273238,15274.4381680601,15652.2284986066,18889.1048347268,19266.8951652732
TAATAGCTAAATGATG-1,1,26,124,5069,12134,40446.6666666667,16896.6666666667,31231.3333333333,188.895165273238,40257.7715013934,40635.5618319399,31042.4381680601,31420.2284986066
TAATCAACCAAATGGG-1,1,51,125,8862,12224,40746.6666666667,29540,18588,188.895165273238,40557.7715013934,40935.5618319399,18399.1048347268,18776.8951652732
TAATTACGTCAGTAGA-1,1,62,102,10532,10220,34066.6666666667,35106.6666666667,13021.3333333333,188.895165273238,33877.7715013934,34255.5618319399,12832.4381680601,13210.2284986066
TAATTAGGACATCCGT-1,1,42,108,7497,10741,35803.3333333333,24990,23138,188.895165273238,35614.4381680601,35992.2284986066,22949.1048347268,23326.8951652732
TACAACGCACAACTCA-1,1,41,49,7349,5597,18656.6666666667,24496.6666666667,23631.3333333333,188.895165273238,18467.7715013934,18845.5618319399,23442.4381680601,23820.2284986066
TACAAGGGCTTCTTTA-1,1,68,94,11442,9523,31743.3333333333,38140,9988,188.895165273238,31554.4381680601,31932.2284986066,9799.10483472676,10176.8951652732
TACACAGCCGTGGTGC-1,1,72,74,12050,7779,25930,40166.6666666667,7961.33333333333,188.895165273238,25741.1048347268,26118.8951652732,7772.43816806009,8150.22849860657
TACACCGTCGTTAGTC-1,1,25,117,4918,11524,38413.3333333333,16393.3333333333,31734.6666666667,188.895165273238,38224.4381680601,38602.2284986066,31545.7715013934,31923.5618319399
TACACCTCTTCGAATC-1,1,71,91,11897,9261,30870,39656.6666666667,8471.33333333333,188.895165273238,30681.1048347268,31058.8951652732,8282.43816806009,8660.22849860657
TACAGAAACGGTGGGC-1,1,59,85,10077,8737,29123.3333333333,33590,14538,188.895165273238,28934.4381680601,29312.2284986066,14349.1048347268,14726.8951652732
TACATAGGCATACACC-1,1,40,60,7196,6556,21853.3333333333,23986.6666666667,24141.3333333333,188.895165273238,21664.4381680601,22042.2284986066,23952.4381680601,24330.2284986066
TACATGCCGGAATTGT-1,1,54,122,9317,11962,39873.3333333333,31056.6666666667,17071.3333333333,188.895165273238,39684.4381680601,40062.2284986066,16882.4381680601,17260.2284986066
TACATTTCTAACGTGC-1,1,39,55,7045,6120,20400,23483.3333333333,24644.6666666667,188.895165273238,20211.1048347268,20588.8951652732,24455.7715013934,24833.5618319399
TACCAAATAGCCCAGA-1,1,59,61,10079,6645,22150,33596.6666666667,14531.3333333333,188.895165273238,21961.1048347268,22338.8951652732,14342.4381680601,14720.2284986066
TACCAATAAAGTACCA-1,1,55,83,9471,8562,28540,31570,16558,188.895165273238,28351.1048347268,28728.8951652732,16369.1048347268,16746.8951652732
TACCAGAAGTAGGTTC-1,1,49,51,8562,5772,19240,28540,19588,188.895165273238,19051.1048347268,19428.8951652732,19399.1048347268,19776.8951652732
TACCAGGAATCCCGTC-1,1,68,36,11445,4466,14886.6666666667,38150,9978,188.895165273238,14697.7715013934,15075.5618319399,9789.10483472676,10166.8951652732
TACCATGTATTGATTT-1,1,48,124,8407,12136,40453.3333333333,28023.3333333333,20104.6666666667,188.895165273238,40264.4381680601,40642.2284986066,19915.7715013934,20293.5618319399
TACCGAATAATTGTAA-1,1,67,93,11290,9435,31450,37633.3333333333,10494.6666666667,188.895165273238,31261.1048347268,31638.8951652732,10305.7715013934,10683.5618319399
TACCGCGGACTTGCAG-1,1,33,97,6133,9781,32603.3333333333,20443.3333333333,27684.6666666667,188.895165273238,32414.4381680601,32792.2284986066,27495.7715013934,27873.5618319399
TACCGGCTCACTGCCC-1,1,47,65,8258,6992,23306.6666666667,27526.6666666667,20601.3333333333,188.895165273238,23117.7715013934,23495.5618319399,20412.4381680601,20790.2284986066
TACCGGTCGTTTCCAT-1,1,44,34,7805,4289,14296.6666666667,26016.6666666667,22111.3333333333,188.895165273238,14107.7715013934,14485.5618319399,21922.4381680601,22300.2284986066
TACCGTAGGTTAACTA-1,1,59,57,10079,6296,20986.6666666667,33596.6666666667,14531.3333333333,188.895165273238,20797.7715013934,21175.5618319399,14342.4381680601,14720.2284986066
TACCGTGCCTCGGACC-1,1,51,69,8865,7341,24470,29550,18578,188.895165273238,24281.1048347268,24658.8951652732,18389.1048347268,18766.8951652732
TACCTACTCCCAGTAT-1,1,58,62,9927,6732,22440,33090,15038,188.895165273238,22251.1048347268,22628.8951652732,14849.1048347268,15226.8951652732
TACCTCAGTTGTCTGT-1,1,60,50,10231,5686,18953.3333333333,34103.3333333333,14024.6666666667,188.895165273238,18764.4381680601,19142.2284986066,13835.7715013934,14213.5618319399
TACCTCCACACCAATG-1,1,65,29,10991,3856,12853.3333333333,36636.6666666667,11491.3333333333,188.895165273238,12664.4381680601,13042.2284986066,11302.4381680601,11680.2284986066
TACCTTAAGATTTCCC-1,1,49,29,8563,3854,12846.6666666667,28543.3333333333,19584.6666666667,188.895165273238,12657.7715013934,13035.5618319399,19395.7715013934,19773.5618319399
TACGACGCTTGCTGCG-1,1,46,54,8107,6033,20110,27023.3333333333,21104.6666666667,188.895165273238,19921.1048347268,20298.8951652732,20915.7715013934,21293.5618319399
TACGACTGCCTCTTAG-1,1,44,66,7803,7079,23596.6666666667,26010,22118,188.895165273238,23407.7715013934,23785.5618319399,21929.1048347268,22306.8951652732
TACGAGAACTTCACGT-1,1,35,39,6439,4725,15750,21463.3333333333,26664.6666666667,188.895165273238,15561.1048347268,15938.8951652732,26475.7715013934,26853.5618319399
TACGATGTTGATCATC-1,1,35,35,6439,4376,14586.6666666667,21463.3333333333,26664.6666666667,188.895165273238,14397.7715013934,14775.5618319399,26475.7715013934,26853.5618319399
TACGCAGTTCTTTCCT-1,1,41,51,7349,5771,19236.6666666667,24496.6666666667,23631.3333333333,188.895165273238,19047.7715013934,19425.5618319399,23442.4381680601,23820.2284986066
TACGCCATATTCTAAT-1,1,40,58,7197,6381,21270,23990,24138,188.895165273238,21081.1048347268,21458.8951652732,23949.1048347268,24326.8951652732
TACGCCGAGGGTACCC-1,1,56,34,9625,4291,14303.3333333333,32083.3333333333,16044.6666666667,188.895165273238,14114.4381680601,14492.2284986066,15855.7715013934,16233.5618319399
TACGCCGCCTCAGAAG-1,1,45,127,7951,12397,41323.3333333333,26503.3333333333,21624.6666666667,188.895165273238,41134.4381680601,41512.2284986066,21435.7715013934,21813.5618319399
TACGCCTCCATTCCGA-1,1,55,59,9472,6470,21566.6666666667,31573.3333333333,16554.6666666667,188.895165273238,21377.7715013934,21755.5618319399,16365.7715013934,16743.5618319399
TACGCTATAGAAACCT-1,1,34,104,6284,10391,34636.6666666667,20946.6666666667,27181.3333333333,188.895165273238,34447.7715013934,34825.5618319399,26992.4381680601,27370.2284986066
TACGCTCCTAGAACTG-1,1,73,47,12203,5426,18086.6666666667,40676.6666666667,7451.33333333333,188.895165273238,17897.7715013934,18275.5618319399,7262.43816806009,7640.22849860657
TACGCTCGGTATTGGA-1,1,61,113,10379,11178,37260,34596.6666666667,13531.3333333333,188.895165273238,37071.1048347268,37448.8951652732,13342.4381680601,13720.2284986066
TACGCTGCTGTGTTAA-1,1,68,24,11446,3420,11400,38153.3333333333,9974.66666666666,188.895165273238,11211.1048347268,11588.8951652732,9785.77150139343,10163.5618319399
TACGGAAGCCAAACCA-1,1,69,73,11595,7692,25640,38650,9478,188.895165273238,25451.1048347268,25828.8951652732,9289.10483472676,9666.89516527324
TACGGCATGGACGCTA-1,1,63,115,10682,11353,37843.3333333333,35606.6666666667,12521.3333333333,188.895165273238,37654.4381680601,38032.2284986066,12332.4381680601,12710.2284986066
TACGGGTAATAACATA-1,1,72,88,12049,9000,30000,40163.3333333333,7964.66666666666,188.895165273238,29811.1048347268,30188.8951652732,7775.77150139343,8153.5618319399
TACGTAAAGCGGAGTG-1,1,63,103,10683,10307,34356.6666666667,35610,12518,188.895165273238,34167.7715013934,34545.5618319399,12329.1048347268,12706.8951652732
TACGTACTAGTGCTGA-1,1,62,42,10535,4989,16630,35116.6666666667,13011.3333333333,188.895165273238,16441.1048347268,16818.8951652732,12822.4381680601,13200.2284986066
TACGTGCAAGGTTCCT-1,1,34,126,6283,12309,41030,20943.3333333333,27184.6666666667,188.895165273238,40841.1048347268,41218.8951652732,26995.7715013934,27373.5618319399
TACGTGGGCCCAGGGC-1,1,69,81,11595,8389,27963.3333333333,38650,9478,188.895165273238,27774.4381680601,28152.2284986066,9289.10483472676,9666.89516527324
TACGTTTACCGGCAAT-1,1,40,32,7198,4115,13716.6666666667,23993.3333333333,24134.6666666667,188.895165273238,13527.7715013934,13905.5618319399,23945.7715013934,24323.5618319399
TACTACGTGCAATGCG-1,1,71,85,11898,8738,29126.6666666667,39660,8468,188.895165273238,28937.7715013934,29315.5618319399,8279.10483472676,8656.89516527324
TACTATGGTTCCTCAG-1,1,57,47,9776,5424,18080,32586.6666666667,15541.3333333333,188.895165273238,17891.1048347268,18268.8951652732,15352.4381680601,15730.2284986066
TACTCCTCTAGTTGAC-1,1,64,36,10838,4466,14886.6666666667,36126.6666666667,12001.3333333333,188.895165273238,14697.7715013934,15075.5618319399,11812.4381680601,12190.2284986066
TACTCGTTTGAATCAA-1,1,72,86,12049,8826,29420,40163.3333333333,7964.66666666666,188.895165273238,29231.1048347268,29608.8951652732,7775.77150139343,8153.5618319399
TACTCTTACTTTACTG-1,1,59,111,10076,11004,36680,33586.6666666667,14541.3333333333,188.895165273238,36491.1048347268,36868.8951652732,14352.4381680601,14730.2284986066
TACTCTTTCGTCTTCA-1,1,58,46,9928,5337,17790,33093.3333333333,15034.6666666667,188.895165273238,17601.1048347268,17978.8951652732,14845.7715013934,15223.5618319399
TACTGAACAGATTTAG-1,1,56,44,9624,5162,17206.6666666667,32080,16048,188.895165273238,17017.7715013934,17395.5618319399,15859.1048347268,16236.8951652732
TACTGTTTCTCTGGTA-1,1,47,119,8255,11700,39000,27516.6666666667,20611.3333333333,188.895165273238,38811.1048347268,39188.8951652732,20422.4381680601,20800.2284986066
TACTTAAACATGTACA-1,1,66,108,11138,10743,35810,37126.6666666667,11001.3333333333,188.895165273238,35621.1048347268,35998.8951652732,10812.4381680601,11190.2284986066
TACTTGTTAGTAGTCC-1,1,37,87,6740,8909,29696.6666666667,22466.6666666667,25661.3333333333,188.895165273238,29507.7715013934,29885.5618319399,25472.4381680601,25850.2284986066
TACTTTACTGAGCCGG-1,1,30,96,5678,9693,32310,18926.6666666667,29201.3333333333,188.895165273238,32121.1048347268,32498.8951652732,29012.4381680601,29390.2284986066
TAGAATAGCCGATGAA-1,1,62,100,10532,10045,33483.3333333333,35106.6666666667,13021.3333333333,188.895165273238,33294.4381680601,33672.2284986066,12832.4381680601,13210.2284986066
TAGACGAAACGCCAAT-1,1,63,73,10685,7691,25636.6666666667,35616.6666666667,12511.3333333333,188.895165273238,25447.7715013934,25825.5618319399,12322.4381680601,12700.2284986066
TAGACGCCCGTACCGG-1,1,32,90,5981,9171,30570,19936.6666666667,28191.3333333333,188.895165273238,30381.1048347268,30758.8951652732,28002.4381680601,28380.2284986066
TAGACTACCTAGCGTT-1,1,38,104,6891,10392,34640,22970,25158,188.895165273238,34451.1048347268,34828.8951652732,24969.1048347268,25346.8951652732
TAGAGGGAGTTTATCT-1,1,73,65,12202,6995,23316.6666666667,40673.3333333333,7454.66666666667,188.895165273238,23127.7715013934,23505.5618319399,7265.77150139343,7643.5618319399
TAGAGGTTCTACTTGT-1,1,54,96,9318,9696,32320,31060,17068,188.895165273238,32131.1048347268,32508.8951652732,16879.1048347268,17256.8951652732
TAGATATGGACTGGAA-1,1,49,53,8562,5946,19820,28540,19588,188.895165273238,19631.1048347268,20008.8951652732,19399.1048347268,19776.8951652732
TAGATGGTTCCTTACT-1,1,59,97,10077,9783,32610,33590,14538,188.895165273238,32421.1048347268,32798.8951652732,14349.1048347268,14726.8951652732
TAGATTCAAAGTGCGG-1,1,69,39,11597,4728,15760,38656.6666666667,9471.33333333333,188.895165273238,15571.1048347268,15948.8951652732,9282.43816806009,9660.22849860657
TAGCAGTATGACTAAA-1,1,66,98,11139,9871,32903.3333333333,37130,10998,188.895165273238,32714.4381680601,33092.2284986066,10809.1048347268,11186.8951652732
TAGCCATTTCAAAGTC-1,1,43,89,7650,9084,30280,25500,22628,188.895165273238,30091.1048347268,30468.8951652732,22439.1048347268,22816.8951652732
TAGCCGGCGGTCAGCG-1,1,33,85,6133,8735,29116.6666666667,20443.3333333333,27684.6666666667,188.895165273238,28927.7715013934,29305.5618319399,27495.7715013934,27873.5618319399
TAGCGTCCCTCGATTG-1,1,45,109,7952,10828,36093.3333333333,26506.6666666667,21621.3333333333,188.895165273238,35904.4381680601,36282.2284986066,21432.4381680601,21810.2284986066
TAGCGTCCGGTGTGGT-1,1,53,77,9168,8039,26796.6666666667,30560,17568,188.895165273238,26607.7715013934,26985.5618319399,17379.1048347268,17756.8951652732
TAGCGTTGGGTCTTAC-1,1,38,68,6893,7253,24176.6666666667,22976.6666666667,25151.3333333333,188.895165273238,23987.7715013934,24365.5618319399,24962.4381680601,25340.2284986066
TAGCTAGAAGGCATGA-1,1,51,51,8866,5772,19240,29553.3333333333,18574.6666666667,188.895165273238,19051.1048347268,19428.8951652732,18385.7715013934,18763.5618319399
TAGCTAGTGATGATGG-1,1,60,48,10231,5512,18373.3333333333,34103.3333333333,14024.6666666667,188.895165273238,18184.4381680601,18562.2284986066,13835.7715013934,14213.5618319399
TAGCTCGCCTGATAAC-1,1,50,58,8714,6382,21273.3333333333,29046.6666666667,19081.3333333333,188.895165273238,21084.4381680601,21462.2284986066,18892.4381680601,19270.2284986066
TAGGCCTATATAGTCT-1,1,66,110,11138,10917,36390,37126.6666666667,11001.3333333333,188.895165273238,36201.1048347268,36578.8951652732,10812.4381680601,11190.2284986066
TAGGCGATGAGGTCTC-1,1,55,11,9475,2285,7616.66666666667,31583.3333333333,16544.6666666667,188.895165273238,7427.77150139343,7805.5618319399,16355.7715013934,16733.5618319399
TAGGCTAAAGTGGCAC-1,1,65,99,10987,9958,33193.3333333333,36623.3333333333,11504.6666666667,188.895165273238,33004.4381680601,33382.2284986066,11315.7715013934,11693.5618319399
TAGGGAGCTTGGGATG-1,1,36,96,6588,9694,32313.3333333333,21960,26168,188.895165273238,32124.4381680601,32502.2284986066,25979.1048347268,26356.8951652732
TAGGTCGCCGGAACTG-1,1,32,100,5981,10042,33473.3333333333,19936.6666666667,28191.3333333333,188.895165273238,33284.4381680601,33662.2284986066,28002.4381680601,28380.2284986066
TAGGTGACGATAACCT-1,1,61,79,10381,8214,27380,34603.3333333333,13524.6666666667,188.895165273238,27191.1048347268,27568.8951652732,13335.7715013934,13713.5618319399
TAGGTGCTCGCCTAGC-1,1,40,86,7195,8823,29410,23983.3333333333,24144.6666666667,188.895165273238,29221.1048347268,29598.8951652732,23955.7715013934,24333.5618319399
TAGGTGTTCCACAGAT-1,1,60,60,10230,6558,21860,34100,14028,188.895165273238,21671.1048347268,22048.8951652732,13839.1048347268,14216.8951652732
TAGGTTCGAGTTCGTC-1,1,35,67,6438,7166,23886.6666666667,21460,26668,188.895165273238,23697.7715013934,24075.5618319399,26479.1048347268,26856.8951652732
TAGGTTCTGCTGAGAA-1,1,72,62,12051,6733,22443.3333333333,40170,7958,188.895165273238,22254.4381680601,22632.2284986066,7769.10483472676,8146.89516527324
TAGTACCACAACTTTC-1,1,63,13,10688,2460,8200,35626.6666666667,12501.3333333333,188.895165273238,8011.10483472676,8388.89516527324,12312.4381680601,12690.2284986066
TAGTAGCTTATACCAG-1,1,61,43,10383,5076,16920,34610,13518,188.895165273238,16731.1048347268,17108.8951652732,13329.1048347268,13706.8951652732
TAGTCCCGGAGACCAC-1,1,66,48,11141,5512,18373.3333333333,37136.6666666667,10991.3333333333,188.895165273238,18184.4381680601,18562.2284986066,10802.4381680601,11180.2284986066
TAGTCCGCAGAGAATG-1,1,39,53,7045,5945,19816.6666666667,23483.3333333333,24644.6666666667,188.895165273238,19627.7715013934,20005.5618319399,24455.7715013934,24833.5618319399
TAGTCCTGCACTAAGC-1,1,69,25,11598,3507,11690,38660,9468,188.895165273238,11501.1048347268,11878.8951652732,9279.10483472676,9656.89516527324
TAGTCGATCACGGGTT-1,1,48,96,8408,9695,32316.6666666667,28026.6666666667,20101.3333333333,188.895165273238,32127.7715013934,32505.5618319399,19912.4381680601,20290.2284986066
TAGTCTAACAACGAGA-1,1,40,34,7198,4289,14296.6666666667,23993.3333333333,24134.6666666667,188.895165273238,14107.7715013934,14485.5618319399,23945.7715013934,24323.5618319399
TAGTCTGCGGCACATT-1,1,72,36,12052,4466,14886.6666666667,40173.3333333333,7954.66666666667,188.895165273238,14697.7715013934,15075.5618319399,7765.77150139343,8143.5618319399
TAGTCTGTGACGTTGC-1,1,23,103,4615,10303,34343.3333333333,15383.3333333333,32744.6666666667,188.895165273238,34154.4381680601,34532.2284986066,32555.7715013934,32933.5618319399
TAGTCTTTCCGAATTG-1,1,50,116,8710,11439,38130,29033.3333333333,19094.6666666667,188.895165273238,37941.1048347268,38318.8951652732,18905.7715013934,19283.5618319399
TATACACAGACGCCTT-1,1,50,60,8713,6557,21856.6666666667,29043.3333333333,19084.6666666667,188.895165273238,21667.7715013934,22045.5618319399,18895.7715013934,19273.5618319399
TATACCGAGTGCCACA-1,1,50,120,8710,11788,39293.3333333333,29033.3333333333,19094.6666666667,188.895165273238,39104.4381680601,39482.2284986066,18905.7715013934,19283.5618319399
TATACGCGTCATCACT-1,1,60,68,10230,7255,24183.3333333333,34100,14028,188.895165273238,23994.4381680601,24372.2284986066,13839.1048347268,14216.8951652732
TATAGAGTCGCTTGAA-1,1,64,46,10838,5338,17793.3333333333,36126.6666666667,12001.3333333333,188.895165273238,17604.4381680601,17982.2284986066,11812.4381680601,12190.2284986066
TATAGATGGTCGCAGT-1,1,40,102,7194,10217,34056.6666666667,23980,24148,188.895165273238,33867.7715013934,34245.5618319399,23959.1048347268,24336.8951652732
TATATAGGGCTTTACG-1,1,63,33,10687,4204,14013.3333333333,35623.3333333333,12504.6666666667,188.895165273238,13824.4381680601,14202.2284986066,12315.7715013934,12693.5618319399
TATATATCGAGAAATG-1,1,60,28,10232,3768,12560,34106.6666666667,14021.3333333333,188.895165273238,12371.1048347268,12748.8951652732,13832.4381680601,14210.2284986066
TATATCAAAGTGATCT-1,1,71,37,11900,4554,15180,39666.6666666667,8461.33333333333,188.895165273238,14991.1048347268,15368.8951652732,8272.43816806009,8650.22849860657
TATATCCCTGGGAGGA-1,1,36,98,6588,9868,32893.3333333333,21960,26168,188.895165273238,32704.4381680601,33082.2284986066,25979.1048347268,26356.8951652732
TATCACCCAACCGACC-1,1,24,100,4767,10042,33473.3333333333,15890,32238,188.895165273238,33284.4381680601,33662.2284986066,32049.1048347268,32426.8951652732
TATCCAATTGGTTATC-1,1,55,79,9471,8214,27380,31570,16558,188.895165273238,27191.1048347268,27568.8951652732,16369.1048347268,16746.8951652732
TATCCATCTCGGTTAG-1,1,61,17,10384,2809,9363.33333333333,34613.3333333333,13514.6666666667,188.895165273238,9174.4381680601,9552.22849860657,13325.7715013934,13703.5618319399
TATCCGCACCGTCGGG-1,1,59,53,10079,5947,19823.3333333333,33596.6666666667,14531.3333333333,188.895165273238,19634.4381680601,20012.2284986066,14342.4381680601,14720.2284986066
TATCCTATCAACTGGT-1,1,69,59,11596,6471,21570,38653.3333333333,9474.66666666666,188.895165273238,21381.1048347268,21758.8951652732,9285.77150139343,9663.5618319399
TATCTACCACAGCGGG-1,1,42,60,7500,6556,21853.3333333333,25000,23128,188.895165273238,21664.4381680601,22042.2284986066,22939.1048347268,23316.8951652732
TATCTTGCAATACAAC-1,1,56,16,9626,2721,9070,32086.6666666667,16041.3333333333,188.895165273238,8881.10483472676,9258.89516527324,15852.4381680601,16230.2284986066
TATGAAGAATTAAGGT-1,1,67,99,11290,9958,33193.3333333333,37633.3333333333,10494.6666666667,188.895165273238,33004.4381680601,33382.2284986066,10305.7715013934,10683.5618319399
TATGATCCGGCACGCC-1,1,26,112,5070,11088,36960,16900,31228,188.895165273238,36771.1048347268,37148.8951652732,31039.1048347268,31416.8951652732
TATGATCTTCTCTTTA-1,1,58,90,9925,9173,30576.6666666667,33083.3333333333,15044.6666666667,188.895165273238,30387.7715013934,30765.5618319399,14855.7715013934,15233.5618319399
TATGATTCTGCTTGGT-1,1,5,35,1888,4373,14576.6666666667,6293.33333333333,41834.6666666667,188.895165273238,14387.7715013934,14765.5618319399,41645.7715013934,42023.5618319399
TATGGCTAGGCTAATT-1,1,27,125,5221,12221,40736.6666666667,17403.3333333333,30724.6666666667,188.895165273238,40547.7715013934,40925.5618319399,30535.7715013934,30913.5618319399
TATGGGACCGAGCAGG-1,1,36,56,6590,6207,20690,21966.6666666667,26161.3333333333,188.895165273238,20501.1048347268,20878.8951652732,25972.4381680601,26350.2284986066
TATGGTCTGAGTAACA-1,1,36,58,6590,6381,21270,21966.6666666667,26161.3333333333,188.895165273238,21081.1048347268,21458.8951652732,25972.4381680601,26350.2284986066
TATGGTTAGTGGGAGA-1,1,41,105,7346,10479,34930,24486.6666666667,23641.3333333333,188.895165273238,34741.1048347268,35118.8951652732,23452.4381680601,23830.2284986066
TATGTAAAGTGCTTAA-1,1,66,44,11141,5163,17210,37136.6666666667,10991.3333333333,188.895165273238,17021.1048347268,17398.8951652732,10802.4381680601,11180.2284986066
TATTAACCTGACCGCG-1,1,57,45,9776,5250,17500,32586.6666666667,15541.3333333333,188.895165273238,17311.1048347268,17688.8951652732,15352.4381680601,15730.2284986066
TATTACCATCCTGCTT-1,1,38,96,6891,9694,32313.3333333333,22970,25158,188.895165273238,32124.4381680601,32502.2284986066,24969.1048347268,25346.8951652732
TATTCAATTCTAATCC-1,1,34,74,6285,7776,25920,20950,27178,188.895165273238,25731.1048347268,26108.8951652732,26989.1048347268,27366.8951652732
TATTCCACTCAGCTCG-1,1,49,57,8562,6295,20983.3333333333,28540,19588,188.895165273238,20794.4381680601,21172.2284986066,19399.1048347268,19776.8951652732
TATTCCGAGCTGTTAT-1,1,54,86,9319,8824,29413.3333333333,31063.3333333333,17064.6666666667,188.895165273238,29224.4381680601,29602.2284986066,16875.7715013934,17253.5618319399
TATTCCTCCGCCCACT-1,1,48,32,8412,4115,13716.6666666667,28040,20088,188.895165273238,13527.7715013934,13905.5618319399,19899.1048347268,20276.8951652732
TATTCGTGCCAGAATA-1,1,34,64,6286,6904,23013.3333333333,20953.3333333333,27174.6666666667,188.895165273238,22824.4381680601,23202.2284986066,26985.7715013934,27363.5618319399
TATTGACATTTCTGCC-1,1,35,117,6435,11525,38416.6666666667,21450,26678,188.895165273238,38227.7715013934,38605.5618319399,26489.1048347268,26866.8951652732
TATTTGATTTGCACAG-1,1,54,118,9317,11614,38713.3333333333,31056.6666666667,17071.3333333333,188.895165273238,38524.4381680601,38902.2284986066,16882.4381680601,17260.2284986066
TCAAATTGTTGTGCCG-1,1,68,78,11443,8128,27093.3333333333,38143.3333333333,9984.66666666666,188.895165273238,26904.4381680601,27282.2284986066,9795.77150139343,10173.5618319399
TCAAATTTGAGACTCA-1,1,60,70,10230,7430,24766.6666666667,34100,14028,188.895165273238,24577.7715013934,24955.5618319399,13839.1048347268,14216.8951652732
TCAACAAAGATAATTC-1,1,53,29,9170,3854,12846.6666666667,30566.6666666667,17561.3333333333,188.895165273238,12657.7715013934,13035.5618319399,17372.4381680601,17750.2284986066
TCAACATAGCGCCCTA-1,1,58,44,9928,5163,17210,33093.3333333333,15034.6666666667,188.895165273238,17021.1048347268,17398.8951652732,14845.7715013934,15223.5618319399
TCAACGAGGAGACAAA-1,1,42,56,7500,6207,20690,25000,23128,188.895165273238,20501.1048347268,20878.8951652732,22939.1048347268,23316.8951652732
TCAACGCAGGAAATAA-1,1,49,31,8563,4028,13426.6666666667,28543.3333333333,19584.6666666667,188.895165273238,13237.7715013934,13615.5618319399,19395.7715013934,19773.5618319399
TCAACGCGACCGGCAG-1,1,39,23,7047,3330,11100,23490,24638,188.895165273238,10911.1048347268,11288.8951652732,24449.1048347268,24826.8951652732
TCAACTGCAGAGTCAG-1,1,56,108,9621,10742,35806.6666666667,32070,16058,188.895165273238,35617.7715013934,35995.5618319399,15869.1048347268,16246.8951652732
TCAAGAAATACTAGCT-1,1,34,108,6284,10740,35800,20946.6666666667,27181.3333333333,188.895165273238,35611.1048347268,35988.8951652732,26992.4381680601,27370.2284986066
TCAAGCGCGGACGGTA-1,1,58,114,9924,11265,37550,33080,15048,188.895165273238,37361.1048347268,37738.8951652732,14859.1048347268,15236.8951652732
TCAAGCTGCCTTGAAA-1,1,28,126,5372,12309,41030,17906.6666666667,30221.3333333333,188.895165273238,40841.1048347268,41218.8951652732,30032.4381680601,30410.2284986066
TCAAGGTTACTACACC-1,1,47,103,8256,10305,34350,27520,20608,188.895165273238,34161.1048347268,34538.8951652732,20419.1048347268,20796.8951652732
TCAATACGCCGTCATG-1,1,63,61,10685,6645,22150,35616.6666666667,12511.3333333333,188.895165273238,21961.1048347268,22338.8951652732,12322.4381680601,12700.2284986066
TCACAAACCGAGGTAC-1,1,61,95,10380,9609,32030,34600,13528,188.895165273238,31841.1048347268,32218.8951652732,13339.1048347268,13716.8951652732
TCACAGCAAACTCGAA-1,1,51,49,8866,5598,18660,29553.3333333333,18574.6666666667,188.895165273238,18471.1048347268,18848.8951652732,18385.7715013934,18763.5618319399
TCACAGGAGAATAAGA-1,1,55,49,9472,5598,18660,31573.3333333333,16554.6666666667,188.895165273238,18471.1048347268,18848.8951652732,16365.7715013934,16743.5618319399
TCACAGGGAATCGCAA-1,1,47,79,8257,8213,27376.6666666667,27523.3333333333,20604.6666666667,188.895165273238,27187.7715013934,27565.5618319399,20415.7715013934,20793.5618319399
TCACAGGTTATTGGGC-1,1,32,48,5984,5509,18363.3333333333,19946.6666666667,28181.3333333333,188.895165273238,18174.4381680601,18552.2284986066,27992.4381680601,28370.2284986066
TCACCCTCTTAAGATT-1,1,45,59,7955,6469,21563.3333333333,26516.6666666667,21611.3333333333,188.895165273238,21374.4381680601,21752.2284986066,21422.4381680601,21800.2284986066
TCACCGCTCGGCACTC-1,1,30,92,5678,9345,31150,18926.6666666667,29201.3333333333,188.895165273238,30961.1048347268,31338.8951652732,29012.4381680601,29390.2284986066
TCACGATGTCCGTGGA-1,1,52,28,9019,3767,12556.6666666667,30063.3333333333,18064.6666666667,188.895165273238,12367.7715013934,12745.5618319399,17875.7715013934,18253.5618319399
TCACGCATTGTAGATC-1,1,33,49,6135,5596,18653.3333333333,20450,27678,188.895165273238,18464.4381680601,18842.2284986066,27489.1048347268,27866.8951652732
TCACGTGCCCGATTCA-1,1,38,62,6893,6730,22433.3333333333,22976.6666666667,25151.3333333333,188.895165273238,22244.4381680601,22622.2284986066,24962.4381680601,25340.2284986066
TCACTATCGTGCAATC-1,1,4,34,1737,4286,14286.6666666667,5790,42338,188.895165273238,14097.7715013934,14475.5618319399,42149.1048347268,42526.8951652732
TCAGAACCTCCACAGG-1,1,30,106,5677,10565,35216.6666666667,18923.3333333333,29204.6666666667,188.895165273238,35027.7715013934,35405.5618319399,29015.7715013934,29393.5618319399
TCAGAACGGCGGTAAT-1,1,73,79,12201,8215,27383.3333333333,40670,7458,188.895165273238,27194.4381680601,27572.2284986066,7269.10483472676,7646.89516527324
TCAGACGCTATAGAAG-1,1,48,72,8409,7603,25343.3333333333,28030,20098,188.895165273238,25154.4381680601,25532.2284986066,19909.1048347268,20286.8951652732
TCAGCAGTAGGCCCTG-1,1,61,41,10383,4901,16336.6666666667,34610,13518,188.895165273238,16147.7715013934,16525.5618319399,13329.1048347268,13706.8951652732
TCAGCCAATCCGTAAA-1,1,63,105,10683,10481,34936.6666666667,35610,12518,188.895165273238,34747.7715013934,35125.5618319399,12329.1048347268,12706.8951652732
TCAGCGCACGCCGTTT-1,1,74,80,12353,8303,27676.6666666667,41176.6666666667,6951.33333333333,188.895165273238,27487.7715013934,27865.5618319399,6762.43816806009,7140.22849860657
TCAGTAGGGACTATAA-1,1,46,48,8107,5510,18366.6666666667,27023.3333333333,21104.6666666667,188.895165273238,18177.7715013934,18555.5618319399,20915.7715013934,21293.5618319399
TCAGTGTATACGTCAT-1,1,58,36,9928,4465,14883.3333333333,33093.3333333333,15034.6666666667,188.895165273238,14694.4381680601,15072.2284986066,14845.7715013934,15223.5618319399
TCATATGAGCTTTGTT-1,1,64,62,10837,6732,22440,36123.3333333333,12004.6666666667,188.895165273238,22251.1048347268,22628.8951652732,11815.7715013934,12193.5618319399
TCATCCTCAGCTGCTT-1,1,68,90,11442,9174,30580,38140,9988,188.895165273238,30391.1048347268,30768.8951652732,9799.10483472676,10176.8951652732
TCATCGACGACCGTCG-1,1,70,84,11746,8651,28836.6666666667,39153.3333333333,8974.66666666666,188.895165273238,28647.7715013934,29025.5618319399,8785.77150139343,9163.5618319399
TCATCGATGGTCCCAA-1,1,57,29,9777,3855,12850,32590,15538,188.895165273238,12661.1048347268,13038.8951652732,15349.1048347268,15726.8951652732
TCATTTAAGTCTCCGA-1,1,35,99,6436,9955,33183.3333333333,21453.3333333333,26674.6666666667,188.895165273238,32994.4381680601,33372.2284986066,26485.7715013934,26863.5618319399
TCATTTAGAAGTGTGA-1,1,54,110,9317,10916,36386.6666666667,31056.6666666667,17071.3333333333,188.895165273238,36197.7715013934,36575.5618319399,16882.4381680601,17260.2284986066
TCCAACTCAGCTATCT-1,1,67,91,11291,9261,30870,37636.6666666667,10491.3333333333,188.895165273238,30681.1048347268,31058.8951652732,10302.4381680601,10680.2284986066
TCCAACTTTAAATTCT-1,1,40,40,7198,4812,16040,23993.3333333333,24134.6666666667,188.895165273238,15851.1048347268,16228.8951652732,23945.7715013934,24323.5618319399
TCCAAGCCTAGACACA-1,1,67,79,11291,8215,27383.3333333333,37636.6666666667,10491.3333333333,188.895165273238,27194.4381680601,27572.2284986066,10302.4381680601,10680.2284986066
TCCAATAAAGGCTACC-1,1,63,53,10686,5948,19826.6666666667,35620,12508,188.895165273238,19637.7715013934,20015.5618319399,12319.1048347268,12696.8951652732
TCCACATCGTATATTG-1,1,69,67,11595,7169,23896.6666666667,38650,9478,188.895165273238,23707.7715013934,24085.5618319399,9289.10483472676,9666.89516527324
TCCACCTCTAGCCTTT-1,1,61,53,10382,5948,19826.6666666667,34606.6666666667,13521.3333333333,188.895165273238,19637.7715013934,20015.5618319399,13332.4381680601,13710.2284986066
TCCAGAGCACCGGTTC-1,1,40,70,7196,7428,24760,23986.6666666667,24141.3333333333,188.895165273238,24571.1048347268,24948.8951652732,23952.4381680601,24330.2284986066
TCCAGATGTACGCCAA-1,1,24,114,4766,11262,37540,15886.6666666667,32241.3333333333,188.895165273238,37351.1048347268,37728.8951652732,32052.4381680601,32430.2284986066
TCCAGCGCTATAAGCG-1,1,52,116,9014,11439,38130,30046.6666666667,18081.3333333333,188.895165273238,37941.1048347268,38318.8951652732,17892.4381680601,18270.2284986066
TCCAGGCAGGACGATC-1,1,72,56,12051,6210,20700,40170,7958,188.895165273238,20511.1048347268,20888.8951652732,7769.10483472676,8146.89516527324
TCCAGGGTATATACGA-1,1,61,63,10382,6819,22730,34606.6666666667,13521.3333333333,188.895165273238,22541.1048347268,22918.8951652732,13332.4381680601,13710.2284986066
TCCATTCCCACTAGAG-1,1,18,126,3856,12308,41026.6666666667,12853.3333333333,35274.6666666667,188.895165273238,40837.7715013934,41215.5618319399,35085.7715013934,35463.5618319399
TCCCAAACAGACAACG-1,1,22,110,4463,10913,36376.6666666667,14876.6666666667,33251.3333333333,188.895165273238,36187.7715013934,36565.5618319399,33062.4381680601,33440.2284986066
TCCCAAAGCCCTAAAT-1,1,39,117,7042,11525,38416.6666666667,23473.3333333333,24654.6666666667,188.895165273238,38227.7715013934,38605.5618319399,24465.7715013934,24843.5618319399
TCCCACTCTCTTCCGG-1,1,31,107,5829,10653,35510,19430,28698,188.895165273238,35321.1048347268,35698.8951652732,28509.1048347268,28886.8951652732
TCCCAGCACACGACAT-1,1,56,124,9620,12137,40456.6666666667,32066.6666666667,16061.3333333333,188.895165273238,40267.7715013934,40645.5618319399,15872.4381680601,16250.2284986066
TCCCGCCTATGTGCGT-1,1,32,122,5979,11960,39866.6666666667,19930,28198,188.895165273238,39677.7715013934,40055.5618319399,28009.1048347268,28386.8951652732
TCCCGGGTGTGCTGCT-1,1,34,34,6288,4289,14296.6666666667,20960,27168,188.895165273238,14107.7715013934,14485.5618319399,26979.1048347268,27356.8951652732
TCCCGTCGCGTCATAG-1,1,29,115,5525,11350,37833.3333333333,18416.6666666667,29711.3333333333,188.895165273238,37644.4381680601,38022.2284986066,29522.4381680601,29900.2284986066
TCCCGTGTGCAATTTG-1,1,44,80,7802,8300,27666.6666666667,26006.6666666667,22121.3333333333,188.895165273238,27477.7715013934,27855.5618319399,21932.4381680601,22310.2284986066
TCCCTAGATCAATAGG-1,1,28,114,5373,11263,37543.3333333333,17910,30218,188.895165273238,37354.4381680601,37732.2284986066,30029.1048347268,30406.8951652732
TCCGAACGTTGCCGCT-1,1,51,121,8862,11875,39583.3333333333,29540,18588,188.895165273238,39394.4381680601,39772.2284986066,18399.1048347268,18776.8951652732
TCCGAATGGTCCTGAG-1,1,31,113,5828,11176,37253.3333333333,19426.6666666667,28701.3333333333,188.895165273238,37064.4381680601,37442.2284986066,28512.4381680601,28890.2284986066
TCCGACCGCTAATCAA-1,1,70,36,11749,4466,14886.6666666667,39163.3333333333,8964.66666666666,188.895165273238,14697.7715013934,15075.5618319399,8775.77150139343,9153.5618319399
TCCGCCTGTCTACAAG-1,1,56,74,9623,7778,25926.6666666667,32076.6666666667,16051.3333333333,188.895165273238,25737.7715013934,26115.5618319399,15862.4381680601,16240.2284986066
TCCGCGGCAGCATCTG-1,1,34,84,6285,8648,28826.6666666667,20950,27178,188.895165273238,28637.7715013934,29015.5618319399,26989.1048347268,27366.8951652732
TCCGCGGCCCAATGAA-1,1,53,99,9166,9957,33190,30553.3333333333,17574.6666666667,188.895165273238,33001.1048347268,33378.8951652732,17385.7715013934,17763.5618319399
TCCGCTGTCATCCCGG-1,1,47,81,8257,8387,27956.6666666667,27523.3333333333,20604.6666666667,188.895165273238,27767.7715013934,28145.5618319399,20415.7715013934,20793.5618319399
TCCGCTTATCCCATTA-1,1,50,64,8713,6905,23016.6666666667,29043.3333333333,19084.6666666667,188.895165273238,22827.7715013934,23205.5618319399,18895.7715013934,19273.5618319399
TCCGGCCTAGCGTACA-1,1,28,98,5374,9868,32893.3333333333,17913.3333333333,30214.6666666667,188.895165273238,32704.4381680601,33082.2284986066,30025.7715013934,30403.5618319399
TCCGGGCTTGACGGGA-1,1,66,96,11139,9697,32323.3333333333,37130,10998,188.895165273238,32134.4381680601,32512.2284986066,10809.1048347268,11186.8951652732
TCCGGTTCGTCCGGTC-1,1,51,53,8865,5947,19823.3333333333,29550,18578,188.895165273238,19634.4381680601,20012.2284986066,18389.1048347268,18766.8951652732
TCCGTTAAGCTAATAT-1,1,52,100,9015,10044,33480,30050,18078,188.895165273238,33291.1048347268,33668.8951652732,17889.1048347268,18266.8951652732
TCCGTTTAGCCTTGAA-1,1,29,89,5526,9083,30276.6666666667,18420,29708,188.895165273238,30087.7715013934,30465.5618319399,29519.1048347268,29896.8951652732
TCCTAAAGATTCAGAC-1,1,68,84,11443,8651,28836.6666666667,38143.3333333333,9984.66666666666,188.895165273238,28647.7715013934,29025.5618319399,9795.77150139343,10173.5618319399
TCCTAAATTGGGAAGC-1,1,56,70,9623,7429,24763.3333333333,32076.6666666667,16051.3333333333,188.895165273238,24574.4381680601,24952.2284986066,15862.4381680601,16240.2284986066
TCCTAACCGTCGGGCA-1,1,62,46,10535,5337,17790,35116.6666666667,13011.3333333333,188.895165273238,17601.1048347268,17978.8951652732,12822.4381680601,13200.2284986066
TCCTACATCCACGGCC-1,1,46,84,8105,8649,28830,27016.6666666667,21111.3333333333,188.895165273238,28641.1048347268,29018.8951652732,20922.4381680601,21300.2284986066
TCCTAGCAAAGAAGCT-1,1,41,41,7349,4899,16330,24496.6666666667,23631.3333333333,188.895165273238,16141.1048347268,16518.8951652732,23442.4381680601,23820.2284986066
TCCTATCATAGGTAAC-1,1,46,120,8103,11787,39290,27010,21118,188.895165273238,39101.1048347268,39478.8951652732,20929.1048347268,21306.8951652732
TCCTCGGGCTGGGCTT-1,1,40,76,7196,7951,26503.3333333333,23986.6666666667,24141.3333333333,188.895165273238,26314.4381680601,26692.2284986066,23952.4381680601,24330.2284986066
TCCTTACGACGGTCCG-1,1,49,95,8560,9608,32026.6666666667,28533.3333333333,19594.6666666667,188.895165273238,31837.7715013934,32215.5618319399,19405.7715013934,19783.5618319399
TCCTTGTCCTTTAATT-1,1,69,69,11595,7343,24476.6666666667,38650,9478,188.895165273238,24287.7715013934,24665.5618319399,9289.10483472676,9666.89516527324
TCCTTTAAATCCGCTT-1,1,56,92,9622,9347,31156.6666666667,32073.3333333333,16054.6666666667,188.895165273238,30967.7715013934,31345.5618319399,15865.7715013934,16243.5618319399
TCGAAGAACCGAGCAC-1,1,45,99,7953,9956,33186.6666666667,26510,21618,188.895165273238,32997.7715013934,33375.5618319399,21429.1048347268,21806.8951652732
TCGAATATCCCGCAGG-1,1,58,32,9929,4116,13720,33096.6666666667,15031.3333333333,188.895165273238,13531.1048347268,13908.8951652732,14842.4381680601,15220.2284986066
TCGAATCGCAGGGTAG-1,1,75,53,12506,5949,19830,41686.6666666667,6441.33333333333,188.895165273238,19641.1048347268,20018.8951652732,6252.43816806009,6630.22849860657
TCGACAACTGAACCCG-1,1,57,15,9778,2634,8780,32593.3333333333,15534.6666666667,188.895165273238,8591.10483472676,8968.89516527324,15345.7715013934,15723.5618319399
TCGAGACCAACACCGT-1,1,37,55,6742,6120,20400,22473.3333333333,25654.6666666667,188.895165273238,20211.1048347268,20588.8951652732,25465.7715013934,25843.5618319399
TCGAGCCAGGCAGGCC-1,1,57,37,9777,4552,15173.3333333333,32590,15538,188.895165273238,14984.4381680601,15362.2284986066,15349.1048347268,15726.8951652732
TCGAGGGCAACAGACG-1,1,57,119,9772,11701,39003.3333333333,32573.3333333333,15554.6666666667,188.895165273238,38814.4381680601,39192.2284986066,15365.7715013934,15743.5618319399
TCGCAAAGATGCATTT-1,1,47,75,8258,7864,26213.3333333333,27526.6666666667,20601.3333333333,188.895165273238,26024.4381680601,26402.2284986066,20412.4381680601,20790.2284986066
TCGCACCAGGAGGCAG-1,1,50,80,8712,8300,27666.6666666667,29040,19088,188.895165273238,27477.7715013934,27855.5618319399,18899.1048347268,19276.8951652732
TCGCATAAAGGGCGCA-1,1,63,111,10683,11004,36680,35610,12518,188.895165273238,36491.1048347268,36868.8951652732,12329.1048347268,12706.8951652732
TCGCCGAAGTTGCGTC-1,1,45,37,7956,4551,15170,26520,21608,188.895165273238,14981.1048347268,15358.8951652732,21419.1048347268,21796.8951652732
TCGCCGACATATTCGC-1,1,66,86,11139,8825,29416.6666666667,37130,10998,188.895165273238,29227.7715013934,29605.5618319399,10809.1048347268,11186.8951652732
TCGCTACTGGCTTTGA-1,1,65,73,10988,7692,25640,36626.6666666667,11501.3333333333,188.895165273238,25451.1048347268,25828.8951652732,11312.4381680601,11690.2284986066
TCGCTCGGCACCAGCG-1,1,24,108,4767,10739,35796.6666666667,15890,32238,188.895165273238,35607.7715013934,35985.5618319399,32049.1048347268,32426.8951652732
TCGCTGCCAATGCTGT-1,1,68,80,11443,8302,27673.3333333333,38143.3333333333,9984.66666666666,188.895165273238,27484.4381680601,27862.2284986066,9795.77150139343,10173.5618319399
TCGGACGCCCAGCCCA-1,1,33,79,6134,8212,27373.3333333333,20446.6666666667,27681.3333333333,188.895165273238,27184.4381680601,27562.2284986066,27492.4381680601,27870.2284986066
TCGGCGAACCCAAACC-1,1,49,105,8559,10480,34933.3333333333,28530,19598,188.895165273238,34744.4381680601,35122.2284986066,19409.1048347268,19786.8951652732
TCGGCTTGTATCGACG-1,1,58,96,9925,9696,32320,33083.3333333333,15044.6666666667,188.895165273238,32131.1048347268,32508.8951652732,14855.7715013934,15233.5618319399
TCGGGAACGTGCCTAG-1,1,31,109,5829,10827,36090,19430,28698,188.895165273238,35901.1048347268,36278.8951652732,28509.1048347268,28886.8951652732
TCGGGAGACAGCGTAC-1,1,59,71,10078,7517,25056.6666666667,33593.3333333333,14534.6666666667,188.895165273238,24867.7715013934,25245.5618319399,14345.7715013934,14723.5618319399
TCGGGCCGTCGTGGTA-1,1,40,88,7195,8997,29990,23983.3333333333,24144.6666666667,188.895165273238,29801.1048347268,30178.8951652732,23955.7715013934,24333.5618319399
TCGTACCGACGTCAAG-1,1,68,56,11444,6210,20700,38146.6666666667,9981.33333333333,188.895165273238,20511.1048347268,20888.8951652732,9792.43816806009,10170.2284986066
TCGTCAAGTACGCGCA-1,1,56,38,9625,4639,15463.3333333333,32083.3333333333,16044.6666666667,188.895165273238,15274.4381680601,15652.2284986066,15855.7715013934,16233.5618319399
TCGTCTTAGGCGTTAA-1,1,53,83,9167,8562,28540,30556.6666666667,17571.3333333333,188.895165273238,28351.1048347268,28728.8951652732,17382.4381680601,17760.2284986066
TCGTGTTCGACCACAA-1,1,57,105,9773,10481,34936.6666666667,32576.6666666667,15551.3333333333,188.895165273238,34747.7715013934,35125.5618319399,15362.4381680601,15740.2284986066
TCGTTAGGAGTCCCTA-1,1,52,54,9017,6034,20113.3333333333,30056.6666666667,18071.3333333333,188.895165273238,19924.4381680601,20302.2284986066,17882.4381680601,18260.2284986066
TCGTTGCTATCCGGTC-1,1,54,46,9321,5337,17790,31070,17058,188.895165273238,17601.1048347268,17978.8951652732,16869.1048347268,17246.8951652732
TCGTTTACGCGACCCT-1,1,70,94,11746,9523,31743.3333333333,39153.3333333333,8974.66666666666,188.895165273238,31554.4381680601,31932.2284986066,8785.77150139343,9163.5618319399
TCTAATACTGCCTCAG-1,1,57,25,9777,3506,11686.6666666667,32590,15538,188.895165273238,11497.7715013934,11875.5618319399,15349.1048347268,15726.8951652732
TCTACCCAATAGAGAG-1,1,56,106,9621,10568,35226.6666666667,32070,16058,188.895165273238,35037.7715013934,35415.5618319399,15869.1048347268,16246.8951652732
TCTACGGGCTCAGTTG-1,1,16,122,3552,11959,39863.3333333333,11840,36288,188.895165273238,39674.4381680601,40052.2284986066,36099.1048347268,36476.8951652732
TCTAGCAATCTCCGCC-1,1,46,30,8108,3941,13136.6666666667,27026.6666666667,21101.3333333333,188.895165273238,12947.7715013934,13325.5618319399,20912.4381680601,21290.2284986066
TCTAGCATGCCCAGAA-1,1,48,66,8410,7080,23600,28033.3333333333,20094.6666666667,188.895165273238,23411.1048347268,23788.8951652732,19905.7715013934,20283.5618319399
TCTAGGTGGCGACGCT-1,1,29,99,5526,9955,33183.3333333333,18420,29708,188.895165273238,32994.4381680601,33372.2284986066,29519.1048347268,29896.8951652732
TCTAGTGATATCGTGG-1,1,44,98,7801,9869,32896.6666666667,26003.3333333333,22124.6666666667,188.895165273238,32707.7715013934,33085.5618319399,21935.7715013934,22313.5618319399
TCTAGTTATCAGAAGA-1,1,34,54,6287,6032,20106.6666666667,20956.6666666667,27171.3333333333,188.895165273238,19917.7715013934,20295.5618319399,26982.4381680601,27360.2284986066
TCTATAGGTGGGTAAT-1,1,65,109,10986,10830,36100,36620,11508,188.895165273238,35911.1048347268,36288.8951652732,11319.1048347268,11696.8951652732
TCTATGCTATAACGAC-1,1,64,94,10835,9522,31740,36116.6666666667,12011.3333333333,188.895165273238,31551.1048347268,31928.8951652732,11822.4381680601,12200.2284986066
TCTCAAATCAATCGGG-1,1,71,89,11897,9087,30290,39656.6666666667,8471.33333333333,188.895165273238,30101.1048347268,30478.8951652732,8282.43816806009,8660.22849860657
TCTCATGAGATAGGGT-1,1,49,87,8560,8911,29703.3333333333,28533.3333333333,19594.6666666667,188.895165273238,29514.4381680601,29892.2284986066,19405.7715013934,19783.5618319399
TCTCCACAAGTTGAAT-1,1,61,93,10380,9435,31450,34600,13528,188.895165273238,31261.1048347268,31638.8951652732,13339.1048347268,13716.8951652732
TCTCCCTGGGCAGCGT-1,1,54,80,9319,8301,27670,31063.3333333333,17064.6666666667,188.895165273238,27481.1048347268,27858.8951652732,16875.7715013934,17253.5618319399
TCTCGACGTATCGCCG-1,1,45,113,7952,11177,37256.6666666667,26506.6666666667,21621.3333333333,188.895165273238,37067.7715013934,37445.5618319399,21432.4381680601,21810.2284986066
TCTCGAGGAGGTTCGC-1,1,52,112,9014,11090,36966.6666666667,30046.6666666667,18081.3333333333,188.895165273238,36777.7715013934,37155.5618319399,17892.4381680601,18270.2284986066
TCTCTCGCCGCACATA-1,1,55,115,9469,11352,37840,31563.3333333333,16564.6666666667,188.895165273238,37651.1048347268,38028.8951652732,16375.7715013934,16753.5618319399
TCTCTTACCGCGAACC-1,1,65,43,10990,5076,16920,36633.3333333333,11494.6666666667,188.895165273238,16731.1048347268,17108.8951652732,11305.7715013934,11683.5618319399
TCTGAACTCGTACCCG-1,1,47,95,8256,9608,32026.6666666667,27520,20608,188.895165273238,31837.7715013934,32215.5618319399,20419.1048347268,20796.8951652732
TCTGAAGCACGTGGTC-1,1,56,84,9622,8650,28833.3333333333,32073.3333333333,16054.6666666667,188.895165273238,28644.4381680601,29022.2284986066,15865.7715013934,16243.5618319399
TCTGAATTCCGTACAA-1,1,34,94,6284,9519,31730,20946.6666666667,27181.3333333333,188.895165273238,31541.1048347268,31918.8951652732,26992.4381680601,27370.2284986066
TCTGACGGGCTAACCC-1,1,28,120,5373,11786,39286.6666666667,17910,30218,188.895165273238,39097.7715013934,39475.5618319399,30029.1048347268,30406.8951652732
TCTGACTGTAATGGTT-1,1,6,14,2041,2542,8473.33333333333,6803.33333333333,41324.6666666667,188.895165273238,8284.4381680601,8662.22849860657,41135.7715013934,41513.5618319399
TCTGAGCAATTGACTG-1,1,54,112,9317,11091,36970,31056.6666666667,17071.3333333333,188.895165273238,36781.1048347268,37158.8951652732,16882.4381680601,17260.2284986066
TCTGATCGGGTGCTAG-1,1,34,118,6283,11612,38706.6666666667,20943.3333333333,27184.6666666667,188.895165273238,38517.7715013934,38895.5618319399,26995.7715013934,27373.5618319399
TCTGATGTATTCTGTC-1,1,51,83,8864,8562,28540,29546.6666666667,18581.3333333333,188.895165273238,28351.1048347268,28728.8951652732,18392.4381680601,18770.2284986066
TCTGATTGGAAATGGA-1,1,35,123,6435,12048,40160,21450,26678,188.895165273238,39971.1048347268,40348.8951652732,26489.1048347268,26866.8951652732
TCTGCACCATTAGTAA-1,1,25,127,4917,12396,41320,16390,31738,188.895165273238,41131.1048347268,41508.8951652732,31549.1048347268,31926.8951652732
TCTGCATACCTTGCTT-1,1,61,99,10380,9958,33193.3333333333,34600,13528,188.895165273238,33004.4381680601,33382.2284986066,13339.1048347268,13716.8951652732
TCTGCCAGAAACTGCA-1,1,41,79,7347,8212,27373.3333333333,24490,23638,188.895165273238,27184.4381680601,27562.2284986066,23449.1048347268,23826.8951652732
TCTGCGAATCGTTCGC-1,1,17,123,3704,12046,40153.3333333333,12346.6666666667,35781.3333333333,188.895165273238,39964.4381680601,40342.2284986066,35592.4381680601,35970.2284986066
TCTGCTTAGAACAAGC-1,1,50,126,8710,12311,41036.6666666667,29033.3333333333,19094.6666666667,188.895165273238,40847.7715013934,41225.5618319399,18905.7715013934,19283.5618319399
TCTGGAGCGTAAGAGT-1,1,38,126,6889,12310,41033.3333333333,22963.3333333333,25164.6666666667,188.895165273238,40844.4381680601,41222.2284986066,24975.7715013934,25353.5618319399
TCTGGCCGTTCAAGTT-1,1,36,122,6586,11961,39870,21953.3333333333,26174.6666666667,188.895165273238,39681.1048347268,40058.8951652732,25985.7715013934,26363.5618319399
TCTGGGAACCTTTGAA-1,1,40,98,7194,9869,32896.6666666667,23980,24148,188.895165273238,32707.7715013934,33085.5618319399,23959.1048347268,24336.8951652732
TCTGGGTAGCGCTCAT-1,1,40,36,7198,4463,14876.6666666667,23993.3333333333,24134.6666666667,188.895165273238,14687.7715013934,15065.5618319399,23945.7715013934,24323.5618319399
TCTGTTACCCAGCATA-1,1,51,35,8866,4377,14590,29553.3333333333,18574.6666666667,188.895165273238,14401.1048347268,14778.8951652732,18385.7715013934,18763.5618319399
TCTTACTTATGCCTCT-1,1,45,93,7953,9433,31443.3333333333,26510,21618,188.895165273238,31254.4381680601,31632.2284986066,21429.1048347268,21806.8951652732
TCTTAGAGCTCCAATT-1,1,40,108,7194,10741,35803.3333333333,23980,24148,188.895165273238,35614.4381680601,35992.2284986066,23959.1048347268,24336.8951652732
TCTTAGAGTGAACTCT-1,1,43,99,7649,9956,33186.6666666667,25496.6666666667,22631.3333333333,188.895165273238,32997.7715013934,33375.5618319399,22442.4381680601,22820.2284986066
TCTTCCCATGGGCACA-1,1,32,96,5981,9694,32313.3333333333,19936.6666666667,28191.3333333333,188.895165273238,32124.4381680601,32502.2284986066,28002.4381680601,28380.2284986066
TCTTCGAATAGACGTT-1,1,39,71,7044,7515,25050,23480,24648,188.895165273238,24861.1048347268,25238.8951652732,24459.1048347268,24836.8951652732
TCTTCGATACCAATAA-1,1,32,66,5983,7078,23593.3333333333,19943.3333333333,28184.6666666667,188.895165273238,23404.4381680601,23782.2284986066,27995.7715013934,28373.5618319399
TCTTCGCGGTGAGAGG-1,1,60,116,10227,11440,38133.3333333333,34090,14038,188.895165273238,37944.4381680601,38322.2284986066,13849.1048347268,14226.8951652732
TCTTCTATAACCCGCC-1,1,45,107,7952,10654,35513.3333333333,26506.6666666667,21621.3333333333,188.895165273238,35324.4381680601,35702.2284986066,21432.4381680601,21810.2284986066
TCTTGCTCCCGATACT-1,1,65,67,10988,7168,23893.3333333333,36626.6666666667,11501.3333333333,188.895165273238,23704.4381680601,24082.2284986066,11312.4381680601,11690.2284986066
TCTTTAAGACTATGAA-1,1,34,98,6284,9868,32893.3333333333,20946.6666666667,27181.3333333333,188.895165273238,32704.4381680601,33082.2284986066,26992.4381680601,27370.2284986066
TCTTTAGAGTCTAACA-1,1,50,114,8710,11265,37550,29033.3333333333,19094.6666666667,188.895165273238,37361.1048347268,37738.8951652732,18905.7715013934,19283.5618319399
TCTTTAGCAGGCGAAC-1,1,34,116,6283,11437,38123.3333333333,20943.3333333333,27184.6666666667,188.895165273238,37934.4381680601,38312.2284986066,26995.7715013934,27373.5618319399
TCTTTCCTTCGAGATA-1,1,58,120,9924,11788,39293.3333333333,33080,15048,188.895165273238,39104.4381680601,39482.2284986066,14859.1048347268,15236.8951652732
TGAAAGGACCTGACTC-1,1,35,83,6437,8561,28536.6666666667,21456.6666666667,26671.3333333333,188.895165273238,28347.7715013934,28725.5618319399,26482.4381680601,26860.2284986066
TGAACAAGCAGGGACT-1,1,66,36,11142,4466,14886.6666666667,37140,10988,188.895165273238,14697.7715013934,15075.5618319399,10799.1048347268,11176.8951652732
TGAATACCGACGCGTA-1,1,66,82,11139,8476,28253.3333333333,37130,10998,188.895165273238,28064.4381680601,28442.2284986066,10809.1048347268,11186.8951652732
TGAATGAGATACAGCA-1,1,17,125,3704,12220,40733.3333333333,12346.6666666667,35781.3333333333,188.895165273238,40544.4381680601,40922.2284986066,35592.4381680601,35970.2284986066
TGAATGAGTGTTTCCC-1,1,66,50,11141,5686,18953.3333333333,37136.6666666667,10991.3333333333,188.895165273238,18764.4381680601,19142.2284986066,10802.4381680601,11180.2284986066
TGAATGTCAGCCGGCC-1,1,47,109,8256,10828,36093.3333333333,27520,20608,188.895165273238,35904.4381680601,36282.2284986066,20419.1048347268,20796.8951652732
TGACAACGCATGTCGC-1,1,40,124,7193,12135,40450,23976.6666666667,24151.3333333333,188.895165273238,40261.1048347268,40638.8951652732,23962.4381680601,24340.2284986066
TGACATCGAGCGGACC-1,1,35,101,6436,10130,33766.6666666667,21453.3333333333,26674.6666666667,188.895165273238,33577.7715013934,33955.5618319399,26485.7715013934,26863.5618319399
TGACATGTAACGTGAC-1,1,69,63,11595,6820,22733.3333333333,38650,9478,188.895165273238,22544.4381680601,22922.2284986066,9289.10483472676,9666.89516527324
TGACCAAATCTTAAAC-1,1,66,62,11140,6733,22443.3333333333,37133.3333333333,10994.6666666667,188.895165273238,22254.4381680601,22632.2284986066,10805.7715013934,11183.5618319399
TGACCCACGTTAGACA-1,1,33,47,6135,5422,18073.3333333333,20450,27678,188.895165273238,17884.4381680601,18262.2284986066,27489.1048347268,27866.8951652732
TGACGATGCACTAGAA-1,1,37,95,6739,9607,32023.3333333333,22463.3333333333,25664.6666666667,188.895165273238,31834.4381680601,32212.2284986066,25475.7715013934,25853.5618319399
TGACTATAATCCTTTC-1,1,46,68,8106,7254,24180,27020,21108,188.895165273238,23991.1048347268,24368.8951652732,20919.1048347268,21296.8951652732
TGACTCCGAATCATAC-1,1,62,16,10536,2722,9073.33333333333,35120,13008,188.895165273238,8884.4381680601,9262.22849860657,12819.1048347268,13196.8951652732
TGAGAGATTTACCACG-1,1,41,91,7346,9259,30863.3333333333,24486.6666666667,23641.3333333333,188.895165273238,30674.4381680601,31052.2284986066,23452.4381680601,23830.2284986066
TGAGCCATACAGTCTC-1,1,42,38,7501,4638,15460,25003.3333333333,23124.6666666667,188.895165273238,15271.1048347268,15648.8951652732,22935.7715013934,23313.5618319399
TGAGCGGAAAGTGTTC-1,1,55,65,9472,6993,23310,31573.3333333333,16554.6666666667,188.895165273238,23121.1048347268,23498.8951652732,16365.7715013934,16743.5618319399
TGAGCTCAACTGTATA-1,1,58,124,9924,12137,40456.6666666667,33080,15048,188.895165273238,40267.7715013934,40645.5618319399,14859.1048347268,15236.8951652732
TGAGGAGTGCCAGCTT-1,1,58,58,9927,6383,21276.6666666667,33090,15038,188.895165273238,21087.7715013934,21465.5618319399,14849.1048347268,15226.8951652732
TGAGGTGTGTGGCGGA-1,1,70,52,11748,5861,19536.6666666667,39160,8968,188.895165273238,19347.7715013934,19725.5618319399,8779.10483472676,9156.89516527324
TGAGTAAATTAGCGTA-1,1,47,57,8258,6295,20983.3333333333,27526.6666666667,20601.3333333333,188.895165273238,20794.4381680601,21172.2284986066,20412.4381680601,20790.2284986066
TGAGTGCCTCTTAAAT-1,1,45,41,7956,4900,16333.3333333333,26520,21608,188.895165273238,16144.4381680601,16522.2284986066,21419.1048347268,21796.8951652732
TGAGTTAAAGACATTC-1,1,48,112,8407,11090,36966.6666666667,28023.3333333333,20104.6666666667,188.895165273238,36777.7715013934,37155.5618319399,19915.7715013934,20293.5618319399
TGATACATTTAGCCGT-1,1,55,43,9473,5075,16916.6666666667,31576.6666666667,16551.3333333333,188.895165273238,16727.7715013934,17105.5618319399,16362.4381680601,16740.2284986066
TGATCACCACACTGAC-1,1,69,51,11596,5774,19246.6666666667,38653.3333333333,9474.66666666666,188.895165273238,19057.7715013934,19435.5618319399,9285.77150139343,9663.5618319399
TGATCCCAGCATTAGT-1,1,27,107,5222,10652,35506.6666666667,17406.6666666667,30721.3333333333,188.895165273238,35317.7715013934,35695.5618319399,30532.4381680601,30910.2284986066
TGATCTATCACACTCT-1,1,72,92,12049,9349,31163.3333333333,40163.3333333333,7964.66666666666,188.895165273238,30974.4381680601,31352.2284986066,7775.77150139343,8153.5618319399
TGATGGCTGTTTCTGA-1,1,30,114,5677,11263,37543.3333333333,18923.3333333333,29204.6666666667,188.895165273238,37354.4381680601,37732.2284986066,29015.7715013934,29393.5618319399
TGATGTCAATTAAGTG-1,1,59,103,10076,10306,34353.3333333333,33586.6666666667,14541.3333333333,188.895165273238,34164.4381680601,34542.2284986066,14352.4381680601,14730.2284986066
TGATTCCCGGTTACCT-1,1,64,50,10838,5686,18953.3333333333,36126.6666666667,12001.3333333333,188.895165273238,18764.4381680601,19142.2284986066,11812.4381680601,12190.2284986066
TGATTCGTCTATCACT-1,1,31,41,5832,4898,16326.6666666667,19440,28688,188.895165273238,16137.7715013934,16515.5618319399,28499.1048347268,28876.8951652732
TGATTCTGTCGCCGGT-1,1,48,44,8411,5162,17206.6666666667,28036.6666666667,20091.3333333333,188.895165273238,17017.7715013934,17395.5618319399,19902.4381680601,20280.2284986066
TGATTTATTAGCTGTG-1,1,38,34,6894,4289,14296.6666666667,22980,25148,188.895165273238,14107.7715013934,14485.5618319399,24959.1048347268,25336.8951652732
TGCAAAGTTCGTCTGT-1,1,71,59,11899,6472,21573.3333333333,39663.3333333333,8464.66666666666,188.895165273238,21384.4381680601,21762.2284986066,8275.77150139343,8653.5618319399
TGCAACCCATCTGCGG-1,1,60,90,10229,9173,30576.6666666667,34096.6666666667,14031.3333333333,188.895165273238,30387.7715013934,30765.5618319399,13842.4381680601,14220.2284986066
TGCAACTACTGGTTGA-1,1,69,91,11594,9261,30870,38646.6666666667,9481.33333333333,188.895165273238,30681.1048347268,31058.8951652732,9292.43816806009,9670.22849860657
TGCAAGAATGACGTAA-1,1,30,60,5679,6555,21850,18930,29198,188.895165273238,21661.1048347268,22038.8951652732,29009.1048347268,29386.8951652732
TGCAATCTAACACGGT-1,1,62,90,10532,9173,30576.6666666667,35106.6666666667,13021.3333333333,188.895165273238,30387.7715013934,30765.5618319399,12832.4381680601,13210.2284986066
TGCAGAGTACCGAGCA-1,1,38,46,6894,5335,17783.3333333333,22980,25148,188.895165273238,17594.4381680601,17972.2284986066,24959.1048347268,25336.8951652732
TGCAGTTTCCTCCCAT-1,1,40,90,7195,9171,30570,23983.3333333333,24144.6666666667,188.895165273238,30381.1048347268,30758.8951652732,23955.7715013934,24333.5618319399
TGCATATGTCTGTCAC-1,1,35,85,6437,8735,29116.6666666667,21456.6666666667,26671.3333333333,188.895165273238,28927.7715013934,29305.5618319399,26482.4381680601,26860.2284986066
TGCATGTGACCCATAG-1,1,68,38,11445,4640,15466.6666666667,38150,9978,188.895165273238,15277.7715013934,15655.5618319399,9789.10483472676,10166.8951652732
TGCCAATGGGTACTCT-1,1,54,52,9321,5860,19533.3333333333,31070,17058,188.895165273238,19344.4381680601,19722.2284986066,16869.1048347268,17246.8951652732
TGCCAGTACGTGGAGA-1,1,51,71,8865,7516,25053.3333333333,29550,18578,188.895165273238,24864.4381680601,25242.2284986066,18389.1048347268,18766.8951652732
TGCCCGATAGTTAGAA-1,1,72,78,12050,8128,27093.3333333333,40166.6666666667,7961.33333333333,188.895165273238,26904.4381680601,27282.2284986066,7772.43816806009,8150.22849860657
TGCCCGTACCGTTAAA-1,1,45,75,7954,7864,26213.3333333333,26513.3333333333,21614.6666666667,188.895165273238,26024.4381680601,26402.2284986066,21425.7715013934,21803.5618319399
TGCCGAAAGCGTATTC-1,1,33,119,6131,11699,38996.6666666667,20436.6666666667,27691.3333333333,188.895165273238,38807.7715013934,39185.5618319399,27502.4381680601,27880.2284986066
TGCCGGATGTACGAGC-1,1,62,34,10535,4291,14303.3333333333,35116.6666666667,13011.3333333333,188.895165273238,14114.4381680601,14492.2284986066,12822.4381680601,13200.2284986066
TGCCGTGGATCGTCCT-1,1,57,63,9775,6819,22730,32583.3333333333,15544.6666666667,188.895165273238,22541.1048347268,22918.8951652732,15355.7715013934,15733.5618319399
TGCCGTGGGACCCAAT-1,1,71,67,11899,7169,23896.6666666667,39663.3333333333,8464.66666666666,188.895165273238,23707.7715013934,24085.5618319399,8275.77150139343,8653.5618319399
TGCCTAAATTTAATAG-1,1,39,127,7041,12397,41323.3333333333,23470,24658,188.895165273238,41134.4381680601,41512.2284986066,24469.1048347268,24846.8951652732
TGCCTAATTGAAGATT-1,1,55,105,9469,10480,34933.3333333333,31563.3333333333,16564.6666666667,188.895165273238,34744.4381680601,35122.2284986066,16375.7715013934,16753.5618319399
TGCCTTGGCCAGGCAA-1,1,52,82,9016,8475,28250,30053.3333333333,18074.6666666667,188.895165273238,28061.1048347268,28438.8951652732,17885.7715013934,18263.5618319399
TGCGACACCCTAGTGC-1,1,46,46,8107,5336,17786.6666666667,27023.3333333333,21104.6666666667,188.895165273238,17597.7715013934,17975.5618319399,20915.7715013934,21293.5618319399
TGCGACGGCCGAACGT-1,1,60,32,10232,4117,13723.3333333333,34106.6666666667,14021.3333333333,188.895165273238,13534.4381680601,13912.2284986066,13832.4381680601,14210.2284986066
TGCGAGAATATTACCC-1,1,50,40,8714,4813,16043.3333333333,29046.6666666667,19081.3333333333,188.895165273238,15854.4381680601,16232.2284986066,18892.4381680601,19270.2284986066
TGCGCCGTTAATAACG-1,1,41,123,7345,12048,40160,24483.3333333333,23644.6666666667,188.895165273238,39971.1048347268,40348.8951652732,23455.7715013934,23833.5618319399
TGCGGACTTGACTCCG-1,1,68,76,11443,7953,26510,38143.3333333333,9984.66666666666,188.895165273238,26321.1048347268,26698.8951652732,9795.77150139343,10173.5618319399
TGCGTAAGAACCTGAT-1,1,43,43,7652,5074,16913.3333333333,25506.6666666667,22621.3333333333,188.895165273238,16724.4381680601,17102.2284986066,22432.4381680601,22810.2284986066
TGCGTACGGCTAATTG-1,1,67,101,11290,10133,33776.6666666667,37633.3333333333,10494.6666666667,188.895165273238,33587.7715013934,33965.5618319399,10305.7715013934,10683.5618319399
TGCGTTTGTTGACACT-1,1,42,76,7499,7951,26503.3333333333,24996.6666666667,23131.3333333333,188.895165273238,26314.4381680601,26692.2284986066,22942.4381680601,23320.2284986066
TGCTAAGTGTCTATTT-1,1,52,90,9015,9172,30573.3333333333,30050,18078,188.895165273238,30384.4381680601,30762.2284986066,17889.1048347268,18266.8951652732
TGCTCCACAGTTCTTA-1,1,45,95,7953,9608,32026.6666666667,26510,21618,188.895165273238,31837.7715013934,32215.5618319399,21429.1048347268,21806.8951652732
TGCTCGGCGAAACCCA-1,1,57,61,9775,6645,22150,32583.3333333333,15544.6666666667,188.895165273238,21961.1048347268,22338.8951652732,15355.7715013934,15733.5618319399
TGCTCGGTGGGTCACC-1,1,66,72,11140,7604,25346.6666666667,37133.3333333333,10994.6666666667,188.895165273238,25157.7715013934,25535.5618319399,10805.7715013934,11183.5618319399
TGCTCTGCCGGTTCAC-1,1,27,127,5221,12396,41320,17403.3333333333,30724.6666666667,188.895165273238,41131.1048347268,41508.8951652732,30535.7715013934,30913.5618319399
TGCTCTTGAGAGTTTG-1,1,64,70,10837,7430,24766.6666666667,36123.3333333333,12004.6666666667,188.895165273238,24577.7715013934,24955.5618319399,11815.7715013934,12193.5618319399
TGCTGTTGAAGAACTC-1,1,38,66,6893,7079,23596.6666666667,22976.6666666667,25151.3333333333,188.895165273238,23407.7715013934,23785.5618319399,24962.4381680601,25340.2284986066
TGCTTAGAGAGAATGC-1,1,62,26,10536,3594,11980,35120,13008,188.895165273238,11791.1048347268,12168.8951652732,12819.1048347268,13196.8951652732
TGCTTCCCAAGCAGTA-1,1,62,66,10533,7081,23603.3333333333,35110,13018,188.895165273238,23414.4381680601,23792.2284986066,12829.1048347268,13206.8951652732
TGGAACCACTGACACA-1,1,24,102,4767,10216,34053.3333333333,15890,32238,188.895165273238,33864.4381680601,34242.2284986066,32049.1048347268,32426.8951652732
TGGAAGAAGGGAACGT-1,1,39,35,7046,4376,14586.6666666667,23486.6666666667,24641.3333333333,188.895165273238,14397.7715013934,14775.5618319399,24452.4381680601,24830.2284986066
TGGAATATCCTTGACC-1,1,23,107,4615,10652,35506.6666666667,15383.3333333333,32744.6666666667,188.895165273238,35317.7715013934,35695.5618319399,32555.7715013934,32933.5618319399
TGGACCAATCTAAGAT-1,1,62,80,10533,8302,27673.3333333333,35110,13018,188.895165273238,27484.4381680601,27862.2284986066,12829.1048347268,13206.8951652732
TGGACTGTTCGCTCAA-1,1,37,73,6741,7689,25630,22470,25658,188.895165273238,25441.1048347268,25818.8951652732,25469.1048347268,25846.8951652732
TGGAGAATAATCGTCC-1,1,72,44,12052,5164,17213.3333333333,40173.3333333333,7954.66666666667,188.895165273238,17024.4381680601,17402.2284986066,7765.77150139343,8143.5618319399
TGGAGGGAAACACCTC-1,1,22,122,4463,11959,39863.3333333333,14876.6666666667,33251.3333333333,188.895165273238,39674.4381680601,40052.2284986066,33062.4381680601,33440.2284986066
TGGCAAACTAAATTAC-1,1,50,78,8712,8126,27086.6666666667,29040,19088,188.895165273238,26897.7715013934,27275.5618319399,18899.1048347268,19276.8951652732
TGGCAAGCACAAGTCG-1,1,66,56,11141,6210,20700,37136.6666666667,10991.3333333333,188.895165273238,20511.1048347268,20888.8951652732,10802.4381680601,11180.2284986066
TGGCAATGGGACGGCG-1,1,54,106,9318,10568,35226.6666666667,31060,17068,188.895165273238,35037.7715013934,35415.5618319399,16879.1048347268,17256.8951652732
TGGCAGATTACGATCA-1,1,44,58,7803,6382,21273.3333333333,26010,22118,188.895165273238,21084.4381680601,21462.2284986066,21929.1048347268,22306.8951652732
TGGCAGCAGTAATAGT-1,1,39,61,7045,6643,22143.3333333333,23483.3333333333,24644.6666666667,188.895165273238,21954.4381680601,22332.2284986066,24455.7715013934,24833.5618319399
TGGCGACTGCTCCAAA-1,1,55,47,9473,5424,18080,31576.6666666667,16551.3333333333,188.895165273238,17891.1048347268,18268.8951652732,16362.4381680601,16740.2284986066
TGGCGATCAAGTTATG-1,1,51,55,8865,6121,20403.3333333333,29550,18578,188.895165273238,20214.4381680601,20592.2284986066,18389.1048347268,18766.8951652732
TGGCTACACTCTACCT-1,1,64,100,10835,10045,33483.3333333333,36116.6666666667,12011.3333333333,188.895165273238,33294.4381680601,33672.2284986066,11822.4381680601,12200.2284986066
TGGCTATGTGACATAC-1,1,60,82,10229,8476,28253.3333333333,34096.6666666667,14031.3333333333,188.895165273238,28064.4381680601,28442.2284986066,13842.4381680601,14220.2284986066
TGGGCAATAGTTGGGT-1,1,46,108,8104,10741,35803.3333333333,27013.3333333333,21114.6666666667,188.895165273238,35614.4381680601,35992.2284986066,20925.7715013934,21303.5618319399
TGGGCAGGCCACCGCA-1,1,54,116,9317,11439,38130,31056.6666666667,17071.3333333333,188.895165273238,37941.1048347268,38318.8951652732,16882.4381680601,17260.2284986066
TGGGCCCATACTAATT-1,1,47,89,8257,9085,30283.3333333333,27523.3333333333,20604.6666666667,188.895165273238,30094.4381680601,30472.2284986066,20415.7715013934,20793.5618319399
TGGGCGATACAATAAG-1,1,68,62,11444,6733,22443.3333333333,38146.6666666667,9981.33333333333,188.895165273238,22254.4381680601,22632.2284986066,9792.43816806009,10170.2284986066
TGGGTGCACAAGCCAT-1,1,69,85,11594,8738,29126.6666666667,38646.6666666667,9481.33333333333,188.895165273238,28937.7715013934,29315.5618319399,9292.43816806009,9670.22849860657
TGGGTGTAATAGATTT-1,1,68,102,11442,10220,34066.6666666667,38140,9988,188.895165273238,33877.7715013934,34255.5618319399,9799.10483472676,10176.8951652732
TGGGTGTTAAGTAGAA-1,1,72,68,12050,7256,24186.6666666667,40166.6666666667,7961.33333333333,188.895165273238,23997.7715013934,24375.5618319399,7772.43816806009,8150.22849860657
TGGTAGAATATATGGG-1,1,48,100,8408,10044,33480,28026.6666666667,20101.3333333333,188.895165273238,33291.1048347268,33668.8951652732,19912.4381680601,20290.2284986066
TGGTCCCACGCTACGG-1,1,52,74,9016,7777,25923.3333333333,30053.3333333333,18074.6666666667,188.895165273238,25734.4381680601,26112.2284986066,17885.7715013934,18263.5618319399
TGGTGCCCTGCCTTAC-1,1,74,52,12355,5862,19540,41183.3333333333,6944.66666666667,188.895165273238,19351.1048347268,19728.8951652732,6755.77150139343,7133.5618319399
TGGTTAAGGGCGCTGG-1,1,26,114,5070,11262,37540,16900,31228,188.895165273238,37351.1048347268,37728.8951652732,31039.1048347268,31416.8951652732
TGGTTCAACGGGTAAT-1,1,50,74,8713,7777,25923.3333333333,29043.3333333333,19084.6666666667,188.895165273238,25734.4381680601,26112.2284986066,18895.7715013934,19273.5618319399
TGGTTTAAACGTGGGT-1,1,24,112,4766,11088,36960,15886.6666666667,32241.3333333333,188.895165273238,36771.1048347268,37148.8951652732,32052.4381680601,32430.2284986066
TGTACCTACACGAGGG-1,1,59,91,10077,9260,30866.6666666667,33590,14538,188.895165273238,30677.7715013934,31055.5618319399,14349.1048347268,14726.8951652732
TGTACGAACAAATCCG-1,1,38,58,6893,6381,21270,22976.6666666667,25151.3333333333,188.895165273238,21081.1048347268,21458.8951652732,24962.4381680601,25340.2284986066
TGTACTACTCTCACGG-1,1,20,120,4159,11785,39283.3333333333,13863.3333333333,34264.6666666667,188.895165273238,39094.4381680601,39472.2284986066,34075.7715013934,34453.5618319399
TGTAGCCAATTCCGTT-1,1,71,81,11898,8390,27966.6666666667,39660,8468,188.895165273238,27777.7715013934,28155.5618319399,8279.10483472676,8656.89516527324
TGTAGCCATCCCATTC-1,1,62,112,10531,11091,36970,35103.3333333333,13024.6666666667,188.895165273238,36781.1048347268,37158.8951652732,12835.7715013934,13213.5618319399
TGTAGGAGAAATTTCC-1,1,34,86,6285,8822,29406.6666666667,20950,27178,188.895165273238,29217.7715013934,29595.5618319399,26989.1048347268,27366.8951652732
TGTAGTGATCTATAAT-1,1,35,33,6439,4201,14003.3333333333,21463.3333333333,26664.6666666667,188.895165273238,13814.4381680601,14192.2284986066,26475.7715013934,26853.5618319399
TGTATACGGATGATGA-1,1,25,125,4917,12221,40736.6666666667,16390,31738,188.895165273238,40547.7715013934,40925.5618319399,31549.1048347268,31926.8951652732
TGTATGGCGCAGACAG-1,1,43,93,7650,9433,31443.3333333333,25500,22628,188.895165273238,31254.4381680601,31632.2284986066,22439.1048347268,22816.8951652732
TGTCATTTGTTGGGAA-1,1,21,109,4312,10826,36086.6666666667,14373.3333333333,33754.6666666667,188.895165273238,35897.7715013934,36275.5618319399,33565.7715013934,33943.5618319399
TGTCCACGGCTCAACT-1,1,65,101,10987,10133,33776.6666666667,36623.3333333333,11504.6666666667,188.895165273238,33587.7715013934,33965.5618319399,11315.7715013934,11693.5618319399
TGTCCGCAAACAATTC-1,1,73,51,12203,5774,19246.6666666667,40676.6666666667,7451.33333333333,188.895165273238,19057.7715013934,19435.5618319399,7262.43816806009,7640.22849860657
TGTCGTTATCACATAT-1,1,61,15,10385,2635,8783.33333333334,34616.6666666667,13511.3333333333,188.895165273238,8594.4381680601,8972.22849860657,13322.4381680601,13700.2284986066
TGTGAGACTAGCCCAA-1,1,59,63,10079,6819,22730,33596.6666666667,14531.3333333333,188.895165273238,22541.1048347268,22918.8951652732,14342.4381680601,14720.2284986066
TGTGCCGGTGCCGGAA-1,1,53,97,9166,9783,32610,30553.3333333333,17574.6666666667,188.895165273238,32421.1048347268,32798.8951652732,17385.7715013934,17763.5618319399
TGTGGACTATCTACGT-1,1,52,126,9013,12311,41036.6666666667,30043.3333333333,18084.6666666667,188.895165273238,40847.7715013934,41225.5618319399,17895.7715013934,18273.5618319399
TGTGGCGGGCTTCTGG-1,1,65,59,10989,6471,21570,36630,11498,188.895165273238,21381.1048347268,21758.8951652732,11309.1048347268,11686.8951652732
TGTGGCTCCCACCAAC-1,1,44,118,7800,11613,38710,26000,22128,188.895165273238,38521.1048347268,38898.8951652732,21939.1048347268,22316.8951652732
TGTGGTAGGGTGCCTT-1,1,53,125,9165,12224,40746.6666666667,30550,17578,188.895165273238,40557.7715013934,40935.5618319399,17389.1048347268,17766.8951652732
TGTGGTTGCTAAAGCT-1,1,65,49,10989,5599,18663.3333333333,36630,11498,188.895165273238,18474.4381680601,18852.2284986066,11309.1048347268,11686.8951652732
TGTTATTGTATGTGGC-1,1,44,86,7802,8823,29410,26006.6666666667,22121.3333333333,188.895165273238,29221.1048347268,29598.8951652732,21932.4381680601,22310.2284986066
TGTTCCGCTTCCATGA-1,1,36,44,6591,5161,17203.3333333333,21970,26158,188.895165273238,17014.4381680601,17392.2284986066,25969.1048347268,26346.8951652732
TGTTCCGGCCTGAGCT-1,1,70,66,11747,7082,23606.6666666667,39156.6666666667,8971.33333333333,188.895165273238,23417.7715013934,23795.5618319399,8782.43816806009,9160.22849860657
TGTTCGTATTGCGGTG-1,1,49,61,8562,6644,22146.6666666667,28540,19588,188.895165273238,21957.7715013934,22335.5618319399,19399.1048347268,19776.8951652732
TGTTCTTCCATTGACT-1,1,33,43,6135,5073,16910,20450,27678,188.895165273238,16721.1048347268,17098.8951652732,27489.1048347268,27866.8951652732
TGTTGCCGTCGTCCCA-1,1,46,122,8103,11962,39873.3333333333,27010,21118,188.895165273238,39684.4381680601,40062.2284986066,20929.1048347268,21306.8951652732
TGTTTGAGATCGTCAG-1,1,49,115,8559,11352,37840,28530,19598,188.895165273238,37651.1048347268,38028.8951652732,19409.1048347268,19786.8951652732
TTAAACTCGAATTCAT-1,1,31,95,5829,9606,32020,19430,28698,188.895165273238,31831.1048347268,32208.8951652732,28509.1048347268,28886.8951652732
TTAAAGGCGATGCTCG-1,1,73,49,12203,5600,18666.6666666667,40676.6666666667,7451.33333333333,188.895165273238,18477.7715013934,18855.5618319399,7262.43816806009,7640.22849860657
TTAACGAACAAGCAGT-1,1,22,114,4463,11262,37540,14876.6666666667,33251.3333333333,188.895165273238,37351.1048347268,37728.8951652732,33062.4381680601,33440.2284986066
TTAAGATAGGATTGAC-1,1,43,101,7649,10131,33770,25496.6666666667,22631.3333333333,188.895165273238,33581.1048347268,33958.8951652732,22442.4381680601,22820.2284986066
TTAAGGCCCGTACTTT-1,1,59,25,10081,3506,11686.6666666667,33603.3333333333,14524.6666666667,188.895165273238,11497.7715013934,11875.5618319399,14335.7715013934,14713.5618319399
TTAAGTATTGTTATCC-1,1,64,90,10836,9174,30580,36120,12008,188.895165273238,30391.1048347268,30768.8951652732,11819.1048347268,12196.8951652732
TTAATTGCTTTGGGTG-1,1,62,76,10533,7953,26510,35110,13018,188.895165273238,26321.1048347268,26698.8951652732,12829.1048347268,13206.8951652732
TTACACGATCTGCGAC-1,1,62,110,10531,10917,36390,35103.3333333333,13024.6666666667,188.895165273238,36201.1048347268,36578.8951652732,12835.7715013934,13213.5618319399
TTACAGACCTAAATGA-1,1,26,96,5071,9693,32310,16903.3333333333,31224.6666666667,188.895165273238,32121.1048347268,32498.8951652732,31035.7715013934,31413.5618319399
TTACATGCCACAACTA-1,1,41,103,7346,10305,34350,24486.6666666667,23641.3333333333,188.895165273238,34161.1048347268,34538.8951652732,23452.4381680601,23830.2284986066
TTACCCTAGGGATTGG-1,1,60,58,10230,6383,21276.6666666667,34100,14028,188.895165273238,21087.7715013934,21465.5618319399,13839.1048347268,14216.8951652732
TTACGGATGGTTCGAG-1,1,33,93,6133,9432,31440,20443.3333333333,27684.6666666667,188.895165273238,31251.1048347268,31628.8951652732,27495.7715013934,27873.5618319399
TTACGTATCTATGACA-1,1,64,116,10834,11440,38133.3333333333,36113.3333333333,12014.6666666667,188.895165273238,37944.4381680601,38322.2284986066,11825.7715013934,12203.5618319399
TTACTAAAGGACTTTA-1,1,48,78,8409,8126,27086.6666666667,28030,20098,188.895165273238,26897.7715013934,27275.5618319399,19909.1048347268,20286.8951652732
TTACTCCGGCCGGGAA-1,1,34,78,6285,8125,27083.3333333333,20950,27178,188.895165273238,26894.4381680601,27272.2284986066,26989.1048347268,27366.8951652732
TTACTCTGGTACGTAC-1,1,43,31,7653,4028,13426.6666666667,25510,22618,188.895165273238,13237.7715013934,13615.5618319399,22429.1048347268,22806.8951652732
TTACTGGGATATTTCA-1,1,44,54,7804,6033,20110,26013.3333333333,22114.6666666667,188.895165273238,19921.1048347268,20298.8951652732,21925.7715013934,22303.5618319399
TTAGAAGAACATGACT-1,1,52,64,9017,6906,23020,30056.6666666667,18071.3333333333,188.895165273238,22831.1048347268,23208.8951652732,17882.4381680601,18260.2284986066
TTAGAATAAGGGTCGG-1,1,61,45,10383,5250,17500,34610,13518,188.895165273238,17311.1048347268,17688.8951652732,13329.1048347268,13706.8951652732
TTAGACGAGTCACCTC-1,1,48,80,8409,8300,27666.6666666667,28030,20098,188.895165273238,27477.7715013934,27855.5618319399,19909.1048347268,20286.8951652732
TTAGAGTTTAGAAGGA-1,1,46,86,8105,8823,29410,27016.6666666667,21111.3333333333,188.895165273238,29221.1048347268,29598.8951652732,20922.4381680601,21300.2284986066
TTAGCTGATTTGCCGT-1,1,38,94,6891,9520,31733.3333333333,22970,25158,188.895165273238,31544.4381680601,31922.2284986066,24969.1048347268,25346.8951652732
TTAGGATGGGAGGGTA-1,1,47,127,8255,12398,41326.6666666667,27516.6666666667,20611.3333333333,188.895165273238,41137.7715013934,41515.5618319399,20422.4381680601,20800.2284986066
TTAGGTCATAACCGAC-1,1,58,38,9928,4639,15463.3333333333,33093.3333333333,15034.6666666667,188.895165273238,15274.4381680601,15652.2284986066,14845.7715013934,15223.5618319399
TTAGTAAACCTGCTCT-1,1,62,94,10532,9522,31740,35106.6666666667,13021.3333333333,188.895165273238,31551.1048347268,31928.8951652732,12832.4381680601,13210.2284986066
TTAGTTATTCGTGGCA-1,1,47,91,8257,9259,30863.3333333333,27523.3333333333,20604.6666666667,188.895165273238,30674.4381680601,31052.2284986066,20415.7715013934,20793.5618319399
TTAGTTCAAGTGTTCG-1,1,22,112,4463,11088,36960,14876.6666666667,33251.3333333333,188.895165273238,36771.1048347268,37148.8951652732,33062.4381680601,33440.2284986066
TTATAGGTAATTGTCT-1,1,61,73,10381,7691,25636.6666666667,34603.3333333333,13524.6666666667,188.895165273238,25447.7715013934,25825.5618319399,13335.7715013934,13713.5618319399
TTATATACGCTGTCAC-1,1,38,74,6892,7776,25920,22973.3333333333,25154.6666666667,188.895165273238,25731.1048347268,26108.8951652732,24965.7715013934,25343.5618319399
TTATCCGGGATCTATA-1,1,51,87,8864,8911,29703.3333333333,29546.6666666667,18581.3333333333,188.895165273238,29514.4381680601,29892.2284986066,18392.4381680601,18770.2284986066
TTATGAATGAAAGGGA-1,1,41,63,7348,6817,22723.3333333333,24493.3333333333,23634.6666666667,188.895165273238,22534.4381680601,22912.2284986066,23445.7715013934,23823.5618319399
TTATGATCTTAACGAA-1,1,38,82,6892,8474,28246.6666666667,22973.3333333333,25154.6666666667,188.895165273238,28057.7715013934,28435.5618319399,24965.7715013934,25343.5618319399
TTATGCGTCCCGGTCC-1,1,7,45,2191,5245,17483.3333333333,7303.33333333333,40824.6666666667,188.895165273238,17294.4381680601,17672.2284986066,40635.7715013934,41013.5618319399
TTATTAGAGCGTGTTC-1,1,46,70,8106,7428,24760,27020,21108,188.895165273238,24571.1048347268,24948.8951652732,20919.1048347268,21296.8951652732
TTATTATCTGGAAGGC-1,1,55,121,9469,11875,39583.3333333333,31563.3333333333,16564.6666666667,188.895165273238,39394.4381680601,39772.2284986066,16375.7715013934,16753.5618319399
TTCAAAGTCTCTAGCC-1,1,35,75,6437,7863,26210,21456.6666666667,26671.3333333333,188.895165273238,26021.1048347268,26398.8951652732,26482.4381680601,26860.2284986066
TTCAATACTCTGAATC-1,1,38,86,6892,8822,29406.6666666667,22973.3333333333,25154.6666666667,188.895165273238,29217.7715013934,29595.5618319399,24965.7715013934,25343.5618319399
TTCACGAAAGGATCAC-1,1,38,54,6893,6033,20110,22976.6666666667,25151.3333333333,188.895165273238,19921.1048347268,20298.8951652732,24962.4381680601,25340.2284986066
TTCACTCGAGCACCTA-1,1,55,69,9471,7342,24473.3333333333,31570,16558,188.895165273238,24284.4381680601,24662.2284986066,16369.1048347268,16746.8951652732
TTCACTTCCTAGAACG-1,1,67,51,11293,5774,19246.6666666667,37643.3333333333,10484.6666666667,188.895165273238,19057.7715013934,19435.5618319399,10295.7715013934,10673.5618319399
TTCAGCCCTGGTCCAC-1,1,47,85,8257,8736,29120,27523.3333333333,20604.6666666667,188.895165273238,28931.1048347268,29308.8951652732,20415.7715013934,20793.5618319399
TTCAGCTGGCGTGCCC-1,1,55,95,9470,9609,32030,31566.6666666667,16561.3333333333,188.895165273238,31841.1048347268,32218.8951652732,16372.4381680601,16750.2284986066
TTCAGTTCAAGAGGAG-1,1,72,38,12052,4641,15470,40173.3333333333,7954.66666666667,188.895165273238,15281.1048347268,15658.8951652732,7765.77150139343,8143.5618319399
TTCCAATCTGGCTATC-1,1,48,46,8411,5336,17786.6666666667,28036.6666666667,20091.3333333333,188.895165273238,17597.7715013934,17975.5618319399,19902.4381680601,20280.2284986066
TTCCACACAGATTTGA-1,1,50,46,8714,5336,17786.6666666667,29046.6666666667,19081.3333333333,188.895165273238,17597.7715013934,17975.5618319399,18892.4381680601,19270.2284986066
TTCCAGACGAGATTTA-1,1,39,111,7042,11002,36673.3333333333,23473.3333333333,24654.6666666667,188.895165273238,36484.4381680601,36862.2284986066,24465.7715013934,24843.5618319399
TTCCATCGACAGCGTG-1,1,61,107,10380,10655,35516.6666666667,34600,13528,188.895165273238,35327.7715013934,35705.5618319399,13339.1048347268,13716.8951652732
TTCCGCGTGAGGCGAT-1,1,46,64,8106,6905,23016.6666666667,27020,21108,188.895165273238,22827.7715013934,23205.5618319399,20919.1048347268,21296.8951652732
TTCCGGCCTTGAGGCT-1,1,54,44,9321,5162,17206.6666666667,31070,17058,188.895165273238,17017.7715013934,17395.5618319399,16869.1048347268,17246.8951652732
TTCCGGTATCTGTGTC-1,1,41,115,7345,11351,37836.6666666667,24483.3333333333,23644.6666666667,188.895165273238,37647.7715013934,38025.5618319399,23455.7715013934,23833.5618319399
TTCCGGTTACCCACTT-1,1,45,87,7953,8910,29700,26510,21618,188.895165273238,29511.1048347268,29888.8951652732,21429.1048347268,21806.8951652732
TTCCTCGGACTAACCA-1,1,50,86,8712,8823,29410,29040,19088,188.895165273238,29221.1048347268,29598.8951652732,18899.1048347268,19276.8951652732
TTCGACAGAGCCCGTG-1,1,52,68,9016,7254,24180,30053.3333333333,18074.6666666667,188.895165273238,23991.1048347268,24368.8951652732,17885.7715013934,18263.5618319399
TTCGCACTGTACGACA-1,1,61,59,10382,6471,21570,34606.6666666667,13521.3333333333,188.895165273238,21381.1048347268,21758.8951652732,13332.4381680601,13710.2284986066
TTCGCGCGCCATACGA-1,1,59,47,10079,5424,18080,33596.6666666667,14531.3333333333,188.895165273238,17891.1048347268,18268.8951652732,14342.4381680601,14720.2284986066
TTCGCTAGGAAGTTGT-1,1,41,117,7345,11525,38416.6666666667,24483.3333333333,23644.6666666667,188.895165273238,38227.7715013934,38605.5618319399,23455.7715013934,23833.5618319399
TTCGGGACTAATCGCG-1,1,36,72,6589,7602,25340,21963.3333333333,26164.6666666667,188.895165273238,25151.1048347268,25528.8951652732,25975.7715013934,26353.5618319399
TTCGGGCGCTAGTCTT-1,1,55,37,9473,4552,15173.3333333333,31576.6666666667,16551.3333333333,188.895165273238,14984.4381680601,15362.2284986066,16362.4381680601,16740.2284986066
TTCGGGTTGCCACGGG-1,1,61,117,10379,11527,38423.3333333333,34596.6666666667,13531.3333333333,188.895165273238,38234.4381680601,38612.2284986066,13342.4381680601,13720.2284986066
TTCGGTACTGTAGAGG-1,1,67,63,11292,6820,22733.3333333333,37640,10488,188.895165273238,22544.4381680601,22922.2284986066,10299.1048347268,10676.8951652732
TTCGGTGGAGACGCCC-1,1,47,121,8255,11875,39583.3333333333,27516.6666666667,20611.3333333333,188.895165273238,39394.4381680601,39772.2284986066,20422.4381680601,20800.2284986066
TTCTAACCGAAGCTTA-1,1,34,90,6285,9171,30570,20950,27178,188.895165273238,30381.1048347268,30758.8951652732,26989.1048347268,27366.8951652732
TTCTAGAAAGTCTTAT-1,1,60,46,10231,5337,17790,34103.3333333333,14024.6666666667,188.895165273238,17601.1048347268,17978.8951652732,13835.7715013934,14213.5618319399
TTCTATGCCTTTCGCA-1,1,29,121,5524,11873,39576.6666666667,18413.3333333333,29714.6666666667,188.895165273238,39387.7715013934,39765.5618319399,29525.7715013934,29903.5618319399
TTCTATTAAACGCAGC-1,1,67,55,11293,6122,20406.6666666667,37643.3333333333,10484.6666666667,188.895165273238,20217.7715013934,20595.5618319399,10295.7715013934,10673.5618319399
TTCTGACCGGGCTCAA-1,1,52,84,9016,8649,28830,30053.3333333333,18074.6666666667,188.895165273238,28641.1048347268,29018.8951652732,17885.7715013934,18263.5618319399
TTCTGCCGCGCCTAGA-1,1,49,69,8561,7341,24470,28536.6666666667,19591.3333333333,188.895165273238,24281.1048347268,24658.8951652732,19402.4381680601,19780.2284986066
TTCTGCGGGTTAGCGG-1,1,40,80,7195,8299,27663.3333333333,23983.3333333333,24144.6666666667,188.895165273238,27474.4381680601,27852.2284986066,23955.7715013934,24333.5618319399
TTCTGCTAGACTCCAA-1,1,28,106,5374,10565,35216.6666666667,17913.3333333333,30214.6666666667,188.895165273238,35027.7715013934,35405.5618319399,30025.7715013934,30403.5618319399
TTCTTATCCGCTGGGT-1,1,49,101,8559,10131,33770,28530,19598,188.895165273238,33581.1048347268,33958.8951652732,19409.1048347268,19786.8951652732
TTCTTGAGCCGCGCTA-1,1,47,41,8259,4900,16333.3333333333,27530,20598,188.895165273238,16144.4381680601,16522.2284986066,20409.1048347268,20786.8951652732
TTCTTGCTAGCATCTC-1,1,40,110,7194,10915,36383.3333333333,23980,24148,188.895165273238,36194.4381680601,36572.2284986066,23959.1048347268,24336.8951652732
TTCTTGGACGATCTGC-1,1,52,32,9018,4116,13720,30060,18068,188.895165273238,13531.1048347268,13908.8951652732,17879.1048347268,18256.8951652732
TTCTTTGGTCGCGACG-1,1,24,104,4767,10390,34633.3333333333,15890,32238,188.895165273238,34444.4381680601,34822.2284986066,32049.1048347268,32426.8951652732
TTGAAAGGTGTAAAGG-1,1,13,103,3098,10302,34340,10326.6666666667,37801.3333333333,188.895165273238,34151.1048347268,34528.8951652732,37612.4381680601,37990.2284986066
TTGAACGACGTGCTGA-1,1,60,88,10229,8999,29996.6666666667,34096.6666666667,14031.3333333333,188.895165273238,29807.7715013934,30185.5618319399,13842.4381680601,14220.2284986066
TTGAAGAATTCCCAGG-1,1,32,50,5983,5683,18943.3333333333,19943.3333333333,28184.6666666667,188.895165273238,18754.4381680601,19132.2284986066,27995.7715013934,28373.5618319399
TTGAAGGATGGGCGCC-1,1,62,12,10536,2373,7910,35120,13008,188.895165273238,7721.10483472676,8098.89516527324,12819.1048347268,13196.8951652732
TTGAATATGGACTTTC-1,1,34,76,6285,7950,26500,20950,27178,188.895165273238,26311.1048347268,26688.8951652732,26989.1048347268,27366.8951652732
TTGAATTCACGTGAGG-1,1,39,97,7043,9781,32603.3333333333,23476.6666666667,24651.3333333333,188.895165273238,32414.4381680601,32792.2284986066,24462.4381680601,24840.2284986066
TTGACAGGAGCTCCCG-1,1,47,99,8256,9957,33190,27520,20608,188.895165273238,33001.1048347268,33378.8951652732,20419.1048347268,20796.8951652732
TTGACATGAACGTGGA-1,1,44,32,7805,4115,13716.6666666667,26016.6666666667,22111.3333333333,188.895165273238,13527.7715013934,13905.5618319399,21922.4381680601,22300.2284986066
TTGACCAGGAACAACT-1,1,64,80,10836,8302,27673.3333333333,36120,12008,188.895165273238,27484.4381680601,27862.2284986066,11819.1048347268,12196.8951652732
TTGACCGTGTTAATGA-1,1,50,34,8715,4290,14300,29050,19078,188.895165273238,14111.1048347268,14488.8951652732,18889.1048347268,19266.8951652732
TTGACGCTCCATGAGC-1,1,41,101,7346,10130,33766.6666666667,24486.6666666667,23641.3333333333,188.895165273238,33577.7715013934,33955.5618319399,23452.4381680601,23830.2284986066
TTGACTACCATATGGT-1,1,43,41,7653,4900,16333.3333333333,25510,22618,188.895165273238,16144.4381680601,16522.2284986066,22429.1048347268,22806.8951652732
TTGACTATTGTCCGGC-1,1,46,104,8104,10392,34640,27013.3333333333,21114.6666666667,188.895165273238,34451.1048347268,34828.8951652732,20925.7715013934,21303.5618319399
TTGAGAAGTTTAGCAT-1,1,55,87,9470,8911,29703.3333333333,31566.6666666667,16561.3333333333,188.895165273238,29514.4381680601,29892.2284986066,16372.4381680601,16750.2284986066
TTGAGAGTACTGCTAA-1,1,44,38,7804,4638,15460,26013.3333333333,22114.6666666667,188.895165273238,15271.1048347268,15648.8951652732,21925.7715013934,22303.5618319399
TTGAGCAGCCCACGGT-1,1,44,116,7800,11438,38126.6666666667,26000,22128,188.895165273238,37937.7715013934,38315.5618319399,21939.1048347268,22316.8951652732
TTGAGCGCCACGTGAT-1,1,38,118,6890,11612,38706.6666666667,22966.6666666667,25161.3333333333,188.895165273238,38517.7715013934,38895.5618319399,24972.4381680601,25350.2284986066
TTGAGTCCCGCTGCTG-1,1,39,119,7042,11699,38996.6666666667,23473.3333333333,24654.6666666667,188.895165273238,38807.7715013934,39185.5618319399,24465.7715013934,24843.5618319399
TTGATAGTCAATACAT-1,1,27,115,5221,11350,37833.3333333333,17403.3333333333,30724.6666666667,188.895165273238,37644.4381680601,38022.2284986066,30535.7715013934,30913.5618319399
TTGATGCCGCTCGTCG-1,1,70,34,11749,4292,14306.6666666667,39163.3333333333,8964.66666666666,188.895165273238,14117.7715013934,14495.5618319399,8775.77150139343,9153.5618319399
TTGATTAGCTGTTTCT-1,1,48,34,8411,4290,14300,28036.6666666667,20091.3333333333,188.895165273238,14111.1048347268,14488.8951652732,19902.4381680601,20280.2284986066
TTGCAAGAAGACTCCT-1,1,70,68,11747,7256,24186.6666666667,39156.6666666667,8971.33333333333,188.895165273238,23997.7715013934,24375.5618319399,8782.43816806009,9160.22849860657
TTGCACAATTCAGAAA-1,1,43,57,7652,6295,20983.3333333333,25506.6666666667,22621.3333333333,188.895165273238,20794.4381680601,21172.2284986066,22432.4381680601,22810.2284986066
TTGCATGCTGATCACG-1,1,41,35,7349,4376,14586.6666666667,24496.6666666667,23631.3333333333,188.895165273238,14397.7715013934,14775.5618319399,23442.4381680601,23820.2284986066
TTGCCAAGCAGAACCC-1,1,44,114,7800,11264,37546.6666666667,26000,22128,188.895165273238,37357.7715013934,37735.5618319399,21939.1048347268,22316.8951652732
TTGCCCTGATCACGGG-1,1,36,34,6591,4289,14296.6666666667,21970,26158,188.895165273238,14107.7715013934,14485.5618319399,25969.1048347268,26346.8951652732
TTGCCGCAGACCTACA-1,1,62,18,10536,2896,9653.33333333333,35120,13008,188.895165273238,9464.4381680601,9842.22849860657,12819.1048347268,13196.8951652732
TTGCCGCTTTCTAGTA-1,1,62,78,10533,8127,27090,35110,13018,188.895165273238,26901.1048347268,27278.8951652732,12829.1048347268,13206.8951652732
TTGCCTTCTCGCCGGG-1,1,68,104,11442,10394,34646.6666666667,38140,9988,188.895165273238,34457.7715013934,34835.5618319399,9799.10483472676,10176.8951652732
TTGCGCTTGATCAATA-1,1,69,101,11593,10133,33776.6666666667,38643.3333333333,9484.66666666666,188.895165273238,33587.7715013934,33965.5618319399,9295.77150139343,9673.5618319399
TTGCGGCATCAGAAAG-1,1,53,45,9169,5249,17496.6666666667,30563.3333333333,17564.6666666667,188.895165273238,17307.7715013934,17685.5618319399,17375.7715013934,17753.5618319399
TTGCGTCGGCCAACCG-1,1,51,41,8866,4900,16333.3333333333,29553.3333333333,18574.6666666667,188.895165273238,16144.4381680601,16522.2284986066,18385.7715013934,18763.5618319399
TTGCGTGTGTAGGCAT-1,1,69,83,11594,8564,28546.6666666667,38646.6666666667,9481.33333333333,188.895165273238,28357.7715013934,28735.5618319399,9292.43816806009,9670.22849860657
TTGCTCATAGTACGTG-1,1,67,107,11290,10656,35520,37633.3333333333,10494.6666666667,188.895165273238,35331.1048347268,35708.8951652732,10305.7715013934,10683.5618319399
TTGCTGATCATGTTCG-1,1,33,57,6135,6294,20980,20450,27678,188.895165273238,20791.1048347268,21168.8951652732,27489.1048347268,27866.8951652732
TTGGACCATCTGGCAA-1,1,51,105,8863,10480,34933.3333333333,29543.3333333333,18584.6666666667,188.895165273238,34744.4381680601,35122.2284986066,18395.7715013934,18773.5618319399
TTGGACCTATAACAGT-1,1,56,86,9622,8824,29413.3333333333,32073.3333333333,16054.6666666667,188.895165273238,29224.4381680601,29602.2284986066,15865.7715013934,16243.5618319399
TTGGATATCGTCTACG-1,1,48,52,8410,5859,19530,28033.3333333333,20094.6666666667,188.895165273238,19341.1048347268,19718.8951652732,19905.7715013934,20283.5618319399
TTGGCGATCCGAATAT-1,1,35,121,6435,11873,39576.6666666667,21450,26678,188.895165273238,39387.7715013934,39765.5618319399,26489.1048347268,26866.8951652732
TTGGCTCAATATGTGT-1,1,65,113,10986,11179,37263.3333333333,36620,11508,188.895165273238,37074.4381680601,37452.2284986066,11319.1048347268,11696.8951652732
TTGGGAAGACGAGCCG-1,1,68,64,11444,6907,23023.3333333333,38146.6666666667,9981.33333333333,188.895165273238,22834.4381680601,23212.2284986066,9792.43816806009,10170.2284986066
TTGGGACGTAAGAGTT-1,1,51,109,8862,10829,36096.6666666667,29540,18588,188.895165273238,35907.7715013934,36285.5618319399,18399.1048347268,18776.8951652732
TTGGGTTTATTCAGCG-1,1,15,125,3400,12220,40733.3333333333,11333.3333333333,36794.6666666667,188.895165273238,40544.4381680601,40922.2284986066,36605.7715013934,36983.5618319399
TTGGTATGGCTTGTGT-1,1,33,117,6131,11525,38416.6666666667,20436.6666666667,27691.3333333333,188.895165273238,38227.7715013934,38605.5618319399,27502.4381680601,27880.2284986066
TTGGTCACACTCGTAA-1,1,48,48,8411,5510,18366.6666666667,28036.6666666667,20091.3333333333,188.895165273238,18177.7715013934,18555.5618319399,19902.4381680601,20280.2284986066
TTGGTTCGCTCAAAGG-1,1,39,125,7041,12223,40743.3333333333,23470,24658,188.895165273238,40554.4381680601,40932.2284986066,24469.1048347268,24846.8951652732
TTGTAAGGACCTAAGT-1,1,46,32,8108,4115,13716.6666666667,27026.6666666667,21101.3333333333,188.895165273238,13527.7715013934,13905.5618319399,20912.4381680601,21290.2284986066
TTGTAATCCGTACTCG-1,1,35,55,6438,6119,20396.6666666667,21460,26668,188.895165273238,20207.7715013934,20585.5618319399,26479.1048347268,26856.8951652732
TTGTGAACCTAATCCG-1,1,56,90,9622,9173,30576.6666666667,32073.3333333333,16054.6666666667,188.895165273238,30387.7715013934,30765.5618319399,15865.7715013934,16243.5618319399
TTGTGCAGCCACGTCA-1,1,60,74,10230,7778,25926.6666666667,34100,14028,188.895165273238,25737.7715013934,26115.5618319399,13839.1048347268,14216.8951652732
TTGTGGTATAGGTATG-1,1,24,126,4766,12308,41026.6666666667,15886.6666666667,32241.3333333333,188.895165273238,40837.7715013934,41215.5618319399,32052.4381680601,32430.2284986066
TTGTGGTGGTACTAAG-1,1,63,95,10684,9609,32030,35613.3333333333,12514.6666666667,188.895165273238,31841.1048347268,32218.8951652732,12325.7715013934,12703.5618319399
TTGTGTATGCCACCAA-1,1,56,60,9624,6557,21856.6666666667,32080,16048,188.895165273238,21667.7715013934,22045.5618319399,15859.1048347268,16236.8951652732
TTGTGTTTCCCGAAAG-1,1,51,59,8865,6470,21566.6666666667,29550,18578,188.895165273238,21377.7715013934,21755.5618319399,18389.1048347268,18766.8951652732
TTGTTTCACATCCAGG-1,1,58,42,9928,4988,16626.6666666667,33093.3333333333,15034.6666666667,188.895165273238,16437.7715013934,16815.5618319399,14845.7715013934,15223.5618319399
TTGTTTCATTAGTCTA-1,1,60,30,10232,3942,13140,34106.6666666667,14021.3333333333,188.895165273238,12951.1048347268,13328.8951652732,13832.4381680601,14210.2284986066
