record_id	asset_class	relative_path	filename	file_extension	byte_size	sha1	release_status	redistribution_class	formal_role	linked_figure_or_analysis	source_or_generator	notes
T4H-0001	DOCUMENTATION	reproducibility_release/release_candidate_v1.0/README.md	README.md	.md	533	723389d41bc03e6e3f8237f06a15ff38607d185b	INCLUDED_RELEASE_CANDIDATE	REDISTRIBUTABLE	release-candidate scope and bootstrap instructions	Task 4H release candidate	scripts/run_task4h_release_candidate_audit.py	Task 4H generated candidate documentation.
T4H-0002	DOCUMENTATION	reproducibility_release/release_candidate_v1.0/reconstruction/README.md	README.md	.md	559	b975c4302977ffa60e7302fcb1852a49eec384dc	INCLUDED_RELEASE_CANDIDATE	REDISTRIBUTABLE	third-party acquisition and reconstruction boundary	Task 4H release candidate	scripts/run_task4h_release_candidate_audit.py	Task 4H generated candidate documentation.
T4H-0003	DOCUMENTATION	reproducibility_release/release_candidate_v1.0/environments/environment_limitations.md	environment_limitations.md	.md	481	3ae96c86647220e693e63240493fd0dd25547216	INCLUDED_RELEASE_CANDIDATE	REDISTRIBUTABLE	bounded formal environment limitations	Task 4H release candidate	scripts/run_task4h_release_candidate_audit.py	Task 4H generated candidate documentation.
T4H-0004	FIGURE_SCRIPT	reproducibility_release/release_candidate_v1.0/figure_scripts/scripts/export_simulation_stage3ab_joint_overview.py	export_simulation_stage3ab_joint_overview.py	.py	20472	413cfc3b213b3b27896af51b8b3f51ef92ac2bf2	INCLUDED_RELEASE_CANDIDATE	REDISTRIBUTABLE	formal panel generator; expected inputs: simulation Stage3A/Stage3B triptych panels and scenario results; outputs: simulation_stage3ab_joint_triptych_overview_stack_3datasets.svg/png	Fig. 1C	scripts/export_simulation_stage3ab_joint_overview.py	format=mixed;retention=DIRECTLY_RETAINED
T4H-0005	FIGURE_SCRIPT	reproducibility_release/release_candidate_v1.0/figure_scripts/scripts/plot_method_comparison_composition_recovery.py	plot_method_comparison_composition_recovery.py	.py	19303	86fc034b4ce2e0dbcb88613ed62d002e4b459f96	INCLUDED_RELEASE_CANDIDATE	REDISTRIBUTABLE	formal panel generator; expected inputs: nine-scenario mapping outputs and simulation truth; outputs: composition_recovery_7mapping_methods_composite_no_noise_abstention_aware_boxplot.png/pdf	Fig. 1D (0% noise)	scripts/plot_method_comparison_composition_recovery.py	format=mixed;retention=DIRECTLY_RETAINED
T4H-0006	FIGURE_SCRIPT	reproducibility_release/release_candidate_v1.0/figure_scripts/scripts/run_composite_scnoise10_stage3ab_full.py	run_composite_scnoise10_stage3ab_full.py	.py	395	270ed643444542f6ded7a1fe32843d6411c44ad6	INCLUDED_RELEASE_CANDIDATE	REDISTRIBUTABLE	formal panel generator; expected inputs: 10% noisy-reference Stage3A/Stage3B outputs and retained six-method mappings; outputs: fig1d_scnoise10_stage3ab_full.png/pdf and source tables	Fig. 1D (10% noise)	scripts/run_composite_scnoise10_stage3ab_full.py	format=mixed;retention=DIRECTLY_RETAINED
T4H-0007	FIGURE_SCRIPT	reproducibility_release/release_candidate_v1.0/figure_scripts/scripts/plot_real_profile_mask_fig2c_only.py	plot_real_profile_mask_fig2c_only.py	.py	4873	8867d0b68dfd44d34d5e15b3502dc1014cab7942	INCLUDED_RELEASE_CANDIDATE	REDISTRIBUTABLE	formal panel generator; expected inputs: spot_foundation.csv; outputs: fig2_panel_c_real_profile_mask.png/pdf	Fig. 2B	scripts/plot_real_profile_mask_fig2c_only.py	format=mixed;retention=DIRECTLY_RETAINED
T4H-0008	FIGURE_SCRIPT	reproducibility_release/release_candidate_v1.0/figure_scripts/scripts/plot_fig2d_profile_mask_benchmark.py	plot_fig2d_profile_mask_benchmark.py	.py	6949	4aea32d696bd5f87cf5e1f9019671c61e3bf0c07	INCLUDED_RELEASE_CANDIDATE	REDISTRIBUTABLE	formal panel generator; expected inputs: fig2d_profile_mask_benchmark_source_values.csv; outputs: fig2d_profile_mask_benchmark.png/pdf	Fig. 2C	scripts/plot_fig2d_profile_mask_benchmark.py	format=mixed;retention=RECOVERED_FROM_LOCAL_GIT_AND_HASH_VERIFIED
T4H-0009	FIGURE_SCRIPT	reproducibility_release/release_candidate_v1.0/figure_scripts/scripts/plot_real_profile_mask_expression_recovery.py	plot_real_profile_mask_expression_recovery.py	.py	4218	c0c2dfd0c00363d85ac326153d9c2fa614d3c48a	INCLUDED_RELEASE_CANDIDATE	REDISTRIBUTABLE	formal panel generator; expected inputs: expression_recovery_by_scenario.csv and expression_recovery_long.csv; outputs: expression_recovery_cosine_summary_bar.png/pdf	Fig. 2D	scripts/plot_real_profile_mask_expression_recovery.py	format=mixed;retention=DIRECTLY_RETAINED
T4H-0010	FIGURE_SCRIPT	reproducibility_release/release_candidate_v1.0/figure_scripts/scripts/build_fig2e_stage3_profile_mask_route2_only.py	build_fig2e_stage3_profile_mask_route2_only.py	.py	6929	d820257f6044b0d75de6705843b72dd27c0cc434	INCLUDED_RELEASE_CANDIDATE	REDISTRIBUTABLE	formal panel generator; expected inputs: fig2e_stage3_profile_mask_metrics.csv; outputs: fig2e_stage3_profile_mask_route2_ce9_ce10.png/pdf	Fig. 2F	scripts/build_fig2e_stage3_profile_mask_route2_only.py	format=mixed;retention=DIRECTLY_RETAINED
T4H-0011	FIGURE_SCRIPT	reproducibility_release/release_candidate_v1.0/figure_scripts/scripts/build_fig3b_highres_profile_mask_enrichment.py	build_fig3b_highres_profile_mask_enrichment.py	.py	19595	afd135cd4f38255bf8ba9897c9bfca2cbb7b3b1e	INCLUDED_RELEASE_CANDIDATE	REDISTRIBUTABLE	formal panel generator; expected inputs: five high-resolution mapping outputs; outputs: fig3b_highres_profile_mask_enrichment.png/pdf/svg and source tables	Fig. 3B	scripts/build_fig3b_highres_profile_mask_enrichment.py	format=mixed;retention=DIRECTLY_RETAINED
T4H-0012	FIGURE_SCRIPT	reproducibility_release/release_candidate_v1.0/figure_scripts/scripts/run_highres_targeted_validation_fig2c.py	run_highres_targeted_validation_fig2c.py	.py	3337	8b78294ec02a798d60fa7344594c0260f7ba3c85	INCLUDED_RELEASE_CANDIDATE	REDISTRIBUTABLE	formal panel generator; expected inputs: configs/highres_targeted_validation_fig2c.json; outputs: targeted_fig2c_*.png/pdf/svg and curve CSVs	Fig. 3C representative curve	scripts/run_highres_targeted_validation_fig2c.py	format=mixed;retention=DIRECTLY_RETAINED
T4H-0013	FIGURE_SCRIPT	reproducibility_release/release_candidate_v1.0/figure_scripts/scripts/build_highres_profile_mask_fig2d_benchmark.py	build_highres_profile_mask_fig2d_benchmark.py	.py	18248	97649fc795769c17bb351506a5387957ddab63da	INCLUDED_RELEASE_CANDIDATE	REDISTRIBUTABLE	formal panel generator; expected inputs: high-resolution mapping outputs; outputs: fig2d_highres_profile_mask_benchmark.png/pdf/svg and source tables	Fig. 3C 21-readout panel	scripts/build_highres_profile_mask_fig2d_benchmark.py	format=mixed;retention=DIRECTLY_RETAINED
T4H-0014	FIGURE_SCRIPT	reproducibility_release/release_candidate_v1.0/figure_scripts/scripts/run_highres_targeted_validation_fig2d.py	run_highres_targeted_validation_fig2d.py	.py	4747	61c3c92a339c470832419d429e6ca22771f24d86	INCLUDED_RELEASE_CANDIDATE	REDISTRIBUTABLE	formal panel generator; expected inputs: configs/highres_targeted_validation_fig2d.csv; outputs: targeted_fig2d_highres_fixed_panel.png/pdf/svg and source tables	Fig. 3C targeted 10-readout panel	scripts/run_highres_targeted_validation_fig2d.py	format=mixed;retention=DIRECTLY_RETAINED
T4H-0015	FIGURE_SCRIPT	reproducibility_release/release_candidate_v1.0/figure_scripts/scripts/plot_cytospace_fig2k_mapping_with_route2.py	plot_cytospace_fig2k_mapping_with_route2.py	.py	9946	8490a7bd686ecc1e525bbcc49540b04e1e66ff30	INCLUDED_RELEASE_CANDIDATE	REDISTRIBUTABLE	formal panel generator; expected inputs: T-cell state-decoy baseline and route2 mappings; outputs: fig2k_stage3_detected_state_decoy_baseline_vs_route2.png/pdf	Fig. 3E	scripts/plot_cytospace_fig2k_mapping_with_route2.py	format=mixed;retention=DIRECTLY_RETAINED
T4H-0016	FIGURE_SCRIPT	reproducibility_release/release_candidate_v1.0/figure_scripts/scripts/plot_cytospace_fig2i_forced_unsupported.py	plot_cytospace_fig2i_forced_unsupported.py	.py	12493	a67cf837763549309d022c7e0718aad7fab4bd67	INCLUDED_RELEASE_CANDIDATE	REDISTRIBUTABLE	formal panel generator; expected inputs: kidney state-decoy baseline and route2 mappings; outputs: fig2i_stage3_detected_state32like_n1000_baseline_vs_route2*.png/pdf	Fig. 3F	scripts/plot_cytospace_fig2i_forced_unsupported.py	format=mixed;retention=DIRECTLY_RETAINED
T4H-0017	FIGURE_SCRIPT	reproducibility_release/release_candidate_v1.0/figure_scripts/scripts/plot_stage3b_reference_dropout_spatial_stack.py	plot_stage3b_reference_dropout_spatial_stack.py	.py	12518	fa1fa4c4f99961015f4c75a71704f7d327c6478f	INCLUDED_RELEASE_CANDIDATE	REDISTRIBUTABLE	formal panel generator; expected inputs: reference-dropout Stage3B summaries and spatial outputs; outputs: stage3b_reference_dropout_spatial_stack_recommended_6x2.svg/png	Fig. 4A/F	scripts/plot_stage3b_reference_dropout_spatial_stack.py	format=mixed;retention=DIRECTLY_RETAINED
T4H-0018	FIGURE_SCRIPT	reproducibility_release/release_candidate_v1.0/figure_scripts/scripts/plot_stage3b_reference_dropout_panel_a_violin.py	plot_stage3b_reference_dropout_panel_a_violin.py	.py	8570	e836a22da7cf8b7322b1ebd48d070548bf3a7a79	INCLUDED_RELEASE_CANDIDATE	REDISTRIBUTABLE	formal panel generator; expected inputs: marker percentile values; outputs: reference-dropout marker percentile panel	Fig. 4B	scripts/plot_stage3b_reference_dropout_panel_a_violin.py	format=mixed;retention=DIRECTLY_RETAINED
T4H-0019	FIGURE_SCRIPT	reproducibility_release/release_candidate_v1.0/figure_scripts/scripts/plot_stage3b_reference_dropout_panel_a_blank_composition.py	plot_stage3b_reference_dropout_panel_a_blank_composition.py	.py	9624	ee397ac2ebd4c8150a3bbef2ba705e2f8b749eff	INCLUDED_RELEASE_CANDIDATE	REDISTRIBUTABLE	formal panel generator; expected inputs: blank-region composition summaries; outputs: reference-dropout blank composition panel	Fig. 4C	scripts/plot_stage3b_reference_dropout_panel_a_blank_composition.py	format=mixed;retention=DIRECTLY_RETAINED
T4H-0020	FIGURE_SCRIPT	reproducibility_release/release_candidate_v1.0/figure_scripts/scripts/plot_cell2location_abstention_aware_region_accuracy.py	plot_cell2location_abstention_aware_region_accuracy.py	.py	14268	20e8e074c2098fa32744104a7aaa5244ad09ba4a	INCLUDED_RELEASE_CANDIDATE	REDISTRIBUTABLE	formal panel generator; expected inputs: thalamic region/spot tables and frozen reference labels; outputs: cell2location_ST8059051_*_abstention_aware_region_accuracy.png	Fig. 4E	scripts/plot_cell2location_abstention_aware_region_accuracy.py	format=raster;retention=DIRECTLY_RETAINED
T4H-0021	FIGURE_SCRIPT	reproducibility_release/release_candidate_v1.0/figure_scripts/scripts/plot_stage3b_reference_missing_cell2location_panels_bc.py	plot_stage3b_reference_missing_cell2location_panels_bc.py	.py	15433	0101855700f7ca31070b5cc3f8babed70739b6ce	INCLUDED_RELEASE_CANDIDATE	REDISTRIBUTABLE	formal panel generator; expected inputs: forced-surrogate and expression-similarity matrices; outputs: cell2location reference-missing panels	Fig. 4G/H	scripts/plot_stage3b_reference_missing_cell2location_panels_bc.py	format=mixed;retention=DIRECTLY_RETAINED
T4H-0022	FIGURE_SCRIPT	reproducibility_release/release_candidate_v1.0/figure_scripts/scripts/plot_stage3b_reference_missing_thalamic_panels_bc.py	plot_stage3b_reference_missing_thalamic_panels_bc.py	.py	7800	ef42dd5a4c42b1ca528fda2034f47c1ca92eb29d	INCLUDED_RELEASE_CANDIDATE	REDISTRIBUTABLE	formal panel generator; expected inputs: thalamic forced-assignment and expression-similarity tables; outputs: thalamic reference-missing panels	Fig. 4H	scripts/plot_stage3b_reference_missing_thalamic_panels_bc.py	format=mixed;retention=DIRECTLY_RETAINED
T4H-0023	FIGURE_SCRIPT	reproducibility_release/release_candidate_v1.0/figure_scripts/scripts/plot_stage3b_false_spatial_niche_compact.py	plot_stage3b_false_spatial_niche_compact.py	.py	13658	b6f1ec0282238e0774ef6c1af3e121a7efa16ac6	INCLUDED_RELEASE_CANDIDATE	REDISTRIBUTABLE	formal panel generator; expected inputs: coupling matrices, pair statistics and reference-relative summary; outputs: false-spatial-niche compact panel	Fig. 4I coupling	scripts/plot_stage3b_false_spatial_niche_compact.py	format=mixed;retention=DIRECTLY_RETAINED
T4H-0024	FIGURE_SCRIPT	reproducibility_release/release_candidate_v1.0/figure_scripts/scripts/plot_stage3b_communication_strict_reference_style.py	plot_stage3b_communication_strict_reference_style.py	.py	28494	44442817ca6024fbcc68d7e3f3684d3dc70bab16	INCLUDED_RELEASE_CANDIDATE	REDISTRIBUTABLE	formal panel generator; expected inputs: local LR hotspot and ligand-target source tables; outputs: stage3b_communication_strict_reference_style.png/pdf	Fig. 4I KITLG-KIT	scripts/plot_stage3b_communication_strict_reference_style.py	format=mixed;retention=DIRECTLY_RETAINED
T4H-0025	FIGURE_SCRIPT	reproducibility_release/release_candidate_v1.0/figure_scripts/scripts/run_bioapp_main_figure_v3_12_panel_A_evidence_chain_redesign.py	run_bioapp_main_figure_v3_12_panel_A_evidence_chain_redesign.py	.py	68648	3ec12ba794bf0e5c265c2c9a162cd224de495532	INCLUDED_RELEASE_CANDIDATE	REDISTRIBUTABLE	formal panel generator; expected inputs: frozen endpoint, Phase 5/8 metrics, morphology, interface and microenvironment tables; outputs: bioapp_main_figure_v3_12_panel_A_evidence_chain_redesign panels	Fig. 5A-I	scripts/run_bioapp_main_figure_v3_12_panel_A_evidence_chain_redesign.py	format=mixed;retention=DIRECTLY_RETAINED
T4H-0026	SOURCE_CODE	reproducibility_release/release_candidate_v1.0/code/external/cytospace/cytospace/__init__.py	__init__.py	.py	26	f02609234b058b5c1c3c43229c74b97d8e5fc882	INCLUDED_RELEASE_CANDIDATE	REDISTRIBUTABLE	formal or necessary supporting implementation	Stage0-Stage5, simulations, masking, dropout, BioApp, source values or audit	external/cytospace/cytospace/__init__.py	Temporary/editable-SVG/redundant-storage and obsolete full-figure scripts excluded.
T4H-0027	SOURCE_CODE	reproducibility_release/release_candidate_v1.0/code/external/cytospace/cytospace/common/__init__.py	__init__.py	.py	53	5810ea8691f98a79ebfd3286709257d199a187fd	INCLUDED_RELEASE_CANDIDATE	REDISTRIBUTABLE	formal or necessary supporting implementation	Stage0-Stage5, simulations, masking, dropout, BioApp, source values or audit	external/cytospace/cytospace/common/__init__.py	Temporary/editable-SVG/redundant-storage and obsolete full-figure scripts excluded.
T4H-0028	SOURCE_CODE	reproducibility_release/release_candidate_v1.0/code/external/cytospace/cytospace/common/argument_parser.py	argument_parser.py	.py	5733	42b203111bc6e576add91e4f3f0c82366013c73b	INCLUDED_RELEASE_CANDIDATE	REDISTRIBUTABLE	formal or necessary supporting implementation	Stage0-Stage5, simulations, masking, dropout, BioApp, source values or audit	external/cytospace/cytospace/common/argument_parser.py	Temporary/editable-SVG/redundant-storage and obsolete full-figure scripts excluded.
T4H-0029	SOURCE_CODE	reproducibility_release/release_candidate_v1.0/code/external/cytospace/cytospace/common/common.py	common.py	.py	9798	e7838f29ffcb3e6cfa0b16c105432a1c51bcce74	INCLUDED_RELEASE_CANDIDATE	REDISTRIBUTABLE	formal or necessary supporting implementation	Stage0-Stage5, simulations, masking, dropout, BioApp, source values or audit	external/cytospace/cytospace/common/common.py	Temporary/editable-SVG/redundant-storage and obsolete full-figure scripts excluded.
T4H-0030	SOURCE_CODE	reproducibility_release/release_candidate_v1.0/code/external/cytospace/cytospace/cytospace.py	cytospace.py	.py	41956	dfd069f7429f9b57fb38662603aacbb88065ed1f	INCLUDED_RELEASE_CANDIDATE	REDISTRIBUTABLE	formal or necessary supporting implementation	Stage0-Stage5, simulations, masking, dropout, BioApp, source values or audit	external/cytospace/cytospace/cytospace.py	Temporary/editable-SVG/redundant-storage and obsolete full-figure scripts excluded.
T4H-0031	SOURCE_CODE	reproducibility_release/release_candidate_v1.0/code/external/cytospace/cytospace/get_cellfracs_seuratv3.R	get_cellfracs_seuratv3.R	.r	10466	b38ba2f680db5f68cce4b92b21005155e0c794bc	INCLUDED_RELEASE_CANDIDATE	REDISTRIBUTABLE	formal or necessary supporting implementation	Stage0-Stage5, simulations, masking, dropout, BioApp, source values or audit	external/cytospace/cytospace/get_cellfracs_seuratv3.R	Temporary/editable-SVG/redundant-storage and obsolete full-figure scripts excluded.
T4H-0032	SOURCE_CODE	reproducibility_release/release_candidate_v1.0/code/external/cytospace/cytospace/linear_assignment_solvers/__init__.py	__init__.py	.py	40	c1635338edba3b4e504be61ed5fab6d9c6e052a6	INCLUDED_RELEASE_CANDIDATE	REDISTRIBUTABLE	formal or necessary supporting implementation	Stage0-Stage5, simulations, masking, dropout, BioApp, source values or audit	external/cytospace/cytospace/linear_assignment_solvers/__init__.py	Temporary/editable-SVG/redundant-storage and obsolete full-figure scripts excluded.
T4H-0033	SOURCE_CODE	reproducibility_release/release_candidate_v1.0/code/external/cytospace/cytospace/linear_assignment_solvers/linear_assignment_solvers.py	linear_assignment_solvers.py	.py	6381	2a317f4465a17bff48638da0edea7c32b2a0e7e2	INCLUDED_RELEASE_CANDIDATE	REDISTRIBUTABLE	formal or necessary supporting implementation	Stage0-Stage5, simulations, masking, dropout, BioApp, source values or audit	external/cytospace/cytospace/linear_assignment_solvers/linear_assignment_solvers.py	Temporary/editable-SVG/redundant-storage and obsolete full-figure scripts excluded.
T4H-0034	SOURCE_CODE	reproducibility_release/release_candidate_v1.0/code/external/cytospace/cytospace/post_processing/__init__.py	__init__.py	.py	53	2e3b40145ce37736afea753308aa399b7d1a798d	INCLUDED_RELEASE_CANDIDATE	REDISTRIBUTABLE	formal or necessary supporting implementation	Stage0-Stage5, simulations, masking, dropout, BioApp, source values or audit	external/cytospace/cytospace/post_processing/__init__.py	Temporary/editable-SVG/redundant-storage and obsolete full-figure scripts excluded.
T4H-0035	SOURCE_CODE	reproducibility_release/release_candidate_v1.0/code/external/cytospace/cytospace/post_processing/plot.py	plot.py	.py	13525	0b5a6b80a7fd8ba46914a19086b6301a56f927df	INCLUDED_RELEASE_CANDIDATE	REDISTRIBUTABLE	formal or necessary supporting implementation	Stage0-Stage5, simulations, masking, dropout, BioApp, source values or audit	external/cytospace/cytospace/post_processing/plot.py	Temporary/editable-SVG/redundant-storage and obsolete full-figure scripts excluded.
T4H-0036	SOURCE_CODE	reproducibility_release/release_candidate_v1.0/code/external/cytospace/cytospace/post_processing/post_processing.py	post_processing.py	.py	7047	35bccf38f90557b97b5d35c4d00d3a7ece20372b	INCLUDED_RELEASE_CANDIDATE	REDISTRIBUTABLE	formal or necessary supporting implementation	Stage0-Stage5, simulations, masking, dropout, BioApp, source values or audit	external/cytospace/cytospace/post_processing/post_processing.py	Temporary/editable-SVG/redundant-storage and obsolete full-figure scripts excluded.
T4H-0037	SOURCE_CODE	reproducibility_release/release_candidate_v1.0/code/external/cytospace/cytospace/Prepare_input_files/generate_cytospace_from_seurat_object.R	generate_cytospace_from_seurat_object.R	.r	5039	d64e70afe7b537326bea97830538ac9339771f93	INCLUDED_RELEASE_CANDIDATE	REDISTRIBUTABLE	formal or necessary supporting implementation	Stage0-Stage5, simulations, masking, dropout, BioApp, source values or audit	external/cytospace/cytospace/Prepare_input_files/generate_cytospace_from_seurat_object.R	Temporary/editable-SVG/redundant-storage and obsolete full-figure scripts excluded.
T4H-0038	SOURCE_CODE	reproducibility_release/release_candidate_v1.0/code/external/cytospace/cytospace/Prepare_input_files/generate_cytospace_input_from_spaceranger_output.R	generate_cytospace_input_from_spaceranger_output.R	.r	2484	a33618a771dca8db70b8017bf07f64bba65a0a87	INCLUDED_RELEASE_CANDIDATE	REDISTRIBUTABLE	formal or necessary supporting implementation	Stage0-Stage5, simulations, masking, dropout, BioApp, source values or audit	external/cytospace/cytospace/Prepare_input_files/generate_cytospace_input_from_spaceranger_output.R	Temporary/editable-SVG/redundant-storage and obsolete full-figure scripts excluded.
T4H-0039	SOURCE_CODE	reproducibility_release/release_candidate_v1.0/code/external/cytospace/cytospace.egg-info/dependency_links.txt	dependency_links.txt	.txt	1	adc83b19e793491b1c6ea0fd8b46cd9f32e592fc	INCLUDED_RELEASE_CANDIDATE	REDISTRIBUTABLE	formal or necessary supporting implementation	Stage0-Stage5, simulations, masking, dropout, BioApp, source values or audit	external/cytospace/cytospace.egg-info/dependency_links.txt	Temporary/editable-SVG/redundant-storage and obsolete full-figure scripts excluded.
T4H-0040	SOURCE_CODE	reproducibility_release/release_candidate_v1.0/code/external/cytospace/cytospace.egg-info/entry_points.txt	entry_points.txt	.txt	64	e72c6c5df57c9f09fc5e9611d2a53a0d3b8be742	INCLUDED_RELEASE_CANDIDATE	REDISTRIBUTABLE	formal or necessary supporting implementation	Stage0-Stage5, simulations, masking, dropout, BioApp, source values or audit	external/cytospace/cytospace.egg-info/entry_points.txt	Temporary/editable-SVG/redundant-storage and obsolete full-figure scripts excluded.
T4H-0041	SOURCE_CODE	reproducibility_release/release_candidate_v1.0/code/external/cytospace/cytospace.egg-info/SOURCES.txt	SOURCES.txt	.txt	596	bc1b158809dc75e577ec730407fb90d92a199886	INCLUDED_RELEASE_CANDIDATE	REDISTRIBUTABLE	formal or necessary supporting implementation	Stage0-Stage5, simulations, masking, dropout, BioApp, source values or audit	external/cytospace/cytospace.egg-info/SOURCES.txt	Temporary/editable-SVG/redundant-storage and obsolete full-figure scripts excluded.
T4H-0042	SOURCE_CODE	reproducibility_release/release_candidate_v1.0/code/external/cytospace/cytospace.egg-info/top_level.txt	top_level.txt	.txt	10	147a580370caae5309d60c327af43356da8a571e	INCLUDED_RELEASE_CANDIDATE	REDISTRIBUTABLE	formal or necessary supporting implementation	Stage0-Stage5, simulations, masking, dropout, BioApp, source values or audit	external/cytospace/cytospace.egg-info/top_level.txt	Temporary/editable-SVG/redundant-storage and obsolete full-figure scripts excluded.
T4H-0043	SOURCE_CODE	reproducibility_release/release_candidate_v1.0/code/external/cytospace/LICENSE	LICENSE	NONE	2032	70e0f0bde1d4cd01d5899fb9f6b0077ade328b06	INCLUDED_RELEASE_CANDIDATE	REDISTRIBUTABLE	formal or necessary supporting implementation	Stage0-Stage5, simulations, masking, dropout, BioApp, source values or audit	external/cytospace/LICENSE	Temporary/editable-SVG/redundant-storage and obsolete full-figure scripts excluded.
T4H-0044	SOURCE_CODE	reproducibility_release/release_candidate_v1.0/code/external/cytospace/README-CN.md	README-CN.md	.md	68004	77e1f66ad7a9fe245bb7c1ebddb1997f51efd7a3	INCLUDED_RELEASE_CANDIDATE	REDISTRIBUTABLE	formal or necessary supporting implementation	Stage0-Stage5, simulations, masking, dropout, BioApp, source values or audit	external/cytospace/README-CN.md	Temporary/editable-SVG/redundant-storage and obsolete full-figure scripts excluded.
T4H-0045	SOURCE_CODE	reproducibility_release/release_candidate_v1.0/code/external/cytospace/README.md	README.md	.md	50627	ae1d1cc540449507b341583c8982e1533c9c4bd2	INCLUDED_RELEASE_CANDIDATE	REDISTRIBUTABLE	formal or necessary supporting implementation	Stage0-Stage5, simulations, masking, dropout, BioApp, source values or audit	external/cytospace/README.md	Temporary/editable-SVG/redundant-storage and obsolete full-figure scripts excluded.
T4H-0046	SOURCE_CODE	reproducibility_release/release_candidate_v1.0/code/external/cytospace/setup.py	setup.py	.py	545	6dcc8296ed9df58c17745094c30a9cd61ce526f0	INCLUDED_RELEASE_CANDIDATE	REDISTRIBUTABLE	formal or necessary supporting implementation	Stage0-Stage5, simulations, masking, dropout, BioApp, source values or audit	external/cytospace/setup.py	Temporary/editable-SVG/redundant-storage and obsolete full-figure scripts excluded.
T4H-0047	SOURCE_CODE	reproducibility_release/release_candidate_v1.0/code/external/cytospace/uncertainty_quantification.R	uncertainty_quantification.R	.r	7378	303905cdda2af84473c2200a91dcca54dd1e9486	INCLUDED_RELEASE_CANDIDATE	REDISTRIBUTABLE	formal or necessary supporting implementation	Stage0-Stage5, simulations, masking, dropout, BioApp, source values or audit	external/cytospace/uncertainty_quantification.R	Temporary/editable-SVG/redundant-storage and obsolete full-figure scripts excluded.
T4H-0048	SOURCE_CODE	reproducibility_release/release_candidate_v1.0/code/r_scripts/stage1_preprocess.R	stage1_preprocess.R	.r	12283	ca76a17a7ad3f9dbd5a18869e002a3c7f42e80ac	INCLUDED_RELEASE_CANDIDATE	REDISTRIBUTABLE	formal or necessary supporting implementation	Stage0-Stage5, simulations, masking, dropout, BioApp, source values or audit	r_scripts/stage1_preprocess.R	Temporary/editable-SVG/redundant-storage and obsolete full-figure scripts excluded.
T4H-0049	SOURCE_CODE	reproducibility_release/release_candidate_v1.0/code/scripts/audit_dataset_provenance_formal.py	audit_dataset_provenance_formal.py	.py	82518	7808d43a217e2b8e039fa768b311c1bcda8a4c33	INCLUDED_RELEASE_CANDIDATE	REDISTRIBUTABLE	formal or necessary supporting implementation	Stage0-Stage5, simulations, masking, dropout, BioApp, source values or audit	scripts/audit_dataset_provenance_formal.py	Temporary/editable-SVG/redundant-storage and obsolete full-figure scripts excluded.
T4H-0050	SOURCE_CODE	reproducibility_release/release_candidate_v1.0/code/scripts/audit_fig5b_auprc_provenance.py	audit_fig5b_auprc_provenance.py	.py	52429	da59f8efd6e10b36b20b9ca2c64b258cbb7bfcd7	INCLUDED_RELEASE_CANDIDATE	REDISTRIBUTABLE	formal or necessary supporting implementation	Stage0-Stage5, simulations, masking, dropout, BioApp, source values or audit	scripts/audit_fig5b_auprc_provenance.py	Temporary/editable-SVG/redundant-storage and obsolete full-figure scripts excluded.
T4H-0051	SOURCE_CODE	reproducibility_release/release_candidate_v1.0/code/scripts/build_assigned_expression_from_stage1.py	build_assigned_expression_from_stage1.py	.py	2428	681e67328cb841a2347508341bd6b349929bb68e	INCLUDED_RELEASE_CANDIDATE	REDISTRIBUTABLE	formal or necessary supporting implementation	Stage0-Stage5, simulations, masking, dropout, BioApp, source values or audit	scripts/build_assigned_expression_from_stage1.py	Temporary/editable-SVG/redundant-storage and obsolete full-figure scripts excluded.
T4H-0052	SOURCE_CODE	reproducibility_release/release_candidate_v1.0/code/scripts/build_cytospace_fig2c_profile_mask_sample.py	build_cytospace_fig2c_profile_mask_sample.py	.py	21108	0680e00aa0ed58302f056f4e0909472f1a6786ab	INCLUDED_RELEASE_CANDIDATE	REDISTRIBUTABLE	formal or necessary supporting implementation	Stage0-Stage5, simulations, masking, dropout, BioApp, source values or audit	scripts/build_cytospace_fig2c_profile_mask_sample.py	Temporary/editable-SVG/redundant-storage and obsolete full-figure scripts excluded.
T4H-0053	SOURCE_CODE	reproducibility_release/release_candidate_v1.0/code/scripts/build_cytospace_fig2d_profile_mask_sample.py	build_cytospace_fig2d_profile_mask_sample.py	.py	8902	a5e3ad7a2f1016a2cfd9c3c7a1cce773d2ba72d7	INCLUDED_RELEASE_CANDIDATE	REDISTRIBUTABLE	formal or necessary supporting implementation	Stage0-Stage5, simulations, masking, dropout, BioApp, source values or audit	scripts/build_cytospace_fig2d_profile_mask_sample.py	Temporary/editable-SVG/redundant-storage and obsolete full-figure scripts excluded.
T4H-0054	SOURCE_CODE	reproducibility_release/release_candidate_v1.0/code/scripts/build_cytospace_output_from_generic_mapping.py	build_cytospace_output_from_generic_mapping.py	.py	4109	7726657b66bd0e09beac1f7a450af89b1a181e8d	INCLUDED_RELEASE_CANDIDATE	REDISTRIBUTABLE	formal or necessary supporting implementation	Stage0-Stage5, simulations, masking, dropout, BioApp, source values or audit	scripts/build_cytospace_output_from_generic_mapping.py	Temporary/editable-SVG/redundant-storage and obsolete full-figure scripts excluded.
T4H-0055	SOURCE_CODE	reproducibility_release/release_candidate_v1.0/code/scripts/build_dataset_provenance_manifest_draft_v0_1.py	build_dataset_provenance_manifest_draft_v0_1.py	.py	48773	c97904e2cbeef017a3ee976b090d7f99c836fe01	INCLUDED_RELEASE_CANDIDATE	REDISTRIBUTABLE	formal or necessary supporting implementation	Stage0-Stage5, simulations, masking, dropout, BioApp, source values or audit	scripts/build_dataset_provenance_manifest_draft_v0_1.py	Temporary/editable-SVG/redundant-storage and obsolete full-figure scripts excluded.
T4H-0056	SOURCE_CODE	reproducibility_release/release_candidate_v1.0/code/scripts/build_fig2e_stage3_profile_mask_benchmark.py	build_fig2e_stage3_profile_mask_benchmark.py	.py	20020	541cf2cf4313e740defed595cf95d107fd607ee4	INCLUDED_RELEASE_CANDIDATE	REDISTRIBUTABLE	formal or necessary supporting implementation	Stage0-Stage5, simulations, masking, dropout, BioApp, source values or audit	scripts/build_fig2e_stage3_profile_mask_benchmark.py	Temporary/editable-SVG/redundant-storage and obsolete full-figure scripts excluded.
T4H-0057	SOURCE_CODE	reproducibility_release/release_candidate_v1.0/code/scripts/build_highres_fig2c_expression_enrichment.py	build_highres_fig2c_expression_enrichment.py	.py	14955	eda527dca56a179ce216d33701717a75e8c82604	INCLUDED_RELEASE_CANDIDATE	REDISTRIBUTABLE	formal or necessary supporting implementation	Stage0-Stage5, simulations, masking, dropout, BioApp, source values or audit	scripts/build_highres_fig2c_expression_enrichment.py	Temporary/editable-SVG/redundant-storage and obsolete full-figure scripts excluded.
T4H-0058	SOURCE_CODE	reproducibility_release/release_candidate_v1.0/code/scripts/build_highres_profile_mask_mapping.py	build_highres_profile_mask_mapping.py	.py	31947	58a230878c37e7d70fc3c0584ba8b6e6a3f2acd1	INCLUDED_RELEASE_CANDIDATE	REDISTRIBUTABLE	formal or necessary supporting implementation	Stage0-Stage5, simulations, masking, dropout, BioApp, source values or audit	scripts/build_highres_profile_mask_mapping.py	Temporary/editable-SVG/redundant-storage and obsolete full-figure scripts excluded.
T4H-0059	SOURCE_CODE	reproducibility_release/release_candidate_v1.0/code/scripts/build_human_lung_5loc_three_row_stack.py	build_human_lung_5loc_three_row_stack.py	.py	8508	0b0adb0ff3cc11d9212a1c8b68e3b9d0ba7f433d	INCLUDED_RELEASE_CANDIDATE	REDISTRIBUTABLE	formal or necessary supporting implementation	Stage0-Stage5, simulations, masking, dropout, BioApp, source values or audit	scripts/build_human_lung_5loc_three_row_stack.py	Temporary/editable-SVG/redundant-storage and obsolete full-figure scripts excluded.
T4H-0060	SOURCE_CODE	reproducibility_release/release_candidate_v1.0/code/scripts/build_lowres_reference_dropout_source_audit.py	build_lowres_reference_dropout_source_audit.py	.py	57982	f9f49807e17dedeea3d892e74fcbfc751e2cedb2	INCLUDED_RELEASE_CANDIDATE	REDISTRIBUTABLE	formal or necessary supporting implementation	Stage0-Stage5, simulations, masking, dropout, BioApp, source values or audit	scripts/build_lowres_reference_dropout_source_audit.py	Temporary/editable-SVG/redundant-storage and obsolete full-figure scripts excluded.
T4H-0061	SOURCE_CODE	reproducibility_release/release_candidate_v1.0/code/scripts/build_masked_scenarios_real_stack.py	build_masked_scenarios_real_stack.py	.py	6516	c14628bcdb069e4b8ce8968ef7784fe82b8ad9eb	INCLUDED_RELEASE_CANDIDATE	REDISTRIBUTABLE	formal or necessary supporting implementation	Stage0-Stage5, simulations, masking, dropout, BioApp, source values or audit	scripts/build_masked_scenarios_real_stack.py	Temporary/editable-SVG/redundant-storage and obsolete full-figure scripts excluded.
T4H-0062	SOURCE_CODE	reproducibility_release/release_candidate_v1.0/code/scripts/build_mouse_brain_refined_three_row_stack.py	build_mouse_brain_refined_three_row_stack.py	.py	8586	659afd3966fbc8bbb10743af1d5b3320a56ce8e6	INCLUDED_RELEASE_CANDIDATE	REDISTRIBUTABLE	formal or necessary supporting implementation	Stage0-Stage5, simulations, masking, dropout, BioApp, source values or audit	scripts/build_mouse_brain_refined_three_row_stack.py	Temporary/editable-SVG/redundant-storage and obsolete full-figure scripts excluded.
T4H-0063	SOURCE_CODE	reproducibility_release/release_candidate_v1.0/code/scripts/build_real_brca_three_row_stack.py	build_real_brca_three_row_stack.py	.py	8757	0b33ee132715d233943bbdd39a0ae17dcc9c7f57	INCLUDED_RELEASE_CANDIDATE	REDISTRIBUTABLE	formal or necessary supporting implementation	Stage0-Stage5, simulations, masking, dropout, BioApp, source values or audit	scripts/build_real_brca_three_row_stack.py	Temporary/editable-SVG/redundant-storage and obsolete full-figure scripts excluded.
T4H-0064	SOURCE_CODE	reproducibility_release/release_candidate_v1.0/code/scripts/build_real_profile_mask_foundation.py	build_real_profile_mask_foundation.py	.py	12055	7c5bebe61ac03798b754025fb8929eadc1105c8a	INCLUDED_RELEASE_CANDIDATE	REDISTRIBUTABLE	formal or necessary supporting implementation	Stage0-Stage5, simulations, masking, dropout, BioApp, source values or audit	scripts/build_real_profile_mask_foundation.py	Temporary/editable-SVG/redundant-storage and obsolete full-figure scripts excluded.
T4H-0065	SOURCE_CODE	reproducibility_release/release_candidate_v1.0/code/scripts/build_real_st_profile_mask_sample.py	build_real_st_profile_mask_sample.py	.py	21643	4d3fba61166befee5869d652d4943738f4c00a3f	INCLUDED_RELEASE_CANDIDATE	REDISTRIBUTABLE	formal or necessary supporting implementation	Stage0-Stage5, simulations, masking, dropout, BioApp, source values or audit	scripts/build_real_st_profile_mask_sample.py	Temporary/editable-SVG/redundant-storage and obsolete full-figure scripts excluded.
T4H-0066	SOURCE_CODE	reproducibility_release/release_candidate_v1.0/code/scripts/build_simulation_triptych_overview_stack.py	build_simulation_triptych_overview_stack.py	.py	3313	c323ba37f278a894e72a929373b5835fdecc29a9	INCLUDED_RELEASE_CANDIDATE	REDISTRIBUTABLE	formal or necessary supporting implementation	Stage0-Stage5, simulations, masking, dropout, BioApp, source values or audit	scripts/build_simulation_triptych_overview_stack.py	Temporary/editable-SVG/redundant-storage and obsolete full-figure scripts excluded.
T4H-0067	SOURCE_CODE	reproducibility_release/release_candidate_v1.0/code/scripts/build_xenium_pseudospots.py	build_xenium_pseudospots.py	.py	13107	b8c646302646439a1e573d164d6b6a13c454b4b9	INCLUDED_RELEASE_CANDIDATE	REDISTRIBUTABLE	formal or necessary supporting implementation	Stage0-Stage5, simulations, masking, dropout, BioApp, source values or audit	scripts/build_xenium_pseudospots.py	Temporary/editable-SVG/redundant-storage and obsolete full-figure scripts excluded.
T4H-0068	SOURCE_CODE	reproducibility_release/release_candidate_v1.0/code/scripts/compute_cytospace_fig2c_official_enrichment.R	compute_cytospace_fig2c_official_enrichment.R	.r	6423	2b384da977e9eef70642cf8b9d77698c84653007	INCLUDED_RELEASE_CANDIDATE	REDISTRIBUTABLE	formal or necessary supporting implementation	Stage0-Stage5, simulations, masking, dropout, BioApp, source values or audit	scripts/compute_cytospace_fig2c_official_enrichment.R	Temporary/editable-SVG/redundant-storage and obsolete full-figure scripts excluded.
T4H-0069	SOURCE_CODE	reproducibility_release/release_candidate_v1.0/code/scripts/compute_cytospace_fig2c_official_enrichment_seurat.R	compute_cytospace_fig2c_official_enrichment_seurat.R	.r	7771	19ee3fd8678e06abcaf225a56d104088c881663f	INCLUDED_RELEASE_CANDIDATE	REDISTRIBUTABLE	formal or necessary supporting implementation	Stage0-Stage5, simulations, masking, dropout, BioApp, source values or audit	scripts/compute_cytospace_fig2c_official_enrichment_seurat.R	Temporary/editable-SVG/redundant-storage and obsolete full-figure scripts excluded.
T4H-0070	SOURCE_CODE	reproducibility_release/release_candidate_v1.0/code/scripts/compute_fig2c_enrichment_python.py	compute_fig2c_enrichment_python.py	.py	8090	4446d9789a48bb6a928437a450d14b6ff8df38b5	INCLUDED_RELEASE_CANDIDATE	REDISTRIBUTABLE	formal or necessary supporting implementation	Stage0-Stage5, simulations, masking, dropout, BioApp, source values or audit	scripts/compute_fig2c_enrichment_python.py	Temporary/editable-SVG/redundant-storage and obsolete full-figure scripts excluded.
T4H-0071	SOURCE_CODE	reproducibility_release/release_candidate_v1.0/code/scripts/compute_real_profile_mask_expression_recovery.py	compute_real_profile_mask_expression_recovery.py	.py	8261	4d090d0c9c59ec2621ce0ddb5991d58b91072369	INCLUDED_RELEASE_CANDIDATE	REDISTRIBUTABLE	formal or necessary supporting implementation	Stage0-Stage5, simulations, masking, dropout, BioApp, source values or audit	scripts/compute_real_profile_mask_expression_recovery.py	Temporary/editable-SVG/redundant-storage and obsolete full-figure scripts excluded.
T4H-0072	SOURCE_CODE	reproducibility_release/release_candidate_v1.0/code/scripts/compute_real_profile_mask_fig2c_nes.py	compute_real_profile_mask_fig2c_nes.py	.py	7881	d238c837ffb66079a9512204e6639aec9813e47f	INCLUDED_RELEASE_CANDIDATE	REDISTRIBUTABLE	formal or necessary supporting implementation	Stage0-Stage5, simulations, masking, dropout, BioApp, source values or audit	scripts/compute_real_profile_mask_fig2c_nes.py	Temporary/editable-SVG/redundant-storage and obsolete full-figure scripts excluded.
T4H-0073	SOURCE_CODE	reproducibility_release/release_candidate_v1.0/code/scripts/compute_real_profile_mask_fig2d_nes.py	compute_real_profile_mask_fig2d_nes.py	.py	5794	c1ad0a32d49f413236cc163c29a383ba6b7c3746	INCLUDED_RELEASE_CANDIDATE	REDISTRIBUTABLE	formal or necessary supporting implementation	Stage0-Stage5, simulations, masking, dropout, BioApp, source values or audit	scripts/compute_real_profile_mask_fig2d_nes.py	Temporary/editable-SVG/redundant-storage and obsolete full-figure scripts excluded.
T4H-0074	SOURCE_CODE	reproducibility_release/release_candidate_v1.0/code/scripts/compute_real_profile_mask_fig2d_score.py	compute_real_profile_mask_fig2d_score.py	.py	5257	e25787cb7fe15d475fff094f12d9c7d784c703a5	INCLUDED_RELEASE_CANDIDATE	REDISTRIBUTABLE	formal or necessary supporting implementation	Stage0-Stage5, simulations, masking, dropout, BioApp, source values or audit	scripts/compute_real_profile_mask_fig2d_score.py	Temporary/editable-SVG/redundant-storage and obsolete full-figure scripts excluded.
T4H-0075	SOURCE_CODE	reproducibility_release/release_candidate_v1.0/code/scripts/evaluate_stage3b_simulation.py	evaluate_stage3b_simulation.py	.py	3660	6e395fafe85b2e238860cb24dc5ef30b611a120f	INCLUDED_RELEASE_CANDIDATE	REDISTRIBUTABLE	formal or necessary supporting implementation	Stage0-Stage5, simulations, masking, dropout, BioApp, source values or audit	scripts/evaluate_stage3b_simulation.py	Temporary/editable-SVG/redundant-storage and obsolete full-figure scripts excluded.
T4H-0076	SOURCE_CODE	reproducibility_release/release_candidate_v1.0/code/scripts/export_cell2location_stage3b_miss_diagnostics_svg.py	export_cell2location_stage3b_miss_diagnostics_svg.py	.py	3816	4c5241d5918111b063a3ae6f07080b58dbcca553	INCLUDED_RELEASE_CANDIDATE	REDISTRIBUTABLE	formal or necessary supporting implementation	Stage0-Stage5, simulations, masking, dropout, BioApp, source values or audit	scripts/export_cell2location_stage3b_miss_diagnostics_svg.py	Temporary/editable-SVG/redundant-storage and obsolete full-figure scripts excluded.
T4H-0077	SOURCE_CODE	reproducibility_release/release_candidate_v1.0/code/scripts/export_simulation_triptych_overview_stack_svg.py	export_simulation_triptych_overview_stack_svg.py	.py	19426	39325a23445db75683d8cc1422a6ce252210cf9f	INCLUDED_RELEASE_CANDIDATE	REDISTRIBUTABLE	formal or necessary supporting implementation	Stage0-Stage5, simulations, masking, dropout, BioApp, source values or audit	scripts/export_simulation_triptych_overview_stack_svg.py	Temporary/editable-SVG/redundant-storage and obsolete full-figure scripts excluded.
T4H-0078	SOURCE_CODE	reproducibility_release/release_candidate_v1.0/code/scripts/extract_xenium_panel_genes.py	extract_xenium_panel_genes.py	.py	1265	c850a1c5e3cb1f658831c7ff8d00eeade5ebdd16	INCLUDED_RELEASE_CANDIDATE	REDISTRIBUTABLE	formal or necessary supporting implementation	Stage0-Stage5, simulations, masking, dropout, BioApp, source values or audit	scripts/extract_xenium_panel_genes.py	Temporary/editable-SVG/redundant-storage and obsolete full-figure scripts excluded.
T4H-0079	SOURCE_CODE	reproducibility_release/release_candidate_v1.0/code/scripts/generate_adult_mouse_kidney_clustered_sim.py	generate_adult_mouse_kidney_clustered_sim.py	.py	25072	ecf07aa2b665e2cb1c0c3837722880e560e792ac	INCLUDED_RELEASE_CANDIDATE	REDISTRIBUTABLE	formal or necessary supporting implementation	Stage0-Stage5, simulations, masking, dropout, BioApp, source values or audit	scripts/generate_adult_mouse_kidney_clustered_sim.py	Temporary/editable-SVG/redundant-storage and obsolete full-figure scripts excluded.
T4H-0080	SOURCE_CODE	reproducibility_release/release_candidate_v1.0/code/scripts/generate_missing_type_from_sim.py	generate_missing_type_from_sim.py	.py	16149	bdf7e0d8d9e8963fe54e087f42cf104778a5e069	INCLUDED_RELEASE_CANDIDATE	REDISTRIBUTABLE	formal or necessary supporting implementation	Stage0-Stage5, simulations, masking, dropout, BioApp, source values or audit	scripts/generate_missing_type_from_sim.py	Temporary/editable-SVG/redundant-storage and obsolete full-figure scripts excluded.
T4H-0081	SOURCE_CODE	reproducibility_release/release_candidate_v1.0/code/scripts/generate_real_brca_clustered_sim.py	generate_real_brca_clustered_sim.py	.py	23747	f637cfcb0daef71be9dd1619315749c600eaba8d	INCLUDED_RELEASE_CANDIDATE	REDISTRIBUTABLE	formal or necessary supporting implementation	Stage0-Stage5, simulations, masking, dropout, BioApp, source values or audit	scripts/generate_real_brca_clustered_sim.py	Temporary/editable-SVG/redundant-storage and obsolete full-figure scripts excluded.
T4H-0082	SOURCE_CODE	reproducibility_release/release_candidate_v1.0/code/scripts/generate_sc_noise_from_processed_sim.py	generate_sc_noise_from_processed_sim.py	.py	7074	1c1f242240d5b75ee8d4ad2aefc7ac9a01ea98b6	INCLUDED_RELEASE_CANDIDATE	REDISTRIBUTABLE	formal or necessary supporting implementation	Stage0-Stage5, simulations, masking, dropout, BioApp, source values or audit	scripts/generate_sc_noise_from_processed_sim.py	Temporary/editable-SVG/redundant-storage and obsolete full-figure scripts excluded.
T4H-0083	SOURCE_CODE	reproducibility_release/release_candidate_v1.0/code/scripts/generate_st_only_reference_dropout_from_sim.py	generate_st_only_reference_dropout_from_sim.py	.py	7103	2662321e9db72bc976ac3f5902fec6ce3a1cc107	INCLUDED_RELEASE_CANDIDATE	REDISTRIBUTABLE	formal or necessary supporting implementation	Stage0-Stage5, simulations, masking, dropout, BioApp, source values or audit	scripts/generate_st_only_reference_dropout_from_sim.py	Temporary/editable-SVG/redundant-storage and obsolete full-figure scripts excluded.
T4H-0084	SOURCE_CODE	reproducibility_release/release_candidate_v1.0/code/scripts/highres_enrichment_core.py	highres_enrichment_core.py	.py	20088	e49edee903f61be7c3f441eb0a507e6cca074674	INCLUDED_RELEASE_CANDIDATE	REDISTRIBUTABLE	formal or necessary supporting implementation	Stage0-Stage5, simulations, masking, dropout, BioApp, source values or audit	scripts/highres_enrichment_core.py	Temporary/editable-SVG/redundant-storage and obsolete full-figure scripts excluded.
T4H-0085	SOURCE_CODE	reproducibility_release/release_candidate_v1.0/code/scripts/plot_brca_her2_joint_stage3ab_communication.py	plot_brca_her2_joint_stage3ab_communication.py	.py	16890	8ebc44aeb7ed68a9928d37e6f56d1124190f0c8d	INCLUDED_RELEASE_CANDIDATE	REDISTRIBUTABLE	formal or necessary supporting implementation	Stage0-Stage5, simulations, masking, dropout, BioApp, source values or audit	scripts/plot_brca_her2_joint_stage3ab_communication.py	Temporary/editable-SVG/redundant-storage and obsolete full-figure scripts excluded.
T4H-0086	SOURCE_CODE	reproducibility_release/release_candidate_v1.0/code/scripts/plot_brca_her2_joint_stage3ab_lr_hotspots.py	plot_brca_her2_joint_stage3ab_lr_hotspots.py	.py	13290	c6867636ec89b88e807078b1485971c53f6c2259	INCLUDED_RELEASE_CANDIDATE	REDISTRIBUTABLE	formal or necessary supporting implementation	Stage0-Stage5, simulations, masking, dropout, BioApp, source values or audit	scripts/plot_brca_her2_joint_stage3ab_lr_hotspots.py	Temporary/editable-SVG/redundant-storage and obsolete full-figure scripts excluded.
T4H-0087	SOURCE_CODE	reproducibility_release/release_candidate_v1.0/code/scripts/plot_brca_her2_joint_stage3ab_marker_interpretation.py	plot_brca_her2_joint_stage3ab_marker_interpretation.py	.py	12646	d2ead7d1eefdd3e1bc0133165280eb75840c2b0a	INCLUDED_RELEASE_CANDIDATE	REDISTRIBUTABLE	formal or necessary supporting implementation	Stage0-Stage5, simulations, masking, dropout, BioApp, source values or audit	scripts/plot_brca_her2_joint_stage3ab_marker_interpretation.py	Temporary/editable-SVG/redundant-storage and obsolete full-figure scripts excluded.
T4H-0088	SOURCE_CODE	reproducibility_release/release_candidate_v1.0/code/scripts/plot_brca_her2_joint_stage3ab_validation.py	plot_brca_her2_joint_stage3ab_validation.py	.py	10043	d798d02c003bac80ebc14e77e1daa5dc24502c86	INCLUDED_RELEASE_CANDIDATE	REDISTRIBUTABLE	formal or necessary supporting implementation	Stage0-Stage5, simulations, masking, dropout, BioApp, source values or audit	scripts/plot_brca_her2_joint_stage3ab_validation.py	Temporary/editable-SVG/redundant-storage and obsolete full-figure scripts excluded.
T4H-0089	SOURCE_CODE	reproducibility_release/release_candidate_v1.0/code/scripts/plot_cell2location_abstention_aware_evaluation.py	plot_cell2location_abstention_aware_evaluation.py	.py	10732	e5b7c287de1bd3d8a1abf6c12f8223c7ce763c6a	INCLUDED_RELEASE_CANDIDATE	REDISTRIBUTABLE	formal or necessary supporting implementation	Stage0-Stage5, simulations, masking, dropout, BioApp, source values or audit	scripts/plot_cell2location_abstention_aware_evaluation.py	Temporary/editable-SVG/redundant-storage and obsolete full-figure scripts excluded.
T4H-0090	SOURCE_CODE	reproducibility_release/release_candidate_v1.0/code/scripts/plot_cell2location_baseline_forced_assignment_region.py	plot_cell2location_baseline_forced_assignment_region.py	.py	7656	654cd9eebac79151474e8f13330fe47a755d6b26	INCLUDED_RELEASE_CANDIDATE	REDISTRIBUTABLE	formal or necessary supporting implementation	Stage0-Stage5, simulations, masking, dropout, BioApp, source values or audit	scripts/plot_cell2location_baseline_forced_assignment_region.py	Temporary/editable-SVG/redundant-storage and obsolete full-figure scripts excluded.
T4H-0091	SOURCE_CODE	reproducibility_release/release_candidate_v1.0/code/scripts/plot_cell2location_forced_assignment_composition.py	plot_cell2location_forced_assignment_composition.py	.py	4435	08f4121db18c53b867a4f71acdcd3db9e13fba56	INCLUDED_RELEASE_CANDIDATE	REDISTRIBUTABLE	formal or necessary supporting implementation	Stage0-Stage5, simulations, masking, dropout, BioApp, source values or audit	scripts/plot_cell2location_forced_assignment_composition.py	Temporary/editable-SVG/redundant-storage and obsolete full-figure scripts excluded.
T4H-0092	SOURCE_CODE	reproducibility_release/release_candidate_v1.0/code/scripts/plot_cell2location_stage3b_case.py	plot_cell2location_stage3b_case.py	.py	8145	de08dacf8942d40337d04ed71cb24c9e77cbb052	INCLUDED_RELEASE_CANDIDATE	REDISTRIBUTABLE	formal or necessary supporting implementation	Stage0-Stage5, simulations, masking, dropout, BioApp, source values or audit	scripts/plot_cell2location_stage3b_case.py	Temporary/editable-SVG/redundant-storage and obsolete full-figure scripts excluded.
T4H-0093	SOURCE_CODE	reproducibility_release/release_candidate_v1.0/code/scripts/plot_cell2location_target_marker_region.py	plot_cell2location_target_marker_region.py	.py	6123	6792a1d1865861622e11356ab56a6c4c486e6bc3	INCLUDED_RELEASE_CANDIDATE	REDISTRIBUTABLE	formal or necessary supporting implementation	Stage0-Stage5, simulations, masking, dropout, BioApp, source values or audit	scripts/plot_cell2location_target_marker_region.py	Temporary/editable-SVG/redundant-storage and obsolete full-figure scripts excluded.
T4H-0094	SOURCE_CODE	reproducibility_release/release_candidate_v1.0/code/scripts/plot_real_profile_mask_fig2d_only.py	plot_real_profile_mask_fig2d_only.py	.py	6492	45d5cb67b3891b596852f593accd91c941140b7a	INCLUDED_RELEASE_CANDIDATE	REDISTRIBUTABLE	formal or necessary supporting implementation	Stage0-Stage5, simulations, masking, dropout, BioApp, source values or audit	scripts/plot_real_profile_mask_fig2d_only.py	Temporary/editable-SVG/redundant-storage and obsolete full-figure scripts excluded.
T4H-0095	SOURCE_CODE	reproducibility_release/release_candidate_v1.0/code/scripts/plot_stage3b_false_spatial_niche_ncem_upgrade.py	plot_stage3b_false_spatial_niche_ncem_upgrade.py	.py	32689	e019fd25098c5df9d4cbe81be31fd52ccca5b6d0	INCLUDED_RELEASE_CANDIDATE	REDISTRIBUTABLE	formal or necessary supporting implementation	Stage0-Stage5, simulations, masking, dropout, BioApp, source values or audit	scripts/plot_stage3b_false_spatial_niche_ncem_upgrade.py	Temporary/editable-SVG/redundant-storage and obsolete full-figure scripts excluded.
T4H-0096	SOURCE_CODE	reproducibility_release/release_candidate_v1.0/code/scripts/plot_stage3b_threshold_robustness.py	plot_stage3b_threshold_robustness.py	.py	13352	ec7e826daf4c754960aca3fe653bed39a30986b7	INCLUDED_RELEASE_CANDIDATE	REDISTRIBUTABLE	formal or necessary supporting implementation	Stage0-Stage5, simulations, masking, dropout, BioApp, source values or audit	scripts/plot_stage3b_threshold_robustness.py	Temporary/editable-SVG/redundant-storage and obsolete full-figure scripts excluded.
T4H-0097	SOURCE_CODE	reproducibility_release/release_candidate_v1.0/code/scripts/prepare_cell2location_mouse_brain_stage3b_case.py	prepare_cell2location_mouse_brain_stage3b_case.py	.py	14038	103bc73457e889fded6e28caed4318bd3ac5d524	INCLUDED_RELEASE_CANDIDATE	REDISTRIBUTABLE	formal or necessary supporting implementation	Stage0-Stage5, simulations, masking, dropout, BioApp, source values or audit	scripts/prepare_cell2location_mouse_brain_stage3b_case.py	Temporary/editable-SVG/redundant-storage and obsolete full-figure scripts excluded.
T4H-0098	SOURCE_CODE	reproducibility_release/release_candidate_v1.0/code/scripts/prepare_colorectal_cancer_real_sample.py	prepare_colorectal_cancer_real_sample.py	.py	12704	2718333db13cb0d4ecb16edc5d8b52052a0173ea	INCLUDED_RELEASE_CANDIDATE	REDISTRIBUTABLE	formal or necessary supporting implementation	Stage0-Stage5, simulations, masking, dropout, BioApp, source values or audit	scripts/prepare_colorectal_cancer_real_sample.py	Temporary/editable-SVG/redundant-storage and obsolete full-figure scripts excluded.
T4H-0099	SOURCE_CODE	reproducibility_release/release_candidate_v1.0/code/scripts/prepare_cytospace_fig2c_resources.py	prepare_cytospace_fig2c_resources.py	.py	7416	0f5e5faaf24d5661942508e82f55e382882ddbac	INCLUDED_RELEASE_CANDIDATE	REDISTRIBUTABLE	formal or necessary supporting implementation	Stage0-Stage5, simulations, masking, dropout, BioApp, source values or audit	scripts/prepare_cytospace_fig2c_resources.py	Temporary/editable-SVG/redundant-storage and obsolete full-figure scripts excluded.
T4H-0100	SOURCE_CODE	reproducibility_release/release_candidate_v1.0/code/scripts/prepare_cytospace_fig2c_stage1.py	prepare_cytospace_fig2c_stage1.py	.py	13421	35876d715454000073a32e18ad44275649230eb1	INCLUDED_RELEASE_CANDIDATE	REDISTRIBUTABLE	formal or necessary supporting implementation	Stage0-Stage5, simulations, masking, dropout, BioApp, source values or audit	scripts/prepare_cytospace_fig2c_stage1.py	Temporary/editable-SVG/redundant-storage and obsolete full-figure scripts excluded.
T4H-0101	SOURCE_CODE	reproducibility_release/release_candidate_v1.0/code/scripts/prepare_cytospace_fig2d_tme_stage1.py	prepare_cytospace_fig2d_tme_stage1.py	.py	15387	7f9097e5e98be4ed9abceeb7285f1872942605b7	INCLUDED_RELEASE_CANDIDATE	REDISTRIBUTABLE	formal or necessary supporting implementation	Stage0-Stage5, simulations, masking, dropout, BioApp, source values or audit	scripts/prepare_cytospace_fig2d_tme_stage1.py	Temporary/editable-SVG/redundant-storage and obsolete full-figure scripts excluded.
T4H-0102	SOURCE_CODE	reproducibility_release/release_candidate_v1.0/code/scripts/prepare_cytospace_fig2i_stage3_unsupported_decoy.py	prepare_cytospace_fig2i_stage3_unsupported_decoy.py	.py	8882	492fdf5763031078ffbc7dac9e8c6a83d463d754	INCLUDED_RELEASE_CANDIDATE	REDISTRIBUTABLE	formal or necessary supporting implementation	Stage0-Stage5, simulations, masking, dropout, BioApp, source values or audit	scripts/prepare_cytospace_fig2i_stage3_unsupported_decoy.py	Temporary/editable-SVG/redundant-storage and obsolete full-figure scripts excluded.
T4H-0103	SOURCE_CODE	reproducibility_release/release_candidate_v1.0/code/scripts/prepare_cytospace_fig2k_stage3_state_decoy.py	prepare_cytospace_fig2k_stage3_state_decoy.py	.py	6716	b877c430434bd35e1abab333fd2fb92fa541b2c1	INCLUDED_RELEASE_CANDIDATE	REDISTRIBUTABLE	formal or necessary supporting implementation	Stage0-Stage5, simulations, masking, dropout, BioApp, source values or audit	scripts/prepare_cytospace_fig2k_stage3_state_decoy.py	Temporary/editable-SVG/redundant-storage and obsolete full-figure scripts excluded.
T4H-0104	SOURCE_CODE	reproducibility_release/release_candidate_v1.0/code/scripts/prepare_human_intestine_cancer_full_real_sample.py	prepare_human_intestine_cancer_full_real_sample.py	.py	13162	1fa918f51a3ef704e7f57d814e9a8df2f8157a9b	INCLUDED_RELEASE_CANDIDATE	REDISTRIBUTABLE	formal or necessary supporting implementation	Stage0-Stage5, simulations, masking, dropout, BioApp, source values or audit	scripts/prepare_human_intestine_cancer_full_real_sample.py	Temporary/editable-SVG/redundant-storage and obsolete full-figure scripts excluded.
T4H-0105	SOURCE_CODE	reproducibility_release/release_candidate_v1.0/code/scripts/prepare_human_lung_5loc_real_sample.py	prepare_human_lung_5loc_real_sample.py	.py	16564	e33e71b3958bbe5350d821744528fbc3980e0124	INCLUDED_RELEASE_CANDIDATE	REDISTRIBUTABLE	formal or necessary supporting implementation	Stage0-Stage5, simulations, masking, dropout, BioApp, source values or audit	scripts/prepare_human_lung_5loc_real_sample.py	Temporary/editable-SVG/redundant-storage and obsolete full-figure scripts excluded.
T4H-0106	SOURCE_CODE	reproducibility_release/release_candidate_v1.0/code/scripts/prepare_lowres_real_sample.py	prepare_lowres_real_sample.py	.py	12324	cc55608cf88a5c976b9dd7626c6e0168cbe84790	INCLUDED_RELEASE_CANDIDATE	REDISTRIBUTABLE	formal or necessary supporting implementation	Stage0-Stage5, simulations, masking, dropout, BioApp, source values or audit	scripts/prepare_lowres_real_sample.py	Temporary/editable-SVG/redundant-storage and obsolete full-figure scripts excluded.
T4H-0107	SOURCE_CODE	reproducibility_release/release_candidate_v1.0/code/scripts/prepare_mouse_brain_sagittal_real_sample.py	prepare_mouse_brain_sagittal_real_sample.py	.py	16710	daf0cb31822bc7b2cbc04b629f370f3255d8ac4d	INCLUDED_RELEASE_CANDIDATE	REDISTRIBUTABLE	formal or necessary supporting implementation	Stage0-Stage5, simulations, masking, dropout, BioApp, source values or audit	scripts/prepare_mouse_brain_sagittal_real_sample.py	Temporary/editable-SVG/redundant-storage and obsolete full-figure scripts excluded.
T4H-0108	SOURCE_CODE	reproducibility_release/release_candidate_v1.0/code/scripts/prepare_mouse_embryo_real_sample.py	prepare_mouse_embryo_real_sample.py	.py	13048	4c569e33705c0f8ee77db4083d348decc4f99769	INCLUDED_RELEASE_CANDIDATE	REDISTRIBUTABLE	formal or necessary supporting implementation	Stage0-Stage5, simulations, masking, dropout, BioApp, source values or audit	scripts/prepare_mouse_embryo_real_sample.py	Temporary/editable-SVG/redundant-storage and obsolete full-figure scripts excluded.
T4H-0109	SOURCE_CODE	reproducibility_release/release_candidate_v1.0/code/scripts/prepare_skin_atlas_real_sample.py	prepare_skin_atlas_real_sample.py	.py	11791	6cc59822685601c3199cffb07c993724ea35a438	INCLUDED_RELEASE_CANDIDATE	REDISTRIBUTABLE	formal or necessary supporting implementation	Stage0-Stage5, simulations, masking, dropout, BioApp, source values or audit	scripts/prepare_skin_atlas_real_sample.py	Temporary/editable-SVG/redundant-storage and obsolete full-figure scripts excluded.
T4H-0110	SOURCE_CODE	reproducibility_release/release_candidate_v1.0/code/scripts/prepare_stage1_from_sim_source.py	prepare_stage1_from_sim_source.py	.py	21038	8fa24a12db1c002756732145385b64d099a9a4d4	INCLUDED_RELEASE_CANDIDATE	REDISTRIBUTABLE	formal or necessary supporting implementation	Stage0-Stage5, simulations, masking, dropout, BioApp, source values or audit	scripts/prepare_stage1_from_sim_source.py	Temporary/editable-SVG/redundant-storage and obsolete full-figure scripts excluded.
T4H-0111	SOURCE_CODE	reproducibility_release/release_candidate_v1.0/code/scripts/prepare_stage3b_realdata_reference_dropout_scenarios.py	prepare_stage3b_realdata_reference_dropout_scenarios.py	.py	8255	9a9c5f48f31bfa6d9059a7a52eae2ebda5b27058	INCLUDED_RELEASE_CANDIDATE	REDISTRIBUTABLE	formal or necessary supporting implementation	Stage0-Stage5, simulations, masking, dropout, BioApp, source values or audit	scripts/prepare_stage3b_realdata_reference_dropout_scenarios.py	Temporary/editable-SVG/redundant-storage and obsolete full-figure scripts excluded.
T4H-0112	SOURCE_CODE	reproducibility_release/release_candidate_v1.0/code/scripts/purify_sim_target_region.py	purify_sim_target_region.py	.py	11837	77eda472898bc7627849ddebad22396494f1e662	INCLUDED_RELEASE_CANDIDATE	REDISTRIBUTABLE	formal or necessary supporting implementation	Stage0-Stage5, simulations, masking, dropout, BioApp, source values or audit	scripts/purify_sim_target_region.py	Temporary/editable-SVG/redundant-storage and obsolete full-figure scripts excluded.
T4H-0113	SOURCE_CODE	reproducibility_release/release_candidate_v1.0/code/scripts/render_cytospace_fig2d_profile_mask_mapping_visualizations.py	render_cytospace_fig2d_profile_mask_mapping_visualizations.py	.py	12487	e7fa9ad970bdb9d5b663f55ea1a33ce977f51d2d	INCLUDED_RELEASE_CANDIDATE	REDISTRIBUTABLE	formal or necessary supporting implementation	Stage0-Stage5, simulations, masking, dropout, BioApp, source values or audit	scripts/render_cytospace_fig2d_profile_mask_mapping_visualizations.py	Temporary/editable-SVG/redundant-storage and obsolete full-figure scripts excluded.
T4H-0114	SOURCE_CODE	reproducibility_release/release_candidate_v1.0/code/scripts/render_real_profile_mask_visualization.py	render_real_profile_mask_visualization.py	.py	19503	ce6e143016d3c8e99c88f1ee2238622a3cef0203	INCLUDED_RELEASE_CANDIDATE	REDISTRIBUTABLE	formal or necessary supporting implementation	Stage0-Stage5, simulations, masking, dropout, BioApp, source values or audit	scripts/render_real_profile_mask_visualization.py	Temporary/editable-SVG/redundant-storage and obsolete full-figure scripts excluded.
T4H-0115	SOURCE_CODE	reproducibility_release/release_candidate_v1.0/code/scripts/rescan_stage3b_realdata_reference_dropout_candidates.py	rescan_stage3b_realdata_reference_dropout_candidates.py	.py	10810	9f49467fc3ef91bb51ef7b3ffb8fd2d83f677434	INCLUDED_RELEASE_CANDIDATE	REDISTRIBUTABLE	formal or necessary supporting implementation	Stage0-Stage5, simulations, masking, dropout, BioApp, source values or audit	scripts/rescan_stage3b_realdata_reference_dropout_candidates.py	Temporary/editable-SVG/redundant-storage and obsolete full-figure scripts excluded.
T4H-0116	SOURCE_CODE	reproducibility_release/release_candidate_v1.0/code/scripts/run_bioapp_coordinate_registration_recovery_audit.py	run_bioapp_coordinate_registration_recovery_audit.py	.py	26819	410c4f8f7587792f23680676b150dd5bfba371ac	INCLUDED_RELEASE_CANDIDATE	REDISTRIBUTABLE	formal or necessary supporting implementation	Stage0-Stage5, simulations, masking, dropout, BioApp, source values or audit	scripts/run_bioapp_coordinate_registration_recovery_audit.py	Temporary/editable-SVG/redundant-storage and obsolete full-figure scripts excluded.
T4H-0117	SOURCE_CODE	reproducibility_release/release_candidate_v1.0/code/scripts/run_bioapp_downstream_feasibility_check.py	run_bioapp_downstream_feasibility_check.py	.py	11419	989c3b340f4e958cc63e1dc8d45599919aeba561	INCLUDED_RELEASE_CANDIDATE	REDISTRIBUTABLE	formal or necessary supporting implementation	Stage0-Stage5, simulations, masking, dropout, BioApp, source values or audit	scripts/run_bioapp_downstream_feasibility_check.py	Temporary/editable-SVG/redundant-storage and obsolete full-figure scripts excluded.
T4H-0118	SOURCE_CODE	reproducibility_release/release_candidate_v1.0/code/scripts/run_bioapp_downstream_phase_d0_morphology_domain_boundary_freeze.py	run_bioapp_downstream_phase_d0_morphology_domain_boundary_freeze.py	.py	12651	81b6a34aa519464822f6be5c3e69c1d5bcf1bcd4	INCLUDED_RELEASE_CANDIDATE	REDISTRIBUTABLE	formal or necessary supporting implementation	Stage0-Stage5, simulations, masking, dropout, BioApp, source values or audit	scripts/run_bioapp_downstream_phase_d0_morphology_domain_boundary_freeze.py	Temporary/editable-SVG/redundant-storage and obsolete full-figure scripts excluded.
T4H-0119	SOURCE_CODE	reproducibility_release/release_candidate_v1.0/code/scripts/run_bioapp_downstream_phase_d1_morphology_and_interface_analysis.py	run_bioapp_downstream_phase_d1_morphology_and_interface_analysis.py	.py	12860	36884aabbd612f69eaad15a1d58a390446c4ea54	INCLUDED_RELEASE_CANDIDATE	REDISTRIBUTABLE	formal or necessary supporting implementation	Stage0-Stage5, simulations, masking, dropout, BioApp, source values or audit	scripts/run_bioapp_downstream_phase_d1_morphology_and_interface_analysis.py	Temporary/editable-SVG/redundant-storage and obsolete full-figure scripts excluded.
T4H-0120	SOURCE_CODE	reproducibility_release/release_candidate_v1.0/code/scripts/run_bioapp_downstream_phase_d2_statistical_strengthening.py	run_bioapp_downstream_phase_d2_statistical_strengthening.py	.py	29421	a3b143df01d622ed9c8b83869eae201bb8e9d42e	INCLUDED_RELEASE_CANDIDATE	REDISTRIBUTABLE	formal or necessary supporting implementation	Stage0-Stage5, simulations, masking, dropout, BioApp, source values or audit	scripts/run_bioapp_downstream_phase_d2_statistical_strengthening.py	Temporary/editable-SVG/redundant-storage and obsolete full-figure scripts excluded.
T4H-0121	SOURCE_CODE	reproducibility_release/release_candidate_v1.0/code/scripts/run_bioapp_downstream_phase_d3_microenvironment_context_validation.py	run_bioapp_downstream_phase_d3_microenvironment_context_validation.py	.py	25994	91c4f31d2ff9491c1e55efbbab4b8c481f208932	INCLUDED_RELEASE_CANDIDATE	REDISTRIBUTABLE	formal or necessary supporting implementation	Stage0-Stage5, simulations, masking, dropout, BioApp, source values or audit	scripts/run_bioapp_downstream_phase_d3_microenvironment_context_validation.py	Temporary/editable-SVG/redundant-storage and obsolete full-figure scripts excluded.
T4H-0122	SOURCE_CODE	reproducibility_release/release_candidate_v1.0/code/scripts/run_bioapp_figure_v2_6_frozen_spot_coordinate_provenance_audit.py	run_bioapp_figure_v2_6_frozen_spot_coordinate_provenance_audit.py	.py	37009	3297a3b2dd8f602510546bb25656d80f09e6bf9a	INCLUDED_RELEASE_CANDIDATE	REDISTRIBUTABLE	formal or necessary supporting implementation	Stage0-Stage5, simulations, masking, dropout, BioApp, source values or audit	scripts/run_bioapp_figure_v2_6_frozen_spot_coordinate_provenance_audit.py	Temporary/editable-SVG/redundant-storage and obsolete full-figure scripts excluded.
T4H-0123	SOURCE_CODE	reproducibility_release/release_candidate_v1.0/code/scripts/run_bioapp_phase0_external_endpoint_admission.py	run_bioapp_phase0_external_endpoint_admission.py	.py	25525	263986d1d857d7915ee48507622180e35d7ae28f	INCLUDED_RELEASE_CANDIDATE	REDISTRIBUTABLE	formal or necessary supporting implementation	Stage0-Stage5, simulations, masking, dropout, BioApp, source values or audit	scripts/run_bioapp_phase0_external_endpoint_admission.py	Temporary/editable-SVG/redundant-storage and obsolete full-figure scripts excluded.
T4H-0124	SOURCE_CODE	reproducibility_release/release_candidate_v1.0/code/scripts/run_bioapp_phase0r_candidate_reranking_after_janesick_mapping_stop.py	run_bioapp_phase0r_candidate_reranking_after_janesick_mapping_stop.py	.py	22901	439e76e290bf111ea2cd2dafe595eb7324eb9f06	INCLUDED_RELEASE_CANDIDATE	REDISTRIBUTABLE	formal or necessary supporting implementation	Stage0-Stage5, simulations, masking, dropout, BioApp, source values or audit	scripts/run_bioapp_phase0r_candidate_reranking_after_janesick_mapping_stop.py	Temporary/editable-SVG/redundant-storage and obsolete full-figure scripts excluded.
T4H-0125	SOURCE_CODE	reproducibility_release/release_candidate_v1.0/code/scripts/run_bioapp_phase1_pathology_endpoint_and_mapping_feasibility_gate.py	run_bioapp_phase1_pathology_endpoint_and_mapping_feasibility_gate.py	.py	33446	d81d5763ab22ffe6e01b69a6d2f5f517edd6d2e3	INCLUDED_RELEASE_CANDIDATE	REDISTRIBUTABLE	formal or necessary supporting implementation	Stage0-Stage5, simulations, masking, dropout, BioApp, source values or audit	scripts/run_bioapp_phase1_pathology_endpoint_and_mapping_feasibility_gate.py	Temporary/editable-SVG/redundant-storage and obsolete full-figure scripts excluded.
T4H-0126	SOURCE_CODE	reproducibility_release/release_candidate_v1.0/code/scripts/run_bioapp_phase2br2_explicit_rscript_cta_align_locale_safe_dry_run.py	run_bioapp_phase2br2_explicit_rscript_cta_align_locale_safe_dry_run.py	.py	26495	6b58fa13d155fbef235a13c03c8c9c4e857c1c16	INCLUDED_RELEASE_CANDIDATE	REDISTRIBUTABLE	formal or necessary supporting implementation	Stage0-Stage5, simulations, masking, dropout, BioApp, source values or audit	scripts/run_bioapp_phase2br2_explicit_rscript_cta_align_locale_safe_dry_run.py	Temporary/editable-SVG/redundant-storage and obsolete full-figure scripts excluded.
T4H-0127	SOURCE_CODE	reproducibility_release/release_candidate_v1.0/code/scripts/run_bioapp_phase2c_endpoint_freeze_with_validated_cta_to_spot_mapping.py	run_bioapp_phase2c_endpoint_freeze_with_validated_cta_to_spot_mapping.py	.py	29613	4f6417f3edcd08f3ab7eaa8cdba36f2df6dfdb3b	INCLUDED_RELEASE_CANDIDATE	REDISTRIBUTABLE	formal or necessary supporting implementation	Stage0-Stage5, simulations, masking, dropout, BioApp, source values or audit	scripts/run_bioapp_phase2c_endpoint_freeze_with_validated_cta_to_spot_mapping.py	Temporary/editable-SVG/redundant-storage and obsolete full-figure scripts excluded.
T4H-0128	SOURCE_CODE	reproducibility_release/release_candidate_v1.0/code/scripts/run_bioapp_phase3_reference_audit_and_formal_baseline_feasibility_for_cta_endpoint.py	run_bioapp_phase3_reference_audit_and_formal_baseline_feasibility_for_cta_endpoint.py	.py	44063	1e66efb2cb5bce841857489022d0ff69d57099f3	INCLUDED_RELEASE_CANDIDATE	REDISTRIBUTABLE	formal or necessary supporting implementation	Stage0-Stage5, simulations, masking, dropout, BioApp, source values or audit	scripts/run_bioapp_phase3_reference_audit_and_formal_baseline_feasibility_for_cta_endpoint.py	Temporary/editable-SVG/redundant-storage and obsolete full-figure scripts excluded.
T4H-0129	SOURCE_CODE	reproducibility_release/release_candidate_v1.0/code/scripts/run_bioapp_phase3r_review_resolution_for_cta_endpoint_baseline_feasibility.py	run_bioapp_phase3r_review_resolution_for_cta_endpoint_baseline_feasibility.py	.py	42557	d95e91ead6dfac1744f9d355d8a2195cf507dc32	INCLUDED_RELEASE_CANDIDATE	REDISTRIBUTABLE	formal or necessary supporting implementation	Stage0-Stage5, simulations, masking, dropout, BioApp, source values or audit	scripts/run_bioapp_phase3r_review_resolution_for_cta_endpoint_baseline_feasibility.py	Temporary/editable-SVG/redundant-storage and obsolete full-figure scripts excluded.
T4H-0130	SOURCE_CODE	reproducibility_release/release_candidate_v1.0/code/scripts/run_bioapp_phase4_formal_cytospace_baseline_execution_against_frozen_cta_immune_endpoint.py	run_bioapp_phase4_formal_cytospace_baseline_execution_against_frozen_cta_immune_endpoint.py	.py	33307	645259e4e2df7608e7ed3a520e979f81c3c9b58f	INCLUDED_RELEASE_CANDIDATE	REDISTRIBUTABLE	formal or necessary supporting implementation	Stage0-Stage5, simulations, masking, dropout, BioApp, source values or audit	scripts/run_bioapp_phase4_formal_cytospace_baseline_execution_against_frozen_cta_immune_endpoint.py	Temporary/editable-SVG/redundant-storage and obsolete full-figure scripts excluded.
T4H-0131	SOURCE_CODE	reproducibility_release/release_candidate_v1.0/code/scripts/run_bioapp_phase5_endpoint_specific_evaluation_of_cytospace_baselines_against_frozen_cta_immune_endpoint.py	run_bioapp_phase5_endpoint_specific_evaluation_of_cytospace_baselines_against_frozen_cta_immune_endpoint.py	.py	36246	b096129907b6ea7d7539b3797a772f7ed5e6ad8a	INCLUDED_RELEASE_CANDIDATE	REDISTRIBUTABLE	formal or necessary supporting implementation	Stage0-Stage5, simulations, masking, dropout, BioApp, source values or audit	scripts/run_bioapp_phase5_endpoint_specific_evaluation_of_cytospace_baselines_against_frozen_cta_immune_endpoint.py	Temporary/editable-SVG/redundant-storage and obsolete full-figure scripts excluded.
T4H-0132	SOURCE_CODE	reproducibility_release/release_candidate_v1.0/code/scripts/run_bioapp_phase6_svtuner_aware_execution_planning_against_frozen_cta_immune_endpoint.py	run_bioapp_phase6_svtuner_aware_execution_planning_against_frozen_cta_immune_endpoint.py	.py	26052	519f7960f5ddcf678bd0bf9a3bf25078b023b74f	INCLUDED_RELEASE_CANDIDATE	REDISTRIBUTABLE	formal or necessary supporting implementation	Stage0-Stage5, simulations, masking, dropout, BioApp, source values or audit	scripts/run_bioapp_phase6_svtuner_aware_execution_planning_against_frozen_cta_immune_endpoint.py	Temporary/editable-SVG/redundant-storage and obsolete full-figure scripts excluded.
T4H-0133	SOURCE_CODE	reproducibility_release/release_candidate_v1.0/code/scripts/run_bioapp_phase7_svtuner_aware_execution_against_frozen_cta_immune_endpoint.py	run_bioapp_phase7_svtuner_aware_execution_against_frozen_cta_immune_endpoint.py	.py	34991	9c3c07e9b33c96b3d55b56969f203eda1ec2850c	INCLUDED_RELEASE_CANDIDATE	REDISTRIBUTABLE	formal or necessary supporting implementation	Stage0-Stage5, simulations, masking, dropout, BioApp, source values or audit	scripts/run_bioapp_phase7_svtuner_aware_execution_against_frozen_cta_immune_endpoint.py	Temporary/editable-SVG/redundant-storage and obsolete full-figure scripts excluded.
T4H-0134	SOURCE_CODE	reproducibility_release/release_candidate_v1.0/code/scripts/run_bioapp_phase8_svtuner_vs_endpoint_evaluation_and_baseline_svtuner_comparison.py	run_bioapp_phase8_svtuner_vs_endpoint_evaluation_and_baseline_svtuner_comparison.py	.py	54910	4d1cb613cf50a83748c055b1b46d9cea77c6e5a7	INCLUDED_RELEASE_CANDIDATE	REDISTRIBUTABLE	formal or necessary supporting implementation	Stage0-Stage5, simulations, masking, dropout, BioApp, source values or audit	scripts/run_bioapp_phase8_svtuner_vs_endpoint_evaluation_and_baseline_svtuner_comparison.py	Temporary/editable-SVG/redundant-storage and obsolete full-figure scripts excluded.
T4H-0135	SOURCE_CODE	reproducibility_release/release_candidate_v1.0/code/scripts/run_bioapp_phase9_final_biological_application_audit.py	run_bioapp_phase9_final_biological_application_audit.py	.py	20786	aa7be56eb5b52bb9b22de7b2ddd10be9d0c9d9eb	INCLUDED_RELEASE_CANDIDATE	REDISTRIBUTABLE	formal or necessary supporting implementation	Stage0-Stage5, simulations, masking, dropout, BioApp, source values or audit	scripts/run_bioapp_phase9_final_biological_application_audit.py	Temporary/editable-SVG/redundant-storage and obsolete full-figure scripts excluded.
T4H-0136	SOURCE_CODE	reproducibility_release/release_candidate_v1.0/code/scripts/run_celltrek_mapping.py	run_celltrek_mapping.py	.py	13333	63080d840f85d78f340f8a1bb6bebd23368c4834	INCLUDED_RELEASE_CANDIDATE	REDISTRIBUTABLE	formal or necessary supporting implementation	Stage0-Stage5, simulations, masking, dropout, BioApp, source values or audit	scripts/run_celltrek_mapping.py	Temporary/editable-SVG/redundant-storage and obsolete full-figure scripts excluded.
T4H-0137	SOURCE_CODE	reproducibility_release/release_candidate_v1.0/code/scripts/run_composite_noise_stage3ab_full.py	run_composite_noise_stage3ab_full.py	.py	35180	3451716cf7ae4febc8560775641b3f1cea1b6572	INCLUDED_RELEASE_CANDIDATE	REDISTRIBUTABLE	formal or necessary supporting implementation	Stage0-Stage5, simulations, masking, dropout, BioApp, source values or audit	scripts/run_composite_noise_stage3ab_full.py	Temporary/editable-SVG/redundant-storage and obsolete full-figure scripts excluded.
T4H-0138	SOURCE_CODE	reproducibility_release/release_candidate_v1.0/code/scripts/run_composite_scnoise05_stage3ab_full.py	run_composite_scnoise05_stage3ab_full.py	.py	374	2ebf1313299daa69cbf2a02b5b1407173818db75	INCLUDED_RELEASE_CANDIDATE	REDISTRIBUTABLE	formal or necessary supporting implementation	Stage0-Stage5, simulations, masking, dropout, BioApp, source values or audit	scripts/run_composite_scnoise05_stage3ab_full.py	Temporary/editable-SVG/redundant-storage and obsolete full-figure scripts excluded.
T4H-0139	SOURCE_CODE	reproducibility_release/release_candidate_v1.0/code/scripts/run_cytospace_fig2d_profile_mask_benchmark.py	run_cytospace_fig2d_profile_mask_benchmark.py	.py	16845	8717d5db41afbcb7b005879d2c5aa5eebf0d23dc	INCLUDED_RELEASE_CANDIDATE	REDISTRIBUTABLE	formal or necessary supporting implementation	Stage0-Stage5, simulations, masking, dropout, BioApp, source values or audit	scripts/run_cytospace_fig2d_profile_mask_benchmark.py	Temporary/editable-SVG/redundant-storage and obsolete full-figure scripts excluded.
T4H-0140	SOURCE_CODE	reproducibility_release/release_candidate_v1.0/code/scripts/run_ncem_fig2_cell2location_preparation.py	run_ncem_fig2_cell2location_preparation.py	.py	14874	7b827d1f3c22369ba3725c2df355c657eaf3040f	INCLUDED_RELEASE_CANDIDATE	REDISTRIBUTABLE	formal or necessary supporting implementation	Stage0-Stage5, simulations, masking, dropout, BioApp, source values or audit	scripts/run_ncem_fig2_cell2location_preparation.py	Temporary/editable-SVG/redundant-storage and obsolete full-figure scripts excluded.
T4H-0141	SOURCE_CODE	reproducibility_release/release_candidate_v1.0/code/scripts/run_nine_scenario_method_benchmark.py	run_nine_scenario_method_benchmark.py	.py	6348	f71034f70f2ba300a96b49b2801d715834c653a7	INCLUDED_RELEASE_CANDIDATE	REDISTRIBUTABLE	formal or necessary supporting implementation	Stage0-Stage5, simulations, masking, dropout, BioApp, source values or audit	scripts/run_nine_scenario_method_benchmark.py	Temporary/editable-SVG/redundant-storage and obsolete full-figure scripts excluded.
T4H-0142	SOURCE_CODE	reproducibility_release/release_candidate_v1.0/code/scripts/run_ot_mapping.py	run_ot_mapping.py	.py	14562	69814d392d6498ef10502cdeaafb7cfb0b66dedf	INCLUDED_RELEASE_CANDIDATE	REDISTRIBUTABLE	formal or necessary supporting implementation	Stage0-Stage5, simulations, masking, dropout, BioApp, source values or audit	scripts/run_ot_mapping.py	Temporary/editable-SVG/redundant-storage and obsolete full-figure scripts excluded.
T4H-0143	SOURCE_CODE	reproducibility_release/release_candidate_v1.0/code/scripts/run_project_mainline.py	run_project_mainline.py	.py	31069	664091184a5c05b97e116bfa1a3de897e002eb9a	INCLUDED_RELEASE_CANDIDATE	REDISTRIBUTABLE	formal or necessary supporting implementation	Stage0-Stage5, simulations, masking, dropout, BioApp, source values or audit	scripts/run_project_mainline.py	Temporary/editable-SVG/redundant-storage and obsolete full-figure scripts excluded.
T4H-0144	SOURCE_CODE	reproducibility_release/release_candidate_v1.0/code/scripts/run_stage3b_spatial_communication_inference.py	run_stage3b_spatial_communication_inference.py	.py	31487	c28d78822639c1938528d5e7ed495ef8028c2262	INCLUDED_RELEASE_CANDIDATE	REDISTRIBUTABLE	formal or necessary supporting implementation	Stage0-Stage5, simulations, masking, dropout, BioApp, source values or audit	scripts/run_stage3b_spatial_communication_inference.py	Temporary/editable-SVG/redundant-storage and obsolete full-figure scripts excluded.
T4H-0145	SOURCE_CODE	reproducibility_release/release_candidate_v1.0/code/scripts/run_tangram_marker_mapping.py	run_tangram_marker_mapping.py	.py	21065	69b6402982d455ba0e43e0a07c9d15a505adf9cd	INCLUDED_RELEASE_CANDIDATE	REDISTRIBUTABLE	formal or necessary supporting implementation	Stage0-Stage5, simulations, masking, dropout, BioApp, source values or audit	scripts/run_tangram_marker_mapping.py	Temporary/editable-SVG/redundant-storage and obsolete full-figure scripts excluded.
T4H-0146	SOURCE_CODE	reproducibility_release/release_candidate_v1.0/code/scripts/run_task4b2_major_provenance_evidence_recovery.py	run_task4b2_major_provenance_evidence_recovery.py	.py	76754	a377ffe296267b687906dfc5a3394ee032c5cf0b	INCLUDED_RELEASE_CANDIDATE	REDISTRIBUTABLE	formal or necessary supporting implementation	Stage0-Stage5, simulations, masking, dropout, BioApp, source values or audit	scripts/run_task4b2_major_provenance_evidence_recovery.py	Temporary/editable-SVG/redundant-storage and obsolete full-figure scripts excluded.
T4H-0147	SOURCE_CODE	reproducibility_release/release_candidate_v1.0/code/scripts/run_task4d_software_and_nnls_audit.py	run_task4d_software_and_nnls_audit.py	.py	48250	7cbcc1b1590c5fc18a39041ac6ca2c051178dc4f	INCLUDED_RELEASE_CANDIDATE	REDISTRIBUTABLE	formal or necessary supporting implementation	Stage0-Stage5, simulations, masking, dropout, BioApp, source values or audit	scripts/run_task4d_software_and_nnls_audit.py	Temporary/editable-SVG/redundant-storage and obsolete full-figure scripts excluded.
T4H-0148	SOURCE_CODE	reproducibility_release/release_candidate_v1.0/code/scripts/run_task4e_fig2_enrichment_backend_audit.py	run_task4e_fig2_enrichment_backend_audit.py	.py	46415	9e4ecf094c4df8fdf82a6258f2a40d6ef135eb37	INCLUDED_RELEASE_CANDIDATE	REDISTRIBUTABLE	formal or necessary supporting implementation	Stage0-Stage5, simulations, masking, dropout, BioApp, source values or audit	scripts/run_task4e_fig2_enrichment_backend_audit.py	Temporary/editable-SVG/redundant-storage and obsolete full-figure scripts excluded.
T4H-0149	SOURCE_CODE	reproducibility_release/release_candidate_v1.0/code/scripts/run_task4f_finalize_manifest_freeze.py	run_task4f_finalize_manifest_freeze.py	.py	23560	6eb18ed96645e0e54827de6b181b5dca67fafdd6	INCLUDED_RELEASE_CANDIDATE	REDISTRIBUTABLE	formal or necessary supporting implementation	Stage0-Stage5, simulations, masking, dropout, BioApp, source values or audit	scripts/run_task4f_finalize_manifest_freeze.py	Temporary/editable-SVG/redundant-storage and obsolete full-figure scripts excluded.
T4H-0150	SOURCE_CODE	reproducibility_release/release_candidate_v1.0/code/scripts/run_task4f_manifest_reconciliation_and_freeze_candidate.py	run_task4f_manifest_reconciliation_and_freeze_candidate.py	.py	67259	b776a7043fd06b962d6c641d1ed868e8a56aae40	INCLUDED_RELEASE_CANDIDATE	REDISTRIBUTABLE	formal or necessary supporting implementation	Stage0-Stage5, simulations, masking, dropout, BioApp, source values or audit	scripts/run_task4f_manifest_reconciliation_and_freeze_candidate.py	Temporary/editable-SVG/redundant-storage and obsolete full-figure scripts excluded.
T4H-0151	SOURCE_CODE	reproducibility_release/release_candidate_v1.0/code/scripts/run_task4h_release_candidate_audit.py	run_task4h_release_candidate_audit.py	.py	69280	93a7db66bc69bfa91a539d340417bbc14fc51b6d	INCLUDED_RELEASE_CANDIDATE	REDISTRIBUTABLE	formal or necessary supporting implementation	Stage0-Stage5, simulations, masking, dropout, BioApp, source values or audit	scripts/run_task4h_release_candidate_audit.py	Temporary/editable-SVG/redundant-storage and obsolete full-figure scripts excluded.
T4H-0152	SOURCE_CODE	reproducibility_release/release_candidate_v1.0/code/scripts/scan_cell2location_stage3b_candidates.py	scan_cell2location_stage3b_candidates.py	.py	12844	a11db005907e2fb594f2d83126a06de04b42365d	INCLUDED_RELEASE_CANDIDATE	REDISTRIBUTABLE	formal or necessary supporting implementation	Stage0-Stage5, simulations, masking, dropout, BioApp, source values or audit	scripts/scan_cell2location_stage3b_candidates.py	Temporary/editable-SVG/redundant-storage and obsolete full-figure scripts excluded.
T4H-0153	SOURCE_CODE	reproducibility_release/release_candidate_v1.0/code/scripts/scan_lowres_real_stage3b_reference_dropout_candidates.py	scan_lowres_real_stage3b_reference_dropout_candidates.py	.py	9499	bcb7e856ce7f84e13d5a67ecb4e901aa431b33e6	INCLUDED_RELEASE_CANDIDATE	REDISTRIBUTABLE	formal or necessary supporting implementation	Stage0-Stage5, simulations, masking, dropout, BioApp, source values or audit	scripts/scan_lowres_real_stage3b_reference_dropout_candidates.py	Temporary/editable-SVG/redundant-storage and obsolete full-figure scripts excluded.
T4H-0154	SOURCE_CODE	reproducibility_release/release_candidate_v1.0/code/scripts/screen_stage3b_causal_reference_dropout_candidates.py	screen_stage3b_causal_reference_dropout_candidates.py	.py	11946	deb0b844905ea76316e5e1b48d0f2e70705a95f2	INCLUDED_RELEASE_CANDIDATE	REDISTRIBUTABLE	formal or necessary supporting implementation	Stage0-Stage5, simulations, masking, dropout, BioApp, source values or audit	scripts/screen_stage3b_causal_reference_dropout_candidates.py	Temporary/editable-SVG/redundant-storage and obsolete full-figure scripts excluded.
T4H-0155	SOURCE_CODE	reproducibility_release/release_candidate_v1.0/code/scripts/stage1_export_from_standard_raw.py	stage1_export_from_standard_raw.py	.py	5757	a7db39659b490e501cde4da13c6859982a415e92	INCLUDED_RELEASE_CANDIDATE	REDISTRIBUTABLE	formal or necessary supporting implementation	Stage0-Stage5, simulations, masking, dropout, BioApp, source values or audit	scripts/stage1_export_from_standard_raw.py	Temporary/editable-SVG/redundant-storage and obsolete full-figure scripts excluded.
T4H-0156	SOURCE_CODE	reproducibility_release/release_candidate_v1.0/code/scripts/validate_stage3b_communication_with_observed_st.py	validate_stage3b_communication_with_observed_st.py	.py	29738	e861a357f20ade8999055b5b54090df097b7a37d	INCLUDED_RELEASE_CANDIDATE	REDISTRIBUTABLE	formal or necessary supporting implementation	Stage0-Stage5, simulations, masking, dropout, BioApp, source values or audit	scripts/validate_stage3b_communication_with_observed_st.py	Temporary/editable-SVG/redundant-storage and obsolete full-figure scripts excluded.
T4H-0157	SOURCE_CODE	reproducibility_release/release_candidate_v1.0/code/scripts/visualize_missing_type_triptych.py	visualize_missing_type_triptych.py	.py	14020	34c99b54deeb3c3f68415f9c364d3559253f170b	INCLUDED_RELEASE_CANDIDATE	REDISTRIBUTABLE	formal or necessary supporting implementation	Stage0-Stage5, simulations, masking, dropout, BioApp, source values or audit	scripts/visualize_missing_type_triptych.py	Temporary/editable-SVG/redundant-storage and obsolete full-figure scripts excluded.
T4H-0158	SOURCE_CODE	reproducibility_release/release_candidate_v1.0/code/scripts/visualize_sim_spatial_types.py	visualize_sim_spatial_types.py	.py	9378	e74c3355ff4c74eb2d27b89207a81e979be0278e	INCLUDED_RELEASE_CANDIDATE	REDISTRIBUTABLE	formal or necessary supporting implementation	Stage0-Stage5, simulations, masking, dropout, BioApp, source values or audit	scripts/visualize_sim_spatial_types.py	Temporary/editable-SVG/redundant-storage and obsolete full-figure scripts excluded.
T4H-0159	SOURCE_CODE	reproducibility_release/release_candidate_v1.0/code/scripts/visualize_stage3b_st_only_triptych.py	visualize_stage3b_st_only_triptych.py	.py	11498	2b56f96dcae8c8d4a94d7505b61f7e4aa0c5dba6	INCLUDED_RELEASE_CANDIDATE	REDISTRIBUTABLE	formal or necessary supporting implementation	Stage0-Stage5, simulations, masking, dropout, BioApp, source values or audit	scripts/visualize_stage3b_st_only_triptych.py	Temporary/editable-SVG/redundant-storage and obsolete full-figure scripts excluded.
T4H-0160	SOURCE_CODE	reproducibility_release/release_candidate_v1.0/code/src/__init__.py	__init__.py	.py	0	da39a3ee5e6b4b0d3255bfef95601890afd80709	INCLUDED_RELEASE_CANDIDATE	REDISTRIBUTABLE	formal or necessary supporting implementation	Stage0-Stage5, simulations, masking, dropout, BioApp, source values or audit	src/__init__.py	Temporary/editable-SVG/redundant-storage and obsolete full-figure scripts excluded.
T4H-0161	SOURCE_CODE	reproducibility_release/release_candidate_v1.0/code/src/config.py	config.py	.py	8966	23691bd80c0e765a44f52bbf0ea7ff72e399ab8c	INCLUDED_RELEASE_CANDIDATE	REDISTRIBUTABLE	formal or necessary supporting implementation	Stage0-Stage5, simulations, masking, dropout, BioApp, source values or audit	src/config.py	Temporary/editable-SVG/redundant-storage and obsolete full-figure scripts excluded.
T4H-0162	SOURCE_CODE	reproducibility_release/release_candidate_v1.0/code/src/stages/__init__.py	__init__.py	.py	0	da39a3ee5e6b4b0d3255bfef95601890afd80709	INCLUDED_RELEASE_CANDIDATE	REDISTRIBUTABLE	formal or necessary supporting implementation	Stage0-Stage5, simulations, masking, dropout, BioApp, source values or audit	src/stages/__init__.py	Temporary/editable-SVG/redundant-storage and obsolete full-figure scripts excluded.
T4H-0163	SOURCE_CODE	reproducibility_release/release_candidate_v1.0/code/src/stages/stage0_envcheck.py	stage0_envcheck.py	.py	8521	b01eafdf892ee9dab91e506fa9bfc2d4ba971960	INCLUDED_RELEASE_CANDIDATE	REDISTRIBUTABLE	formal or necessary supporting implementation	Stage0-Stage5, simulations, masking, dropout, BioApp, source values or audit	src/stages/stage0_envcheck.py	Temporary/editable-SVG/redundant-storage and obsolete full-figure scripts excluded.
T4H-0164	SOURCE_CODE	reproducibility_release/release_candidate_v1.0/code/src/stages/stage1_io.py	stage1_io.py	.py	3313	07b88caa66901e3f10a68e2a32bd4fcfad9213d9	INCLUDED_RELEASE_CANDIDATE	REDISTRIBUTABLE	formal or necessary supporting implementation	Stage0-Stage5, simulations, masking, dropout, BioApp, source values or audit	src/stages/stage1_io.py	Temporary/editable-SVG/redundant-storage and obsolete full-figure scripts excluded.
T4H-0165	SOURCE_CODE	reproducibility_release/release_candidate_v1.0/code/src/stages/stage3_type_plugin.py	stage3_type_plugin.py	.py	163499	c3a9c6b8f8d532b478397d06306f668dbc217469	INCLUDED_RELEASE_CANDIDATE	REDISTRIBUTABLE	formal or necessary supporting implementation	Stage0-Stage5, simulations, masking, dropout, BioApp, source values or audit	src/stages/stage3_type_plugin.py	Temporary/editable-SVG/redundant-storage and obsolete full-figure scripts excluded.
T4H-0166	SOURCE_CODE	reproducibility_release/release_candidate_v1.0/code/src/stages/stage3b_st_unsupported.py	stage3b_st_unsupported.py	.py	50961	c658c35548d889514196701fdfab66df620d15cb	INCLUDED_RELEASE_CANDIDATE	REDISTRIBUTABLE	formal or necessary supporting implementation	Stage0-Stage5, simulations, masking, dropout, BioApp, source values or audit	src/stages/stage3b_st_unsupported.py	Temporary/editable-SVG/redundant-storage and obsolete full-figure scripts excluded.
T4H-0167	SOURCE_CODE	reproducibility_release/release_candidate_v1.0/code/src/stages/stage4_cytospace.py	stage4_cytospace.py	.py	80528	985ef509d0d767df2893c389f2976975170cd5a6	INCLUDED_RELEASE_CANDIDATE	REDISTRIBUTABLE	formal or necessary supporting implementation	Stage0-Stage5, simulations, masking, dropout, BioApp, source values or audit	src/stages/stage4_cytospace.py	Temporary/editable-SVG/redundant-storage and obsolete full-figure scripts excluded.
T4H-0168	SOURCE_CODE	reproducibility_release/release_candidate_v1.0/code/src/stages/storage.py	storage.py	.py	1946	8a1733f014898783cec399883f3c7c7970184e79	INCLUDED_RELEASE_CANDIDATE	REDISTRIBUTABLE	formal or necessary supporting implementation	Stage0-Stage5, simulations, masking, dropout, BioApp, source values or audit	src/stages/storage.py	Temporary/editable-SVG/redundant-storage and obsolete full-figure scripts excluded.
T4H-0169	SOURCE_CODE	reproducibility_release/release_candidate_v1.0/code/src/svtuner/__init__.py	__init__.py	.py	110	3af05d108f5905208cb315ac5ae3c09f09d8970f	INCLUDED_RELEASE_CANDIDATE	REDISTRIBUTABLE	formal or necessary supporting implementation	Stage0-Stage5, simulations, masking, dropout, BioApp, source values or audit	src/svtuner/__init__.py	Temporary/editable-SVG/redundant-storage and obsolete full-figure scripts excluded.
T4H-0170	SOURCE_CODE	reproducibility_release/release_candidate_v1.0/code/src/svtuner/__main__.py	__main__.py	.py	90	f2551a68c9251c1f6299cc12a68b4a72676b810d	INCLUDED_RELEASE_CANDIDATE	REDISTRIBUTABLE	formal or necessary supporting implementation	Stage0-Stage5, simulations, masking, dropout, BioApp, source values or audit	src/svtuner/__main__.py	Temporary/editable-SVG/redundant-storage and obsolete full-figure scripts excluded.
T4H-0171	SOURCE_CODE	reproducibility_release/release_candidate_v1.0/code/src/svtuner/bundle.py	bundle.py	.py	4170	f24b1b6b2200f342e34f458062be97e943a9775d	INCLUDED_RELEASE_CANDIDATE	REDISTRIBUTABLE	formal or necessary supporting implementation	Stage0-Stage5, simulations, masking, dropout, BioApp, source values or audit	src/svtuner/bundle.py	Temporary/editable-SVG/redundant-storage and obsolete full-figure scripts excluded.
T4H-0172	SOURCE_CODE	reproducibility_release/release_candidate_v1.0/code/src/svtuner/cli.py	cli.py	.py	6972	e233bfd08d564ea9f1a43ac380278c136c62d87c	INCLUDED_RELEASE_CANDIDATE	REDISTRIBUTABLE	formal or necessary supporting implementation	Stage0-Stage5, simulations, masking, dropout, BioApp, source values or audit	src/svtuner/cli.py	Temporary/editable-SVG/redundant-storage and obsolete full-figure scripts excluded.
T4H-0173	SOURCE_CODE	reproducibility_release/release_candidate_v1.0/code/src/svtuner/run.py	run.py	.py	9260	4e42b639e1206cdfe7bd122004e112fd6ffd4399	INCLUDED_RELEASE_CANDIDATE	REDISTRIBUTABLE	formal or necessary supporting implementation	Stage0-Stage5, simulations, masking, dropout, BioApp, source values or audit	src/svtuner/run.py	Temporary/editable-SVG/redundant-storage and obsolete full-figure scripts excluded.
T4H-0174	SOURCE_CODE	reproducibility_release/release_candidate_v1.0/code/src/utils/__init__.py	__init__.py	.py	0	da39a3ee5e6b4b0d3255bfef95601890afd80709	INCLUDED_RELEASE_CANDIDATE	REDISTRIBUTABLE	formal or necessary supporting implementation	Stage0-Stage5, simulations, masking, dropout, BioApp, source values or audit	src/utils/__init__.py	Temporary/editable-SVG/redundant-storage and obsolete full-figure scripts excluded.
T4H-0175	SOURCE_CODE	reproducibility_release/release_candidate_v1.0/code/src/utils/sample_paths.py	sample_paths.py	.py	2595	45cce9598f3e7f66e299fc16513a144cdfeb224b	INCLUDED_RELEASE_CANDIDATE	REDISTRIBUTABLE	formal or necessary supporting implementation	Stage0-Stage5, simulations, masking, dropout, BioApp, source values or audit	src/utils/sample_paths.py	Temporary/editable-SVG/redundant-storage and obsolete full-figure scripts excluded.
T4H-0176	SOURCE_CODE	reproducibility_release/release_candidate_v1.0/code/src/utils/type_name.py	type_name.py	.py	1775	e32776f6c78e95b0746c8696e92b068ee1cc62d0	INCLUDED_RELEASE_CANDIDATE	REDISTRIBUTABLE	formal or necessary supporting implementation	Stage0-Stage5, simulations, masking, dropout, BioApp, source values or audit	src/utils/type_name.py	Temporary/editable-SVG/redundant-storage and obsolete full-figure scripts excluded.
T4H-0177	ENVIRONMENT_SPECIFICATION	reproducibility_release/release_candidate_v1.0/environments/configs/environment.yml	environment.yml	.yml	2632	d65399a7c6df42508eab5b339a0215605d4e5950	INCLUDED_RELEASE_CANDIDATE	REDISTRIBUTABLE	formal or retained supporting environment specification	all formal routes	configs/environment.yml	
T4H-0178	ENVIRONMENT_SPECIFICATION	reproducibility_release/release_candidate_v1.0/environments/configs/project_config.yaml	project_config.yaml	.yaml	1795	bf3cc5c62f2c9ac5f30de4000ce703b1bf9de9b3	INCLUDED_RELEASE_CANDIDATE	REDISTRIBUTABLE	formal or retained supporting environment specification	all formal routes	configs/project_config.yaml	
T4H-0179	ENVIRONMENT_SPECIFICATION	reproducibility_release/release_candidate_v1.0/environments/external/cytospace/environment-win-r43.yml	environment-win-r43.yml	.yml	379	d9e2f020d92a0ba7ae2050c2df248e1a7d8df91e	INCLUDED_RELEASE_CANDIDATE	REDISTRIBUTABLE	formal or retained supporting environment specification	all formal routes	external/cytospace/environment-win-r43.yml	
T4H-0180	ENVIRONMENT_SPECIFICATION	reproducibility_release/release_candidate_v1.0/environments/pyproject.toml	pyproject.toml	.toml	459	7010362d81619cb1ec97d287d92047c890cbd86a	INCLUDED_RELEASE_CANDIDATE	REDISTRIBUTABLE	formal or retained supporting environment specification	all formal routes	pyproject.toml	
T4H-0181	CONFIGURATION	reproducibility_release/release_candidate_v1.0/configs/configs/datasets/adult_mouse_kidney_real.yaml	adult_mouse_kidney_real.yaml	.yaml	1445	4fb13d47aadb6db5753ce3261aafdd101620bab8	INCLUDED_RELEASE_CANDIDATE	REDISTRIBUTABLE	SUPPORTING machine-readable configuration	supporting configuration	configs/datasets/adult_mouse_kidney_real.yaml	
T4H-0182	CONFIGURATION	reproducibility_release/release_candidate_v1.0/configs/configs/datasets/adult_mouse_kidney_real_profile_mask_endo.yaml	adult_mouse_kidney_real_profile_mask_endo.yaml	.yaml	2010	b4329a8ff2880f61fd7c8180dfb23e7467487768	INCLUDED_RELEASE_CANDIDATE	REDISTRIBUTABLE	FORMAL machine-readable configuration	Fig. 2A-B/E	configs/datasets/adult_mouse_kidney_real_profile_mask_endo.yaml	
T4H-0183	CONFIGURATION	reproducibility_release/release_candidate_v1.0/configs/configs/datasets/cell2loc_scan_st8059051_sc_missing_thalamic_excitatory.yaml	cell2loc_scan_st8059051_sc_missing_thalamic_excitatory.yaml	.yaml	674	f43e61539da799eff0725f7d3f2a6494688b0a76	INCLUDED_RELEASE_CANDIDATE	REDISTRIBUTABLE	FORMAL machine-readable configuration	Fig. 4A-E/H	configs/datasets/cell2loc_scan_st8059051_sc_missing_thalamic_excitatory.yaml	
T4H-0184	CONFIGURATION	reproducibility_release/release_candidate_v1.0/configs/configs/datasets/cytospace_fig2c_melanoma_mel1_rep2.yaml	cytospace_fig2c_melanoma_mel1_rep2.yaml	.yaml	925	7c1a6f71817d46708eb67c15c53121232f28f230	INCLUDED_RELEASE_CANDIDATE	REDISTRIBUTABLE	SUPPORTING machine-readable configuration	supporting configuration	configs/datasets/cytospace_fig2c_melanoma_mel1_rep2.yaml	
T4H-0185	CONFIGURATION	reproducibility_release/release_candidate_v1.0/configs/configs/datasets/cytospace_fig2c_melanoma_mel1_rep2_profile_mask_endothelial_cells.yaml	cytospace_fig2c_melanoma_mel1_rep2_profile_mask_endothelial_cells.yaml	.yaml	2006	932f3ff13f134c28d6cbc8ea974578a6bf9aefd6	INCLUDED_RELEASE_CANDIDATE	REDISTRIBUTABLE	FORMAL machine-readable configuration	Fig. 2C/F	configs/datasets/cytospace_fig2c_melanoma_mel1_rep2_profile_mask_endothelial_cells.yaml	
T4H-0186	CONFIGURATION	reproducibility_release/release_candidate_v1.0/configs/configs/datasets/cytospace_fig2c_melanoma_mel2_rep1.yaml	cytospace_fig2c_melanoma_mel2_rep1.yaml	.yaml	925	0f116e9b7295b40b9ceac773b113317aeeb72e4c	INCLUDED_RELEASE_CANDIDATE	REDISTRIBUTABLE	SUPPORTING machine-readable configuration	supporting configuration	configs/datasets/cytospace_fig2c_melanoma_mel2_rep1.yaml	
T4H-0187	CONFIGURATION	reproducibility_release/release_candidate_v1.0/configs/configs/datasets/cytospace_fig2c_melanoma_mel2_rep1_profile_mask_nk_cells.yaml	cytospace_fig2c_melanoma_mel2_rep1_profile_mask_nk_cells.yaml	.yaml	1997	3c4b840e391d63343a017509792050d93cd31161	INCLUDED_RELEASE_CANDIDATE	REDISTRIBUTABLE	FORMAL machine-readable configuration	Fig. 2C/F	configs/datasets/cytospace_fig2c_melanoma_mel2_rep1_profile_mask_nk_cells.yaml	
T4H-0188	CONFIGURATION	reproducibility_release/release_candidate_v1.0/configs/configs/datasets/cytospace_fig2d_tme_brca_er_her2_fresh_frozen.yaml	cytospace_fig2d_tme_brca_er_her2_fresh_frozen.yaml	.yaml	888	5c8d885564dd8f891ef25a14ef0db2aa2c4272fc	INCLUDED_RELEASE_CANDIDATE	REDISTRIBUTABLE	SUPPORTING machine-readable configuration	supporting configuration	configs/datasets/cytospace_fig2d_tme_brca_er_her2_fresh_frozen.yaml	
T4H-0189	CONFIGURATION	reproducibility_release/release_candidate_v1.0/configs/configs/datasets/cytospace_fig2d_tme_brca_er_her2_fresh_frozen_profile_mask_t_cells.yaml	cytospace_fig2d_tme_brca_er_her2_fresh_frozen_profile_mask_t_cells.yaml	.yaml	1969	bbeb5ddca85d1e3c9e5e45b02f37fa6228f06b12	INCLUDED_RELEASE_CANDIDATE	REDISTRIBUTABLE	FORMAL machine-readable configuration	Fig. 2C/F	configs/datasets/cytospace_fig2d_tme_brca_er_her2_fresh_frozen_profile_mask_t_cells.yaml	
T4H-0190	CONFIGURATION	reproducibility_release/release_candidate_v1.0/configs/configs/datasets/cytospace_fig2d_tme_brca_her2_ffpe.yaml	cytospace_fig2d_tme_brca_her2_ffpe.yaml	.yaml	877	0be3499fd02cf8e5dc804a8fa12e113eb2d838a3	INCLUDED_RELEASE_CANDIDATE	REDISTRIBUTABLE	SUPPORTING machine-readable configuration	supporting configuration	configs/datasets/cytospace_fig2d_tme_brca_her2_ffpe.yaml	
T4H-0191	CONFIGURATION	reproducibility_release/release_candidate_v1.0/configs/configs/datasets/cytospace_fig2d_tme_brca_her2_ffpe_profile_mask_t_cells.yaml	cytospace_fig2d_tme_brca_her2_ffpe_profile_mask_t_cells.yaml	.yaml	1958	9d10066eb8d3aa057b5e68a3e468af0ba9b8c14d	INCLUDED_RELEASE_CANDIDATE	REDISTRIBUTABLE	FORMAL machine-readable configuration	Fig. 2C/F	configs/datasets/cytospace_fig2d_tme_brca_her2_ffpe_profile_mask_t_cells.yaml	
T4H-0192	CONFIGURATION	reproducibility_release/release_candidate_v1.0/configs/configs/datasets/cytospace_fig2d_tme_brca_her2_ffpe_profile_mask_t_cells_sc_missing_plasma_cells.yaml	cytospace_fig2d_tme_brca_her2_ffpe_profile_mask_t_cells_sc_missing_plasma_cells.yaml	.yaml	2232	5425d45bf1f95f7e62149e322e53eef8fc810442	INCLUDED_RELEASE_CANDIDATE	REDISTRIBUTABLE	FORMAL machine-readable configuration	supporting configuration	configs/datasets/cytospace_fig2d_tme_brca_her2_ffpe_profile_mask_t_cells_sc_missing_plasma_cells.yaml	
T4H-0193	CONFIGURATION	reproducibility_release/release_candidate_v1.0/configs/configs/datasets/cytospace_fig2d_tme_brca_her2_ffpe_sc_missing_epithelial_cells.yaml	cytospace_fig2d_tme_brca_her2_ffpe_sc_missing_epithelial_cells.yaml	.yaml	651	4bc27a6e59f3b9e659a51113ceac8106206824c0	INCLUDED_RELEASE_CANDIDATE	REDISTRIBUTABLE	FORMAL machine-readable configuration	Fig. 4F-G/I	configs/datasets/cytospace_fig2d_tme_brca_her2_ffpe_sc_missing_epithelial_cells.yaml	
T4H-0194	CONFIGURATION	reproducibility_release/release_candidate_v1.0/configs/configs/datasets/cytospace_fig2d_tme_brca_her2_ffpe_sc_missing_plasma_cells.yaml	cytospace_fig2d_tme_brca_her2_ffpe_sc_missing_plasma_cells.yaml	.yaml	651	4bc27a6e59f3b9e659a51113ceac8106206824c0	INCLUDED_RELEASE_CANDIDATE	REDISTRIBUTABLE	FORMAL machine-readable configuration	Fig. 4F-G/I	configs/datasets/cytospace_fig2d_tme_brca_her2_ffpe_sc_missing_plasma_cells.yaml	
T4H-0195	CONFIGURATION	reproducibility_release/release_candidate_v1.0/configs/configs/datasets/cytospace_fig2d_tme_brca_tnbc_fresh_frozen.yaml	cytospace_fig2d_tme_brca_tnbc_fresh_frozen.yaml	.yaml	885	588e9a30957a8c506b5d36f44f47472e1f2a48f5	INCLUDED_RELEASE_CANDIDATE	REDISTRIBUTABLE	SUPPORTING machine-readable configuration	supporting configuration	configs/datasets/cytospace_fig2d_tme_brca_tnbc_fresh_frozen.yaml	
T4H-0196	CONFIGURATION	reproducibility_release/release_candidate_v1.0/configs/configs/datasets/cytospace_fig2d_tme_brca_tnbc_fresh_frozen_profile_mask_fibroblasts.yaml	cytospace_fig2d_tme_brca_tnbc_fresh_frozen_profile_mask_fibroblasts.yaml	.yaml	1970	c78b49c26ca139530a95c6f83a40be99a9d134d9	INCLUDED_RELEASE_CANDIDATE	REDISTRIBUTABLE	FORMAL machine-readable configuration	Fig. 2C/F	configs/datasets/cytospace_fig2d_tme_brca_tnbc_fresh_frozen_profile_mask_fibroblasts.yaml	
T4H-0197	CONFIGURATION	reproducibility_release/release_candidate_v1.0/configs/configs/datasets/cytospace_fig2d_tme_brca_tnbc_fresh_frozen_sc_missing_plasma_cells.yaml	cytospace_fig2d_tme_brca_tnbc_fresh_frozen_sc_missing_plasma_cells.yaml	.yaml	651	4bc27a6e59f3b9e659a51113ceac8106206824c0	INCLUDED_RELEASE_CANDIDATE	REDISTRIBUTABLE	FORMAL machine-readable configuration	Fig. 4F-G/I	configs/datasets/cytospace_fig2d_tme_brca_tnbc_fresh_frozen_sc_missing_plasma_cells.yaml	
T4H-0198	CONFIGURATION	reproducibility_release/release_candidate_v1.0/configs/configs/datasets/cytospace_fig2d_tme_crc_fresh_frozen.yaml	cytospace_fig2d_tme_crc_fresh_frozen.yaml	.yaml	879	330fb7ed907c73aa5b27b2c1c7f1714268ccaace	INCLUDED_RELEASE_CANDIDATE	REDISTRIBUTABLE	SUPPORTING machine-readable configuration	supporting configuration	configs/datasets/cytospace_fig2d_tme_crc_fresh_frozen.yaml	
T4H-0199	CONFIGURATION	reproducibility_release/release_candidate_v1.0/configs/configs/datasets/cytospace_fig2d_tme_crc_fresh_frozen_profile_mask_monocytes_and_macrophages.yaml	cytospace_fig2d_tme_crc_fresh_frozen_profile_mask_monocytes_and_macrophages.yaml	.yaml	1978	9ef37364ed99d82d340996e00a74f16c058bbc2f	INCLUDED_RELEASE_CANDIDATE	REDISTRIBUTABLE	FORMAL machine-readable configuration	Fig. 2C/F	configs/datasets/cytospace_fig2d_tme_crc_fresh_frozen_profile_mask_monocytes_and_macrophages.yaml	
T4H-0200	CONFIGURATION	reproducibility_release/release_candidate_v1.0/configs/configs/datasets/cytospace_fig2d_tme_crc_fresh_frozen_sc_missing_b_cells.yaml	cytospace_fig2d_tme_crc_fresh_frozen_sc_missing_b_cells.yaml	.yaml	651	4bc27a6e59f3b9e659a51113ceac8106206824c0	INCLUDED_RELEASE_CANDIDATE	REDISTRIBUTABLE	FORMAL machine-readable configuration	Fig. 4F-G/I	configs/datasets/cytospace_fig2d_tme_crc_fresh_frozen_sc_missing_b_cells.yaml	
T4H-0201	CONFIGURATION	reproducibility_release/release_candidate_v1.0/configs/configs/datasets/cytospace_fig2i_mouse_kidney_stage3_unsupported_decoy_n1000.yaml	cytospace_fig2i_mouse_kidney_stage3_unsupported_decoy_n1000.yaml	.yaml	1197	d2387bda76c6af7bd33ff46e47cc0bcec9761a93	INCLUDED_RELEASE_CANDIDATE	REDISTRIBUTABLE	FORMAL machine-readable configuration	Fig. 3F	configs/datasets/cytospace_fig2i_mouse_kidney_stage3_unsupported_decoy_n1000.yaml	
T4H-0202	CONFIGURATION	reproducibility_release/release_candidate_v1.0/configs/configs/datasets/cytospace_fig2k_breast_state_decoy_stage3_detected.yaml	cytospace_fig2k_breast_state_decoy_stage3_detected.yaml	.yaml	1188	6f92f3195dd68213a39a7c62f857a6ae566e7154	INCLUDED_RELEASE_CANDIDATE	REDISTRIBUTABLE	FORMAL machine-readable configuration	Fig. 3E	configs/datasets/cytospace_fig2k_breast_state_decoy_stage3_detected.yaml	
T4H-0203	CONFIGURATION	reproducibility_release/release_candidate_v1.0/configs/configs/datasets/ffpe_mouse_brain_sagittal_real.yaml	ffpe_mouse_brain_sagittal_real.yaml	.yaml	1999	e09f59901fd56064a204b97a85a90053cbe5ed7a	INCLUDED_RELEASE_CANDIDATE	REDISTRIBUTABLE	SUPPORTING machine-readable configuration	supporting configuration	configs/datasets/ffpe_mouse_brain_sagittal_real.yaml	
T4H-0204	CONFIGURATION	reproducibility_release/release_candidate_v1.0/configs/configs/datasets/ffpe_mouse_brain_sagittal_real_profile_mask_microglia.yaml	ffpe_mouse_brain_sagittal_real_profile_mask_microglia.yaml	.yaml	2021	71560aeb3371fdc4866e95e6194e56e9b6cd27f3	INCLUDED_RELEASE_CANDIDATE	REDISTRIBUTABLE	FORMAL machine-readable configuration	Fig. 2A-B/E	configs/datasets/ffpe_mouse_brain_sagittal_real_profile_mask_microglia.yaml	
T4H-0205	CONFIGURATION	reproducibility_release/release_candidate_v1.0/configs/configs/datasets/highres_humanbreastcancerpatient1.yaml	highres_humanbreastcancerpatient1.yaml	.yaml	1866	4fb4a0917f192d2ee19333f3cba0172f82078843	INCLUDED_RELEASE_CANDIDATE	REDISTRIBUTABLE	SUPPORTING machine-readable configuration	supporting configuration	configs/datasets/highres_humanbreastcancerpatient1.yaml	
T4H-0206	CONFIGURATION	reproducibility_release/release_candidate_v1.0/configs/configs/datasets/highres_humanbreastcancerpatient1_profile_mask_monocytes_and_macrophages.yaml	highres_humanbreastcancerpatient1_profile_mask_monocytes_and_macrophages.yaml	.yaml	1905	aef4283fefbff6f144ba888436a69eb4967c020e	INCLUDED_RELEASE_CANDIDATE	REDISTRIBUTABLE	FORMAL machine-readable configuration	Fig. 3A-D	configs/datasets/highres_humanbreastcancerpatient1_profile_mask_monocytes_and_macrophages.yaml	
T4H-0207	CONFIGURATION	reproducibility_release/release_candidate_v1.0/configs/configs/datasets/highres_humancoloncancerpatient1.yaml	highres_humancoloncancerpatient1.yaml	.yaml	1865	aa09126e22fe1c0239b65f06ad60649b9df52208	INCLUDED_RELEASE_CANDIDATE	REDISTRIBUTABLE	SUPPORTING machine-readable configuration	supporting configuration	configs/datasets/highres_humancoloncancerpatient1.yaml	
T4H-0208	CONFIGURATION	reproducibility_release/release_candidate_v1.0/configs/configs/datasets/highres_humancoloncancerpatient1_profile_mask_fibroblasts.yaml	highres_humancoloncancerpatient1_profile_mask_fibroblasts.yaml	.yaml	1890	a592c6bc48e7b122db42254c3980fe098dfe5bc5	INCLUDED_RELEASE_CANDIDATE	REDISTRIBUTABLE	FORMAL machine-readable configuration	Fig. 3A-D	configs/datasets/highres_humancoloncancerpatient1_profile_mask_fibroblasts.yaml	
T4H-0209	CONFIGURATION	reproducibility_release/release_candidate_v1.0/configs/configs/datasets/highres_humanlungcancerpatient1.yaml	highres_humanlungcancerpatient1.yaml	.yaml	1864	8657eb311af99b98daac59e53b69e920a7281612	INCLUDED_RELEASE_CANDIDATE	REDISTRIBUTABLE	SUPPORTING machine-readable configuration	supporting configuration	configs/datasets/highres_humanlungcancerpatient1.yaml	
T4H-0210	CONFIGURATION	reproducibility_release/release_candidate_v1.0/configs/configs/datasets/highres_humanlungcancerpatient1_profile_mask_plasma_cells.yaml	highres_humanlungcancerpatient1_profile_mask_plasma_cells.yaml	.yaml	1890	f5f8ee5b15d0fd7146b33bcac11e57660d1cecca	INCLUDED_RELEASE_CANDIDATE	REDISTRIBUTABLE	FORMAL machine-readable configuration	Fig. 3A-D	configs/datasets/highres_humanlungcancerpatient1_profile_mask_plasma_cells.yaml	
T4H-0211	CONFIGURATION	reproducibility_release/release_candidate_v1.0/configs/configs/datasets/highres_humanmelanomapatient1.yaml	highres_humanmelanomapatient1.yaml	.yaml	1862	4eefbe8d9b1c1b49a3c9b4537a9e1a3e56a06f19	INCLUDED_RELEASE_CANDIDATE	REDISTRIBUTABLE	SUPPORTING machine-readable configuration	supporting configuration	configs/datasets/highres_humanmelanomapatient1.yaml	
T4H-0212	CONFIGURATION	reproducibility_release/release_candidate_v1.0/configs/configs/datasets/highres_humanmelanomapatient1_profile_mask_fibroblasts.yaml	highres_humanmelanomapatient1_profile_mask_fibroblasts.yaml	.yaml	1887	40c2a7c3b168243381d7a81cd0b47afd6797bfe7	INCLUDED_RELEASE_CANDIDATE	REDISTRIBUTABLE	FORMAL machine-readable configuration	Fig. 3A-D	configs/datasets/highres_humanmelanomapatient1_profile_mask_fibroblasts.yaml	
T4H-0213	CONFIGURATION	reproducibility_release/release_candidate_v1.0/configs/configs/datasets/highres_humanmelanomapatient2.yaml	highres_humanmelanomapatient2.yaml	.yaml	1862	2ee578f469c82740031130e4dd66f0bf9567751f	INCLUDED_RELEASE_CANDIDATE	REDISTRIBUTABLE	SUPPORTING machine-readable configuration	supporting configuration	configs/datasets/highres_humanmelanomapatient2.yaml	
T4H-0214	CONFIGURATION	reproducibility_release/release_candidate_v1.0/configs/configs/datasets/highres_humanmelanomapatient2_profile_mask_b_cells.yaml	highres_humanmelanomapatient2_profile_mask_b_cells.yaml	.yaml	1883	929d3972ffa4fb9411b67312f0ebdd81c8887995	INCLUDED_RELEASE_CANDIDATE	REDISTRIBUTABLE	FORMAL machine-readable configuration	Fig. 3A-D	configs/datasets/highres_humanmelanomapatient2_profile_mask_b_cells.yaml	
T4H-0215	CONFIGURATION	reproducibility_release/release_candidate_v1.0/configs/configs/datasets/human_breast_cancer_real.yaml	human_breast_cancer_real.yaml	.yaml	1993	c51a22d44373f903e52efff452bc14e64fd784fd	INCLUDED_RELEASE_CANDIDATE	REDISTRIBUTABLE	SUPPORTING machine-readable configuration	supporting configuration	configs/datasets/human_breast_cancer_real.yaml	
T4H-0216	CONFIGURATION	reproducibility_release/release_candidate_v1.0/configs/configs/datasets/human_breast_cancer_real_profile_mask_basal_cell.yaml	human_breast_cancer_real_profile_mask_basal_cell.yaml	.yaml	2017	2a87fcf2b04261c09c5bf6dd38140274e6183dc6	INCLUDED_RELEASE_CANDIDATE	REDISTRIBUTABLE	FORMAL machine-readable configuration	Fig. 2A-B/E	configs/datasets/human_breast_cancer_real_profile_mask_basal_cell.yaml	
T4H-0217	CONFIGURATION	reproducibility_release/release_candidate_v1.0/configs/configs/datasets/human_breast_cancer_visium_ff_wta_real.yaml	human_breast_cancer_visium_ff_wta_real.yaml	.yaml	2007	21a811c4eb35fea3cc8d2bd07d59008eb7a267a8	INCLUDED_RELEASE_CANDIDATE	REDISTRIBUTABLE	SUPPORTING machine-readable configuration	supporting configuration	configs/datasets/human_breast_cancer_visium_ff_wta_real.yaml	
T4H-0218	CONFIGURATION	reproducibility_release/release_candidate_v1.0/configs/configs/datasets/human_breast_cancer_visium_ff_wta_real_profile_mask_macrophage.yaml	human_breast_cancer_visium_ff_wta_real_profile_mask_macrophage.yaml	.yaml	2031	302fb62e7dc2652ca5190a5210c9cc7f06d4e281	INCLUDED_RELEASE_CANDIDATE	REDISTRIBUTABLE	FORMAL machine-readable configuration	Fig. 2A-B/E	configs/datasets/human_breast_cancer_visium_ff_wta_real_profile_mask_macrophage.yaml	
T4H-0219	CONFIGURATION	reproducibility_release/release_candidate_v1.0/configs/configs/datasets/human_breast_cancer_wta_120_real.yaml	human_breast_cancer_wta_120_real.yaml	.yaml	2001	f8d182e50ba45b956784c7d968ce8b94b47e67a8	INCLUDED_RELEASE_CANDIDATE	REDISTRIBUTABLE	SUPPORTING machine-readable configuration	supporting configuration	configs/datasets/human_breast_cancer_wta_120_real.yaml	
T4H-0220	CONFIGURATION	reproducibility_release/release_candidate_v1.0/configs/configs/datasets/human_breast_cancer_wta_120_real_profile_mask_endothelial_cell.yaml	human_breast_cancer_wta_120_real_profile_mask_endothelial_cell.yaml	.yaml	2031	cc3864a41ceb0bb47bfd39bef31a29478bcf9d61	INCLUDED_RELEASE_CANDIDATE	REDISTRIBUTABLE	FORMAL machine-readable configuration	Fig. 2A-B/E	configs/datasets/human_breast_cancer_wta_120_real_profile_mask_endothelial_cell.yaml	
T4H-0221	CONFIGURATION	reproducibility_release/release_candidate_v1.0/configs/configs/datasets/human_cervical_cancer_real.yaml	human_cervical_cancer_real.yaml	.yaml	1995	6b1126e11c688ac266fab57a03f3d3b0ca5373ec	INCLUDED_RELEASE_CANDIDATE	REDISTRIBUTABLE	SUPPORTING machine-readable configuration	supporting configuration	configs/datasets/human_cervical_cancer_real.yaml	
T4H-0222	CONFIGURATION	reproducibility_release/release_candidate_v1.0/configs/configs/datasets/human_cervical_cancer_real_profile_mask_epithelial_cell.yaml	human_cervical_cancer_real_profile_mask_epithelial_cell.yaml	.yaml	2024	71c977dd2ea587e358411aca0900fb1f339261de	INCLUDED_RELEASE_CANDIDATE	REDISTRIBUTABLE	FORMAL machine-readable configuration	Fig. 2A-B/E	configs/datasets/human_cervical_cancer_real_profile_mask_epithelial_cell.yaml	
T4H-0223	CONFIGURATION	reproducibility_release/release_candidate_v1.0/configs/configs/datasets/human_heart_ff_real.yaml	human_heart_ff_real.yaml	.yaml	1988	d7643538860dcb9a8fdbc333f7f04045d62edca3	INCLUDED_RELEASE_CANDIDATE	REDISTRIBUTABLE	SUPPORTING machine-readable configuration	supporting configuration	configs/datasets/human_heart_ff_real.yaml	
T4H-0224	CONFIGURATION	reproducibility_release/release_candidate_v1.0/configs/configs/datasets/human_heart_ff_real_profile_mask_endothelial_cell.yaml	human_heart_ff_real_profile_mask_endothelial_cell.yaml	.yaml	2018	64614f77b3cdb0a04613afbeca427206e1246a62	INCLUDED_RELEASE_CANDIDATE	REDISTRIBUTABLE	FORMAL machine-readable configuration	Fig. 2A-B/E	configs/datasets/human_heart_ff_real_profile_mask_endothelial_cell.yaml	
T4H-0225	CONFIGURATION	reproducibility_release/release_candidate_v1.0/configs/configs/datasets/human_intestine_cancer_real.yaml	human_intestine_cancer_real.yaml	.yaml	1996	4381e43aaa7e3a01148b049b0053b41d35e284a5	INCLUDED_RELEASE_CANDIDATE	REDISTRIBUTABLE	SUPPORTING machine-readable configuration	supporting configuration	configs/datasets/human_intestine_cancer_real.yaml	
T4H-0226	CONFIGURATION	reproducibility_release/release_candidate_v1.0/configs/configs/datasets/human_intestine_cancer_real_profile_mask_endothelial_cell.yaml	human_intestine_cancer_real_profile_mask_endothelial_cell.yaml	.yaml	2026	d35fa8437f887bc6de1d160c95ad8c926244a3cc	INCLUDED_RELEASE_CANDIDATE	REDISTRIBUTABLE	FORMAL machine-readable configuration	Fig. 2A-B/E	configs/datasets/human_intestine_cancer_real_profile_mask_endothelial_cell.yaml	
T4H-0227	CONFIGURATION	reproducibility_release/release_candidate_v1.0/configs/configs/datasets/human_lung_5loc_fine9_clustered_sim.yaml	human_lung_5loc_fine9_clustered_sim.yaml	.yaml	2035	46aab7c5a24aef49c0da412f6c37fe8a495280e0	INCLUDED_RELEASE_CANDIDATE	REDISTRIBUTABLE	SUPPORTING machine-readable configuration	supporting configuration	configs/datasets/human_lung_5loc_fine9_clustered_sim.yaml	
T4H-0228	CONFIGURATION	reproducibility_release/release_candidate_v1.0/configs/configs/datasets/human_lung_5loc_fine9_clustered_sim_missing_at2.yaml	human_lung_5loc_fine9_clustered_sim_missing_at2.yaml	.yaml	2047	c81a409c20fd1bc27044dda50abf6fc4c7baa341	INCLUDED_RELEASE_CANDIDATE	REDISTRIBUTABLE	SUPPORTING machine-readable configuration	supporting configuration	configs/datasets/human_lung_5loc_fine9_clustered_sim_missing_at2.yaml	
T4H-0229	CONFIGURATION	reproducibility_release/release_candidate_v1.0/configs/configs/datasets/human_lung_5loc_fine9_clustered_sim_missing_at2_fibroblast.yaml	human_lung_5loc_fine9_clustered_sim_missing_at2_fibroblast.yaml	.yaml	2058	15c957add01e8a5d45e501ae7d96d2e679165080	INCLUDED_RELEASE_CANDIDATE	REDISTRIBUTABLE	SUPPORTING machine-readable configuration	supporting configuration	configs/datasets/human_lung_5loc_fine9_clustered_sim_missing_at2_fibroblast.yaml	
T4H-0230	CONFIGURATION	reproducibility_release/release_candidate_v1.0/configs/configs/datasets/human_lung_5loc_fine9_clustered_sim_missing_at2_fibroblast_sc_missing_b_cell.yaml	human_lung_5loc_fine9_clustered_sim_missing_at2_fibroblast_sc_missing_b_cell.yaml	.yaml	2343	783edecfcd1a3b5b0dd14ea8ea142891f0636b29	INCLUDED_RELEASE_CANDIDATE	REDISTRIBUTABLE	FORMAL machine-readable configuration	supporting configuration	configs/datasets/human_lung_5loc_fine9_clustered_sim_missing_at2_fibroblast_sc_missing_b_cell.yaml	
T4H-0231	CONFIGURATION	reproducibility_release/release_candidate_v1.0/configs/configs/datasets/human_lung_5loc_fine9_clustered_sim_missing_at2_fibroblast_sc_missing_b_cell_scnoise10.yaml	human_lung_5loc_fine9_clustered_sim_missing_at2_fibroblast_sc_missing_b_cell_scnoise10.yaml	.yaml	2353	e046298a1c1d57bf31e962d72fe8631c723b1a57	INCLUDED_RELEASE_CANDIDATE	REDISTRIBUTABLE	FORMAL machine-readable configuration	supporting configuration	configs/datasets/human_lung_5loc_fine9_clustered_sim_missing_at2_fibroblast_sc_missing_b_cell_scnoise10.yaml	
T4H-0232	CONFIGURATION	reproducibility_release/release_candidate_v1.0/configs/configs/datasets/human_lung_5loc_fine9_clustered_sim_missing_at2_sc_missing_b_cell.yaml	human_lung_5loc_fine9_clustered_sim_missing_at2_sc_missing_b_cell.yaml	.yaml	2332	a5a11e4133fdb37186af95f6f7f77393b235e4bd	INCLUDED_RELEASE_CANDIDATE	REDISTRIBUTABLE	FORMAL machine-readable configuration	supporting configuration	configs/datasets/human_lung_5loc_fine9_clustered_sim_missing_at2_sc_missing_b_cell.yaml	
T4H-0233	CONFIGURATION	reproducibility_release/release_candidate_v1.0/configs/configs/datasets/human_lung_5loc_fine9_clustered_sim_missing_at2_sc_missing_b_cell_scnoise10.yaml	human_lung_5loc_fine9_clustered_sim_missing_at2_sc_missing_b_cell_scnoise10.yaml	.yaml	2342	67b67769aa0521166dde6dc90461f7d6c3ad919d	INCLUDED_RELEASE_CANDIDATE	REDISTRIBUTABLE	FORMAL machine-readable configuration	supporting configuration	configs/datasets/human_lung_5loc_fine9_clustered_sim_missing_at2_sc_missing_b_cell_scnoise10.yaml	
T4H-0234	CONFIGURATION	reproducibility_release/release_candidate_v1.0/configs/configs/datasets/human_lung_5loc_fine9_clustered_sim_sc_missing_b_cell.yaml	human_lung_5loc_fine9_clustered_sim_sc_missing_b_cell.yaml	.yaml	2320	8747a9eb65e6fe3dd46e2e3b3592ba66a86ae415	INCLUDED_RELEASE_CANDIDATE	REDISTRIBUTABLE	FORMAL machine-readable configuration	Fig. 1C-D	configs/datasets/human_lung_5loc_fine9_clustered_sim_sc_missing_b_cell.yaml	
T4H-0235	CONFIGURATION	reproducibility_release/release_candidate_v1.0/configs/configs/datasets/human_lung_5loc_fine9_clustered_sim_sc_missing_b_cell_scnoise10.yaml	human_lung_5loc_fine9_clustered_sim_sc_missing_b_cell_scnoise10.yaml	.yaml	2330	1fa8e9742e905aa0013c31ba654bce6a785fb326	INCLUDED_RELEASE_CANDIDATE	REDISTRIBUTABLE	FORMAL machine-readable configuration	supporting configuration	configs/datasets/human_lung_5loc_fine9_clustered_sim_sc_missing_b_cell_scnoise10.yaml	
T4H-0236	CONFIGURATION	reproducibility_release/release_candidate_v1.0/configs/configs/datasets/human_lymph_node_real.yaml	human_lymph_node_real.yaml	.yaml	1990	1a97170d0d41686ea5baa9cf8aa5952b36046488	INCLUDED_RELEASE_CANDIDATE	REDISTRIBUTABLE	SUPPORTING machine-readable configuration	supporting configuration	configs/datasets/human_lymph_node_real.yaml	
T4H-0237	CONFIGURATION	reproducibility_release/release_candidate_v1.0/configs/configs/datasets/human_lymph_node_real_profile_mask_b_cell.yaml	human_lymph_node_real_profile_mask_b_cell.yaml	.yaml	2010	aea3fa002e6f8110201b05c1b4adeb12e00073d2	INCLUDED_RELEASE_CANDIDATE	REDISTRIBUTABLE	FORMAL machine-readable configuration	Fig. 2A-B/E	configs/datasets/human_lymph_node_real_profile_mask_b_cell.yaml	
T4H-0238	CONFIGURATION	reproducibility_release/release_candidate_v1.0/configs/configs/datasets/mouse_brain_refined7_balanced_clustered_sim.yaml	mouse_brain_refined7_balanced_clustered_sim.yaml	.yaml	2093	872f2bae58a1369a4e5b15cd511971b0738624ee	INCLUDED_RELEASE_CANDIDATE	REDISTRIBUTABLE	SUPPORTING machine-readable configuration	supporting configuration	configs/datasets/mouse_brain_refined7_balanced_clustered_sim.yaml	
T4H-0239	CONFIGURATION	reproducibility_release/release_candidate_v1.0/configs/configs/datasets/mouse_brain_refined7_balanced_clustered_sim_missing_micro_fill_inh_pvalb.yaml	mouse_brain_refined7_balanced_clustered_sim_missing_micro_fill_inh_pvalb.yaml	.yaml	2122	8c3608d324e0add4d64801a121c70946e16b486e	INCLUDED_RELEASE_CANDIDATE	REDISTRIBUTABLE	SUPPORTING machine-readable configuration	supporting configuration	configs/datasets/mouse_brain_refined7_balanced_clustered_sim_missing_micro_fill_inh_pvalb.yaml	
T4H-0240	CONFIGURATION	reproducibility_release/release_candidate_v1.0/configs/configs/datasets/mouse_brain_refined7_balanced_clustered_sim_missing_micro_fill_inh_pvalb_sc_missing_ext_l56.yaml	mouse_brain_refined7_balanced_clustered_sim_missing_micro_fill_inh_pvalb_sc_missing_ext_l56.yaml	.yaml	2307	c0b6942dc897c82398d2a99e96b2e94581858181	INCLUDED_RELEASE_CANDIDATE	REDISTRIBUTABLE	FORMAL machine-readable configuration	supporting configuration	configs/datasets/mouse_brain_refined7_balanced_clustered_sim_missing_micro_fill_inh_pvalb_sc_missing_ext_l56.yaml	
T4H-0241	CONFIGURATION	reproducibility_release/release_candidate_v1.0/configs/configs/datasets/mouse_brain_refined7_balanced_clustered_sim_missing_micro_fill_inh_pvalb_sc_missing_ext_l56_scnoise10.yaml	mouse_brain_refined7_balanced_clustered_sim_missing_micro_fill_inh_pvalb_sc_missing_ext_l56_scnoise10.yaml	.yaml	2317	1a063941e14efa921d3eb7086fab38b405699a51	INCLUDED_RELEASE_CANDIDATE	REDISTRIBUTABLE	FORMAL machine-readable configuration	supporting configuration	configs/datasets/mouse_brain_refined7_balanced_clustered_sim_missing_micro_fill_inh_pvalb_sc_missing_ext_l56_scnoise10.yaml	
T4H-0242	CONFIGURATION	reproducibility_release/release_candidate_v1.0/configs/configs/datasets/mouse_brain_refined7_balanced_clustered_sim_missing_micro_oligo_2_fill_inh_pvalb.yaml	mouse_brain_refined7_balanced_clustered_sim_missing_micro_oligo_2_fill_inh_pvalb.yaml	.yaml	2130	17157c3b755dcea1387e4386713865eb576b67fc	INCLUDED_RELEASE_CANDIDATE	REDISTRIBUTABLE	SUPPORTING machine-readable configuration	supporting configuration	configs/datasets/mouse_brain_refined7_balanced_clustered_sim_missing_micro_oligo_2_fill_inh_pvalb.yaml	
T4H-0243	CONFIGURATION	reproducibility_release/release_candidate_v1.0/configs/configs/datasets/mouse_brain_refined7_balanced_clustered_sim_missing_micro_oligo_2_fill_inh_pvalb_sc_missing_ext_l56.yaml	mouse_brain_refined7_balanced_clustered_sim_missing_micro_oligo_2_fill_inh_pvalb_sc_missing_ext_l56.yaml	.yaml	2314	1fd69df2fa7f74c07ee5521fac63b424b408460f	INCLUDED_RELEASE_CANDIDATE	REDISTRIBUTABLE	FORMAL machine-readable configuration	supporting configuration	configs/datasets/mouse_brain_refined7_balanced_clustered_sim_missing_micro_oligo_2_fill_inh_pvalb_sc_missing_ext_l56.yaml	
T4H-0244	CONFIGURATION	reproducibility_release/release_candidate_v1.0/configs/configs/datasets/mouse_brain_refined7_balanced_clustered_sim_missing_micro_oligo_2_fill_inh_pvalb_sc_missing_ext_l56_scnoise10.yaml	mouse_brain_refined7_balanced_clustered_sim_missing_micro_oligo_2_fill_inh_pvalb_sc_missing_ext_l56_scnoise10.yaml	.yaml	2324	040f931f0a67680eaf44d6f78e645b2139632c91	INCLUDED_RELEASE_CANDIDATE	REDISTRIBUTABLE	FORMAL machine-readable configuration	supporting configuration	configs/datasets/mouse_brain_refined7_balanced_clustered_sim_missing_micro_oligo_2_fill_inh_pvalb_sc_missing_ext_l56_scnoise10.yaml	
T4H-0245	CONFIGURATION	reproducibility_release/release_candidate_v1.0/configs/configs/datasets/mouse_brain_refined7_balanced_clustered_sim_sc_missing_ext_l56.yaml	mouse_brain_refined7_balanced_clustered_sim_sc_missing_ext_l56.yaml	.yaml	2278	486143b0e9f47dbecce260268e4d370b99936b31	INCLUDED_RELEASE_CANDIDATE	REDISTRIBUTABLE	FORMAL machine-readable configuration	Fig. 1C-D	configs/datasets/mouse_brain_refined7_balanced_clustered_sim_sc_missing_ext_l56.yaml	
T4H-0246	CONFIGURATION	reproducibility_release/release_candidate_v1.0/configs/configs/datasets/mouse_brain_refined7_balanced_clustered_sim_sc_missing_ext_l56_scnoise10.yaml	mouse_brain_refined7_balanced_clustered_sim_sc_missing_ext_l56_scnoise10.yaml	.yaml	2288	2bb22274e12bd4acf06e3b3328903f9d680ccdbf	INCLUDED_RELEASE_CANDIDATE	REDISTRIBUTABLE	FORMAL machine-readable configuration	supporting configuration	configs/datasets/mouse_brain_refined7_balanced_clustered_sim_sc_missing_ext_l56_scnoise10.yaml	
T4H-0247	CONFIGURATION	reproducibility_release/release_candidate_v1.0/configs/configs/datasets/mouse_embryo_real.yaml	mouse_embryo_real.yaml	.yaml	395	549b5a1c3bd584e1d23152c31732179b35c4fa4d	INCLUDED_RELEASE_CANDIDATE	REDISTRIBUTABLE	FORMAL machine-readable configuration	Fig. 2A-B/E	configs/datasets/mouse_embryo_real.yaml	
T4H-0248	CONFIGURATION	reproducibility_release/release_candidate_v1.0/configs/configs/datasets/mouse_embryo_real_sc_missing_endoderm_gut.yaml	mouse_embryo_real_sc_missing_endoderm_gut.yaml	.yaml	663	c186eed5fedf2ead69ee12a28528afcd2c793927	INCLUDED_RELEASE_CANDIDATE	REDISTRIBUTABLE	FORMAL machine-readable configuration	Fig. 4F-G/I	configs/datasets/mouse_embryo_real_sc_missing_endoderm_gut.yaml	
T4H-0249	CONFIGURATION	reproducibility_release/release_candidate_v1.0/configs/configs/datasets/mouse_embryo_real_sc_missing_erythroid.yaml	mouse_embryo_real_sc_missing_erythroid.yaml	.yaml	663	c186eed5fedf2ead69ee12a28528afcd2c793927	INCLUDED_RELEASE_CANDIDATE	REDISTRIBUTABLE	FORMAL machine-readable configuration	Fig. 4F-G/I	configs/datasets/mouse_embryo_real_sc_missing_erythroid.yaml	
T4H-0250	CONFIGURATION	reproducibility_release/release_candidate_v1.0/configs/configs/datasets/real_brca7_endothelial_marker_control.yaml	real_brca7_endothelial_marker_control.yaml	.yaml	1995	011771ce7f289ccfef6e15e070a64fbf07fc85c1	INCLUDED_RELEASE_CANDIDATE	REDISTRIBUTABLE	SUPPORTING machine-readable configuration	supporting configuration	configs/datasets/real_brca7_endothelial_marker_control.yaml	
T4H-0251	CONFIGURATION	reproducibility_release/release_candidate_v1.0/configs/configs/datasets/real_brca7_endothelial_marker_control_sc_missing_endothelial_cells.yaml	real_brca7_endothelial_marker_control_sc_missing_endothelial_cells.yaml	.yaml	2190	99aa9cd5b0038423450356ccd181ef6cbfb42071	INCLUDED_RELEASE_CANDIDATE	REDISTRIBUTABLE	FORMAL machine-readable configuration	Fig. 1C-D	configs/datasets/real_brca7_endothelial_marker_control_sc_missing_endothelial_cells.yaml	
T4H-0252	CONFIGURATION	reproducibility_release/release_candidate_v1.0/configs/configs/datasets/real_brca7_endothelial_marker_control_sc_missing_endothelial_cells_scnoise10.yaml	real_brca7_endothelial_marker_control_sc_missing_endothelial_cells_scnoise10.yaml	.yaml	2200	508952bb70fb4a43d195349a1709f6af3879ff50	INCLUDED_RELEASE_CANDIDATE	REDISTRIBUTABLE	FORMAL machine-readable configuration	supporting configuration	configs/datasets/real_brca7_endothelial_marker_control_sc_missing_endothelial_cells_scnoise10.yaml	
T4H-0253	CONFIGURATION	reproducibility_release/release_candidate_v1.0/configs/configs/datasets/real_brca7_endothelial_marker_missing_epithelial_cells.yaml	real_brca7_endothelial_marker_missing_epithelial_cells.yaml	.yaml	2012	676007697010e2ce998312247307df4b40c6a2e4	INCLUDED_RELEASE_CANDIDATE	REDISTRIBUTABLE	SUPPORTING machine-readable configuration	supporting configuration	configs/datasets/real_brca7_endothelial_marker_missing_epithelial_cells.yaml	
T4H-0254	CONFIGURATION	reproducibility_release/release_candidate_v1.0/configs/configs/datasets/real_brca7_endothelial_marker_missing_epithelial_cells_pcs.yaml	real_brca7_endothelial_marker_missing_epithelial_cells_pcs.yaml	.yaml	2052	0346bc000a447bd4a33053b2bf137c91f1e73666	INCLUDED_RELEASE_CANDIDATE	REDISTRIBUTABLE	SUPPORTING machine-readable configuration	supporting configuration	configs/datasets/real_brca7_endothelial_marker_missing_epithelial_cells_pcs.yaml	
T4H-0255	CONFIGURATION	reproducibility_release/release_candidate_v1.0/configs/configs/datasets/real_brca7_endothelial_marker_missing_epithelial_cells_pcs_sc_missing_endothelial_cells.yaml	real_brca7_endothelial_marker_missing_epithelial_cells_pcs_sc_missing_endothelial_cells.yaml	.yaml	2247	0c9a0f648c8311e5d95fda95f62996541b363ff1	INCLUDED_RELEASE_CANDIDATE	REDISTRIBUTABLE	FORMAL machine-readable configuration	supporting configuration	configs/datasets/real_brca7_endothelial_marker_missing_epithelial_cells_pcs_sc_missing_endothelial_cells.yaml	
T4H-0256	CONFIGURATION	reproducibility_release/release_candidate_v1.0/configs/configs/datasets/real_brca7_endothelial_marker_missing_epithelial_cells_pcs_sc_missing_endothelial_cells_scnoise10.yaml	real_brca7_endothelial_marker_missing_epithelial_cells_pcs_sc_missing_endothelial_cells_scnoise10.yaml	.yaml	2263	c484f043f91ebdd21f74f3bce55fc814d4b5ab1b	INCLUDED_RELEASE_CANDIDATE	REDISTRIBUTABLE	FORMAL machine-readable configuration	supporting configuration	configs/datasets/real_brca7_endothelial_marker_missing_epithelial_cells_pcs_sc_missing_endothelial_cells_scnoise10.yaml	
T4H-0257	CONFIGURATION	reproducibility_release/release_candidate_v1.0/configs/configs/datasets/real_brca7_endothelial_marker_missing_epithelial_cells_sc_missing_endothelial_cells.yaml	real_brca7_endothelial_marker_missing_epithelial_cells_sc_missing_endothelial_cells.yaml	.yaml	2207	903b4c6007d97f76d09017e1e35ce3ddbcc4e8d2	INCLUDED_RELEASE_CANDIDATE	REDISTRIBUTABLE	FORMAL machine-readable configuration	supporting configuration	configs/datasets/real_brca7_endothelial_marker_missing_epithelial_cells_sc_missing_endothelial_cells.yaml	
T4H-0258	CONFIGURATION	reproducibility_release/release_candidate_v1.0/configs/configs/datasets/real_brca7_endothelial_marker_missing_epithelial_cells_sc_missing_endothelial_cells_scnoise10.yaml	real_brca7_endothelial_marker_missing_epithelial_cells_sc_missing_endothelial_cells_scnoise10.yaml	.yaml	2217	c498a08e828a3dd8204fd32f542bc16d40d703e5	INCLUDED_RELEASE_CANDIDATE	REDISTRIBUTABLE	FORMAL machine-readable configuration	supporting configuration	configs/datasets/real_brca7_endothelial_marker_missing_epithelial_cells_sc_missing_endothelial_cells_scnoise10.yaml	
T4H-0259	CONFIGURATION	reproducibility_release/release_candidate_v1.0/configs/configs/fig3b_highres_profile_mask_enrichment.json	fig3b_highres_profile_mask_enrichment.json	.json	615	8faa3c87173903eaf3740de95922af42f3a09b41	INCLUDED_RELEASE_CANDIDATE	REDISTRIBUTABLE	FORMAL machine-readable configuration	supporting configuration	configs/fig3b_highres_profile_mask_enrichment.json	
T4H-0260	CONFIGURATION	reproducibility_release/release_candidate_v1.0/configs/configs/highres_targeted_validation_fig2c.json	highres_targeted_validation_fig2c.json	.json	378	63a77086b9429b0ebeb899a032ebbef57914e514	INCLUDED_RELEASE_CANDIDATE	REDISTRIBUTABLE	FORMAL machine-readable configuration	supporting configuration	configs/highres_targeted_validation_fig2c.json	
T4H-0261	CONFIGURATION	reproducibility_release/release_candidate_v1.0/configs/configs/highres_targeted_validation_fig2d.csv	highres_targeted_validation_fig2d.csv	.csv	1673	6f7b60856d847ca7d64e32671d36f8e46952b4fd	INCLUDED_RELEASE_CANDIDATE	REDISTRIBUTABLE	FORMAL machine-readable configuration	supporting configuration	configs/highres_targeted_validation_fig2d.csv	
T4H-0262	CONFIGURATION	reproducibility_release/release_candidate_v1.0/configs/configs/pipeline_presets.yaml	pipeline_presets.yaml	.yaml	116	dc1dcd2fe4065a70d9bbc8dbb039f80a080e590e	INCLUDED_RELEASE_CANDIDATE	REDISTRIBUTABLE	SUPPORTING machine-readable configuration	supporting configuration	configs/pipeline_presets.yaml	
T4H-0263	CONFIGURATION	reproducibility_release/release_candidate_v1.0/configs/configs/project_config.local.yaml.example	project_config.local.yaml.example	.example	383	26aff7f49618d7d7570c0c31e4cdd3c356519338	INCLUDED_RELEASE_CANDIDATE	REDISTRIBUTABLE	SUPPORTING machine-readable configuration	supporting configuration	configs/project_config.local.yaml.example	
T4H-0264	CONFIGURATION	reproducibility_release/release_candidate_v1.0/configs/visualizations/bioapp_experiment/bioapp_phase7_svtuner_aware_execution_against_frozen_cta_immune_endpoint/bioapp_phase7_stage3b_dataset_config.yaml	bioapp_phase7_stage3b_dataset_config.yaml	.yaml	642	785f34ac0607e3c78cb81a20ddb92eec8a372a63	INCLUDED_RELEASE_CANDIDATE	REDISTRIBUTABLE	FORMAL machine-readable configuration	supporting configuration	visualizations/bioapp_experiment/bioapp_phase7_svtuner_aware_execution_against_frozen_cta_immune_endpoint/bioapp_phase7_stage3b_dataset_config.yaml	
T4H-0265	FROZEN_MANIFEST_OR_RELEASE_RECORD	reproducibility_release/release_candidate_v1.0/manifests/dataset_manifest_v1.0.tsv	dataset_manifest_v1.0.tsv	.tsv	145810	64223e7846fc3cc8228a076b0f3e069742f58afe	INCLUDED_RELEASE_CANDIDATE	METADATA_ONLY	frozen provenance/experiment/release inventory record	Fig. 1-5 and reproducibility release	reproducibility_release/manifests/dataset_manifest_v1.0.tsv	Byte-identical copy; source frozen artifact is not modified.
T4H-0266	FROZEN_MANIFEST_OR_RELEASE_RECORD	reproducibility_release/release_candidate_v1.0/manifests/experiment_manifest_v1.0.tsv	experiment_manifest_v1.0.tsv	.tsv	97044	347539ed5677dc89318772333552d5944821a355	INCLUDED_RELEASE_CANDIDATE	METADATA_ONLY	frozen provenance/experiment/release inventory record	Fig. 1-5 and reproducibility release	reproducibility_release/manifests/experiment_manifest_v1.0.tsv	Byte-identical copy; source frozen artifact is not modified.
T4H-0267	FROZEN_MANIFEST_OR_RELEASE_RECORD	reproducibility_release/release_candidate_v1.0/manifests/manifest_v1.0_metadata.json	manifest_v1.0_metadata.json	.json	2284	0141fc28d9a106a8c7995a5a5658bf60fe298ef5	INCLUDED_RELEASE_CANDIDATE	METADATA_ONLY	frozen provenance/experiment/release inventory record	Fig. 1-5 and reproducibility release	reproducibility_release/manifests/manifest_v1.0_metadata.json	Byte-identical copy; source frozen artifact is not modified.
T4H-0268	FROZEN_MANIFEST_OR_RELEASE_RECORD	reproducibility_release/release_candidate_v1.0/manifests/manifest_v1.0_human_approval.json	manifest_v1.0_human_approval.json	.json	1720	711ae2b8a6d973725ab28e0423d5925fe90ca495	INCLUDED_RELEASE_CANDIDATE	METADATA_ONLY	frozen provenance/experiment/release inventory record	Fig. 1-5 and reproducibility release	reproducibility_release/manifests/manifest_v1.0_human_approval.json	Byte-identical copy; source frozen artifact is not modified.
T4H-0269	FROZEN_MANIFEST_OR_RELEASE_RECORD	reproducibility_release/release_candidate_v1.0/manifests/manifest_v1.0_freeze_report.md	manifest_v1.0_freeze_report.md	.md	2135	ed00f3643e577dea77f0b5d7248332ed5d022902	INCLUDED_RELEASE_CANDIDATE	METADATA_ONLY	frozen provenance/experiment/release inventory record	Fig. 1-5 and reproducibility release	reproducibility_release/manifests/manifest_v1.0_freeze_report.md	Byte-identical copy; source frozen artifact is not modified.
T4H-0270	FROZEN_MANIFEST_OR_RELEASE_RECORD	reproducibility_release/release_candidate_v1.0/manifests/release_manifest.tsv	release_manifest.tsv	.tsv	7765	9660b3fb9fbeee051289c6ab90fffe2a09ad8ec2	INCLUDED_RELEASE_CANDIDATE	METADATA_ONLY	frozen provenance/experiment/release inventory record	Fig. 1-5 and reproducibility release	reproducibility_release/release_manifest.tsv	Byte-identical copy; source frozen artifact is not modified.
T4H-0271	SOURCE_VALUE_TABLE	reproducibility_release/release_candidate_v1.0/source_values/SV-0001_composite_stage3a_stage3b_recheck.csv	SV-0001_composite_stage3a_stage3b_recheck.csv	.csv	2652	36103b5c9aa4c2073224929d107e803175320610	INCLUDED_RELEASE_CANDIDATE	PROJECT_GENERATED_REDISTRIBUTABLE	joint simulation Stage3A/Stage3B audit values	Fig. 1 simulation values	visualizations/simulations/composite_stage3a_stage3b_recheck.csv	Quantitative derivative only; no provider raw matrix.
T4H-0272	SOURCE_VALUE_TABLE	reproducibility_release/release_candidate_v1.0/source_values/SV-0002_simulation_stage3ab_joint_triptych_overview_stack_3datasets.json	SV-0002_simulation_stage3ab_joint_triptych_overview_stack_3datasets.json	.json	2735	161a23c97c7e8f277ef58d587ba178a913a22cdc	INCLUDED_RELEASE_CANDIDATE	PROJECT_GENERATED_REDISTRIBUTABLE	simulation overview manifest	Fig. 1 simulation values	visualizations/simulations/simulation_stage3ab_joint_triptych_overview_stack_3datasets.json	Quantitative derivative only; no provider raw matrix.
T4H-0273	SOURCE_VALUE_TABLE	reproducibility_release/release_candidate_v1.0/source_values/SV-0003_composition_recovery_7mapping_methods_composite_no_noise_abstention_aware_cell_type.csv	SV-0003_composition_recovery_7mapping_methods_composite_no_noise_abstention_aware_cell_type.csv	.csv	69242	8d2923824778a6fc8d5ce1a289b3116fd1bc5978	INCLUDED_RELEASE_CANDIDATE	PROJECT_GENERATED_REDISTRIBUTABLE	no-noise whole-space evaluation source values	Fig. 1 no-noise results	visualizations/method_comparison/composite_no_noise/composition_recovery_7mapping_methods_composite_no_noise_abstention_aware_cell_type.csv	Quantitative derivative only; no provider raw matrix.
T4H-0274	SOURCE_VALUE_TABLE	reproducibility_release/release_candidate_v1.0/source_values/SV-0004_composition_recovery_7mapping_methods_composite_no_noise_abstention_aware_scenario.csv	SV-0004_composition_recovery_7mapping_methods_composite_no_noise_abstention_aware_scenario.csv	.csv	11550	5c556f8a131b597a06c53ccf5527d6187d96e521	INCLUDED_RELEASE_CANDIDATE	PROJECT_GENERATED_REDISTRIBUTABLE	no-noise whole-space evaluation source values	Fig. 1 no-noise results	visualizations/method_comparison/composite_no_noise/composition_recovery_7mapping_methods_composite_no_noise_abstention_aware_scenario.csv	Quantitative derivative only; no provider raw matrix.
T4H-0275	SOURCE_VALUE_TABLE	reproducibility_release/release_candidate_v1.0/source_values/SV-0005_composition_recovery_7mapping_methods_composite_no_noise_abstention_aware_summary.csv	SV-0005_composition_recovery_7mapping_methods_composite_no_noise_abstention_aware_summary.csv	.csv	549	6a763fd1959848b72f798c853d85a7734cb24e8e	INCLUDED_RELEASE_CANDIDATE	PROJECT_GENERATED_REDISTRIBUTABLE	no-noise whole-space evaluation source values	Fig. 1 no-noise results	visualizations/method_comparison/composite_no_noise/composition_recovery_7mapping_methods_composite_no_noise_abstention_aware_summary.csv	Quantitative derivative only; no provider raw matrix.
T4H-0276	SOURCE_VALUE_TABLE	reproducibility_release/release_candidate_v1.0/source_values/SV-0006_composite_scnoise10_stage3ab_full_blank_summary.csv	SV-0006_composite_scnoise10_stage3ab_full_blank_summary.csv	.csv	1491	d55836c81ab16b9fb90e4cda5d8c8f65df74e9e0	INCLUDED_RELEASE_CANDIDATE	PROJECT_GENERATED_REDISTRIBUTABLE	10% reference-noise source values and execution audits	Fig. 1 10% reference-noise results	visualizations/method_comparison/composite_scnoise10_stage3ab_full/composite_scnoise10_stage3ab_full_blank_summary.csv	Quantitative derivative only; no provider raw matrix.
T4H-0277	SOURCE_VALUE_TABLE	reproducibility_release/release_candidate_v1.0/source_values/SV-0007_composite_scnoise10_stage3ab_full_cell_type_values.csv	SV-0007_composite_scnoise10_stage3ab_full_cell_type_values.csv	.csv	73426	1bcd1a679dfdd37f2b1ce9fb62eb0e91374b82a6	INCLUDED_RELEASE_CANDIDATE	PROJECT_GENERATED_REDISTRIBUTABLE	10% reference-noise source values and execution audits	Fig. 1 10% reference-noise results	visualizations/method_comparison/composite_scnoise10_stage3ab_full/composite_scnoise10_stage3ab_full_cell_type_values.csv	Quantitative derivative only; no provider raw matrix.
T4H-0278	SOURCE_VALUE_TABLE	reproducibility_release/release_candidate_v1.0/source_values/SV-0008_composite_scnoise10_stage3ab_full_input_audit.csv	SV-0008_composite_scnoise10_stage3ab_full_input_audit.csv	.csv	26001	dadc63c1427c1a63fc8a096c08dbdb11bd0855bf	INCLUDED_RELEASE_CANDIDATE	PROJECT_GENERATED_REDISTRIBUTABLE	10% reference-noise source values and execution audits	Fig. 1 10% reference-noise results	visualizations/method_comparison/composite_scnoise10_stage3ab_full/composite_scnoise10_stage3ab_full_input_audit.csv	Quantitative derivative only; no provider raw matrix.
T4H-0279	SOURCE_VALUE_TABLE	reproducibility_release/release_candidate_v1.0/source_values/SV-0009_composite_scnoise10_stage3ab_full_method_summary.csv	SV-0009_composite_scnoise10_stage3ab_full_method_summary.csv	.csv	547	e03120b4b37f6fc0a580a60ded5c8f01ee6fe51a	INCLUDED_RELEASE_CANDIDATE	PROJECT_GENERATED_REDISTRIBUTABLE	10% reference-noise source values and execution audits	Fig. 1 10% reference-noise results	visualizations/method_comparison/composite_scnoise10_stage3ab_full/composite_scnoise10_stage3ab_full_method_summary.csv	Quantitative derivative only; no provider raw matrix.
T4H-0280	SOURCE_VALUE_TABLE	reproducibility_release/release_candidate_v1.0/source_values/SV-0010_composite_scnoise10_stage3ab_full_paired_comparison.csv	SV-0010_composite_scnoise10_stage3ab_full_paired_comparison.csv	.csv	2500	ab15ccf62f0b1ced9e78ffbf95661a21be83fa6c	INCLUDED_RELEASE_CANDIDATE	PROJECT_GENERATED_REDISTRIBUTABLE	10% reference-noise source values and execution audits	Fig. 1 10% reference-noise results	visualizations/method_comparison/composite_scnoise10_stage3ab_full/composite_scnoise10_stage3ab_full_paired_comparison.csv	Quantitative derivative only; no provider raw matrix.
T4H-0281	SOURCE_VALUE_TABLE	reproducibility_release/release_candidate_v1.0/source_values/SV-0011_composite_scnoise10_stage3ab_full_reused_method_audit.csv	SV-0011_composite_scnoise10_stage3ab_full_reused_method_audit.csv	.csv	45108	3d4a97b5b9e34dafc008be618ab6348c242ca282	INCLUDED_RELEASE_CANDIDATE	PROJECT_GENERATED_REDISTRIBUTABLE	10% reference-noise source values and execution audits	Fig. 1 10% reference-noise results	visualizations/method_comparison/composite_scnoise10_stage3ab_full/composite_scnoise10_stage3ab_full_reused_method_audit.csv	Quantitative derivative only; no provider raw matrix.
T4H-0282	SOURCE_VALUE_TABLE	reproducibility_release/release_candidate_v1.0/source_values/SV-0012_composite_scnoise10_stage3ab_full_scenario_manifest.csv	SV-0012_composite_scnoise10_stage3ab_full_scenario_manifest.csv	.csv	9994	65d5d25e770af6c43bde0464208b4c11aaca2e95	INCLUDED_RELEASE_CANDIDATE	PROJECT_GENERATED_REDISTRIBUTABLE	10% reference-noise source values and execution audits	Fig. 1 10% reference-noise results	visualizations/method_comparison/composite_scnoise10_stage3ab_full/composite_scnoise10_stage3ab_full_scenario_manifest.csv	Quantitative derivative only; no provider raw matrix.
T4H-0283	SOURCE_VALUE_TABLE	reproducibility_release/release_candidate_v1.0/source_values/SV-0013_composite_scnoise10_stage3ab_full_source_values.csv	SV-0013_composite_scnoise10_stage3ab_full_source_values.csv	.csv	23506	90eed5e77de233e6552f46f7763e256bf276b616	INCLUDED_RELEASE_CANDIDATE	PROJECT_GENERATED_REDISTRIBUTABLE	10% reference-noise source values and execution audits	Fig. 1 10% reference-noise results	visualizations/method_comparison/composite_scnoise10_stage3ab_full/composite_scnoise10_stage3ab_full_source_values.csv	Quantitative derivative only; no provider raw matrix.
T4H-0284	SOURCE_VALUE_TABLE	reproducibility_release/release_candidate_v1.0/source_values/SV-0014_composite_scnoise10_stage3ab_full_stage3a_audit.csv	SV-0014_composite_scnoise10_stage3ab_full_stage3a_audit.csv	.csv	10480	24e37891a68d7a0915235aab519eb8c257bfcb53	INCLUDED_RELEASE_CANDIDATE	PROJECT_GENERATED_REDISTRIBUTABLE	10% reference-noise source values and execution audits	Fig. 1 10% reference-noise results	visualizations/method_comparison/composite_scnoise10_stage3ab_full/composite_scnoise10_stage3ab_full_stage3a_audit.csv	Quantitative derivative only; no provider raw matrix.
T4H-0285	SOURCE_VALUE_TABLE	reproducibility_release/release_candidate_v1.0/source_values/SV-0015_composite_scnoise10_stage3ab_full_stage3b_audit.csv	SV-0015_composite_scnoise10_stage3ab_full_stage3b_audit.csv	.csv	6419	784ea1aaa10dbbad4f1d804b2ff6be420e281503	INCLUDED_RELEASE_CANDIDATE	PROJECT_GENERATED_REDISTRIBUTABLE	10% reference-noise source values and execution audits	Fig. 1 10% reference-noise results	visualizations/method_comparison/composite_scnoise10_stage3ab_full/composite_scnoise10_stage3ab_full_stage3b_audit.csv	Quantitative derivative only; no provider raw matrix.
T4H-0286	SOURCE_VALUE_TABLE	reproducibility_release/release_candidate_v1.0/source_values/SV-0016_composite_scnoise10_stage3ab_full_svtuner_method_comparisons.csv	SV-0016_composite_scnoise10_stage3ab_full_svtuner_method_comparisons.csv	.csv	292	02b44687099936ca2504ad7861bf4ee921700ee4	INCLUDED_RELEASE_CANDIDATE	PROJECT_GENERATED_REDISTRIBUTABLE	10% reference-noise source values and execution audits	Fig. 1 10% reference-noise results	visualizations/method_comparison/composite_scnoise10_stage3ab_full/composite_scnoise10_stage3ab_full_svtuner_method_comparisons.csv	Quantitative derivative only; no provider raw matrix.
T4H-0287	SOURCE_VALUE_TABLE	reproducibility_release/release_candidate_v1.0/source_values/SV-0017_composite_scnoise10_stage3ab_full_vs_old_stage3b_only.csv	SV-0017_composite_scnoise10_stage3ab_full_vs_old_stage3b_only.csv	.csv	2564	47a0bf634cdfe70511df43e8c14a64d491743089	INCLUDED_RELEASE_CANDIDATE	PROJECT_GENERATED_REDISTRIBUTABLE	10% reference-noise source values and execution audits	Fig. 1 10% reference-noise results	visualizations/method_comparison/composite_scnoise10_stage3ab_full/composite_scnoise10_stage3ab_full_vs_old_stage3b_only.csv	Quantitative derivative only; no provider raw matrix.
T4H-0288	SOURCE_VALUE_TABLE	reproducibility_release/release_candidate_v1.0/source_values/SV-0018_composite_scnoise10_stage3ab_full_guardrails.json	SV-0018_composite_scnoise10_stage3ab_full_guardrails.json	.json	12206	242f8a9d171e72afa46aa009a362704b85bdea85	INCLUDED_RELEASE_CANDIDATE	PROJECT_GENERATED_REDISTRIBUTABLE	10% reference-noise summaries and guardrails	Fig. 1 10% reference-noise results	visualizations/method_comparison/composite_scnoise10_stage3ab_full/composite_scnoise10_stage3ab_full_guardrails.json	Quantitative derivative only; no provider raw matrix.
T4H-0289	SOURCE_VALUE_TABLE	reproducibility_release/release_candidate_v1.0/source_values/SV-0019_composite_scnoise10_stage3ab_full_summary.json	SV-0019_composite_scnoise10_stage3ab_full_summary.json	.json	1699	278fae3ee21e9378328174d3041df55b7f76ed6e	INCLUDED_RELEASE_CANDIDATE	PROJECT_GENERATED_REDISTRIBUTABLE	10% reference-noise summaries and guardrails	Fig. 1 10% reference-noise results	visualizations/method_comparison/composite_scnoise10_stage3ab_full/composite_scnoise10_stage3ab_full_summary.json	Quantitative derivative only; no provider raw matrix.
T4H-0290	SOURCE_VALUE_TABLE	reproducibility_release/release_candidate_v1.0/source_values/SV-0020_spot_foundation.csv	SV-0020_spot_foundation.csv	.csv	731702	11296a7bbf947165d53da420f9c3ff4c1d2a12c2	INCLUDED_RELEASE_CANDIDATE	PROJECT_GENERATED_REDISTRIBUTABLE	spot-level profile-mask foundation	Fig. 2 profile-masking results	result/real_profile_mask_foundation/adult_mouse_kidney_real_profile_mask_endo/spot_foundation.csv	Quantitative derivative only; no provider raw matrix.
T4H-0291	SOURCE_VALUE_TABLE	reproducibility_release/release_candidate_v1.0/source_values/SV-0021_spot_foundation.csv	SV-0021_spot_foundation.csv	.csv	2233237	2118d5d5022c3f4031de5f1e0ba6e3f367521f43	INCLUDED_RELEASE_CANDIDATE	PROJECT_GENERATED_REDISTRIBUTABLE	spot-level profile-mask foundation	Fig. 2 profile-masking results	result/real_profile_mask_foundation/ffpe_mouse_brain_sagittal_real_profile_mask_microglia/spot_foundation.csv	Quantitative derivative only; no provider raw matrix.
T4H-0292	SOURCE_VALUE_TABLE	reproducibility_release/release_candidate_v1.0/source_values/SV-0022_spot_foundation.csv	SV-0022_spot_foundation.csv	.csv	628591	675c41cf3c90112b51182b3d0ed3290bfb448bbb	INCLUDED_RELEASE_CANDIDATE	PROJECT_GENERATED_REDISTRIBUTABLE	spot-level profile-mask foundation	Fig. 2 profile-masking results	result/real_profile_mask_foundation/human_breast_cancer_real_profile_mask_basal_cell/spot_foundation.csv	Quantitative derivative only; no provider raw matrix.
T4H-0293	SOURCE_VALUE_TABLE	reproducibility_release/release_candidate_v1.0/source_values/SV-0023_spot_foundation.csv	SV-0023_spot_foundation.csv	.csv	1381505	57516d3c540008badc6aa3c83817590b4a933cf6	INCLUDED_RELEASE_CANDIDATE	PROJECT_GENERATED_REDISTRIBUTABLE	spot-level profile-mask foundation	Fig. 2 profile-masking results	result/real_profile_mask_foundation/human_breast_cancer_visium_ff_wta_real_profile_mask_macrophage/spot_foundation.csv	Quantitative derivative only; no provider raw matrix.
T4H-0294	SOURCE_VALUE_TABLE	reproducibility_release/release_candidate_v1.0/source_values/SV-0024_spot_foundation.csv	SV-0024_spot_foundation.csv	.csv	1252695	59cc1bb377fb1537d03b8571dd735062f16a0acc	INCLUDED_RELEASE_CANDIDATE	PROJECT_GENERATED_REDISTRIBUTABLE	spot-level profile-mask foundation	Fig. 2 profile-masking results	result/real_profile_mask_foundation/human_breast_cancer_wta_120_real_profile_mask_endothelial_cell/spot_foundation.csv	Quantitative derivative only; no provider raw matrix.
T4H-0295	SOURCE_VALUE_TABLE	reproducibility_release/release_candidate_v1.0/source_values/SV-0025_spot_foundation.csv	SV-0025_spot_foundation.csv	.csv	763630	c980dd9885634aa33cef8725cd97f08be8145152	INCLUDED_RELEASE_CANDIDATE	PROJECT_GENERATED_REDISTRIBUTABLE	spot-level profile-mask foundation	Fig. 2 profile-masking results	result/real_profile_mask_foundation/human_cervical_cancer_real_profile_mask_epithelial_cell/spot_foundation.csv	Quantitative derivative only; no provider raw matrix.
T4H-0296	SOURCE_VALUE_TABLE	reproducibility_release/release_candidate_v1.0/source_values/SV-0026_spot_foundation.csv	SV-0026_spot_foundation.csv	.csv	59020	87fbf18b73a9fcd628d5c3a35aa927472bb336a5	INCLUDED_RELEASE_CANDIDATE	PROJECT_GENERATED_REDISTRIBUTABLE	spot-level profile-mask foundation	Fig. 2 profile-masking results	result/real_profile_mask_foundation/human_heart_ff_real_profile_mask_endothelial_cell/spot_foundation.csv	Quantitative derivative only; no provider raw matrix.
T4H-0297	SOURCE_VALUE_TABLE	reproducibility_release/release_candidate_v1.0/source_values/SV-0027_spot_foundation.csv	SV-0027_spot_foundation.csv	.csv	739161	6cc8af61d6b72e50ffcfa76bd5061036bcbbfdea	INCLUDED_RELEASE_CANDIDATE	PROJECT_GENERATED_REDISTRIBUTABLE	spot-level profile-mask foundation	Fig. 2 profile-masking results	result/real_profile_mask_foundation/human_intestine_cancer_real_profile_mask_endothelial_cell/spot_foundation.csv	Quantitative derivative only; no provider raw matrix.
T4H-0298	SOURCE_VALUE_TABLE	reproducibility_release/release_candidate_v1.0/source_values/SV-0028_spot_foundation.csv	SV-0028_spot_foundation.csv	.csv	935486	4f02585f9e33c8f27fcebc627847d700e11fea88	INCLUDED_RELEASE_CANDIDATE	PROJECT_GENERATED_REDISTRIBUTABLE	spot-level profile-mask foundation	Fig. 2 profile-masking results	result/real_profile_mask_foundation/human_lymph_node_real_profile_mask_b_cell/spot_foundation.csv	Quantitative derivative only; no provider raw matrix.
T4H-0299	SOURCE_VALUE_TABLE	reproducibility_release/release_candidate_v1.0/source_values/SV-0029_spot_foundation.csv	SV-0029_spot_foundation.csv	.csv	1516602	00eadf29288d0074216a67bdc84b14b42c6e013c	INCLUDED_RELEASE_CANDIDATE	PROJECT_GENERATED_REDISTRIBUTABLE	spot-level profile-mask foundation	Fig. 2 profile-masking results	result/real_profile_mask_foundation/mouse_embryo_real_profile_mask_erythroid/spot_foundation.csv	Quantitative derivative only; no provider raw matrix.
T4H-0300	SOURCE_VALUE_TABLE	reproducibility_release/release_candidate_v1.0/source_values/SV-0030_fig2d_profile_mask_benchmark_profile_mask_manifest.csv	SV-0030_fig2d_profile_mask_benchmark_profile_mask_manifest.csv	.csv	2245	bf5b5dd8e01a014db563be338c6230e5885242f0	INCLUDED_RELEASE_CANDIDATE	PROJECT_GENERATED_REDISTRIBUTABLE	low-resolution enrichment benchmark source values	Fig. 2 enrichment source values	visualizations/cytospace_fig2d_profile_mask_benchmark/fig2d_profile_mask_benchmark_profile_mask_manifest.csv	Quantitative derivative only; no provider raw matrix.
T4H-0301	SOURCE_VALUE_TABLE	reproducibility_release/release_candidate_v1.0/source_values/SV-0031_fig2d_profile_mask_benchmark_source_values.csv	SV-0031_fig2d_profile_mask_benchmark_source_values.csv	.csv	8833	77aaf34b35dde53837b0c47b8ed313bb566a3a85	INCLUDED_RELEASE_CANDIDATE	PROJECT_GENERATED_REDISTRIBUTABLE	low-resolution enrichment benchmark source values	Fig. 2 enrichment source values	visualizations/cytospace_fig2d_profile_mask_benchmark/fig2d_profile_mask_benchmark_source_values.csv	Quantitative derivative only; no provider raw matrix.
T4H-0302	SOURCE_VALUE_TABLE	reproducibility_release/release_candidate_v1.0/source_values/SV-0032_fig2c_cd4_ce9_stage3_detected_macrophage_mask_metrics.csv	SV-0032_fig2c_cd4_ce9_stage3_detected_macrophage_mask_metrics.csv	.csv	590	f2a485d3ae7c482feff851b6a72f87ef7648d78f	INCLUDED_RELEASE_CANDIDATE	PROJECT_GENERATED_REDISTRIBUTABLE	representative enrichment source values	Fig. 2 enrichment source values	visualizations/cytospace_fig2c_melanoma_stage3_profile_mask/fig2c_cd4_ce9_stage3_detected_macrophage_mask_metrics.csv	Quantitative derivative only; no provider raw matrix.
T4H-0303	SOURCE_VALUE_TABLE	reproducibility_release/release_candidate_v1.0/source_values/SV-0033_cd4_t_cells_distance_groups.csv	SV-0033_cd4_t_cells_distance_groups.csv	.csv	96799	b28fe5aadb55dea555dc6a925d66a81af0068250	INCLUDED_RELEASE_CANDIDATE	PROJECT_GENERATED_REDISTRIBUTABLE	retained baseline and SVTuner enrichment curves/summaries	Fig. 2 enrichment source values	result/cytospace_fig2c_melanoma_mel1_rep2_screen_mask_macrophages/fig2c_strict_cd4_ce9/baseline/cd4_t_cells_distance_groups.csv	Quantitative derivative only; no provider raw matrix.
T4H-0304	SOURCE_VALUE_TABLE	reproducibility_release/release_candidate_v1.0/source_values/SV-0034_cd4_t_cells_enrichment_curve.csv	SV-0034_cd4_t_cells_enrichment_curve.csv	.csv	1030156	e5122e875b51d235342b7c7f1ea5f58f2db234fd	INCLUDED_RELEASE_CANDIDATE	PROJECT_GENERATED_REDISTRIBUTABLE	retained baseline and SVTuner enrichment curves/summaries	Fig. 2 enrichment source values	result/cytospace_fig2c_melanoma_mel1_rep2_screen_mask_macrophages/fig2c_strict_cd4_ce9/baseline/cd4_t_cells_enrichment_curve.csv	Quantitative derivative only; no provider raw matrix.
T4H-0305	SOURCE_VALUE_TABLE	reproducibility_release/release_candidate_v1.0/source_values/SV-0035_fig2c_official_enrichment_summary.csv	SV-0035_fig2c_official_enrichment_summary.csv	.csv	341	56678e60e4f59a75cce9482b36824a0c03b42f23	INCLUDED_RELEASE_CANDIDATE	PROJECT_GENERATED_REDISTRIBUTABLE	retained baseline and SVTuner enrichment curves/summaries	Fig. 2 enrichment source values	result/cytospace_fig2c_melanoma_mel1_rep2_screen_mask_macrophages/fig2c_strict_cd4_ce9/baseline/fig2c_official_enrichment_summary.csv	Quantitative derivative only; no provider raw matrix.
T4H-0306	SOURCE_VALUE_TABLE	reproducibility_release/release_candidate_v1.0/source_values/SV-0036_cd4_t_cells_distance_groups.csv	SV-0036_cd4_t_cells_distance_groups.csv	.csv	97691	3d3b54c870e828f9d48697c59cf2e173cdc0e7a9	INCLUDED_RELEASE_CANDIDATE	PROJECT_GENERATED_REDISTRIBUTABLE	retained baseline and SVTuner enrichment curves/summaries	Fig. 2 enrichment source values	result/cytospace_fig2c_melanoma_mel1_rep2_screen_mask_macrophages/fig2c_strict_cd4_ce9/route2/cd4_t_cells_distance_groups.csv	Quantitative derivative only; no provider raw matrix.
T4H-0307	SOURCE_VALUE_TABLE	reproducibility_release/release_candidate_v1.0/source_values/SV-0037_cd4_t_cells_enrichment_curve.csv	SV-0037_cd4_t_cells_enrichment_curve.csv	.csv	1029648	0899d42f4b4060615468983805dcb88eaa070d4f	INCLUDED_RELEASE_CANDIDATE	PROJECT_GENERATED_REDISTRIBUTABLE	retained baseline and SVTuner enrichment curves/summaries	Fig. 2 enrichment source values	result/cytospace_fig2c_melanoma_mel1_rep2_screen_mask_macrophages/fig2c_strict_cd4_ce9/route2/cd4_t_cells_enrichment_curve.csv	Quantitative derivative only; no provider raw matrix.
T4H-0308	SOURCE_VALUE_TABLE	reproducibility_release/release_candidate_v1.0/source_values/SV-0038_fig2c_official_enrichment_summary.csv	SV-0038_fig2c_official_enrichment_summary.csv	.csv	338	a05ce60de62b5656059f24cd58946665afca16ab	INCLUDED_RELEASE_CANDIDATE	PROJECT_GENERATED_REDISTRIBUTABLE	retained baseline and SVTuner enrichment curves/summaries	Fig. 2 enrichment source values	result/cytospace_fig2c_melanoma_mel1_rep2_screen_mask_macrophages/fig2c_strict_cd4_ce9/route2/fig2c_official_enrichment_summary.csv	Quantitative derivative only; no provider raw matrix.
T4H-0309	SOURCE_VALUE_TABLE	reproducibility_release/release_candidate_v1.0/source_values/SV-0039_fig2e_stage3_profile_mask_metrics.csv	SV-0039_fig2e_stage3_profile_mask_metrics.csv	.csv	28704	29bd3bc3fcb152ea4022ca8abe38648f206e3085	INCLUDED_RELEASE_CANDIDATE	PROJECT_GENERATED_REDISTRIBUTABLE	external-tumour profile-mask metrics	Fig. 2 enrichment source values	result/cytospace_fig2e_stage3_profile_mask/fig2e_stage3_profile_mask_metrics.csv	Quantitative derivative only; no provider raw matrix.
T4H-0310	SOURCE_VALUE_TABLE	reproducibility_release/release_candidate_v1.0/source_values/SV-0040_expression_recovery_by_scenario.csv	SV-0040_expression_recovery_by_scenario.csv	.csv	1932	1c56c060a8b0ebb1b4e536aa1492927546df6143	INCLUDED_RELEASE_CANDIDATE	PROJECT_GENERATED_REDISTRIBUTABLE	expression-recovery cosine source values	Fig. 2 cosine-similarity values	result/real_profile_mask_expression_recovery/expression_recovery_by_scenario.csv	Quantitative derivative only; no provider raw matrix.
T4H-0311	SOURCE_VALUE_TABLE	reproducibility_release/release_candidate_v1.0/source_values/SV-0041_expression_recovery_by_spot.csv	SV-0041_expression_recovery_by_spot.csv	.csv	10294332	531216f93c44f5e746c0cd6791717b82e0e9910e	INCLUDED_RELEASE_CANDIDATE	PROJECT_GENERATED_REDISTRIBUTABLE	expression-recovery cosine source values	Fig. 2 cosine-similarity values	result/real_profile_mask_expression_recovery/expression_recovery_by_spot.csv	Quantitative derivative only; no provider raw matrix.
T4H-0312	SOURCE_VALUE_TABLE	reproducibility_release/release_candidate_v1.0/source_values/SV-0042_expression_recovery_long.csv	SV-0042_expression_recovery_long.csv	.csv	4234	0e6c54717c5f8935429ed62d4b3e3af0f0f86e49	INCLUDED_RELEASE_CANDIDATE	PROJECT_GENERATED_REDISTRIBUTABLE	expression-recovery cosine source values	Fig. 2 cosine-similarity values	result/real_profile_mask_expression_recovery/expression_recovery_long.csv	Quantitative derivative only; no provider raw matrix.
T4H-0313	SOURCE_VALUE_TABLE	reproducibility_release/release_candidate_v1.0/source_values/SV-0043_expression_recovery_config.json	SV-0043_expression_recovery_config.json	.json	853	e881fb9787d140e819380141d5dd4dca0bf4e700	INCLUDED_RELEASE_CANDIDATE	PROJECT_GENERATED_REDISTRIBUTABLE	expression-recovery configuration record	Fig. 2 cosine-similarity values	result/real_profile_mask_expression_recovery/expression_recovery_config.json	Quantitative derivative only; no provider raw matrix.
T4H-0314	SOURCE_VALUE_TABLE	reproducibility_release/release_candidate_v1.0/source_values/SV-0044_fig3b_highres_profile_mask_enrichment_metrics.csv	SV-0044_fig3b_highres_profile_mask_enrichment_metrics.csv	.csv	2497	177f14ef9745cb38e6013db1d8ad5f2fb9f9505a	INCLUDED_RELEASE_CANDIDATE	PROJECT_GENERATED_REDISTRIBUTABLE	high-resolution running-enrichment source values	Fig. 3 high-resolution results	visualizations/highres_profile_mask_fig3b_enrichment/fig3b_highres_profile_mask_enrichment_metrics.csv	Quantitative derivative only; no provider raw matrix.
T4H-0315	SOURCE_VALUE_TABLE	reproducibility_release/release_candidate_v1.0/source_values/SV-0045_fig3b_highres_profile_mask_enrichment_selected_source_values.csv	SV-0045_fig3b_highres_profile_mask_enrichment_selected_source_values.csv	.csv	579361	05d281ca68aa5028bc030a6b045f3901e77f6c79	INCLUDED_RELEASE_CANDIDATE	PROJECT_GENERATED_REDISTRIBUTABLE	high-resolution running-enrichment source values	Fig. 3 high-resolution results	visualizations/highres_profile_mask_fig3b_enrichment/fig3b_highres_profile_mask_enrichment_selected_source_values.csv	Quantitative derivative only; no provider raw matrix.
T4H-0316	SOURCE_VALUE_TABLE	reproducibility_release/release_candidate_v1.0/source_values/SV-0046_fig3b_highres_profile_mask_enrichment_source_values.csv	SV-0046_fig3b_highres_profile_mask_enrichment_source_values.csv	.csv	3276105	615fced52f25fdd95a4d98f5785f31b77b650e04	INCLUDED_RELEASE_CANDIDATE	PROJECT_GENERATED_REDISTRIBUTABLE	high-resolution running-enrichment source values	Fig. 3 high-resolution results	visualizations/highres_profile_mask_fig3b_enrichment/fig3b_highres_profile_mask_enrichment_source_values.csv	Quantitative derivative only; no provider raw matrix.
T4H-0317	SOURCE_VALUE_TABLE	reproducibility_release/release_candidate_v1.0/source_values/SV-0047_fig3b_highres_profile_mask_enrichment_manifest.json	SV-0047_fig3b_highres_profile_mask_enrichment_manifest.json	.json	10643	ab5747b39926e61784c2600ccfb7559945894b80	INCLUDED_RELEASE_CANDIDATE	PROJECT_GENERATED_REDISTRIBUTABLE	high-resolution enrichment manifest	Fig. 3 high-resolution results	visualizations/highres_profile_mask_fig3b_enrichment/fig3b_highres_profile_mask_enrichment_manifest.json	Quantitative derivative only; no provider raw matrix.
T4H-0318	SOURCE_VALUE_TABLE	reproducibility_release/release_candidate_v1.0/source_values/SV-0048_fig2d_highres_profile_mask_benchmark_all_profiles.csv	SV-0048_fig2d_highres_profile_mask_benchmark_all_profiles.csv	.csv	9967	330a53d872d477cb7cc2437ae5853b8081751006	INCLUDED_RELEASE_CANDIDATE	PROJECT_GENERATED_REDISTRIBUTABLE	all-candidate high-resolution readouts	Fig. 3 21-readout panel	visualizations/highres_profile_mask_fig2d/all_candidates/fig2d_highres_profile_mask_benchmark_all_profiles.csv	Quantitative derivative only; no provider raw matrix.
T4H-0319	SOURCE_VALUE_TABLE	reproducibility_release/release_candidate_v1.0/source_values/SV-0049_fig2d_highres_profile_mask_benchmark_candidate_scan.csv	SV-0049_fig2d_highres_profile_mask_benchmark_candidate_scan.csv	.csv	9511	943736d20a08d6d356fefe9c82d777199bee7075	INCLUDED_RELEASE_CANDIDATE	PROJECT_GENERATED_REDISTRIBUTABLE	all-candidate high-resolution readouts	Fig. 3 21-readout panel	visualizations/highres_profile_mask_fig2d/all_candidates/fig2d_highres_profile_mask_benchmark_candidate_scan.csv	Quantitative derivative only; no provider raw matrix.
T4H-0320	SOURCE_VALUE_TABLE	reproducibility_release/release_candidate_v1.0/source_values/SV-0050_fig2d_highres_profile_mask_benchmark_source_values.csv	SV-0050_fig2d_highres_profile_mask_benchmark_source_values.csv	.csv	24621	ec5f78a9e042d8af4977223ad4bec77f833674be	INCLUDED_RELEASE_CANDIDATE	PROJECT_GENERATED_REDISTRIBUTABLE	all-candidate high-resolution readouts	Fig. 3 21-readout panel	visualizations/highres_profile_mask_fig2d/all_candidates/fig2d_highres_profile_mask_benchmark_source_values.csv	Quantitative derivative only; no provider raw matrix.
T4H-0321	SOURCE_VALUE_TABLE	reproducibility_release/release_candidate_v1.0/source_values/SV-0051_fig2d_highres_profile_mask_benchmark_manifest.json	SV-0051_fig2d_highres_profile_mask_benchmark_manifest.json	.json	1716	129a305fdb3d1d2275ca50a1650e332fa5b4b26e	INCLUDED_RELEASE_CANDIDATE	PROJECT_GENERATED_REDISTRIBUTABLE	all-candidate high-resolution manifest	Fig. 3 21-readout panel	visualizations/highres_profile_mask_fig2d/all_candidates/fig2d_highres_profile_mask_benchmark_manifest.json	Quantitative derivative only; no provider raw matrix.
T4H-0322	SOURCE_VALUE_TABLE	reproducibility_release/release_candidate_v1.0/source_values/SV-0052_targeted_fig2d_highres_fixed_panel_fixed_profiles.csv	SV-0052_targeted_fig2d_highres_fixed_panel_fixed_profiles.csv	.csv	4710	f945d7d81de4bdca55277e522208f75918682550	INCLUDED_RELEASE_CANDIDATE	PROJECT_GENERATED_REDISTRIBUTABLE	targeted high-resolution source values	Fig. 3 selected 10-readout panel	visualizations/highres_profile_mask_fig2d/targeted_validation/targeted_fig2d_highres_fixed_panel_fixed_profiles.csv	Quantitative derivative only; no provider raw matrix.
T4H-0323	SOURCE_VALUE_TABLE	reproducibility_release/release_candidate_v1.0/source_values/SV-0053_targeted_fig2d_highres_fixed_panel_source_values.csv	SV-0053_targeted_fig2d_highres_fixed_panel_source_values.csv	.csv	10769	e1ba7436d741e690203312c51beda1dd85b0585f	INCLUDED_RELEASE_CANDIDATE	PROJECT_GENERATED_REDISTRIBUTABLE	targeted high-resolution source values	Fig. 3 selected 10-readout panel	visualizations/highres_profile_mask_fig2d/targeted_validation/targeted_fig2d_highres_fixed_panel_source_values.csv	Quantitative derivative only; no provider raw matrix.
T4H-0324	SOURCE_VALUE_TABLE	reproducibility_release/release_candidate_v1.0/source_values/SV-0054_targeted_fig2d_highres_fixed_panel_manifest.json	SV-0054_targeted_fig2d_highres_fixed_panel_manifest.json	.json	1031	b45804c8cb10e29002a3ed794c23598f20043e12	INCLUDED_RELEASE_CANDIDATE	PROJECT_GENERATED_REDISTRIBUTABLE	targeted panel manifest	Fig. 3 selected 10-readout panel	visualizations/highres_profile_mask_fig2d/targeted_validation/targeted_fig2d_highres_fixed_panel_manifest.json	Quantitative derivative only; no provider raw matrix.
T4H-0325	SOURCE_VALUE_TABLE	reproducibility_release/release_candidate_v1.0/source_values/SV-0055_targeted_fig2c_monocytes_and_macrophages_ecotyper_monocytes_and_macrophages_ce9_humancoloncancerpatient1_baseline_highres_curve.csv	SV-0055_targeted_fig2c_monocytes_and_macrophages_ecotyper_monocytes_and_macrophages_ce9_humancoloncancerpatient1_baseline_highres_curve.csv	.csv	29345	3ade5ae9afbfd4eacaec06b4e839945129cde7d4	INCLUDED_RELEASE_CANDIDATE	PROJECT_GENERATED_REDISTRIBUTABLE	representative high-resolution curve values	Fig. 3 high-resolution results	visualizations/highres_targeted_validation_fig2c/targeted_fig2c_monocytes_and_macrophages_ecotyper_monocytes_and_macrophages_ce9_humancoloncancerpatient1_baseline_highres_curve.csv	Quantitative derivative only; no provider raw matrix.
T4H-0326	SOURCE_VALUE_TABLE	reproducibility_release/release_candidate_v1.0/source_values/SV-0056_targeted_fig2c_monocytes_and_macrophages_ecotyper_monocytes_and_macrophages_ce9_humancoloncancerpatient1_route2_highres_curve.csv	SV-0056_targeted_fig2c_monocytes_and_macrophages_ecotyper_monocytes_and_macrophages_ce9_humancoloncancerpatient1_route2_highres_curve.csv	.csv	29552	4342846b05d35557fc6b0d6b501e8d4f97fcea86	INCLUDED_RELEASE_CANDIDATE	PROJECT_GENERATED_REDISTRIBUTABLE	representative high-resolution curve values	Fig. 3 high-resolution results	visualizations/highres_targeted_validation_fig2c/targeted_fig2c_monocytes_and_macrophages_ecotyper_monocytes_and_macrophages_ce9_humancoloncancerpatient1_route2_highres_curve.csv	Quantitative derivative only; no provider raw matrix.
T4H-0327	SOURCE_VALUE_TABLE	reproducibility_release/release_candidate_v1.0/source_values/SV-0057_fig2k_stage3_detected_state_decoy_baseline_vs_route2_source_values.csv	SV-0057_fig2k_stage3_detected_state_decoy_baseline_vs_route2_source_values.csv	.csv	4940	d01d5ad4dbf30354fc54bffd583fb32636206f36	INCLUDED_RELEASE_CANDIDATE	PROJECT_GENERATED_REDISTRIBUTABLE	T-cell state-decoy source values	Fig. 3 T-cell state-decoy results	visualizations/cytospace_fig2k_tcell_states_stage3_decoy/fig2k_stage3_detected_state_decoy_baseline_vs_route2_source_values.csv	Quantitative derivative only; no provider raw matrix.
T4H-0328	SOURCE_VALUE_TABLE	reproducibility_release/release_candidate_v1.0/source_values/SV-0058_fig2k_stage3_detected_state_decoy_baseline_vs_route2_manifest.json	SV-0058_fig2k_stage3_detected_state_decoy_baseline_vs_route2_manifest.json	.json	676	cd0c78f5b6513b60f3341a9fa4e357a45359e992	INCLUDED_RELEASE_CANDIDATE	PROJECT_GENERATED_REDISTRIBUTABLE	T-cell state-decoy manifest	Fig. 3 T-cell state-decoy results	visualizations/cytospace_fig2k_tcell_states_stage3_decoy/fig2k_stage3_detected_state_decoy_baseline_vs_route2_manifest.json	Quantitative derivative only; no provider raw matrix.
T4H-0329	SOURCE_VALUE_TABLE	reproducibility_release/release_candidate_v1.0/source_values/SV-0059_fig2i_decoy_sensitivity_summary.csv	SV-0059_fig2i_decoy_sensitivity_summary.csv	.csv	385	e0b36ffc1145fe6fd9bc619cda9088e3e4f57284	INCLUDED_RELEASE_CANDIDATE	PROJECT_GENERATED_REDISTRIBUTABLE	kidney state-decoy source values	Fig. 3 kidney state-decoy results	visualizations/cytospace_fig2i_mouse_kidney_stage3_unsupported_decoy_sensitivity/fig2i_decoy_sensitivity_summary.csv	Quantitative derivative only; no provider raw matrix.
T4H-0330	SOURCE_VALUE_TABLE	reproducibility_release/release_candidate_v1.0/source_values/SV-0060_fig2i_stage3_detected_state32like_n1000_baseline_vs_route2_source_values.csv	SV-0060_fig2i_stage3_detected_state32like_n1000_baseline_vs_route2_source_values.csv	.csv	6759	bef2efa331d77bc0a7f3b164df44b5c0d7474970	INCLUDED_RELEASE_CANDIDATE	PROJECT_GENERATED_REDISTRIBUTABLE	kidney state-decoy source values	Fig. 3 kidney state-decoy results	visualizations/cytospace_fig2i_mouse_kidney_stage3_unsupported_decoy_sensitivity/fig2i_stage3_detected_state32like_n1000_baseline_vs_route2_source_values.csv	Quantitative derivative only; no provider raw matrix.
T4H-0331	SOURCE_VALUE_TABLE	reproducibility_release/release_candidate_v1.0/source_values/SV-0061_stage3b_reference_dropout_panel_a_blank_region_composition_summary.csv	SV-0061_stage3b_reference_dropout_panel_a_blank_region_composition_summary.csv	.csv	1232	b9a18ee0683faf32db7228c2fc1f84af9877c32d	INCLUDED_RELEASE_CANDIDATE	PROJECT_GENERATED_REDISTRIBUTABLE	real reference-dropout source values	Fig. 4 reference-dropout results	visualizations/stage3b_realdata_candidate_scan/panel_a_blank_composition/stage3b_reference_dropout_panel_a_blank_region_composition_summary.csv	Quantitative derivative only; no provider raw matrix.
T4H-0332	SOURCE_VALUE_TABLE	reproducibility_release/release_candidate_v1.0/source_values/SV-0062_stage3b_reference_dropout_panel_a_marker_percentile_summary.csv	SV-0062_stage3b_reference_dropout_panel_a_marker_percentile_summary.csv	.csv	265	29cb76acd4e7f609d183b7dac1227303728d7e74	INCLUDED_RELEASE_CANDIDATE	PROJECT_GENERATED_REDISTRIBUTABLE	real reference-dropout source values	Fig. 4 reference-dropout results	visualizations/stage3b_realdata_candidate_scan/panel_a_violin/stage3b_reference_dropout_panel_a_marker_percentile_summary.csv	Quantitative derivative only; no provider raw matrix.
T4H-0333	SOURCE_VALUE_TABLE	reproducibility_release/release_candidate_v1.0/source_values/SV-0063_stage3b_reference_dropout_panel_a_marker_percentile_values.csv	SV-0063_stage3b_reference_dropout_panel_a_marker_percentile_values.csv	.csv	428447	5be69dd3f6f623fd7fff218a4e2ee9d61dd5602d	INCLUDED_RELEASE_CANDIDATE	PROJECT_GENERATED_REDISTRIBUTABLE	real reference-dropout source values	Fig. 4 reference-dropout results	visualizations/stage3b_realdata_candidate_scan/panel_a_violin/stage3b_reference_dropout_panel_a_marker_percentile_values.csv	Quantitative derivative only; no provider raw matrix.
T4H-0334	SOURCE_VALUE_TABLE	reproducibility_release/release_candidate_v1.0/source_values/SV-0064_stage3b_reference_dropout_panel_a_scene_median_summary.csv	SV-0064_stage3b_reference_dropout_panel_a_scene_median_summary.csv	.csv	1715	dfdff16ef908d3f80e8a5d203bf464a61579ead3	INCLUDED_RELEASE_CANDIDATE	PROJECT_GENERATED_REDISTRIBUTABLE	real reference-dropout source values	Fig. 4 reference-dropout results	visualizations/stage3b_realdata_candidate_scan/panel_a_violin/stage3b_reference_dropout_panel_a_scene_median_summary.csv	Quantitative derivative only; no provider raw matrix.
T4H-0335	SOURCE_VALUE_TABLE	reproducibility_release/release_candidate_v1.0/source_values/SV-0065_stage3b_reference_dropout_spatial_stack_recommended_6x2_manifest.csv	SV-0065_stage3b_reference_dropout_spatial_stack_recommended_6x2_manifest.csv	.csv	2661	517a298488931d1cb28063ebd0841252fe300ae7	INCLUDED_RELEASE_CANDIDATE	PROJECT_GENERATED_REDISTRIBUTABLE	real reference-dropout source values	Fig. 4 reference-dropout results	visualizations/stage3b_realdata_candidate_scan/spatial_9x2/stage3b_reference_dropout_spatial_stack_recommended_6x2_manifest.csv	Quantitative derivative only; no provider raw matrix.
T4H-0336	SOURCE_VALUE_TABLE	reproducibility_release/release_candidate_v1.0/source_values/SV-0066_stage3b_reference_dropout_spatial_stack_recommended_6x2_metadata.csv	SV-0066_stage3b_reference_dropout_spatial_stack_recommended_6x2_metadata.csv	.csv	3098	f861bff393c6bdcc7e7cb7eea5fc89255b2c1a64	INCLUDED_RELEASE_CANDIDATE	PROJECT_GENERATED_REDISTRIBUTABLE	real reference-dropout source values	Fig. 4 reference-dropout results	visualizations/stage3b_realdata_candidate_scan/spatial_9x2/stage3b_reference_dropout_spatial_stack_recommended_6x2_metadata.csv	Quantitative derivative only; no provider raw matrix.
T4H-0337	SOURCE_VALUE_TABLE	reproducibility_release/release_candidate_v1.0/source_values/SV-0067_stage3b_reference_dropout_13_full_matrix_validation.csv	SV-0067_stage3b_reference_dropout_13_full_matrix_validation.csv	.csv	5257	58d0878c20c47b0f04a0dc98f529761a8549c7e5	INCLUDED_RELEASE_CANDIDATE	PROJECT_GENERATED_REDISTRIBUTABLE	real reference-dropout source values	Fig. 4 reference-dropout results	visualizations/stage3b_realdata_candidate_scan/stage3b_reference_dropout_13_full_matrix_validation.csv	Quantitative derivative only; no provider raw matrix.
T4H-0338	SOURCE_VALUE_TABLE	reproducibility_release/release_candidate_v1.0/source_values/SV-0068_stage3b_reference_dropout_causal_negative_control_screen.csv	SV-0068_stage3b_reference_dropout_causal_negative_control_screen.csv	.csv	4789	ecb7dd482be639c2fb69f0a5cb3fd8173487a905	INCLUDED_RELEASE_CANDIDATE	PROJECT_GENERATED_REDISTRIBUTABLE	real reference-dropout source values	Fig. 4 reference-dropout results	visualizations/stage3b_realdata_candidate_scan/stage3b_reference_dropout_causal_negative_control_screen.csv	Quantitative derivative only; no provider raw matrix.
T4H-0339	SOURCE_VALUE_TABLE	reproducibility_release/release_candidate_v1.0/source_values/SV-0069_stage3b_threshold_robustness_detail.csv	SV-0069_stage3b_threshold_robustness_detail.csv	.csv	4581	55640c1aac60c174083c349bca8644b61d7345d3	INCLUDED_RELEASE_CANDIDATE	PROJECT_GENERATED_REDISTRIBUTABLE	real reference-dropout source values	Fig. 4 reference-dropout results	visualizations/stage3b_realdata_candidate_scan/stage3b_threshold_robustness/stage3b_threshold_robustness_detail.csv	Quantitative derivative only; no provider raw matrix.
T4H-0340	SOURCE_VALUE_TABLE	reproducibility_release/release_candidate_v1.0/source_values/SV-0070_stage3b_threshold_robustness_summary.csv	SV-0070_stage3b_threshold_robustness_summary.csv	.csv	668	4dc641a9f05638971cfb565abcc456535ce95bcd	INCLUDED_RELEASE_CANDIDATE	PROJECT_GENERATED_REDISTRIBUTABLE	real reference-dropout source values	Fig. 4 reference-dropout results	visualizations/stage3b_realdata_candidate_scan/stage3b_threshold_robustness/stage3b_threshold_robustness_summary.csv	Quantitative derivative only; no provider raw matrix.
T4H-0341	SOURCE_VALUE_TABLE	reproducibility_release/release_candidate_v1.0/source_values/SV-0071_cell2location_ST8059051_thalamic_excitatory_abstention_aware_region_accuracy.csv	SV-0071_cell2location_ST8059051_thalamic_excitatory_abstention_aware_region_accuracy.csv	.csv	402	2c4cda4ac31abb76adf19cdae571a1e20f5788bd	INCLUDED_RELEASE_CANDIDATE	PROJECT_GENERATED_REDISTRIBUTABLE	thalamic abstention-aware reference-relative values	Fig. 4 thalamic case	visualizations/cell2location_stage3b_case/thalamic_top15/cell2location_ST8059051_thalamic_excitatory_abstention_aware_region_accuracy.csv	Quantitative derivative only; no provider raw matrix.
T4H-0342	SOURCE_VALUE_TABLE	reproducibility_release/release_candidate_v1.0/source_values/SV-0072_cell2location_ST8059051_thalamic_excitatory_abstention_aware_region_accuracy_regions.csv	SV-0072_cell2location_ST8059051_thalamic_excitatory_abstention_aware_region_accuracy_regions.csv	.csv	102277	2d3b616d657db4b09ba1ec9e7441b08ca14e196e	INCLUDED_RELEASE_CANDIDATE	PROJECT_GENERATED_REDISTRIBUTABLE	thalamic abstention-aware reference-relative values	Fig. 4 thalamic case	visualizations/cell2location_stage3b_case/thalamic_top15/cell2location_ST8059051_thalamic_excitatory_abstention_aware_region_accuracy_regions.csv	Quantitative derivative only; no provider raw matrix.
T4H-0343	SOURCE_VALUE_TABLE	reproducibility_release/release_candidate_v1.0/source_values/SV-0073_cell2location_ST8059051_thalamic_excitatory_abstention_aware_region_accuracy_spots.csv	SV-0073_cell2location_ST8059051_thalamic_excitatory_abstention_aware_region_accuracy_spots.csv	.csv	290736	1fe5872eeed2a6e338206e8b0aa3858cae43d6e7	INCLUDED_RELEASE_CANDIDATE	PROJECT_GENERATED_REDISTRIBUTABLE	thalamic abstention-aware reference-relative values	Fig. 4 thalamic case	visualizations/cell2location_stage3b_case/thalamic_top15/cell2location_ST8059051_thalamic_excitatory_abstention_aware_region_accuracy_spots.csv	Quantitative derivative only; no provider raw matrix.
T4H-0344	SOURCE_VALUE_TABLE	reproducibility_release/release_candidate_v1.0/source_values/SV-0074_cell2location_ST8059051_thalamic_excitatory_baseline_forced_assignment_region.csv	SV-0074_cell2location_ST8059051_thalamic_excitatory_baseline_forced_assignment_region.csv	.csv	194525	3fc7df84e9dcb7e322943496ad379e872d0785b2	INCLUDED_RELEASE_CANDIDATE	PROJECT_GENERATED_REDISTRIBUTABLE	thalamic abstention-aware reference-relative values	Fig. 4 thalamic case	visualizations/cell2location_stage3b_case/thalamic_top15/cell2location_ST8059051_thalamic_excitatory_baseline_forced_assignment_region.csv	Quantitative derivative only; no provider raw matrix.
T4H-0345	SOURCE_VALUE_TABLE	reproducibility_release/release_candidate_v1.0/source_values/SV-0075_cell2location_ST8059051_thalamic_excitatory_baseline_forced_assignment_region_composition.csv	SV-0075_cell2location_ST8059051_thalamic_excitatory_baseline_forced_assignment_region_composition.csv	.csv	261	66848c519f400b6a865e41eedd619260508f0e53	INCLUDED_RELEASE_CANDIDATE	PROJECT_GENERATED_REDISTRIBUTABLE	thalamic abstention-aware reference-relative values	Fig. 4 thalamic case	visualizations/cell2location_stage3b_case/thalamic_top15/cell2location_ST8059051_thalamic_excitatory_baseline_forced_assignment_region_composition.csv	Quantitative derivative only; no provider raw matrix.
T4H-0346	SOURCE_VALUE_TABLE	reproducibility_release/release_candidate_v1.0/source_values/SV-0076_cell2location_ST8059051_thalamic_excitatory_forced_assignment_composition.csv	SV-0076_cell2location_ST8059051_thalamic_excitatory_forced_assignment_composition.csv	.csv	254	1d3dda75219fc2e4e3d6d7300824988bf3782835	INCLUDED_RELEASE_CANDIDATE	PROJECT_GENERATED_REDISTRIBUTABLE	thalamic abstention-aware reference-relative values	Fig. 4 thalamic case	visualizations/cell2location_stage3b_case/thalamic_top15/cell2location_ST8059051_thalamic_excitatory_forced_assignment_composition.csv	Quantitative derivative only; no provider raw matrix.
T4H-0347	SOURCE_VALUE_TABLE	reproducibility_release/release_candidate_v1.0/source_values/SV-0077_cell2location_ST8059051_thalamic_excitatory_marker_region.csv	SV-0077_cell2location_ST8059051_thalamic_excitatory_marker_region.csv	.csv	128599	e4e36b7b83c07c48ae57e4aa96933afe0efdb418	INCLUDED_RELEASE_CANDIDATE	PROJECT_GENERATED_REDISTRIBUTABLE	thalamic abstention-aware reference-relative values	Fig. 4 thalamic case	visualizations/cell2location_stage3b_case/thalamic_top15/cell2location_ST8059051_thalamic_excitatory_marker_region.csv	Quantitative derivative only; no provider raw matrix.
T4H-0348	SOURCE_VALUE_TABLE	reproducibility_release/release_candidate_v1.0/source_values/SV-0078_cell2location_ST8059051_thalamic_excitatory_stage3b_miss_diagnostics_groups.csv	SV-0078_cell2location_ST8059051_thalamic_excitatory_stage3b_miss_diagnostics_groups.csv	.csv	516	23e604a667a00a1663372963d1d7607d88b0c8fb	INCLUDED_RELEASE_CANDIDATE	PROJECT_GENERATED_REDISTRIBUTABLE	thalamic abstention-aware reference-relative values	Fig. 4 thalamic case	visualizations/cell2location_stage3b_case/thalamic_top15/cell2location_ST8059051_thalamic_excitatory_stage3b_miss_diagnostics_groups.csv	Quantitative derivative only; no provider raw matrix.
T4H-0349	SOURCE_VALUE_TABLE	reproducibility_release/release_candidate_v1.0/source_values/SV-0079_cell2location_ST8059051_thalamic_excitatory_stage3b_miss_diagnostics_spots.csv	SV-0079_cell2location_ST8059051_thalamic_excitatory_stage3b_miss_diagnostics_spots.csv	.csv	382958	8661fb5bd71d043e2640b1d3bbe6928c668d8ffa	INCLUDED_RELEASE_CANDIDATE	PROJECT_GENERATED_REDISTRIBUTABLE	thalamic abstention-aware reference-relative values	Fig. 4 thalamic case	visualizations/cell2location_stage3b_case/thalamic_top15/cell2location_ST8059051_thalamic_excitatory_stage3b_miss_diagnostics_spots.csv	Quantitative derivative only; no provider raw matrix.
T4H-0350	SOURCE_VALUE_TABLE	reproducibility_release/release_candidate_v1.0/source_values/SV-0080_cell2location_ST8059051_thalamic_excitatory_abstention_aware_region_accuracy_summary.json	SV-0080_cell2location_ST8059051_thalamic_excitatory_abstention_aware_region_accuracy_summary.json	.json	2083	a123fc13d1fe44332fe90fa2778e943e9db14eb8	INCLUDED_RELEASE_CANDIDATE	PROJECT_GENERATED_REDISTRIBUTABLE	thalamic case summary	Fig. 4 thalamic case	visualizations/cell2location_stage3b_case/thalamic_top15/cell2location_ST8059051_thalamic_excitatory_abstention_aware_region_accuracy_summary.json	Quantitative derivative only; no provider raw matrix.
T4H-0351	SOURCE_VALUE_TABLE	reproducibility_release/release_candidate_v1.0/source_values/SV-0081_cell2location_ST8059051_thalamic_excitatory_baseline_forced_assignment_region_summary.json	SV-0081_cell2location_ST8059051_thalamic_excitatory_baseline_forced_assignment_region_summary.json	.json	1585	8246685a75410791f19ff2028ec695d87e7ffa43	INCLUDED_RELEASE_CANDIDATE	PROJECT_GENERATED_REDISTRIBUTABLE	thalamic case summary	Fig. 4 thalamic case	visualizations/cell2location_stage3b_case/thalamic_top15/cell2location_ST8059051_thalamic_excitatory_baseline_forced_assignment_region_summary.json	Quantitative derivative only; no provider raw matrix.
T4H-0352	SOURCE_VALUE_TABLE	reproducibility_release/release_candidate_v1.0/source_values/SV-0082_cell2location_ST8059051_thalamic_excitatory_forced_assignment_composition_summary.json	SV-0082_cell2location_ST8059051_thalamic_excitatory_forced_assignment_composition_summary.json	.json	1263	d70beefc9f08b8169232897ee322342ef613be0c	INCLUDED_RELEASE_CANDIDATE	PROJECT_GENERATED_REDISTRIBUTABLE	thalamic case summary	Fig. 4 thalamic case	visualizations/cell2location_stage3b_case/thalamic_top15/cell2location_ST8059051_thalamic_excitatory_forced_assignment_composition_summary.json	Quantitative derivative only; no provider raw matrix.
T4H-0353	SOURCE_VALUE_TABLE	reproducibility_release/release_candidate_v1.0/source_values/SV-0083_cell2location_ST8059051_thalamic_excitatory_marker_region_summary.json	SV-0083_cell2location_ST8059051_thalamic_excitatory_marker_region_summary.json	.json	1199	2736e58eaca16494ad8fef5417a442243122dc03	INCLUDED_RELEASE_CANDIDATE	PROJECT_GENERATED_REDISTRIBUTABLE	thalamic case summary	Fig. 4 thalamic case	visualizations/cell2location_stage3b_case/thalamic_top15/cell2location_ST8059051_thalamic_excitatory_marker_region_summary.json	Quantitative derivative only; no provider raw matrix.
T4H-0354	SOURCE_VALUE_TABLE	reproducibility_release/release_candidate_v1.0/source_values/SV-0084_cell2location_ST8059051_thalamic_excitatory_stage3b_miss_diagnostics_summary.json	SV-0084_cell2location_ST8059051_thalamic_excitatory_stage3b_miss_diagnostics_summary.json	.json	764	7f109465436f610ce2ddcb3fe9c61c6434811e90	INCLUDED_RELEASE_CANDIDATE	PROJECT_GENERATED_REDISTRIBUTABLE	thalamic case summary	Fig. 4 thalamic case	visualizations/cell2location_stage3b_case/thalamic_top15/cell2location_ST8059051_thalamic_excitatory_stage3b_miss_diagnostics_summary.json	Quantitative derivative only; no provider raw matrix.
T4H-0355	SOURCE_VALUE_TABLE	reproducibility_release/release_candidate_v1.0/source_values/SV-0085_cell2location_reference_missing_multitarget_panels_bc_cytospace_forced_assignment.csv	SV-0085_cell2location_reference_missing_multitarget_panels_bc_cytospace_forced_assignment.csv	.csv	1025	2e407b28e0675be4305712d9d336d65f283de81d	INCLUDED_RELEASE_CANDIDATE	PROJECT_GENERATED_REDISTRIBUTABLE	forced-surrogate and expression-similarity source values	Fig. 4 forced-surrogate and expression-similarity matrices	visualizations/stage3b_reference_missing_stress/cell2location_reference_missing_multitarget_panels_bc_cytospace_forced_assignment.csv	Quantitative derivative only; no provider raw matrix.
T4H-0356	SOURCE_VALUE_TABLE	reproducibility_release/release_candidate_v1.0/source_values/SV-0086_cell2location_reference_missing_multitarget_panels_bc_expression_similarity.csv	SV-0086_cell2location_reference_missing_multitarget_panels_bc_expression_similarity.csv	.csv	1008	e2554e999d8f6e975d58ba439a4a60a61c4b2282	INCLUDED_RELEASE_CANDIDATE	PROJECT_GENERATED_REDISTRIBUTABLE	forced-surrogate and expression-similarity source values	Fig. 4 forced-surrogate and expression-similarity matrices	visualizations/stage3b_reference_missing_stress/cell2location_reference_missing_multitarget_panels_bc_expression_similarity.csv	Quantitative derivative only; no provider raw matrix.
T4H-0357	SOURCE_VALUE_TABLE	reproducibility_release/release_candidate_v1.0/source_values/SV-0087_cell2location_reference_missing_multitarget_panels_bc_target_region_summary.csv	SV-0087_cell2location_reference_missing_multitarget_panels_bc_target_region_summary.csv	.csv	1159	f6f63f1a337be2137fcf59d79c68cc055dc4344a	INCLUDED_RELEASE_CANDIDATE	PROJECT_GENERATED_REDISTRIBUTABLE	forced-surrogate and expression-similarity source values	Fig. 4 forced-surrogate and expression-similarity matrices	visualizations/stage3b_reference_missing_stress/cell2location_reference_missing_multitarget_panels_bc_target_region_summary.csv	Quantitative derivative only; no provider raw matrix.
T4H-0358	SOURCE_VALUE_TABLE	reproducibility_release/release_candidate_v1.0/source_values/SV-0088_cell2location_thalamic_top15_reference_missing_panels_bc_cytospace_forced_assignment.csv	SV-0088_cell2location_thalamic_top15_reference_missing_panels_bc_cytospace_forced_assignment.csv	.csv	224	e7474f021729084ba0e706890a5088d50f43a5c5	INCLUDED_RELEASE_CANDIDATE	PROJECT_GENERATED_REDISTRIBUTABLE	forced-surrogate and expression-similarity source values	Fig. 4 forced-surrogate and expression-similarity matrices	visualizations/stage3b_reference_missing_stress/cell2location_thalamic_top15_reference_missing_panels_bc_cytospace_forced_assignment.csv	Quantitative derivative only; no provider raw matrix.
T4H-0359	SOURCE_VALUE_TABLE	reproducibility_release/release_candidate_v1.0/source_values/SV-0089_cell2location_thalamic_top15_reference_missing_panels_bc_expression_similarity.csv	SV-0089_cell2location_thalamic_top15_reference_missing_panels_bc_expression_similarity.csv	.csv	243	698b52a0d67255ea244c704b222f2eb065857d18	INCLUDED_RELEASE_CANDIDATE	PROJECT_GENERATED_REDISTRIBUTABLE	forced-surrogate and expression-similarity source values	Fig. 4 forced-surrogate and expression-similarity matrices	visualizations/stage3b_reference_missing_stress/cell2location_thalamic_top15_reference_missing_panels_bc_expression_similarity.csv	Quantitative derivative only; no provider raw matrix.
T4H-0360	SOURCE_VALUE_TABLE	reproducibility_release/release_candidate_v1.0/source_values/SV-0090_cell2location_thalamic_top15_reference_missing_panels_bc_forced_assignment_composition_source.csv	SV-0090_cell2location_thalamic_top15_reference_missing_panels_bc_forced_assignment_composition_source.csv	.csv	254	1d3dda75219fc2e4e3d6d7300824988bf3782835	INCLUDED_RELEASE_CANDIDATE	PROJECT_GENERATED_REDISTRIBUTABLE	forced-surrogate and expression-similarity source values	Fig. 4 forced-surrogate and expression-similarity matrices	visualizations/stage3b_reference_missing_stress/cell2location_thalamic_top15_reference_missing_panels_bc_forced_assignment_composition_source.csv	Quantitative derivative only; no provider raw matrix.
T4H-0361	SOURCE_VALUE_TABLE	reproducibility_release/release_candidate_v1.0/source_values/SV-0091_cytospace_fig2d_tme_brca_her2_ffpe_sc_missing_plasma_cells_coupling_matrices.csv	SV-0091_cytospace_fig2d_tme_brca_her2_ffpe_sc_missing_plasma_cells_coupling_matrices.csv	.csv	31404	7cd3616623edc4e2be09df4f8cd980af3117ab78	INCLUDED_RELEASE_CANDIDATE	PROJECT_GENERATED_REDISTRIBUTABLE	reference-relative coupling matrices and summaries	Fig. 4 KITLG-KIT analysis	visualizations/stage3b_false_spatial_niche/candidate_validation/brca_her2_plasma/cytospace_fig2d_tme_brca_her2_ffpe_sc_missing_plasma_cells_coupling_matrices.csv	Quantitative derivative only; no provider raw matrix.
T4H-0362	SOURCE_VALUE_TABLE	reproducibility_release/release_candidate_v1.0/source_values/SV-0092_cytospace_fig2d_tme_brca_her2_ffpe_sc_missing_plasma_cells_pair_statistics.csv	SV-0092_cytospace_fig2d_tme_brca_her2_ffpe_sc_missing_plasma_cells_pair_statistics.csv	.csv	24651	f50c8b9e27ef8c0b0a01e6c25b4654aba93949a3	INCLUDED_RELEASE_CANDIDATE	PROJECT_GENERATED_REDISTRIBUTABLE	reference-relative coupling matrices and summaries	Fig. 4 KITLG-KIT analysis	visualizations/stage3b_false_spatial_niche/candidate_validation/brca_her2_plasma/cytospace_fig2d_tme_brca_her2_ffpe_sc_missing_plasma_cells_pair_statistics.csv	Quantitative derivative only; no provider raw matrix.
T4H-0363	SOURCE_VALUE_TABLE	reproducibility_release/release_candidate_v1.0/source_values/SV-0093_cytospace_fig2d_tme_brca_her2_ffpe_sc_missing_plasma_cells_summary.csv	SV-0093_cytospace_fig2d_tme_brca_her2_ffpe_sc_missing_plasma_cells_summary.csv	.csv	490	f0adf4a071638dc2bfd0c3b640aae65756a77bd5	INCLUDED_RELEASE_CANDIDATE	PROJECT_GENERATED_REDISTRIBUTABLE	reference-relative coupling matrices and summaries	Fig. 4 KITLG-KIT analysis	visualizations/stage3b_false_spatial_niche/candidate_validation/brca_her2_plasma/cytospace_fig2d_tme_brca_her2_ffpe_sc_missing_plasma_cells_summary.csv	Quantitative derivative only; no provider raw matrix.
T4H-0364	SOURCE_VALUE_TABLE	reproducibility_release/release_candidate_v1.0/source_values/SV-0094_panel_a_spatialdm_fig2c_pathway_dotplot_values.csv	SV-0094_panel_a_spatialdm_fig2c_pathway_dotplot_values.csv	.csv	273	2cf30b8fdc9a4fdb11b5b89c7665136002a0e638	INCLUDED_RELEASE_CANDIDATE	PROJECT_GENERATED_REDISTRIBUTABLE	local ligand-receptor hotspot and ligand-target source values	Fig. 4 KITLG-KIT analysis	visualizations/stage3b_communication_validation/brca_her2_ffpe_plasma/strict_reference_style/panel_a_spatialdm_fig2c_pathway_dotplot_values.csv	Quantitative derivative only; no provider raw matrix.
T4H-0365	SOURCE_VALUE_TABLE	reproducibility_release/release_candidate_v1.0/source_values/SV-0095_panel_b_spatialdm_fig3f_hotspot_summary.csv	SV-0095_panel_b_spatialdm_fig3f_hotspot_summary.csv	.csv	394	29a2fc307d081da91cd4907c63396e0fd553ade6	INCLUDED_RELEASE_CANDIDATE	PROJECT_GENERATED_REDISTRIBUTABLE	local ligand-receptor hotspot and ligand-target source values	Fig. 4 KITLG-KIT analysis	visualizations/stage3b_communication_validation/brca_her2_ffpe_plasma/strict_reference_style/panel_b_spatialdm_fig3f_hotspot_summary.csv	Quantitative derivative only; no provider raw matrix.
T4H-0366	SOURCE_VALUE_TABLE	reproducibility_release/release_candidate_v1.0/source_values/SV-0096_panel_c_ligand_annotations.csv	SV-0096_panel_c_ligand_annotations.csv	.csv	943	0d98a0ff77878d47564dc3ff0ff0b39cdf7a2152	INCLUDED_RELEASE_CANDIDATE	PROJECT_GENERATED_REDISTRIBUTABLE	local ligand-receptor hotspot and ligand-target source values	Fig. 4 KITLG-KIT analysis	visualizations/stage3b_communication_validation/brca_her2_ffpe_plasma/strict_reference_style/panel_c_ligand_annotations.csv	Quantitative derivative only; no provider raw matrix.
T4H-0367	SOURCE_VALUE_TABLE	reproducibility_release/release_candidate_v1.0/source_values/SV-0097_panel_c_renoir_fig4gh_ligand_score.csv	SV-0097_panel_c_renoir_fig4gh_ligand_score.csv	.csv	367	e0d25eea8864c7aa48301cab877bfe6a0513c235	INCLUDED_RELEASE_CANDIDATE	PROJECT_GENERATED_REDISTRIBUTABLE	local ligand-receptor hotspot and ligand-target source values	Fig. 4 KITLG-KIT analysis	visualizations/stage3b_communication_validation/brca_her2_ffpe_plasma/strict_reference_style/panel_c_renoir_fig4gh_ligand_score.csv	Quantitative derivative only; no provider raw matrix.
T4H-0368	SOURCE_VALUE_TABLE	reproducibility_release/release_candidate_v1.0/source_values/SV-0098_panel_c_renoir_fig4gh_ligand_target_matrix.csv	SV-0098_panel_c_renoir_fig4gh_ligand_target_matrix.csv	.csv	4777	5e3cbacf843f31c2f905521acffeb8157c347345	INCLUDED_RELEASE_CANDIDATE	PROJECT_GENERATED_REDISTRIBUTABLE	local ligand-receptor hotspot and ligand-target source values	Fig. 4 KITLG-KIT analysis	visualizations/stage3b_communication_validation/brca_her2_ffpe_plasma/strict_reference_style/panel_c_renoir_fig4gh_ligand_target_matrix.csv	Quantitative derivative only; no provider raw matrix.
T4H-0369	SOURCE_VALUE_TABLE	reproducibility_release/release_candidate_v1.0/source_values/SV-0099_endpoint_eligibility_qc.csv	SV-0099_endpoint_eligibility_qc.csv	.csv	703	330f3e9d6dd52d6e48e6185fb9eaa98a98c4080c	INCLUDED_RELEASE_CANDIDATE	PROJECT_GENERATED_REDISTRIBUTABLE	frozen CTA endpoint and composition values	Fig. 5 CTA endpoint results	visualizations/bioapp_experiment/bioapp_phase2c_endpoint_freeze_with_validated_cta_to_spot_mapping/endpoint_eligibility_qc.csv	Quantitative derivative only; no provider raw matrix.
T4H-0370	SOURCE_VALUE_TABLE	reproducibility_release/release_candidate_v1.0/source_values/SV-0100_manifest.csv	SV-0100_manifest.csv	.csv	8427	216d59b9f5cb3601a6f140f3f149d66bf7870057	INCLUDED_RELEASE_CANDIDATE	PROJECT_GENERATED_REDISTRIBUTABLE	frozen CTA endpoint and composition values	Fig. 5 CTA endpoint results	visualizations/bioapp_experiment/bioapp_phase2c_endpoint_freeze_with_validated_cta_to_spot_mapping/manifest.csv	Quantitative derivative only; no provider raw matrix.
T4H-0371	SOURCE_VALUE_TABLE	reproducibility_release/release_candidate_v1.0/source_values/SV-0101_spot_level_CTA_composition.csv	SV-0101_spot_level_CTA_composition.csv	.csv	284648	e390bfc0977478dc4bb755f8dcff0a6d9a485659	INCLUDED_RELEASE_CANDIDATE	PROJECT_GENERATED_REDISTRIBUTABLE	frozen CTA endpoint and composition values	Fig. 5 CTA endpoint results	visualizations/bioapp_experiment/bioapp_phase2c_endpoint_freeze_with_validated_cta_to_spot_mapping/spot_level_CTA_composition.csv	Quantitative derivative only; no provider raw matrix.
T4H-0372	SOURCE_VALUE_TABLE	reproducibility_release/release_candidate_v1.0/source_values/SV-0102_spot_level_endpoint_freeze.csv	SV-0102_spot_level_endpoint_freeze.csv	.csv	395993	6a53857e4ab06be0aa1b54b0a6e7985393012c09	INCLUDED_RELEASE_CANDIDATE	PROJECT_GENERATED_REDISTRIBUTABLE	frozen CTA endpoint and composition values	Fig. 5 CTA endpoint results	visualizations/bioapp_experiment/bioapp_phase2c_endpoint_freeze_with_validated_cta_to_spot_mapping/spot_level_endpoint_freeze.csv	Quantitative derivative only; no provider raw matrix.
T4H-0373	SOURCE_VALUE_TABLE	reproducibility_release/release_candidate_v1.0/source_values/SV-0103_bioapp_phase2c_endpoint_freeze_summary.json	SV-0103_bioapp_phase2c_endpoint_freeze_summary.json	.json	3422	4b1e6c26a037d3f37905191a8a2e7a86803b4354	INCLUDED_RELEASE_CANDIDATE	PROJECT_GENERATED_REDISTRIBUTABLE	frozen CTA endpoint definitions and guardrails	Fig. 5 CTA endpoint results	visualizations/bioapp_experiment/bioapp_phase2c_endpoint_freeze_with_validated_cta_to_spot_mapping/bioapp_phase2c_endpoint_freeze_summary.json	Quantitative derivative only; no provider raw matrix.
T4H-0374	SOURCE_VALUE_TABLE	reproducibility_release/release_candidate_v1.0/source_values/SV-0104_bioapp_phase2c_golden_rules_v2_1_check.json	SV-0104_bioapp_phase2c_golden_rules_v2_1_check.json	.json	648	50a981e682079aad6472c6c8278017fc09e547a1	INCLUDED_RELEASE_CANDIDATE	PROJECT_GENERATED_REDISTRIBUTABLE	frozen CTA endpoint definitions and guardrails	Fig. 5 CTA endpoint results	visualizations/bioapp_experiment/bioapp_phase2c_endpoint_freeze_with_validated_cta_to_spot_mapping/bioapp_phase2c_golden_rules_v2_1_check.json	Quantitative derivative only; no provider raw matrix.
T4H-0375	SOURCE_VALUE_TABLE	reproducibility_release/release_candidate_v1.0/source_values/SV-0105_endpoint_definition.json	SV-0105_endpoint_definition.json	.json	584	48a2c04bc84faf8386c852b90901d53a5300ed85	INCLUDED_RELEASE_CANDIDATE	PROJECT_GENERATED_REDISTRIBUTABLE	frozen CTA endpoint definitions and guardrails	Fig. 5 CTA endpoint results	visualizations/bioapp_experiment/bioapp_phase2c_endpoint_freeze_with_validated_cta_to_spot_mapping/endpoint_definition.json	Quantitative derivative only; no provider raw matrix.
T4H-0376	SOURCE_VALUE_TABLE	reproducibility_release/release_candidate_v1.0/source_values/SV-0106_endpoint_freeze_manifest.json	SV-0106_endpoint_freeze_manifest.json	.json	748	5c2e0044c6f1b5c05f93fe633cdcd1df6a5c1bc6	INCLUDED_RELEASE_CANDIDATE	PROJECT_GENERATED_REDISTRIBUTABLE	frozen CTA endpoint definitions and guardrails	Fig. 5 CTA endpoint results	visualizations/bioapp_experiment/bioapp_phase2c_endpoint_freeze_with_validated_cta_to_spot_mapping/endpoint_freeze_manifest.json	Quantitative derivative only; no provider raw matrix.
T4H-0377	SOURCE_VALUE_TABLE	reproducibility_release/release_candidate_v1.0/source_values/SV-0107_baseline_condition_metric_comparison.csv	SV-0107_baseline_condition_metric_comparison.csv	.csv	1346	3a301090a8117a87b90b571416aa8a0450cff15d	INCLUDED_RELEASE_CANDIDATE	PROJECT_GENERATED_REDISTRIBUTABLE	baseline endpoint evaluation source values	Fig. 5 CTA endpoint results	visualizations/bioapp_experiment/bioapp_phase5_endpoint_specific_evaluation_of_cytospace_baselines_against_frozen_cta_immune_endpoint/baseline_condition_metric_comparison.csv	Quantitative derivative only; no provider raw matrix.
T4H-0378	SOURCE_VALUE_TABLE	reproducibility_release/release_candidate_v1.0/source_values/SV-0108_baseline_endpoint_metric_summary.csv	SV-0108_baseline_endpoint_metric_summary.csv	.csv	1346	3a301090a8117a87b90b571416aa8a0450cff15d	INCLUDED_RELEASE_CANDIDATE	PROJECT_GENERATED_REDISTRIBUTABLE	baseline endpoint evaluation source values	Fig. 5 CTA endpoint results	visualizations/bioapp_experiment/bioapp_phase5_endpoint_specific_evaluation_of_cytospace_baselines_against_frozen_cta_immune_endpoint/baseline_endpoint_metric_summary.csv	Quantitative derivative only; no provider raw matrix.
T4H-0379	SOURCE_VALUE_TABLE	reproducibility_release/release_candidate_v1.0/source_values/SV-0109_baseline_endpoint_score_all_runs_by_spot.csv	SV-0109_baseline_endpoint_score_all_runs_by_spot.csv	.csv	1321189	8307d76478c2e65b569f3e82247950205e6456ae	INCLUDED_RELEASE_CANDIDATE	PROJECT_GENERATED_REDISTRIBUTABLE	baseline endpoint evaluation source values	Fig. 5 CTA endpoint results	visualizations/bioapp_experiment/bioapp_phase5_endpoint_specific_evaluation_of_cytospace_baselines_against_frozen_cta_immune_endpoint/baseline_endpoint_score_all_runs_by_spot.csv	Quantitative derivative only; no provider raw matrix.
T4H-0380	SOURCE_VALUE_TABLE	reproducibility_release/release_candidate_v1.0/source_values/SV-0110_baseline_full_reference_endpoint_score_by_spot.csv	SV-0110_baseline_full_reference_endpoint_score_by_spot.csv	.csv	421395	2ef1316578d084e73e49ecea85e22efaeeea7db7	INCLUDED_RELEASE_CANDIDATE	PROJECT_GENERATED_REDISTRIBUTABLE	baseline endpoint evaluation source values	Fig. 5 CTA endpoint results	visualizations/bioapp_experiment/bioapp_phase5_endpoint_specific_evaluation_of_cytospace_baselines_against_frozen_cta_immune_endpoint/baseline_full_reference_endpoint_score_by_spot.csv	Quantitative derivative only; no provider raw matrix.
T4H-0381	SOURCE_VALUE_TABLE	reproducibility_release/release_candidate_v1.0/source_values/SV-0111_baseline_full_reference_spot_fraction_table.csv	SV-0111_baseline_full_reference_spot_fraction_table.csv	.csv	645137	45ac913d5ee0bb5d43c4ae17522945241dfc99ee	INCLUDED_RELEASE_CANDIDATE	PROJECT_GENERATED_REDISTRIBUTABLE	baseline endpoint evaluation source values	Fig. 5 CTA endpoint results	visualizations/bioapp_experiment/bioapp_phase5_endpoint_specific_evaluation_of_cytospace_baselines_against_frozen_cta_immune_endpoint/baseline_full_reference_spot_fraction_table.csv	Quantitative derivative only; no provider raw matrix.
T4H-0382	SOURCE_VALUE_TABLE	reproducibility_release/release_candidate_v1.0/source_values/SV-0112_baseline_immune_all_dropout_endpoint_score_by_spot.csv	SV-0112_baseline_immune_all_dropout_endpoint_score_by_spot.csv	.csv	431582	e89a1592cf9bbd28e57f973584eae2650a5785fb	INCLUDED_RELEASE_CANDIDATE	PROJECT_GENERATED_REDISTRIBUTABLE	baseline endpoint evaluation source values	Fig. 5 CTA endpoint results	visualizations/bioapp_experiment/bioapp_phase5_endpoint_specific_evaluation_of_cytospace_baselines_against_frozen_cta_immune_endpoint/baseline_immune_all_dropout_endpoint_score_by_spot.csv	Quantitative derivative only; no provider raw matrix.
T4H-0383	SOURCE_VALUE_TABLE	reproducibility_release/release_candidate_v1.0/source_values/SV-0113_baseline_immune_all_dropout_spot_fraction_table.csv	SV-0113_baseline_immune_all_dropout_spot_fraction_table.csv	.csv	570454	9a0e8bc81790b94ed31b5a2ceead9f3c8e47431a	INCLUDED_RELEASE_CANDIDATE	PROJECT_GENERATED_REDISTRIBUTABLE	baseline endpoint evaluation source values	Fig. 5 CTA endpoint results	visualizations/bioapp_experiment/bioapp_phase5_endpoint_specific_evaluation_of_cytospace_baselines_against_frozen_cta_immune_endpoint/baseline_immune_all_dropout_spot_fraction_table.csv	Quantitative derivative only; no provider raw matrix.
T4H-0384	SOURCE_VALUE_TABLE	reproducibility_release/release_candidate_v1.0/source_values/SV-0114_baseline_nonimmune_all_dropout_control_endpoint_score_by_spot.csv	SV-0114_baseline_nonimmune_all_dropout_control_endpoint_score_by_spot.csv	.csv	469094	ca6248846515d0372a8a650cf247513348b75b90	INCLUDED_RELEASE_CANDIDATE	PROJECT_GENERATED_REDISTRIBUTABLE	baseline endpoint evaluation source values	Fig. 5 CTA endpoint results	visualizations/bioapp_experiment/bioapp_phase5_endpoint_specific_evaluation_of_cytospace_baselines_against_frozen_cta_immune_endpoint/baseline_nonimmune_all_dropout_control_endpoint_score_by_spot.csv	Quantitative derivative only; no provider raw matrix.
T4H-0385	SOURCE_VALUE_TABLE	reproducibility_release/release_candidate_v1.0/source_values/SV-0115_baseline_nonimmune_all_dropout_control_spot_fraction_table.csv	SV-0115_baseline_nonimmune_all_dropout_control_spot_fraction_table.csv	.csv	632491	a1170b70766e0659ce45901c273c986f696eff18	INCLUDED_RELEASE_CANDIDATE	PROJECT_GENERATED_REDISTRIBUTABLE	baseline endpoint evaluation source values	Fig. 5 CTA endpoint results	visualizations/bioapp_experiment/bioapp_phase5_endpoint_specific_evaluation_of_cytospace_baselines_against_frozen_cta_immune_endpoint/baseline_nonimmune_all_dropout_control_spot_fraction_table.csv	Quantitative derivative only; no provider raw matrix.
T4H-0386	SOURCE_VALUE_TABLE	reproducibility_release/release_candidate_v1.0/source_values/SV-0116_baseline_output_parse_report.csv	SV-0116_baseline_output_parse_report.csv	.csv	959	3902a239830b57cfa835353212a826e4824c0917	INCLUDED_RELEASE_CANDIDATE	PROJECT_GENERATED_REDISTRIBUTABLE	baseline endpoint evaluation source values	Fig. 5 CTA endpoint results	visualizations/bioapp_experiment/bioapp_phase5_endpoint_specific_evaluation_of_cytospace_baselines_against_frozen_cta_immune_endpoint/baseline_output_parse_report.csv	Quantitative derivative only; no provider raw matrix.
T4H-0387	SOURCE_VALUE_TABLE	reproducibility_release/release_candidate_v1.0/source_values/SV-0117_baseline_positive_spot_nonimmune_label_breakdown.csv	SV-0117_baseline_positive_spot_nonimmune_label_breakdown.csv	.csv	837	8d47fa536ef9fcd86273233d6f04fa5cbaa4f96f	INCLUDED_RELEASE_CANDIDATE	PROJECT_GENERATED_REDISTRIBUTABLE	baseline endpoint evaluation source values	Fig. 5 CTA endpoint results	visualizations/bioapp_experiment/bioapp_phase5_endpoint_specific_evaluation_of_cytospace_baselines_against_frozen_cta_immune_endpoint/baseline_positive_spot_nonimmune_label_breakdown.csv	Quantitative derivative only; no provider raw matrix.
T4H-0388	SOURCE_VALUE_TABLE	reproducibility_release/release_candidate_v1.0/source_values/SV-0118_baseline_spot_universe_alignment.csv	SV-0118_baseline_spot_universe_alignment.csv	.csv	317	584faea556a00d1aa1a1ab73841daf2bf96bfcd5	INCLUDED_RELEASE_CANDIDATE	PROJECT_GENERATED_REDISTRIBUTABLE	baseline endpoint evaluation source values	Fig. 5 CTA endpoint results	visualizations/bioapp_experiment/bioapp_phase5_endpoint_specific_evaluation_of_cytospace_baselines_against_frozen_cta_immune_endpoint/baseline_spot_universe_alignment.csv	Quantitative derivative only; no provider raw matrix.
T4H-0389	SOURCE_VALUE_TABLE	reproducibility_release/release_candidate_v1.0/source_values/SV-0119_manifest.csv	SV-0119_manifest.csv	.csv	12179	0de2972053c2e5abb35bcdfe4388c08119ec4a3d	INCLUDED_RELEASE_CANDIDATE	PROJECT_GENERATED_REDISTRIBUTABLE	baseline endpoint evaluation source values	Fig. 5 CTA endpoint results	visualizations/bioapp_experiment/bioapp_phase5_endpoint_specific_evaluation_of_cytospace_baselines_against_frozen_cta_immune_endpoint/manifest.csv	Quantitative derivative only; no provider raw matrix.
T4H-0390	SOURCE_VALUE_TABLE	reproducibility_release/release_candidate_v1.0/source_values/SV-0120_baseline_svtuner_endpoint_comparison_by_spot.csv	SV-0120_baseline_svtuner_endpoint_comparison_by_spot.csv	.csv	379852	0bad6b559563d7a47af9572dcc8f74f05caee932	INCLUDED_RELEASE_CANDIDATE	PROJECT_GENERATED_REDISTRIBUTABLE	SVTuner endpoint comparison, binary withholding and curve values	Fig. 5 binary-withholding table	visualizations/bioapp_experiment/bioapp_phase8_svtuner_vs_endpoint_evaluation_and_baseline_svtuner_comparison/baseline_svtuner_endpoint_comparison_by_spot.csv	Quantitative derivative only; no provider raw matrix.
T4H-0391	SOURCE_VALUE_TABLE	reproducibility_release/release_candidate_v1.0/source_values/SV-0121_baseline_svtuner_metric_comparison.csv	SV-0121_baseline_svtuner_metric_comparison.csv	.csv	776	237731e67a05cf92ce03f9d46c7aa05104945777	INCLUDED_RELEASE_CANDIDATE	PROJECT_GENERATED_REDISTRIBUTABLE	SVTuner endpoint comparison, binary withholding and curve values	Fig. 5 binary-withholding table	visualizations/bioapp_experiment/bioapp_phase8_svtuner_vs_endpoint_evaluation_and_baseline_svtuner_comparison/baseline_svtuner_metric_comparison.csv	Quantitative derivative only; no provider raw matrix.
T4H-0392	SOURCE_VALUE_TABLE	reproducibility_release/release_candidate_v1.0/source_values/SV-0122_binary_withheld_endpoint_contingency.csv	SV-0122_binary_withheld_endpoint_contingency.csv	.csv	95	2033f211e8c6b59cd0a940c6688e9e2f627198f6	INCLUDED_RELEASE_CANDIDATE	PROJECT_GENERATED_REDISTRIBUTABLE	SVTuner endpoint comparison, binary withholding and curve values	Fig. 5 binary-withholding table	visualizations/bioapp_experiment/bioapp_phase8_svtuner_vs_endpoint_evaluation_and_baseline_svtuner_comparison/binary_withheld_endpoint_contingency.csv	Quantitative derivative only; no provider raw matrix.
T4H-0393	SOURCE_VALUE_TABLE	reproducibility_release/release_candidate_v1.0/source_values/SV-0123_binary_withheld_enrichment_summary.csv	SV-0123_binary_withheld_enrichment_summary.csv	.csv	418	510256079a324efc67c124fd278d8a71f7419102	INCLUDED_RELEASE_CANDIDATE	PROJECT_GENERATED_REDISTRIBUTABLE	SVTuner endpoint comparison, binary withholding and curve values	Fig. 5 binary-withholding table	visualizations/bioapp_experiment/bioapp_phase8_svtuner_vs_endpoint_evaluation_and_baseline_svtuner_comparison/binary_withheld_enrichment_summary.csv	Quantitative derivative only; no provider raw matrix.
T4H-0394	SOURCE_VALUE_TABLE	reproducibility_release/release_candidate_v1.0/source_values/SV-0124_contradiction_prevention_spots.csv	SV-0124_contradiction_prevention_spots.csv	.csv	22927	305604d54a3b2b18bb838fc23abc46e5f00d40de	INCLUDED_RELEASE_CANDIDATE	PROJECT_GENERATED_REDISTRIBUTABLE	SVTuner endpoint comparison, binary withholding and curve values	Fig. 5 binary-withholding table	visualizations/bioapp_experiment/bioapp_phase8_svtuner_vs_endpoint_evaluation_and_baseline_svtuner_comparison/contradiction_prevention_spots.csv	Quantitative derivative only; no provider raw matrix.
T4H-0395	SOURCE_VALUE_TABLE	reproducibility_release/release_candidate_v1.0/source_values/SV-0125_contradiction_prevention_summary.csv	SV-0125_contradiction_prevention_summary.csv	.csv	394	64b3e53aec8cad41072065623fcb22f2a5550052	INCLUDED_RELEASE_CANDIDATE	PROJECT_GENERATED_REDISTRIBUTABLE	SVTuner endpoint comparison, binary withholding and curve values	Fig. 5 binary-withholding table	visualizations/bioapp_experiment/bioapp_phase8_svtuner_vs_endpoint_evaluation_and_baseline_svtuner_comparison/contradiction_prevention_summary.csv	Quantitative derivative only; no provider raw matrix.
T4H-0396	SOURCE_VALUE_TABLE	reproducibility_release/release_candidate_v1.0/source_values/SV-0126_endpoint_analysis_set_qc.csv	SV-0126_endpoint_analysis_set_qc.csv	.csv	370	7291cb6a2012faff93915497f6f683fac9a569ab	INCLUDED_RELEASE_CANDIDATE	PROJECT_GENERATED_REDISTRIBUTABLE	SVTuner endpoint comparison, binary withholding and curve values	Fig. 5 binary-withholding table	visualizations/bioapp_experiment/bioapp_phase8_svtuner_vs_endpoint_evaluation_and_baseline_svtuner_comparison/endpoint_analysis_set_qc.csv	Quantitative derivative only; no provider raw matrix.
T4H-0397	SOURCE_VALUE_TABLE	reproducibility_release/release_candidate_v1.0/source_values/SV-0127_endpoint_concordant_interpretation_by_spot.csv	SV-0127_endpoint_concordant_interpretation_by_spot.csv	.csv	321142	a344ac235096403e957055b0e80fa30687608279	INCLUDED_RELEASE_CANDIDATE	PROJECT_GENERATED_REDISTRIBUTABLE	SVTuner endpoint comparison, binary withholding and curve values	Fig. 5 binary-withholding table	visualizations/bioapp_experiment/bioapp_phase8_svtuner_vs_endpoint_evaluation_and_baseline_svtuner_comparison/endpoint_concordant_interpretation_by_spot.csv	Quantitative derivative only; no provider raw matrix.
T4H-0398	SOURCE_VALUE_TABLE	reproducibility_release/release_candidate_v1.0/source_values/SV-0128_endpoint_concordant_interpretation_summary.csv	SV-0128_endpoint_concordant_interpretation_summary.csv	.csv	282	530de0ff2905f35c8b2c52ea1046a72324d7d15f	INCLUDED_RELEASE_CANDIDATE	PROJECT_GENERATED_REDISTRIBUTABLE	SVTuner endpoint comparison, binary withholding and curve values	Fig. 5 binary-withholding table	visualizations/bioapp_experiment/bioapp_phase8_svtuner_vs_endpoint_evaluation_and_baseline_svtuner_comparison/endpoint_concordant_interpretation_summary.csv	Quantitative derivative only; no provider raw matrix.
T4H-0399	SOURCE_VALUE_TABLE	reproducibility_release/release_candidate_v1.0/source_values/SV-0129_endpoint_positive_forced_nonimmune_burden_reduction_summary.csv	SV-0129_endpoint_positive_forced_nonimmune_burden_reduction_summary.csv	.csv	474	864dd074c15aa5f9468be78ccfa1ae9c4cd48db1	INCLUDED_RELEASE_CANDIDATE	PROJECT_GENERATED_REDISTRIBUTABLE	SVTuner endpoint comparison, binary withholding and curve values	Fig. 5 binary-withholding table	visualizations/bioapp_experiment/bioapp_phase8_svtuner_vs_endpoint_evaluation_and_baseline_svtuner_comparison/endpoint_positive_forced_nonimmune_burden_reduction_summary.csv	Quantitative derivative only; no provider raw matrix.
T4H-0400	SOURCE_VALUE_TABLE	reproducibility_release/release_candidate_v1.0/source_values/SV-0130_figure_manifest.csv	SV-0130_figure_manifest.csv	.csv	2509	85b5306f043c87267ea32fbc96372e5d87d84795	INCLUDED_RELEASE_CANDIDATE	PROJECT_GENERATED_REDISTRIBUTABLE	SVTuner endpoint comparison, binary withholding and curve values	Fig. 5 binary-withholding table	visualizations/bioapp_experiment/bioapp_phase8_svtuner_vs_endpoint_evaluation_and_baseline_svtuner_comparison/figure_manifest.csv	Quantitative derivative only; no provider raw matrix.
T4H-0401	SOURCE_VALUE_TABLE	reproducibility_release/release_candidate_v1.0/source_values/SV-0131_gene_count_audit.csv	SV-0131_gene_count_audit.csv	.csv	659	83137d595d47987f7ca429d91d625f6156a874ae	INCLUDED_RELEASE_CANDIDATE	PROJECT_GENERATED_REDISTRIBUTABLE	SVTuner endpoint comparison, binary withholding and curve values	Fig. 5 binary-withholding table	visualizations/bioapp_experiment/bioapp_phase8_svtuner_vs_endpoint_evaluation_and_baseline_svtuner_comparison/gene_count_audit.csv	Quantitative derivative only; no provider raw matrix.
T4H-0402	SOURCE_VALUE_TABLE	reproducibility_release/release_candidate_v1.0/source_values/SV-0132_manifest.csv	SV-0132_manifest.csv	.csv	7175	88fcd8e00a948a2a2c3cfe0e41f129b7865447c4	INCLUDED_RELEASE_CANDIDATE	PROJECT_GENERATED_REDISTRIBUTABLE	SVTuner endpoint comparison, binary withholding and curve values	Fig. 5 binary-withholding table	visualizations/bioapp_experiment/bioapp_phase8_svtuner_vs_endpoint_evaluation_and_baseline_svtuner_comparison/manifest.csv	Quantitative derivative only; no provider raw matrix.
T4H-0403	SOURCE_VALUE_TABLE	reproducibility_release/release_candidate_v1.0/source_values/SV-0133_phase5_baseline_anchor_import_qc.csv	SV-0133_phase5_baseline_anchor_import_qc.csv	.csv	246	3229c34ff10a4294800111d10dc1d6e8369b7d49	INCLUDED_RELEASE_CANDIDATE	PROJECT_GENERATED_REDISTRIBUTABLE	SVTuner endpoint comparison, binary withholding and curve values	Fig. 5 binary-withholding table	visualizations/bioapp_experiment/bioapp_phase8_svtuner_vs_endpoint_evaluation_and_baseline_svtuner_comparison/phase5_baseline_anchor_import_qc.csv	Quantitative derivative only; no provider raw matrix.
T4H-0404	SOURCE_VALUE_TABLE	reproducibility_release/release_candidate_v1.0/source_values/SV-0134_phase7_svtuner_raw_output_import_qc.csv	SV-0134_phase7_svtuner_raw_output_import_qc.csv	.csv	246	2abe53b6b8335cb7d73c23839b658d0a1d8d178e	INCLUDED_RELEASE_CANDIDATE	PROJECT_GENERATED_REDISTRIBUTABLE	SVTuner endpoint comparison, binary withholding and curve values	Fig. 5 binary-withholding table	visualizations/bioapp_experiment/bioapp_phase8_svtuner_vs_endpoint_evaluation_and_baseline_svtuner_comparison/phase7_svtuner_raw_output_import_qc.csv	Quantitative derivative only; no provider raw matrix.
T4H-0405	SOURCE_VALUE_TABLE	reproducibility_release/release_candidate_v1.0/source_values/SV-0135_phase8_input_qc.csv	SV-0135_phase8_input_qc.csv	.csv	467	f0c15b0b53d50f8cb00a05c86f4ecd808b35d564	INCLUDED_RELEASE_CANDIDATE	PROJECT_GENERATED_REDISTRIBUTABLE	SVTuner endpoint comparison, binary withholding and curve values	Fig. 5 binary-withholding table	visualizations/bioapp_experiment/bioapp_phase8_svtuner_vs_endpoint_evaluation_and_baseline_svtuner_comparison/phase8_input_qc.csv	Quantitative derivative only; no provider raw matrix.
T4H-0406	SOURCE_VALUE_TABLE	reproducibility_release/release_candidate_v1.0/source_values/SV-0136_spatial_overlap_summary.csv	SV-0136_spatial_overlap_summary.csv	.csv	708	cf74a0e481d297e4cd2e3ba95d291001add88ac5	INCLUDED_RELEASE_CANDIDATE	PROJECT_GENERATED_REDISTRIBUTABLE	SVTuner endpoint comparison, binary withholding and curve values	Fig. 5 binary-withholding table	visualizations/bioapp_experiment/bioapp_phase8_svtuner_vs_endpoint_evaluation_and_baseline_svtuner_comparison/spatial_overlap_summary.csv	Quantitative derivative only; no provider raw matrix.
T4H-0407	SOURCE_VALUE_TABLE	reproducibility_release/release_candidate_v1.0/source_values/SV-0137_svtuner_endpoint_score_by_spot.csv	SV-0137_svtuner_endpoint_score_by_spot.csv	.csv	588415	4dc505412f9ed5a7de24221e6d63a26abef281e5	INCLUDED_RELEASE_CANDIDATE	PROJECT_GENERATED_REDISTRIBUTABLE	SVTuner endpoint comparison, binary withholding and curve values	Fig. 5 binary-withholding table	visualizations/bioapp_experiment/bioapp_phase8_svtuner_vs_endpoint_evaluation_and_baseline_svtuner_comparison/svtuner_endpoint_score_by_spot.csv	Quantitative derivative only; no provider raw matrix.
T4H-0408	SOURCE_VALUE_TABLE	reproducibility_release/release_candidate_v1.0/source_values/SV-0138_withheld_enrichment_summary.csv	SV-0138_withheld_enrichment_summary.csv	.csv	579	89a9c9f930dfa0345930050b593dce2f46325319	INCLUDED_RELEASE_CANDIDATE	PROJECT_GENERATED_REDISTRIBUTABLE	SVTuner endpoint comparison, binary withholding and curve values	Fig. 5 binary-withholding table	visualizations/bioapp_experiment/bioapp_phase8_svtuner_vs_endpoint_evaluation_and_baseline_svtuner_comparison/withheld_enrichment_summary.csv	Quantitative derivative only; no provider raw matrix.
T4H-0409	SOURCE_VALUE_TABLE	reproducibility_release/release_candidate_v1.0/source_values/SV-0139_withheld_pr_curve.csv	SV-0139_withheld_pr_curve.csv	.csv	107756	8bd847270a3dc67bb12fa80e5ae16cc38ffc454e	INCLUDED_RELEASE_CANDIDATE	PROJECT_GENERATED_REDISTRIBUTABLE	SVTuner endpoint comparison, binary withholding and curve values	Fig. 5 binary-withholding table	visualizations/bioapp_experiment/bioapp_phase8_svtuner_vs_endpoint_evaluation_and_baseline_svtuner_comparison/withheld_pr_curve.csv	Quantitative derivative only; no provider raw matrix.
T4H-0410	SOURCE_VALUE_TABLE	reproducibility_release/release_candidate_v1.0/source_values/SV-0140_withheld_roc_curve.csv	SV-0140_withheld_roc_curve.csv	.csv	13023	aa6de914a2e17c4abdcda6cacdd37031748493f7	INCLUDED_RELEASE_CANDIDATE	PROJECT_GENERATED_REDISTRIBUTABLE	SVTuner endpoint comparison, binary withholding and curve values	Fig. 5 binary-withholding table	visualizations/bioapp_experiment/bioapp_phase8_svtuner_vs_endpoint_evaluation_and_baseline_svtuner_comparison/withheld_roc_curve.csv	Quantitative derivative only; no provider raw matrix.
T4H-0411	SOURCE_VALUE_TABLE	reproducibility_release/release_candidate_v1.0/source_values/SV-0141_excluded_endpoint_360_spots.csv	SV-0141_excluded_endpoint_360_spots.csv	.csv	161473	2022b97d475f9a83ecbb14e2ed3a6a8fe47274ca	INCLUDED_RELEASE_CANDIDATE	PROJECT_GENERATED_REDISTRIBUTABLE	formal Fig. 5B analysis set and ROC/PR source values	Fig. 5 AUROC and average precision	visualizations/bioapp_experiment/fig5b_auprc_formal_audit/excluded_endpoint_360_spots.csv	Quantitative derivative only; no provider raw matrix.
T4H-0412	SOURCE_VALUE_TABLE	reproducibility_release/release_candidate_v1.0/source_values/SV-0142_formal_analysis_1888_spots.csv	SV-0142_formal_analysis_1888_spots.csv	.csv	800314	9cab1a14a3d6f43c7aef2153ddfc7f212eecc6f7	INCLUDED_RELEASE_CANDIDATE	PROJECT_GENERATED_REDISTRIBUTABLE	formal Fig. 5B analysis set and ROC/PR source values	Fig. 5 AUROC and average precision	visualizations/bioapp_experiment/fig5b_auprc_formal_audit/formal_analysis_1888_spots.csv	Quantitative derivative only; no provider raw matrix.
T4H-0413	SOURCE_VALUE_TABLE	reproducibility_release/release_candidate_v1.0/source_values/SV-0143_precision_recall_curve.csv	SV-0143_precision_recall_curve.csv	.csv	116103	c549097da29cd77554643b3b34333d45195eae72	INCLUDED_RELEASE_CANDIDATE	PROJECT_GENERATED_REDISTRIBUTABLE	formal Fig. 5B analysis set and ROC/PR source values	Fig. 5 AUROC and average precision	visualizations/bioapp_experiment/fig5b_auprc_formal_audit/precision_recall_curve.csv	Quantitative derivative only; no provider raw matrix.
T4H-0414	SOURCE_VALUE_TABLE	reproducibility_release/release_candidate_v1.0/source_values/SV-0144_roc_curve.csv	SV-0144_roc_curve.csv	.csv	13848	268a8fa4e14699666efcd73814f4c2be400de14e	INCLUDED_RELEASE_CANDIDATE	PROJECT_GENERATED_REDISTRIBUTABLE	formal Fig. 5B analysis set and ROC/PR source values	Fig. 5 AUROC and average precision	visualizations/bioapp_experiment/fig5b_auprc_formal_audit/roc_curve.csv	Quantitative derivative only; no provider raw matrix.
T4H-0415	SOURCE_VALUE_TABLE	reproducibility_release/release_candidate_v1.0/source_values/SV-0145_phase_d0_frozen_morphology_domain_and_boundary_by_spot.csv	SV-0145_phase_d0_frozen_morphology_domain_and_boundary_by_spot.csv	.csv	992282	cc6b729faca0aa45be77f3f3759d04a6a99aed7f	INCLUDED_RELEASE_CANDIDATE	PROJECT_GENERATED_REDISTRIBUTABLE	morphology/interface/microenvironment source values	Fig. 5 morphology, interface and microenvironment analyses	visualizations/bioapp_experiment/bioapp_downstream_phase_d0_morphology_domain_boundary_freeze/phase_d0_frozen_morphology_domain_and_boundary_by_spot.csv	Quantitative derivative only; no provider raw matrix.
T4H-0416	SOURCE_VALUE_TABLE	reproducibility_release/release_candidate_v1.0/source_values/SV-0146_phase_d0_interface_band_by_domain.csv	SV-0146_phase_d0_interface_band_by_domain.csv	.csv	274	d32b59c5a7b9d6b37b45957345c5544f302b232f	INCLUDED_RELEASE_CANDIDATE	PROJECT_GENERATED_REDISTRIBUTABLE	morphology/interface/microenvironment source values	Fig. 5 morphology, interface and microenvironment analyses	visualizations/bioapp_experiment/bioapp_downstream_phase_d0_morphology_domain_boundary_freeze/phase_d0_interface_band_by_domain.csv	Quantitative derivative only; no provider raw matrix.
T4H-0417	SOURCE_VALUE_TABLE	reproducibility_release/release_candidate_v1.0/source_values/SV-0147_panel_g_morphology_domain_concordance_summary.csv	SV-0147_panel_g_morphology_domain_concordance_summary.csv	.csv	780	17acd78568612323892eacb513baf44312e77754	INCLUDED_RELEASE_CANDIDATE	PROJECT_GENERATED_REDISTRIBUTABLE	morphology/interface/microenvironment source values	Fig. 5 morphology, interface and microenvironment analyses	visualizations/bioapp_experiment/bioapp_downstream_phase_d1_morphology_and_interface_analysis/panel_g_morphology_domain_concordance_summary.csv	Quantitative derivative only; no provider raw matrix.
T4H-0418	SOURCE_VALUE_TABLE	reproducibility_release/release_candidate_v1.0/source_values/SV-0148_panel_h_tumor_stroma_interface_topology_summary.csv	SV-0148_panel_h_tumor_stroma_interface_topology_summary.csv	.csv	968	70e011aa5ae9048fa58d3d871c5a51cab30f8d4b	INCLUDED_RELEASE_CANDIDATE	PROJECT_GENERATED_REDISTRIBUTABLE	morphology/interface/microenvironment source values	Fig. 5 morphology, interface and microenvironment analyses	visualizations/bioapp_experiment/bioapp_downstream_phase_d1_morphology_and_interface_analysis/panel_h_tumor_stroma_interface_topology_summary.csv	Quantitative derivative only; no provider raw matrix.
T4H-0419	SOURCE_VALUE_TABLE	reproducibility_release/release_candidate_v1.0/source_values/SV-0149_phase_d1_downstream_analysis_by_spot.csv	SV-0149_phase_d1_downstream_analysis_by_spot.csv	.csv	1581872	b421fec935ca11698ff4aaebd1e803106856343a	INCLUDED_RELEASE_CANDIDATE	PROJECT_GENERATED_REDISTRIBUTABLE	morphology/interface/microenvironment source values	Fig. 5 morphology, interface and microenvironment analyses	visualizations/bioapp_experiment/bioapp_downstream_phase_d1_morphology_and_interface_analysis/phase_d1_downstream_analysis_by_spot.csv	Quantitative derivative only; no provider raw matrix.
T4H-0420	SOURCE_VALUE_TABLE	reproducibility_release/release_candidate_v1.0/source_values/SV-0150_bootstrap_results.csv	SV-0150_bootstrap_results.csv	.csv	3169	7a41791f272f1b272cfdd1edfdf1dce57e1181ce	INCLUDED_RELEASE_CANDIDATE	PROJECT_GENERATED_REDISTRIBUTABLE	morphology/interface/microenvironment source values	Fig. 5 morphology, interface and microenvironment analyses	visualizations/bioapp_experiment/bioapp_downstream_phase_d2_statistical_strengthening/bootstrap_results.csv	Quantitative derivative only; no provider raw matrix.
T4H-0421	SOURCE_VALUE_TABLE	reproducibility_release/release_candidate_v1.0/source_values/SV-0151_panel_g_statistics.csv	SV-0151_panel_g_statistics.csv	.csv	1085	4a78e758575a9c1adbee4e2b29a80f30e641e9b0	INCLUDED_RELEASE_CANDIDATE	PROJECT_GENERATED_REDISTRIBUTABLE	morphology/interface/microenvironment source values	Fig. 5 morphology, interface and microenvironment analyses	visualizations/bioapp_experiment/bioapp_downstream_phase_d2_statistical_strengthening/panel_g_statistics.csv	Quantitative derivative only; no provider raw matrix.
T4H-0422	SOURCE_VALUE_TABLE	reproducibility_release/release_candidate_v1.0/source_values/SV-0152_panel_h_statistics.csv	SV-0152_panel_h_statistics.csv	.csv	1349	ba410a149034f24b8311d9dd5a7314de65aaab28	INCLUDED_RELEASE_CANDIDATE	PROJECT_GENERATED_REDISTRIBUTABLE	morphology/interface/microenvironment source values	Fig. 5 morphology, interface and microenvironment analyses	visualizations/bioapp_experiment/bioapp_downstream_phase_d2_statistical_strengthening/panel_h_statistics.csv	Quantitative derivative only; no provider raw matrix.
T4H-0423	SOURCE_VALUE_TABLE	reproducibility_release/release_candidate_v1.0/source_values/SV-0153_permutation_results.csv	SV-0153_permutation_results.csv	.csv	651853	5d716a79fc3d098baafff765e836c71629107644	INCLUDED_RELEASE_CANDIDATE	PROJECT_GENERATED_REDISTRIBUTABLE	morphology/interface/microenvironment source values	Fig. 5 morphology, interface and microenvironment analyses	visualizations/bioapp_experiment/bioapp_downstream_phase_d2_statistical_strengthening/permutation_results.csv	Quantitative derivative only; no provider raw matrix.
T4H-0424	SOURCE_VALUE_TABLE	reproducibility_release/release_candidate_v1.0/source_values/SV-0154_bootstrap_results.csv	SV-0154_bootstrap_results.csv	.csv	1936	8e39d8ae5399b5d37ff357144ce83808bde787e4	INCLUDED_RELEASE_CANDIDATE	PROJECT_GENERATED_REDISTRIBUTABLE	morphology/interface/microenvironment source values	Fig. 5 morphology, interface and microenvironment analyses	visualizations/bioapp_experiment/bioapp_downstream_phase_d3_microenvironment_context_validation/bootstrap_results.csv	Quantitative derivative only; no provider raw matrix.
T4H-0425	SOURCE_VALUE_TABLE	reproducibility_release/release_candidate_v1.0/source_values/SV-0155_moran_statistics.csv	SV-0155_moran_statistics.csv	.csv	294	607326d839f5dc4f406e9762008f43c46ac01c3d	INCLUDED_RELEASE_CANDIDATE	PROJECT_GENERATED_REDISTRIBUTABLE	morphology/interface/microenvironment source values	Fig. 5 morphology, interface and microenvironment analyses	visualizations/bioapp_experiment/bioapp_downstream_phase_d3_microenvironment_context_validation/moran_statistics.csv	Quantitative derivative only; no provider raw matrix.
T4H-0426	SOURCE_VALUE_TABLE	reproducibility_release/release_candidate_v1.0/source_values/SV-0156_neighbor_enrichment.csv	SV-0156_neighbor_enrichment.csv	.csv	1640	69aae9775488aa7d1ef6d138eb2e8d2512b7a2c2	INCLUDED_RELEASE_CANDIDATE	PROJECT_GENERATED_REDISTRIBUTABLE	morphology/interface/microenvironment source values	Fig. 5 morphology, interface and microenvironment analyses	visualizations/bioapp_experiment/bioapp_downstream_phase_d3_microenvironment_context_validation/neighbor_enrichment.csv	Quantitative derivative only; no provider raw matrix.
T4H-0427	SOURCE_VALUE_TABLE	reproducibility_release/release_candidate_v1.0/source_values/SV-0157_niche_assignment.csv	SV-0157_niche_assignment.csv	.csv	235429	4d53f58dadeb7338a537e263b8cbcb6acb22e58c	INCLUDED_RELEASE_CANDIDATE	PROJECT_GENERATED_REDISTRIBUTABLE	morphology/interface/microenvironment source values	Fig. 5 morphology, interface and microenvironment analyses	visualizations/bioapp_experiment/bioapp_downstream_phase_d3_microenvironment_context_validation/niche_assignment.csv	Quantitative derivative only; no provider raw matrix.
T4H-0428	SOURCE_VALUE_TABLE	reproducibility_release/release_candidate_v1.0/source_values/SV-0158_niche_statistics.csv	SV-0158_niche_statistics.csv	.csv	438	9200b0648d9747892c91f18f4bc59e50b40e1331	INCLUDED_RELEASE_CANDIDATE	PROJECT_GENERATED_REDISTRIBUTABLE	morphology/interface/microenvironment source values	Fig. 5 morphology, interface and microenvironment analyses	visualizations/bioapp_experiment/bioapp_downstream_phase_d3_microenvironment_context_validation/niche_statistics.csv	Quantitative derivative only; no provider raw matrix.
T4H-0429	SOURCE_VALUE_TABLE	reproducibility_release/release_candidate_v1.0/source_values/SV-0159_niche_summary.csv	SV-0159_niche_summary.csv	.csv	1039	ec3bb9e92845d7160888488284532d2a388835e6	INCLUDED_RELEASE_CANDIDATE	PROJECT_GENERATED_REDISTRIBUTABLE	morphology/interface/microenvironment source values	Fig. 5 morphology, interface and microenvironment analyses	visualizations/bioapp_experiment/bioapp_downstream_phase_d3_microenvironment_context_validation/niche_summary.csv	Quantitative derivative only; no provider raw matrix.
T4H-0430	SOURCE_VALUE_TABLE	reproducibility_release/release_candidate_v1.0/source_values/SV-0160_permutation_results.csv	SV-0160_permutation_results.csv	.csv	1422479	46f96282af329a3d78ad2d1e269fb626d70decb9	INCLUDED_RELEASE_CANDIDATE	PROJECT_GENERATED_REDISTRIBUTABLE	morphology/interface/microenvironment source values	Fig. 5 morphology, interface and microenvironment analyses	visualizations/bioapp_experiment/bioapp_downstream_phase_d3_microenvironment_context_validation/permutation_results.csv	Quantitative derivative only; no provider raw matrix.
T4H-0431	SOURCE_VALUE_TABLE	reproducibility_release/release_candidate_v1.0/source_values/SV-0161_spot_microenvironment_table.csv	SV-0161_spot_microenvironment_table.csv	.csv	562991	b45ac89f5c8bbb0b0c2cb1e326d8023451acfef4	INCLUDED_RELEASE_CANDIDATE	PROJECT_GENERATED_REDISTRIBUTABLE	morphology/interface/microenvironment source values	Fig. 5 morphology, interface and microenvironment analyses	visualizations/bioapp_experiment/bioapp_downstream_phase_d3_microenvironment_context_validation/spot_microenvironment_table.csv	Quantitative derivative only; no provider raw matrix.
T4H-0432	AUDIT_OR_PROVENANCE_RECORD	reproducibility_release/release_candidate_v1.0/audit_summaries/AUD-0001_README.md	AUD-0001_README.md	.md	2013	cd261b4a2df55e1a606c40374a63afa1c81630eb	INCLUDED_RELEASE_CANDIDATE	METADATA_ONLY	final decision/evidence record	dataset/experiment/software/Fig. 2/Fig. 5/release audit	visualizations/manuscript_audits/dataset_provenance_formal_audit/README.md	
T4H-0433	AUDIT_OR_PROVENANCE_RECORD	reproducibility_release/release_candidate_v1.0/audit_summaries/AUD-0002_audit_summary.json	AUD-0002_audit_summary.json	.json	2443	4061ab0857d1f8ba1b97a4b5e83c5b8c58c5a865	INCLUDED_RELEASE_CANDIDATE	METADATA_ONLY	final decision/evidence record	dataset/experiment/software/Fig. 2/Fig. 5/release audit	visualizations/manuscript_audits/dataset_provenance_formal_audit/audit_summary.json	
T4H-0434	AUDIT_OR_PROVENANCE_RECORD	reproducibility_release/release_candidate_v1.0/audit_summaries/AUD-0003_final_decision.md	AUD-0003_final_decision.md	.md	5974	da00f462ec72a1aaa59df9847ff05e11640f6e64	INCLUDED_RELEASE_CANDIDATE	METADATA_ONLY	final decision/evidence record	dataset/experiment/software/Fig. 2/Fig. 5/release audit	visualizations/manuscript_audits/dataset_provenance_formal_audit/final_decision.md	
T4H-0435	AUDIT_OR_PROVENANCE_RECORD	reproducibility_release/release_candidate_v1.0/audit_summaries/AUD-0004_accession_type_audit.tsv	AUD-0004_accession_type_audit.tsv	.tsv	2524	7e6aca1bf55d4b341645768b29bc4678d3d1fd42	INCLUDED_RELEASE_CANDIDATE	METADATA_ONLY	final decision/evidence record	dataset/experiment/software/Fig. 2/Fig. 5/release audit	visualizations/manuscript_audits/dataset_provenance_formal_audit/accession_type_audit.tsv	
T4H-0436	AUDIT_OR_PROVENANCE_RECORD	reproducibility_release/release_candidate_v1.0/audit_summaries/AUD-0005_official_source_registry.tsv	AUD-0005_official_source_registry.tsv	.tsv	22794	d46619dc6fb8bddce30da12d87ccd3aadc36dc76	INCLUDED_RELEASE_CANDIDATE	METADATA_ONLY	final decision/evidence record	dataset/experiment/software/Fig. 2/Fig. 5/release audit	visualizations/manuscript_audits/dataset_provenance_formal_audit/official_source_registry.tsv	
T4H-0437	AUDIT_OR_PROVENANCE_RECORD	reproducibility_release/release_candidate_v1.0/audit_summaries/AUD-0006_unresolved_records.tsv	AUD-0006_unresolved_records.tsv	.tsv	3386	8f4451291577f869aafa6594f673ed42eeace56b	INCLUDED_RELEASE_CANDIDATE	METADATA_ONLY	final decision/evidence record	dataset/experiment/software/Fig. 2/Fig. 5/release audit	visualizations/manuscript_audits/dataset_provenance_formal_audit/unresolved_records.tsv	
T4H-0438	AUDIT_OR_PROVENANCE_RECORD	reproducibility_release/release_candidate_v1.0/audit_summaries/AUD-0007_README.md	AUD-0007_README.md	.md	1190	2adb81dad4692cfa74c1b1a2cb6b589e787d173c	INCLUDED_RELEASE_CANDIDATE	METADATA_ONLY	final decision/evidence record	dataset/experiment/software/Fig. 2/Fig. 5/release audit	visualizations/manuscript_audits/dataset_provenance_major_evidence_recovery/README.md	
T4H-0439	AUDIT_OR_PROVENANCE_RECORD	reproducibility_release/release_candidate_v1.0/audit_summaries/AUD-0008_audit_summary.json	AUD-0008_audit_summary.json	.json	1156	ffd4da564c4f150cb214b017adb25dd3cf0ac0cc	INCLUDED_RELEASE_CANDIDATE	METADATA_ONLY	final decision/evidence record	dataset/experiment/software/Fig. 2/Fig. 5/release audit	visualizations/manuscript_audits/dataset_provenance_major_evidence_recovery/audit_summary.json	
T4H-0440	AUDIT_OR_PROVENANCE_RECORD	reproducibility_release/release_candidate_v1.0/audit_summaries/AUD-0009_final_decision.md	AUD-0009_final_decision.md	.md	3607	a99d9f3611663ecfba16dbf38827ba38d62bde8b	INCLUDED_RELEASE_CANDIDATE	METADATA_ONLY	final decision/evidence record	dataset/experiment/software/Fig. 2/Fig. 5/release audit	visualizations/manuscript_audits/dataset_provenance_major_evidence_recovery/final_decision.md	
T4H-0441	AUDIT_OR_PROVENANCE_RECORD	reproducibility_release/release_candidate_v1.0/audit_summaries/AUD-0010_heca_input_file_inventory.tsv	AUD-0010_heca_input_file_inventory.tsv	.tsv	2619	b16637d95a65033f1ead279f34b8671404b045a5	INCLUDED_RELEASE_CANDIDATE	METADATA_ONLY	final decision/evidence record	dataset/experiment/software/Fig. 2/Fig. 5/release audit	visualizations/manuscript_audits/dataset_provenance_major_evidence_recovery/heca_input_file_inventory.tsv	
T4H-0442	AUDIT_OR_PROVENANCE_RECORD	reproducibility_release/release_candidate_v1.0/audit_summaries/AUD-0011_heca_reference_lineage_audit.tsv	AUD-0011_heca_reference_lineage_audit.tsv	.tsv	5649	51ebaf613f903e929089ab82ece60b79fb50a9a2	INCLUDED_RELEASE_CANDIDATE	METADATA_ONLY	final decision/evidence record	dataset/experiment/software/Fig. 2/Fig. 5/release audit	visualizations/manuscript_audits/dataset_provenance_major_evidence_recovery/heca_reference_lineage_audit.tsv	
T4H-0443	AUDIT_OR_PROVENANCE_RECORD	reproducibility_release/release_candidate_v1.0/audit_summaries/AUD-0012_cta_metadata_recovery.tsv	AUD-0012_cta_metadata_recovery.tsv	.tsv	7949	658cf655a66c5819a981fe40e5d51fd049229966	INCLUDED_RELEASE_CANDIDATE	METADATA_ONLY	final decision/evidence record	dataset/experiment/software/Fig. 2/Fig. 5/release audit	visualizations/manuscript_audits/dataset_provenance_major_evidence_recovery/cta_metadata_recovery.tsv	
T4H-0444	AUDIT_OR_PROVENANCE_RECORD	reproducibility_release/release_candidate_v1.0/audit_summaries/AUD-0013_vizgen_release_evidence.tsv	AUD-0013_vizgen_release_evidence.tsv	.tsv	4569	cc1a52ff67df11986dd96fb4d4b3a105bb8037bc	INCLUDED_RELEASE_CANDIDATE	METADATA_ONLY	final decision/evidence record	dataset/experiment/software/Fig. 2/Fig. 5/release audit	visualizations/manuscript_audits/dataset_provenance_major_evidence_recovery/vizgen_release_evidence.tsv	
T4H-0445	AUDIT_OR_PROVENANCE_RECORD	reproducibility_release/release_candidate_v1.0/audit_summaries/AUD-0014_vizgen_sample_file_inventory.tsv	AUD-0014_vizgen_sample_file_inventory.tsv	.tsv	15417	9ddf46440ce89fa30ea01856ac180596638484ba	INCLUDED_RELEASE_CANDIDATE	METADATA_ONLY	final decision/evidence record	dataset/experiment/software/Fig. 2/Fig. 5/release audit	visualizations/manuscript_audits/dataset_provenance_major_evidence_recovery/vizgen_sample_file_inventory.tsv	
T4H-0446	AUDIT_OR_PROVENANCE_RECORD	reproducibility_release/release_candidate_v1.0/audit_summaries/AUD-0015_unresolved_after_task4b2.tsv	AUD-0015_unresolved_after_task4b2.tsv	.tsv	4722	f65e6593570811625a87be5a6217d5b70763ffae	INCLUDED_RELEASE_CANDIDATE	METADATA_ONLY	final decision/evidence record	dataset/experiment/software/Fig. 2/Fig. 5/release audit	visualizations/manuscript_audits/dataset_provenance_major_evidence_recovery/unresolved_after_task4b2.tsv	
T4H-0447	AUDIT_OR_PROVENANCE_RECORD	reproducibility_release/release_candidate_v1.0/audit_summaries/AUD-0016_README.md	AUD-0016_README.md	.md	798	7d9f36fb856dc496f2d9f19ee0227b5eb202474e	INCLUDED_RELEASE_CANDIDATE	METADATA_ONLY	final decision/evidence record	dataset/experiment/software/Fig. 2/Fig. 5/release audit	visualizations/manuscript_audits/software_and_nnls_formal_audit/README.md	
T4H-0448	AUDIT_OR_PROVENANCE_RECORD	reproducibility_release/release_candidate_v1.0/audit_summaries/AUD-0017_audit_summary.json	AUD-0017_audit_summary.json	.json	1603	a0b304f84b5ecee5c500403305e4984f74aed24b	INCLUDED_RELEASE_CANDIDATE	METADATA_ONLY	final decision/evidence record	dataset/experiment/software/Fig. 2/Fig. 5/release audit	visualizations/manuscript_audits/software_and_nnls_formal_audit/audit_summary.json	
T4H-0449	AUDIT_OR_PROVENANCE_RECORD	reproducibility_release/release_candidate_v1.0/audit_summaries/AUD-0018_final_decision.md	AUD-0018_final_decision.md	.md	2404	4e8f138b7ef34fbe0caafad28eca30b7c07e9f78	INCLUDED_RELEASE_CANDIDATE	METADATA_ONLY	final decision/evidence record	dataset/experiment/software/Fig. 2/Fig. 5/release audit	visualizations/manuscript_audits/software_and_nnls_formal_audit/final_decision.md	
T4H-0450	AUDIT_OR_PROVENANCE_RECORD	reproducibility_release/release_candidate_v1.0/audit_summaries/AUD-0019_python_solver_version_audit.tsv	AUD-0019_python_solver_version_audit.tsv	.tsv	2195	016cb466353e47ab1c664e7346ff2e161f6901b0	INCLUDED_RELEASE_CANDIDATE	METADATA_ONLY	final decision/evidence record	dataset/experiment/software/Fig. 2/Fig. 5/release audit	visualizations/manuscript_audits/software_and_nnls_formal_audit/python_solver_version_audit.tsv	
T4H-0451	AUDIT_OR_PROVENANCE_RECORD	reproducibility_release/release_candidate_v1.0/audit_summaries/AUD-0020_seurat_version_audit.tsv	AUD-0020_seurat_version_audit.tsv	.tsv	3253	b23e2cc8678ae25333c647d1a5fcc5c5924e97d2	INCLUDED_RELEASE_CANDIDATE	METADATA_ONLY	final decision/evidence record	dataset/experiment/software/Fig. 2/Fig. 5/release audit	visualizations/manuscript_audits/software_and_nnls_formal_audit/seurat_version_audit.tsv	
T4H-0452	AUDIT_OR_PROVENANCE_RECORD	reproducibility_release/release_candidate_v1.0/audit_summaries/AUD-0021_stage3b_nnls_implementation_audit.tsv	AUD-0021_stage3b_nnls_implementation_audit.tsv	.tsv	2361	14e0ae149d4bd6be207d26c6af3e3136422047b0	INCLUDED_RELEASE_CANDIDATE	METADATA_ONLY	final decision/evidence record	dataset/experiment/software/Fig. 2/Fig. 5/release audit	visualizations/manuscript_audits/software_and_nnls_formal_audit/stage3b_nnls_implementation_audit.tsv	
T4H-0453	AUDIT_OR_PROVENANCE_RECORD	reproducibility_release/release_candidate_v1.0/audit_summaries/AUD-0022_stage3b_math_consistency_audit.tsv	AUD-0022_stage3b_math_consistency_audit.tsv	.tsv	3879	b43b6569a2e21cb4c2e3e2cd74375bac503f7cd6	INCLUDED_RELEASE_CANDIDATE	METADATA_ONLY	final decision/evidence record	dataset/experiment/software/Fig. 2/Fig. 5/release audit	visualizations/manuscript_audits/software_and_nnls_formal_audit/stage3b_math_consistency_audit.tsv	
T4H-0454	AUDIT_OR_PROVENANCE_RECORD	reproducibility_release/release_candidate_v1.0/audit_summaries/AUD-0023_unresolved_software_records.tsv	AUD-0023_unresolved_software_records.tsv	.tsv	1392	79cf95328c697c81c7036c9053256ecf1dc0dca9	INCLUDED_RELEASE_CANDIDATE	METADATA_ONLY	final decision/evidence record	dataset/experiment/software/Fig. 2/Fig. 5/release audit	visualizations/manuscript_audits/software_and_nnls_formal_audit/unresolved_software_records.tsv	
T4H-0455	AUDIT_OR_PROVENANCE_RECORD	reproducibility_release/release_candidate_v1.0/audit_summaries/AUD-0024_README.md	AUD-0024_README.md	.md	2450	edde551f6ac0abd7b53f8439bd8699f53fb8fccf	INCLUDED_RELEASE_CANDIDATE	METADATA_ONLY	final decision/evidence record	dataset/experiment/software/Fig. 2/Fig. 5/release audit	visualizations/manuscript_audits/fig2_enrichment_backend_formal_audit/README.md	
T4H-0456	AUDIT_OR_PROVENANCE_RECORD	reproducibility_release/release_candidate_v1.0/audit_summaries/AUD-0025_audit_summary.json	AUD-0025_audit_summary.json	.json	4593	ab8582007fc0db200bae3c2a1052325da0b0a7d7	INCLUDED_RELEASE_CANDIDATE	METADATA_ONLY	final decision/evidence record	dataset/experiment/software/Fig. 2/Fig. 5/release audit	visualizations/manuscript_audits/fig2_enrichment_backend_formal_audit/audit_summary.json	
T4H-0457	AUDIT_OR_PROVENANCE_RECORD	reproducibility_release/release_candidate_v1.0/audit_summaries/AUD-0026_final_decision.md	AUD-0026_final_decision.md	.md	2000	661b408c62c3892b6be6aabc9e5a2a071f3ba154	INCLUDED_RELEASE_CANDIDATE	METADATA_ONLY	final decision/evidence record	dataset/experiment/software/Fig. 2/Fig. 5/release audit	visualizations/manuscript_audits/fig2_enrichment_backend_formal_audit/final_decision.md	
T4H-0458	AUDIT_OR_PROVENANCE_RECORD	reproducibility_release/release_candidate_v1.0/audit_summaries/AUD-0027_backend_decision_by_panel.tsv	AUD-0027_backend_decision_by_panel.tsv	.tsv	4384	28e0d850a7f3931a500b1257d688a8f675ffa803	INCLUDED_RELEASE_CANDIDATE	METADATA_ONLY	final decision/evidence record	dataset/experiment/software/Fig. 2/Fig. 5/release audit	visualizations/manuscript_audits/fig2_enrichment_backend_formal_audit/backend_decision_by_panel.tsv	
T4H-0459	AUDIT_OR_PROVENANCE_RECORD	reproducibility_release/release_candidate_v1.0/audit_summaries/AUD-0028_formal_fig2_source_value_inventory.tsv	AUD-0028_formal_fig2_source_value_inventory.tsv	.tsv	4546	83c628e4995c75858aff28ecd15bfe7e35902e4f	INCLUDED_RELEASE_CANDIDATE	METADATA_ONLY	final decision/evidence record	dataset/experiment/software/Fig. 2/Fig. 5/release audit	visualizations/manuscript_audits/fig2_enrichment_backend_formal_audit/formal_fig2_source_value_inventory.tsv	
T4H-0460	AUDIT_OR_PROVENANCE_RECORD	reproducibility_release/release_candidate_v1.0/audit_summaries/AUD-0029_formal_source_value_consistency.tsv	AUD-0029_formal_source_value_consistency.tsv	.tsv	5030	ff5b383a3345466372a775a3968d5c5423f860d3	INCLUDED_RELEASE_CANDIDATE	METADATA_ONLY	final decision/evidence record	dataset/experiment/software/Fig. 2/Fig. 5/release audit	visualizations/manuscript_audits/fig2_enrichment_backend_formal_audit/formal_source_value_consistency.tsv	
T4H-0461	AUDIT_OR_PROVENANCE_RECORD	reproducibility_release/release_candidate_v1.0/audit_summaries/AUD-0030_README.md	AUD-0030_README.md	.md	2140	da83cf1f0238178d1ff3fe89406782a068dcfa20	INCLUDED_RELEASE_CANDIDATE	METADATA_ONLY	final decision/evidence record	dataset/experiment/software/Fig. 2/Fig. 5/release audit	visualizations/manuscript_audits/manifest_reconciliation_and_freeze_candidate/README.md	
T4H-0462	AUDIT_OR_PROVENANCE_RECORD	reproducibility_release/release_candidate_v1.0/audit_summaries/AUD-0031_audit_summary.json	AUD-0031_audit_summary.json	.json	3017	7ad10762c19fec26d459b274b05fc748bef3a721	INCLUDED_RELEASE_CANDIDATE	METADATA_ONLY	final decision/evidence record	dataset/experiment/software/Fig. 2/Fig. 5/release audit	visualizations/manuscript_audits/manifest_reconciliation_and_freeze_candidate/audit_summary.json	
T4H-0463	AUDIT_OR_PROVENANCE_RECORD	reproducibility_release/release_candidate_v1.0/audit_summaries/AUD-0032_final_decision.md	AUD-0032_final_decision.md	.md	1887	86fd5392b7a1b284f122ec0a40b3710fe4a1b129	INCLUDED_RELEASE_CANDIDATE	METADATA_ONLY	final decision/evidence record	dataset/experiment/software/Fig. 2/Fig. 5/release audit	visualizations/manuscript_audits/manifest_reconciliation_and_freeze_candidate/final_decision.md	
T4H-0464	AUDIT_OR_PROVENANCE_RECORD	reproducibility_release/release_candidate_v1.0/audit_summaries/AUD-0033_manuscript_manifest_reconciliation.tsv	AUD-0033_manuscript_manifest_reconciliation.tsv	.tsv	73381	49d8f04e3e68fa2aefd027c9c87fce784bdf8ded	INCLUDED_RELEASE_CANDIDATE	METADATA_ONLY	final decision/evidence record	dataset/experiment/software/Fig. 2/Fig. 5/release audit	visualizations/manuscript_audits/manifest_reconciliation_and_freeze_candidate/manuscript_manifest_reconciliation.tsv	
T4H-0465	AUDIT_OR_PROVENANCE_RECORD	reproducibility_release/release_candidate_v1.0/audit_summaries/AUD-0034_redistribution_classification.tsv	AUD-0034_redistribution_classification.tsv	.tsv	36981	56fb3abe1c479f9e4834d506c17dec59cf05c927	INCLUDED_RELEASE_CANDIDATE	METADATA_ONLY	final decision/evidence record	dataset/experiment/software/Fig. 2/Fig. 5/release audit	visualizations/manuscript_audits/manifest_reconciliation_and_freeze_candidate/redistribution_classification.tsv	
T4H-0466	AUDIT_OR_PROVENANCE_RECORD	reproducibility_release/release_candidate_v1.0/audit_summaries/AUD-0035_unresolved_nonblocking_records.tsv	AUD-0035_unresolved_nonblocking_records.tsv	.tsv	3233	7a5b5157ca8e6fceec1b35fa8656288cdebf517c	INCLUDED_RELEASE_CANDIDATE	METADATA_ONLY	final decision/evidence record	dataset/experiment/software/Fig. 2/Fig. 5/release audit	visualizations/manuscript_audits/manifest_reconciliation_and_freeze_candidate/unresolved_nonblocking_records.tsv	
T4H-0467	AUDIT_OR_PROVENANCE_RECORD	reproducibility_release/release_candidate_v1.0/audit_summaries/AUD-0036_validation_checks.tsv	AUD-0036_validation_checks.tsv	.tsv	1053	96e3dd97a62634e08a34e647df72692f01855a25	INCLUDED_RELEASE_CANDIDATE	METADATA_ONLY	final decision/evidence record	dataset/experiment/software/Fig. 2/Fig. 5/release audit	visualizations/manuscript_audits/manifest_reconciliation_and_freeze_candidate/validation_checks.tsv	
T4H-0468	AUDIT_OR_PROVENANCE_RECORD	reproducibility_release/release_candidate_v1.0/audit_summaries/AUD-0037_README.md	AUD-0037_README.md	.md	1262	376c3e423da501577c955d8f3b41bd20921822df	INCLUDED_RELEASE_CANDIDATE	METADATA_ONLY	final decision/evidence record	dataset/experiment/software/Fig. 2/Fig. 5/release audit	visualizations/bioapp_experiment/fig5b_auprc_formal_audit/README.md	
T4H-0469	AUDIT_OR_PROVENANCE_RECORD	reproducibility_release/release_candidate_v1.0/audit_summaries/AUD-0038_audit_summary.json	AUD-0038_audit_summary.json	.json	3248	ac200ef7424f6a175b15b9906dbd1fcf00bbe58a	INCLUDED_RELEASE_CANDIDATE	METADATA_ONLY	final decision/evidence record	dataset/experiment/software/Fig. 2/Fig. 5/release audit	visualizations/bioapp_experiment/fig5b_auprc_formal_audit/audit_summary.json	
T4H-0470	AUDIT_OR_PROVENANCE_RECORD	reproducibility_release/release_candidate_v1.0/audit_summaries/AUD-0039_final_decision.md	AUD-0039_final_decision.md	.md	6178	36c2f3fd0ddb4666e53cc43a69eb2a40a62e1618	INCLUDED_RELEASE_CANDIDATE	METADATA_ONLY	final decision/evidence record	dataset/experiment/software/Fig. 2/Fig. 5/release audit	visualizations/bioapp_experiment/fig5b_auprc_formal_audit/final_decision.md	
T4H-0471	AUDIT_OR_PROVENANCE_RECORD	reproducibility_release/release_candidate_v1.0/audit_summaries/AUD-0040_input_file_hashes.tsv	AUD-0040_input_file_hashes.tsv	.tsv	1921	62d303768e997b614c5c8f5a4e3091733085785a	INCLUDED_RELEASE_CANDIDATE	METADATA_ONLY	final decision/evidence record	dataset/experiment/software/Fig. 2/Fig. 5/release audit	visualizations/bioapp_experiment/fig5b_auprc_formal_audit/input_file_hashes.tsv	
T4H-0472	AUDIT_OR_PROVENANCE_RECORD	reproducibility_release/release_candidate_v1.0/audit_summaries/AUD-0041_value_provenance.tsv	AUD-0041_value_provenance.tsv	.tsv	3106	b8efe47c95ee1bac83d0869c2e3886eeaefcdd5b	INCLUDED_RELEASE_CANDIDATE	METADATA_ONLY	final decision/evidence record	dataset/experiment/software/Fig. 2/Fig. 5/release audit	visualizations/bioapp_experiment/fig5b_auprc_formal_audit/value_provenance.tsv	
T4H-0473	AUDIT_OR_PROVENANCE_RECORD	reproducibility_release/release_candidate_v1.0/audit_summaries/AUD-0042_bioapp_registration_recovery_summary.json	AUD-0042_bioapp_registration_recovery_summary.json	.json	1293	e17261ab7a4d051c4e68cbd0b78db66294d4d6a7	INCLUDED_RELEASE_CANDIDATE	METADATA_ONLY	final decision/evidence record	dataset/experiment/software/Fig. 2/Fig. 5/release audit	visualizations/bioapp_experiment/bioapp_coordinate_registration_recovery_audit/bioapp_registration_recovery_summary.json	
T4H-0474	AUDIT_OR_PROVENANCE_RECORD	reproducibility_release/release_candidate_v1.0/audit_summaries/AUD-0043_bioapp_registration_recovery_decision.md	AUD-0043_bioapp_registration_recovery_decision.md	.md	1912	a75038b5085ebbf8d25fe15c5550a44e2f622881	INCLUDED_RELEASE_CANDIDATE	METADATA_ONLY	final decision/evidence record	dataset/experiment/software/Fig. 2/Fig. 5/release audit	visualizations/bioapp_experiment/bioapp_coordinate_registration_recovery_audit/bioapp_registration_recovery_decision.md	
T4H-0475	AUDIT_OR_PROVENANCE_RECORD	reproducibility_release/release_candidate_v1.0/audit_summaries/AUD-0044_bioapp_image_slot_scale_factor_audit.csv	AUD-0044_bioapp_image_slot_scale_factor_audit.csv	.csv	302	e27c28beefab1dd9db3001cf5b10d1b1a7bd3aa1	INCLUDED_RELEASE_CANDIDATE	METADATA_ONLY	final decision/evidence record	dataset/experiment/software/Fig. 2/Fig. 5/release audit	visualizations/bioapp_experiment/bioapp_coordinate_registration_recovery_audit/bioapp_image_slot_scale_factor_audit.csv	
T4H-0476	AUDIT_OR_PROVENANCE_RECORD	reproducibility_release/release_candidate_v1.0/audit_summaries/AUD-0045_bioapp_v2_6_coordinate_provenance_summary.json	AUD-0045_bioapp_v2_6_coordinate_provenance_summary.json	.json	1635	fa2a8edca15f20fbe5e3404a8d272c4c1a1dd68b	INCLUDED_RELEASE_CANDIDATE	METADATA_ONLY	final decision/evidence record	dataset/experiment/software/Fig. 2/Fig. 5/release audit	visualizations/bioapp_experiment/bioapp_figure_v2_6_frozen_spot_coordinate_provenance_audit/bioapp_v2_6_coordinate_provenance_summary.json	
T4H-0477	AUDIT_OR_PROVENANCE_RECORD	reproducibility_release/release_candidate_v1.0/audit_summaries/AUD-0046_bioapp_v2_6_coordinate_recovery_decision.md	AUD-0046_bioapp_v2_6_coordinate_recovery_decision.md	.md	2007	4581fa9f801848569127095637e5e27d37f97f91	INCLUDED_RELEASE_CANDIDATE	METADATA_ONLY	final decision/evidence record	dataset/experiment/software/Fig. 2/Fig. 5/release audit	visualizations/bioapp_experiment/bioapp_figure_v2_6_frozen_spot_coordinate_provenance_audit/bioapp_v2_6_coordinate_recovery_decision.md	
T4H-0478	AUDIT_OR_PROVENANCE_RECORD	reproducibility_release/release_candidate_v1.0/audit_summaries/AUD-0047_bioapp_v2_6_provenance_graph_edges.csv	AUD-0047_bioapp_v2_6_provenance_graph_edges.csv	.csv	2074	3bad94ddfdcf8c96e253b22d0915ada78b310a00	INCLUDED_RELEASE_CANDIDATE	METADATA_ONLY	final decision/evidence record	dataset/experiment/software/Fig. 2/Fig. 5/release audit	visualizations/bioapp_experiment/bioapp_figure_v2_6_frozen_spot_coordinate_provenance_audit/bioapp_v2_6_provenance_graph_edges.csv	
T4H-0479	AUDIT_OR_PROVENANCE_RECORD	reproducibility_release/release_candidate_v1.0/audit_summaries/AUD-0048_bioapp_phase9_final_audit_summary.json	AUD-0048_bioapp_phase9_final_audit_summary.json	.json	3605	0a6516e37cafe6f40254c56ba63fa944fdaa3d36	INCLUDED_RELEASE_CANDIDATE	METADATA_ONLY	final decision/evidence record	dataset/experiment/software/Fig. 2/Fig. 5/release audit	visualizations/bioapp_experiment/bioapp_phase9_final_biological_application_audit_figure_selection_interpretation_boundary_lock/bioapp_phase9_final_audit_summary.json	
T4H-0480	AUDIT_OR_PROVENANCE_RECORD	reproducibility_release/release_candidate_v1.0/audit_summaries/AUD-0049_bioapp_phase9_interpretation_boundary_lock.json	AUD-0049_bioapp_phase9_interpretation_boundary_lock.json	.json	1508	a5cc6d4f25668d91db46f966d7a78228ff3becbb	INCLUDED_RELEASE_CANDIDATE	METADATA_ONLY	final decision/evidence record	dataset/experiment/software/Fig. 2/Fig. 5/release audit	visualizations/bioapp_experiment/bioapp_phase9_final_biological_application_audit_figure_selection_interpretation_boundary_lock/bioapp_phase9_interpretation_boundary_lock.json	
T4H-0481	AUDIT_OR_PROVENANCE_RECORD	reproducibility_release/release_candidate_v1.0/audit_summaries/AUD-0050_bioapp_phase9_figure_selection_table.csv	AUD-0050_bioapp_phase9_figure_selection_table.csv	.csv	3327	28554b649f41d3e6c06adae28b3ab020a41d030f	INCLUDED_RELEASE_CANDIDATE	METADATA_ONLY	final decision/evidence record	dataset/experiment/software/Fig. 2/Fig. 5/release audit	visualizations/bioapp_experiment/bioapp_phase9_final_biological_application_audit_figure_selection_interpretation_boundary_lock/bioapp_phase9_figure_selection_table.csv	
T4H-0482	AUDIT_OR_PROVENANCE_RECORD	reproducibility_release/release_candidate_v1.0/audit_summaries/AUD-0051_manifest_v1.0_freeze_report.md	AUD-0051_manifest_v1.0_freeze_report.md	.md	2135	ed00f3643e577dea77f0b5d7248332ed5d022902	INCLUDED_RELEASE_CANDIDATE	METADATA_ONLY	final decision/evidence record	dataset/experiment/software/Fig. 2/Fig. 5/release audit	reproducibility_release/manifests/manifest_v1.0_freeze_report.md	
