file_id,file_path,file_type,row_count,column_count,columns,candidate_barcode_column,candidate_coordinate_columns,coordinate_min_x,coordinate_max_x,coordinate_min_y,coordinate_max_y,matches_2248_universe,matches_1888_main_analysis,contains_endpoint_labels,contains_baseline_burden,contains_withheld_score,contains_withheld_binary,contains_source_metadata,likely_phase,generated_by_script,notes
file_0001,visualizations/bioapp_figure_v2_5_online_he_spatial_bundle_provenance_audit/bioapp_v2_5_barcode_overlap_report.csv,.csv,18,8,candidate_id|source|frozen_spots|candidate_spots|overlap_spots|overlap_fraction|missing_from_candidate|extra_in_candidate,,,,,,,False,False,False,False,False,False,True,BioApp Figure V2.5,,
file_0002,visualizations/bioapp_figure_v2_5_online_he_spatial_bundle_provenance_audit/bioapp_v2_5_candidate_decision_table.csv,.csv,18,10,candidate_id|candidate_name|source|local_or_downloaded|official_or_primary|barcode_match_strength|coordinate_alignment_strength|selected_for_v3|decision_category|reason,barcode_match_strength,,,,,,False,False,False,False,False,False,True,BioApp Figure V2.5,,
file_0003,visualizations/bioapp_figure_v2_5_online_he_spatial_bundle_provenance_audit/bioapp_v2_5_coordinate_alignment_report.csv,.csv,18,13,candidate_id|coordinate_source|frozen_x_column|frozen_y_column|candidate_x_column|candidate_y_column|direct_rmse|tested_transforms|best_transform|post_transform_rmse|image_bounds_check|alignment_verified|reason,,,,,,,False,False,False,False,False,False,True,BioApp Figure V2.5,,
file_0004,visualizations/bioapp_figure_v2_5_online_he_spatial_bundle_provenance_audit/bioapp_v2_5_current_coordinate_provenance_report.json,.json,,10,frozen_spots|barcode_column|coordinate_columns|coordinate_interpretation|imagecol_min|imagecol_max|imagerow_min|imagerow_max|barcodes_look_like_10x_visium|sample_or_source_hints,barcode_column,imagecol_min|imagecol_max|imagerow_min|imagerow_max,,,,,False,False,False,False,False,False,True,BioApp Figure V2.5,,
file_0005,visualizations/bioapp_figure_v2_5_online_he_spatial_bundle_provenance_audit/bioapp_v2_5_downloaded_bundle_audit.csv,.csv,1,12,bundle_id|source_url|local_path|file_size|checksum|extracted_dir|tissue_image_found|scalefactors_found|tissue_positions_found|barcode_overlap|alignment_verified|notes,barcode_overlap,,,,,,False,False,False,False,False,False,True,BioApp Figure V2.5,,
file_0006,visualizations/bioapp_figure_v2_5_online_he_spatial_bundle_provenance_audit/bioapp_v2_5_guardrails.json,.json,,22,phase|decision|audit_only|layout_only|SVTuner_rerun|Stage3_rerun|Stage4_run|CytoSPACE_rerun|endpoint_redefined|new_biological_endpoint_introduced|threshold_selected_using_endpoint_labels|new_mapping_or_new_computation|data_changed|metrics_changed|threshold_changed|endpoint_labels_changed|conclusions_changed|external_image_used_as_background_without_verification|downloaded_bundle_used_for_visualization|downloaded_bundle_used_for_audit_only|all_quantitative_claims_based_on_full_frozen_analysis_set|guardrails_passed,,,,,,,False,False,True,False,False,False,False,BioApp Figure V2.5,,
file_0007,visualizations/bioapp_figure_v2_5_online_he_spatial_bundle_provenance_audit/bioapp_v2_5_local_spatial_bundle_audit.csv,.csv,18,13,candidate_id|spatial_dir|tissue_image|scalefactors_json|tissue_positions|barcode_overlap|barcode_overlap_fraction|direct_rmse_x|direct_rmse_y|best_transform_type|post_transform_rmse|alignment_verified|reason,barcode_overlap,,,,,,False,False,False,False,False,False,True,BioApp Figure V2.5,,
file_0008,visualizations/bioapp_figure_v2_5_online_he_spatial_bundle_provenance_audit/bioapp_v2_5_online_he_provenance_audit_summary.json,.json,,36,phase|decision|layout_only_audit|SVTuner_rerun|Stage3_rerun|Stage4_run|CytoSPACE_rerun|endpoint_redefined|data_changed|metrics_changed|threshold_changed|endpoint_labels_changed|conclusions_changed|current_frozen_spot_count|main_analysis_spots|candidate_online_sources_checked|candidate_bundles_downloaded|verified_tissue_bundle_found|verified_tissue_image_path|verified_scalefactors_json_path|verified_tissue_positions_path|barcode_overlap_with_verified_bundle|alignment_verified|alignment_rmse|transform_type|recommended_next_step|phase8_decision|phase8_golden_rules_decision|phase8_gene_count_material_mismatch|phase9_decision|v2_alignment_verified|v2_fallback_to_spot_lattice|v2_guardrails_decision|candidate_count_total|downloaded_bundle_count|created_at_unix,barcode_overlap_with_verified_bundle,,,,,,False,False,True,False,False,False,True,BioApp Figure V2.5,,
file_0009,visualizations/bioapp_figure_v2_5_online_he_spatial_bundle_provenance_audit/bioapp_v2_5_online_source_audit.csv,.csv,6,11,source_id|source_type|source_name|source_url|source_domain|official_or_primary|mentions_cytassist_ffpe_human_breast_cancer|mentions_visium_he|mentions_spatial_bundle|discovered_download_urls|notes,,,,,,,False,False,False,False,False,False,True,BioApp Figure V2.5,,
file_0010,visualizations/bioapp_figure_v2_5_online_he_spatial_bundle_provenance_audit/bioapp_v2_5_recommended_next_step.md,.md,,,,,,,,,,False,False,False,False,False,False,False,BioApp Figure V2.5,,
file_0011,visualizations/bioapp_figure_v2_5_online_he_spatial_bundle_provenance_audit/README.md,.md,,,,,,,,,,False,False,False,False,False,False,False,BioApp Figure V2.5,,
file_0012,visualizations/bioapp_figure_v2_6_frozen_spot_coordinate_provenance_audit/bioapp_v2_6_candidate_spatial_bundle_comparison.csv,.csv,5,14,candidate_id|spatial_dir|tissue_image|tissue_positions|scalefactors_json|source_consistent_with_provenance|barcode_overlap|barcode_overlap_fraction|array_coordinate_match|image_coordinate_match|documented_transform_match|alignment_verified|accepted_as_true_source|reason,barcode_overlap,,,,,,False,False,False,False,False,False,True,,,
file_0013,visualizations/bioapp_figure_v2_6_frozen_spot_coordinate_provenance_audit/bioapp_v2_6_coordinate_column_audit.csv,.csv,55,16,file_id|file_path|coordinate_column_name|role|min|max|mean|std|integer_like|value_range_classification|compatible_with_fullres_pixels|compatible_with_hires_pixels|compatible_with_lowres_pixels|compatible_with_array_coordinates|compatible_with_normalized_coordinates|notes,,,,,,,False,False,False,False,False,False,True,,,
file_0014,visualizations/bioapp_figure_v2_6_frozen_spot_coordinate_provenance_audit/bioapp_v2_6_coordinate_provenance_summary.json,.json,,33,phase|decision|audit_only|layout_only|SVTuner_rerun|Stage3_rerun|Stage4_run|CytoSPACE_rerun|endpoint_redefined|data_changed|metrics_changed|threshold_changed|endpoint_labels_changed|conclusions_changed|frozen_spot_count|main_analysis_spots|coordinate_columns_identified|barcode_column_identified|first_coordinate_source_file|first_coordinate_source_script|coordinate_source_classification|specific_spatial_bundle_verified|verified_spatial_bundle_path|verified_tissue_image_path|verified_tissue_positions_path|verified_scalefactors_json_path|registration_transform_found|registration_transform_path|h_and_e_overlay_recoverable|recommended_next_step|phase2br2_st_data_object|phase2br2_image_slot|v2_5_decision,barcode_column_identified,,,,,,False,False,True,False,False,False,True,,,
file_0015,visualizations/bioapp_figure_v2_6_frozen_spot_coordinate_provenance_audit/bioapp_v2_6_coordinate_recovery_decision.md,.md,,,,,,,,,,False,False,False,False,False,False,False,,,
file_0016,visualizations/bioapp_figure_v2_6_frozen_spot_coordinate_provenance_audit/bioapp_v2_6_first_coordinate_source_report.md,.md,,,,,,,,,,False,False,False,False,False,False,False,,,
file_0017,visualizations/bioapp_figure_v2_6_frozen_spot_coordinate_provenance_audit/bioapp_v2_6_guardrails.json,.json,,22,phase|decision|audit_only|layout_only|main_figure_redrawn|SVTuner_rerun|Stage3_rerun|Stage4_run|CytoSPACE_rerun|endpoint_redefined|new_biological_endpoint_introduced|threshold_selected_using_endpoint_labels|new_mapping_or_new_computation|data_changed|metrics_changed|threshold_changed|endpoint_labels_changed|conclusions_changed|external_image_used_as_background_without_verification|h_and_e_used_in_figure|all_quantitative_claims_based_on_full_frozen_analysis_set|guardrails_passed,,,,,,,False,False,True,False,False,False,False,,,
file_0018,visualizations/bioapp_figure_v2_6_frozen_spot_coordinate_provenance_audit/bioapp_v2_6_provenance_graph_edges.csv,.csv,4,9,source_node|target_node|edge_type|script_or_process|coordinate_columns_transferred|barcode_columns_transferred|transform_applied|evidence|confidence,barcode_columns_transferred,,,,,,False,False,False,False,False,False,True,,,
file_0019,visualizations/bioapp_figure_v2_6_frozen_spot_coordinate_provenance_audit/bioapp_v2_6_registration_file_search_report.csv,.csv,332,10,file_path|file_type|matched_terms|likely_registration_file|contains_transform_matrix|contains_keypoints|contains_xenium_visium_reference|contains_he_reference|usable_for_recovery|notes,,,,,,,False,False,False,False,False,False,True,,,
file_0020,visualizations/bioapp_figure_v2_6_frozen_spot_coordinate_provenance_audit/bioapp_v2_6_script_lineage_table.csv,.csv,22,16,script_id|script_path|phase|inputs_detected|outputs_detected|coordinate_columns_read|coordinate_columns_written|barcode_columns_read|barcode_columns_written|tissue_positions_read|scalefactors_read|tissue_image_read|coordinate_transform_detected|transform_type|relevant_code_lines_or_snippets|notes,barcode_columns_read,,,,,,False,False,False,False,False,False,True,,,
file_0021,visualizations/bioapp_figure_v2_6_frozen_spot_coordinate_provenance_audit/bioapp_v2_6_spot_level_file_inventory.csv,.csv,397,22,file_id|file_path|file_type|row_count|column_count|columns|candidate_barcode_column|candidate_coordinate_columns|coordinate_min_x|coordinate_max_x|coordinate_min_y|coordinate_max_y|matches_2248_universe|matches_1888_main_analysis|contains_endpoint_labels|contains_baseline_burden|contains_withheld_score|contains_withheld_binary|contains_source_metadata|likely_phase|generated_by_script|notes,candidate_barcode_column,,,,,,False,False,True,True,True,True,True,,,
file_0022,visualizations/bioapp_figure_v2_6_frozen_spot_coordinate_provenance_audit/README.md,.md,,,,,,,,,,False,False,False,False,False,False,False,,,
file_0023,visualizations/bioapp_local_new_folder_inventory/cta_output_classification_distribution.csv,.csv,3,2,classification|count,,,,,,,False,False,False,False,False,False,False,,,
file_0024,visualizations/bioapp_local_new_folder_inventory/new_folder_file_inventory.csv,.csv,9,3,file|size_mb|role,,,,,,,False,False,False,False,False,False,False,,,
file_0025,visualizations/bioapp_local_new_folder_inventory/new_folder_inventory_report.txt,.txt,,,,,,,,,,False,False,False,False,False,False,False,,,
file_0026,visualizations/bioapp_main_figure_layout_only_spatial_visualization/fig_bioapp_layout_report.md,.md,,,,,,,,,,False,False,False,False,False,False,False,BioApp Figure V1,,
file_0027,visualizations/bioapp_main_figure_layout_only_spatial_visualization/fig_bioapp_palette.json,.json,,19,canvas_background|text|panel_divider|non_analysis_spot|ambiguous_excluded_spot|endpoint_positive|endpoint_outline|baseline_burden_low|baseline_burden_mid|baseline_burden_high|svtuner_withheld_low|svtuner_withheld_mid|svtuner_withheld_high|withheld_binary_fill|withheld_binary_outline|endpoint_negative|baseline_forced|prevented_by_svtuner|retained_burden,,,,,,,False,False,True,True,False,True,False,BioApp Figure V1,,
file_0028,visualizations/bioapp_main_figure_layout_only_spatial_visualization/fig_bioapp_visualization_guardrails.json,.json,,21,phase|decision|layout_only_optimization|SVTuner_rerun|Stage3_rerun|Stage4_run|CytoSPACE_rerun|endpoint_redefined|new_biological_endpoint_introduced|threshold_selected_using_endpoint_labels|new_mapping_or_new_computation_beyond_layout|data_changed|metrics_changed|threshold_changed|endpoint_labels_changed|conclusions_changed|representative_fovs_for_visualization_only|all_quantitative_claims_based_on_full_frozen_analysis_set|tissue_image_fabricated|main_figure_created|supplementary_figures_created,,,,,,,False,False,True,False,False,False,False,BioApp Figure V1,,
file_0029,visualizations/bioapp_main_figure_layout_only_spatial_visualization/README.md,.md,,,,,,,,,,False,False,False,False,False,False,False,BioApp Figure V1,,
file_0030,visualizations/bioapp_main_figure_v2_tissue_overlay_refinement/fig_bioapp_tissue_alignment_report.json,.json,,8,alignment_attempted|alignment_verified|coordinate_columns_used|image_coordinate_system|scale_factor_used|spot_overlay_successful|fallback_to_spot_lattice|reason_for_fallback,,,,,,,False,False,False,False,False,False,False,BioApp Figure V2,,
file_0031,visualizations/bioapp_main_figure_v2_tissue_overlay_refinement/fig_bioapp_tissue_image_search_report.json,.json,,11,searched_roots|candidate_images_found|candidate_spatial_metadata_found|alignment_candidates|selected_tissue_image|selected_scalefactors_json|selected_tissue_positions|tissue_image_available|tissue_image_fabricated|external_or_downloaded_image_used|reason_if_no_image_used,,,,,,,False,False,False,False,False,False,True,BioApp Figure V2,,
file_0032,visualizations/bioapp_main_figure_v2_tissue_overlay_refinement/fig_bioapp_v2_layout_report.md,.md,,,,,,,,,,False,False,False,False,False,False,False,BioApp Figure V2,,
file_0033,visualizations/bioapp_main_figure_v2_tissue_overlay_refinement/fig_bioapp_v2_visualization_guardrails.json,.json,,23,phase|decision|layout_only_optimization|SVTuner_rerun|Stage3_rerun|Stage4_run|CytoSPACE_rerun|endpoint_redefined|new_biological_endpoint_introduced|threshold_selected_using_endpoint_labels|new_mapping_or_new_computation_beyond_layout|data_changed|metrics_changed|threshold_changed|endpoint_labels_changed|conclusions_changed|representative_fovs_for_visualization_only|all_quantitative_claims_based_on_full_frozen_analysis_set|real_tissue_image_used|tissue_image_fabricated|external_or_downloaded_image_used|fallback_to_spot_lattice|main_figure_v2_created,,,,,,,False,False,True,False,False,False,False,BioApp Figure V2,,
file_0034,visualizations/bioapp_main_figure_v2_tissue_overlay_refinement/README.md,.md,,,,,,,,,,False,False,False,False,False,False,False,BioApp Figure V2,,
file_0035,visualizations/bioapp_phase0r_candidate_reranking_after_janesick_mapping_stop/bioapp_phase0r_candidate_reranking_table.csv,.csv,6,16,candidate_id|dataset_name|previous_tier|new_tier|external_endpoint_available|endpoint_independent|endpoint_spatially_registered_or_mappable|ST_mapping_object_available|scRNAseq_reference_available|formal_baseline_mapping_feasible|SVTuner_mapping_feasible|endpoint_specific_metric_feasible|expected_compute_feasibility_on_16GB_RAM|main_blocking_risk|candidate_status|recommendation,,,,,,,False,False,True,False,False,False,True,BioApp Phase 0r,,
file_0036,visualizations/bioapp_phase0r_candidate_reranking_after_janesick_mapping_stop/bioapp_phase0r_expanded_candidate_search_table.csv,.csv,4,17,candidate_id|dataset_name|source_or_publication|organ_or_disease|endpoint_type|endpoint_description|endpoint_source|ST_data_type|sc_reference_type|same_sample_or_matched_status|formal_mapping_feasibility|estimated_data_size|compute_risk|tier|recommendation|source_link_or_accession|notes,,,,,,,False,False,True,False,False,False,True,BioApp Phase 0r,,
file_0037,visualizations/bioapp_phase0r_candidate_reranking_after_janesick_mapping_stop/bioapp_phase0r_golden_rules_v2_1_check_schema.json,.json,,5,version|new_rule_id|new_rule|phase2_entry_required_checks|downgrade_if_endpoint_only,,,,,,,False,False,True,False,False,False,False,BioApp Phase 0r,,
file_0038,visualizations/bioapp_phase0r_candidate_reranking_after_janesick_mapping_stop/bioapp_phase0r_golden_rules_v2_1_update.txt,.txt,,,,,,,,,,False,False,False,False,False,False,False,BioApp Phase 0r,,
file_0039,visualizations/bioapp_phase0r_candidate_reranking_after_janesick_mapping_stop/bioapp_phase0r_janesick_retirement_record.txt,.txt,,,,,,,,,,False,False,False,False,False,False,False,BioApp Phase 0r,,
file_0040,visualizations/bioapp_phase0r_candidate_reranking_after_janesick_mapping_stop/bioapp_phase0r_janesick_status_update.json,.json,,11,candidate_id|candidate_name|candidate_status|reason|not_deleted_as_scientific_reference|retired_only_as_current_main_svtuner_biological_application_candidate|endpoint_roi_feasibility_informative|formal_mapping_branch_reliable_enough_for_current_experiment|allowed_future_roles|disallowed_future_roles|historical_status,,,,,,,False,False,True,False,False,False,False,BioApp Phase 0r,,
file_0041,visualizations/bioapp_phase0r_candidate_reranking_after_janesick_mapping_stop/bioapp_phase0r_recommendation_report.txt,.txt,,,,,,,,,,False,False,False,False,False,False,False,BioApp Phase 0r,,
file_0042,visualizations/bioapp_phase0r_candidate_reranking_after_janesick_mapping_stop/bioapp_phase0r_recommended_candidates.csv,.csv,1,18,candidate_id|dataset_name|source_or_publication|organ_or_disease|endpoint_type|endpoint_description|endpoint_source|ST_data_type|sc_reference_type|same_sample_or_matched_status|formal_mapping_feasibility|estimated_data_size|compute_risk|tier|recommendation|source_link_or_accession|notes|priority,,,,,,,False,False,True,False,False,False,True,BioApp Phase 0r,,
file_0043,visualizations/bioapp_phase0r_candidate_reranking_after_janesick_mapping_stop/bioapp_phase0r_summary.json,.json,,21,phase|decision|timestamp|janesick_retired_as_main_bioapp_candidate|janesick_retirement_reason|golden_rules_v2_1_mapping_feasibility_gate_added|previous_candidates_re_ranked|expanded_candidates_screened|active_tier1_candidates|tier2_candidates|rejected_or_retired_candidates|recommended_candidate|large_raw_data_downloaded|cytospace_run|svtuner_run|stage4_run|formal_metrics_recomputed|phase0_input_available|phase1_input_available|output_directory|next,,,,,,,False,False,False,False,False,False,False,BioApp Phase 0r,,
file_0044,visualizations/bioapp_phase0_external_endpoint_admission/bioapp_phase0_candidate_dataset_table.csv,.csv,6,25,candidate_id|dataset_name|publication_or_source|organ_or_disease|biological_question_candidate|external_endpoint_type|external_endpoint_description|endpoint_predefined_before_analysis|endpoint_independent_from_SVTuner|endpoint_spatially_registered_or_mappable|endpoint_coordinate_or_roi_available|visium_or_ST_data_available|scRNAseq_reference_available|same_sample_or_matched_sample_status|baseline_mapping_possible|endpoint_specific_metric_possible|spatial_comparison_possible|estimated_data_size|download_required_for_phase1|main_risk|golden_rules_preliminary_status|recommendation|source_link_or_accession|notes|tier,,,,,,,False,False,True,False,False,False,True,BioApp Phase 0,,
file_0045,visualizations/bioapp_phase0_external_endpoint_admission/bioapp_phase0_endpoint_admission_report.txt,.txt,,,,,,,,,,False,False,False,False,False,False,False,BioApp Phase 0,,
file_0046,visualizations/bioapp_phase0_external_endpoint_admission/bioapp_phase0_golden_rules_check.json,.json,,6,T1_XENIUM_JANESICK_BREAST_2023|T2_XENIUM_COSMX_SPATIAL_TOUCHSTONE|T2_MULTI_PLATFORM_TUMOR_BENCHMARK|T3_COSMX_NSCLC_PUBLIC|T3_LOCAL_BREAST_MERSCOPE|T3_LOCAL_BRCA_PATHOLOGY_VISIUM,,,,,,,False,False,False,False,False,False,True,BioApp Phase 0,,
file_0047,visualizations/bioapp_phase0_external_endpoint_admission/bioapp_phase0_readme.txt,.txt,,,,,,,,,,False,False,False,False,False,False,False,BioApp Phase 0,,
file_0048,visualizations/bioapp_phase0_external_endpoint_admission/bioapp_phase0_rejected_candidates.csv,.csv,3,25,candidate_id|dataset_name|publication_or_source|organ_or_disease|biological_question_candidate|external_endpoint_type|external_endpoint_description|endpoint_predefined_before_analysis|endpoint_independent_from_SVTuner|endpoint_spatially_registered_or_mappable|endpoint_coordinate_or_roi_available|visium_or_ST_data_available|scRNAseq_reference_available|same_sample_or_matched_sample_status|baseline_mapping_possible|endpoint_specific_metric_possible|spatial_comparison_possible|estimated_data_size|download_required_for_phase1|main_risk|golden_rules_preliminary_status|recommendation|source_link_or_accession|notes|tier,,,,,,,False,False,True,False,False,False,True,BioApp Phase 0,,
file_0049,visualizations/bioapp_phase0_external_endpoint_admission/bioapp_phase0_summary.json,.json,,18,phase|decision|candidate_datasets_screened|tier1_candidates|tier2_candidates|rejected_candidates|recommended_candidate|external_endpoint|st_mapping_object|scRNAseq_reference|biological_application_allowed_preliminary|large_raw_data_downloaded|cytospace_run|svtuner_run|stage4_run|formal_metrics_recomputed|output_directory|next,,,,,,,False,False,True,False,False,False,False,BioApp Phase 0,,
file_0050,visualizations/bioapp_phase0_external_endpoint_admission/bioapp_phase0_tier1_candidates.csv,.csv,1,25,candidate_id|dataset_name|publication_or_source|organ_or_disease|biological_question_candidate|external_endpoint_type|external_endpoint_description|endpoint_predefined_before_analysis|endpoint_independent_from_SVTuner|endpoint_spatially_registered_or_mappable|endpoint_coordinate_or_roi_available|visium_or_ST_data_available|scRNAseq_reference_available|same_sample_or_matched_sample_status|baseline_mapping_possible|endpoint_specific_metric_possible|spatial_comparison_possible|estimated_data_size|download_required_for_phase1|main_risk|golden_rules_preliminary_status|recommendation|source_link_or_accession|notes|tier,,,,,,,False,False,True,False,False,False,True,BioApp Phase 0,,
file_0051,visualizations/bioapp_phase0_external_endpoint_admission/bioapp_phase0_tier2_candidates.csv,.csv,2,25,candidate_id|dataset_name|publication_or_source|organ_or_disease|biological_question_candidate|external_endpoint_type|external_endpoint_description|endpoint_predefined_before_analysis|endpoint_independent_from_SVTuner|endpoint_spatially_registered_or_mappable|endpoint_coordinate_or_roi_available|visium_or_ST_data_available|scRNAseq_reference_available|same_sample_or_matched_sample_status|baseline_mapping_possible|endpoint_specific_metric_possible|spatial_comparison_possible|estimated_data_size|download_required_for_phase1|main_risk|golden_rules_preliminary_status|recommendation|source_link_or_accession|notes|tier,,,,,,,False,False,True,False,False,False,True,BioApp Phase 0,,
file_0052,visualizations/bioapp_phase1_janesick_feasibility_and_prior_risk_gate/bioapp_phase1_decision.txt,.txt,,,,,,,,,,False,False,False,False,False,False,False,BioApp Phase 1,,
file_0053,visualizations/bioapp_phase1_janesick_feasibility_and_prior_risk_gate/bioapp_phase1_endpoint_feasibility_report.txt,.txt,,,,,,,,,,False,False,False,False,False,False,False,BioApp Phase 1,,
file_0054,visualizations/bioapp_phase1_janesick_feasibility_and_prior_risk_gate/bioapp_phase1_golden_rules_check.json,.json,,15,stage_type|biological_question_defined|external_endpoint_predefined|endpoint_independent_from_SVTuner|endpoint_spatial_registration_feasible|endpoint_positive_negative_spots_definable_before_mapping|sample_matching_feasible|visium_ST_data_identifiable|scFFPEseq_reference_identifiable|baseline_comparison_feasible|endpoint_specific_quantitative_metric_feasible|endpoint_baseline_SVTuner_spatial_comparison_feasible|prior_risk_gate_passed|biological_application_allowed_to_phase2|decision,,,,,,,False,False,True,False,False,False,True,BioApp Phase 1,,
file_0055,visualizations/bioapp_phase1_janesick_feasibility_and_prior_risk_gate/bioapp_phase1_janesick_data_inventory.csv,.csv,10,17,file_id|file_name_or_dataset_name|modality|platform|sample_id|sample_description|source_url_or_accession|file_type|estimated_size_mb|required_for_endpoint|required_for_visium_mapping|required_for_sc_reference|required_for_phase2|required_for_phase3|download_priority|risk|notes,,,,,,,False,False,True,False,False,False,True,BioApp Phase 1,,
file_0056,visualizations/bioapp_phase1_janesick_feasibility_and_prior_risk_gate/bioapp_phase1_mapping_feasibility_report.txt,.txt,,,,,,,,,,False,False,False,False,False,False,False,BioApp Phase 1,,
file_0057,visualizations/bioapp_phase1_janesick_feasibility_and_prior_risk_gate/bioapp_phase1_minimal_download_plan.csv,.csv,10,10,priority|item_id|item_description|modality|source_url_or_accession|allowed_in_phase1|raw_fastq|large_file|purpose|notes,,,,,,,False,False,False,False,False,False,True,BioApp Phase 1,,
file_0058,visualizations/bioapp_phase1_janesick_feasibility_and_prior_risk_gate/bioapp_phase1_prior_risk_gate.csv,.csv,10,7,risk_id|risk_description|evidence_found|risk_level|blocking_for_phase2|required_resolution|recommended_action,,,,,,,False,False,False,False,False,False,False,BioApp Phase 1,,
file_0059,visualizations/bioapp_phase1_janesick_feasibility_and_prior_risk_gate/bioapp_phase1_prior_risk_gate_report.txt,.txt,,,,,,,,,,False,False,False,False,False,False,False,BioApp Phase 1,,
file_0060,visualizations/bioapp_phase1_janesick_feasibility_and_prior_risk_gate/bioapp_phase1_readme.txt,.txt,,,,,,,,,,False,False,False,False,False,False,False,BioApp Phase 1,,
file_0061,visualizations/bioapp_phase1_janesick_feasibility_and_prior_risk_gate/bioapp_phase1_sample_matching_report.txt,.txt,,,,,,,,,,False,False,False,False,False,False,False,BioApp Phase 1,,
file_0062,visualizations/bioapp_phase1_janesick_feasibility_and_prior_risk_gate/bioapp_phase1_sample_matching_table.csv,.csv,1,9,xenium_sample|visium_sample|scffpe_reference|relationship|evidence|supports_endpoint_evaluation|biological_mismatch_risk|phase1_status|required_resolution,,,,,,,False,False,True,False,False,False,False,BioApp Phase 1,,
file_0063,visualizations/bioapp_phase1_janesick_feasibility_and_prior_risk_gate/bioapp_phase1_summary.json,.json,,23,phase|phase0_input|decision|recommended_candidate|candidate_status|prior_risk_gate_passed|xenium_endpoint_identifiable|visium_CytAssist_data_identifiable|scFFPEseq_reference_identifiable|endpoint_positive_negative_spots_definable_before_mapping|sample_matching_feasible|endpoint_spatial_registration_feasible|baseline_mapping_feasible|svtuner_mapping_feasible|minimal_download_plan_generated|large_raw_data_downloaded|raw_FASTQ_downloaded|cytospace_run|svtuner_run|stage4_run|formal_metrics_recomputed|output_directory|next,,,,,,,False,False,True,False,False,False,True,BioApp Phase 1,,
file_0064,visualizations/bioapp_phase1_pathology_endpoint_and_mapping_feasibility_gate/bioapp_phase1_endpoint_independence_audit.csv,.csv,8,5,question|answer|status|evidence|source,,,,,,,False,False,False,False,False,False,True,BioApp Phase 1,,
file_0065,visualizations/bioapp_phase1_pathology_endpoint_and_mapping_feasibility_gate/bioapp_phase1_endpoint_independence_audit_report.txt,.txt,,,,,,,,,,False,False,False,False,False,False,False,BioApp Phase 1,,
file_0066,visualizations/bioapp_phase1_pathology_endpoint_and_mapping_feasibility_gate/bioapp_phase1_endpoint_spatial_registration_report.txt,.txt,,,,,,,,,,False,False,False,False,False,False,False,BioApp Phase 1,,
file_0067,visualizations/bioapp_phase1_pathology_endpoint_and_mapping_feasibility_gate/bioapp_phase1_endpoint_spot_definability_table.csv,.csv,1,9,sample_or_object|annotation_resolution|spot_barcode_available_or_derivable|roi_polygon_or_image_coordinate_available|additional_registration_needed|endpoint_positive_spots_definable_before_mapping|endpoint_negative_spots_definable_before_mapping|endpoint_spatial_map_independently_plottable|risk,spot_barcode_available_or_derivable,,,,,,False,False,True,False,False,False,True,BioApp Phase 1,,
file_0068,visualizations/bioapp_phase1_pathology_endpoint_and_mapping_feasibility_gate/bioapp_phase1_formal_mapping_feasibility_report.txt,.txt,,,,,,,,,,False,False,False,False,False,False,False,BioApp Phase 1,,
file_0069,visualizations/bioapp_phase1_pathology_endpoint_and_mapping_feasibility_gate/bioapp_phase1_formal_mapping_feasibility_table.csv,.csv,9,4,check|status|evidence|risk,,,,,,,False,False,False,False,False,False,False,BioApp Phase 1,,
file_0070,visualizations/bioapp_phase1_pathology_endpoint_and_mapping_feasibility_gate/bioapp_phase1_golden_rules_v2_1_check.json,.json,,20,stage_type|biological_question_defined|external_endpoint_predefined|endpoint_independent_from_SVTuner|endpoint_independent_from_CytoSPACE|endpoint_independent_from_Visium_expression|endpoint_spatial_registration_feasible|endpoint_positive_negative_spots_definable_before_mapping|sample_matching_feasible|visium_CTA_data_identifiable|scRNAseq_reference_identifiable|formal_baseline_CytoSPACE_feasible|SVTuner_mapping_feasible|identical_input_basis_for_baseline_and_SVTuner_feasible|endpoint_specific_quantitative_metric_feasible|endpoint_baseline_SVTuner_spatial_comparison_feasible|compute_feasible_on_16GB_RAM_or_downsample_mode|biological_application_allowed_to_phase2|decision|mandatory_phase2_caveats,,,,,,,False,False,True,False,False,False,True,BioApp Phase 1,,
file_0071,visualizations/bioapp_phase1_pathology_endpoint_and_mapping_feasibility_gate/bioapp_phase1_minimal_download_plan.csv,.csv,7,7,priority|item|source|purpose|download_now|forbidden|notes,,,,,,,False,False,False,False,False,False,True,BioApp Phase 1,,
file_0072,visualizations/bioapp_phase1_pathology_endpoint_and_mapping_feasibility_gate/bioapp_phase1_pathology_data_inventory.csv,.csv,8,17,file_id|file_name_or_dataset_name|modality|platform|sample_id|sample_description|source_url_or_accession|file_type|estimated_size_mb|required_for_endpoint|required_for_visium_mapping|required_for_sc_reference|required_for_phase2|required_for_phase3|download_priority|risk|notes,,,,,,,False,False,True,False,False,False,True,BioApp Phase 1,,
file_0073,visualizations/bioapp_phase1_pathology_endpoint_and_mapping_feasibility_gate/bioapp_phase1_readme.txt,.txt,0,6,BioApp Phase 1 checked the computational pathology endpoint and mapping feasibility gate for the breast cancer Visium CTA candidate. No data download| CytoSPACE| SVTuner| Stage4| mapping| or formal metric recomputation was performed.,,,,,,,False,False,True,False,False,False,True,BioApp Phase 1,,
file_0074,visualizations/bioapp_phase1_pathology_endpoint_and_mapping_feasibility_gate/bioapp_phase1_risk_report.txt,.txt,,,,,,,,,,False,False,False,False,False,False,False,BioApp Phase 1,,
file_0075,visualizations/bioapp_phase1_pathology_endpoint_and_mapping_feasibility_gate/bioapp_phase1_sample_matching_report.txt,.txt,,,,,,,,,,False,False,False,False,False,False,False,BioApp Phase 1,,
file_0076,visualizations/bioapp_phase1_pathology_endpoint_and_mapping_feasibility_gate/bioapp_phase1_sample_matching_table.csv,.csv,2,6,component|matching_status|sample_ids|mismatch_risk|sufficient_for_endpoint_specific_evaluation|notes,,,,,,,False,False,True,False,False,False,False,BioApp Phase 1,,
file_0077,visualizations/bioapp_phase1_pathology_endpoint_and_mapping_feasibility_gate/bioapp_phase1_summary.json,.json,,24,phase|decision|candidate|timestamp|phase0r_input_available|phase0r_recommended_candidate_available|endpoint_independent_from_SVTuner|endpoint_independent_from_CytoSPACE|endpoint_independent_from_Visium_expression|endpoint_positive_negative_spots_definable_before_mapping|sample_matching_feasible|formal_baseline_CytoSPACE_feasible|SVTuner_mapping_feasible|identical_input_basis_feasible|minimal_download_plan_generated|large_raw_data_downloaded|raw_FASTQ_downloaded|cytospace_run|svtuner_run|stage4_run|formal_metrics_recomputed|biological_application_allowed_to_phase2|output_directory|next,,,,,,,False,False,True,False,False,False,False,BioApp Phase 1,,
file_0078,visualizations/bioapp_phase2a_minimal_cta_to_spot_and_visium_coordinate_acquisition/bioapp_phase2a_download_manifest.csv,.csv,2,13,required_file_type|candidate_file_name|source|source_url_or_accession|local_path_if_found|exists|download_attempted|download_success|file_size_mb|raw_data|processed_data|required_for_phase2_retry|notes,,,,,,,False,False,False,False,False,False,True,BioApp Phase 2a,,
file_0079,visualizations/bioapp_phase2a_minimal_cta_to_spot_and_visium_coordinate_acquisition/bioapp_phase2a_golden_rules_v2_1_check.json,.json,,16,stage_type|cta_annotation_found|CTA_to_spot_barcode_mapping_found|Visium_barcode_list_found|Visium_spot_coordinates_found|selected_sample_can_be_fixed|ready_for_phase2_retry|endpoint_frozen|mapping_performed|raw_FASTQ_downloaded|large_raw_data_downloaded|cytospace_run|svtuner_run|stage4_run|formal_metrics_recomputed|decision,CTA_to_spot_barcode_mapping_found,,,,,,False,False,True,False,False,False,False,BioApp Phase 2a,,
file_0080,visualizations/bioapp_phase2a_minimal_cta_to_spot_and_visium_coordinate_acquisition/bioapp_phase2a_manual_download_or_access_request_plan.txt,.txt,,,,,,,,,,False,False,False,False,False,False,False,BioApp Phase 2a,,
file_0081,visualizations/bioapp_phase2a_minimal_cta_to_spot_and_visium_coordinate_acquisition/bioapp_phase2a_phase2_retry_readiness_report.txt,.txt,,,,,,,,,,False,False,False,False,False,False,False,BioApp Phase 2a,,
file_0082,visualizations/bioapp_phase2a_minimal_cta_to_spot_and_visium_coordinate_acquisition/bioapp_phase2a_phase2_retry_readiness_table.csv,.csv,8,4,check|passed|blocking|notes,,,,,,,False,False,False,False,False,False,False,BioApp Phase 2a,,
file_0083,visualizations/bioapp_phase2a_minimal_cta_to_spot_and_visium_coordinate_acquisition/bioapp_phase2a_readme.txt,.txt,,,,,,,,,,False,False,False,False,False,False,False,BioApp Phase 2a,,
file_0084,visualizations/bioapp_phase2a_minimal_cta_to_spot_and_visium_coordinate_acquisition/bioapp_phase2a_required_file_search_manifest.csv,.csv,9,13,required_file_type|candidate_file_name|source|source_url_or_accession|local_path_if_found|exists|download_attempted|download_success|file_size_mb|raw_data|processed_data|required_for_phase2_retry|notes,,,,,,,False,False,False,False,False,False,True,BioApp Phase 2a,,
file_0085,visualizations/bioapp_phase2a_minimal_cta_to_spot_and_visium_coordinate_acquisition/bioapp_phase2a_restricted_file_access_report.txt,.txt,,,,,,,,,,False,False,False,False,False,False,False,BioApp Phase 2a,,
file_0086,visualizations/bioapp_phase2a_minimal_cta_to_spot_and_visium_coordinate_acquisition/bioapp_phase2a_summary.json,.json,,21,phase|decision|timestamp|phase2_input_available|CTA_annotation_found|CTA_to_spot_barcode_mapping_found|Visium_barcode_list_found|Visium_spot_coordinates_found|selected_sample_can_be_fixed|ready_for_phase2B_endpoint_freeze_retry|manual_download_or_access_required|raw_FASTQ_downloaded|large_raw_data_downloaded|cytospace_run|svtuner_run|stage4_run|formal_metrics_recomputed|endpoint_frozen|blocking_reason|output_directory|next,CTA_to_spot_barcode_mapping_found,,,,,,False,False,True,False,False,False,False,BioApp Phase 2a,,
file_0087,visualizations/bioapp_phase2br2_explicit_rscript_cta_align_locale_safe_dry_run/bioapp_phase2br2_cta_align_dry_run_report.txt,.txt,,,,,,,,,,False,False,False,False,False,False,False,BioApp Phase 2br2,,
file_0088,visualizations/bioapp_phase2br2_explicit_rscript_cta_align_locale_safe_dry_run/bioapp_phase2br2_cta_align_invocation_record.json,.json,,11,official_CTA_align_source_success|CTA_align_locale_issue_detected|locale_safe_patch_used|official_CTA_align_function_used|alignment_logic_reproduced_from_script|original_CTA_align_modified|explicit_Rscript_used|explicit_Rscript_path|seurat_coordinate_export_used|vectorized_python_geometry_used|parameters,,,,,,,False,False,False,False,False,False,True,BioApp Phase 2br2,,
file_0089,visualizations/bioapp_phase2br2_explicit_rscript_cta_align_locale_safe_dry_run/bioapp_phase2br2_cta_align_locale_patch_report.txt,.txt,,,,,,,,,,False,False,False,False,False,False,False,BioApp Phase 2br2,,
file_0090,visualizations/bioapp_phase2br2_explicit_rscript_cta_align_locale_safe_dry_run/bioapp_phase2br2_cta_output_preview.csv,.csv,25,134,Image|Object ID|Object type|Name|Classification|Parent|ROI|Centroid X µm|Centroid Y µm|Nucleus: Area|Nucleus: Perimeter|Nucleus: Circularity|Nucleus: Max caliper|Nucleus: Min caliper|Nucleus: Eccentricity|Nucleus: Hematoxylin OD mean|Nucleus: Hematoxylin OD sum|Nucleus: Hematoxylin OD std dev|Nucleus: Hematoxylin OD max|Nucleus: Hematoxylin OD min|Nucleus: Hematoxylin OD range|Nucleus: Eosin OD mean|Nucleus: Eosin OD sum|Nucleus: Eosin OD std dev|Nucleus: Eosin OD max|Nucleus: Eosin OD min|Nucleus: Eosin OD range|Cell: Area|Cell: Perimeter|Cell: Circularity|Cell: Max caliper|Cell: Min caliper|Cell: Eccentricity|Cell: Hematoxylin OD mean|Cell: Hematoxylin OD std dev|Cell: Hematoxylin OD max|Cell: Hematoxylin OD min|Cell: Eosin OD mean|Cell: Eosin OD std dev|Cell: Eosin OD max|Cell: Eosin OD min|Cytoplasm: Hematoxylin OD mean|Cytoplasm: Hematoxylin OD std dev|Cytoplasm: Hematoxylin OD max|Cytoplasm: Hematoxylin OD min|Cytoplasm: Eosin OD mean|Cytoplasm: Eosin OD std dev|Cytoplasm: Eosin OD max|Cytoplasm: Eosin OD min|Nucleus/Cell area ratio|Smoothed: 25 µm: Nucleus: Area|Smoothed: 25 µm: Nucleus: Perimeter|Smoothed: 25 µm: Nucleus: Circularity|Smoothed: 25 µm: Nucleus: Max caliper|Smoothed: 25 µm: Nucleus: Min caliper|Smoothed: 25 µm: Nucleus: Eccentricity|Smoothed: 25 µm: Nucleus: Hematoxylin OD mean|Smoothed: 25 µm: Nucleus: Hematoxylin OD sum|Smoothed: 25 µm: Nucleus: Hematoxylin OD std dev|Smoothed: 25 µm: Nucleus: Hematoxylin OD max|Smoothed: 25 µm: Nucleus: Hematoxylin OD min|Smoothed: 25 µm: Nucleus: Hematoxylin OD range|Smoothed: 25 µm: Nucleus: Eosin OD mean|Smoothed: 25 µm: Nucleus: Eosin OD sum|Smoothed: 25 µm: Nucleus: Eosin OD std dev|Smoothed: 25 µm: Nucleus: Eosin OD max|Smoothed: 25 µm: Nucleus: Eosin OD min|Smoothed: 25 µm: Nucleus: Eosin OD range|Smoothed: 25 µm: Cell: Area|Smoothed: 25 µm: Cell: Perimeter|Smoothed: 25 µm: Cell: Circularity|Smoothed: 25 µm: Cell: Max caliper|Smoothed: 25 µm: Cell: Min caliper|Smoothed: 25 µm: Cell: Eccentricity|Smoothed: 25 µm: Cell: Hematoxylin OD mean|Smoothed: 25 µm: Cell: Hematoxylin OD std dev|Smoothed: 25 µm: Cell: Hematoxylin OD max|Smoothed: 25 µm: Cell: Hematoxylin OD min|Smoothed: 25 µm: Cell: Eosin OD mean|Smoothed: 25 µm: Cell: Eosin OD std dev|Smoothed: 25 µm: Cell: Eosin OD max|Smoothed: 25 µm: Cell: Eosin OD min|Smoothed: 25 µm: Cytoplasm: Hematoxylin OD mean|Smoothed: 25 µm: Cytoplasm: Hematoxylin OD std dev|Smoothed: 25 µm: Cytoplasm: Hematoxylin OD max|Smoothed: 25 µm: Cytoplasm: Hematoxylin OD min|Smoothed: 25 µm: Cytoplasm: Eosin OD mean|Smoothed: 25 µm: Cytoplasm: Eosin OD std dev|Smoothed: 25 µm: Cytoplasm: Eosin OD max|Smoothed: 25 µm: Cytoplasm: Eosin OD min|Smoothed: 25 µm: Nucleus/Cell area ratio|Smoothed: 25 µm: Nearby detection counts|Smoothed: 50 µm: Nucleus: Area|Smoothed: 50 µm: Nucleus: Perimeter|Smoothed: 50 µm: Nucleus: Circularity|Smoothed: 50 µm: Nucleus: Max caliper|Smoothed: 50 µm: Nucleus: Min caliper|Smoothed: 50 µm: Nucleus: Eccentricity|Smoothed: 50 µm: Nucleus: Hematoxylin OD mean|Smoothed: 50 µm: Nucleus: Hematoxylin OD sum|Smoothed: 50 µm: Nucleus: Hematoxylin OD std dev|Smoothed: 50 µm: Nucleus: Hematoxylin OD max|Smoothed: 50 µm: Nucleus: Hematoxylin OD min|Smoothed: 50 µm: Nucleus: Hematoxylin OD range|Smoothed: 50 µm: Nucleus: Eosin OD mean|Smoothed: 50 µm: Nucleus: Eosin OD sum|Smoothed: 50 µm: Nucleus: Eosin OD std dev|Smoothed: 50 µm: Nucleus: Eosin OD max|Smoothed: 50 µm: Nucleus: Eosin OD min|Smoothed: 50 µm: Nucleus: Eosin OD range|Smoothed: 50 µm: Cell: Area|Smoothed: 50 µm: Cell: Perimeter|Smoothed: 50 µm: Cell: Circularity|Smoothed: 50 µm: Cell: Max caliper|Smoothed: 50 µm: Cell: Min caliper|Smoothed: 50 µm: Cell: Eccentricity|Smoothed: 50 µm: Cell: Hematoxylin OD mean|Smoothed: 50 µm: Cell: Hematoxylin OD std dev|Smoothed: 50 µm: Cell: Hematoxylin OD max|Smoothed: 50 µm: Cell: Hematoxylin OD min,,,,,,,False,False,False,False,False,False,False,BioApp Phase 2br2,,
file_0091,visualizations/bioapp_phase2br2_explicit_rscript_cta_align_locale_safe_dry_run/bioapp_phase2br2_cta_output_schema.csv,.csv,134,6,column_index|column_name|dtype|non_null_count|example_value|role_guess,,,,,,,False,False,False,False,False,False,False,BioApp Phase 2br2,,
file_0092,visualizations/bioapp_phase2br2_explicit_rscript_cta_align_locale_safe_dry_run/bioapp_phase2br2_cta_to_spot_mapping_example.csv,.csv,3807,8,barcode|array_row|array_col|pxl_col_in_fullres|pxl_row_in_fullres|CTA_class_or_label|CTA_score_or_count|alignment_status,barcode,array_row|array_col|pxl_col_in_fullres|pxl_row_in_fullres,14.0,76.0,17.0,127.0,False,False,False,False,False,False,False,BioApp Phase 2br2,,
file_0093,visualizations/bioapp_phase2br2_explicit_rscript_cta_align_locale_safe_dry_run/bioapp_phase2br2_cta_to_spot_mapping_sanity_check.csv,.csv,1,10,number_of_spots_in_ST_data|number_of_spots_with_CTA_mapping|CTA_objects_total|CTA_objects_captured|CTA_objects_not_captured|barcodes_matched|barcodes_unmatched|coordinate_completeness|CTA_class_distribution_after_spot_aggregation|whether_endpoint_freeze_appears_possible,barcodes_matched,,,,,,False,False,True,False,False,False,False,BioApp Phase 2br2,,
file_0094,visualizations/bioapp_phase2br2_explicit_rscript_cta_align_locale_safe_dry_run/bioapp_phase2br2_cta_to_spot_mapping_sanity_report.txt,.txt,,,,,,,,,,False,False,False,False,False,False,False,BioApp Phase 2br2,,
file_0095,visualizations/bioapp_phase2br2_explicit_rscript_cta_align_locale_safe_dry_run/bioapp_phase2br2_golden_rules_v2_1_check.json,.json,,22,stage_type|explicit_Rscript_used|explicit_Rscript_path|required_R_packages_available|ST_data_RData_parsed|Seurat_object_found|spot_barcodes_found|spatial_coordinates_found|CTA_output_parsed|CTA_align_locale_issue_detected|locale_safe_patch_or_wrapper_used|original_CTA_align_modified|CTA_to_spot_mapping_generated|endpoint_frozen|expression_markers_used_to_define_endpoint|mapping_outputs_used_to_define_endpoint|CytoSPACE_run|SVTuner_run|Stage4_run|formal_metrics_recomputed|ready_for_phase2c_endpoint_freeze|decision,spot_barcodes_found,,,,,,False,False,True,False,False,False,True,BioApp Phase 2br2,,
file_0096,visualizations/bioapp_phase2br2_explicit_rscript_cta_align_locale_safe_dry_run/bioapp_phase2br2_readme.txt,.txt,,,,,,,,,,False,False,False,False,False,False,False,BioApp Phase 2br2,,
file_0097,visualizations/bioapp_phase2br2_explicit_rscript_cta_align_locale_safe_dry_run/bioapp_phase2br2_r_package_check.csv,.csv,9,5,package|installed|version|load_success|error_message,,,,,,,False,False,False,False,False,False,False,BioApp Phase 2br2,,
file_0098,visualizations/bioapp_phase2br2_explicit_rscript_cta_align_locale_safe_dry_run/bioapp_phase2br2_st_data_coordinates.csv,.csv,2248,14,barcode|tissue|row|col|imagerow|imagecol|pxl_col_in_fullres|pxl_row_in_fullres|pxl_row_in_fullres_reverse|spot_radius_fullres|xmin|xmax|ymin|ymax,barcode,row|col|imagerow|imagecol|pxl_col_in_fullres|pxl_row_in_fullres|pxl_row_in_fullres_reverse,2285.0,12399.0,1433.0,12658.0,True,False,False,False,False,False,False,BioApp Phase 2br2,,
file_0099,visualizations/bioapp_phase2br2_explicit_rscript_cta_align_locale_safe_dry_run/bioapp_phase2br2_st_data_object_inventory.json,.json,,14,objects_loaded|object_classes|Seurat_object_name|Seurat_object_found|image_slot_names|selected_image_slot|number_of_spots|spot_barcodes_found|metadata_columns|coordinate_columns|assay_names|spatial_coordinates_found|spot_radius_fullres|ST_data_RData_parsed,spot_barcodes_found,,,,,,False,False,False,False,False,False,True,BioApp Phase 2br2,,
file_0100,visualizations/bioapp_phase2br2_explicit_rscript_cta_align_locale_safe_dry_run/bioapp_phase2br2_st_data_object_inventory.txt,.txt,,,,,,,,,,False,False,False,False,False,False,False,BioApp Phase 2br2,,
file_0101,visualizations/bioapp_phase2br2_explicit_rscript_cta_align_locale_safe_dry_run/bioapp_phase2br2_st_data_spot_metadata.csv,.csv,2248,9,barcode|orig.ident|nCount_Spatial|nFeature_Spatial|type|spaceranger_clusters|percent_mito|percent_ribo|percent_hb,barcode,,,,,,True,False,False,False,False,False,True,BioApp Phase 2br2,,
file_0102,visualizations/bioapp_phase2br2_explicit_rscript_cta_align_locale_safe_dry_run/bioapp_phase2br2_summary.json,.json,,30,phase|decision|supersedes_previous_phase2br_path_only_check|stage_type|explicit_Rscript_used|explicit_Rscript_path|required_R_packages_available|ST_data_RData_parsed|Seurat_object_found|spot_barcodes_found|spatial_coordinates_found|CTA_output_parsed|CTA_align_locale_issue_detected|locale_safe_patch_or_wrapper_used|original_CTA_align_modified|CTA_to_spot_mapping_generated|endpoint_frozen|expression_markers_used_to_define_endpoint|mapping_outputs_used_to_define_endpoint|CytoSPACE_run|SVTuner_run|Stage4_run|formal_metrics_recomputed|ready_for_phase2c_endpoint_freeze|number_of_spots_in_ST_data|number_of_spots_with_CTA_mapping|CTA_objects_total|CTA_objects_captured|CTA_objects_not_captured|output_dir,spot_barcodes_found,,,,,,False,False,True,False,False,False,True,BioApp Phase 2br2,,
file_0103,visualizations/bioapp_phase2br2_explicit_rscript_cta_align_locale_safe_dry_run/_ascii_runtime/ST_data.RData,.rdata,,,,,,,,,,False,False,False,False,False,False,False,BioApp Phase 2br2,,
file_0104,visualizations/bioapp_phase2br_r_seurat_runtime_resolution_and_cta_align_dry_run/bioapp_phase2br_cta_align_dry_run_report.txt,.txt,,,,,,,,,,False,False,False,False,False,False,False,BioApp Phase 2br,,
file_0105,visualizations/bioapp_phase2br_r_seurat_runtime_resolution_and_cta_align_dry_run/bioapp_phase2br_cta_to_spot_mapping_example.csv,.csv,0,9,barcode|array_row|array_col|pxl_col_in_fullres|pxl_row_in_fullres|CTA_class_or_label|CTA_score_or_count|endpoint_candidate_label|alignment_status,barcode,array_row|array_col|pxl_col_in_fullres|pxl_row_in_fullres,nan,nan,nan,nan,False,False,True,False,False,False,False,BioApp Phase 2br,,
file_0106,visualizations/bioapp_phase2br_r_seurat_runtime_resolution_and_cta_align_dry_run/bioapp_phase2br_golden_rules_v2_1_check.json,.json,,18,stage_type|Rscript_available|required_R_packages_available|ST_data_RData_parsed|Seurat_object_found|spot_barcodes_found|spatial_coordinates_found|CTA_to_spot_mapping_generated|endpoint_frozen|endpoint_independent_from_SVTuner|endpoint_independent_from_CytoSPACE|expression_markers_used_to_define_endpoint|mapping_outputs_used_to_define_endpoint|CytoSPACE_run|SVTuner_run|Stage4_run|formal_metrics_recomputed|decision,spot_barcodes_found,,,,,,False,False,True,False,False,False,True,BioApp Phase 2br,,
file_0107,visualizations/bioapp_phase2br_r_seurat_runtime_resolution_and_cta_align_dry_run/bioapp_phase2br_readme.txt,.txt,,,,,,,,,,False,False,False,False,False,False,False,BioApp Phase 2br,,
file_0108,visualizations/bioapp_phase2br_r_seurat_runtime_resolution_and_cta_align_dry_run/bioapp_phase2br_r_environment_repair_plan.txt,.txt,,,,,,,,,,False,False,False,False,False,False,False,BioApp Phase 2br,,
file_0109,visualizations/bioapp_phase2br_r_seurat_runtime_resolution_and_cta_align_dry_run/bioapp_phase2br_r_package_check.csv,.csv,8,6,package|installed|version|load_success|error_message|required_for,,,,,,,False,False,False,False,False,False,False,BioApp Phase 2br,,
file_0110,visualizations/bioapp_phase2br_r_seurat_runtime_resolution_and_cta_align_dry_run/bioapp_phase2br_st_data_object_inventory.json,.json,,11,ST_data_RData_parsed|objects_loaded|object_classes|Seurat_object_found|spot_barcodes_found|metadata_columns|coordinate_columns|image_or_spatial_slot_found|assay_names|number_of_spots|error,spot_barcodes_found,,,,,,False,False,False,False,False,False,True,BioApp Phase 2br,,
file_0111,visualizations/bioapp_phase2br_r_seurat_runtime_resolution_and_cta_align_dry_run/bioapp_phase2br_st_data_object_inventory.txt,.txt,,,,,,,,,,False,False,False,False,False,False,False,BioApp Phase 2br,,
file_0112,visualizations/bioapp_phase2br_r_seurat_runtime_resolution_and_cta_align_dry_run/bioapp_phase2br_summary.json,.json,,21,phase|decision|previous_phase2b_decision|Rscript_found|R_found|required_R_packages_available|ST_data_RData_parsed|Seurat_object_found|spot_barcodes_found|spatial_coordinates_found|CTA_to_spot_mapping_generated|endpoint_frozen|expression_markers_used_to_define_endpoint|CytoSPACE_run|SVTuner_run|Stage4_run|formal_metrics_recomputed|input_dir|previous_phase2b_dir|output_dir|review_required_reason,spot_barcodes_found,,,,,,False,False,True,False,False,False,True,BioApp Phase 2br,,
file_0113,visualizations/bioapp_phase2b_example_cta_endpoint_freeze_test/bioapp_phase2b_cta_align_runtime_report.txt,.txt,,,,,,,,,,False,False,False,False,False,False,False,BioApp Phase 2b,,
file_0114,visualizations/bioapp_phase2b_example_cta_endpoint_freeze_test/bioapp_phase2b_cta_output_preview.csv,.csv,25,134,Image|Object ID|Object type|Name|Classification|Parent|ROI|Centroid X µm|Centroid Y µm|Nucleus: Area|Nucleus: Perimeter|Nucleus: Circularity|Nucleus: Max caliper|Nucleus: Min caliper|Nucleus: Eccentricity|Nucleus: Hematoxylin OD mean|Nucleus: Hematoxylin OD sum|Nucleus: Hematoxylin OD std dev|Nucleus: Hematoxylin OD max|Nucleus: Hematoxylin OD min|Nucleus: Hematoxylin OD range|Nucleus: Eosin OD mean|Nucleus: Eosin OD sum|Nucleus: Eosin OD std dev|Nucleus: Eosin OD max|Nucleus: Eosin OD min|Nucleus: Eosin OD range|Cell: Area|Cell: Perimeter|Cell: Circularity|Cell: Max caliper|Cell: Min caliper|Cell: Eccentricity|Cell: Hematoxylin OD mean|Cell: Hematoxylin OD std dev|Cell: Hematoxylin OD max|Cell: Hematoxylin OD min|Cell: Eosin OD mean|Cell: Eosin OD std dev|Cell: Eosin OD max|Cell: Eosin OD min|Cytoplasm: Hematoxylin OD mean|Cytoplasm: Hematoxylin OD std dev|Cytoplasm: Hematoxylin OD max|Cytoplasm: Hematoxylin OD min|Cytoplasm: Eosin OD mean|Cytoplasm: Eosin OD std dev|Cytoplasm: Eosin OD max|Cytoplasm: Eosin OD min|Nucleus/Cell area ratio|Smoothed: 25 µm: Nucleus: Area|Smoothed: 25 µm: Nucleus: Perimeter|Smoothed: 25 µm: Nucleus: Circularity|Smoothed: 25 µm: Nucleus: Max caliper|Smoothed: 25 µm: Nucleus: Min caliper|Smoothed: 25 µm: Nucleus: Eccentricity|Smoothed: 25 µm: Nucleus: Hematoxylin OD mean|Smoothed: 25 µm: Nucleus: Hematoxylin OD sum|Smoothed: 25 µm: Nucleus: Hematoxylin OD std dev|Smoothed: 25 µm: Nucleus: Hematoxylin OD max|Smoothed: 25 µm: Nucleus: Hematoxylin OD min|Smoothed: 25 µm: Nucleus: Hematoxylin OD range|Smoothed: 25 µm: Nucleus: Eosin OD mean|Smoothed: 25 µm: Nucleus: Eosin OD sum|Smoothed: 25 µm: Nucleus: Eosin OD std dev|Smoothed: 25 µm: Nucleus: Eosin OD max|Smoothed: 25 µm: Nucleus: Eosin OD min|Smoothed: 25 µm: Nucleus: Eosin OD range|Smoothed: 25 µm: Cell: Area|Smoothed: 25 µm: Cell: Perimeter|Smoothed: 25 µm: Cell: Circularity|Smoothed: 25 µm: Cell: Max caliper|Smoothed: 25 µm: Cell: Min caliper|Smoothed: 25 µm: Cell: Eccentricity|Smoothed: 25 µm: Cell: Hematoxylin OD mean|Smoothed: 25 µm: Cell: Hematoxylin OD std dev|Smoothed: 25 µm: Cell: Hematoxylin OD max|Smoothed: 25 µm: Cell: Hematoxylin OD min|Smoothed: 25 µm: Cell: Eosin OD mean|Smoothed: 25 µm: Cell: Eosin OD std dev|Smoothed: 25 µm: Cell: Eosin OD max|Smoothed: 25 µm: Cell: Eosin OD min|Smoothed: 25 µm: Cytoplasm: Hematoxylin OD mean|Smoothed: 25 µm: Cytoplasm: Hematoxylin OD std dev|Smoothed: 25 µm: Cytoplasm: Hematoxylin OD max|Smoothed: 25 µm: Cytoplasm: Hematoxylin OD min|Smoothed: 25 µm: Cytoplasm: Eosin OD mean|Smoothed: 25 µm: Cytoplasm: Eosin OD std dev|Smoothed: 25 µm: Cytoplasm: Eosin OD max|Smoothed: 25 µm: Cytoplasm: Eosin OD min|Smoothed: 25 µm: Nucleus/Cell area ratio|Smoothed: 25 µm: Nearby detection counts|Smoothed: 50 µm: Nucleus: Area|Smoothed: 50 µm: Nucleus: Perimeter|Smoothed: 50 µm: Nucleus: Circularity|Smoothed: 50 µm: Nucleus: Max caliper|Smoothed: 50 µm: Nucleus: Min caliper|Smoothed: 50 µm: Nucleus: Eccentricity|Smoothed: 50 µm: Nucleus: Hematoxylin OD mean|Smoothed: 50 µm: Nucleus: Hematoxylin OD sum|Smoothed: 50 µm: Nucleus: Hematoxylin OD std dev|Smoothed: 50 µm: Nucleus: Hematoxylin OD max|Smoothed: 50 µm: Nucleus: Hematoxylin OD min|Smoothed: 50 µm: Nucleus: Hematoxylin OD range|Smoothed: 50 µm: Nucleus: Eosin OD mean|Smoothed: 50 µm: Nucleus: Eosin OD sum|Smoothed: 50 µm: Nucleus: Eosin OD std dev|Smoothed: 50 µm: Nucleus: Eosin OD max|Smoothed: 50 µm: Nucleus: Eosin OD min|Smoothed: 50 µm: Nucleus: Eosin OD range|Smoothed: 50 µm: Cell: Area|Smoothed: 50 µm: Cell: Perimeter|Smoothed: 50 µm: Cell: Circularity|Smoothed: 50 µm: Cell: Max caliper|Smoothed: 50 µm: Cell: Min caliper|Smoothed: 50 µm: Cell: Eccentricity|Smoothed: 50 µm: Cell: Hematoxylin OD mean|Smoothed: 50 µm: Cell: Hematoxylin OD std dev|Smoothed: 50 µm: Cell: Hematoxylin OD max|Smoothed: 50 µm: Cell: Hematoxylin OD min,,,,,,,False,False,False,False,False,False,False,BioApp Phase 2b,,
file_0115,visualizations/bioapp_phase2b_example_cta_endpoint_freeze_test/bioapp_phase2b_cta_output_report.txt,.txt,,,,,,,,,,False,False,False,False,False,False,False,BioApp Phase 2b,,
file_0116,visualizations/bioapp_phase2b_example_cta_endpoint_freeze_test/bioapp_phase2b_cta_output_schema.csv,.csv,134,6,column_index|column_name|dtype|non_null_count|example_value|role_guess,,,,,,,False,False,False,False,False,False,False,BioApp Phase 2b,,
file_0117,visualizations/bioapp_phase2b_example_cta_endpoint_freeze_test/bioapp_phase2b_cta_to_spot_mapping.csv,.csv,0,9,barcode|array_row|array_col|pxl_col_in_fullres|pxl_row_in_fullres|CTA_class_or_label|CTA_score_or_count|endpoint_candidate_label|alignment_status,barcode,array_row|array_col|pxl_col_in_fullres|pxl_row_in_fullres,nan,nan,nan,nan,False,False,True,False,False,False,False,BioApp Phase 2b,,
file_0118,visualizations/bioapp_phase2b_example_cta_endpoint_freeze_test/bioapp_phase2b_endpoint_definition.json,.json,,11,selected_example_sample_id|available_CTA_labels_classes_scores|endpoint_positive_rule|endpoint_negative_rule|excluded_spot_rule|number_of_endpoint_positive_spots|number_of_endpoint_negative_spots|number_of_excluded_spots|allowed_interpretation|disallowed_interpretation|endpoint_definition_frozen_before_mapping,,,,,,,False,False,True,False,False,False,False,BioApp Phase 2b,,
file_0119,visualizations/bioapp_phase2b_example_cta_endpoint_freeze_test/bioapp_phase2b_endpoint_freeze_manifest.json,.json,,8,endpoint_freeze_attempted|endpoint_definition_frozen_before_mapping|reason|expression_markers_used_to_define_endpoint|mapping_outputs_used_to_define_endpoint|CytoSPACE_run|SVTuner_run|Stage4_run,,,,,,,False,False,True,False,False,False,False,BioApp Phase 2b,,
file_0120,visualizations/bioapp_phase2b_example_cta_endpoint_freeze_test/bioapp_phase2b_endpoint_freeze_report.txt,.txt,,,,,,,,,,False,False,False,False,False,False,False,BioApp Phase 2b,,
file_0121,visualizations/bioapp_phase2b_example_cta_endpoint_freeze_test/bioapp_phase2b_endpoint_spot_labels.csv,.csv,0,8,barcode|sample_id|endpoint_label|CTA_tumor_count|CTA_immune_count|CTA_stroma_count|CTA_total_count|endpoint_rule_source,barcode,,,,,,False,False,True,False,False,False,True,BioApp Phase 2b,,
file_0122,visualizations/bioapp_phase2b_example_cta_endpoint_freeze_test/bioapp_phase2b_endpoint_statistics.csv,.csv,1,9,total_spots|spots_with_CTA_mapping|endpoint_positive_spots|endpoint_negative_spots|excluded_spots|positive_fraction|negative_fraction|excluded_fraction|CTA_class_distribution,,,,,,,False,False,True,False,False,False,False,BioApp Phase 2b,,
file_0123,visualizations/bioapp_phase2b_example_cta_endpoint_freeze_test/bioapp_phase2b_endpoint_statistics_report.txt,.txt,,,,,,,,,,False,False,False,False,False,False,False,BioApp Phase 2b,,
file_0124,visualizations/bioapp_phase2b_example_cta_endpoint_freeze_test/bioapp_phase2b_example_file_validation.csv,.csv,4,8,required_file|expected_role|local_path|exists|readable|file_size_mb|file_type|notes,,,,,,,False,False,False,False,False,False,True,BioApp Phase 2b,,
file_0125,visualizations/bioapp_phase2b_example_cta_endpoint_freeze_test/bioapp_phase2b_golden_rules_v2_1_check.json,.json,,17,stage_type|example_files_found|CTA_output_parsed|ST_data_RData_parsed|CTA_to_spot_mapping_generated|endpoint_independent_from_SVTuner|endpoint_independent_from_CytoSPACE|endpoint_independent_from_Visium_expression|expression_markers_used_to_define_endpoint|mapping_outputs_used_to_define_endpoint|endpoint_definition_frozen_before_mapping|endpoint_positive_spots|endpoint_negative_spots|real_endpoint_spatial_map_generated|ready_for_phase3_example_input_harmonization|full_cohort_endpoint_supported|decision,,,,,,,False,False,True,False,False,False,True,BioApp Phase 2b,,
file_0126,visualizations/bioapp_phase2b_example_cta_endpoint_freeze_test/bioapp_phase2b_readme.txt,.txt,,,,,,,,,,False,False,False,False,False,False,False,BioApp Phase 2b,,
file_0127,visualizations/bioapp_phase2b_example_cta_endpoint_freeze_test/bioapp_phase2b_st_data_coordinate_report.txt,.txt,,,,,,,,,,False,False,False,False,False,False,False,BioApp Phase 2b,,
file_0128,visualizations/bioapp_phase2b_example_cta_endpoint_freeze_test/bioapp_phase2b_st_data_object_inventory.txt,.txt,,,,,,,,,,False,False,False,False,False,False,False,BioApp Phase 2b,,
file_0129,visualizations/bioapp_phase2b_example_cta_endpoint_freeze_test/bioapp_phase2b_st_data_spot_metadata.csv,.csv,0,8,barcode|sample_id|array_row|array_col|pxl_col_in_fullres|pxl_row_in_fullres|source|status,barcode,array_row|array_col|pxl_col_in_fullres|pxl_row_in_fullres,nan,nan,nan,nan,False,False,False,False,False,False,True,BioApp Phase 2b,,
file_0130,visualizations/bioapp_phase2b_example_cta_endpoint_freeze_test/bioapp_phase2b_summary.json,.json,,20,phase|decision|example_files_found|CTA_output_parsed|ST_data_RData_parsed|CTA_to_spot_mapping_generated|endpoint_definition_frozen_before_mapping|endpoint_positive_spots|endpoint_negative_spots|real_endpoint_spatial_map_generated|expression_markers_used_to_define_endpoint|CytoSPACE_run|SVTuner_run|Stage4_run|formal_metrics_recomputed|full_cohort_endpoint_supported|input_dir|phase2a_dir|output_dir|review_required_reason,,,,,,,False,False,True,False,False,False,True,BioApp Phase 2b,,
file_0131,visualizations/bioapp_phase2c_endpoint_freeze_with_validated_cta_to_spot_mapping/bioapp_phase2c_endpoint_freeze_summary.json,.json,,28,phase|decision|reason|stage_type|input_phase2br2_decision|validated_CTA_to_spot_mapping_used|CTA_mapping_recomputed|CTA_align_R_modified|ST_spots_total|CTA_mapped_spots|unmatched_spots|CTA_objects_total|CTA_objects_captured|CTA_objects_not_captured|endpoint_frozen|primary_endpoint|ready_for_phase3|endpoint_freeze_rule|endpoint_QC|expression_markers_used_to_define_endpoint|mapping_outputs_used_to_define_endpoint|CytoSPACE_run|SVTuner_run|Stage4_run|formal_metrics_recomputed|allowed_claims|disallowed_claims|output_dir,,,,,,,False,False,True,False,False,False,False,BioApp Phase 2c,,
file_0132,visualizations/bioapp_phase2c_endpoint_freeze_with_validated_cta_to_spot_mapping/bioapp_phase2c_golden_rules_v2_1_check.json,.json,,13,stage_type|biological_question_defined|external_endpoint_predefined|endpoint_independent_from_SVTuner|endpoint_spatially_registered|baseline_comparison_available|endpoint_specific_improvement_defined|endpoint_specific_quantitative_metric_available|endpoint_baseline_SVTuner_spatial_comparison_available|interpretation_boundary_defined|biological_application_allowed|allowed_claim_level|decision,,,,,,,False,False,True,False,False,False,True,BioApp Phase 2c,,
file_0133,visualizations/bioapp_phase2c_endpoint_freeze_with_validated_cta_to_spot_mapping/decision.txt,.txt,,,,,,,,,,False,False,False,False,False,False,False,BioApp Phase 2c,,
file_0134,visualizations/bioapp_phase2c_endpoint_freeze_with_validated_cta_to_spot_mapping/endpoint_definition.json,.json,,6,endpoint_type|endpoint_classes|primary_endpoint|freeze_rule|primary_endpoint_recommendation_rule|selection_independent_from_mapping_or_SVTuner_outputs,,,,,,,False,False,True,False,False,False,False,BioApp Phase 2c,,
file_0135,visualizations/bioapp_phase2c_endpoint_freeze_with_validated_cta_to_spot_mapping/endpoint_eligibility_qc.csv,.csv,3,14,endpoint_class|n_positive|n_negative|n_ambiguous|n_excluded|positive_fraction_among_mapped|negative_fraction_among_mapped|median_C_fraction_positive|mean_C_fraction_positive|dominant_class_purity_positive|number_of_positive_components|largest_positive_component_size|largest_positive_component_fraction|eligible_endpoint,,,,,,,False,False,True,False,False,False,False,BioApp Phase 2c,,
file_0136,visualizations/bioapp_phase2c_endpoint_freeze_with_validated_cta_to_spot_mapping/endpoint_freeze_manifest.json,.json,,8,phase|decision|endpoint_frozen|primary_endpoint|spot_level_endpoint_freeze|spot_level_CTA_composition|endpoint_eligibility_qc|endpoint_definition,,,,,,,False,False,True,False,False,False,False,BioApp Phase 2c,,
file_0137,visualizations/bioapp_phase2c_endpoint_freeze_with_validated_cta_to_spot_mapping/endpoint_Immune_cells_ambiguous_spots.txt,.txt,,,,,,,,,,False,False,False,False,False,False,False,BioApp Phase 2c,,
file_0138,visualizations/bioapp_phase2c_endpoint_freeze_with_validated_cta_to_spot_mapping/endpoint_Immune_cells_excluded_spots.txt,.txt,,,,,,,,,,False,False,False,False,False,False,False,BioApp Phase 2c,,
file_0139,visualizations/bioapp_phase2c_endpoint_freeze_with_validated_cta_to_spot_mapping/endpoint_Immune_cells_negative_spots.txt,.txt,,,,,,,,,,False,False,False,False,False,False,False,BioApp Phase 2c,,
file_0140,visualizations/bioapp_phase2c_endpoint_freeze_with_validated_cta_to_spot_mapping/endpoint_Immune_cells_positive_spots.txt,.txt,,,,,,,,,,False,False,False,False,False,False,False,BioApp Phase 2c,,
file_0141,visualizations/bioapp_phase2c_endpoint_freeze_with_validated_cta_to_spot_mapping/endpoint_Stroma_ambiguous_spots.txt,.txt,,,,,,,,,,False,False,False,False,False,False,False,BioApp Phase 2c,,
file_0142,visualizations/bioapp_phase2c_endpoint_freeze_with_validated_cta_to_spot_mapping/endpoint_Stroma_excluded_spots.txt,.txt,,,,,,,,,,False,False,False,False,False,False,False,BioApp Phase 2c,,
file_0143,visualizations/bioapp_phase2c_endpoint_freeze_with_validated_cta_to_spot_mapping/endpoint_Stroma_negative_spots.txt,.txt,,,,,,,,,,False,False,False,False,False,False,False,BioApp Phase 2c,,
file_0144,visualizations/bioapp_phase2c_endpoint_freeze_with_validated_cta_to_spot_mapping/endpoint_Stroma_positive_spots.txt,.txt,,,,,,,,,,False,False,False,False,False,False,False,BioApp Phase 2c,,
file_0145,visualizations/bioapp_phase2c_endpoint_freeze_with_validated_cta_to_spot_mapping/endpoint_Tumor_ambiguous_spots.txt,.txt,,,,,,,,,,False,False,False,False,False,False,False,BioApp Phase 2c,,
file_0146,visualizations/bioapp_phase2c_endpoint_freeze_with_validated_cta_to_spot_mapping/endpoint_Tumor_excluded_spots.txt,.txt,,,,,,,,,,False,False,False,False,False,False,False,BioApp Phase 2c,,
file_0147,visualizations/bioapp_phase2c_endpoint_freeze_with_validated_cta_to_spot_mapping/endpoint_Tumor_negative_spots.txt,.txt,,,,,,,,,,False,False,False,False,False,False,False,BioApp Phase 2c,,
file_0148,visualizations/bioapp_phase2c_endpoint_freeze_with_validated_cta_to_spot_mapping/endpoint_Tumor_positive_spots.txt,.txt,,,,,,,,,,False,False,False,False,False,False,False,BioApp Phase 2c,,
file_0149,visualizations/bioapp_phase2c_endpoint_freeze_with_validated_cta_to_spot_mapping/manifest.csv,.csv,49,4,file|type|description|created_by_phase,,,,,,,False,False,False,False,False,False,False,BioApp Phase 2c,,
file_0150,visualizations/bioapp_phase2c_endpoint_freeze_with_validated_cta_to_spot_mapping/primary_endpoint_ambiguous_spots.txt,.txt,,,,,,,,,,False,False,False,False,False,False,False,BioApp Phase 2c,,
file_0151,visualizations/bioapp_phase2c_endpoint_freeze_with_validated_cta_to_spot_mapping/primary_endpoint_excluded_spots.txt,.txt,,,,,,,,,,False,False,False,False,False,False,False,BioApp Phase 2c,,
file_0152,visualizations/bioapp_phase2c_endpoint_freeze_with_validated_cta_to_spot_mapping/primary_endpoint_negative_spots.txt,.txt,,,,,,,,,,False,False,False,False,False,False,False,BioApp Phase 2c,,
file_0153,visualizations/bioapp_phase2c_endpoint_freeze_with_validated_cta_to_spot_mapping/primary_endpoint_positive_spots.txt,.txt,,,,,,,,,,False,False,False,False,False,False,False,BioApp Phase 2c,,
file_0154,visualizations/bioapp_phase2c_endpoint_freeze_with_validated_cta_to_spot_mapping/README.md,.md,,,,,,,,,,False,False,False,False,False,False,False,BioApp Phase 2c,,
file_0155,visualizations/bioapp_phase2c_endpoint_freeze_with_validated_cta_to_spot_mapping/spot_level_CTA_composition.csv,.csv,2248,19,barcode|tissue|row|col|imagerow|imagecol|pxl_col_in_fullres|pxl_row_in_fullres|total_CTA_objects|Tumor_count|Immune_cells_count|Stroma_count|Tumor_fraction|Immune_cells_fraction|Stroma_fraction|dominant_CTA_class|dominant_CTA_fraction|CTA_mapped|unmatched_reason,barcode,row|col|imagerow|imagecol|pxl_col_in_fullres|pxl_row_in_fullres,2285.0,12399.0,1433.0,12658.0,True,False,False,False,False,False,False,BioApp Phase 2c,,
file_0156,visualizations/bioapp_phase2c_endpoint_freeze_with_validated_cta_to_spot_mapping/spot_level_endpoint_freeze.csv,.csv,2248,24,barcode|tissue|row|col|imagerow|imagecol|pxl_col_in_fullres|pxl_row_in_fullres|total_CTA_objects|Tumor_count|Immune_cells_count|Stroma_count|Tumor_fraction|Immune_cells_fraction|Stroma_fraction|dominant_CTA_class|dominant_CTA_fraction|CTA_mapped|unmatched_reason|Tumor_endpoint_status|Immune_cells_endpoint_status|Stroma_endpoint_status|primary_endpoint_status|primary_endpoint_class,barcode,row|col|imagerow|imagecol|pxl_col_in_fullres|pxl_row_in_fullres,2285.0,12399.0,1433.0,12658.0,True,False,True,False,False,False,False,BioApp Phase 2c,,
file_0157,visualizations/bioapp_phase2_cta_endpoint_spatial_registration_and_endpoint_freeze/bioapp_phase2_cta_endpoint_provenance_report.txt,.txt,,,,,,,,,,False,False,False,False,False,False,False,BioApp Phase 2,,
file_0158,visualizations/bioapp_phase2_cta_endpoint_spatial_registration_and_endpoint_freeze/bioapp_phase2_cta_endpoint_provenance_table.csv,.csv,8,4,question|answer|status|evidence_file_or_source,,,,,,,False,False,False,False,False,False,True,BioApp Phase 2,,
file_0159,visualizations/bioapp_phase2_cta_endpoint_spatial_registration_and_endpoint_freeze/bioapp_phase2_endpoint_definition.json,.json,,11,selected_sample_id|endpoint_source|endpoint_positive_rule|endpoint_negative_rule|excluded_spot_rule|expression_markers_used_to_define_endpoint|mapping_outputs_used_to_define_endpoint|allowed_endpoint_interpretation|disallowed_endpoint_interpretation|frozen_before_mapping|reason_not_frozen,,,,,,,False,False,True,False,False,False,True,BioApp Phase 2,,
file_0160,visualizations/bioapp_phase2_cta_endpoint_spatial_registration_and_endpoint_freeze/bioapp_phase2_endpoint_freeze_manifest.json,.json,,14,endpoint_definition_frozen_before_mapping|selected_sample_fixed|cta_provenance_verified|CTA_to_spot_barcode_mapping_verified|endpoint_positive_spots|endpoint_negative_spots|excluded_spots|raw_FASTQ_downloaded|cytospace_run|svtuner_run|stage4_run|formal_metrics_recomputed|decision|blocking_reason,CTA_to_spot_barcode_mapping_verified,,,,,,False,False,True,False,False,False,False,BioApp Phase 2,,
file_0161,visualizations/bioapp_phase2_cta_endpoint_spatial_registration_and_endpoint_freeze/bioapp_phase2_endpoint_freeze_report.txt,.txt,,,,,,,,,,False,False,False,False,False,False,False,BioApp Phase 2,,
file_0162,visualizations/bioapp_phase2_cta_endpoint_spatial_registration_and_endpoint_freeze/bioapp_phase2_endpoint_spot_labels.csv,.csv,0,14,sample_id|barcode|in_tissue|array_row|array_col|pxl_col_in_fullres|pxl_row_in_fullres|CTA_score_or_label|CTA_class|endpoint_label|endpoint_positive|endpoint_negative|excluded_from_endpoint|reason,barcode,array_row|array_col|pxl_col_in_fullres|pxl_row_in_fullres,nan,nan,nan,nan,False,False,True,False,False,False,False,BioApp Phase 2,,
file_0163,visualizations/bioapp_phase2_cta_endpoint_spatial_registration_and_endpoint_freeze/bioapp_phase2_endpoint_statistics.csv,.csv,10,3,metric|value|notes,,,,,,,False,False,False,False,False,False,False,BioApp Phase 2,,
file_0164,visualizations/bioapp_phase2_cta_endpoint_spatial_registration_and_endpoint_freeze/bioapp_phase2_endpoint_statistics_report.txt,.txt,,,,,,,,,,False,False,False,False,False,False,False,BioApp Phase 2,,
file_0165,visualizations/bioapp_phase2_cta_endpoint_spatial_registration_and_endpoint_freeze/bioapp_phase2_file_acquisition_manifest.csv,.csv,7,12,file_name|source|local_path|file_type|sample_id|required_for|downloaded_or_found|file_size_mb|checksum_if_available|raw_data|allowed_by_phase2|notes,,,,,,,False,False,False,False,False,False,True,BioApp Phase 2,,
file_0166,visualizations/bioapp_phase2_cta_endpoint_spatial_registration_and_endpoint_freeze/bioapp_phase2_golden_rules_v2_1_check.json,.json,,15,stage_type|external_endpoint_predefined|endpoint_independent_from_SVTuner|endpoint_independent_from_CytoSPACE|endpoint_independent_from_Visium_expression|CTA_provenance_verified|selected_sample_fixed|CTA_to_spot_barcode_mapping_verified|endpoint_positive_negative_spots_definable_before_mapping|endpoint_definition_frozen_before_mapping|endpoint_spatial_map_generated|endpoint_statistics_generated|ready_for_phase3_input_harmonization|biological_application_allowed_to_phase3|decision,CTA_to_spot_barcode_mapping_verified,,,,,,False,False,True,False,False,False,True,BioApp Phase 2,,
file_0167,visualizations/bioapp_phase2_cta_endpoint_spatial_registration_and_endpoint_freeze/bioapp_phase2_readme.txt,.txt,0,7,BioApp Phase 2 attempted CTA endpoint spatial registration and endpoint freeze without mapping. CTA provenance passed| but endpoint freeze is held because real CTA-to-spot barcode mapping and Visium coordinates are missing. No raw FASTQ| CytoSPACE| SVTuner| Stage4| mapping| or formal metric recomputation was performed., but endpoint freeze is held because real CTA-to-spot barcode mapping and Visium coordinates are missing. No raw FASTQ,,,,,,False,False,True,False,False,False,True,BioApp Phase 2,,
file_0168,visualizations/bioapp_phase2_cta_endpoint_spatial_registration_and_endpoint_freeze/bioapp_phase2_sample_barcode_matching_report.txt,.txt,,,,,,,,,,False,False,False,False,False,False,False,BioApp Phase 2,,
file_0169,visualizations/bioapp_phase2_cta_endpoint_spatial_registration_and_endpoint_freeze/bioapp_phase2_sample_barcode_matching_table.csv,.csv,4,5,check|status|sample_id|evidence|blocking_issue,,,,,,,False,False,False,False,False,False,False,BioApp Phase 2,,
file_0170,visualizations/bioapp_phase2_cta_endpoint_spatial_registration_and_endpoint_freeze/bioapp_phase2_summary.json,.json,,25,phase|decision|candidate|timestamp|phase1_input_available|selected_sample|CTA_provenance_verified|endpoint_independent_from_SVTuner|endpoint_independent_from_CytoSPACE|endpoint_independent_from_Visium_expression|CTA_to_spot_barcode_mapping_verified|endpoint_definition_frozen_before_mapping|endpoint_positive_spots|endpoint_negative_spots|excluded_spots|endpoint_spatial_map_generated|raw_FASTQ_downloaded|cytospace_run|svtuner_run|stage4_run|formal_metrics_recomputed|large_raw_data_downloaded|blocking_reason|output_directory|next,CTA_to_spot_barcode_mapping_verified,,,,,,False,False,True,False,False,False,True,BioApp Phase 2,,
file_0171,visualizations/bioapp_phase3r_review_resolution_for_cta_endpoint_baseline_feasibility/baseline_command_dry_plan_phase3r.txt,.txt,,,,,,,,,,False,False,False,False,False,False,False,BioApp Phase 3r,,
file_0172,visualizations/bioapp_phase3r_review_resolution_for_cta_endpoint_baseline_feasibility/bioapp_phase3r_golden_rules_v2_1_check.json,.json,,13,stage_type|biological_question_defined|external_endpoint_predefined|endpoint_independent_from_SVTuner|endpoint_spatially_registered|baseline_comparison_available|endpoint_specific_improvement_defined|endpoint_specific_quantitative_metric_available|endpoint_baseline_SVTuner_spatial_comparison_available|interpretation_boundary_defined|biological_application_allowed|allowed_claim_level|decision,,,,,,,False,False,True,False,False,False,True,BioApp Phase 3r,,
file_0173,visualizations/bioapp_phase3r_review_resolution_for_cta_endpoint_baseline_feasibility/bioapp_phase3r_review_resolution_summary.json,.json,,58,phase|decision|decision_reasons|stage_type|input_phase2c_decision|input_phase3_decision|endpoint_frozen|primary_endpoint|primary_endpoint_spatial_note|ST_spots_frozen_endpoint_total|ST_expression_full_2248_export_attempted|ST_expression_full_2248_export_success|ST_r_export_return_code|ST_r_export_error|n_ST_expression_spots|n_overlap_endpoint_ST_expression|n_endpoint_missing_from_ST_expression|full_2248_coverage_achieved|reference_expression_found|reference_metadata_found|reference_label_column|total_reference_cells|n_reference_labels|immune_reference_cells|nonimmune_reference_cells|gene_overlap_checked|n_ST_genes|n_scRNA_genes|n_gene_overlap_exact|n_gene_overlap_case_insensitive|formal_gene_overlap_sufficient|analysis_universe_type|analysis_universe_spots|cytospace_input_manifest_generated|cytospace_input_manifest_ready|baseline_command_dry_plan_generated|primary_dropout_design|immune_removed_cell_count|nonimmune_total_cells|true_nonimmune_size_matched_control_possible|control_strategy_resolved|recommended_primary_control|recommended_supplementary_control|ready_for_phase4|biological_application_allowed|CytoSPACE_run|SVTuner_run|Stage4_run|formal_baseline_mapping_run|contradiction_analysis_run|prevention_analysis_run|endpoint_redefined|expression_markers_used_to_define_endpoint|mapping_outputs_used_to_define_endpoint|boundary_violation|allowed_claims|disallowed_claims|output_dir,,,,,,,False,False,True,False,False,False,True,BioApp Phase 3r,,
file_0174,visualizations/bioapp_phase3r_review_resolution_for_cta_endpoint_baseline_feasibility/cytospace_input_manifest.csv,.csv,1,18,phase|dry_plan_only|cytospace_run|reference_dir|reference_expression|reference_metadata|reference_label_column|st_expression_counts_genes_by_spots|st_expression_counts_spots_by_genes|st_expression_data_genes_by_spots|st_expression_data_spots_by_genes|st_coordinates|formal_gene_intersection|analysis_spot_universe|analysis_spot_count|n_gene_overlap_exact|manifest_ready_for_phase4|note,,,,,,,False,False,False,False,False,False,False,BioApp Phase 3r,,
file_0175,visualizations/bioapp_phase3r_review_resolution_for_cta_endpoint_baseline_feasibility/cytospace_input_manifest.json,.json,,18,phase|dry_plan_only|cytospace_run|reference_dir|reference_expression|reference_metadata|reference_label_column|st_expression_counts_genes_by_spots|st_expression_counts_spots_by_genes|st_expression_data_genes_by_spots|st_expression_data_spots_by_genes|st_coordinates|formal_gene_intersection|analysis_spot_universe|analysis_spot_count|n_gene_overlap_exact|manifest_ready_for_phase4|note,,,,,,,False,False,False,False,False,False,False,BioApp Phase 3r,,
file_0176,visualizations/bioapp_phase3r_review_resolution_for_cta_endpoint_baseline_feasibility/decision.txt,.txt,,,,,,,,,,False,False,False,False,False,False,False,BioApp Phase 3r,,
file_0177,visualizations/bioapp_phase3r_review_resolution_for_cta_endpoint_baseline_feasibility/formal_gene_intersection.txt,.txt,,,,,,,,,,False,False,False,False,False,False,False,BioApp Phase 3r,,
file_0178,visualizations/bioapp_phase3r_review_resolution_for_cta_endpoint_baseline_feasibility/manifest.csv,.csv,35,6,file|type|description|created_by_phase|status|notes,,,,,,,False,False,False,False,False,False,False,BioApp Phase 3r,,
file_0179,visualizations/bioapp_phase3r_review_resolution_for_cta_endpoint_baseline_feasibility/README.md,.md,,,,,,,,,,False,False,False,False,False,False,False,BioApp Phase 3r,,
file_0180,visualizations/bioapp_phase3r_review_resolution_for_cta_endpoint_baseline_feasibility/reference_cell_list.txt,.txt,,,,,,,,,,False,False,False,False,False,False,False,BioApp Phase 3r,,
file_0181,visualizations/bioapp_phase3r_review_resolution_for_cta_endpoint_baseline_feasibility/reference_cell_type_counts.csv,.csv,11,5,cell_type|n_cells|fraction|immune_label|immune_group_suggested,,,,,,,False,False,False,False,False,False,False,BioApp Phase 3r,,
file_0182,visualizations/bioapp_phase3r_review_resolution_for_cta_endpoint_baseline_feasibility/reference_expression_audit.csv,.csv,1,5,file|exists|n_rows_cells|n_columns_including_cell_id|first_column,,,,,,,False,False,False,False,False,False,False,BioApp Phase 3r,,
file_0183,visualizations/bioapp_phase3r_review_resolution_for_cta_endpoint_baseline_feasibility/reference_gene_list.txt,.txt,,,,,,,,,,False,False,False,False,False,False,False,BioApp Phase 3r,,
file_0184,visualizations/bioapp_phase3r_review_resolution_for_cta_endpoint_baseline_feasibility/reference_metadata_audit.csv,.csv,4014,2,cell_id|cell_type,,,,,,,False,False,False,False,False,False,False,BioApp Phase 3r,,
file_0185,visualizations/bioapp_phase3r_review_resolution_for_cta_endpoint_baseline_feasibility/st_barcode_list_full_2248.txt,.txt,,,,,,,,,,False,False,False,False,False,False,False,BioApp Phase 3r,,
file_0186,visualizations/bioapp_phase3r_review_resolution_for_cta_endpoint_baseline_feasibility/st_coordinates_full_2248.csv,.csv,2248,3,barcode|imagerow|imagecol,barcode,imagerow|imagecol,94.957751855,515.265280197,59.551185299,526.028543974,True,False,False,False,False,False,False,BioApp Phase 3r,,
file_0187,visualizations/bioapp_phase3r_review_resolution_for_cta_endpoint_baseline_feasibility/st_endpoint_spot_coverage_audit.csv,.csv,2248,7,barcode|in_phase2c_endpoint|in_ST_expression|in_ST_coordinates|endpoint_status_primary|coverage_status|notes,barcode,,,,,,True,False,True,False,False,False,False,BioApp Phase 3r,,
file_0188,visualizations/bioapp_phase3r_review_resolution_for_cta_endpoint_baseline_feasibility/st_gene_list_full_2248.txt,.txt,,,,,,,,,,False,False,False,False,False,False,False,BioApp Phase 3r,,
file_0189,visualizations/bioapp_phase3r_review_resolution_for_cta_endpoint_baseline_feasibility/st_r_export_summary.txt,.txt,,,,,,,,,,False,False,False,False,False,False,False,BioApp Phase 3r,,
file_0190,visualizations/bioapp_phase3r_review_resolution_for_cta_endpoint_baseline_feasibility/st_sc_gene_overlap_audit.csv,.csv,33525,6,gene|in_ST|in_scRNA|exact_overlap|case_insensitive_overlap|used_for_formal_overlap,,,,,,,False,False,False,False,False,False,False,BioApp Phase 3r,,
file_0191,visualizations/bioapp_phase3r_review_resolution_for_cta_endpoint_baseline_feasibility/st_spot_metadata_full_2248.csv,.csv,2248,9,barcode|orig.ident|nCount_Spatial|nFeature_Spatial|type|spaceranger_clusters|percent_mito|percent_ribo|percent_hb,barcode,,,,,,True,False,False,False,False,False,True,BioApp Phase 3r,,
file_0192,visualizations/bioapp_phase3_reference_audit_and_formal_baseline_feasibility_for_cta_endpoint/baseline_command_dry_plan.txt,.txt,,,,,,,,,,False,False,False,False,False,False,False,BioApp Phase 3,,
file_0193,visualizations/bioapp_phase3_reference_audit_and_formal_baseline_feasibility_for_cta_endpoint/bioapp_phase3_golden_rules_v2_1_check.json,.json,,13,stage_type|biological_question_defined|external_endpoint_predefined|endpoint_independent_from_SVTuner|endpoint_spatially_registered|baseline_comparison_available|endpoint_specific_improvement_defined|endpoint_specific_quantitative_metric_available|endpoint_baseline_SVTuner_spatial_comparison_available|interpretation_boundary_defined|biological_application_allowed|allowed_claim_level|decision,,,,,,,False,False,True,False,False,False,True,BioApp Phase 3,,
file_0194,visualizations/bioapp_phase3_reference_audit_and_formal_baseline_feasibility_for_cta_endpoint/bioapp_phase3_reference_audit_summary.json,.json,,42,phase|decision|reason|stage_type|input_phase2c_decision|endpoint_frozen|primary_endpoint|primary_endpoint_n_positive|primary_endpoint_n_negative|primary_endpoint_n_ambiguous|primary_endpoint_n_excluded|primary_endpoint_spatial_note|reference_found|reference_metadata_found|reference_expression_found|recommended_reference_dir|recommended_reference_label_column|total_reference_cells|n_reference_labels|immune_reference_available|immune_reference_cells|immune_reference_fraction|immune_reference_labels|primary_dropout_design|primary_dropout_feasible|size_matched_control_feasible|formal_baseline_feasibility|gene_overlap_checked|n_gene_overlap|CytoSPACE_run|SVTuner_run|Stage4_run|formal_baseline_mapping_run|contradiction_analysis_run|prevention_analysis_run|endpoint_redefined|expression_markers_used_to_define_endpoint|mapping_outputs_used_to_define_endpoint|endpoint_specific_metric_plan_generated|ready_for_phase4|allowed_claims|disallowed_claims,,,,,,,False,False,True,False,False,False,True,BioApp Phase 3,,
file_0195,visualizations/bioapp_phase3_reference_audit_and_formal_baseline_feasibility_for_cta_endpoint/decision.txt,.txt,,,,,,,,,,False,False,False,False,False,False,False,BioApp Phase 3,,
file_0196,visualizations/bioapp_phase3_reference_audit_and_formal_baseline_feasibility_for_cta_endpoint/endpoint_specific_metric_plan.json,.json,,1,metrics,,,,,,,False,False,False,False,False,False,False,BioApp Phase 3,,
file_0197,visualizations/bioapp_phase3_reference_audit_and_formal_baseline_feasibility_for_cta_endpoint/formal_baseline_feasibility_audit.csv,.csv,9,6,item|status|evidence_file|value|required_for_phase4|notes,,,,,,,False,False,False,False,False,False,False,BioApp Phase 3,,
file_0198,visualizations/bioapp_phase3_reference_audit_and_formal_baseline_feasibility_for_cta_endpoint/immune_reference_label_audit.csv,.csv,11,8,source_file|label_column|label|label_count|label_fraction|immune_keyword_matched|immune_group_suggested|matched_keywords,,,,,,,False,False,False,False,False,False,True,BioApp Phase 3,,
file_0199,visualizations/bioapp_phase3_reference_audit_and_formal_baseline_feasibility_for_cta_endpoint/manifest.csv,.csv,12,4,file|type|description|created_by_phase,,,,,,,False,False,False,False,False,False,False,BioApp Phase 3,,
file_0200,visualizations/bioapp_phase3_reference_audit_and_formal_baseline_feasibility_for_cta_endpoint/README.md,.md,,,,,,,,,,False,False,False,False,False,False,False,BioApp Phase 3,,
file_0201,visualizations/bioapp_phase3_reference_audit_and_formal_baseline_feasibility_for_cta_endpoint/reference_file_inventory.csv,.csv,1537,9,file_path|file_type|file_size_mb|detected_role|read_success|n_rows|n_cols|candidate_reference|notes,,,,,,,False,False,False,False,False,False,True,BioApp Phase 3,,
file_0202,visualizations/bioapp_phase3_reference_audit_and_formal_baseline_feasibility_for_cta_endpoint/reference_label_audit.csv,.csv,11,7,source_file|label_column|n_cells|n_unique_labels|label|label_count|label_fraction,,,,,,,False,False,False,False,False,False,True,BioApp Phase 3,,
file_0203,visualizations/bioapp_phase4_formal_cytospace_baseline_execution_against_frozen_cta_immune_endpoint/baseline_execution_qc.csv,.csv,3,12,run_name|completed|return_code|runtime_seconds|n_ST_spots_input|n_genes_input|n_reference_cells_input|n_reference_labels_input|output_detected|error_detected|ready_for_phase5_endpoint_evaluation|notes,,,,,,,False,False,True,False,False,False,False,BioApp Phase 4,,
file_0204,visualizations/bioapp_phase4_formal_cytospace_baseline_execution_against_frozen_cta_immune_endpoint/baseline_output_inventory.csv,.csv,24,9,run_name|file_path|file_type|file_size_mb|detected_role|readable|n_rows|n_cols|notes,,,,,,,False,False,False,False,False,False,True,BioApp Phase 4,,
file_0205,visualizations/bioapp_phase4_formal_cytospace_baseline_execution_against_frozen_cta_immune_endpoint/bioapp_phase4_formal_cytospace_baseline_execution_summary.json,.json,,51,phase|decision|decision_reasons|stage_type|input_phase2c_decision|input_phase3r_decision|manual_authorization_for_phase4|endpoint_frozen|primary_endpoint|primary_endpoint_spatial_note|endpoint_used_for_mapping|endpoint_used_for_evaluation|analysis_universe_type|analysis_universe_spots|n_gene_overlap_used|ST_expression_input_type|ST_expression_input_path|ST_expression_note|reference_label_column|total_reference_cells|immune_reference_cells|nonimmune_reference_cells|control_strategy|random_all_cell_size_matched_sensitivity_prepared|random_sensitivity_mapping_run|random_sensitivity_cell_list_path|baseline_runs|all_required_baseline_runs_completed|ready_for_phase5_endpoint_evaluation|CytoSPACE_run|SVTuner_run|Stage4_run|SVTuner_Stage3_run|SVTuner_Stage4_run|contradiction_analysis_run|prevention_analysis_run|endpoint_redefined|expression_markers_used_to_define_endpoint|mapping_outputs_used_to_define_endpoint|baseline_vs_endpoint_metric_computed|SVTuner_vs_endpoint_metric_computed|boundary_violation|biological_application_allowed|cytospace_entrypoint_found|cytospace_entrypoint_path|cytospace_environment|command_template|actual_command_executed|allowed_claims|disallowed_claims|output_dir,,,,,,,False,False,True,False,False,False,True,BioApp Phase 4,,
file_0206,visualizations/bioapp_phase4_formal_cytospace_baseline_execution_against_frozen_cta_immune_endpoint/bioapp_phase4_golden_rules_v2_1_check.json,.json,,13,stage_type|biological_question_defined|external_endpoint_predefined|endpoint_independent_from_SVTuner|endpoint_spatially_registered|baseline_comparison_available|endpoint_specific_improvement_defined|endpoint_specific_quantitative_metric_available|endpoint_baseline_SVTuner_spatial_comparison_available|interpretation_boundary_defined|biological_application_allowed|allowed_claim_level|decision,,,,,,,False,False,True,False,False,False,True,BioApp Phase 4,,
file_0207,visualizations/bioapp_phase4_formal_cytospace_baseline_execution_against_frozen_cta_immune_endpoint/decision.txt,.txt,,,,,,,,,,False,False,False,False,False,False,False,BioApp Phase 4,,
file_0208,visualizations/bioapp_phase4_formal_cytospace_baseline_execution_against_frozen_cta_immune_endpoint/manifest.csv,.csv,91,6,file|type|description|created_by_phase|status|notes,,,,,,,False,False,False,False,False,False,False,BioApp Phase 4,,
file_0209,visualizations/bioapp_phase4_formal_cytospace_baseline_execution_against_frozen_cta_immune_endpoint/random_all_cell_size_matched_control_cell_list_seed20260705.txt,.txt,,,,,,,,,,False,False,False,False,False,False,False,BioApp Phase 4,,
file_0210,visualizations/bioapp_phase4_formal_cytospace_baseline_execution_against_frozen_cta_immune_endpoint/random_all_cell_size_matched_control_design_phase4_prepared.json,.json,,7,design|seed|n_cells_to_remove|n_cells_remaining|cell_list_path|mapping_run|phase_to_execute,,,,,,,False,False,False,False,False,False,True,BioApp Phase 4,,
file_0211,visualizations/bioapp_phase4_formal_cytospace_baseline_execution_against_frozen_cta_immune_endpoint/README.md,.md,,,,,,,,,,False,False,False,False,False,False,False,BioApp Phase 4,,
file_0212,visualizations/bioapp_phase4_formal_cytospace_baseline_execution_against_frozen_cta_immune_endpoint/baseline_full_reference/cytospace_run_config.json,.json,,19,scRNA_path|cell_type_path|cell_type_fraction_estimation_path|st_path|coordinates_path|reference_expression_used|reference_metadata_used|n_reference_cells_input|n_reference_labels_input|reference_labels_input|n_ST_spots_input|n_genes_input|run_name|cytospace_package_path|output_folder|solver_method|mean_cell_numbers|number_of_processors|seed,,,,,,,False,False,False,False,False,False,True,BioApp Phase 4,,
file_0213,visualizations/bioapp_phase4_formal_cytospace_baseline_execution_against_frozen_cta_immune_endpoint/baseline_full_reference/gene_list_used.txt,.txt,,,,,,,,,,False,False,False,False,False,False,False,BioApp Phase 4,,
file_0214,visualizations/bioapp_phase4_formal_cytospace_baseline_execution_against_frozen_cta_immune_endpoint/baseline_full_reference/input_manifest.csv,.csv,1,22,run_name|endpoint_used_for_mapping|endpoint_used_for_evaluation|st_expression_input_type|scRNA_path|cell_type_path|cell_type_fraction_estimation_path|st_path|coordinates_path|reference_expression_used|reference_metadata_used|n_reference_cells_input|n_reference_labels_input|reference_labels_input|n_ST_spots_input|n_genes_input|cytospace_package_path|output_folder|solver_method|mean_cell_numbers|number_of_processors|seed,,,,,,,False,False,True,False,False,False,True,BioApp Phase 4,,
file_0215,visualizations/bioapp_phase4_formal_cytospace_baseline_execution_against_frozen_cta_immune_endpoint/baseline_full_reference/input_manifest.json,.json,,22,run_name|endpoint_used_for_mapping|endpoint_used_for_evaluation|st_expression_input_type|scRNA_path|cell_type_path|cell_type_fraction_estimation_path|st_path|coordinates_path|reference_expression_used|reference_metadata_used|n_reference_cells_input|n_reference_labels_input|reference_labels_input|n_ST_spots_input|n_genes_input|cytospace_package_path|output_folder|solver_method|mean_cell_numbers|number_of_processors|seed,,,,,,,False,False,True,False,False,False,True,BioApp Phase 4,,
file_0216,visualizations/bioapp_phase4_formal_cytospace_baseline_execution_against_frozen_cta_immune_endpoint/baseline_full_reference/reference_cell_list_used.txt,.txt,,,,,,,,,,False,False,False,False,False,False,False,BioApp Phase 4,,
file_0217,visualizations/bioapp_phase4_formal_cytospace_baseline_execution_against_frozen_cta_immune_endpoint/baseline_full_reference/reference_label_counts_used.csv,.csv,11,3,cell_type|n_cells|fraction,,,,,,,False,False,False,False,False,False,False,BioApp Phase 4,,
file_0218,visualizations/bioapp_phase4_formal_cytospace_baseline_execution_against_frozen_cta_immune_endpoint/baseline_full_reference/reference_metadata_used.csv,.csv,4014,2,cell_id|cell_type,,,,,,,False,False,False,False,False,False,False,BioApp Phase 4,,
file_0219,visualizations/bioapp_phase4_formal_cytospace_baseline_execution_against_frozen_cta_immune_endpoint/baseline_full_reference/run_command.txt,.txt,,,,,,,,,,False,False,False,False,False,False,False,BioApp Phase 4,,
file_0220,visualizations/bioapp_phase4_formal_cytospace_baseline_execution_against_frozen_cta_immune_endpoint/baseline_full_reference/run_log_stdout.txt,.txt,,,,,,,,,,False,False,False,False,False,False,False,BioApp Phase 4,,
file_0221,visualizations/bioapp_phase4_formal_cytospace_baseline_execution_against_frozen_cta_immune_endpoint/baseline_full_reference/run_status.json,.json,,17,run_name|CytoSPACE_run|SVTuner_run|Stage4_run|endpoint_used_for_mapping|endpoint_used_for_evaluation|n_ST_spots_input|n_genes_input|n_reference_cells_input|n_reference_labels_input|reference_labels_input|return_code|runtime_seconds|completed|output_files_detected|error_detected|error_summary,,,,,,,False,False,True,False,False,False,False,BioApp Phase 4,,
file_0222,visualizations/bioapp_phase4_formal_cytospace_baseline_execution_against_frozen_cta_immune_endpoint/baseline_full_reference/st_spot_list_used.txt,.txt,,,,,,,,,,False,False,False,False,False,False,False,BioApp Phase 4,,
file_0223,visualizations/bioapp_phase4_formal_cytospace_baseline_execution_against_frozen_cta_immune_endpoint/baseline_immune_all_dropout/cytospace_run_config.json,.json,,19,scRNA_path|cell_type_path|cell_type_fraction_estimation_path|st_path|coordinates_path|reference_expression_used|reference_metadata_used|n_reference_cells_input|n_reference_labels_input|reference_labels_input|n_ST_spots_input|n_genes_input|run_name|cytospace_package_path|output_folder|solver_method|mean_cell_numbers|number_of_processors|seed,,,,,,,False,False,False,False,False,False,True,BioApp Phase 4,,
file_0224,visualizations/bioapp_phase4_formal_cytospace_baseline_execution_against_frozen_cta_immune_endpoint/baseline_immune_all_dropout/gene_list_used.txt,.txt,,,,,,,,,,False,False,False,False,False,False,False,BioApp Phase 4,,
file_0225,visualizations/bioapp_phase4_formal_cytospace_baseline_execution_against_frozen_cta_immune_endpoint/baseline_immune_all_dropout/input_manifest.csv,.csv,1,22,run_name|endpoint_used_for_mapping|endpoint_used_for_evaluation|st_expression_input_type|scRNA_path|cell_type_path|cell_type_fraction_estimation_path|st_path|coordinates_path|reference_expression_used|reference_metadata_used|n_reference_cells_input|n_reference_labels_input|reference_labels_input|n_ST_spots_input|n_genes_input|cytospace_package_path|output_folder|solver_method|mean_cell_numbers|number_of_processors|seed,,,,,,,False,False,True,False,False,False,True,BioApp Phase 4,,
file_0226,visualizations/bioapp_phase4_formal_cytospace_baseline_execution_against_frozen_cta_immune_endpoint/baseline_immune_all_dropout/input_manifest.json,.json,,22,run_name|endpoint_used_for_mapping|endpoint_used_for_evaluation|st_expression_input_type|scRNA_path|cell_type_path|cell_type_fraction_estimation_path|st_path|coordinates_path|reference_expression_used|reference_metadata_used|n_reference_cells_input|n_reference_labels_input|reference_labels_input|n_ST_spots_input|n_genes_input|cytospace_package_path|output_folder|solver_method|mean_cell_numbers|number_of_processors|seed,,,,,,,False,False,True,False,False,False,True,BioApp Phase 4,,
file_0227,visualizations/bioapp_phase4_formal_cytospace_baseline_execution_against_frozen_cta_immune_endpoint/baseline_immune_all_dropout/reference_cell_list_used.txt,.txt,,,,,,,,,,False,False,False,False,False,False,False,BioApp Phase 4,,
file_0228,visualizations/bioapp_phase4_formal_cytospace_baseline_execution_against_frozen_cta_immune_endpoint/baseline_immune_all_dropout/reference_label_counts_used.csv,.csv,4,3,cell_type|n_cells|fraction,,,,,,,False,False,False,False,False,False,False,BioApp Phase 4,,
file_0229,visualizations/bioapp_phase4_formal_cytospace_baseline_execution_against_frozen_cta_immune_endpoint/baseline_immune_all_dropout/reference_metadata_used.csv,.csv,1600,2,cell_id|cell_type,,,,,,,False,False,False,False,False,False,False,BioApp Phase 4,,
file_0230,visualizations/bioapp_phase4_formal_cytospace_baseline_execution_against_frozen_cta_immune_endpoint/baseline_immune_all_dropout/run_command.txt,.txt,,,,,,,,,,False,False,False,False,False,False,False,BioApp Phase 4,,
file_0231,visualizations/bioapp_phase4_formal_cytospace_baseline_execution_against_frozen_cta_immune_endpoint/baseline_immune_all_dropout/run_log_stdout.txt,.txt,,,,,,,,,,False,False,False,False,False,False,False,BioApp Phase 4,,
file_0232,visualizations/bioapp_phase4_formal_cytospace_baseline_execution_against_frozen_cta_immune_endpoint/baseline_immune_all_dropout/run_status.json,.json,,17,run_name|CytoSPACE_run|SVTuner_run|Stage4_run|endpoint_used_for_mapping|endpoint_used_for_evaluation|n_ST_spots_input|n_genes_input|n_reference_cells_input|n_reference_labels_input|reference_labels_input|return_code|runtime_seconds|completed|output_files_detected|error_detected|error_summary,,,,,,,False,False,True,False,False,False,False,BioApp Phase 4,,
file_0233,visualizations/bioapp_phase4_formal_cytospace_baseline_execution_against_frozen_cta_immune_endpoint/baseline_immune_all_dropout/st_spot_list_used.txt,.txt,,,,,,,,,,False,False,False,False,False,False,False,BioApp Phase 4,,
file_0234,visualizations/bioapp_phase4_formal_cytospace_baseline_execution_against_frozen_cta_immune_endpoint/baseline_nonimmune_all_dropout_control/cytospace_run_config.json,.json,,19,scRNA_path|cell_type_path|cell_type_fraction_estimation_path|st_path|coordinates_path|reference_expression_used|reference_metadata_used|n_reference_cells_input|n_reference_labels_input|reference_labels_input|n_ST_spots_input|n_genes_input|run_name|cytospace_package_path|output_folder|solver_method|mean_cell_numbers|number_of_processors|seed,,,,,,,False,False,False,False,False,False,True,BioApp Phase 4,,
file_0235,visualizations/bioapp_phase4_formal_cytospace_baseline_execution_against_frozen_cta_immune_endpoint/baseline_nonimmune_all_dropout_control/gene_list_used.txt,.txt,,,,,,,,,,False,False,False,False,False,False,False,BioApp Phase 4,,
file_0236,visualizations/bioapp_phase4_formal_cytospace_baseline_execution_against_frozen_cta_immune_endpoint/baseline_nonimmune_all_dropout_control/input_manifest.csv,.csv,1,22,run_name|endpoint_used_for_mapping|endpoint_used_for_evaluation|st_expression_input_type|scRNA_path|cell_type_path|cell_type_fraction_estimation_path|st_path|coordinates_path|reference_expression_used|reference_metadata_used|n_reference_cells_input|n_reference_labels_input|reference_labels_input|n_ST_spots_input|n_genes_input|cytospace_package_path|output_folder|solver_method|mean_cell_numbers|number_of_processors|seed,,,,,,,False,False,True,False,False,False,True,BioApp Phase 4,,
file_0237,visualizations/bioapp_phase4_formal_cytospace_baseline_execution_against_frozen_cta_immune_endpoint/baseline_nonimmune_all_dropout_control/input_manifest.json,.json,,22,run_name|endpoint_used_for_mapping|endpoint_used_for_evaluation|st_expression_input_type|scRNA_path|cell_type_path|cell_type_fraction_estimation_path|st_path|coordinates_path|reference_expression_used|reference_metadata_used|n_reference_cells_input|n_reference_labels_input|reference_labels_input|n_ST_spots_input|n_genes_input|cytospace_package_path|output_folder|solver_method|mean_cell_numbers|number_of_processors|seed,,,,,,,False,False,True,False,False,False,True,BioApp Phase 4,,
file_0238,visualizations/bioapp_phase4_formal_cytospace_baseline_execution_against_frozen_cta_immune_endpoint/baseline_nonimmune_all_dropout_control/reference_cell_list_used.txt,.txt,,,,,,,,,,False,False,False,False,False,False,False,BioApp Phase 4,,
file_0239,visualizations/bioapp_phase4_formal_cytospace_baseline_execution_against_frozen_cta_immune_endpoint/baseline_nonimmune_all_dropout_control/reference_label_counts_used.csv,.csv,7,3,cell_type|n_cells|fraction,,,,,,,False,False,False,False,False,False,False,BioApp Phase 4,,
file_0240,visualizations/bioapp_phase4_formal_cytospace_baseline_execution_against_frozen_cta_immune_endpoint/baseline_nonimmune_all_dropout_control/reference_metadata_used.csv,.csv,2414,2,cell_id|cell_type,,,,,,,False,False,False,False,False,False,False,BioApp Phase 4,,
file_0241,visualizations/bioapp_phase4_formal_cytospace_baseline_execution_against_frozen_cta_immune_endpoint/baseline_nonimmune_all_dropout_control/run_command.txt,.txt,,,,,,,,,,False,False,False,False,False,False,False,BioApp Phase 4,,
file_0242,visualizations/bioapp_phase4_formal_cytospace_baseline_execution_against_frozen_cta_immune_endpoint/baseline_nonimmune_all_dropout_control/run_log_stdout.txt,.txt,,,,,,,,,,False,False,False,False,False,False,False,BioApp Phase 4,,
file_0243,visualizations/bioapp_phase4_formal_cytospace_baseline_execution_against_frozen_cta_immune_endpoint/baseline_nonimmune_all_dropout_control/run_status.json,.json,,17,run_name|CytoSPACE_run|SVTuner_run|Stage4_run|endpoint_used_for_mapping|endpoint_used_for_evaluation|n_ST_spots_input|n_genes_input|n_reference_cells_input|n_reference_labels_input|reference_labels_input|return_code|runtime_seconds|completed|output_files_detected|error_detected|error_summary,,,,,,,False,False,True,False,False,False,False,BioApp Phase 4,,
file_0244,visualizations/bioapp_phase4_formal_cytospace_baseline_execution_against_frozen_cta_immune_endpoint/baseline_nonimmune_all_dropout_control/st_spot_list_used.txt,.txt,,,,,,,,,,False,False,False,False,False,False,False,BioApp Phase 4,,
file_0245,visualizations/bioapp_phase4_formal_cytospace_baseline_execution_against_frozen_cta_immune_endpoint/baseline_nonimmune_all_dropout_control/cytospace_output/assigned_locations.csv,.csv,10132,6,UniqueCID|OriginalCID|CellType|SpotID|row|col,SpotID,row|col,59.551185299,526.028543974,94.957751855,515.265280197,False,False,False,False,False,False,False,BioApp Phase 4,,
file_0246,visualizations/bioapp_phase4_formal_cytospace_baseline_execution_against_frozen_cta_immune_endpoint/baseline_nonimmune_all_dropout_control/cytospace_output/cell_type_assignments_by_spot.csv,.csv,2247,9,SpotID|B cells|CD8 T cells|Monocytes and Macrophages|NK cells|CD4 T cells|Plasma cells|T-cells|Total cells,SpotID,,,,,,False,False,False,False,False,False,False,BioApp Phase 4,,
file_0247,visualizations/bioapp_phase4_formal_cytospace_baseline_execution_against_frozen_cta_immune_endpoint/baseline_nonimmune_all_dropout_control/cytospace_output/fractional_abundances_by_spot.csv,.csv,2247,8,SpotID|B cells|CD8 T cells|Monocytes and Macrophages|NK cells|CD4 T cells|Plasma cells|T-cells,SpotID,,,,,,False,False,False,False,False,False,False,BioApp Phase 4,,
file_0248,visualizations/bioapp_phase4_formal_cytospace_baseline_execution_against_frozen_cta_immune_endpoint/baseline_nonimmune_all_dropout_control/cytospace_output/log.txt,.txt,,,,,,,,,,False,False,False,False,False,False,False,BioApp Phase 4,,
file_0249,visualizations/bioapp_phase4_formal_cytospace_baseline_execution_against_frozen_cta_immune_endpoint/baseline_nonimmune_all_dropout_control/cytospace_output/unassigned_locations.csv,.csv,1,4,Unnamed: 0|row|col|Number of cells,,row|col,488.087000235,488.087000235,424.71257066,424.71257066,False,False,False,False,False,False,False,BioApp Phase 4,,
file_0250,visualizations/bioapp_phase4_formal_cytospace_baseline_execution_against_frozen_cta_immune_endpoint/baseline_nonimmune_all_dropout_control/inputs/cell_type_fractions.csv,.csv,1,8,Unnamed: 0|B cells|CD8 T cells|Monocytes and Macrophages|NK cells|CD4 T cells|Plasma cells|T-cells,,,,,,,False,False,False,False,False,False,False,BioApp Phase 4,,
file_0251,visualizations/bioapp_phase4_formal_cytospace_baseline_execution_against_frozen_cta_immune_endpoint/baseline_nonimmune_all_dropout_control/inputs/cell_type_labels.csv,.csv,2414,2,cell_id|cell_type,,,,,,,False,False,False,False,False,False,False,BioApp Phase 4,,
file_0252,visualizations/bioapp_phase4_formal_cytospace_baseline_execution_against_frozen_cta_immune_endpoint/baseline_nonimmune_all_dropout_control/inputs/reference_expression_used.csv,.csv,2000,2415,Unnamed: 0|CID3586_AAACCTGAGTTACGGG|CID3586_AAACGGGAGCGAGAAA|CID3586_AAACGGGAGGAATCGC|CID3586_AAAGATGCAAGCGCTC|CID3586_AAAGATGCAGGGAGAG|CID3586_AAAGCAAGTTAGGGTG|CID3586_AAAGTAGCAAGGCTCC|CID3586_AAAGTAGGTACTCAAC|CID3586_AAAGTAGGTCATTAGC|CID3586_AAAGTAGTCACTTCAT|CID3586_AAAGTAGTCATGCATG|CID3586_AAATGCCCATCCCATC|CID3586_AACACGTTCAACACGT|CID3586_AACCATGAGGCCCTCA|CID3586_AACCGCGAGTACGCCC|CID3586_AACCGCGTCTTGTTTG|CID3586_AACTCAGAGTTAGGTA|CID3586_AACTCCCAGGTCGGAT|CID3586_AACTCCCCAGCTCGCA|CID3586_AACTCTTAGCCGTCGT|CID3586_AACTCTTGTTTACTCT|CID3586_AACTGGTAGTTGCAGG|CID3586_AACTGGTTCGTGACAT|CID3586_AACTTTCAGGGCTTGA|CID3586_AACTTTCAGTACACCT|CID3586_AACTTTCCAAACTGTC|CID3586_AACTTTCCATGCTAGT|CID3586_AACTTTCGTCATACTG|CID3586_AACTTTCGTGACCAAG|CID3586_AAGACCTTCACGATGT|CID3586_AAGACCTTCAGTTAGC|CID3586_AAGGAGCAGCTGGAAC|CID3586_AAGGAGCGTCTCAACA|CID3586_AAGGAGCTCACTGGGC|CID3586_AAGGCAGAGTGGCACA|CID3586_AAGGCAGGTCTACCTC|CID3586_AAGGCAGTCATAAAGG|CID3586_AAGGTTCAGTTAGCGG|CID3586_AAGGTTCGTCTGGTCG|CID3586_AAGTCTGGTCCGTGAC|CID3586_AATCCAGAGTGGTCCC|CID3586_AATCCAGAGTTACGGG|CID3586_AATCCAGTCTGCAAGT|CID3586_AATCGGTGTACTCTCC|CID3586_AATCGGTTCGTAGATC|CID3586_ACACCAAAGAGATGAG|CID3586_ACACCAATCAAACCGT|CID3586_ACACCAATCGGTCTAA|CID3586_ACACCCTTCACGCGGT|CID3586_ACACCGGCAAGCCTAT|CID3586_ACACCGGCATTCTCAT|CID3586_ACAGCCGAGCATCATC|CID3586_ACAGCCGCAGTCGTGC|CID3586_ACAGCCGGTCTAAAGA|CID3586_ACAGCTAAGGGTCGAT|CID3586_ACAGCTACATTACGAC|CID3586_ACATACGCAGTAACGG|CID3586_ACATACGTCCTGCTTG|CID3586_ACATACGTCGTTACGA|CID3586_ACATGGTGTTGCCTCT|CID3586_ACCAGTAAGAGGACGG|CID3586_ACCAGTAAGGCAAAGA|CID3586_ACCAGTAGTGCACCAC|CID3586_ACCAGTAGTTATCCGA|CID3586_ACCCACTAGCGATGAC|CID3586_ACCGTAACATCACCCT|CID3586_ACCTTTAAGAATTGTG|CID3586_ACCTTTAAGTCGTTTG|CID3586_ACCTTTACAGTGGAGT|CID3586_ACCTTTAGTCTAACGT|CID3586_ACGAGCCAGAAACCTA|CID3586_ACGAGCCCAGCTGTGC|CID3586_ACGAGCCCATCCTTGC|CID3586_ACGAGCCTCGATAGAA|CID3586_ACGATGTAGCTAACTC|CID3586_ACGCCGAAGTTACCCA|CID3586_ACGCCGACAACAACCT|CID3586_ACGGAGACACACCGCA|CID3586_ACGGAGACAGCCAATT|CID3586_ACGGCCAGTGGTAACG|CID3586_ACGGGCTAGTCCATAC|CID3586_ACGGGCTCAAGGTTCT|CID3586_ACGGGCTTCGCGTTTC|CID3586_ACGTCAAAGAGGGATA|CID3586_ACGTCAAAGGTGATTA|CID3586_ACGTCAACAAGTAGTA|CID3586_ACGTCAATCTGCAAGT|CID3586_ACTATCTCAGGGATTG|CID3586_ACTATCTCATGTTCCC|CID3586_ACTGAACAGCGTGTCC|CID3586_ACTGAACAGCTGGAAC|CID3586_ACTGAGTAGCAGGCTA|CID3586_ACTGAGTAGTATGACA|CID3586_ACTGAGTCAAAGTGCG|CID3586_ACTGCTCAGTAAGTAC|CID3586_ACTGTCCCACTATCTT|CID3586_ACTTACTCAGGTGGAT|CID3586_ACTTACTTCAGCGATT|CID3586_ACTTGTTCAAAGCAAT|CID3586_ACTTGTTGTCAGAATA|CID3586_ACTTGTTGTTAAGATG|CID3586_ACTTGTTTCCGCGGTA|CID3586_ACTTGTTTCCTCAATT|CID3586_ACTTTCACATGGATGG|CID3586_ACTTTCAGTAAGGGAA|CID3586_ACTTTCAGTATCGCAT|CID3586_ACTTTCAGTCCTAGCG|CID3586_AGAATAGAGCAGCGTA|CID3586_AGACGTTTCATCGATG|CID3586_AGAGCTTAGGATGGAA|CID3586_AGAGTGGCATCACGTA|CID3586_AGAGTGGGTCAGAATA|CID3586_AGAGTGGGTCGAATCT|CID3586_AGATCTGGTTACCGAT|CID3586_AGATTGCAGGAATTAC|CID3586_AGATTGCTCAGATAAG|CID3586_AGCAGCCTCCACTCCA|CID3586_AGCCTAAGTCATGCAT|CID3586_AGCGGTCGTCTTGATG,,,,,,,False,False,False,False,False,False,False,BioApp Phase 4,,
file_0253,visualizations/bioapp_phase4_formal_cytospace_baseline_execution_against_frozen_cta_immune_endpoint/baseline_nonimmune_all_dropout_control/inputs/st_coordinates_used.csv,.csv,2248,3,Unnamed: 0|row|col,,row|col,59.551185299,526.028543974,94.957751855,515.265280197,True,False,False,False,False,False,False,BioApp Phase 4,,
file_0254,visualizations/bioapp_phase4_formal_cytospace_baseline_execution_against_frozen_cta_immune_endpoint/baseline_nonimmune_all_dropout_control/inputs/st_expression_used.csv,.csv,2000,2249,gene|AAACAAGTATCTCCCA-1|AAACAGTGTTCCTGGG-1|AAACATTTCCCGGATT-1|AAACCCGAACGAAATC-1|AAACCGGAAATGTTAA-1|AAACCGTTCGTCCAGG-1|AAACCTAAGCAGCCGG-1|AAACGAGACGGTTGAT-1|AAACGGGCGTACGGGT-1|AAACGGTTGCGAACTG-1|AAACTCGGTTCGCAAT-1|AAACTCGTGATATAAG-1|AAACTGCTGGCTCCAA-1|AAAGCTTGCCTACATA-1|AAAGGCCCTATAATAC-1|AAAGGCTACGGACCAT-1|AAAGGCTCTCGCGCCG-1|AAAGTGTGATTTATCT-1|AAAGTTGACTCCCGTA-1|AAATAAGGTAGTGCCC-1|AAATACCTATAAGCAT-1|AAATAGCTTAGACTTT-1|AAATAGGGTGCTATTG-1|AAATCCGATACACGCC-1|AAATCGTGTACCACAA-1|AAATCTAGCCCTGCTA-1|AAATGACTGATCAAAC-1|AAATGATTCGATCAGC-1|AAATGGTCAATGTGCC-1|AAATTAACGGGTAGCT-1|AAATTACCTATCGATG-1|AAATTCCAGGTCCAAA-1|AAATTGATAGTCCTTT-1|AAATTTGCGGGTGTGG-1|AACAATACATTGTCGA-1|AACACACGCTCGCCGC-1|AACAGCTGTGTGGCAA-1|AACAGGTAGTATGGAT-1|AACATATCAACTGGTG-1|AACATTGAAGTTGATC-1|AACATTGTGACTCGAG-1|AACCCATCCCATGATC-1|AACCCGACAACCCGTG-1|AACCCGAGCAGAATCG-1|AACCCGCTGTATTCCA-1|AACCCTACTGTCAATA-1|AACCGCTAAGGGATGC-1|AACCTCGCTTTAGCCC-1|AACCTGTCACGGAATT-1|AACCTTTAAATACGGT-1|AACGATAATGCCGTAG-1|AACGCGACCTTGGGCG-1|AACGCTGTTGCTGAAA-1|AACGGACGTACGTATA-1|AACGGCCATCTCCGGT-1|AACGTACTGTGGGTAC-1|AACGTGCGAAAGTCTC-1|AACTACCCGTTTGTCA-1|AACTAGGCTTGGGTGT-1|AACTCAAGTTAATTGC-1|AACTCCAGAGCGTGTT-1|AACTCTCAATAGAGCG-1|AACTCTCAGTGTGCTC-1|AACTGAGTTATACTGA-1|AACTTTCTCGATCATG-1|AAGAAATCACCAGATT-1|AAGACCCAACTGAACA-1|AAGACTGCAAGCTACT-1|AAGAGCTCTTTATCGG-1|AAGAGGCATGGATCGC-1|AAGAGGCCCTTTGGAA-1|AAGATGGCACCGGACC-1|AAGCACCCTGCGTATC-1|AAGCATACTCTCCTGA-1|AAGCCGAAGCGGTTTA-1|AAGCCGCCGTGAAATC-1|AAGCCGCTTTACCTTG-1|AAGCGCAGGGCTTTGA-1|AAGCGTCCCTCATCGA-1|AAGCTAGATCGAGTAA-1|AAGCTCGTGCCAAGTC-1|AAGCTCTTTCATGGTG-1|AAGGATCGATCGCTTG-1|AAGGCAGGCTGTCTCC-1|AAGGGAACGACTGGCT-1|AAGGGACTATGCATTC-1|AAGGTGATAAACCAGC-1|AAGTCAATTGTCGTCA-1|AAGTCTAGTAGCTGCC-1|AAGTGAGTCGGGTTTA-1|AAGTGCCTTGACTGTA-1|AAGTGCTTCTCTATTG-1|AAGTGTTTGGAGACGG-1|AAGTTCACTCCAAGCT-1|AAGTTCGGCCAACAGG-1|AAGTTGTGATGTTATA-1|AAGTTTATGGGCCCAA-1|AATAACACTAGAACAA-1|AATAATCTTCGTATCG-1|AATACCGGAGGGCTGT-1|AATAGAACAGAGTGGC-1|AATAGAATCTGTTTCA-1|AATAGTCCGTCCCGAC-1|AATATCGAATCAATGC-1|AATATCGAGGGTTCTC-1|AATCAGGTTTCATTTA-1|AATCATGTAAAGACTC-1|AATCGCCTCAGCGCCA-1|AATCGCGCAGAGGACT-1|AATCGTGAGCCGAGCA-1|AATCTATGCCGGAGCC-1|AATCTGCGTTGGGACG-1|AATGACAGCAATGTCT-1|AATGACGTAGGATGTC-1|AATGATGCGACTCCTG-1|AATGTGCCCGAGGTGT-1|AATGTGCTAATCTGAG-1|AATGTTGTCGTGAGAC-1|AATTAAAGGTCGGCGT-1,,,,,,,False,False,False,False,False,False,False,BioApp Phase 4,,
file_0255,visualizations/bioapp_phase4_formal_cytospace_baseline_execution_against_frozen_cta_immune_endpoint/baseline_nonimmune_all_dropout_control/cytospace_output/assigned_expression/barcodes.tsv,.tsv,10131,1,UCID00000,,,,,,,False,False,False,False,False,False,False,BioApp Phase 4,,
file_0256,visualizations/bioapp_phase4_formal_cytospace_baseline_execution_against_frozen_cta_immune_endpoint/baseline_nonimmune_all_dropout_control/cytospace_output/assigned_expression/genes.tsv,.tsv,1999,2,A2M|A2M.1,,,,,,,False,False,False,False,False,False,False,BioApp Phase 4,,
file_0257,visualizations/bioapp_phase4_formal_cytospace_baseline_execution_against_frozen_cta_immune_endpoint/baseline_immune_all_dropout/cytospace_output/assigned_locations.csv,.csv,10132,6,UniqueCID|OriginalCID|CellType|SpotID|row|col,SpotID,row|col,72.184514211,526.028543974,94.957751855,515.223723194,False,False,False,False,False,False,False,BioApp Phase 4,,
file_0258,visualizations/bioapp_phase4_formal_cytospace_baseline_execution_against_frozen_cta_immune_endpoint/baseline_immune_all_dropout/cytospace_output/cell_type_assignments_by_spot.csv,.csv,2247,6,SpotID|Endothelial cells|Epithelial cells|Fibroblasts|PVL|Total cells,SpotID,,,,,,False,False,False,False,False,False,False,BioApp Phase 4,,
file_0259,visualizations/bioapp_phase4_formal_cytospace_baseline_execution_against_frozen_cta_immune_endpoint/baseline_immune_all_dropout/cytospace_output/fractional_abundances_by_spot.csv,.csv,2247,5,SpotID|Endothelial cells|Epithelial cells|Fibroblasts|PVL,SpotID,,,,,,False,False,False,False,False,False,False,BioApp Phase 4,,
file_0260,visualizations/bioapp_phase4_formal_cytospace_baseline_execution_against_frozen_cta_immune_endpoint/baseline_immune_all_dropout/cytospace_output/log.txt,.txt,,,,,,,,,,False,False,False,False,False,False,False,BioApp Phase 4,,
file_0261,visualizations/bioapp_phase4_formal_cytospace_baseline_execution_against_frozen_cta_immune_endpoint/baseline_immune_all_dropout/cytospace_output/unassigned_locations.csv,.csv,1,4,Unnamed: 0|row|col|Number of cells,,row|col,488.087000235,488.087000235,424.71257066,424.71257066,False,False,False,False,False,False,False,BioApp Phase 4,,
file_0262,visualizations/bioapp_phase4_formal_cytospace_baseline_execution_against_frozen_cta_immune_endpoint/baseline_immune_all_dropout/inputs/cell_type_fractions.csv,.csv,1,5,Unnamed: 0|Endothelial cells|Epithelial cells|Fibroblasts|PVL,,,,,,,False,False,False,False,False,False,False,BioApp Phase 4,,
file_0263,visualizations/bioapp_phase4_formal_cytospace_baseline_execution_against_frozen_cta_immune_endpoint/baseline_immune_all_dropout/inputs/cell_type_labels.csv,.csv,1600,2,cell_id|cell_type,,,,,,,False,False,False,False,False,False,False,BioApp Phase 4,,
file_0264,visualizations/bioapp_phase4_formal_cytospace_baseline_execution_against_frozen_cta_immune_endpoint/baseline_immune_all_dropout/inputs/reference_expression_used.csv,.csv,2000,1601,Unnamed: 0|CID3586_AAAGTAGGTGCCTGTG|CID3586_AACACGTAGTGGGTTG|CID3586_AACTCAGGTTGGTTTG|CID3586_AATCCAGGTTCCAACA|CID3586_ACATGGTGTCCCTACT|CID3586_ACCAGTAGTCGCTTTC|CID3586_ACCAGTATCCGTCATC|CID3586_ACCTTTAAGTTGTCGT|CID3586_ACCTTTACACCGAAAG|CID3586_ACGAGCCCAGCTGCTG|CID3586_ACGATGTCAGCCTGTG|CID3586_ACGCAGCGTCATCGGC|CID3586_ACGGGTCCATCGATGT|CID3586_ACTGAGTCACGTCAGC|CID3586_ACTGAGTGTTGAGGTG|CID3586_ACTGATGAGACGCTTT|CID3586_ACTGATGAGCTAGGCA|CID3586_ACTGATGGTGCGGTAA|CID3586_ACTGTCCCACATTTCT|CID3586_ACTTGTTAGGGAAACA|CID3586_AGATTGCAGAGCTATA|CID3586_AGCAGCCGTCTGCCAG|CID3586_AGCCTAACAATCACAC|CID3586_AGCGGTCAGTCCATAC|CID3586_AGCTCTCAGTAGGTGC|CID3586_AGGGTGATCGTTACAG|CID3586_AGTGGGACACAGCCCA|CID3586_ATAACGCCAGCTTAAC|CID3586_ATAGACCTCGTTACGA|CID3586_ATCATCTTCCAGAAGG|CID3586_ATCCACCGTCCATGAT|CID3586_ATCCGAAGTTAAGGGC|CID3586_ATGCGATTCAGCGACC|CID3586_ATGGGAGAGGAGCGAG|CID3586_ATGGGAGGTTTGGCGC|CID3586_ATTACTCGTAGCACGA|CID3586_ATTACTCTCCCTTGTG|CID3586_ATTATCCAGTACGTAA|CID3586_ATTCTACTCGGCTTGG|CID3586_ATTGGTGTCATCACCC|CID3586_ATTTCTGCAACGATGG|CID3586_ATTTCTGCAACTGCGC|CID3586_CAACCTCTCAGGCCCA|CID3586_CAACTAGGTGTGACCC|CID3586_CACAAACTCATCTGCC|CID3586_CACAAACTCTATCCCG|CID3586_CACACTCAGACACGAC|CID3586_CACACTCGTCTAGAGG|CID3586_CACAGGCCATCCCATC|CID3586_CACAGTACACGGTGTC|CID3586_CACAGTATCTACCAGA|CID3586_CACATTTCAGTCAGAG|CID3586_CACCTTGCATGGGACA|CID3586_CAGAATCTCTTACCGC|CID3586_CAGATCAGTGAGGGAG|CID3586_CAGATCATCCTTTACA|CID3586_CAGCGACGTCGAGATG|CID3586_CAGCTAAGTAACGACG|CID3586_CAGTAACAGTGACTCT|CID3586_CAGTAACTCAGTTAGC|CID3586_CAGTAACTCCTGCCAT|CID3586_CAGTCCTAGAAACCAT|CID3586_CATATGGCACGTCAGC|CID3586_CATATGGTCATAGCAC|CID3586_CATATTCCATCCCATC|CID3586_CATCAGAAGTAGATGT|CID3586_CATCAGACACACAGAG|CID3586_CATCCACCAGGGATTG|CID3586_CATCCACGTGAAATCA|CID3586_CATCGGGGTACGCTGC|CID3586_CATGACAGTACAGTGG|CID3586_CATGGCGAGCGAAGGG|CID3586_CATTATCGTGGAAAGA|CID3586_CCACGGAGTGTCAATC|CID3586_CCACTACAGTGAACGC|CID3586_CCCAGTTAGTGTCTCA|CID3586_CCCTCCTCATCGGTTA|CID3586_CCGTTCAGTATATGAG|CID3586_CCTCTGACACAGAGGT|CID3586_CCTCTGATCAGTTAGC|CID3586_CGACTTCAGGCAATTA|CID3586_CGACTTCAGTACGCGA|CID3586_CGAGCACAGCAGACTG|CID3586_CGAGCCAAGGGCTTGA|CID3586_CGATGTAGTTGCGCAC|CID3586_CGATTGACATAACCTG|CID3586_CGCCAAGAGGACTGGT|CID3586_CGCCAAGCATCAGTCA|CID3586_CGCGTTTGTTTGACAC|CID3586_CGCGTTTTCGTCTGCT|CID3586_CGCTATCCAGGCTCAC|CID3586_CGCTGGATCCTGTAGA|CID3586_CGCTTCACACGAAACG|CID3586_CGCTTCACATCTGGTA|CID3586_CGTCAGGAGGGCACTA|CID3586_CGTCCATCACGAAAGC|CID3586_CGTCCATTCAACACCA|CID3586_CGTCCATTCTAGCACA|CID3586_CGTGAGCGTAAGTGGC|CID3586_CGTGTAAGTCCGACGT|CID3586_CGTGTCTTCTCAAACG|CID3586_CTAAGACTCCAATGGT|CID3586_CTAAGACTCCGCGTTT|CID3586_CTAATGGGTCGCGAAA|CID3586_CTACATTCAAAGGAAG|CID3586_CTACCCAGTAAACCTC|CID3586_CTACGTCAGATCCTGT|CID3586_CTACGTCCAACTTGAC|CID3586_CTACGTCGTCGCATCG|CID3586_CTAGAGTCACAGAGGT|CID3586_CTAGTGAGTCGATTGT|CID3586_CTCGGAGTCAGTACGT|CID3586_CTCGGGAGTTACTGAC|CID3586_CTCGTCACACATTAGC|CID3586_CTCTGGTAGGTGTTAA|CID3586_CTGATCCTCGGAATCT|CID3586_CTGCTGTAGATGGGTC|CID3586_CTGCTGTAGGAGTTGC|CID3586_CTGGTCTTCGGGAGTA,,,,,,,False,False,False,False,False,False,False,BioApp Phase 4,,
file_0265,visualizations/bioapp_phase4_formal_cytospace_baseline_execution_against_frozen_cta_immune_endpoint/baseline_immune_all_dropout/inputs/st_coordinates_used.csv,.csv,2248,3,Unnamed: 0|row|col,,row|col,59.551185299,526.028543974,94.957751855,515.265280197,True,False,False,False,False,False,False,BioApp Phase 4,,
file_0266,visualizations/bioapp_phase4_formal_cytospace_baseline_execution_against_frozen_cta_immune_endpoint/baseline_immune_all_dropout/inputs/st_expression_used.csv,.csv,2000,2249,gene|AAACAAGTATCTCCCA-1|AAACAGTGTTCCTGGG-1|AAACATTTCCCGGATT-1|AAACCCGAACGAAATC-1|AAACCGGAAATGTTAA-1|AAACCGTTCGTCCAGG-1|AAACCTAAGCAGCCGG-1|AAACGAGACGGTTGAT-1|AAACGGGCGTACGGGT-1|AAACGGTTGCGAACTG-1|AAACTCGGTTCGCAAT-1|AAACTCGTGATATAAG-1|AAACTGCTGGCTCCAA-1|AAAGCTTGCCTACATA-1|AAAGGCCCTATAATAC-1|AAAGGCTACGGACCAT-1|AAAGGCTCTCGCGCCG-1|AAAGTGTGATTTATCT-1|AAAGTTGACTCCCGTA-1|AAATAAGGTAGTGCCC-1|AAATACCTATAAGCAT-1|AAATAGCTTAGACTTT-1|AAATAGGGTGCTATTG-1|AAATCCGATACACGCC-1|AAATCGTGTACCACAA-1|AAATCTAGCCCTGCTA-1|AAATGACTGATCAAAC-1|AAATGATTCGATCAGC-1|AAATGGTCAATGTGCC-1|AAATTAACGGGTAGCT-1|AAATTACCTATCGATG-1|AAATTCCAGGTCCAAA-1|AAATTGATAGTCCTTT-1|AAATTTGCGGGTGTGG-1|AACAATACATTGTCGA-1|AACACACGCTCGCCGC-1|AACAGCTGTGTGGCAA-1|AACAGGTAGTATGGAT-1|AACATATCAACTGGTG-1|AACATTGAAGTTGATC-1|AACATTGTGACTCGAG-1|AACCCATCCCATGATC-1|AACCCGACAACCCGTG-1|AACCCGAGCAGAATCG-1|AACCCGCTGTATTCCA-1|AACCCTACTGTCAATA-1|AACCGCTAAGGGATGC-1|AACCTCGCTTTAGCCC-1|AACCTGTCACGGAATT-1|AACCTTTAAATACGGT-1|AACGATAATGCCGTAG-1|AACGCGACCTTGGGCG-1|AACGCTGTTGCTGAAA-1|AACGGACGTACGTATA-1|AACGGCCATCTCCGGT-1|AACGTACTGTGGGTAC-1|AACGTGCGAAAGTCTC-1|AACTACCCGTTTGTCA-1|AACTAGGCTTGGGTGT-1|AACTCAAGTTAATTGC-1|AACTCCAGAGCGTGTT-1|AACTCTCAATAGAGCG-1|AACTCTCAGTGTGCTC-1|AACTGAGTTATACTGA-1|AACTTTCTCGATCATG-1|AAGAAATCACCAGATT-1|AAGACCCAACTGAACA-1|AAGACTGCAAGCTACT-1|AAGAGCTCTTTATCGG-1|AAGAGGCATGGATCGC-1|AAGAGGCCCTTTGGAA-1|AAGATGGCACCGGACC-1|AAGCACCCTGCGTATC-1|AAGCATACTCTCCTGA-1|AAGCCGAAGCGGTTTA-1|AAGCCGCCGTGAAATC-1|AAGCCGCTTTACCTTG-1|AAGCGCAGGGCTTTGA-1|AAGCGTCCCTCATCGA-1|AAGCTAGATCGAGTAA-1|AAGCTCGTGCCAAGTC-1|AAGCTCTTTCATGGTG-1|AAGGATCGATCGCTTG-1|AAGGCAGGCTGTCTCC-1|AAGGGAACGACTGGCT-1|AAGGGACTATGCATTC-1|AAGGTGATAAACCAGC-1|AAGTCAATTGTCGTCA-1|AAGTCTAGTAGCTGCC-1|AAGTGAGTCGGGTTTA-1|AAGTGCCTTGACTGTA-1|AAGTGCTTCTCTATTG-1|AAGTGTTTGGAGACGG-1|AAGTTCACTCCAAGCT-1|AAGTTCGGCCAACAGG-1|AAGTTGTGATGTTATA-1|AAGTTTATGGGCCCAA-1|AATAACACTAGAACAA-1|AATAATCTTCGTATCG-1|AATACCGGAGGGCTGT-1|AATAGAACAGAGTGGC-1|AATAGAATCTGTTTCA-1|AATAGTCCGTCCCGAC-1|AATATCGAATCAATGC-1|AATATCGAGGGTTCTC-1|AATCAGGTTTCATTTA-1|AATCATGTAAAGACTC-1|AATCGCCTCAGCGCCA-1|AATCGCGCAGAGGACT-1|AATCGTGAGCCGAGCA-1|AATCTATGCCGGAGCC-1|AATCTGCGTTGGGACG-1|AATGACAGCAATGTCT-1|AATGACGTAGGATGTC-1|AATGATGCGACTCCTG-1|AATGTGCCCGAGGTGT-1|AATGTGCTAATCTGAG-1|AATGTTGTCGTGAGAC-1|AATTAAAGGTCGGCGT-1,,,,,,,False,False,False,False,False,False,False,BioApp Phase 4,,
file_0267,visualizations/bioapp_phase4_formal_cytospace_baseline_execution_against_frozen_cta_immune_endpoint/baseline_immune_all_dropout/cytospace_output/assigned_expression/barcodes.tsv,.tsv,10131,1,UCID00000,,,,,,,False,False,False,False,False,False,False,BioApp Phase 4,,
file_0268,visualizations/bioapp_phase4_formal_cytospace_baseline_execution_against_frozen_cta_immune_endpoint/baseline_immune_all_dropout/cytospace_output/assigned_expression/genes.tsv,.tsv,1999,2,A2M|A2M.1,,,,,,,False,False,False,False,False,False,False,BioApp Phase 4,,
file_0269,visualizations/bioapp_phase4_formal_cytospace_baseline_execution_against_frozen_cta_immune_endpoint/baseline_full_reference/cytospace_output/assigned_locations.csv,.csv,10132,6,UniqueCID|OriginalCID|CellType|SpotID|row|col,SpotID,row|col,72.184514211,526.028543974,94.957751855,515.265280197,False,False,False,False,False,False,False,BioApp Phase 4,,
file_0270,visualizations/bioapp_phase4_formal_cytospace_baseline_execution_against_frozen_cta_immune_endpoint/baseline_full_reference/cytospace_output/cell_type_assignments_by_spot.csv,.csv,2247,13,SpotID|B cells|CD8 T cells|Monocytes and Macrophages|NK cells|Endothelial cells|CD4 T cells|Epithelial cells|PVL|Fibroblasts|Plasma cells|T-cells|Total cells,SpotID,,,,,,False,False,False,False,False,False,False,BioApp Phase 4,,
file_0271,visualizations/bioapp_phase4_formal_cytospace_baseline_execution_against_frozen_cta_immune_endpoint/baseline_full_reference/cytospace_output/fractional_abundances_by_spot.csv,.csv,2247,12,SpotID|B cells|CD8 T cells|Monocytes and Macrophages|NK cells|Endothelial cells|CD4 T cells|Epithelial cells|PVL|Fibroblasts|Plasma cells|T-cells,SpotID,,,,,,False,False,False,False,False,False,False,BioApp Phase 4,,
file_0272,visualizations/bioapp_phase4_formal_cytospace_baseline_execution_against_frozen_cta_immune_endpoint/baseline_full_reference/cytospace_output/log.txt,.txt,,,,,,,,,,False,False,False,False,False,False,False,BioApp Phase 4,,
file_0273,visualizations/bioapp_phase4_formal_cytospace_baseline_execution_against_frozen_cta_immune_endpoint/baseline_full_reference/cytospace_output/unassigned_locations.csv,.csv,1,4,Unnamed: 0|row|col|Number of cells,,row|col,488.087000235,488.087000235,424.71257066,424.71257066,False,False,False,False,False,False,False,BioApp Phase 4,,
file_0274,visualizations/bioapp_phase4_formal_cytospace_baseline_execution_against_frozen_cta_immune_endpoint/baseline_full_reference/inputs/cell_type_fractions.csv,.csv,1,12,Unnamed: 0|B cells|CD8 T cells|Monocytes and Macrophages|NK cells|Endothelial cells|CD4 T cells|Epithelial cells|PVL|Fibroblasts|Plasma cells|T-cells,,,,,,,False,False,False,False,False,False,False,BioApp Phase 4,,
file_0275,visualizations/bioapp_phase4_formal_cytospace_baseline_execution_against_frozen_cta_immune_endpoint/baseline_full_reference/inputs/cell_type_labels.csv,.csv,4014,2,cell_id|cell_type,,,,,,,False,False,False,False,False,False,False,BioApp Phase 4,,
file_0276,visualizations/bioapp_phase4_formal_cytospace_baseline_execution_against_frozen_cta_immune_endpoint/baseline_full_reference/inputs/reference_expression_used.csv,.csv,2000,4015,Unnamed: 0|CID3586_AAACCTGAGTTACGGG|CID3586_AAACGGGAGCGAGAAA|CID3586_AAACGGGAGGAATCGC|CID3586_AAAGATGCAAGCGCTC|CID3586_AAAGATGCAGGGAGAG|CID3586_AAAGCAAGTTAGGGTG|CID3586_AAAGTAGCAAGGCTCC|CID3586_AAAGTAGGTACTCAAC|CID3586_AAAGTAGGTCATTAGC|CID3586_AAAGTAGGTGCCTGTG|CID3586_AAAGTAGTCACTTCAT|CID3586_AAAGTAGTCATGCATG|CID3586_AAATGCCCATCCCATC|CID3586_AACACGTAGTGGGTTG|CID3586_AACACGTTCAACACGT|CID3586_AACCATGAGGCCCTCA|CID3586_AACCGCGAGTACGCCC|CID3586_AACCGCGTCTTGTTTG|CID3586_AACTCAGAGTTAGGTA|CID3586_AACTCAGGTTGGTTTG|CID3586_AACTCCCAGGTCGGAT|CID3586_AACTCCCCAGCTCGCA|CID3586_AACTCTTAGCCGTCGT|CID3586_AACTCTTGTTTACTCT|CID3586_AACTGGTAGTTGCAGG|CID3586_AACTGGTTCGTGACAT|CID3586_AACTTTCAGGGCTTGA|CID3586_AACTTTCAGTACACCT|CID3586_AACTTTCCAAACTGTC|CID3586_AACTTTCCATGCTAGT|CID3586_AACTTTCGTCATACTG|CID3586_AACTTTCGTGACCAAG|CID3586_AAGACCTTCACGATGT|CID3586_AAGACCTTCAGTTAGC|CID3586_AAGGAGCAGCTGGAAC|CID3586_AAGGAGCGTCTCAACA|CID3586_AAGGAGCTCACTGGGC|CID3586_AAGGCAGAGTGGCACA|CID3586_AAGGCAGGTCTACCTC|CID3586_AAGGCAGTCATAAAGG|CID3586_AAGGTTCAGTTAGCGG|CID3586_AAGGTTCGTCTGGTCG|CID3586_AAGTCTGGTCCGTGAC|CID3586_AATCCAGAGTGGTCCC|CID3586_AATCCAGAGTTACGGG|CID3586_AATCCAGGTTCCAACA|CID3586_AATCCAGTCTGCAAGT|CID3586_AATCGGTGTACTCTCC|CID3586_AATCGGTTCGTAGATC|CID3586_ACACCAAAGAGATGAG|CID3586_ACACCAATCAAACCGT|CID3586_ACACCAATCGGTCTAA|CID3586_ACACCCTTCACGCGGT|CID3586_ACACCGGCAAGCCTAT|CID3586_ACACCGGCATTCTCAT|CID3586_ACAGCCGAGCATCATC|CID3586_ACAGCCGCAGTCGTGC|CID3586_ACAGCCGGTCTAAAGA|CID3586_ACAGCTAAGGGTCGAT|CID3586_ACAGCTACATTACGAC|CID3586_ACATACGCAGTAACGG|CID3586_ACATACGTCCTGCTTG|CID3586_ACATACGTCGTTACGA|CID3586_ACATGGTGTCCCTACT|CID3586_ACATGGTGTTGCCTCT|CID3586_ACCAGTAAGAGGACGG|CID3586_ACCAGTAAGGCAAAGA|CID3586_ACCAGTAGTCGCTTTC|CID3586_ACCAGTAGTGCACCAC|CID3586_ACCAGTAGTTATCCGA|CID3586_ACCAGTATCCGTCATC|CID3586_ACCCACTAGCGATGAC|CID3586_ACCGTAACATCACCCT|CID3586_ACCTTTAAGAATTGTG|CID3586_ACCTTTAAGTCGTTTG|CID3586_ACCTTTAAGTTGTCGT|CID3586_ACCTTTACACCGAAAG|CID3586_ACCTTTACAGTGGAGT|CID3586_ACCTTTAGTCTAACGT|CID3586_ACGAGCCAGAAACCTA|CID3586_ACGAGCCCAGCTGCTG|CID3586_ACGAGCCCAGCTGTGC|CID3586_ACGAGCCCATCCTTGC|CID3586_ACGAGCCTCGATAGAA|CID3586_ACGATGTAGCTAACTC|CID3586_ACGATGTCAGCCTGTG|CID3586_ACGCAGCGTCATCGGC|CID3586_ACGCCGAAGTTACCCA|CID3586_ACGCCGACAACAACCT|CID3586_ACGGAGACACACCGCA|CID3586_ACGGAGACAGCCAATT|CID3586_ACGGCCAGTGGTAACG|CID3586_ACGGGCTAGTCCATAC|CID3586_ACGGGCTCAAGGTTCT|CID3586_ACGGGCTTCGCGTTTC|CID3586_ACGGGTCCATCGATGT|CID3586_ACGTCAAAGAGGGATA|CID3586_ACGTCAAAGGTGATTA|CID3586_ACGTCAACAAGTAGTA|CID3586_ACGTCAATCTGCAAGT|CID3586_ACTATCTCAGGGATTG|CID3586_ACTATCTCATGTTCCC|CID3586_ACTGAACAGCGTGTCC|CID3586_ACTGAACAGCTGGAAC|CID3586_ACTGAGTAGCAGGCTA|CID3586_ACTGAGTAGTATGACA|CID3586_ACTGAGTCAAAGTGCG|CID3586_ACTGAGTCACGTCAGC|CID3586_ACTGAGTGTTGAGGTG|CID3586_ACTGATGAGACGCTTT|CID3586_ACTGATGAGCTAGGCA|CID3586_ACTGATGGTGCGGTAA|CID3586_ACTGCTCAGTAAGTAC|CID3586_ACTGTCCCACATTTCT|CID3586_ACTGTCCCACTATCTT|CID3586_ACTTACTCAGGTGGAT|CID3586_ACTTACTTCAGCGATT|CID3586_ACTTGTTAGGGAAACA|CID3586_ACTTGTTCAAAGCAAT,,,,,,,False,False,False,False,False,False,False,BioApp Phase 4,,
file_0277,visualizations/bioapp_phase4_formal_cytospace_baseline_execution_against_frozen_cta_immune_endpoint/baseline_full_reference/inputs/st_coordinates_used.csv,.csv,2248,3,Unnamed: 0|row|col,,row|col,59.551185299,526.028543974,94.957751855,515.265280197,True,False,False,False,False,False,False,BioApp Phase 4,,
file_0278,visualizations/bioapp_phase4_formal_cytospace_baseline_execution_against_frozen_cta_immune_endpoint/baseline_full_reference/inputs/st_expression_used.csv,.csv,2000,2249,gene|AAACAAGTATCTCCCA-1|AAACAGTGTTCCTGGG-1|AAACATTTCCCGGATT-1|AAACCCGAACGAAATC-1|AAACCGGAAATGTTAA-1|AAACCGTTCGTCCAGG-1|AAACCTAAGCAGCCGG-1|AAACGAGACGGTTGAT-1|AAACGGGCGTACGGGT-1|AAACGGTTGCGAACTG-1|AAACTCGGTTCGCAAT-1|AAACTCGTGATATAAG-1|AAACTGCTGGCTCCAA-1|AAAGCTTGCCTACATA-1|AAAGGCCCTATAATAC-1|AAAGGCTACGGACCAT-1|AAAGGCTCTCGCGCCG-1|AAAGTGTGATTTATCT-1|AAAGTTGACTCCCGTA-1|AAATAAGGTAGTGCCC-1|AAATACCTATAAGCAT-1|AAATAGCTTAGACTTT-1|AAATAGGGTGCTATTG-1|AAATCCGATACACGCC-1|AAATCGTGTACCACAA-1|AAATCTAGCCCTGCTA-1|AAATGACTGATCAAAC-1|AAATGATTCGATCAGC-1|AAATGGTCAATGTGCC-1|AAATTAACGGGTAGCT-1|AAATTACCTATCGATG-1|AAATTCCAGGTCCAAA-1|AAATTGATAGTCCTTT-1|AAATTTGCGGGTGTGG-1|AACAATACATTGTCGA-1|AACACACGCTCGCCGC-1|AACAGCTGTGTGGCAA-1|AACAGGTAGTATGGAT-1|AACATATCAACTGGTG-1|AACATTGAAGTTGATC-1|AACATTGTGACTCGAG-1|AACCCATCCCATGATC-1|AACCCGACAACCCGTG-1|AACCCGAGCAGAATCG-1|AACCCGCTGTATTCCA-1|AACCCTACTGTCAATA-1|AACCGCTAAGGGATGC-1|AACCTCGCTTTAGCCC-1|AACCTGTCACGGAATT-1|AACCTTTAAATACGGT-1|AACGATAATGCCGTAG-1|AACGCGACCTTGGGCG-1|AACGCTGTTGCTGAAA-1|AACGGACGTACGTATA-1|AACGGCCATCTCCGGT-1|AACGTACTGTGGGTAC-1|AACGTGCGAAAGTCTC-1|AACTACCCGTTTGTCA-1|AACTAGGCTTGGGTGT-1|AACTCAAGTTAATTGC-1|AACTCCAGAGCGTGTT-1|AACTCTCAATAGAGCG-1|AACTCTCAGTGTGCTC-1|AACTGAGTTATACTGA-1|AACTTTCTCGATCATG-1|AAGAAATCACCAGATT-1|AAGACCCAACTGAACA-1|AAGACTGCAAGCTACT-1|AAGAGCTCTTTATCGG-1|AAGAGGCATGGATCGC-1|AAGAGGCCCTTTGGAA-1|AAGATGGCACCGGACC-1|AAGCACCCTGCGTATC-1|AAGCATACTCTCCTGA-1|AAGCCGAAGCGGTTTA-1|AAGCCGCCGTGAAATC-1|AAGCCGCTTTACCTTG-1|AAGCGCAGGGCTTTGA-1|AAGCGTCCCTCATCGA-1|AAGCTAGATCGAGTAA-1|AAGCTCGTGCCAAGTC-1|AAGCTCTTTCATGGTG-1|AAGGATCGATCGCTTG-1|AAGGCAGGCTGTCTCC-1|AAGGGAACGACTGGCT-1|AAGGGACTATGCATTC-1|AAGGTGATAAACCAGC-1|AAGTCAATTGTCGTCA-1|AAGTCTAGTAGCTGCC-1|AAGTGAGTCGGGTTTA-1|AAGTGCCTTGACTGTA-1|AAGTGCTTCTCTATTG-1|AAGTGTTTGGAGACGG-1|AAGTTCACTCCAAGCT-1|AAGTTCGGCCAACAGG-1|AAGTTGTGATGTTATA-1|AAGTTTATGGGCCCAA-1|AATAACACTAGAACAA-1|AATAATCTTCGTATCG-1|AATACCGGAGGGCTGT-1|AATAGAACAGAGTGGC-1|AATAGAATCTGTTTCA-1|AATAGTCCGTCCCGAC-1|AATATCGAATCAATGC-1|AATATCGAGGGTTCTC-1|AATCAGGTTTCATTTA-1|AATCATGTAAAGACTC-1|AATCGCCTCAGCGCCA-1|AATCGCGCAGAGGACT-1|AATCGTGAGCCGAGCA-1|AATCTATGCCGGAGCC-1|AATCTGCGTTGGGACG-1|AATGACAGCAATGTCT-1|AATGACGTAGGATGTC-1|AATGATGCGACTCCTG-1|AATGTGCCCGAGGTGT-1|AATGTGCTAATCTGAG-1|AATGTTGTCGTGAGAC-1|AATTAAAGGTCGGCGT-1,,,,,,,False,False,False,False,False,False,False,BioApp Phase 4,,
file_0279,visualizations/bioapp_phase4_formal_cytospace_baseline_execution_against_frozen_cta_immune_endpoint/baseline_full_reference/cytospace_output/assigned_expression/barcodes.tsv,.tsv,10131,1,UCID00000,,,,,,,False,False,False,False,False,False,False,BioApp Phase 4,,
file_0280,visualizations/bioapp_phase4_formal_cytospace_baseline_execution_against_frozen_cta_immune_endpoint/baseline_full_reference/cytospace_output/assigned_expression/genes.tsv,.tsv,1999,2,A2M|A2M.1,,,,,,,False,False,False,False,False,False,False,BioApp Phase 4,,
file_0281,visualizations/bioapp_phase5_endpoint_specific_evaluation_of_cytospace_baselines_against_frozen_cta_immune_endpoint/baseline_condition_metric_comparison.csv,.csv,3,23,baseline_run|n_positive_spots|n_negative_spots|mean_immune_score_positive|mean_immune_score_negative|median_immune_score_positive|median_immune_score_negative|delta_mean_positive_minus_negative|fold_change_positive_over_negative|Cohen_d_positive_vs_negative|Cliffs_delta_positive_vs_negative|Mann_Whitney_U_pvalue|AUROC|AUPRC|positive_class_prevalence|endpoint_positive_enrichment|bootstrap_n|bootstrap_CI95_low|bootstrap_CI95_high|mean_nonimmune_score_positive|metric_status|reason|metric_note,,,,,,,False,False,True,False,False,False,False,BioApp Phase 5,,
file_0282,visualizations/bioapp_phase5_endpoint_specific_evaluation_of_cytospace_baselines_against_frozen_cta_immune_endpoint/baseline_endpoint_metric_summary.csv,.csv,3,23,baseline_run|n_positive_spots|n_negative_spots|mean_immune_score_positive|mean_immune_score_negative|median_immune_score_positive|median_immune_score_negative|delta_mean_positive_minus_negative|fold_change_positive_over_negative|Cohen_d_positive_vs_negative|Cliffs_delta_positive_vs_negative|Mann_Whitney_U_pvalue|AUROC|AUPRC|positive_class_prevalence|endpoint_positive_enrichment|bootstrap_n|bootstrap_CI95_low|bootstrap_CI95_high|mean_nonimmune_score_positive|metric_status|reason|metric_note,,,,,,,False,False,True,False,False,False,False,BioApp Phase 5,,
file_0283,visualizations/bioapp_phase5_endpoint_specific_evaluation_of_cytospace_baselines_against_frozen_cta_immune_endpoint/baseline_endpoint_score_all_runs_by_spot.csv,.csv,6744,21,barcode|primary_endpoint_status|is_endpoint_positive|is_endpoint_negative|is_endpoint_ambiguous|is_endpoint_excluded|baseline_run|baseline_reference_condition|immune_score|nonimmune_score|tumor_or_epithelial_score|stromal_score|myeloid_score_if_available|B_plasma_score_if_available|T_NK_score_if_available|dominant_baseline_label|dominant_baseline_fraction|available_label_count|fraction_sum|score_parse_status|immune_score_interpretation,barcode,,,,,,False,False,True,False,False,False,False,BioApp Phase 5,,
file_0284,visualizations/bioapp_phase5_endpoint_specific_evaluation_of_cytospace_baselines_against_frozen_cta_immune_endpoint/baseline_full_reference_endpoint_score_by_spot.csv,.csv,2248,21,barcode|primary_endpoint_status|is_endpoint_positive|is_endpoint_negative|is_endpoint_ambiguous|is_endpoint_excluded|baseline_run|baseline_reference_condition|immune_score|nonimmune_score|tumor_or_epithelial_score|stromal_score|myeloid_score_if_available|B_plasma_score_if_available|T_NK_score_if_available|dominant_baseline_label|dominant_baseline_fraction|available_label_count|fraction_sum|score_parse_status|immune_score_interpretation,barcode,,,,,,True,False,True,False,False,False,False,BioApp Phase 5,,
file_0285,visualizations/bioapp_phase5_endpoint_specific_evaluation_of_cytospace_baselines_against_frozen_cta_immune_endpoint/baseline_full_reference_spot_fraction_table.csv,.csv,2248,16,barcode|B cells|CD8 T cells|Monocytes and Macrophages|NK cells|Endothelial cells|CD4 T cells|Epithelial cells|PVL|Fibroblasts|Plasma cells|T-cells|fraction_sum|n_cell_types_available|source_file|parse_status,barcode,,,,,,True,False,False,False,False,False,True,BioApp Phase 5,,
file_0286,visualizations/bioapp_phase5_endpoint_specific_evaluation_of_cytospace_baselines_against_frozen_cta_immune_endpoint/baseline_immune_all_dropout_endpoint_score_by_spot.csv,.csv,2248,21,barcode|primary_endpoint_status|is_endpoint_positive|is_endpoint_negative|is_endpoint_ambiguous|is_endpoint_excluded|baseline_run|baseline_reference_condition|immune_score|nonimmune_score|tumor_or_epithelial_score|stromal_score|myeloid_score_if_available|B_plasma_score_if_available|T_NK_score_if_available|dominant_baseline_label|dominant_baseline_fraction|available_label_count|fraction_sum|score_parse_status|immune_score_interpretation,barcode,,,,,,True,False,True,False,False,False,False,BioApp Phase 5,,
file_0287,visualizations/bioapp_phase5_endpoint_specific_evaluation_of_cytospace_baselines_against_frozen_cta_immune_endpoint/baseline_immune_all_dropout_label_grouping_used.json,.json,,7,run_name|immune_labels_expected|nonimmune_labels_expected|immune_labels_present_in_run|nonimmune_labels_present_in_run|labels_missing_from_run|label_grouping_source,,,,,,,False,False,False,False,False,False,True,BioApp Phase 5,,
file_0288,visualizations/bioapp_phase5_endpoint_specific_evaluation_of_cytospace_baselines_against_frozen_cta_immune_endpoint/baseline_immune_all_dropout_spot_fraction_table.csv,.csv,2248,9,barcode|Endothelial cells|Epithelial cells|Fibroblasts|PVL|fraction_sum|n_cell_types_available|source_file|parse_status,barcode,,,,,,True,False,False,False,False,False,True,BioApp Phase 5,,
file_0289,visualizations/bioapp_phase5_endpoint_specific_evaluation_of_cytospace_baselines_against_frozen_cta_immune_endpoint/baseline_nonimmune_all_dropout_control_endpoint_score_by_spot.csv,.csv,2248,21,barcode|primary_endpoint_status|is_endpoint_positive|is_endpoint_negative|is_endpoint_ambiguous|is_endpoint_excluded|baseline_run|baseline_reference_condition|immune_score|nonimmune_score|tumor_or_epithelial_score|stromal_score|myeloid_score_if_available|B_plasma_score_if_available|T_NK_score_if_available|dominant_baseline_label|dominant_baseline_fraction|available_label_count|fraction_sum|score_parse_status|immune_score_interpretation,barcode,,,,,,True,False,True,False,False,False,False,BioApp Phase 5,,
file_0290,visualizations/bioapp_phase5_endpoint_specific_evaluation_of_cytospace_baselines_against_frozen_cta_immune_endpoint/baseline_nonimmune_all_dropout_control_spot_fraction_table.csv,.csv,2248,12,barcode|B cells|CD8 T cells|Monocytes and Macrophages|NK cells|CD4 T cells|Plasma cells|T-cells|fraction_sum|n_cell_types_available|source_file|parse_status,barcode,,,,,,True,False,False,False,False,False,True,BioApp Phase 5,,
file_0291,visualizations/bioapp_phase5_endpoint_specific_evaluation_of_cytospace_baselines_against_frozen_cta_immune_endpoint/baseline_output_parse_report.csv,.csv,3,5,run_name|preferred_source|fallback_used|parse_status|notes,,,,,,,False,False,False,False,False,False,True,BioApp Phase 5,,
file_0292,visualizations/bioapp_phase5_endpoint_specific_evaluation_of_cytospace_baselines_against_frozen_cta_immune_endpoint/baseline_positive_spot_nonimmune_label_breakdown.csv,.csv,12,4,baseline_run|nonimmune_label|mean_fraction_in_endpoint_positive|label_present_in_run,,,,,,,False,False,True,False,False,False,False,BioApp Phase 5,,
file_0293,visualizations/bioapp_phase5_endpoint_specific_evaluation_of_cytospace_baselines_against_frozen_cta_immune_endpoint/baseline_spot_universe_alignment.csv,.csv,3,8,run_name|n_endpoint_spots|n_baseline_spots|n_overlap_spots|n_endpoint_missing_from_baseline|n_baseline_not_in_endpoint|spot_universe_aligned|notes,,,,,,,False,False,True,False,False,False,False,BioApp Phase 5,,
file_0294,visualizations/bioapp_phase5_endpoint_specific_evaluation_of_cytospace_baselines_against_frozen_cta_immune_endpoint/bioapp_phase5_endpoint_specific_baseline_evaluation_summary.json,.json,,38,phase|decision|decision_reasons|stage_type|input_phase2c_decision|input_phase4_decision|endpoint_frozen|primary_endpoint|primary_endpoint_spatial_note|endpoint_positive_spots|endpoint_negative_spots|endpoint_ambiguous_spots|endpoint_excluded_spots|main_analysis_spots|baseline_runs_evaluated|spot_universe_aligned_all_runs|n_spots_expected|n_gene_overlap_used_in_phase4|metrics_computed|baseline_metric_highlights|endpoint_used_for_mapping|endpoint_used_for_evaluation|endpoint_redefined|expression_markers_used_to_define_endpoint|mapping_outputs_used_to_define_endpoint|CytoSPACE_rerun|SVTuner_run|Stage4_run|SVTuner_Stage3_run|SVTuner_Stage4_run|prevention_analysis_run|SVTuner_vs_endpoint_metric_computed|baseline_vs_endpoint_metric_computed|biological_application_allowed|ready_for_phase6_svtuner_execution|allowed_claims|disallowed_claims|output_dir,,,,,,,False,False,True,False,False,False,True,BioApp Phase 5,,
file_0295,visualizations/bioapp_phase5_endpoint_specific_evaluation_of_cytospace_baselines_against_frozen_cta_immune_endpoint/bioapp_phase5_golden_rules_v2_1_check.json,.json,,13,stage_type|biological_question_defined|external_endpoint_predefined|endpoint_independent_from_SVTuner|endpoint_spatially_registered|baseline_comparison_available|endpoint_specific_improvement_defined|endpoint_specific_quantitative_metric_available|endpoint_baseline_SVTuner_spatial_comparison_available|interpretation_boundary_defined|biological_application_allowed|allowed_claim_level|decision,,,,,,,False,False,True,False,False,False,True,BioApp Phase 5,,
file_0296,visualizations/bioapp_phase5_endpoint_specific_evaluation_of_cytospace_baselines_against_frozen_cta_immune_endpoint/decision.txt,.txt,,,,,,,,,,False,False,False,False,False,False,False,BioApp Phase 5,,
file_0297,visualizations/bioapp_phase5_endpoint_specific_evaluation_of_cytospace_baselines_against_frozen_cta_immune_endpoint/manifest.csv,.csv,33,6,file|type|description|created_by_phase|status|notes,,,,,,,False,False,False,False,False,False,False,BioApp Phase 5,,
file_0298,visualizations/bioapp_phase5_endpoint_specific_evaluation_of_cytospace_baselines_against_frozen_cta_immune_endpoint/README.md,.md,,,,,,,,,,False,False,False,False,False,False,False,BioApp Phase 5,,
file_0299,visualizations/bioapp_phase6_svtuner_aware_execution_planning_against_frozen_cta_immune_endpoint/bioapp_phase6_golden_rules_v2_1_check.json,.json,,13,stage_type|biological_question_defined|external_endpoint_predefined|endpoint_independent_from_SVTuner|endpoint_spatially_registered|baseline_comparison_available|endpoint_specific_improvement_defined|endpoint_specific_quantitative_metric_available|endpoint_baseline_SVTuner_spatial_comparison_available|interpretation_boundary_defined|biological_application_allowed|allowed_claim_level|decision,,,,,,,False,False,True,False,False,False,True,BioApp Phase 6,,
file_0300,visualizations/bioapp_phase6_svtuner_aware_execution_planning_against_frozen_cta_immune_endpoint/bioapp_phase6_svtuner_execution_planning_summary.json,.json,,43,phase|decision|decision_reasons|stage_type|input_phase2c_decision|input_phase3r_decision|input_phase4_decision|input_phase5_decision|endpoint_frozen|primary_endpoint|primary_endpoint_spatial_note|phase5_baseline_evaluation_available|baseline_anchor_condition|primary_svtuner_condition|primary_condition_selected_based_on_SVTuner_output|analysis_universe_type|analysis_universe_spots|main_analysis_spots_positive_negative|n_gene_overlap|svtuner_input_manifest_generated|svtuner_output_contract_generated|svtuner_metric_alignment_plan_generated|svtuner_threshold_policy_generated|svtuner_command_dry_plan_generated|svtuner_entrypoint_found|svtuner_entrypoint_ambiguous|SVTuner_run|SVTuner_Stage3_run|SVTuner_Stage4_run|Stage4_run|CytoSPACE_rerun|prevention_analysis_run|SVTuner_vs_endpoint_metric_computed|endpoint_redefined|expression_markers_used_to_define_endpoint|mapping_outputs_used_to_define_endpoint|threshold_selected_using_endpoint_labels|ready_for_phase7_svtuner_execution|phase7_requires_manual_authorization|biological_application_allowed|allowed_claims|disallowed_claims|output_dir,,,,,,,False,False,True,False,False,False,True,BioApp Phase 6,,
file_0301,visualizations/bioapp_phase6_svtuner_aware_execution_planning_against_frozen_cta_immune_endpoint/decision.txt,.txt,,,,,,,,,,False,False,False,False,False,False,False,BioApp Phase 6,,
file_0302,visualizations/bioapp_phase6_svtuner_aware_execution_planning_against_frozen_cta_immune_endpoint/manifest.csv,.csv,18,6,file|type|description|created_by_phase|status|notes,,,,,,,False,False,False,False,False,False,False,BioApp Phase 6,,
file_0303,visualizations/bioapp_phase6_svtuner_aware_execution_planning_against_frozen_cta_immune_endpoint/phase5_baseline_anchor_snapshot.json,.json,,2,baseline_anchor_condition|phase5_metric_anchor,,,,,,,False,False,False,False,False,False,False,BioApp Phase 6,,
file_0304,visualizations/bioapp_phase6_svtuner_aware_execution_planning_against_frozen_cta_immune_endpoint/phase7_execution_gate.json,.json,,6,phase7_name|phase7_allowed_only_if_phase6_pass|phase7_requires_manual_authorization|allowed_in_phase7|not_allowed_in_phase7|phase8_expected,,,,,,,False,False,False,False,False,False,False,BioApp Phase 6,,
file_0305,visualizations/bioapp_phase6_svtuner_aware_execution_planning_against_frozen_cta_immune_endpoint/primary_svtuner_condition_selection.json,.json,,7,primary_svtuner_condition|selection_rule|selected_based_on_SVTuner_output|selected_based_on_future_mapping_output|selected_based_on_endpoint_redefinition|baseline_anchor_phase|baseline_anchor_run,,,,,,,False,False,True,False,False,False,False,BioApp Phase 6,,
file_0306,visualizations/bioapp_phase6_svtuner_aware_execution_planning_against_frozen_cta_immune_endpoint/README.md,.md,,,,,,,,,,False,False,False,False,False,False,False,BioApp Phase 6,,
file_0307,visualizations/bioapp_phase6_svtuner_aware_execution_planning_against_frozen_cta_immune_endpoint/svtuner_command_dry_plan.txt,.txt,,,,,,,,,,False,False,False,False,False,False,False,BioApp Phase 6,,
file_0308,visualizations/bioapp_phase6_svtuner_aware_execution_planning_against_frozen_cta_immune_endpoint/svtuner_condition_plan.json,.json,,5,required_future_svtuner_runs|optional_future_svtuner_runs|deferred_sensitivity_runs|main_condition|main_condition_reason,,,,,,,False,False,False,False,False,False,False,BioApp Phase 6,,
file_0309,visualizations/bioapp_phase6_svtuner_aware_execution_planning_against_frozen_cta_immune_endpoint/svtuner_entrypoint_inventory.csv,.csv,6,8,file_path|candidate_entrypoint_type|contains_stage3|contains_stage4|contains_cytospace_call|baseline_only_mode_possible|svtuner_mode_possible|notes,,,,,,,False,False,False,False,False,False,True,BioApp Phase 6,,
file_0310,visualizations/bioapp_phase6_svtuner_aware_execution_planning_against_frozen_cta_immune_endpoint/svtuner_future_input_manifest.csv,.csv,14,9,file_path|role|exists|required_for_phase7|source_phase|read_success|n_rows|n_cols|notes,,,,,,,False,False,False,False,False,False,True,BioApp Phase 6,,
file_0311,visualizations/bioapp_phase6_svtuner_aware_execution_planning_against_frozen_cta_immune_endpoint/svtuner_future_input_manifest.json,.json,,1,items,,,,,,,False,False,False,False,False,False,False,BioApp Phase 6,,
file_0312,visualizations/bioapp_phase6_svtuner_aware_execution_planning_against_frozen_cta_immune_endpoint/svtuner_metric_alignment_plan.json,.json,,4,endpoint_analysis_set|baseline_anchor|planned_metrics_not_computed_in_phase6|phase6_computation,,,,,,,False,False,True,False,False,False,False,BioApp Phase 6,,
file_0313,visualizations/bioapp_phase6_svtuner_aware_execution_planning_against_frozen_cta_immune_endpoint/svtuner_metric_alignment_plan.md,.md,,,,,,,,,,False,False,False,False,False,False,False,BioApp Phase 6,,
file_0314,visualizations/bioapp_phase6_svtuner_aware_execution_planning_against_frozen_cta_immune_endpoint/svtuner_output_contract.json,.json,,5,required_spot_level_fields|primary_condition|baseline_anchor|withheld_binary_threshold_note|immune_all_dropout_note,,,,,,,False,False,False,False,False,True,False,BioApp Phase 6,,
file_0315,visualizations/bioapp_phase6_svtuner_aware_execution_planning_against_frozen_cta_immune_endpoint/svtuner_output_contract.md,.md,,,,,,,,,,False,False,False,False,False,False,False,BioApp Phase 6,,
file_0316,visualizations/bioapp_phase6_svtuner_aware_execution_planning_against_frozen_cta_immune_endpoint/svtuner_threshold_policy.json,.json,,6,primary_metric_uses_continuous_score|binary_withheld_threshold_required|binary_threshold_policy|allowed_strategies|forbidden_strategies|threshold_selected_using_endpoint_labels,,,,,,,False,False,True,False,False,False,False,BioApp Phase 6,,
file_0317,visualizations/bioapp_phase7_svtuner_aware_execution_against_frozen_cta_immune_endpoint/bioapp_phase7_golden_rules_v2_1_check.json,.json,,13,stage_type|biological_question_defined|external_endpoint_predefined|endpoint_independent_from_SVTuner|endpoint_spatially_registered|baseline_comparison_available|endpoint_specific_improvement_defined|endpoint_specific_quantitative_metric_available|endpoint_baseline_SVTuner_spatial_comparison_available|interpretation_boundary_defined|biological_application_allowed|allowed_claim_level|decision,,,,,,,False,False,True,False,False,False,True,BioApp Phase 7,,
file_0318,visualizations/bioapp_phase7_svtuner_aware_execution_against_frozen_cta_immune_endpoint/bioapp_phase7_svtuner_aware_execution_summary.json,.json,,55,phase|decision|stage_type|input_phase2c_decision|input_phase3r_decision|input_phase4_decision|input_phase5_decision|input_phase6_decision|manual_authorization_for_phase7|endpoint_frozen|primary_endpoint|primary_endpoint_spatial_note|endpoint_used_for_mapping|endpoint_used_for_threshold_selection|endpoint_used_for_evaluation|baseline_anchor_condition|svtuner_condition|analysis_universe_type|analysis_universe_spots|main_analysis_spots_positive_negative|n_gene_overlap|SVTuner_run|SVTuner_Stage3_run|SVTuner_Stage4_run|Stage4_run|CytoSPACE_rerun|SVTuner_entrypoint_path|actual_command_executed|return_code|runtime_seconds|completed|raw_outputs_detected|spot_level_contract_generated|spot_level_contract_rows|contract_spot_universe_aligned|ready_for_phase8_evaluation|threshold_selected_using_endpoint_labels|binary_threshold_used|binary_threshold_value|threshold_source|withheld_enrichment_computed|withheld_AUROC_AUPRC_computed|endpoint_positive_nonimmune_assignment_reduction_computed|contradiction_prevention_rate_computed|endpoint_concordant_interpretation_score_computed|baseline_svtuner_comparison_computed|prevention_analysis_run|endpoint_redefined|expression_markers_used_to_define_endpoint|mapping_outputs_used_to_define_endpoint|biological_application_allowed|biological_application_result_generated|allowed_claims|disallowed_claims|output_dir,,,,,,,False,False,True,False,False,False,True,BioApp Phase 7,,
file_0319,visualizations/bioapp_phase7_svtuner_aware_execution_against_frozen_cta_immune_endpoint/decision.txt,.txt,,,,,,,,,,False,False,False,False,False,False,False,BioApp Phase 7,,
file_0320,visualizations/bioapp_phase7_svtuner_aware_execution_against_frozen_cta_immune_endpoint/manifest.csv,.csv,33,6,file|type|description|created_by_phase|status|notes,,,,,,,False,False,False,False,False,False,False,BioApp Phase 7,,
file_0321,visualizations/bioapp_phase7_svtuner_aware_execution_against_frozen_cta_immune_endpoint/README.md,.md,,,,,,,,,,False,False,False,False,False,False,False,BioApp Phase 7,,
file_0322,visualizations/bioapp_phase7_svtuner_aware_execution_against_frozen_cta_immune_endpoint/svtuner_immune_all_dropout/phase7_threshold_record.json,.json,,6,threshold_selected_using_endpoint_labels|binary_threshold_used|binary_threshold_value|threshold_source|endpoint_labels_used_for_threshold|notes,,,,,,,False,False,True,False,False,False,True,BioApp Phase 7,,
file_0323,visualizations/bioapp_phase7_svtuner_aware_execution_against_frozen_cta_immune_endpoint/svtuner_immune_all_dropout/svtuner_immune_all_dropout_spot_level_raw_output_contract.csv,.csv,2248,19,barcode|primary_endpoint_status|baseline_anchor_run|svtuner_condition|reference_supported_status|reference_unrepresented_score|withheld_score|withheld_binary|supported_assignment_score|svtuner_immune_score|svtuner_nonimmune_score|svtuner_dominant_label|svtuner_dominant_fraction|baseline_immune_score_from_phase5|baseline_nonimmune_score_from_phase5|baseline_dominant_label_from_phase5|baseline_dominant_fraction_from_phase5|score_parse_status|svtuner_output_available,barcode,,,,,,True,False,True,False,True,True,False,BioApp Phase 7,,
file_0324,visualizations/bioapp_phase7_svtuner_aware_execution_against_frozen_cta_immune_endpoint/svtuner_immune_all_dropout/svtuner_raw_output_inventory.csv,.csv,27,8,file_path|file_type|file_size_mb|detected_role|readable|n_rows|n_cols|notes,,,,,,,False,False,False,False,False,False,True,BioApp Phase 7,,
file_0325,visualizations/bioapp_phase7_svtuner_aware_execution_against_frozen_cta_immune_endpoint/svtuner_immune_all_dropout/svtuner_raw_output_parse_report.csv,.csv,19,7,field_name|required_by_contract|available|source_file|parse_method|missing_reason|notes,,,,,,,False,False,False,False,False,False,True,BioApp Phase 7,,
file_0326,visualizations/bioapp_phase7_svtuner_aware_execution_against_frozen_cta_immune_endpoint/svtuner_immune_all_dropout/inputs/baseline_anchor_output_dir.txt,.txt,,,,,,,,,,False,False,False,False,False,False,False,BioApp Phase 7,,
file_0327,visualizations/bioapp_phase7_svtuner_aware_execution_against_frozen_cta_immune_endpoint/svtuner_immune_all_dropout/inputs/endpoint_freeze_table_path.txt,.txt,,,,,,,,,,False,False,False,False,False,False,False,BioApp Phase 7,,
file_0328,visualizations/bioapp_phase7_svtuner_aware_execution_against_frozen_cta_immune_endpoint/svtuner_immune_all_dropout/inputs/formal_gene_intersection_used.txt,.txt,,,,,,,,,,False,False,False,False,False,False,False,BioApp Phase 7,,
file_0329,visualizations/bioapp_phase7_svtuner_aware_execution_against_frozen_cta_immune_endpoint/svtuner_immune_all_dropout/inputs/reference_expression_used_path.txt,.txt,,,,,,,,,,False,False,False,False,False,False,False,BioApp Phase 7,,
file_0330,visualizations/bioapp_phase7_svtuner_aware_execution_against_frozen_cta_immune_endpoint/svtuner_immune_all_dropout/inputs/reference_metadata_used_path.txt,.txt,,,,,,,,,,False,False,False,False,False,False,False,BioApp Phase 7,,
file_0331,visualizations/bioapp_phase7_svtuner_aware_execution_against_frozen_cta_immune_endpoint/svtuner_immune_all_dropout/inputs/st_coordinates_used_path.txt,.txt,,,,,,,,,,False,False,False,False,False,False,False,BioApp Phase 7,,
file_0332,visualizations/bioapp_phase7_svtuner_aware_execution_against_frozen_cta_immune_endpoint/svtuner_immune_all_dropout/inputs/st_expression_used_path.txt,.txt,,,,,,,,,,False,False,False,False,False,False,False,BioApp Phase 7,,
file_0333,visualizations/bioapp_phase7_svtuner_aware_execution_against_frozen_cta_immune_endpoint/svtuner_immune_all_dropout/inputs/svtuner_input_manifest.csv,.csv,14,9,file_path|role|exists|required_for_phase7|source_phase|read_success|n_rows|n_cols|notes,,,,,,,False,False,False,False,False,False,True,BioApp Phase 7,,
file_0334,visualizations/bioapp_phase7_svtuner_aware_execution_against_frozen_cta_immune_endpoint/svtuner_immune_all_dropout/inputs/svtuner_input_manifest.json,.json,,1,items,,,,,,,False,False,False,False,False,False,False,BioApp Phase 7,,
file_0335,visualizations/bioapp_phase7_svtuner_aware_execution_against_frozen_cta_immune_endpoint/svtuner_immune_all_dropout/logs/run_command.txt,.txt,,,,,,,,,,False,False,False,False,False,False,False,BioApp Phase 7,,
file_0336,visualizations/bioapp_phase7_svtuner_aware_execution_against_frozen_cta_immune_endpoint/svtuner_immune_all_dropout/logs/run_log_stdout.txt,.txt,,,,,,,,,,False,False,False,False,False,False,False,BioApp Phase 7,,
file_0337,visualizations/bioapp_phase7_svtuner_aware_execution_against_frozen_cta_immune_endpoint/svtuner_immune_all_dropout/logs/run_status.json,.json,,21,run_name|manual_authorization_for_phase7|SVTuner_run|SVTuner_Stage3_run|SVTuner_Stage4_run|Stage4_run|CytoSPACE_rerun|endpoint_used_for_mapping|endpoint_used_for_threshold_selection|endpoint_used_for_evaluation|prevention_analysis_run|SVTuner_vs_endpoint_metric_computed|n_ST_spots_input|n_genes_input|n_reference_cells_input|return_code|runtime_seconds|completed|raw_output_files_detected|error_detected|error_summary,,,,,,,False,False,True,False,False,False,False,BioApp Phase 7,,
file_0338,visualizations/bioapp_phase7_svtuner_aware_execution_against_frozen_cta_immune_endpoint/svtuner_immune_all_dropout/qc/svtuner_execution_qc.csv,.csv,1,14,run_name|completed|return_code|runtime_seconds|n_ST_spots_input|n_genes_input|n_reference_cells_input|raw_outputs_detected|spot_level_contract_generated|n_contract_rows|contract_spot_universe_aligned|error_detected|ready_for_phase8_evaluation|notes,,,,,,,False,False,False,False,False,False,False,BioApp Phase 7,,
file_0339,visualizations/bioapp_phase7_svtuner_aware_execution_against_frozen_cta_immune_endpoint/svtuner_immune_all_dropout/raw_outputs/compensatory_substitution_scores.csv,.csv,2248,6,spot_id|compensatory_substitution_score|compensatory_substitute_type|substitute_weight|substitute_weight_z|substitute_self_support_z,spot_id,,,,,,True,False,False,False,False,False,False,BioApp Phase 7,,
file_0340,visualizations/bioapp_phase7_svtuner_aware_execution_against_frozen_cta_immune_endpoint/svtuner_immune_all_dropout/raw_outputs/residual_program_gene_loadings.csv,.csv,400,6,component|gene_index|loading|abs_loading|novelty_weight|gene,,,,,,,False,False,False,False,False,False,False,BioApp Phase 7,,
file_0341,visualizations/bioapp_phase7_svtuner_aware_execution_against_frozen_cta_immune_endpoint/svtuner_immune_all_dropout/raw_outputs/residual_program_regions.csv,.csv,51,10,program_model|region_id|n_spots|region_mass|region_pvalue|region_qvalue|is_unsupported_region|whole_profile_overlap_fraction|median_reference_orthogonal_score|passes_residual_region_gate,,,,,,,False,False,False,False,False,False,False,BioApp Phase 7,,
file_0342,visualizations/bioapp_phase7_svtuner_aware_execution_against_frozen_cta_immune_endpoint/svtuner_immune_all_dropout/raw_outputs/residual_program_scores.csv,.csv,2248,33,spot_id|residual_program_c1_pos_score|residual_program_c1_pos_z|residual_program_c1_neg_score|residual_program_c1_neg_z|residual_program_c2_pos_score|residual_program_c2_pos_z|residual_program_c2_neg_score|residual_program_c2_neg_z|residual_program_c3_pos_score|residual_program_c3_pos_z|residual_program_c3_neg_score|residual_program_c3_neg_z|residual_program_c4_pos_score|residual_program_c4_pos_z|residual_program_c4_neg_score|residual_program_c4_neg_z|residual_program_c5_pos_score|residual_program_c5_pos_z|residual_program_c5_neg_score|residual_program_c5_neg_z|residual_program_c6_pos_score|residual_program_c6_pos_z|residual_program_c6_neg_score|residual_program_c6_neg_z|residual_program_c7_pos_score|residual_program_c7_pos_z|residual_program_c7_neg_score|residual_program_c7_neg_z|residual_program_c8_pos_score|residual_program_c8_pos_z|residual_program_c8_neg_score|residual_program_c8_neg_z,spot_id,,,,,,True,False,False,False,False,False,False,BioApp Phase 7,,
file_0343,visualizations/bioapp_phase7_svtuner_aware_execution_against_frozen_cta_immune_endpoint/svtuner_immune_all_dropout/raw_outputs/sc_type_profiles.csv,.csv,4,2001,cell_type|A2M|ABHD14B|ABHD5|ABI1|ABRACL|ACADM|ACADVL|ACAP1|ACAP2|ACKR1|ACP1|ACP5|ACTA2|ACTB|ACTN1|ACTN4|ACTR3|ADAM15|ADAMTS1|ADAR|ADD3|ADGRE5|ADI1|ADIPOR1|ADIRF|ADRM1|ADSS|AEBP1|AFF4|AHNAK|AHR|AHSA1|AIF1|AIMP1|AIP|AKAP13|AKAP9|AKIRIN1|AKIRIN2|AKR1A1|ALG13|ALKBH7|ALOX5AP|AMD1|ANAPC11|ANAPC16|ANAPC5|ANKRD10|ANKRD11|ANKRD12|ANKRD28|ANKRD37|ANKRD44|ANP32A|ANP32B|ANXA1|ANXA11|ANXA2|ANXA5|ANXA6|ANXA7|AP1S2|AP2M1|AP2S1|APBB1IP|APEX1|APH1A|APLP2|APMAP|APOBEC3G|APOC1|APOD|APOE|APP|APPL1|APRT|AQP1|AQP3|ARAP2|AREG|ARF1|ARF4|ARF5|ARGLU1|ARHGAP15|ARHGAP29|ARHGAP4|ARHGAP9|ARHGDIA|ARHGDIB|ARHGEF1|ARID4B|ARID5A|ARID5B|ARIH1|ARIH2|ARL1|ARL2BP|ARL4A|ARL4C|ARL5B|ARL6IP4|ARL6IP5|ARMCX3|ARPC1A|ARPC1B|ARPC2|ARPC3|ARPC4|ARPC5|ARPC5L|ARPP19|ARRDC3|ASAH1|ASH1L|ASPH|ASPN|ATF3|ATF4,,,,,,,False,False,False,False,False,False,False,BioApp Phase 7,,
file_0344,visualizations/bioapp_phase7_svtuner_aware_execution_against_frozen_cta_immune_endpoint/svtuner_immune_all_dropout/raw_outputs/spot_unsupported_scores.csv,.csv,2248,43,spot_id|relative_reconstruction_error|relative_reconstruction_error_pvalue|cosine_deficit|cosine_deficit_pvalue|positive_residual_fraction|positive_residual_fraction_pvalue|residual_concentration|residual_concentration_pvalue|combined_anomaly_score|reference_orthogonal_score|reference_orthogonal_pvalue|whole_profile_selected_model|whole_profile_pvalue|whole_profile_qvalue|is_whole_profile_candidate|whole_profile_region_id|is_whole_profile_unsupported_region|residual_program_selected_model|residual_program_pvalue|residual_program_qvalue|is_residual_program_candidate_before_region_gate|is_residual_program_candidate|residual_program_region_id|is_residual_program_unsupported_region_before_region_gate|passes_residual_program_region_gate|is_residual_program_unsupported_region|residual_program_score|residual_program_z|compensatory_substitution_score|compensatory_substitute_type|substitute_weight|substitute_weight_z|substitute_self_support_z|selected_evidence_model|spot_pvalue|spot_qvalue|is_spot_candidate|region_id|is_unsupported_region|unsupported_fraction_estimate|imagerow|imagecol,spot_id,imagerow|imagecol,94.957751855,515.265280197,59.551185299,526.028543974,True,False,False,False,False,False,False,BioApp Phase 7,,
file_0345,visualizations/bioapp_phase7_svtuner_aware_execution_against_frozen_cta_immune_endpoint/svtuner_immune_all_dropout/raw_outputs/stage3b_summary.json,.json,,9,stage|sample|status|config|inputs|dimensions|detection|guardrails|outputs,,,,,,,False,False,False,False,False,False,False,BioApp Phase 7,,
file_0346,visualizations/bioapp_phase7_svtuner_aware_execution_against_frozen_cta_immune_endpoint/svtuner_immune_all_dropout/raw_outputs/supported_mixture_weights.csv,.csv,2248,5,spot_id|Endothelial cells|Epithelial cells|Fibroblasts|PVL,spot_id,,,,,,True,False,False,False,False,False,False,BioApp Phase 7,,
file_0347,visualizations/bioapp_phase7_svtuner_aware_execution_against_frozen_cta_immune_endpoint/svtuner_immune_all_dropout/raw_outputs/unsupported_regions.csv,.csv,61,6,region_id|n_spots|region_mass|region_pvalue|region_qvalue|is_unsupported_region,,,,,,,False,False,False,False,False,False,False,BioApp Phase 7,,
file_0348,visualizations/bioapp_phase7_svtuner_aware_execution_against_frozen_cta_immune_endpoint/svtuner_immune_all_dropout/raw_outputs/unsupported_region_residual_genes.csv,.csv,300,6,region_id|rank|gene|mean_positive_residual|n_spots|spot_ids,,,,,,,False,False,False,False,False,False,False,BioApp Phase 7,,
file_0349,visualizations/bioapp_phase7_svtuner_aware_execution_against_frozen_cta_immune_endpoint/svtuner_immune_all_dropout/raw_outputs/whole_profile_unsupported_regions.csv,.csv,67,6,region_id|n_spots|region_mass|region_pvalue|region_qvalue|is_unsupported_region,,,,,,,False,False,False,False,False,False,False,BioApp Phase 7,,
file_0350,visualizations/bioapp_phase8_svtuner_vs_endpoint_evaluation_and_baseline_svtuner_comparison/baseline_svtuner_endpoint_comparison_by_spot.csv,.csv,2248,11,barcode|primary_endpoint_status|baseline_nonimmune_score|withheld_score|withheld_binary|baseline_forced_nonimmune_burden|svtuner_retained_forced_nonimmune_burden_binary|svtuner_prevented_forced_nonimmune_burden_binary|svtuner_retained_forced_nonimmune_burden_continuous|svtuner_prevented_forced_nonimmune_burden_continuous|comparison_status,barcode,,,,,,True,False,True,True,True,True,False,BioApp Phase 8,,
file_0351,visualizations/bioapp_phase8_svtuner_vs_endpoint_evaluation_and_baseline_svtuner_comparison/baseline_svtuner_metric_comparison.csv,.csv,9,3,metric|value|source,,,,,,,False,False,False,False,False,False,True,BioApp Phase 8,,
file_0352,visualizations/bioapp_phase8_svtuner_vs_endpoint_evaluation_and_baseline_svtuner_comparison/binary_withheld_endpoint_contingency.csv,.csv,2,4,endpoint_status|withheld_true|withheld_false|total,,,,,,,False,False,True,False,False,False,False,BioApp Phase 8,,
file_0353,visualizations/bioapp_phase8_svtuner_vs_endpoint_evaluation_and_baseline_svtuner_comparison/binary_withheld_enrichment_summary.csv,.csv,1,9,withheld_binary_positive_count|withheld_binary_negative_count|withheld_binary_positive_rate|withheld_binary_negative_rate|risk_difference_positive_minus_negative|risk_ratio|odds_ratio|Fisher_exact_pvalue|threshold_source,,,,,,,False,False,False,False,False,True,True,BioApp Phase 8,,
file_0354,visualizations/bioapp_phase8_svtuner_vs_endpoint_evaluation_and_baseline_svtuner_comparison/bioapp_phase8_golden_rules_v2_1_check.json,.json,,15,stage_type|biological_question_defined|external_endpoint_predefined|endpoint_independent_from_SVTuner|endpoint_spatially_registered|baseline_comparison_available|endpoint_specific_improvement_defined|endpoint_specific_quantitative_metric_available|endpoint_baseline_SVTuner_spatial_comparison_available|interpretation_boundary_defined|biological_application_evidence_chain_candidate_complete|final_biological_application_audit_required|biological_application_allowed|allowed_claim_level|decision,,,,,,,False,False,True,False,False,False,True,BioApp Phase 8,,
file_0355,visualizations/bioapp_phase8_svtuner_vs_endpoint_evaluation_and_baseline_svtuner_comparison/bioapp_phase8_svtuner_vs_endpoint_evaluation_summary.json,.json,,46,phase|decision|stage_type|input_phase2c_decision|input_phase5_decision|input_phase6_decision|input_phase7_decision|endpoint_frozen|primary_endpoint|primary_endpoint_spatial_note|endpoint_positive_spots|endpoint_negative_spots|endpoint_ambiguous_spots|endpoint_excluded_spots|main_analysis_spots|baseline_anchor_condition|svtuner_condition|analysis_universe_type|analysis_universe_spots|gene_count_audit_completed|final_effective_gene_count_for_phase8|gene_count_material_mismatch|SVTuner_rerun|Stage3_rerun|Stage4_run|CytoSPACE_rerun|endpoint_redefined|threshold_selected_using_endpoint_labels|phase7_raw_output_used|spot_level_contract_rows|contract_spot_universe_aligned|withheld_enrichment_computed|withheld_AUROC_AUPRC_computed|binary_withheld_enrichment_computed|endpoint_positive_nonimmune_assignment_reduction_computed|contradiction_prevention_rate_computed|endpoint_concordant_interpretation_score_computed|baseline_svtuner_comparison_computed|metric_highlights|endpoint_baseline_SVTuner_spatial_comparison_available|biological_application_evidence_chain_candidate_complete|biological_application_final_claim_made|biological_application_allowed|ready_for_phase9_final_biological_application_audit|allowed_claims|disallowed_claims,,,,,,,False,False,True,False,False,False,True,BioApp Phase 8,,
file_0356,visualizations/bioapp_phase8_svtuner_vs_endpoint_evaluation_and_baseline_svtuner_comparison/contradiction_prevention_spots.csv,.csv,134,11,barcode|primary_endpoint_status|baseline_nonimmune_score|withheld_score|withheld_binary|baseline_forced_nonimmune_burden|svtuner_retained_forced_nonimmune_burden_binary|svtuner_prevented_forced_nonimmune_burden_binary|svtuner_retained_forced_nonimmune_burden_continuous|svtuner_prevented_forced_nonimmune_burden_continuous|comparison_status,barcode,,,,,,False,False,True,True,True,True,False,BioApp Phase 8,,
file_0357,visualizations/bioapp_phase8_svtuner_vs_endpoint_evaluation_and_baseline_svtuner_comparison/contradiction_prevention_summary.csv,.csv,1,9,denominator_rule|denominator_spots|prevented_spots|not_prevented_spots|contradiction_prevention_rate|bootstrap_n|bootstrap_95CI_low|bootstrap_95CI_high|metric_note,,,,,,,False,False,False,False,False,False,False,BioApp Phase 8,,
file_0358,visualizations/bioapp_phase8_svtuner_vs_endpoint_evaluation_and_baseline_svtuner_comparison/decision.txt,.txt,,,,,,,,,,False,False,False,False,False,False,False,BioApp Phase 8,,
file_0359,visualizations/bioapp_phase8_svtuner_vs_endpoint_evaluation_and_baseline_svtuner_comparison/endpoint_analysis_set_qc.csv,.csv,1,8,source|positive_count|negative_count|ambiguous_count|excluded_count|main_analysis_count|used_as_authoritative|notes,,,,,,,False,False,False,False,False,False,True,BioApp Phase 8,,
file_0360,visualizations/bioapp_phase8_svtuner_vs_endpoint_evaluation_and_baseline_svtuner_comparison/endpoint_concordant_interpretation_by_spot.csv,.csv,1888,12,barcode|primary_endpoint_status|baseline_nonimmune_score|withheld_score|withheld_binary|baseline_forced_nonimmune_burden|svtuner_retained_forced_nonimmune_burden_binary|svtuner_prevented_forced_nonimmune_burden_binary|svtuner_retained_forced_nonimmune_burden_continuous|svtuner_prevented_forced_nonimmune_burden_continuous|comparison_status|endpoint_concordant_interpretation_binary,barcode,,,,,,False,True,True,True,True,True,False,BioApp Phase 8,,
file_0361,visualizations/bioapp_phase8_svtuner_vs_endpoint_evaluation_and_baseline_svtuner_comparison/endpoint_concordant_interpretation_summary.csv,.csv,1,5,positive_withheld_rate|negative_withheld_rate|positive_minus_negative_withheld_rate|endpoint_concordant_interpretation_score_positive|specificity_reference_negative_withheld_rate,,,,,,,False,False,True,False,False,False,False,BioApp Phase 8,,
file_0362,visualizations/bioapp_phase8_svtuner_vs_endpoint_evaluation_and_baseline_svtuner_comparison/endpoint_positive_forced_nonimmune_burden_reduction_summary.csv,.csv,1,9,n_endpoint_positive_spots|mean_baseline_forced_nonimmune_burden|mean_retained_burden_binary|mean_prevented_burden_binary|mean_retained_burden_continuous|mean_prevented_burden_continuous|fraction_burden_prevented_binary|fraction_burden_prevented_continuous|metric_note,,,,,,,False,False,True,True,False,False,False,BioApp Phase 8,,
file_0363,visualizations/bioapp_phase8_svtuner_vs_endpoint_evaluation_and_baseline_svtuner_comparison/figure_manifest.csv,.csv,14,3,file|type|description,,,,,,,False,False,False,False,False,False,False,BioApp Phase 8,,
file_0364,visualizations/bioapp_phase8_svtuner_vs_endpoint_evaluation_and_baseline_svtuner_comparison/gene_count_audit.csv,.csv,1,13,source|raw_line_count|nonempty_line_count|unique_gene_count|header_detected|header_aware_gene_count|stage3b_reported_gene_count|phase_summary_gene_count|final_effective_gene_count_for_phase8|count_discrepancy_detected|discrepancy_explanation|material_mismatch|decision_impact,,,,,,,False,False,False,False,False,False,True,BioApp Phase 8,,
file_0365,visualizations/bioapp_phase8_svtuner_vs_endpoint_evaluation_and_baseline_svtuner_comparison/gene_count_audit.json,.json,,13,source|raw_line_count|nonempty_line_count|unique_gene_count|header_detected|header_aware_gene_count|stage3b_reported_gene_count|phase_summary_gene_count|final_effective_gene_count_for_phase8|count_discrepancy_detected|discrepancy_explanation|material_mismatch|decision_impact,,,,,,,False,False,False,False,False,False,True,BioApp Phase 8,,
file_0366,visualizations/bioapp_phase8_svtuner_vs_endpoint_evaluation_and_baseline_svtuner_comparison/manifest.csv,.csv,40,6,file|type|description|created_by_phase|status|notes,,,,,,,False,False,False,False,False,False,False,BioApp Phase 8,,
file_0367,visualizations/bioapp_phase8_svtuner_vs_endpoint_evaluation_and_baseline_svtuner_comparison/phase5_baseline_anchor_import_qc.csv,.csv,1,7,n_rows|n_unique_spots|n_overlap_with_frozen_endpoint|baseline_immune_score_constant|baseline_nonimmune_score_available|baseline_anchor_import_status|notes,,,,,,,False,False,True,False,False,False,False,BioApp Phase 8,,
file_0368,visualizations/bioapp_phase8_svtuner_vs_endpoint_evaluation_and_baseline_svtuner_comparison/phase7_svtuner_raw_output_import_qc.csv,.csv,1,7,n_rows|n_unique_spots|n_overlap_with_frozen_endpoint|withheld_score_available|withheld_binary_available|phase7_contract_import_status|notes,,,,,,,False,False,True,False,True,True,False,BioApp Phase 8,,
file_0369,visualizations/bioapp_phase8_svtuner_vs_endpoint_evaluation_and_baseline_svtuner_comparison/phase8_input_qc.csv,.csv,5,3,input|status|notes,,,,,,,False,False,False,False,False,False,False,BioApp Phase 8,,
file_0370,visualizations/bioapp_phase8_svtuner_vs_endpoint_evaluation_and_baseline_svtuner_comparison/README.md,.md,,,,,,,,,,False,False,False,False,False,False,False,BioApp Phase 8,,
file_0371,visualizations/bioapp_phase8_svtuner_vs_endpoint_evaluation_and_baseline_svtuner_comparison/spatial_overlap_summary.csv,.csv,4,9,set_A|set_B|n_A|n_B|n_overlap|overlap_fraction_A|overlap_fraction_B|jaccard_index|notes,,,,,,,False,False,False,False,False,False,False,BioApp Phase 8,,
file_0372,visualizations/bioapp_phase8_svtuner_vs_endpoint_evaluation_and_baseline_svtuner_comparison/svtuner_endpoint_score_by_spot.csv,.csv,2248,22,barcode|primary_endpoint_status|is_endpoint_positive|is_endpoint_negative|is_endpoint_ambiguous|is_endpoint_excluded|withheld_score|reference_unrepresented_score|withheld_binary|supported_assignment_score|reference_supported_status|baseline_anchor_run|baseline_immune_score|baseline_nonimmune_score|baseline_dominant_label|baseline_dominant_fraction|svtuner_immune_score|svtuner_nonimmune_score|svtuner_dominant_label|svtuner_dominant_fraction|score_source|score_parse_status,barcode,,,,,,True,False,True,False,True,True,True,BioApp Phase 8,,
file_0373,visualizations/bioapp_phase8_svtuner_vs_endpoint_evaluation_and_baseline_svtuner_comparison/withheld_enrichment_summary.csv,.csv,1,15,n_positive_spots|n_negative_spots|mean_withheld_score_positive|mean_withheld_score_negative|median_withheld_score_positive|median_withheld_score_negative|delta_mean_positive_minus_negative|fold_change_positive_over_negative|bootstrap_n|bootstrap_95CI_delta_low|bootstrap_95CI_delta_high|Mann_Whitney_U_pvalue|Cohen_d|Cliffs_delta|metric_status,,,,,,,False,False,False,False,True,False,False,BioApp Phase 8,,
file_0374,visualizations/bioapp_phase8_svtuner_vs_endpoint_evaluation_and_baseline_svtuner_comparison/withheld_pr_curve.csv,.csv,1889,3,precision|recall|threshold,,,,,,,False,False,False,False,False,False,False,BioApp Phase 8,,
file_0375,visualizations/bioapp_phase8_svtuner_vs_endpoint_evaluation_and_baseline_svtuner_comparison/withheld_roc_curve.csv,.csv,223,3,fpr|tpr|threshold,,,,,,,False,False,False,False,False,False,False,BioApp Phase 8,,
file_0376,visualizations/bioapp_phase9_final_biological_application_audit_figure_selection_interpretation_boundary_lock/bioapp_phase9_audit_checklist.csv,.csv,27,4,check|observed|pass|notes,,,,,,,False,False,False,False,False,False,False,BioApp Phase 9,,
file_0377,visualizations/bioapp_phase9_final_biological_application_audit_figure_selection_interpretation_boundary_lock/bioapp_phase9_figure_selection_report.md,.md,,,,,,,,,,False,False,False,False,False,False,False,BioApp Phase 9,,
file_0378,visualizations/bioapp_phase9_final_biological_application_audit_figure_selection_interpretation_boundary_lock/bioapp_phase9_figure_selection_table.csv,.csv,7,8,figure_file|paired_svg|classification|recommended_use|rationale|layout_review|allowed_optimization|data_change_allowed,,,,,,,False,False,False,False,False,False,False,BioApp Phase 9,,
file_0379,visualizations/bioapp_phase9_final_biological_application_audit_figure_selection_interpretation_boundary_lock/bioapp_phase9_final_audit_summary.json,.json,,31,phase|decision|stage_type|input_phase2c_decision|input_phase3r_decision|input_phase4_decision|input_phase5_decision|input_phase6_decision|input_phase7_decision|input_phase8_decision|endpoint_frozen|primary_endpoint|endpoint_external_spatially_registered_independent|baseline_anchor_condition|svtuner_condition|main_analysis_spots|final_effective_gene_count_for_phase9|gene_count_material_mismatch|phase8_metric_highlights|endpoint_concordant_withheld_behavior_supported|forced_nonimmune_burden_reduction_supported|biological_application_allowed|allowed_final_claim|final_biological_application_claim_made_in_manuscript|main_figure_candidate|main_figure_candidate_requires_layout_review|supplementary_figure_candidates|qc_audit_only_figures|audit_errors|no_rerun_or_redefinition_guardrails|next,,,,,,,False,False,True,True,False,False,True,BioApp Phase 9,,
file_0380,visualizations/bioapp_phase9_final_biological_application_audit_figure_selection_interpretation_boundary_lock/bioapp_phase9_golden_rules_final_check.json,.json,,16,phase|decision|biological_question_defined|external_endpoint_predefined|endpoint_independent_from_SVTuner|endpoint_spatially_registered|baseline_comparison_available|SVTuner_vs_endpoint_evaluation_available|endpoint_specific_quantitative_metric_available|endpoint_baseline_SVTuner_spatial_comparison_available|no_endpoint_leakage_or_threshold_tuning_detected|gene_count_material_mismatch|interpretation_boundary_locked|biological_application_allowed|final_claim_allowed_but_not_inserted_into_manuscript|allowed_claim_level,,,,,,,False,False,True,False,False,False,True,BioApp Phase 9,,
file_0381,visualizations/bioapp_phase9_final_biological_application_audit_figure_selection_interpretation_boundary_lock/bioapp_phase9_interpretation_boundary_lock.json,.json,,9,phase|decision|biological_application_allowed|allowed_final_claim_if_pass|claim_scope|mandatory_caveats|disallowed_claims|layout_only_figure_optimization_allowed|data_metric_threshold_label_conclusion_changes_allowed,,,,,,,False,False,False,False,False,False,False,BioApp Phase 9,,
file_0382,visualizations/bioapp_phase9_final_biological_application_audit_figure_selection_interpretation_boundary_lock/manifest.csv,.csv,7,4,file|type|description|status,,,,,,,False,False,False,False,False,False,False,BioApp Phase 9,,
file_0383,visualizations/bioapp_phase9_final_biological_application_audit_figure_selection_interpretation_boundary_lock/README.md,.md,,,,,,,,,,False,False,False,False,False,False,False,BioApp Phase 9,,
file_0384,visualizations/cytospace_fig2j_stage3ab_upgrade/fig2j_stage3ab_detection_spots.csv,.csv,10000,5,cell_id|x|y|cluster|cell_type,,x|y,-21.861486011769784,11860.299676713808,-197.41654170736228,9966.528377193665,False,False,False,False,False,False,False,,,
file_0385,visualizations/cytospace_fig2j_stage3ab_upgrade/fig2j_stage3ab_selected_spots.csv,.csv,6000,5,cell_id|x|y|cluster|cell_type,,x|y,-21.861486011769784,11860.299676713808,3394.656277402536,9993.777399640823,False,False,False,False,False,False,False,,,
file_0386,visualizations/cytospace_fig2j_stage3ab_upgrade/fig2j_stage3ab_upgrade_summary.json,.json,,8,stage3b_target|stage3a_candidates|detection_spots|visualization_spots|visual_selection_mode|selected_spot_type_counts|outputs|guardrails,,,,,,,False,False,False,False,False,False,False,,,
file_0387,visualizations/cytospace_fig2j_stage3ab_upgrade/fig2j_stage3a_candidate_detection.csv,.csv,4,36,sample|stage3a_candidate|CellType|orig_type|n_cells|SupportScore|support_score|FlagMismatch|support_category|mapped_st_cluster|auto_missing|auto_missing_reason|auto_missing_confirmed|auto_missing_confirmation_reason|masked_missing_candidate|masked_missing_reason|masked_identity_score|masked_identity_z|masked_neighbor_score|masked_replacement_pressure|masked_replacement_pressure_z|masked_top_neighbor|masked_top_neighbor_n_cells|masked_top_neighbor_cell_ratio|masked_top_neighbor_cosine|masked_identity_markers|marker_identity_candidate|marker_identity_reason|marker_identity_score|marker_identity_z|marker_identity_n_markers|marker_identity_panel_status|marker_identity_top_neighbor|marker_identity_top_neighbor_cosine|auto_missing_robust_z|Action,,,,,,,False,False,False,False,False,False,False,,,
file_0388,visualizations/cytospace_fig2j_stage3ab_upgrade/fig2j_stage3b_blank_detection_metrics.csv,.csv,2,8,sample|target|evaluation_scope|truth_target_spots|blank_spots|overlap|precision|recall,,,,,,,False,False,False,False,False,False,False,,,
file_0389,visualizations/cytospace_fig2j_stage3ab_upgrade/fig2j_stage3b_scores_for_mapping.csv,.csv,6000,43,spot_id|relative_reconstruction_error|relative_reconstruction_error_pvalue|cosine_deficit|cosine_deficit_pvalue|positive_residual_fraction|positive_residual_fraction_pvalue|residual_concentration|residual_concentration_pvalue|combined_anomaly_score|reference_orthogonal_score|reference_orthogonal_pvalue|whole_profile_selected_model|whole_profile_pvalue|whole_profile_qvalue|is_whole_profile_candidate|whole_profile_region_id|is_whole_profile_unsupported_region|residual_program_selected_model|residual_program_pvalue|residual_program_qvalue|is_residual_program_candidate_before_region_gate|is_residual_program_candidate|residual_program_region_id|is_residual_program_unsupported_region_before_region_gate|passes_residual_program_region_gate|is_residual_program_unsupported_region|residual_program_score|residual_program_z|compensatory_substitution_score|compensatory_substitute_type|substitute_weight|substitute_weight_z|substitute_self_support_z|selected_evidence_model|spot_pvalue|spot_qvalue|is_spot_candidate|region_id|is_unsupported_region|unsupported_fraction_estimate|row|col,spot_id,row|col,-21.861486011769784,11860.299676713808,3394.656277402536,9993.777399640823,False,False,False,False,False,False,False,,,
file_0390,data/raw/新建文件夹/BreastCancer_CTA-main/CTA_output.txt,.txt,5000,134,Image|Object ID|Object type|Name|Classification|Parent|ROI|Centroid X µm|Centroid Y µm|Nucleus: Area|Nucleus: Perimeter|Nucleus: Circularity|Nucleus: Max caliper|Nucleus: Min caliper|Nucleus: Eccentricity|Nucleus: Hematoxylin OD mean|Nucleus: Hematoxylin OD sum|Nucleus: Hematoxylin OD std dev|Nucleus: Hematoxylin OD max|Nucleus: Hematoxylin OD min|Nucleus: Hematoxylin OD range|Nucleus: Eosin OD mean|Nucleus: Eosin OD sum|Nucleus: Eosin OD std dev|Nucleus: Eosin OD max|Nucleus: Eosin OD min|Nucleus: Eosin OD range|Cell: Area|Cell: Perimeter|Cell: Circularity|Cell: Max caliper|Cell: Min caliper|Cell: Eccentricity|Cell: Hematoxylin OD mean|Cell: Hematoxylin OD std dev|Cell: Hematoxylin OD max|Cell: Hematoxylin OD min|Cell: Eosin OD mean|Cell: Eosin OD std dev|Cell: Eosin OD max|Cell: Eosin OD min|Cytoplasm: Hematoxylin OD mean|Cytoplasm: Hematoxylin OD std dev|Cytoplasm: Hematoxylin OD max|Cytoplasm: Hematoxylin OD min|Cytoplasm: Eosin OD mean|Cytoplasm: Eosin OD std dev|Cytoplasm: Eosin OD max|Cytoplasm: Eosin OD min|Nucleus/Cell area ratio|Smoothed: 25 µm: Nucleus: Area|Smoothed: 25 µm: Nucleus: Perimeter|Smoothed: 25 µm: Nucleus: Circularity|Smoothed: 25 µm: Nucleus: Max caliper|Smoothed: 25 µm: Nucleus: Min caliper|Smoothed: 25 µm: Nucleus: Eccentricity|Smoothed: 25 µm: Nucleus: Hematoxylin OD mean|Smoothed: 25 µm: Nucleus: Hematoxylin OD sum|Smoothed: 25 µm: Nucleus: Hematoxylin OD std dev|Smoothed: 25 µm: Nucleus: Hematoxylin OD max|Smoothed: 25 µm: Nucleus: Hematoxylin OD min|Smoothed: 25 µm: Nucleus: Hematoxylin OD range|Smoothed: 25 µm: Nucleus: Eosin OD mean|Smoothed: 25 µm: Nucleus: Eosin OD sum|Smoothed: 25 µm: Nucleus: Eosin OD std dev|Smoothed: 25 µm: Nucleus: Eosin OD max|Smoothed: 25 µm: Nucleus: Eosin OD min|Smoothed: 25 µm: Nucleus: Eosin OD range|Smoothed: 25 µm: Cell: Area|Smoothed: 25 µm: Cell: Perimeter|Smoothed: 25 µm: Cell: Circularity|Smoothed: 25 µm: Cell: Max caliper|Smoothed: 25 µm: Cell: Min caliper|Smoothed: 25 µm: Cell: Eccentricity|Smoothed: 25 µm: Cell: Hematoxylin OD mean|Smoothed: 25 µm: Cell: Hematoxylin OD std dev|Smoothed: 25 µm: Cell: Hematoxylin OD max|Smoothed: 25 µm: Cell: Hematoxylin OD min|Smoothed: 25 µm: Cell: Eosin OD mean|Smoothed: 25 µm: Cell: Eosin OD std dev|Smoothed: 25 µm: Cell: Eosin OD max|Smoothed: 25 µm: Cell: Eosin OD min|Smoothed: 25 µm: Cytoplasm: Hematoxylin OD mean|Smoothed: 25 µm: Cytoplasm: Hematoxylin OD std dev|Smoothed: 25 µm: Cytoplasm: Hematoxylin OD max|Smoothed: 25 µm: Cytoplasm: Hematoxylin OD min|Smoothed: 25 µm: Cytoplasm: Eosin OD mean|Smoothed: 25 µm: Cytoplasm: Eosin OD std dev|Smoothed: 25 µm: Cytoplasm: Eosin OD max|Smoothed: 25 µm: Cytoplasm: Eosin OD min|Smoothed: 25 µm: Nucleus/Cell area ratio|Smoothed: 25 µm: Nearby detection counts|Smoothed: 50 µm: Nucleus: Area|Smoothed: 50 µm: Nucleus: Perimeter|Smoothed: 50 µm: Nucleus: Circularity|Smoothed: 50 µm: Nucleus: Max caliper|Smoothed: 50 µm: Nucleus: Min caliper|Smoothed: 50 µm: Nucleus: Eccentricity|Smoothed: 50 µm: Nucleus: Hematoxylin OD mean|Smoothed: 50 µm: Nucleus: Hematoxylin OD sum|Smoothed: 50 µm: Nucleus: Hematoxylin OD std dev|Smoothed: 50 µm: Nucleus: Hematoxylin OD max|Smoothed: 50 µm: Nucleus: Hematoxylin OD min|Smoothed: 50 µm: Nucleus: Hematoxylin OD range|Smoothed: 50 µm: Nucleus: Eosin OD mean|Smoothed: 50 µm: Nucleus: Eosin OD sum|Smoothed: 50 µm: Nucleus: Eosin OD std dev|Smoothed: 50 µm: Nucleus: Eosin OD max|Smoothed: 50 µm: Nucleus: Eosin OD min|Smoothed: 50 µm: Nucleus: Eosin OD range|Smoothed: 50 µm: Cell: Area|Smoothed: 50 µm: Cell: Perimeter|Smoothed: 50 µm: Cell: Circularity|Smoothed: 50 µm: Cell: Max caliper|Smoothed: 50 µm: Cell: Min caliper|Smoothed: 50 µm: Cell: Eccentricity|Smoothed: 50 µm: Cell: Hematoxylin OD mean|Smoothed: 50 µm: Cell: Hematoxylin OD std dev|Smoothed: 50 µm: Cell: Hematoxylin OD max|Smoothed: 50 µm: Cell: Hematoxylin OD min,,,,,,,False,False,False,False,False,False,False,,,
file_0391,data/raw/新建文件夹/BreastCancer_CTA-main/README.md,.md,,,,,,,,,,False,False,False,False,False,False,False,,,
file_0392,data/raw/新建文件夹/BreastCancer_CTA-main/ST_data.RData,.rdata,,,,,,,,,,False,False,False,False,False,False,False,,,
file_0393,data/raw/新建文件夹/2025-97-1/documentation/File_list.csv,.csv,30,1,File name;Size,,,,,,,False,False,False,False,False,False,False,,,
file_0394,data/raw/新建文件夹/2025-97-1/documentation/README.txt,.txt,,,,,,,,,,False,False,False,False,False,False,False,,,
file_0395,data/external/bioapp_provenance_audit/CytAssist_FFPE_Human_Breast_Cancer_spatial/spatial/scalefactors_json.json,.json,,5,regist_target_img_scalef|tissue_hires_scalef|tissue_lowres_scalef|fiducial_diameter_fullres|spot_diameter_fullres,,,,,,,False,False,False,False,False,False,False,,,
file_0396,data/external/bioapp_provenance_audit/CytAssist_FFPE_Human_Breast_Cancer_spatial/spatial/spatial_enrichment.csv,.csv,18056,9,Feature ID|Feature Name|Feature Type|I|P value|Adjusted p value|Feature Counts in Spots Under Tissue|Median Normalized Average Counts|Barcodes Detected per Feature,Barcodes Detected per Feature,,,,,,False,False,False,False,False,False,False,,,
file_0397,data/external/bioapp_provenance_audit/CytAssist_FFPE_Human_Breast_Cancer_spatial/spatial/tissue_positions.csv,.csv,4992,6,barcode|in_tissue|array_row|array_col|pxl_row_in_fullres|pxl_col_in_fullres,barcode,array_row|array_col|pxl_row_in_fullres|pxl_col_in_fullres,0.0,77.0,0.0,127.0,False,False,False,False,False,False,False,,,
