"barcode","orig.ident","nCount_Spatial","nFeature_Spatial","type","spaceranger_clusters","percent_mito","percent_ribo","percent_hb"
"AAACAAGTATCTCCCA-1","BCSA2TumB1",3283,1847,"tumor",1,3.89887298202863,9.77764240024368,0
"AAACAGTGTTCCTGGG-1","BCSA2TumB1",1163,761,"tumor",4,6.1049011177988,8.85640584694755,0.0859845227858985
"AAACATTTCCCGGATT-1","BCSA2TumB1",5075,2576,"tumor",1,6.69950738916256,14.3448275862069,0
"AAACCCGAACGAAATC-1","BCSA2TumB1",6150,2938,"tumor",2,3.31707317073171,15.4308943089431,0.032520325203252
"AAACCGGAAATGTTAA-1","BCSA2TumB1",2742,1268,"tumor",4,1.89642596644785,8.93508388037929,0
"AAACCGTTCGTCCAGG-1","BCSA2TumB1",4439,2326,"tumor",1,4.79837801306601,12.9758954719531,0.0450551926109484
"AAACCTAAGCAGCCGG-1","BCSA2TumB1",2094,1375,"tumor",1,5.44412607449857,11.5568290353391,0
"AAACGAGACGGTTGAT-1","BCSA2TumB1",6983,3247,"tumor",5,3.06458542173851,13.7476729199484,0.0143204926249463
"AAACGGGCGTACGGGT-1","BCSA2TumB1",4960,2494,"tumor",2,7.35887096774194,13.6895161290323,0
"AAACGGTTGCGAACTG-1","BCSA2TumB1",1943,1222,"tumor",1,4.22027792074112,12.7637673700463,0
"AAACTCGGTTCGCAAT-1","BCSA2TumB1",4918,2535,"tumor",2,7.80805205368036,11.7527450183001,0.0406669377795852
"AAACTCGTGATATAAG-1","BCSA2TumB1",2145,1373,"tumor",4,4.28904428904429,11.002331002331,0
"AAACTGCTGGCTCCAA-1","BCSA2TumB1",3512,2033,"tumor",3,1.76537585421412,13.0694760820046,0
"AAAGCTTGCCTACATA-1","BCSA2TumB1",2025,1290,"tumor",4,3.30864197530864,12.8888888888889,0.0493827160493827
"AAAGGCCCTATAATAC-1","BCSA2TumB1",3545,1946,"tumor",1,5.75458392101552,12.1015514809591,0
"AAAGGCTACGGACCAT-1","BCSA2TumB1",2757,1649,"tumor",1,3.44577439245557,12.5136017410229,0
"AAAGGCTCTCGCGCCG-1","BCSA2TumB1",1878,1276,"tumor",1,3.72736954206603,12.7263045793397,0
"AAAGTGTGATTTATCT-1","BCSA2TumB1",9321,3782,"tumor",3,3.22926724600365,15.1378607445553,0.0107284626113078
"AAAGTTGACTCCCGTA-1","BCSA2TumB1",4848,2526,"tumor",3,2.84653465346535,14.2739273927393,0.0412541254125413
"AAATAAGGTAGTGCCC-1","BCSA2TumB1",2992,1764,"tumor",5,3.14171122994652,13.9705882352941,0
"AAATACCTATAAGCAT-1","BCSA2TumB1",4376,2426,"tumor",5,3.63345521023766,11.6087751371115,0
"AAATAGCTTAGACTTT-1","BCSA2TumB1",5837,2851,"tumor",5,3.04951173548056,12.3008394723317,0.0171320884015762
"AAATAGGGTGCTATTG-1","BCSA2TumB1",7175,3282,"tumor",3,3.10801393728223,12.9337979094077,0.0139372822299652
"AAATCCGATACACGCC-1","BCSA2TumB1",3177,1854,"tumor",1,3.99748190116462,12.527541706012,0
"AAATCGTGTACCACAA-1","BCSA2TumB1",5470,2790,"tumor",5,3.63802559414991,11.7184643510055,0.036563071297989
"AAATCTAGCCCTGCTA-1","BCSA2TumB1",4798,2398,"tumor",2,4.31429762401,15.9649854105877,0.0625260525218841
"AAATGACTGATCAAAC-1","BCSA2TumB1",1851,1200,"tumor",4,9.34629929767693,9.07617504051864,0
"AAATGATTCGATCAGC-1","BCSA2TumB1",1335,929,"tumor",4,5.69288389513109,9.812734082397,0
"AAATGGTCAATGTGCC-1","BCSA2TumB1",2430,1547,"tumor",4,6.66666666666667,10.9053497942387,0
"AAATTAACGGGTAGCT-1","BCSA2TumB1",2242,1211,"tumor",4,3.88046387154326,7.76092774308653,0
"AAATTACCTATCGATG-1","BCSA2TumB1",1576,1111,"tumor",4,5.01269035532995,9.39086294416244,0
"AAATTCCAGGTCCAAA-1","BCSA2TumB1",2870,1754,"tumor",5,3.76306620209059,11.9163763066202,0
"AAATTGATAGTCCTTT-1","BCSA2TumB1",12001,4467,"tumor",3,2.38313473877177,13.4738771769019,0.00833263894675444
"AAATTTGCGGGTGTGG-1","BCSA2TumB1",5735,2696,"tumor",5,6.17262423714037,15.3618134263296,0.03487358326068
"AACAATACATTGTCGA-1","BCSA2TumB1",11891,4404,"tumor",3,3.56572197460264,13.9853670843495,0.0336388865528551
"AACACACGCTCGCCGC-1","BCSA2TumB1",3824,2089,"tumor",2,5.54393305439331,15.0889121338912,0
"AACAGCTGTGTGGCAA-1","BCSA2TumB1",2469,1545,"tumor",1,4.77926285945727,12.7987039287161,0.0810044552450385
"AACAGGTAGTATGGAT-1","BCSA2TumB1",2611,1674,"tumor",1,3.52355419379548,11.8728456530065,0.0382995021064726
"AACATATCAACTGGTG-1","BCSA2TumB1",6583,3166,"tumor",3,2.55202795078232,12.0765608385235,0.0151906425641805
"AACATTGAAGTTGATC-1","BCSA2TumB1",3196,1937,"tumor",1,5.66332916145182,10.0438047559449,0
"AACATTGTGACTCGAG-1","BCSA2TumB1",2331,1520,"tumor",5,3.34620334620335,11.7546117546118,0
"AACCCATCCCATGATC-1","BCSA2TumB1",1301,893,"tumor",4,6.76402767102229,12.5288239815527,0
"AACCCGACAACCCGTG-1","BCSA2TumB1",8239,3436,"tumor",5,2.9129748755917,14.2857142857143,0.0121373953149654
"AACCCGAGCAGAATCG-1","BCSA2TumB1",2153,1361,"tumor",1,6.54900139340455,12.9122155132373,0
"AACCCGCTGTATTCCA-1","BCSA2TumB1",2401,1500,"tumor",4,7.5801749271137,9.16284881299459,0
"AACCCTACTGTCAATA-1","BCSA2TumB1",7808,3333,"tumor",3,4.96926229508197,14.6132172131148,0
"AACCGCTAAGGGATGC-1","BCSA2TumB1",6443,2957,"tumor",2,5.44777277665684,14.5894769517306,0
"AACCTCGCTTTAGCCC-1","BCSA2TumB1",3175,1781,"tumor",1,7.62204724409449,13.1968503937008,0
"AACCTGTCACGGAATT-1","BCSA2TumB1",1529,1054,"tumor",6,2.94310006540222,12.2956180510137,0
"AACCTTTAAATACGGT-1","BCSA2TumB1",4163,2319,"tumor",2,3.05068460245016,11.866442469373,0.0240211386019697
"AACGATAATGCCGTAG-1","BCSA2TumB1",9015,3801,"tumor",3,2.56239600665557,13.5884636716583,0.0221852468108708
"AACGCGACCTTGGGCG-1","BCSA2TumB1",5599,2686,"tumor",3,2.35756385068762,14.9312377210216,0
"AACGCTGTTGCTGAAA-1","BCSA2TumB1",4098,2189,"tumor",2,5.88091752074183,13.6408003904344,0
"AACGGACGTACGTATA-1","BCSA2TumB1",6559,2855,"tumor",2,7.11998780301875,13.7825888092697,0.0152462265589267
"AACGGCCATCTCCGGT-1","BCSA2TumB1",4053,2104,"tumor",4,2.88675055514434,10.7821366888724,0.0493461633358006
"AACGTACTGTGGGTAC-1","BCSA2TumB1",3117,1578,"tumor",4,2.79114533205005,8.82258581969843,0
"AACGTGCGAAAGTCTC-1","BCSA2TumB1",4324,2345,"tumor",5,2.79833487511563,11.586493987049,0
"AACTACCCGTTTGTCA-1","BCSA2TumB1",9187,3975,"tumor",3,1.93752040927397,12.8660063132687,0.0108849461195167
"AACTAGGCTTGGGTGT-1","BCSA2TumB1",3361,1870,"tumor",1,7.17048497470991,13.4186254091044,0.029753049687593
"AACTCAAGTTAATTGC-1","BCSA2TumB1",6212,2983,"tumor",5,6.60012878300065,10.4958145524791,0.0160978750804894
"AACTCCAGAGCGTGTT-1","BCSA2TumB1",1143,804,"tumor",4,5.16185476815398,13.5608048993876,0
"AACTCTCAATAGAGCG-1","BCSA2TumB1",3820,2101,"tumor",5,2.77486910994764,13.3769633507853,0.0261780104712042
"AACTCTCAGTGTGCTC-1","BCSA2TumB1",6057,2926,"tumor",2,3.73122007594519,12.6795443288757,0
"AACTGAGTTATACTGA-1","BCSA2TumB1",3067,1826,"tumor",6,3.32572546462341,13.4985327681774,0.032605151613955
"AACTTTCTCGATCATG-1","BCSA2TumB1",1907,1213,"tumor",6,6.08285264813844,13.7388568432092,0
"AAGAAATCACCAGATT-1","BCSA2TumB1",3035,1740,"tumor",6,7.34761120263592,13.7397034596376,0.0329489291598023
"AAGACCCAACTGAACA-1","BCSA2TumB1",3142,1825,"tumor",5,3.40547422024188,11.4894971355824,0
"AAGACTGCAAGCTACT-1","BCSA2TumB1",4326,2309,"tumor",5,5.75589459084605,11.5580212667591,0.0231160425335183
"AAGAGCTCTTTATCGG-1","BCSA2TumB1",4111,2246,"tumor",3,2.11627341279494,12.1868158598881,0.0243249817562637
"AAGAGGCATGGATCGC-1","BCSA2TumB1",6449,3004,"tumor",5,3.93859513102807,13.0562877965576,0
"AAGAGGCCCTTTGGAA-1","BCSA2TumB1",1639,1092,"tumor",1,7.19951189749847,11.9585112873703,0
"AAGATGGCACCGGACC-1","BCSA2TumB1",10675,4015,"tumor",3,3.86885245901639,15.1194379391101,0.00936768149882904
"AAGCACCCTGCGTATC-1","BCSA2TumB1",5147,2655,"tumor",2,2.38974159704682,14.8241694190791,0.0194287934719254
"AAGCATACTCTCCTGA-1","BCSA2TumB1",2847,1745,"tumor",1,3.26659641728135,12.9610115911486,0
"AAGCCGAAGCGGTTTA-1","BCSA2TumB1",5001,2482,"tumor",5,7.55848830233953,13.7972405518896,0
"AAGCCGCCGTGAAATC-1","BCSA2TumB1",3302,1817,"tumor",1,5.78437310720775,12.5075711689885,0
"AAGCCGCTTTACCTTG-1","BCSA2TumB1",3147,1757,"tumor",6,3.05052430886559,14.5535430568796,0
"AAGCGCAGGGCTTTGA-1","BCSA2TumB1",3835,2109,"tumor",1,4.38070404172099,11.0560625814863,0.0260756192959583
"AAGCGTCCCTCATCGA-1","BCSA2TumB1",3400,1936,"tumor",1,3.64705882352941,13,0
"AAGCTAGATCGAGTAA-1","BCSA2TumB1",3414,2001,"tumor",3,2.51903925014646,12.7709431751611,0
"AAGCTCGTGCCAAGTC-1","BCSA2TumB1",4965,2517,"tumor",5,4.14904330312185,12.809667673716,0
"AAGCTCTTTCATGGTG-1","BCSA2TumB1",1293,954,"tumor",1,4.25367362722351,12.0649651972158,0
"AAGGATCGATCGCTTG-1","BCSA2TumB1",2101,1328,"tumor",6,2.284626368396,15.7068062827225,0
"AAGGCAGGCTGTCTCC-1","BCSA2TumB1",2514,1544,"tumor",6,2.66507557677009,13.5242641209228,0
"AAGGGAACGACTGGCT-1","BCSA2TumB1",2995,1460,"tumor",4,3.63939899833055,9.24874791318865,0
"AAGGGACTATGCATTC-1","BCSA2TumB1",1750,1110,"tumor",1,4.74285714285714,14.2285714285714,0
"AAGGTGATAAACCAGC-1","BCSA2TumB1",6036,2857,"tumor",2,5.89794565937707,14.2478462557985,0
"AAGTCAATTGTCGTCA-1","BCSA2TumB1",8149,3435,"tumor",3,2.65063197938397,14.2962326665849,0.0122714443489999
"AAGTCTAGTAGCTGCC-1","BCSA2TumB1",3192,1821,"tumor",6,3.19548872180451,15.7581453634085,0
"AAGTGAGTCGGGTTTA-1","BCSA2TumB1",5394,2673,"tumor",2,3.76344086021505,14.7756766777901,0.0185391175380052
"AAGTGCCTTGACTGTA-1","BCSA2TumB1",4851,2439,"tumor",5,4.51453308596166,14.2444856730571,0
"AAGTGCTTCTCTATTG-1","BCSA2TumB1",6310,2837,"tumor",3,5.51505546751189,15.6101426307449,0
"AAGTGTTTGGAGACGG-1","BCSA2TumB1",6890,3144,"tumor",3,2.91727140783745,14.4267053701016,0
"AAGTTCACTCCAAGCT-1","BCSA2TumB1",3300,1906,"tumor",4,3.60606060606061,12.4848484848485,0
"AAGTTCGGCCAACAGG-1","BCSA2TumB1",6537,2920,"tumor",5,3.85497934832492,16.2306868594156,0.0152975370965275
"AAGTTGTGATGTTATA-1","BCSA2TumB1",1300,922,"tumor",4,4.76923076923077,10,0
"AAGTTTATGGGCCCAA-1","BCSA2TumB1",4899,2557,"tumor",2,5.18473157787304,12.1453357828128,0
"AATAACACTAGAACAA-1","BCSA2TumB1",4197,2288,"tumor",5,4.31260424112461,13.1045985227544,0
"AATAATCTTCGTATCG-1","BCSA2TumB1",2141,1377,"tumor",1,4.20364315740308,11.1163007940215,0.0467071461933676
"AATACCGGAGGGCTGT-1","BCSA2TumB1",4690,2482,"tumor",2,5.0319829424307,11.7697228144989,0.0639658848614073
"AATAGAACAGAGTGGC-1","BCSA2TumB1",4868,2560,"tumor",3,2.95809367296631,12.6746096959737,0.0616269515201315
"AATAGAATCTGTTTCA-1","BCSA2TumB1",7262,3288,"tumor",3,4.2137152299642,14.1007986780501,0
"AATAGTCCGTCCCGAC-1","BCSA2TumB1",2128,1346,"tumor",1,5.12218045112782,14.4736842105263,0
"AATATCGAATCAATGC-1","BCSA2TumB1",7136,3359,"tumor",3,2.70459641255605,13.4949551569507,0
"AATATCGAGGGTTCTC-1","BCSA2TumB1",3051,1806,"tumor",5,3.63815142576205,11.897738446411,0
"AATCAGGTTTCATTTA-1","BCSA2TumB1",5366,2612,"tumor",3,4.54714871412598,15.5050316809542,0.0186358553857622
"AATCATGTAAAGACTC-1","BCSA2TumB1",2707,1672,"tumor",1,5.76283708902845,12.5600295530107,0
"AATCGCCTCAGCGCCA-1","BCSA2TumB1",5077,2574,"tumor",5,3.76206421114832,13.3346464447508,0
"AATCGCGCAGAGGACT-1","BCSA2TumB1",2055,1370,"tumor",6,2.14111922141119,11.8248175182482,0
"AATCGTGAGCCGAGCA-1","BCSA2TumB1",4479,2445,"tumor",2,3.92944853762001,12.6814020986827,0.0446528242911364
"AATCTATGCCGGAGCC-1","BCSA2TumB1",917,659,"tumor",4,1.9629225736096,10.0327153762268,0
"AATCTGCGTTGGGACG-1","BCSA2TumB1",4996,2537,"tumor",3,2.84227381905524,13.7710168134508,0
"AATGACAGCAATGTCT-1","BCSA2TumB1",4420,2391,"tumor",5,3.28054298642534,10.9502262443439,0
"AATGACGTAGGATGTC-1","BCSA2TumB1",5470,2751,"tumor",2,3.45521023765996,14.7714808043876,0
"AATGATGCGACTCCTG-1","BCSA2TumB1",5503,2770,"tumor",3,2.65309831001272,12.4840995820462,0
"AATGTGCCCGAGGTGT-1","BCSA2TumB1",2062,1343,"tumor",1,5.9650824442289,12.4151309408341,0.0484966052376334
"AATGTGCTAATCTGAG-1","BCSA2TumB1",6178,2457,"tumor",4,5.95662026545808,12.3017157656199,0
"AATGTTGTCGTGAGAC-1","BCSA2TumB1",3378,1805,"tumor",6,11.6341030195382,12.99585553582,0.029603315571344
"AATTAAAGGTCGGCGT-1","BCSA2TumB1",3914,1510,"tumor",4,3.42360756259581,7.63924374041901,0.0255493101686255
"AATTAACGGATTTCCA-1","BCSA2TumB1",3497,2013,"tumor",2,3.88904775521876,11.8959107806691,0.0571918787532171
"AATTAGCGCTGCAGCG-1","BCSA2TumB1",3292,1866,"tumor",2,3.58444714459295,15.8566221142163,0
"AATTCCAAGCATGTAC-1","BCSA2TumB1",2525,1530,"tumor",1,3.8019801980198,16.3564356435644,0
"AATTCGATTCGAGGAT-1","BCSA2TumB1",4176,2260,"tumor",2,4.11877394636015,14.0325670498084,0
"AATTCTAGAGTTAGGC-1","BCSA2TumB1",2926,1837,"tumor",3,2.5974025974026,11.3123718386876,0.0341763499658237
"AATTGAACGCTCTGGT-1","BCSA2TumB1",3461,1899,"tumor",2,4.1606472117885,15.1690262929789,0.0288933834151979
"AATTGCAGCAATCGAC-1","BCSA2TumB1",1315,947,"tumor",4,6.31178707224335,9.96197718631179,0
"ACAAACCATGCGTCCT-1","BCSA2TumB1",1572,839,"tumor",7,2.92620865139949,8.52417302798982,0
"ACAAAGCATGACCTAG-1","BCSA2TumB1",5079,2652,"tumor",2,4.66627288836385,12.0496160661548,0
"ACAAATCGCACCGAAT-1","BCSA2TumB1",5936,2822,"tumor",2,4.78436657681941,14.1846361185984,0
"ACAAATGGTAGTGTTT-1","BCSA2TumB1",6665,3070,"tumor",2,3.67591897974494,15.6339084771193,0.0150037509377344
"ACAACAGCATGAGCTA-1","BCSA2TumB1",1735,1091,"tumor",4,5.30259365994236,11.1815561959654,0
"ACAAGGAAATCCGCCC-1","BCSA2TumB1",5524,2811,"tumor",2,1.77407675597393,12.3823316437364,0
"ACAAGGATGCTTTAGG-1","BCSA2TumB1",6554,3027,"tumor",2,3.37198657308514,15.2425999389686,0.0152578577967653
"ACAAGGGCAGGCTCTG-1","BCSA2TumB1",7238,3247,"tumor",3,3.6888643271622,15.1561204752694,0.0138159712627798
"ACAATAGTCGTACGTT-1","BCSA2TumB1",2532,1329,"tumor",4,4.02843601895735,8.53080568720379,0
"ACAATGAATACGGAGA-1","BCSA2TumB1",15928,5143,"tumor",3,2.76243093922652,16.5494726268207,0.0125565042692115
"ACAATTGTGTCTCTTT-1","BCSA2TumB1",3736,2053,"tumor",2,4.87152034261242,13.4903640256959,0.0267665952890792
"ACAATTTGGCCATATT-1","BCSA2TumB1",2087,1366,"tumor",6,1.72496406324868,12.6018207954001,0
"ACACACCAGGACCAGT-1","BCSA2TumB1",6222,2861,"tumor",3,4.59659273545484,13.8701382192221,0
"ACACATGATCAAATCT-1","BCSA2TumB1",4034,2158,"tumor",1,8.87456618740704,11.4278631631135,0
"ACACATTTCCGTAGAC-1","BCSA2TumB1",3222,1633,"tumor",4,3.41402855369336,7.4487895716946,0.0310366232153942
"ACACCACATAATTAGC-1","BCSA2TumB1",2164,1421,"tumor",6,3.9279112754159,13.6321626617375,0
"ACACCGGTCTGACCGC-1","BCSA2TumB1",1558,953,"tumor",4,4.55712451861361,8.2798459563543,0
"ACACCTTACTACTTGC-1","BCSA2TumB1",1575,1118,"tumor",6,2.66666666666667,10.5396825396825,0
"ACACGTAGGCCACAAG-1","BCSA2TumB1",2937,1723,"tumor",1,6.84371807967314,11.9169220292816,0.0340483486550902
"ACACTGATCAAGGTGT-1","BCSA2TumB1",2343,1536,"tumor",5,4.22535211267606,11.0542040119505,0.0426803243704652
"ACACTGGGACAGTCGT-1","BCSA2TumB1",5168,2544,"tumor",2,4.17956656346749,13.2933436532508,0.11609907120743
"ACAGCGACATTCTCAT-1","BCSA2TumB1",2347,1483,"tumor",1,4.005112910098,13.7622496804431,0.0426075841499787
"ACAGGCACGGATCCTT-1","BCSA2TumB1",3487,1873,"tumor",2,7.82907943791225,15.5147691425294,0.0286779466590192
"ACAGGCTTGCCCGACT-1","BCSA2TumB1",6023,2936,"tumor",2,2.50705628424373,14.0793624439648,0.0166030217499585
"ACAGGTGGAGGTGAGG-1","BCSA2TumB1",5781,2835,"tumor",3,3.23473447500432,13.838436256703,0.0172980453208787
"ACAGTATACCGTGGGA-1","BCSA2TumB1",4644,2401,"tumor",5,3.83290267011197,12.5968992248062,0
"ACATCCCGGCCATACG-1","BCSA2TumB1",1943,1282,"tumor",1,5.04374678332476,13.484302624807,0.0514668039114771
"ACATCCTGGTAACTGT-1","BCSA2TumB1",5087,2618,"tumor",3,2.24100648712404,12.7580106152939,0
"ACATCGATCGTTTACC-1","BCSA2TumB1",4271,2308,"tumor",3,1.91992507609459,12.7838913603372,0
"ACATCGGTCAGCCGCG-1","BCSA2TumB1",7009,3002,"tumor",3,3.93779426451705,15.979454986446,0.028534741047225
"ACATCGTATGCAATGG-1","BCSA2TumB1",2197,1396,"tumor",1,4.05097860719162,15.2935821574875,0.0455166135639508
"ACATGGCGCCAAAGTA-1","BCSA2TumB1",2123,1388,"tumor",1,3.06170513424399,12.4352331606218,0.0471031559114461
"ACATTAGTTTATATCC-1","BCSA2TumB1",2736,1652,"tumor",1,3.61842105263158,14.327485380117,0.0365497076023392
"ACCAACCGCACTCCAC-1","BCSA2TumB1",4984,2503,"tumor",2,8.82825040128411,12.8812199036918,0
"ACCAACGCTTATTTAT-1","BCSA2TumB1",3318,1972,"tumor",2,3.13441832429174,10.6088004822182,0.0301386377335744
"ACCAATATGCAAGTTA-1","BCSA2TumB1",3753,2047,"tumor",1,6.07513988808953,13.6690647482014,0
"ACCACAAGTTTCTATC-1","BCSA2TumB1",650,548,"tumor",7,4,9.84615384615385,0
"ACCACCAATGTAACAA-1","BCSA2TumB1",3446,2030,"tumor",3,2.2344747533372,12.1009866511898,0
"ACCACCCTCTCTTCTA-1","BCSA2TumB1",2540,1578,"tumor",6,2.44094488188976,12.2834645669291,0
"ACCACGTGCAGCTATA-1","BCSA2TumB1",7730,3405,"tumor",3,2.67787839586029,14.1397153945666,0.0258732212160414
"ACCAGTGCGGGAGACG-1","BCSA2TumB1",7950,3456,"tumor",3,2.25157232704403,16.0377358490566,0
"ACCATATCCGCAATAA-1","BCSA2TumB1",4534,1953,"tumor",4,3.1318923687693,9.32951036612263,0.0882223202470225
"ACCATCGTATATGGTA-1","BCSA2TumB1",4766,2461,"tumor",5,4.44817456986991,13.1766680654637,0
"ACCCAACGCCCGTGGC-1","BCSA2TumB1",1396,959,"tumor",4,6.16045845272206,9.31232091690544,0
"ACCCATCTTGAGGGTA-1","BCSA2TumB1",7778,3228,"tumor",5,5.39984571869375,16.5338133196194,0.0128567755206994
"ACCCATTTGTCCCTCT-1","BCSA2TumB1",1646,1115,"tumor",1,4.79951397326853,13.4264884568651,0
"ACCCGAGCGAAATTAC-1","BCSA2TumB1",4761,2457,"tumor",5,4.74690191136316,12.5393824826717,0.0210039907582441
"ACCCGATTGGTTCCGA-1","BCSA2TumB1",5463,2567,"tumor",5,4.31997071206297,14.5707486728904,0
"ACCCGGAAACTCCCAG-1","BCSA2TumB1",2819,1775,"tumor",1,4.32777580702377,11.2451223838241,0
"ACCCGGAGCACCACAA-1","BCSA2TumB1",3111,1612,"tumor",6,15.6219864995178,15.5255544840887,0
"ACCCGGATGACGCATC-1","BCSA2TumB1",2314,1444,"tumor",6,2.20397579948142,12.9645635263613,0.0432152117545376
"ACCCGGTTACACTTCC-1","BCSA2TumB1",2114,1036,"tumor",4,3.12204351939451,8.18353831598865,0
"ACCCGTGTCATCAGTA-1","BCSA2TumB1",2707,1634,"tumor",1,1.88400443295161,13.0772072404876,0.036941263391208
"ACCCTATGCCATATCG-1","BCSA2TumB1",5088,2566,"tumor",2,3.32154088050315,14.8191823899371,0
"ACCCTCCCGTCAGGGC-1","BCSA2TumB1",1964,1231,"tumor",1,11.3543788187373,11.5580448065173,0.0509164969450102
"ACCCTCCCTTGCTATT-1","BCSA2TumB1",3188,1794,"tumor",2,4.04642409033877,16.7503136762861,0
"ACCCTGGTAACGCCCT-1","BCSA2TumB1",2143,1376,"tumor",1,5.17965468968735,11.6658889407373,0
"ACCCTTGCCTGGGTCG-1","BCSA2TumB1",2865,1727,"tumor",4,2.26876090750436,11.5183246073298,0
"ACCGAAGAGTCTGGTT-1","BCSA2TumB1",834,615,"tumor",7,7.07434052757794,11.5107913669065,0
"ACCGACACATCTCCCA-1","BCSA2TumB1",1669,1172,"tumor",1,2.87597363690833,10.964649490713,0
"ACCGAGTCTCCTTATT-1","BCSA2TumB1",4672,2393,"tumor",2,6.25,13.3775684931507,0
"ACCGATAGGCATAACC-1","BCSA2TumB1",4071,1441,"tumor",4,1.424711373127,6.36207320068779,0
"ACCGATATTTAATCAT-1","BCSA2TumB1",2466,1554,"tumor",4,4.54176804541768,12.2465531224655,0
"ACCGATGGTAGCATCG-1","BCSA2TumB1",2424,1544,"tumor",4,3.38283828382838,11.509900990099,0
"ACCGCAATAACTGCCT-1","BCSA2TumB1",6138,2981,"tumor",3,2.49266862170088,13.782991202346,0.0325839035516455
"ACCGCGGTGGAAGTCG-1","BCSA2TumB1",1429,1037,"tumor",1,2.23932820153954,11.3365990202939,0
"ACCGGGCCTTTGTTGA-1","BCSA2TumB1",5197,2553,"tumor",3,5.32999807581297,15.7206080431018,0
"ACCGGTCAGGTACACC-1","BCSA2TumB1",4138,2073,"tumor",6,10.923151280812,13.4364427259546,0
"ACCGTGACCACGTGGG-1","BCSA2TumB1",8874,3649,"tumor",3,4.94703628577868,13.6804146946135,0.0112688753662385
"ACCTAAGTACCTTTCA-1","BCSA2TumB1",7292,3244,"tumor",5,4.30608886450905,15.3318705430609,0.013713658804169
"ACCTACAGTATGTGGT-1","BCSA2TumB1",2073,1375,"tumor",6,2.89435600578871,11.4327062228654,0.0482392667631452
"ACCTACTATAAATCTA-1","BCSA2TumB1",1388,997,"tumor",4,3.31412103746398,11.0230547550432,0
"ACCTCCGCCCTCGCTG-1","BCSA2TumB1",1336,928,"tumor",1,5.76347305389222,12.9491017964072,0
"ACCTCCGTTATTCACC-1","BCSA2TumB1",2023,1312,"tumor",6,2.02669303015324,13.840830449827,0
"ACGACTCTAGGGCCGA-1","BCSA2TumB1",1947,1224,"tumor",1,12.1725731895223,10.6317411402157,0.102722136620442
"ACGACTGGTCATACTC-1","BCSA2TumB1",3355,1851,"tumor",1,3.63636363636364,15.4694485842027,0
"ACGAGGTTTACAACGT-1","BCSA2TumB1",1878,1182,"tumor",4,6.81576144834931,11.8743343982961,0
"ACGAGTACGGATGCCC-1","BCSA2TumB1",4945,2502,"tumor",5,3.8422649140546,12.4570273003033,0
"ACGATCATCTTGTAAA-1","BCSA2TumB1",3593,2093,"tumor",3,2.3100473142221,11.8285555246312,0
"ACGATGCATATGTTAT-1","BCSA2TumB1",2655,1678,"tumor",4,4.67043314500942,10.8851224105461,0.0376647834274953
"ACGCAAACTAATAGAT-1","BCSA2TumB1",4480,2263,"tumor",2,2.47767857142857,16.6294642857143,0
"ACGCAATCACTACAGC-1","BCSA2TumB1",3087,1727,"tumor",1,7.06187236799482,12.8603822481374,0
"ACGCATACGTTTACTA-1","BCSA2TumB1",3251,1844,"tumor",1,6.02891418025223,13.9034143340511,0.0307597662257767
"ACGCATTCGTGAGTAC-1","BCSA2TumB1",1658,1086,"tumor",4,4.28226779252111,9.7708082026538,0.060313630880579
"ACGCCACTCGAAACAG-1","BCSA2TumB1",2241,1259,"tumor",1,19.2324854975457,9.63855421686747,0
"ACGCCGCTAGACGACC-1","BCSA2TumB1",3050,1825,"tumor",6,1.9016393442623,14.5245901639344,0
"ACGCGAAGTCAGACGA-1","BCSA2TumB1",2891,1759,"tumor",1,3.52819093739191,12.071947423037,0
"ACGCGCTACACAGGGT-1","BCSA2TumB1",6868,3061,"tumor",3,4.54280722189866,16.1473500291206,0.05824111822947
"ACGCGGGCCAAGGACA-1","BCSA2TumB1",6754,3119,"tumor",5,2.5022209061297,12.126147468167,0.0148060408646728
"ACGCTAGTGATACACT-1","BCSA2TumB1",3692,2093,"tumor",5,3.49404117009751,13.0823401950163,0.0541711809317443
"ACGGAACACGAGTGCC-1","BCSA2TumB1",2652,1399,"tumor",1,20.8898944193062,10.369532428356,0
"ACGGACTCTCAAAGCG-1","BCSA2TumB1",8633,3611,"tumor",2,2.89586470520097,14.8963280435538,0.0115834588208039
"ACGGATGGTGCGGATA-1","BCSA2TumB1",4011,2283,"tumor",2,3.1164298180005,11.8175018698579,0.024931438544004
"ACGGCACTTGCTTGGG-1","BCSA2TumB1",2139,1391,"tumor",1,4.48807854137447,12.2019635343619,0
"ACGGCCAACATGGACT-1","BCSA2TumB1",4220,2262,"tumor",2,2.91469194312796,13.5308056872038,0
"ACGGCGACGATGGGAA-1","BCSA2TumB1",2666,1584,"tumor",1,4.65116279069768,13.728432108027,0
"ACGGGCGTATGCGACA-1","BCSA2TumB1",2657,1610,"tumor",5,3.27436958976289,12.7963869025216,0
"ACGGTACAGTTCAATG-1","BCSA2TumB1",1375,855,"tumor",7,20.2909090909091,8,0
"ACGTACTTTGGCACGG-1","BCSA2TumB1",7771,3371,"tumor",2,5.99665422725518,11.941835027667,0.0386050701325441
"ACGTAGGAGAGTCGCT-1","BCSA2TumB1",2387,1423,"tumor",1,8.37871805613741,9.7193129451194,0
"ACGTATTACTCCGATC-1","BCSA2TumB1",5135,2571,"tumor",3,3.40798442064265,14.508276533593,0.0194741966893866
"ACGTTAATGTCGAAGA-1","BCSA2TumB1",2923,1754,"tumor",6,3.21587410195005,13.3424563804311,0.0342114266164899
"ACGTTAGATTTGCCCG-1","BCSA2TumB1",8097,3259,"tumor",3,5.10065456341855,15.7342225515623,0.0123502531801902
"ACGTTCGCAATCAATT-1","BCSA2TumB1",1409,996,"tumor",6,2.8388928317956,14.1234918381831,0.07097232079489
"ACGTTCGTTCAGGAAA-1","BCSA2TumB1",5907,3026,"tumor",3,2.26849500592517,12.1212121212121,0.0338581344167936
"ACGTTCTGTACAAGTC-1","BCSA2TumB1",6699,2952,"tumor",2,7.7175697865353,14.5693387072697,0.0149276011344977
"ACTACAAAGAGAGGTG-1","BCSA2TumB1",9434,3803,"tumor",3,4.82298070807717,15.4653381386474,0.0317998728005088
"ACTACATCCCGACAAG-1","BCSA2TumB1",3760,1947,"tumor",4,4.17553191489362,10.0265957446809,0.0265957446808511
"ACTACGCGTTAGAATT-1","BCSA2TumB1",3018,1753,"tumor",5,2.98210735586481,12.0609675281643,0
"ACTAGTTGCGATCGTC-1","BCSA2TumB1",5672,2820,"tumor",2,4.07263751763047,13.4344146685473,0
"ACTATCCAGGGCATGG-1","BCSA2TumB1",4579,2438,"tumor",5,2.86088665647521,13.9768508407949,0.0218388294387421
"ACTATCTGCCCGCGTA-1","BCSA2TumB1",3749,2051,"tumor",2,4.2411309682582,15.1507068551614,0.0266737796745799
"ACTATGTCCAGCTGCC-1","BCSA2TumB1",4157,1860,"tumor",4,4.71493865768583,10.1996632186673,0.0240558094779889
"ACTATTTCCGGGCCCA-1","BCSA2TumB1",5741,2688,"tumor",5,3.83208500261279,15.7812227834872,0
"ACTCAACGAATGTATT-1","BCSA2TumB1",1237,917,"tumor",1,7.03314470493129,10.5092966855295,0
"ACTCAAGTGCAAGGCT-1","BCSA2TumB1",2388,1495,"tumor",1,4.14572864321608,13.4003350083752,0
"ACTCCAATATCATCAT-1","BCSA2TumB1",7951,3410,"tumor",3,4.84215821909194,14.1240095585461,0
"ACTCCCGAATTCGTTT-1","BCSA2TumB1",1871,1015,"tumor",4,1.76376269374666,8.5515766969535,0
"ACTCCCGTAGACTAGG-1","BCSA2TumB1",2855,1631,"tumor",6,4.09807355516637,15.3415061295972,0
"ACTCCCTAATGCTAAA-1","BCSA2TumB1",3238,1861,"tumor",1,5.71340333539222,12.816553428042,0
"ACTCCCTAGAATAGTA-1","BCSA2TumB1",6823,3199,"tumor",3,2.33035321705994,14.4364648981386,0.0439689286237725
"ACTCCGGCCGACCACT-1","BCSA2TumB1",1083,793,"tumor",1,9.04893813481071,11.0803324099723,0
"ACTCGCCGTTCGATAA-1","BCSA2TumB1",826,594,"tumor",7,14.8910411622276,9.32203389830508,0
"ACTCGCGATCTGACGC-1","BCSA2TumB1",2217,1351,"tumor",6,2.79657194406856,15.1556156968877,0
"ACTCGTCAGTAATCCC-1","BCSA2TumB1",4201,2308,"tumor",5,2.5470126160438,12.4494168055225,0
"ACTCTCTGACTTAGGT-1","BCSA2TumB1",4169,2356,"tumor",3,2.06284480690813,12.7608539218038,0
"ACTCTGACCTAATAGA-1","BCSA2TumB1",2553,1519,"tumor",1,8.85233059146103,12.1425773599687,0
"ACTCTTCAGCTCCCGC-1","BCSA2TumB1",2990,1719,"tumor",5,3.24414715719064,14.9498327759197,0
"ACTCTTGTATAGTAAC-1","BCSA2TumB1",5182,2712,"tumor",5,2.75955229641065,9.49440370513315,0.0192975685063682
"ACTGAAACGCCGTTAG-1","BCSA2TumB1",11428,4248,"tumor",3,4.01645082254113,16.2058102905145,0.0262513125656283
"ACTGAATGGCGAAAGT-1","BCSA2TumB1",7066,3017,"tumor",2,7.47240305689216,16.6006227002547,0.0141522785168412
"ACTGCCCGCCATTCTC-1","BCSA2TumB1",1093,800,"tumor",7,4.39158279963404,10.4300091491308,0
"ACTGCGGACACACCGT-1","BCSA2TumB1",1442,1011,"tumor",6,2.63522884882108,13.7309292649098,0
"ACTGGGATGCCAGTGC-1","BCSA2TumB1",1922,1238,"tumor",1,8.58480749219563,10.0416233090531,0
"ACTGTCCAGGATTATA-1","BCSA2TumB1",668,555,"tumor",7,3.74251497005988,9.88023952095808,0
"ACTTACGCATCCACGC-1","BCSA2TumB1",2450,1538,"tumor",1,3.59183673469388,12.7755102040816,0
"ACTTATACTTACCCGG-1","BCSA2TumB1",7345,3242,"tumor",3,3.10415248468346,13.9686861810756,0
"ACTTATTAGGATCGGT-1","BCSA2TumB1",1966,1109,"tumor",4,4.12004069175992,10.0203458799593,0.0508646998982706
"ACTTATTTATGTGCCA-1","BCSA2TumB1",5008,2513,"tumor",2,3.71405750798722,13.5782747603834,0
"ACTTCAGGCTGATCCC-1","BCSA2TumB1",3818,2178,"tumor",3,2.22629649030906,14.8245154531168,0
"ACTTCCATGCGGGACA-1","BCSA2TumB1",4502,2420,"tumor",2,2.93203020879609,14.3713904931142,0.0444247001332741
"ACTTCGCTAGCGAGTG-1","BCSA2TumB1",3033,1776,"tumor",5,3.09924167490933,14.2103527860204,0
"ACTTGACTCCCTCTTT-1","BCSA2TumB1",2015,1339,"tumor",1,2.23325062034739,13.7468982630273,0
"ACTTGTGGATGGAACG-1","BCSA2TumB1",3201,1965,"tumor",2,3.12402374258044,11.9650109340831,0.0312402374258044
"ACTTGTTACCGGATCA-1","BCSA2TumB1",1532,994,"tumor",4,4.24281984334204,5.80939947780679,0
"ACTTTACCCTCATGAA-1","BCSA2TumB1",1929,1176,"tumor",4,2.74753758424054,9.27941938828408,0.0518403317781234
"ACTTTGGTCGTGCTCC-1","BCSA2TumB1",2753,1652,"tumor",1,6.02978568833999,14.4932800581184,0.0363240101707229
"ACTTTGTCGACGCACT-1","BCSA2TumB1",1921,917,"tumor",4,2.65486725663717,7.33992712129099,0
"AGAAATTATGACTCGC-1","BCSA2TumB1",6732,3098,"tumor",2,6.12002376708259,13.5026737967914,0
"AGAACCCAGCGTGACA-1","BCSA2TumB1",2648,1579,"tumor",6,1.92598187311178,14.7280966767372,0
"AGAAGGTACACTTCAC-1","BCSA2TumB1",7232,3016,"tumor",3,6.6924778761062,17.7820796460177,0.0138274336283186
"AGAAGGTTGCCGAATT-1","BCSA2TumB1",7632,3312,"tumor",3,3.61635220125786,14.8715932914046,0.0524109014675052
"AGAAGGTTGTAGGTCG-1","BCSA2TumB1",4894,2438,"tumor",2,6.06865549652636,14.6301593788312,0.0204331834899877
"AGAATTATGGATTCGA-1","BCSA2TumB1",6761,3102,"tumor",3,2.05590888921757,12.9270817926342,0.0295814228664399
"AGACAGGCATCTCAGC-1","BCSA2TumB1",2118,1278,"tumor",4,5.61850802644004,10.4343720491029,0
"AGACCCACCGCTGATC-1","BCSA2TumB1",2457,1571,"tumor",6,2.88970288970289,12.4135124135124,0
"AGACCGCTCCGCGGTT-1","BCSA2TumB1",1609,1095,"tumor",1,4.53697949036669,11.622125543816,0
"AGACGAAGTGCCGGTC-1","BCSA2TumB1",8938,3642,"tumor",3,4.00537032893265,14.6229581561871,0.0111881852763482
"AGACGACGATGCCGCT-1","BCSA2TumB1",5177,2620,"tumor",2,2.58837164380916,13.6565578520379,0.0579486188912498
"AGACGCCCACTTCGCC-1","BCSA2TumB1",2314,1379,"tumor",4,4.40795159896284,8.81590319792567,0
"AGACTGTTACCGGGTC-1","BCSA2TumB1",2903,1649,"tumor",1,4.65036169479848,14.7778160523596,0.034447123665174
"AGAGAAACACCAGAAA-1","BCSA2TumB1",3439,1704,"tumor",4,4.36173306193661,11.0497237569061,0
"AGAGAAGGAGTACAAT-1","BCSA2TumB1",4768,2457,"tumor",2,2.62164429530201,15.5201342281879,0
"AGAGCCGCCGAGATTT-1","BCSA2TumB1",5185,2582,"tumor",2,4.74445515911283,14.1947926711668,0
"AGAGCGCTTGTAACGG-1","BCSA2TumB1",1715,1122,"tumor",4,4.89795918367347,13.4110787172012,0
"AGAGGCTTCGGAAACC-1","BCSA2TumB1",7331,3322,"tumor",3,2.7690628836448,13.204201336789,0.0272814077206384
"AGAGTAAACTTCACTA-1","BCSA2TumB1",9284,3859,"tumor",3,4.90090478242137,13.0978026712624,0.010771219302025
"AGAGTATAGTGTTACG-1","BCSA2TumB1",2578,1571,"tumor",6,3.0256012412723,14.5073700543057,0.0387897595034911
"AGATAACTTCAGGGCC-1","BCSA2TumB1",2487,1481,"tumor",4,3.09609971853639,11.2987535182951,0.0402090872537193
"AGATACCAATAGAACC-1","BCSA2TumB1",3454,2031,"tumor",4,4.25593514765489,7.70121598147076,0.0289519397799653
"AGATACCGGTGTTCAC-1","BCSA2TumB1",5286,2627,"tumor",5,2.85660234581915,15.5126749905411,0.0189178963299281
"AGATACTCAAGATCGA-1","BCSA2TumB1",3838,2045,"tumor",1,4.29911412193851,15.7373632100052,0
"AGATATAATACGACTA-1","BCSA2TumB1",2387,1519,"tumor",1,3.39338081273565,11.8558860494344,0
"AGATGATGGAGTCTGG-1","BCSA2TumB1",3078,1864,"tumor",6,1.49447693307342,12.4431448992853,0
"AGATTATAGGACGTTT-1","BCSA2TumB1",1280,900,"tumor",4,6.171875,12.34375,0
"AGATTCACAACCGATA-1","BCSA2TumB1",7806,3006,"tumor",6,11.0684089162183,17.960543171919,0
"AGCAAAGGCCGCTAGT-1","BCSA2TumB1",2742,1654,"tumor",1,5.0328227571116,13.3114514952589,0
"AGCAACATATCTTATT-1","BCSA2TumB1",4929,2412,"tumor",5,5.37634408602151,15.0334753499696,0
"AGCACACGTTTAGACT-1","BCSA2TumB1",1118,840,"tumor",1,4.65116279069768,11.0017889087657,0
"AGCACTACCTCACCAG-1","BCSA2TumB1",4088,2211,"tumor",2,3.03326810176125,14.0900195694716,0.0489236790606654
"AGCAGAAGGAGAAAGA-1","BCSA2TumB1",10831,4170,"tumor",3,3.63770658295633,12.8519988920691,0.00923275782476226
"AGCAGCCAGATGAATA-1","BCSA2TumB1",1836,1227,"tumor",1,5.50108932461874,12.5272331154684,0
"AGCATATCAATATGCT-1","BCSA2TumB1",8118,3480,"tumor",3,5.05050505050505,14.6957378664696,0.0492732200049273
"AGCATTACGAGGCAAG-1","BCSA2TumB1",1328,895,"tumor",7,10.6927710843373,11.8975903614458,0
"AGCCAAGCTTTGTGTC-1","BCSA2TumB1",4170,2252,"tumor",2,3.26139088729017,12.0623501199041,0.0239808153477218
"AGCCACAGGTTACCCG-1","BCSA2TumB1",2103,1350,"tumor",1,6.13409415121255,13.5520684736091,0
"AGCCATATAGTATGTG-1","BCSA2TumB1",1390,927,"tumor",4,3.7410071942446,11.0071942446043,0
"AGCCCGCAACAAGCAG-1","BCSA2TumB1",9961,3906,"tumor",3,3.42335106916976,14.4162232707559,0.0301174580865375
"AGCCCGGCATTAGAGG-1","BCSA2TumB1",12432,4377,"tumor",3,3.20945945945946,16.3529601029601,0.00804375804375805
"AGCCCGGTAGCCTGTA-1","BCSA2TumB1",2807,1695,"tumor",5,3.52689704310652,12.0413252582829,0
"AGCCCTCCCTGGTGGC-1","BCSA2TumB1",2355,1486,"tumor",1,4.07643312101911,13.0785562632696,0
"AGCCCTGTCGCACCGT-1","BCSA2TumB1",1048,773,"tumor",6,1.90839694656489,12.0229007633588,0
"AGCCCTTGGACATCCC-1","BCSA2TumB1",1876,1200,"tumor",1,8.84861407249467,10.3944562899787,0.0533049040511727
"AGCGACAGGAACGGTC-1","BCSA2TumB1",5958,2874,"tumor",3,2.41691842900302,13.6958710976838,0.0167841557569654
"AGCGAGACGTGAAGGC-1","BCSA2TumB1",899,692,"tumor",7,5.22803114571746,11.2347052280311,0
"AGCGATGCGCCTAATA-1","BCSA2TumB1",1533,1084,"tumor",4,5.60991519895629,9.26288323548597,0
"AGCGCATAATGAATCG-1","BCSA2TumB1",2795,1634,"tumor",1,5.65295169946333,13.8461538461538,0
"AGCGCTAGAGCGATGT-1","BCSA2TumB1",2354,1416,"tumor",6,5.18266779949023,13.4664401019541,0
"AGCGGACACTTCGTAG-1","BCSA2TumB1",5660,2711,"tumor",2,3.19787985865724,15.565371024735,0
"AGCGGGTCTGACACTC-1","BCSA2TumB1",1943,1323,"tumor",1,4.16881111682964,11.0138960370561,0.0514668039114771
"AGCGTGGTATTCTACT-1","BCSA2TumB1",3270,1929,"tumor",2,2.38532110091743,15.4434250764526,0
"AGCTAACAAGCAATGT-1","BCSA2TumB1",11722,4321,"tumor",3,3.07114826821362,15.0998123187169,0.017061934823409
"AGCTAAGTACGCAGGC-1","BCSA2TumB1",3646,2071,"tumor",2,3.26385079539221,11.4371914426769,0
"AGCTCCATATATGTTC-1","BCSA2TumB1",2341,1486,"tumor",1,6.06578385305425,11.9179837676207,0
"AGCTCCTTCGCACATC-1","BCSA2TumB1",2247,1439,"tumor",1,5.96350689808634,12.4165554072096,0
"AGCTCGTTGATGGAAA-1","BCSA2TumB1",1948,1287,"tumor",4,2.20739219712526,12.9876796714579,0.0513347022587269
"AGCTCTAGACGTTCCA-1","BCSA2TumB1",5936,2861,"tumor",3,2.62803234501348,13.4097035040431,0
"AGCTCTTCGTAACCTT-1","BCSA2TumB1",2153,1396,"tumor",6,2.322340919647,13.190896423595,0
"AGCTCTTTACTCAGTT-1","BCSA2TumB1",5437,2716,"tumor",3,3.73367665992275,14.4197167555637,0
"AGCTGTAACCTCAATC-1","BCSA2TumB1",5443,2778,"tumor",2,3.3988609222855,13.5219548043358,0.0183722212015433
"AGCTTCTTCTCGAGCA-1","BCSA2TumB1",1206,878,"tumor",1,7.29684908789387,10.3648424543947,0
"AGGAAGCTGTCCGCCG-1","BCSA2TumB1",4608,2451,"tumor",2,2.32204861111111,13.1076388888889,0.0217013888888889
"AGGACAGTCGAATCCC-1","BCSA2TumB1",5362,2613,"tumor",3,3.46885490488624,14.2670645281611,0
"AGGACGACCCATTAGA-1","BCSA2TumB1",2907,1648,"tumor",5,3.37117303061576,14.4134846921225,0
"AGGAGACATCCACAGT-1","BCSA2TumB1",1538,991,"tumor",6,3.77113133940182,15.149544863459,0.0650195058517555
"AGGAGAGTCTGGCTAC-1","BCSA2TumB1",2257,1375,"tumor",6,6.02569782897652,12.7603012848914,0
"AGGAGGCCTTCGCGCG-1","BCSA2TumB1",5687,2692,"tumor",2,6.68190610163531,14.0847547037102,0
"AGGATAAAGTCGGGAT-1","BCSA2TumB1",4551,2402,"tumor",3,3.0103274005713,12.8103713469567,0.0219731927049
"AGGATATAGGGATTTA-1","BCSA2TumB1",5381,2662,"tumor",3,5.40791674409961,14.4025274112619,0
"AGGATATCCGACTGCA-1","BCSA2TumB1",1371,951,"tumor",4,10.5762217359592,8.67979576951131,0
"AGGATTGCTTACGACA-1","BCSA2TumB1",2471,1477,"tumor",6,5.86806960744638,14.9332254148118,0
"AGGCACGTGACTGTCC-1","BCSA2TumB1",3275,1881,"tumor",4,7.20610687022901,10.1984732824427,0.0305343511450382
"AGGCAGGGAGCGTACT-1","BCSA2TumB1",4355,2318,"tumor",2,2.80137772675086,14.1905855338691,0.0229621125143513
"AGGCATTGTCGTAGGG-1","BCSA2TumB1",3709,2070,"tumor",1,5.17659746562416,13.507684011863,0
"AGGCCACATTGGTTAC-1","BCSA2TumB1",920,712,"tumor",6,2.60869565217391,12.9347826086957,0
"AGGCCTATCATACCAA-1","BCSA2TumB1",4640,2458,"tumor",2,5.19396551724138,12.2844827586207,0.021551724137931
"AGGCCTGAGAATCTCG-1","BCSA2TumB1",4235,2256,"tumor",2,5.6198347107438,14.2857142857143,0.0472255017709563
"AGGCGATAACTGGCGT-1","BCSA2TumB1",6055,2699,"tumor",2,11.3129644921552,13.6251032204789,0.0165152766308836
"AGGCTTCCCGAAGAAG-1","BCSA2TumB1",4428,2424,"tumor",5,3.0713640469738,12.1047877145438,0.022583559168925
"AGGGACCGGCTGCGTT-1","BCSA2TumB1",3337,1862,"tumor",5,5.81360503446209,13.8747377884327,0
"AGGGACTCTACGCGAC-1","BCSA2TumB1",2147,1388,"tumor",1,4.09874243129949,11.1318118304611,0.0465766185374942
"AGGGAGACATACTTCG-1","BCSA2TumB1",2522,1556,"tumor",6,3.01348136399683,13.4020618556701,0.0396510705789056
"AGGGCTGCAGTTACAG-1","BCSA2TumB1",5684,2854,"tumor",2,3.64180154820549,12.3680506685433,0.0175932441942294
"AGGGTCAGAGCACTCG-1","BCSA2TumB1",2048,1294,"tumor",1,6.982421875,13.720703125,0
"AGGGTCGATGCGAACT-1","BCSA2TumB1",3568,2005,"tumor",6,2.63452914798206,13.3408071748879,0
"AGGGTGCCGTTCTTTA-1","BCSA2TumB1",10978,3952,"tumor",3,3.98979777737293,16.8427764620149,0.0182182546912006
"AGGGTGCTCTCGAGGG-1","BCSA2TumB1",4716,2441,"tumor",2,4.36810856658185,13.2315521628499,0
"AGGGTTCAGACGGTCC-1","BCSA2TumB1",3147,1835,"tumor",1,6.45058786145536,12.7422942484906,0
"AGGGTTCCCTTTGGTT-1","BCSA2TumB1",1753,1068,"tumor",4,4.67769537934969,11.4090131203651,0
"AGGGTTTAGTTCGGGA-1","BCSA2TumB1",1508,979,"tumor",4,3.97877984084881,9.81432360742706,0
"AGGTAGATCGAGATAT-1","BCSA2TumB1",4065,2205,"tumor",2,2.85362853628536,15.079950799508,0
"AGGTATAATTGATAGT-1","BCSA2TumB1",3607,2028,"tumor",5,2.55059606321042,11.9767119489881,0
"AGGTATGCGGACATTA-1","BCSA2TumB1",2523,1560,"tumor",6,2.29885057471264,13.5552913198573,0.0396353547364249
"AGGTCGCGGAGTTACT-1","BCSA2TumB1",4024,2156,"tumor",5,3.92644135188867,14.3638170974155,0
"AGGTGGTGACCTTCGC-1","BCSA2TumB1",3049,1801,"tumor",2,4.09970482125287,12.1351262709085,0
"AGGTTACACCATGCCG-1","BCSA2TumB1",747,603,"tumor",7,1.33868808567604,10.8433734939759,0
"AGGTTTCACACACCTT-1","BCSA2TumB1",3302,1920,"tumor",6,1.18110236220472,14.2943670502726,0.0302846759539673
"AGTACAGAAGCTTATA-1","BCSA2TumB1",3973,2208,"tumor",5,6.74553234331739,11.4271331487541,0
"AGTACATCATTTATCA-1","BCSA2TumB1",1600,1062,"tumor",4,2.5,9.6875,0.0625
"AGTACTCTTATGCCCA-1","BCSA2TumB1",7228,3226,"tumor",3,2.91920309905921,15.3154399557277,0.0276701715550636
"AGTAGAAGGCGCCTCA-1","BCSA2TumB1",6430,3033,"tumor",2,3.26594090202177,15.8320373250389,0.031104199066874
"AGTATACACAGCGACA-1","BCSA2TumB1",1761,1135,"tumor",1,6.58716638273708,13.9125496876775,0.056785917092561
"AGTATGCTGGAGACCA-1","BCSA2TumB1",4600,2506,"tumor",2,3.02173913043478,11.5869565217391,0.0217391304347826
"AGTATTTGGCACGACC-1","BCSA2TumB1",2646,1587,"tumor",1,4.38397581254724,11.9047619047619,0
"AGTCAAATGATGTGAT-1","BCSA2TumB1",7958,3443,"tumor",3,6.60970092988188,12.1638602663986,0
"AGTCAACACCACCATC-1","BCSA2TumB1",4639,2407,"tumor",5,5.30286699719767,12.9338219443846,0
"AGTCAAGATGACACTT-1","BCSA2TumB1",8834,3558,"tumor",3,3.88272583201268,16.8213719719266,0.0113199003848766
"AGTCACTAGCTCTCGA-1","BCSA2TumB1",9477,3865,"tumor",3,3.73535929091485,14.4138440434737,0.0316555872111428
"AGTCCATTGGCTGATG-1","BCSA2TumB1",2631,1612,"tumor",6,2.62257696693273,13.8730520714557,0
"AGTCCCTCGCAGAAAG-1","BCSA2TumB1",2729,1636,"tumor",6,3.33455478197142,12.6053499450348,0
"AGTCGACGGTCTCAAG-1","BCSA2TumB1",7546,3286,"tumor",3,2.35886562417175,15.0145772594752,0.0397561622051418
"AGTCGGTTGCGTGAGA-1","BCSA2TumB1",1696,1140,"tumor",6,3.18396226415094,12.6768867924528,0
"AGTCGTATAAAGCAGA-1","BCSA2TumB1",3967,2136,"tumor",2,5.34408873203932,15.1247794303,0
"AGTCGTCGACCACCAA-1","BCSA2TumB1",6068,2999,"tumor",2,3.27949901120633,12.2610415293342,0.016479894528675
"AGTCGTGGGCATTACG-1","BCSA2TumB1",8059,3403,"tumor",3,2.866360590644,17.3718823675394,0
"AGTCTAAAGTATACTC-1","BCSA2TumB1",1835,1229,"tumor",4,1.90735694822888,11.8801089918256,0
"AGTCTCACAAGACTAC-1","BCSA2TumB1",5388,2605,"tumor",5,4.34298440979955,13.5486265775798,0
"AGTCTTTAAAGTGTCC-1","BCSA2TumB1",3483,1928,"tumor",1,8.67068619006604,12.0585701981051,0
"AGTGAACAAACTTCTC-1","BCSA2TumB1",3376,1966,"tumor",5,2.60663507109005,13.3886255924171,0
"AGTGAAGATGGTGTCC-1","BCSA2TumB1",2704,1636,"tumor",5,4.25295857988166,12.8698224852071,0.0369822485207101
"AGTGACCTACTTTACG-1","BCSA2TumB1",4313,2400,"tumor",2,2.34175747739393,12.1956874565268,0
"AGTGACTGTGACACAA-1","BCSA2TumB1",8593,3481,"tumor",3,3.67741184685209,16.7461887582916,0
"AGTGAGACTTCCAGTA-1","BCSA2TumB1",4329,2348,"tumor",5,1.96350196350196,11.5500115500116,0
"AGTGAGCCTCGCCGCC-1","BCSA2TumB1",3161,1808,"tumor",6,3.25846251186333,13.2552989560266,0
"AGTGAGTCGAATTAAC-1","BCSA2TumB1",3147,1805,"tumor",1,10.7403876707976,9.18334922148078,0.0317762948840165
"AGTGATAACCTGCGCG-1","BCSA2TumB1",4585,2398,"tumor",1,6.63031624863686,12.3664122137405,0
"AGTGATATGAGTAGTT-1","BCSA2TumB1",2702,1527,"tumor",4,2.92376017764619,11.1028867505551,0.0370096225018505
"AGTGATTCAAGCAGGA-1","BCSA2TumB1",2840,1787,"tumor",5,2.35915492957747,10.0704225352113,0
"AGTGCACGCTTAAGAA-1","BCSA2TumB1",4275,2363,"tumor",2,4.32748538011696,13.2865497076023,0.0233918128654971
"AGTGCGTAGCTCGTAA-1","BCSA2TumB1",6364,2202,"tumor",4,1.17850408548083,7.40100565681961,0.0628535512256442
"AGTGCTAAACACAGCA-1","BCSA2TumB1",1384,994,"tumor",4,4.19075144508671,10.7658959537572,0
"AGTGCTTGCACGAATA-1","BCSA2TumB1",3041,1720,"tumor",6,4.17625780993094,15.3896744491943,0.0657678395264716
"AGTGGCGTCTGAAGGT-1","BCSA2TumB1",2216,1424,"tumor",1,4.64801444043321,11.0108303249097,0
"AGTTAAACACTTGCGA-1","BCSA2TumB1",9974,3800,"tumor",3,4.90274714257068,15.4501704431522,0.0200521355524363
"AGTTCCTATTTATGTT-1","BCSA2TumB1",3196,1927,"tumor",5,2.87859824780976,12.3279098873592,0.0312891113892366
"AGTTGACGGTCCTTGC-1","BCSA2TumB1",2987,1818,"tumor",1,3.58218948778038,12.1861399397389,0
"AGTTGGCAAGGCTAGA-1","BCSA2TumB1",1202,831,"tumor",7,13.9767054908486,9.31780366056572,0
"AGTTTATGTAAAGACA-1","BCSA2TumB1",4003,2203,"tumor",5,3.34748938296278,11.9410442168374,0
"AGTTTGCACCTGCCTC-1","BCSA2TumB1",5443,2684,"tumor",2,2.77420540143303,14.4221936432115,0
"AGTTTGGCACGGGTTG-1","BCSA2TumB1",4778,2434,"tumor",2,4.31142737547091,14.064462118041,0
"AGTTTGGCCAGACCTA-1","BCSA2TumB1",7823,3317,"tumor",3,3.98823980570114,15.1987728492906,0.0255656397801355
"ATAAACGGACCCGTAA-1","BCSA2TumB1",4883,2596,"tumor",3,1.96600450542699,12.5332787220971,0.0204792135981978
"ATAAACGTTGCACCAC-1","BCSA2TumB1",3389,1867,"tumor",1,5.84243139569194,13.8683977574506,0
"ATAAAGGCTCGGTCGT-1","BCSA2TumB1",9715,3893,"tumor",3,3.78795676788471,11.6212043232115,0
"ATAACGCCGGAGGGTC-1","BCSA2TumB1",2932,1784,"tumor",5,2.96725784447476,10.9481582537517,0.034106412005457
"ATAACGTTACCTCCAC-1","BCSA2TumB1",1488,1004,"tumor",4,7.05645161290323,11.8951612903226,0
"ATAAGGTGGAGAACAT-1","BCSA2TumB1",6336,3019,"tumor",2,2.91982323232323,13.510101010101,0.0157828282828283
"ATAAGTAGGATTCAGA-1","BCSA2TumB1",5921,2865,"tumor",3,4.15470359736531,11.5352136463435,0.0506671170410404
"ATAAGTAGGGCGACTC-1","BCSA2TumB1",3893,2128,"tumor",5,4.13562805034678,12.5610069355253,0.0256871307474955
"ATAAGTTACCGCGACG-1","BCSA2TumB1",4607,2433,"tumor",3,2.32255263729108,12.6112437594964,0.0217060994139353
"ATAATAGCTGTTGAAT-1","BCSA2TumB1",7321,3363,"tumor",3,2.33574648272094,12.1704685152302,0
"ATAATCTTGGAGAACC-1","BCSA2TumB1",3441,1946,"tumor",1,5.52165068294101,12.496367335077,0.0581226387678001
"ATAATTAGCTAAGTAG-1","BCSA2TumB1",5233,2669,"tumor",2,3.7454614943627,12.5740493025033,0
"ATACAGGCCCTCCAAT-1","BCSA2TumB1",2099,1330,"tumor",1,5.0976655550262,13.5778942353502,0
"ATACCTAACCAAGAAA-1","BCSA2TumB1",2612,1645,"tumor",1,4.09647779479326,10.7963246554364,0
"ATACGAAGGCTTTCCA-1","BCSA2TumB1",3404,1946,"tumor",3,1.55699177438308,13.689776733255,0
"ATACGCCGGCGAAACC-1","BCSA2TumB1",6799,3079,"tumor",3,3.0886895131637,16.1788498308575,0.0147080453007795
"ATACGTACTTAGCCAC-1","BCSA2TumB1",4082,2237,"tumor",2,3.01322880940715,13.6697697207251,0.0244977951984321
"ATACGTCCACTCCTGT-1","BCSA2TumB1",7157,3088,"tumor",3,3.04596898141679,16.4733827022495,0
"ATACGTTATGCACGGA-1","BCSA2TumB1",2478,1547,"tumor",1,3.10734463276836,12.9136400322841,0
"ATACTACCCGTACCAC-1","BCSA2TumB1",5077,2566,"tumor",2,5.12113452826472,14.8906834744928,0
"ATACTGCCTTACACCG-1","BCSA2TumB1",3360,1944,"tumor",1,5.23809523809524,13.1845238095238,0
"ATAGACGAAGAGAAAG-1","BCSA2TumB1",2627,1599,"tumor",4,5.90026646364675,9.85915492957746,0
"ATAGCAACTAGGGAAG-1","BCSA2TumB1",9462,3862,"tumor",2,4.20629887972944,14.4789685056014,0
"ATAGGCGGCTATAGAA-1","BCSA2TumB1",7473,3293,"tumor",3,3.1847986083233,16.3923457781346,0
"ATAGTGAAGCGTTCTC-1","BCSA2TumB1",8947,3751,"tumor",3,2.85011735777356,13.2223091539063,0
"ATAGTTCCACCCACTC-1","BCSA2TumB1",2220,1430,"tumor",6,2.88288288288288,12.027027027027,0
"ATATAAAGCGCTCGTG-1","BCSA2TumB1",3983,2186,"tumor",2,2.686417273412,14.335927692694,0
"ATATAAATGTAGCTGC-1","BCSA2TumB1",4271,2343,"tumor",2,2.90330133458207,14.2823694685085,0
"ATATAACACGGGCGCA-1","BCSA2TumB1",7274,3129,"tumor",2,5.41655210338191,18.2980478416277,0
"ATATACGCTCGTGACG-1","BCSA2TumB1",1412,971,"tumor",4,5.94900849858357,11.3314447592068,0
"ATATCAACCTACAGAG-1","BCSA2TumB1",3680,2089,"tumor",5,3.04347826086957,11.7391304347826,0
"ATATCGGTAGGGAGAT-1","BCSA2TumB1",4037,2092,"tumor",6,3.83948476591528,16.3983155808769,0
"ATATCGTTCCTCGAAC-1","BCSA2TumB1",7437,3273,"tumor",2,5.58020707274439,14.7505714669894,0
"ATATCTTAGGGCCTTC-1","BCSA2TumB1",3375,2032,"tumor",5,2.51851851851852,10.4296296296296,0.0296296296296296
"ATATGGGATAGCAACT-1","BCSA2TumB1",1975,1327,"tumor",1,4,12.1012658227848,0
"ATATGTCTAGAGCGTG-1","BCSA2TumB1",2339,1024,"tumor",4,2.09491235570757,6.37024369388628,0
"ATATGTCTCCCTAGCC-1","BCSA2TumB1",4474,2353,"tumor",5,4.0232454179705,13.18730442557,0.0670540902995083
"ATATTCAGTTAAACCT-1","BCSA2TumB1",5785,2798,"tumor",3,2.59291270527226,14.76231633535,0.017286084701815
"ATATTCCACATAGTGA-1","BCSA2TumB1",5980,2881,"tumor",3,3.02675585284281,14.2976588628763,0.0167224080267559
"ATATTGGAGAGGCCTT-1","BCSA2TumB1",1710,961,"tumor",4,4.67836257309942,9.12280701754386,0
"ATATTTAACCCTCAAG-1","BCSA2TumB1",857,678,"tumor",7,3.50058343057176,9.91831971995333,0
"ATCAAACACTGTTCCA-1","BCSA2TumB1",7513,3462,"tumor",3,2.68867296685745,13.6563290296819,0
"ATCAAACGAAGGTTTG-1","BCSA2TumB1",6939,3155,"tumor",3,2.65167891627036,14.7283470240669,0
"ATCAAAGAGCCGTGGT-1","BCSA2TumB1",1281,877,"tumor",1,8.50897736143638,11.3192818110851,0
"ATCAAGATCCCAGGAC-1","BCSA2TumB1",3060,1842,"tumor",1,3.62745098039216,12.9738562091503,0.0326797385620915
"ATCAATCTGGGCTGCA-1","BCSA2TumB1",2899,1353,"tumor",4,3.79441186616074,8.0027595722663,0
"ATCACGTGCTAATTAA-1","BCSA2TumB1",6184,2934,"tumor",5,3.96183699870634,14.0523932729625,0.0323415265200517
"ATCAGACGGCACGCCG-1","BCSA2TumB1",3488,1942,"tumor",6,2.52293577981651,15.5103211009174,0
"ATCAGCCTCATGCTGC-1","BCSA2TumB1",5161,2631,"tumor",2,4.57275721759349,13.1176128657237,0
"ATCAGGTAGCTGACAG-1","BCSA2TumB1",2306,1436,"tumor",5,5.07372072853426,13.529921942758,0
"ATCATAGCCCTATGTA-1","BCSA2TumB1",3461,1952,"tumor",1,7.62785322161225,12.2507945680439,0
"ATCATCCAATATTTGT-1","BCSA2TumB1",9306,3932,"tumor",3,2.92284547603697,12.5725338491296,0
"ATCATGGACTACCGAC-1","BCSA2TumB1",812,587,"tumor",7,2.58620689655172,16.256157635468,0
"ATCCACATCGACAGAA-1","BCSA2TumB1",5064,2648,"tumor",2,3.69273301737757,12.065560821485,0
"ATCCAGAGCAACAACC-1","BCSA2TumB1",2920,1790,"tumor",5,1.95205479452055,10.1712328767123,0
"ATCCAGGATTCGTGAA-1","BCSA2TumB1",6309,2901,"tumor",5,6.89491203043272,13.9007766682517,0
"ATCCCATCCACAGCGC-1","BCSA2TumB1",1094,730,"tumor",7,4.93601462522852,11.7001828153565,0
"ATCCCATTTCCGTGGG-1","BCSA2TumB1",1741,1143,"tumor",1,4.192992533027,13.2107983917289,0
"ATCCTACCTAAGCTCT-1","BCSA2TumB1",2142,1180,"tumor",4,3.4547152194211,9.43043884220355,0
"ATCCTGAATCGCTGCG-1","BCSA2TumB1",1717,1028,"tumor",7,19.3942923704135,10.8910891089109,0
"ATCCTGCGTGGAATGG-1","BCSA2TumB1",2615,1304,"tumor",4,2.86806883365201,8.37476099426386,0
"ATCCTTCTGAAAGAAC-1","BCSA2TumB1",3786,2152,"tumor",3,2.21870047543582,12.9160063391442,0
"ATCGACCCAATACAGA-1","BCSA2TumB1",3549,1993,"tumor",3,2.11327134404057,14.116652578191,0.084530853761623
"ATCGCCAGTCAACATT-1","BCSA2TumB1",1285,931,"tumor",1,3.19066147859922,10.8949416342412,0.0778210116731518
"ATCGCTGCGTGCAGCA-1","BCSA2TumB1",1764,1168,"tumor",4,3.6281179138322,9.86394557823129,0
"ATCGCTTTACGTCTCA-1","BCSA2TumB1",2506,1475,"tumor",6,2.91300877893057,15.682362330407,0
"ATCGGAGACAGACGGC-1","BCSA2TumB1",4066,2231,"tumor",2,4.3531726512543,12.2970978848992,0.0245941957697983
"ATCGGCAAGCAGTCCA-1","BCSA2TumB1",709,587,"tumor",7,6.34696755994358,7.475317348378,0
"ATCGTGGAAAGTCTGG-1","BCSA2TumB1",2351,1451,"tumor",1,6.46533390046789,10.8889834113143,0
"ATCGTTAGCTAGCGGA-1","BCSA2TumB1",2336,1501,"tumor",1,5.35102739726027,11.7294520547945,0
"ATCTAATATCCTACGG-1","BCSA2TumB1",1775,1211,"tumor",1,3.04225352112676,11.6056338028169,0
"ATCTACCATCTGCTCC-1","BCSA2TumB1",7210,3201,"tumor",3,6.18585298196949,15.0208044382802,0
"ATCTAGCTTGTGAGGG-1","BCSA2TumB1",3988,2168,"tumor",2,4.1123370110331,14.4182547642929,0
"ATCTCCCACGGAATAT-1","BCSA2TumB1",2730,1677,"tumor",1,4.94505494505495,13.5164835164835,0
"ATCTCGTGAGCGAAAC-1","BCSA2TumB1",3114,1819,"tumor",1,4.14258188824663,12.0102761721259,0
"ATCTGACATGGAAGGA-1","BCSA2TumB1",5221,2605,"tumor",5,3.44761539934878,15.2461214326757,0.019153418885271
"ATCTGCACCTCTGCGA-1","BCSA2TumB1",4017,2192,"tumor",5,2.88772715957182,12.5964650236495,0
"ATCTGCTGTTATCGCC-1","BCSA2TumB1",1608,1087,"tumor",1,2.54975124378109,14.4278606965174,0
"ATCTGGGCTGTTCTTG-1","BCSA2TumB1",1533,1064,"tumor",1,4.69667318982387,12.5244618395303,0
"ATCTTATCGCACACCC-1","BCSA2TumB1",1030,764,"tumor",4,5.33980582524272,9.22330097087379,0
"ATCTTTCGTATAACCA-1","BCSA2TumB1",3483,1922,"tumor",6,4.01952339936836,14.2693080677577,0
"ATGACGCGTTCTATCC-1","BCSA2TumB1",6137,2768,"tumor",3,2.8678507414046,18.2173700505133,0.0651784259410135
"ATGACTATCAGCTGTG-1","BCSA2TumB1",7399,3262,"tumor",3,3.00040546019732,15.110150020273,0
"ATGACTATGCGACATT-1","BCSA2TumB1",4531,2345,"tumor",5,4.98786139924961,14.3897594350033,0.0220701831825204
"ATGAGGGCAGCGGCTA-1","BCSA2TumB1",5021,2434,"tumor",5,4.83967337183828,14.9770961959769,0
"ATGATGCAATGGTACA-1","BCSA2TumB1",4257,2318,"tumor",5,2.39605355884426,10.9936575052854,0.0234907211651398
"ATGCACGCGCTGTTCA-1","BCSA2TumB1",3147,1671,"tumor",6,9.53288846520496,16.5236733396886,0.0317762948840165
"ATGCCATTTGCGACCA-1","BCSA2TumB1",8022,3364,"tumor",3,3.1039640987285,16.5046123161306,0
"ATGCGACAGTCCCATT-1","BCSA2TumB1",4111,2141,"tumor",4,3.91632206275845,11.7732911700316,0
"ATGCGAGTCCCACCAC-1","BCSA2TumB1",5359,2693,"tumor",2,4.32916588915843,12.6516141071095,0.0186601977980967
"ATGCTCTGGCGCGGTA-1","BCSA2TumB1",1698,1111,"tumor",1,5.65371024734982,12.9564193168433,0
"ATGCTTAGGAGTTGAT-1","BCSA2TumB1",2488,1560,"tumor",1,6.31028938906752,12.8215434083601,0.0803858520900322
"ATGGAACCTTTGCACA-1","BCSA2TumB1",1139,855,"tumor",6,2.63388937664618,12.6426690079017,0
"ATGGAGCAGGCCGTGA-1","BCSA2TumB1",3281,1886,"tumor",5,4.99847607436757,12.0999695214874,0.0609570252971655
"ATGGCAGCATTACGAT-1","BCSA2TumB1",4230,1768,"tumor",4,1.41843971631206,7.04491725768322,0.0236406619385343
"ATGGCGGAATAGTCGC-1","BCSA2TumB1",2901,1697,"tumor",5,3.30920372285419,14.3054119269218,0
"ATGGGACCTGCTGAAC-1","BCSA2TumB1",4432,2421,"tumor",2,3.88086642599278,11.913357400722,0
"ATGGGCCTCGGCCTCT-1","BCSA2TumB1",5820,2774,"tumor",3,3.05841924398625,14.5360824742268,0.0171821305841924
"ATGGGTGTATACCTCC-1","BCSA2TumB1",4059,2354,"tumor",5,3.20275930032028,10.9879280610988,0.0492732200049273
"ATGGTATTGGGAACCG-1","BCSA2TumB1",5017,2569,"tumor",2,5.60095674706,12.0191349411999,0
"ATGGTCGCGTGGTTTC-1","BCSA2TumB1",7154,3129,"tumor",3,3.96980710092256,15.7813810455689,0
"ATGTAAGGCTGCTCTT-1","BCSA2TumB1",2078,1401,"tumor",6,1.53994225216554,10.8758421559192,0.0481231953801732
"ATGTACATGCGGTGAG-1","BCSA2TumB1",1687,1113,"tumor",4,9.48429164196799,9.78067575577949,0
"ATGTACGATGACGTCG-1","BCSA2TumB1",1773,1185,"tumor",1,5.75296108291032,12.0699379582628,0
"ATGTAGCGCGCGTAGG-1","BCSA2TumB1",6975,3160,"tumor",3,4.11469534050179,14.2939068100358,0
"ATGTGGACATCTTGAT-1","BCSA2TumB1",5878,2883,"tumor",3,2.14358625382783,15.4644436883294,0.0170125893160939
"ATGTTGATTAGAGACT-1","BCSA2TumB1",2168,1318,"tumor",4,5.62730627306273,11.0239852398524,0
"ATGTTGTAGTCTGTTT-1","BCSA2TumB1",2509,1521,"tumor",1,5.9386209645277,14.7867676365086,0
"ATGTTTCGGCCCGGAG-1","BCSA2TumB1",2048,1290,"tumor",6,2.294921875,12.841796875,0
"ATTAAACATGCGGACC-1","BCSA2TumB1",5544,2808,"tumor",3,2.45310245310245,12.3556998556999,0
"ATTACATGTCAGTCTT-1","BCSA2TumB1",3527,2130,"tumor",2,2.66515452225688,10.3203855968245,0
"ATTACCACACTGCCTG-1","BCSA2TumB1",3168,1874,"tumor",2,3.50378787878788,13.2575757575758,0
"ATTACGACTCCACAGT-1","BCSA2TumB1",2644,1648,"tumor",6,2.45839636913767,13.0105900151286,0.037821482602118
"ATTAGATTCCTCAGCA-1","BCSA2TumB1",1094,758,"tumor",4,2.37659963436929,11.9744058500914,0.0914076782449726
"ATTAGGCGATGCTTTC-1","BCSA2TumB1",5060,2518,"tumor",5,2.39130434782609,12.4308300395257,0.0197628458498024
"ATTATAGCTACTTTAC-1","BCSA2TumB1",2707,1643,"tumor",5,3.39859623199113,13.0033247137052,0
"ATTATCGGAATGTACG-1","BCSA2TumB1",1227,901,"tumor",1,3.58598207008965,12.5509372453138,0
"ATTATTATGTCCGTCA-1","BCSA2TumB1",5080,2696,"tumor",5,2.5,12.3228346456693,0
"ATTATTCAGAGTCACT-1","BCSA2TumB1",1061,785,"tumor",4,3.29877474081056,8.67106503298775,0
"ATTCAACCATTTAAGG-1","BCSA2TumB1",10481,4062,"tumor",3,3.78780650701269,15.2561778456254,0.028623222974907
"ATTCACTGATGTTGGA-1","BCSA2TumB1",3041,1833,"tumor",2,3.38704373561329,11.8053271950016,0.0328839197632358
"ATTCATATACTGTCCA-1","BCSA2TumB1",3723,2123,"tumor",5,2.63228579102874,11.361804995971,0
"ATTCATCGTTGAGGCA-1","BCSA2TumB1",6261,2796,"tumor",2,6.08528988979396,16.1954959271682,0.0159718894745248
"ATTCGCAGAGGACACT-1","BCSA2TumB1",1442,978,"tumor",4,5.33980582524272,12.9680998613037,0
"ATTCGCGCCTTGAGAG-1","BCSA2TumB1",999,762,"tumor",4,5.60560560560561,9.60960960960961,0
"ATTCGTGCTATCTCTT-1","BCSA2TumB1",3666,1970,"tumor",6,5.12820512820513,14.9481723949809,0.0545553737043099
"ATTGATGAGTCCTAAC-1","BCSA2TumB1",3862,2237,"tumor",5,1.6053858104609,11.5743138270326,0.0258933195235629
"ATTGCCTATTAGACCG-1","BCSA2TumB1",1327,932,"tumor",1,5.80256217030897,11.3036925395629,0
"ATTGCCTTTATGTTTG-1","BCSA2TumB1",4624,2445,"tumor",2,2.94117647058824,14.4031141868512,0.0216262975778547
"ATTGCGATCAGTAACT-1","BCSA2TumB1",3943,2108,"tumor",2,4.79330459041339,15.2929241694142,0
"ATTGCTGCTCCTCCAT-1","BCSA2TumB1",8373,3533,"tumor",3,3.63071778335125,14.3317807237549,0.0238863012062582
"ATTGGATTACAGCGTA-1","BCSA2TumB1",5814,2815,"tumor",2,5.02235982112143,13.5018919848641,0
"ATTGTACAACTCGGCT-1","BCSA2TumB1",2678,1664,"tumor",5,2.83793876026886,11.4637789395071,0.0373412994772218
"ATTGTCTGTTTCATGT-1","BCSA2TumB1",2402,1504,"tumor",1,4.12156536219817,14.4462947543714,0.0416319733555371
"ATTGTTCAACGATCCG-1","BCSA2TumB1",2521,1166,"tumor",4,2.18167393891313,7.06069020230068,0
"ATTTACTAAGTCCATT-1","BCSA2TumB1",2065,1351,"tumor",5,2.3728813559322,11.138014527845,0
"ATTTATACTGGTAAAG-1","BCSA2TumB1",1312,832,"tumor",4,15.3201219512195,10.6707317073171,0
"ATTTCCGGGTTCTGCG-1","BCSA2TumB1",4948,2452,"tumor",2,3.33468067906225,15.2182700080841,0
"ATTTGCGCGAGTAGCT-1","BCSA2TumB1",2853,1679,"tumor",4,3.25972660357518,10.4801962846127,0
"ATTTGTCTTGGGAGCT-1","BCSA2TumB1",2383,1454,"tumor",1,3.23122114981116,13.3864876206462,0
"CAAACCCTCCGGCGGG-1","BCSA2TumB1",1705,1071,"tumor",4,5.33724340175953,10.6158357771261,0
"CAAACGAGTATCGCAG-1","BCSA2TumB1",2483,1575,"tumor",4,2.33588401127668,10.4712041884817,0
"CAAACTCGCGACGCCG-1","BCSA2TumB1",5678,2719,"tumor",2,4.56146530468475,14.688270517788,0.0352236703064459
"CAAAGATTATTGGGCC-1","BCSA2TumB1",3509,1933,"tumor",5,4.61669991450556,12.2827016243944,0.0284981476204047
"CAAAGGTCATCTGAAA-1","BCSA2TumB1",2339,1422,"tumor",6,2.13766566908935,14.9636596836255,0
"CAAATGTCCTTCCGTG-1","BCSA2TumB1",4273,2346,"tumor",2,2.43388719868945,11.4205476246197,0
"CAAATTGGATTATGCC-1","BCSA2TumB1",6122,2837,"tumor",3,4.41032342371774,14.3417183926821,0
"CAACACATCTCCTGCC-1","BCSA2TumB1",2688,1559,"tumor",6,3.7202380952381,15.5133928571429,0
"CAACCAGTGGCCTACC-1","BCSA2TumB1",2244,1434,"tumor",4,3.96613190730838,8.19964349376114,0
"CAACCTACCGAGCAGT-1","BCSA2TumB1",2220,1367,"tumor",1,7.2972972972973,13.0630630630631,0
"CAACCTGAACCTGCCA-1","BCSA2TumB1",4172,2172,"tumor",5,3.6673058485139,13.9980824544583,0
"CAACGTGGTGGAGTCT-1","BCSA2TumB1",1628,1081,"tumor",1,6.32678132678133,13.8820638820639,0
"CAACTGCTCATCCGAT-1","BCSA2TumB1",2382,1492,"tumor",1,3.44248530646516,11.5029387069689,0
"CAAGACTCAGAAGCGC-1","BCSA2TumB1",1897,1225,"tumor",6,3.53189246178176,14.4965735371639,0
"CAAGAGGGCGGAGTAC-1","BCSA2TumB1",3541,2001,"tumor",5,3.07822648969218,12.4258683987574,0
"CAAGATATTATAACGT-1","BCSA2TumB1",13088,4652,"tumor",3,3.04095354523227,13.77597799511,0.015281173594132
"CAAGCAACGTCGGAGT-1","BCSA2TumB1",986,751,"tumor",4,3.85395537525355,11.3590263691684,0
"CAAGCGGCACATAATT-1","BCSA2TumB1",4236,2276,"tumor",2,3.61189801699717,13.7865911237016,0
"CAAGGATCGCATGTTC-1","BCSA2TumB1",2454,1633,"tumor",5,1.79299103504482,11.5729421352893,0
"CAAGGCCAGTGGTGCA-1","BCSA2TumB1",4400,2294,"tumor",2,9.13636363636364,12.6363636363636,0.0681818181818182
"CAAGGTCCTATAGGCT-1","BCSA2TumB1",2599,1667,"tumor",6,1.61600615621393,13.0819545979223,0
"CAAGTAAGTGATAGAC-1","BCSA2TumB1",2053,1346,"tumor",1,4.67608377983439,11.9824646858256,0
"CAAGTGTGGTTGCAAA-1","BCSA2TumB1",4791,2454,"tumor",3,3.38134001252348,12.7113337507827,0
"CAATACGAGAGTCTGA-1","BCSA2TumB1",3093,1879,"tumor",5,3.07145166505011,12.8677659230521,0
"CAATATTCTTGACCTA-1","BCSA2TumB1",6493,3104,"tumor",3,3.00323425227168,13.029416294471,0
"CAATGACCCTTAATTT-1","BCSA2TumB1",1197,842,"tumor",4,4.59482038429407,11.1946532999165,0
"CAATGAGGTTCGACTA-1","BCSA2TumB1",2113,1313,"tumor",6,3.54945575011832,13.2039753904401,0
"CAATGCGAGAAGTATC-1","BCSA2TumB1",4300,2254,"tumor",2,5.62790697674419,13.4883720930233,0
"CAATGTGCCAACCCTT-1","BCSA2TumB1",1551,1077,"tumor",6,1.80528691166989,13.5396518375242,0
"CAATTTCGTATAAGGG-1","BCSA2TumB1",6855,3275,"tumor",3,2.5674690007294,12.399708242159,0.0437636761487965
"CACAATGAGCTGCTAT-1","BCSA2TumB1",1671,1069,"tumor",4,5.74506283662478,12.8665469778576,0
"CACACACGCTAACGAG-1","BCSA2TumB1",5853,2789,"tumor",2,5.19391764906885,12.6601742696053,0.0170852554245686
"CACACAGCTTGCGCTC-1","BCSA2TumB1",2562,1613,"tumor",2,2.65417642466823,12.0218579234973,0.078064012490242
"CACACGCGCTGTCTTA-1","BCSA2TumB1",6206,3059,"tumor",5,2.75539800193361,10.7637769900097,0
"CACAGAGACGAGGACG-1","BCSA2TumB1",9881,2447,"tumor",4,1.0120433154539,5.70792429916,0
"CACAGGGCCATATAGT-1","BCSA2TumB1",1941,1243,"tumor",1,7.4703760947965,12.5708397733127,0
"CACAGGGCCGTTGTCA-1","BCSA2TumB1",2996,1834,"tumor",1,3.87182910547397,11.4485981308411,0
"CACAGTCCCGCTTCGC-1","BCSA2TumB1",1627,1123,"tumor",4,4.42532267977873,12.2925629993854,0
"CACAGTTCGCTTCCCA-1","BCSA2TumB1",1615,1066,"tumor",1,4.76780185758514,13.7461300309598,0
"CACATATTAGCAGGAT-1","BCSA2TumB1",3309,2032,"tumor",2,2.65941372015715,11.1211846479299,0.0302206104563312
"CACATCGTGCACGCGC-1","BCSA2TumB1",4944,2495,"tumor",2,4.89482200647249,13.1270226537217,0
"CACATCTCACCGACGA-1","BCSA2TumB1",2690,1644,"tumor",1,3.97769516728625,11.4126394052045,0
"CACATGATTCAGCAAC-1","BCSA2TumB1",4353,2286,"tumor",3,2.25132092809557,13.7835975189524,0.0459453250631748
"CACATTTCTTGTCAGA-1","BCSA2TumB1",2896,1780,"tumor",3,2.24447513812155,13.3632596685083,0
"CACCCAAATCTTATGT-1","BCSA2TumB1",6254,2937,"tumor",5,3.35785097537576,13.0156699712184,0.0319795330988168
"CACCCGGTTTGTGACT-1","BCSA2TumB1",3206,1836,"tumor",1,3.83655645664379,13.3187772925764,0
"CACCCTAACAAGATCT-1","BCSA2TumB1",5050,2604,"tumor",2,4.41584158415842,12.7920792079208,0.0198019801980198
"CACCGGGCATCACAAG-1","BCSA2TumB1",3671,1899,"tumor",1,14.4374829746663,12.7485698719695,0
"CACCGTATCCCATCCG-1","BCSA2TumB1",2064,1348,"tumor",1,2.95542635658915,12.7906976744186,0
"CACCGTTAGGGATCAC-1","BCSA2TumB1",4722,2514,"tumor",3,2.3718763235917,14.7395171537484,0.0211774671749259
"CACCTTGGCGCCTTTG-1","BCSA2TumB1",5823,2738,"tumor",3,1.76884767302078,15.1296582517603,0.0171732783788425
"CACGCAGCGAGGCTTT-1","BCSA2TumB1",1913,1177,"tumor",4,2.77051751176163,11.8661787767904,0.0522739153162572
"CACGCGGAACTGTTGC-1","BCSA2TumB1",1299,912,"tumor",1,3.46420323325635,12.933025404157,0.153964588144727
"CACGGACGTGGATGGC-1","BCSA2TumB1",3653,2041,"tumor",3,2.76485080755543,13.0577607445935,0
"CACGTCAATCAATGGA-1","BCSA2TumB1",1459,934,"tumor",4,3.08430431802605,8.91021247429747,0
"CACGTCGGCAACCTCT-1","BCSA2TumB1",3117,1804,"tumor",6,3.84985563041386,13.3782483156882,0
"CACGTTCGTGCTCTAG-1","BCSA2TumB1",7157,3253,"tumor",5,2.66871594243398,13.8605560989241,0.0279446695542825
"CACGTTTCGTACACAC-1","BCSA2TumB1",5886,2839,"tumor",3,3.51681957186544,14.5429833503228,0.0169894665307509
"CACTAAAGTTGCCTAT-1","BCSA2TumB1",2521,1558,"tumor",4,4.79968266560889,10.0357001190004,0.0793335977786593
"CACTACGGGAGCTGCC-1","BCSA2TumB1",5909,2879,"tumor",2,3.28312743272973,17.1941106786258,0
"CACTCAAGAGCTATGG-1","BCSA2TumB1",6170,3047,"tumor",3,3.46839546191248,11.8962722852512,0.0162074554294976
"CACTCCTATGTAAGAT-1","BCSA2TumB1",5444,2680,"tumor",3,3.03085966201323,16.3115356355621,0
"CACTCGAGCTGAACAA-1","BCSA2TumB1",7930,3402,"tumor",3,2.23203026481715,14.6658259773014,0
"CACTCTCAAGCATCGA-1","BCSA2TumB1",4497,2349,"tumor",5,5.29241716700022,12.8307760729375,0
"CACTCTTCTGCTAGCC-1","BCSA2TumB1",3753,2130,"tumor",2,4.71622701838529,12.7897681854516,0
"CACTGACGATTGTGGA-1","BCSA2TumB1",1594,1071,"tumor",1,3.26223337515684,13.2998745294856,0
"CACTTAATCAGACGGA-1","BCSA2TumB1",2842,1741,"tumor",4,5.06685432793807,10.661505981703,0.0703729767769177
"CAGAACTTAGCCCTCT-1","BCSA2TumB1",4431,2376,"tumor",5,5.1455653351388,12.4125479575717,0.0225682690137666
"CAGAATAACACACGGA-1","BCSA2TumB1",6083,2955,"tumor",2,5.37563702120664,12.2143679105704,0.0328785138911721
"CAGAATATTCGTTATC-1","BCSA2TumB1",2449,1463,"tumor",6,4.20579828501429,15.2307064107799,0.0408329930583912
"CAGACACCGATCGCTG-1","BCSA2TumB1",2346,1422,"tumor",6,2.81329923273657,9.07928388746803,0
"CAGACCTGTAAGTGTT-1","BCSA2TumB1",3522,2005,"tumor",5,1.27768313458262,12.3225440090857,0
"CAGACGAACCTGATAC-1","BCSA2TumB1",2955,1777,"tumor",2,3.65482233502538,11.8781725888325,0
"CAGAGACGGTCACCCA-1","BCSA2TumB1",1794,1190,"tumor",1,5.6298773690078,12.2073578595318,0
"CAGAGGCGATGCATGA-1","BCSA2TumB1",1893,1261,"tumor",6,3.27522451135763,10.0369783412573,0
"CAGATAATGGGCGGGT-1","BCSA2TumB1",2711,1530,"tumor",1,9.18480265584655,13.7587606049428,0
"CAGCAGTCCAGACTAT-1","BCSA2TumB1",3273,1877,"tumor",2,3.78857317445768,12.9239230064161,0
"CAGCAGTCTGTGCTGC-1","BCSA2TumB1",4569,2459,"tumor",2,4.77128474502079,11.3153862989713,0
"CAGCGATTCCCTTCAA-1","BCSA2TumB1",8298,3496,"tumor",3,3.04892745239817,15.943600867679,0.0120510966497951
"CAGCTCACTGAGACAT-1","BCSA2TumB1",973,734,"tumor",4,2.36382322713258,9.66084275436793,0
"CAGCTCGACAAGTTAA-1","BCSA2TumB1",1619,1020,"tumor",4,5.43545398394071,8.83261272390365,0.0617665225447807
"CAGGACAGCTGCCCTT-1","BCSA2TumB1",2168,1407,"tumor",4,2.72140221402214,12.5,0
"CAGGATATATCGTTGT-1","BCSA2TumB1",2713,1492,"tumor",4,2.76446737928492,10.0995208256543,0
"CAGGCAGTCTTACCAG-1","BCSA2TumB1",9846,3927,"tumor",3,2.61019703432866,13.2236441194394,0
"CAGGCCGTTTGGGTGT-1","BCSA2TumB1",3075,1754,"tumor",5,7.57723577235772,13.3333333333333,0.0650406504065041
"CAGGCGCACGGTGGTC-1","BCSA2TumB1",5580,2829,"tumor",2,4.39068100358423,11.7204301075269,0
"CAGGCGCCATGCTAGG-1","BCSA2TumB1",5302,2773,"tumor",3,2.88570350811015,13.7306676725764,0
"CAGTCGAGGATGCAAT-1","BCSA2TumB1",7755,3269,"tumor",5,6.93745970341715,11.8117343649259,0
"CAGTCTGTATACTGGG-1","BCSA2TumB1",4666,2459,"tumor",3,2.14316330904415,14.9164166309473,0.0214316330904415
"CAGTGTCGGCTGGCCC-1","BCSA2TumB1",6286,2989,"tumor",2,3.77028316894687,14.2538975501114,0.0159083678014636
"CAGTTCGAGGACCCGA-1","BCSA2TumB1",3675,2010,"tumor",2,6.20408163265306,14.421768707483,0.0272108843537415
"CATAACGGACAGTCGT-1","BCSA2TumB1",6525,3057,"tumor",3,2.32950191570881,13.3793103448276,0.0153256704980843
"CATAAGAAGCTTGGCT-1","BCSA2TumB1",2142,1408,"tumor",1,4.52847805788982,12.6517273576097,0
"CATACACGGTTCCCAC-1","BCSA2TumB1",3251,1931,"tumor",3,1.19963088280529,13.5958166717933,0.0307597662257767
"CATACGAACTAGCTGG-1","BCSA2TumB1",8353,3641,"tumor",3,2.21477313540046,11.9717466778403,0
"CATACGGCGTCTGGGC-1","BCSA2TumB1",3960,2155,"tumor",3,2.07070707070707,14.4191919191919,0.0252525252525253
"CATACTATGTAATTGT-1","BCSA2TumB1",3970,2208,"tumor",5,4.48362720403023,11.1586901763224,0.0251889168765743
"CATACTTAGGCAATAC-1","BCSA2TumB1",4092,2128,"tumor",3,2.59042033235582,16.4222873900293,0
"CATACTTCTTTCTCCG-1","BCSA2TumB1",3616,1942,"tumor",6,4.89491150442478,15.0995575221239,0
"CATAGAGGAGATACTA-1","BCSA2TumB1",3230,1748,"tumor",1,11.0216718266254,13.6532507739938,0
"CATAGCGTTGCCCACC-1","BCSA2TumB1",4265,2319,"tumor",2,3.75146541617819,12.8956623681125,0.0234466588511137
"CATAGTCAAATACATA-1","BCSA2TumB1",5900,2897,"tumor",2,3.89830508474576,15.1186440677966,0
"CATAGTCCACAAGAAC-1","BCSA2TumB1",4712,2302,"tumor",2,6.7062818336163,17.6994906621392,0
"CATATAGGTACAGTCA-1","BCSA2TumB1",4455,2330,"tumor",5,2.60381593714927,11.1335578002245,0
"CATCATTACCCTGAGG-1","BCSA2TumB1",4722,2436,"tumor",2,5.29436679373147,15.2054214315968,0
"CATCCAATATAGTTTG-1","BCSA2TumB1",3144,1643,"tumor",4,3.27608142493639,9.19211195928753,0
"CATCCTCTCAAAGATC-1","BCSA2TumB1",4229,2252,"tumor",5,5.20217545519035,13.076377394183,0
"CATCGGACGGGTTAAT-1","BCSA2TumB1",5989,2621,"tumor",5,3.48973117381867,11.4710302220738,0.01669727834363
"CATCTAGTGAAGGGAA-1","BCSA2TumB1",4617,2342,"tumor",5,4.39679445527399,15.2263374485597,0
"CATCTTACACCACCTC-1","BCSA2TumB1",2133,1400,"tumor",6,1.64088138771683,11.6736990154712,0
"CATGACTTCGCTGAAT-1","BCSA2TumB1",1922,1291,"tumor",6,1.87304890738814,12.5390218522373,0
"CATGAGATGCACTCTC-1","BCSA2TumB1",2047,1302,"tumor",1,5.4714215925745,13.580850024426,0
"CATGATGGAAGTTAGC-1","BCSA2TumB1",3035,1812,"tumor",5,5.10708401976936,13.3113673805601,0.0658978583196046
"CATGCGACCAGTTTAA-1","BCSA2TumB1",5047,2562,"tumor",5,5.21101644541312,12.1260154547256,0
"CATGCGTTGAGAGGAG-1","BCSA2TumB1",2756,1207,"tumor",4,2.35849056603774,5.76923076923077,0.0362844702467344
"CATGGATTGTCTTCCG-1","BCSA2TumB1",6400,2987,"tumor",3,3.578125,14.46875,0
"CATGGGTATGCCTTAT-1","BCSA2TumB1",7799,3403,"tumor",3,2.4618540838569,15.7584305680215,0
"CATGGTAAGTAGCGTT-1","BCSA2TumB1",2353,1498,"tumor",2,2.20994475138122,12.1971950701232,0
"CATGGTTTATTAATCA-1","BCSA2TumB1",1233,883,"tumor",1,8.43471208434712,11.1922141119221,0
"CATGTAAGAGACATTT-1","BCSA2TumB1",4229,2297,"tumor",5,5.15488295105226,12.8399148734926,0.0236462520690471
"CATGTCTCATTTATGG-1","BCSA2TumB1",3362,1870,"tumor",1,6.2760261748959,14.039262343843,0
"CATTACATAGATTGTG-1","BCSA2TumB1",2361,1483,"tumor",6,4.27784836933503,14.0194832698009,0
"CATTATCCCATTAACG-1","BCSA2TumB1",3195,1912,"tumor",1,4.69483568075117,11.1737089201878,0.0312989045383412
"CATTCCCATTCCGTCG-1","BCSA2TumB1",1748,1133,"tumor",6,3.94736842105263,13.9016018306636,0
"CATTGATGAACACGCC-1","BCSA2TumB1",2085,1209,"tumor",6,2.20623501199041,11.3669064748201,0
"CATTGCGGGTCAATTC-1","BCSA2TumB1",3743,2092,"tumor",6,3.09911835426129,11.4346780657227,0
"CATTTGAGTGGTACGT-1","BCSA2TumB1",4338,2331,"tumor",3,2.60488704472107,13.7159981558322,0
"CCAAATAACAAGATTC-1","BCSA2TumB1",7044,3155,"tumor",2,5.93412833617263,13.9977285633163,0
"CCAACCTTATGTAACT-1","BCSA2TumB1",9264,3793,"tumor",3,4.09110535405872,14.6588946459413,0
"CCAACTTGATAGATCC-1","BCSA2TumB1",3962,2014,"tumor",6,4.41696113074205,16.3553760726906,0
"CCAAGAAAGTGGGCGA-1","BCSA2TumB1",3639,2056,"tumor",2,3.62737015663644,11.5416323165705,0.109920307776862
"CCAATAGTGCCGTCGA-1","BCSA2TumB1",11894,4540,"tumor",3,2.74928535395998,11.6865646544476,0.0168152009416513
"CCAATGTCACAGCAAG-1","BCSA2TumB1",2936,1749,"tumor",5,6.70980926430518,11.5803814713896,0
"CCAATTGAATGTTAAT-1","BCSA2TumB1",802,632,"tumor",7,5.11221945137157,8.7281795511222,0
"CCACACTGAGATATTA-1","BCSA2TumB1",1742,1085,"tumor",4,5.16647531572905,10.2181400688863,0.0574052812858783
"CCACAGTACCCATCCT-1","BCSA2TumB1",8103,3367,"tumor",3,5.72627421942491,14.1552511415525,0
"CCACATACTGCACCCA-1","BCSA2TumB1",1635,1114,"tumor",1,6.48318042813456,11.6819571865443,0
"CCACCAACTTTACTGT-1","BCSA2TumB1",4791,2573,"tumor",2,2.48382383635984,13.5253600500939,0.0208724692131079
"CCACCCAAGGAAAGTG-1","BCSA2TumB1",4934,2532,"tumor",5,2.10782326712606,11.4511552492906,0
"CCACGAATTTAACCTC-1","BCSA2TumB1",2219,1422,"tumor",6,2.92924740874268,13.9702568724651,0.0450653447498873
"CCACGGTGCCCGGTAG-1","BCSA2TumB1",1734,1145,"tumor",4,1.44175317185698,11.7647058823529,0
"CCACGTAAATTAGACT-1","BCSA2TumB1",2402,1464,"tumor",6,2.87260616153206,13.7385512073272,0
"CCACTATCCGGGTCAC-1","BCSA2TumB1",1941,1210,"tumor",4,2.31839258114374,13.6012364760433,0
"CCACTCAGATCCGCAA-1","BCSA2TumB1",5483,2539,"tumor",2,10.6328652197702,13.2226883093197,0.0182381907714755
"CCACTGTTTGGATTAA-1","BCSA2TumB1",2425,1570,"tumor",1,2.96907216494845,11.2989690721649,0
"CCAGAAAGCAACTCAT-1","BCSA2TumB1",7735,3309,"tumor",3,2.26244343891403,16.5998707175178,0
"CCAGATGTAAATGGGT-1","BCSA2TumB1",1501,999,"tumor",4,5.72951365756163,11.1925383077948,0
"CCAGCCTGGACCAATA-1","BCSA2TumB1",3779,2149,"tumor",3,2.99020905001323,12.066684308018,0.0264620269912675
"CCAGCGGGATCACCAG-1","BCSA2TumB1",2342,1428,"tumor",6,3.15969257045261,15.8838599487617,0.0426985482493595
"CCAGCTCGAACGCATT-1","BCSA2TumB1",3721,2129,"tumor",2,3.43993550120935,12.1741467347487,0.0268744961031981
"CCAGGCTGGCGTCTGA-1","BCSA2TumB1",1773,965,"tumor",4,1.97405527354766,7.72701635645798,0
"CCAGTCTTGTCATAGA-1","BCSA2TumB1",4142,2288,"tumor",2,3.47658136166103,13.5441815548044,0
"CCATACCTTTACTTGT-1","BCSA2TumB1",3338,1955,"tumor",5,2.63630916716597,11.6237267825045,0
"CCATATGGAAACTATA-1","BCSA2TumB1",8936,3780,"tumor",3,3.1781557743957,13.6190689346464,0.0223813786929275
"CCATCGCAGTTAAACT-1","BCSA2TumB1",2882,1740,"tumor",2,3.2616238723109,12.4566273421235,0
"CCATCTCACCAGTGAA-1","BCSA2TumB1",3285,1878,"tumor",5,2.86149162861492,13.3028919330289,0
"CCATGCCCTAGATTTC-1","BCSA2TumB1",3068,1806,"tumor",1,5.67144719687093,11.9621903520209,0
"CCATGCCTGTTTAGTA-1","BCSA2TumB1",1525,1065,"tumor",4,5.18032786885246,12.3934426229508,0
"CCATGTTCATCTATAT-1","BCSA2TumB1",787,599,"tumor",7,4.44726810673444,10.9275730622618,0
"CCATTAGCGATAATCC-1","BCSA2TumB1",3139,1804,"tumor",4,4.7467346288627,10.0031857279388,0.0318572793883402
"CCATTCCCTGCCCACA-1","BCSA2TumB1",2850,1758,"tumor",4,3.96491228070175,9.64912280701754,0.0350877192982456
"CCATTGTTTCCTCCAT-1","BCSA2TumB1",2342,1416,"tumor",6,2.51921434671221,12.6387702818104,0
"CCATTTCTACCTATTA-1","BCSA2TumB1",1794,1234,"tumor",1,3.56744704570792,12.9319955406912,0
"CCCAAACATGCTGCTC-1","BCSA2TumB1",7270,3323,"tumor",5,3.64511691884457,11.9119669876204,0.0137551581843191
"CCCAACATACGTCGCG-1","BCSA2TumB1",5033,2455,"tumor",3,2.76177230280151,17.9813232664415,0.0198688654877807
"CCCAAGTCATTACACT-1","BCSA2TumB1",3577,1895,"tumor",2,8.6944366787811,15.0405367626503,0
"CCCAATGAGATTTGCA-1","BCSA2TumB1",2625,1631,"tumor",1,3.39047619047619,11.1619047619048,0
"CCCAATTTCACAACTT-1","BCSA2TumB1",11133,4231,"tumor",5,4.14084254019581,15.2339890415881,0.00898230485942693
"CCCAGGAAGAATTCGA-1","BCSA2TumB1",1442,859,"tumor",4,2.84327323162275,8.59916782246879,0
"CCCAGGTCTGAAGGCT-1","BCSA2TumB1",1231,890,"tumor",4,4.9553208773355,13.6474411047929,0
"CCCAGTTAAGGCGCCG-1","BCSA2TumB1",3222,1863,"tumor",5,5.40037243947858,14.4941030415891,0.0310366232153942
"CCCGAGTTTCTCCGTA-1","BCSA2TumB1",5222,2612,"tumor",2,5.05553427805439,12.8111834546151,0.0191497510532363
"CCCGATAGCCTCGCCT-1","BCSA2TumB1",2159,1374,"tumor",6,3.01065308012969,14.8679944418712,0.0463177396943029
"CCCGCAGCGCGAACTA-1","BCSA2TumB1",2876,1771,"tumor",2,2.19054242002782,12.6564673157163,0.0347705146036161
"CCCGGGTCGTTCAGGG-1","BCSA2TumB1",4222,2275,"tumor",2,2.27380388441497,13.3112269066793,0
"CCCGTAGCTGGGAAGA-1","BCSA2TumB1",4674,2411,"tumor",2,5.49850235344459,13.2220795892169,0.0213949507916132
"CCCGTTTCGCAGATGT-1","BCSA2TumB1",3855,2215,"tumor",2,1.91958495460441,13.9818417639429,0
"CCCTACTTGAACAATG-1","BCSA2TumB1",3590,1952,"tumor",1,10.5292479108635,11.7270194986072,0
"CCCTATGTAGAGCAGA-1","BCSA2TumB1",2260,1524,"tumor",1,3.71681415929204,9.95575221238938,0
"CCCTCCTCGCTCGTAT-1","BCSA2TumB1",5630,2733,"tumor",2,5.8259325044405,13.1616341030195,0
"CCCTCGATAATACACA-1","BCSA2TumB1",2380,1470,"tumor",1,7.18487394957983,12.6470588235294,0
"CCCTGAAATGAGTTGA-1","BCSA2TumB1",1558,1030,"tumor",4,4.62130937098845,8.66495507060334,0.0641848523748395
"CCCTTTAATGGAGTTC-1","BCSA2TumB1",3311,1981,"tumor",5,8.60767139836907,10.4802174569616,0
"CCCTTTGACAGGTCTT-1","BCSA2TumB1",2024,1274,"tumor",1,4.79249011857708,13.7351778656127,0.0988142292490119
"CCGAACCTTCCCGGCC-1","BCSA2TumB1",1715,1212,"tumor",1,3.03206997084548,11.9533527696793,0.0583090379008746
"CCGAAGGGCGTACCGC-1","BCSA2TumB1",2969,1725,"tumor",6,3.13236780060626,14.4493095318289,0
"CCGACAATAGGCCGCC-1","BCSA2TumB1",2858,1685,"tumor",1,6.78796361091673,10.9167249825052,0
"CCGAGAAGTCGCATAA-1","BCSA2TumB1",3979,2257,"tumor",5,2.11108318673033,11.2339783865293,0.0251319426991706
"CCGATATGACGTAAGG-1","BCSA2TumB1",1319,852,"tumor",7,11.5238817285823,13.3434420015163,0
"CCGATCTCAACCTTAT-1","BCSA2TumB1",1382,947,"tumor",6,2.96671490593343,14.2547033285094,0.0723589001447178
"CCGCACAAAGACCAAC-1","BCSA2TumB1",3608,1982,"tumor",4,2.57760532150776,10.8370288248337,0.0554323725055432
"CCGCACACGAACGTGT-1","BCSA2TumB1",1684,1118,"tumor",6,2.13776722090261,15.0237529691211,0.0593824228028504
"CCGCACTTGCAATGAC-1","BCSA2TumB1",1230,823,"tumor",1,15.609756097561,10.650406504065,0
"CCGCATGTGGTACGAT-1","BCSA2TumB1",1642,1149,"tumor",1,3.28867235079172,11.3276492082826,0
"CCGCCGGAACTTCTCG-1","BCSA2TumB1",1759,1152,"tumor",4,7.04945992040932,11.2563956793633,0
"CCGCCGTTGAGGATAA-1","BCSA2TumB1",6026,2872,"tumor",3,2.48921340856289,15.2173913043478,0
"CCGCGGAATGCGTCAC-1","BCSA2TumB1",7249,3215,"tumor",3,2.06925093116292,15.5883570147607,0
"CCGCTATCAGCACCAG-1","BCSA2TumB1",6608,3034,"tumor",3,2.23970944309927,13.8014527845036,0
"CCGCTCCAGGGCGATC-1","BCSA2TumB1",823,631,"tumor",7,8.50546780072904,8.38396111786148,0.121506682867558
"CCGCTCTTCCGAACTA-1","BCSA2TumB1",1520,1058,"tumor",1,4.73684210526316,12.3026315789474,0
"CCGCTTACCTCACTCT-1","BCSA2TumB1",3069,1805,"tumor",6,1.82469859889215,15.9986966438579,0
"CCGCTTGCTGACATGG-1","BCSA2TumB1",3090,1735,"tumor",5,2.10355987055016,12.7508090614887,0
"CCGGAAGTTATCAGTC-1","BCSA2TumB1",2045,1316,"tumor",6,2.00488997555012,15.7946210268949,0
"CCGGAGCGTACTTTCT-1","BCSA2TumB1",1867,1227,"tumor",1,2.57096946973755,13.7118371719336,0.0535618639528656
"CCGGAGGTCTTATGGT-1","BCSA2TumB1",1362,885,"tumor",4,5.80029368575624,11.7474302496329,0
"CCGGCACGACCGTTTC-1","BCSA2TumB1",1857,1254,"tumor",6,1.88476036618201,13.2471728594507,0
"CCGGGCTGCTCCATAC-1","BCSA2TumB1",7193,3186,"tumor",5,3.7258445711108,13.1099680244682,0.0139024051160851
"CCGGGTTCGAGGTTAC-1","BCSA2TumB1",10763,3901,"tumor",3,5.13797268419586,16.4731022948992,0
"CCGGTAATGGCTAGTC-1","BCSA2TumB1",1242,913,"tumor",6,2.97906602254428,13.4460547504026,0
"CCGGTTTGTAATTGTG-1","BCSA2TumB1",3133,1700,"tumor",1,5.77721034152569,15.4484519629748,0
"CCGTAAGTTGGTCCCA-1","BCSA2TumB1",3077,1786,"tumor",4,5.06987325316867,12.3496912577186,0.064998375040624
"CCGTAGGAAATCCCTG-1","BCSA2TumB1",2125,1316,"tumor",1,7.81176470588235,13.4117647058824,0
"CCGTAGGGTTGTTTAC-1","BCSA2TumB1",4903,2556,"tumor",2,5.91474607383235,13.7874770548644,0.0203956761166633
"CCGTGAGGCATTCATG-1","BCSA2TumB1",1477,1008,"tumor",6,2.6404874746107,14.2857142857143,0
"CCGTGGAACGATCCAA-1","BCSA2TumB1",4670,2335,"tumor",5,5.78158458244111,13.3404710920771,0
"CCGTGTTAAATTCCAT-1","BCSA2TumB1",3188,1802,"tumor",6,2.79171894604768,14.8682559598494,0.0941028858218319
"CCGTTACGTTAGAACA-1","BCSA2TumB1",790,636,"tumor",4,2.65822784810127,7.34177215189873,0
"CCGTTCCGAATCTCGG-1","BCSA2TumB1",1095,733,"tumor",7,10.7762557077626,11.1415525114155,0
"CCTAAATTAACGGTTC-1","BCSA2TumB1",4450,2381,"tumor",3,2.04494382022472,13.8202247191011,0.0449438202247191
"CCTAAATTGTATCCTA-1","BCSA2TumB1",3741,2109,"tumor",1,6.09462710505213,12.8842555466453,0
"CCTAACCCAAACAAGT-1","BCSA2TumB1",8805,3716,"tumor",3,4.44065871663827,14.0034071550256,0.0113571834185122
"CCTACATTCACAGACG-1","BCSA2TumB1",4654,2413,"tumor",3,3.0941125913193,15.8143532445208,0
"CCTACTGCGGCGGCCA-1","BCSA2TumB1",1766,1172,"tumor",6,4.4167610419026,11.9479048697622,0
"CCTAGGCGTAGCGATC-1","BCSA2TumB1",4270,2375,"tumor",5,2.2248243559719,10.4918032786885,0
"CCTATAATGAGTGCCC-1","BCSA2TumB1",4684,2497,"tumor",2,2.15627668659266,13.9624252775406,0
"CCTATACCGTCCTGTC-1","BCSA2TumB1",1671,1063,"tumor",1,5.62537402752843,14.8414123279473,0
"CCTATATTTGTCCTGG-1","BCSA2TumB1",4218,2290,"tumor",2,3.20056899004267,13.3001422475107,0
"CCTATGAAGTGGTGCC-1","BCSA2TumB1",3021,1749,"tumor",6,3.40946706388613,13.5385633896061,0.033101621979477
"CCTATGGCTCCTAGTG-1","BCSA2TumB1",1214,893,"tumor",1,3.62438220757825,11.6144975288303,0.0823723228995058
"CCTATGGTCAAAGCTG-1","BCSA2TumB1",3619,2085,"tumor",2,3.73031224095054,12.8488532743852,0
"CCTATGTCCACTCCAC-1","BCSA2TumB1",2223,1421,"tumor",1,3.82366171839856,14.2150247413405,0.0449842555105713
"CCTCACCTGAGGGAGC-1","BCSA2TumB1",3501,1944,"tumor",5,5.31276778063411,13.167666381034,0.0285632676378178
"CCTCACCTTAGCATCG-1","BCSA2TumB1",3695,2047,"tumor",5,4.00541271989175,12.34100135318,0
"CCTCCTGTTGTGTCGT-1","BCSA2TumB1",3757,2043,"tumor",1,5.69603406973649,13.7875964865584,0.079850944902848
"CCTCGCGCTGTGCGAT-1","BCSA2TumB1",1363,962,"tumor",1,4.62215700660308,11.8855465884079,0
"CCTCGGACCGGGATAG-1","BCSA2TumB1",7311,3296,"tumor",3,2.59882369032964,14.7312269183422,0
"CCTCGGTTTCCTTGCC-1","BCSA2TumB1",5297,2636,"tumor",3,3.209363790825,13.4415707003965,0.056635831602794
"CCTCTACAAGGATTGG-1","BCSA2TumB1",1429,973,"tumor",1,5.73827851644507,13.5059482155353,0
"CCTCTCTCCCATCTAG-1","BCSA2TumB1",5137,2138,"tumor",4,1.73252871325676,13.042631886315,0.29199922133541
"CCTCTGTACTATTCTA-1","BCSA2TumB1",2817,1681,"tumor",1,6.24778132765353,12.566560170394,0.035498757543486
"CCTGAACGATATATTC-1","BCSA2TumB1",5143,2641,"tumor",5,3.65545401516625,12.6968695314019,0
"CCTGACCACCGATGGT-1","BCSA2TumB1",2668,1532,"tumor",4,2.17391304347826,9.44527736131934,0
"CCTGAGAATAAATGCA-1","BCSA2TumB1",1318,911,"tumor",4,5.31107738998483,10.6980273141123,0
"CCTGGAAACGTTCTGC-1","BCSA2TumB1",2385,1493,"tumor",6,1.9706498951782,14.2138364779874,0
"CCTGGTCGAATGTGGG-1","BCSA2TumB1",3252,1904,"tumor",2,3.8130381303813,13.3456334563346,0.030750307503075
"CCTGTAAGACATGATA-1","BCSA2TumB1",6832,2993,"tumor",3,8.21135831381733,13.8466042154567,0.0439110070257611
"CCTGTCCCTCACGTTA-1","BCSA2TumB1",1822,1180,"tumor",6,2.85400658616905,12.3490669593853,0
"CCTGTCGCCCGTAAAT-1","BCSA2TumB1",7756,3409,"tumor",3,2.07581227436823,14.6080453842187,0.0128932439401754
"CCTGTTCAACCTCGGG-1","BCSA2TumB1",3836,2105,"tumor",1,7.2992700729927,12.043795620438,0
"CCTGTTTGAAGACACG-1","BCSA2TumB1",6648,3173,"tumor",3,4.19675090252708,14.8014440433213,0.0150421179302046
"CCTTCAGTTAAAGTGA-1","BCSA2TumB1",8128,3573,"tumor",3,3.74015748031496,13.4350393700787,0.0123031496062992
"CCTTCGTATAGAATCC-1","BCSA2TumB1",2395,1473,"tumor",1,3.17327766179541,14.19624217119,0
"CCTTGACCACTTTATT-1","BCSA2TumB1",1873,1265,"tumor",1,5.01868659903898,11.2119594233849,0
"CCTTGTGAACGTGGTT-1","BCSA2TumB1",1023,732,"tumor",4,3.42130987292278,10.8504398826979,0
"CCTTTAAGGGAGCACT-1","BCSA2TumB1",2729,1670,"tumor",1,3.11469402711616,14.0710883107365,0
"CGAAACGCAATTCATG-1","BCSA2TumB1",10337,3841,"tumor",3,3.72448486021089,18.3225307149076,0
"CGAACAGTATGGGCGT-1","BCSA2TumB1",5093,2543,"tumor",3,3.51462792067544,14.4512075397605,0.0196347928529354
"CGAACCCGCATGCGTC-1","BCSA2TumB1",3433,1893,"tumor",6,2.50509758228954,14.4188756189921,0
"CGAAGTTGCTCTGTGT-1","BCSA2TumB1",1038,789,"tumor",4,5.00963391136802,9.82658959537572,0.0963391136801541
"CGAATCTGCTCGACGC-1","BCSA2TumB1",1212,825,"tumor",7,4.37293729372937,12.2937293729373,0
"CGAATGAAGTCATTGC-1","BCSA2TumB1",1446,978,"tumor",4,4.77178423236515,11.6182572614108,0
"CGAATGACGCATAATG-1","BCSA2TumB1",4347,2361,"tumor",2,2.36945019553715,12.3303427651254,0.0230043708304578
"CGACAATTTGATCTAA-1","BCSA2TumB1",5968,2903,"tumor",3,3.41823056300268,13.4550938337802,0.0167560321715818
"CGACACGCTCCGACAG-1","BCSA2TumB1",7377,3198,"tumor",3,3.79558085942795,15.7245492747729,0.0135556459265284
"CGACAGTTCGCGTTAT-1","BCSA2TumB1",5097,2456,"tumor",2,11.5165783794389,12.5171669609574,0
"CGACTTTGTATAGCCT-1","BCSA2TumB1",2821,1691,"tumor",5,2.69408011343495,11.4143920595534,0.0354484225451967
"CGAGACCCTAGAGTGT-1","BCSA2TumB1",3443,1998,"tumor",6,2.38164391519024,10.1945977345338,0.0580888759802498
"CGAGAGCTTTCACTAC-1","BCSA2TumB1",1559,1076,"tumor",1,3.59204618345093,13.1494547787043,0
"CGAGAGGGTAGCCGCG-1","BCSA2TumB1",6109,2934,"tumor",3,4.04321492879358,13.4064495007366,0
"CGAGATGTTGCCTATA-1","BCSA2TumB1",966,764,"tumor",7,3.6231884057971,8.69565217391304,0.20703933747412
"CGAGATTTCGCTCGGG-1","BCSA2TumB1",2149,1399,"tumor",1,2.7919962773383,12.2847836202885,0
"CGAGGAGCTTCCATAT-1","BCSA2TumB1",3843,2066,"tumor",5,4.16341399947957,13.1928181108509,0
"CGAGGATCGGGAACGA-1","BCSA2TumB1",4034,2142,"tumor",3,4.16460089241448,15.1958353991076,0
"CGAGGGACTGCGGTCG-1","BCSA2TumB1",5817,2902,"tumor",5,3.11156953756232,12.1712222795255,0
"CGAGGGTATCCAGGTG-1","BCSA2TumB1",2833,1752,"tumor",1,3.63572184962937,12.8132721496647,0
"CGAGTACTAAAGAGGA-1","BCSA2TumB1",8167,3481,"tumor",3,2.63254561038325,16.2360719970613,0.0122443981878291
"CGAGTGAAGGTACCAG-1","BCSA2TumB1",6822,3225,"tumor",5,4.13368513632366,12.4157138669012,0
"CGAGTTTATCGGACTG-1","BCSA2TumB1",4436,2335,"tumor",3,2.41208295761948,13.1875563570785,0.0225428313796213
"CGATAATACTCAGGTT-1","BCSA2TumB1",2360,1538,"tumor",5,1.99152542372881,12.7118644067797,0.0423728813559322
"CGATACCTCGCGGACA-1","BCSA2TumB1",1671,1166,"tumor",4,4.42848593656493,8.79712746858169,0
"CGATAGTCGTACTGCA-1","BCSA2TumB1",2502,1481,"tumor",1,6.79456434852118,12.0303756994404,0.0399680255795364
"CGATCCACCATTGTTG-1","BCSA2TumB1",1469,991,"tumor",4,2.45064669843431,8.03267528931246,0
"CGATCCGACCCAGTGC-1","BCSA2TumB1",2756,1676,"tumor",4,4.10014513788099,10.8853410740203,0.0362844702467344
"CGATCCTCGCAACATA-1","BCSA2TumB1",1399,989,"tumor",4,6.29020729092209,12.2944960686204,0
"CGATCGAGAAGCACCA-1","BCSA2TumB1",7160,3199,"tumor",2,7.51396648044693,11.9832402234637,0
"CGATGTTGTTATCTAC-1","BCSA2TumB1",1582,1052,"tumor",4,4.36156763590392,9.60809102402023,0.0632111251580278
"CGATTAAATATCTCCT-1","BCSA2TumB1",2199,1502,"tumor",1,2.50113688040018,10.7776261937244,0.045475216007276
"CGATTCGCCTGGCTGC-1","BCSA2TumB1",6209,2906,"tumor",2,3.46271541311,14.9943630214205,0
"CGCACATGTCCACTAC-1","BCSA2TumB1",4124,2166,"tumor",5,3.37051406401552,15.1066925315228,0
"CGCACGTCTGTTTATG-1","BCSA2TumB1",2465,1440,"tumor",1,7.05882352941176,14.3610547667343,0
"CGCACGTGCGCTATCA-1","BCSA2TumB1",2323,1433,"tumor",6,3.01334481274214,13.4309083082221,0
"CGCAGATCTTCACCCG-1","BCSA2TumB1",1931,1280,"tumor",4,2.43397203521491,12.0145002589332,0
"CGCAGGCGATCCAAAC-1","BCSA2TumB1",8366,3430,"tumor",2,8.40306000478126,13.7222089409515,0.011953143676787
"CGCATCCATCAGCCAG-1","BCSA2TumB1",1735,1126,"tumor",6,3.11239193083574,15.1008645533141,0.0576368876080692
"CGCATGCCGAATGCGT-1","BCSA2TumB1",3974,2145,"tumor",5,6.91997986914947,13.9154504277806,0.0251635631605435
"CGCATGGTGCGATGCT-1","BCSA2TumB1",3346,1942,"tumor",6,1.52420800956366,13.5086670651524,0
"CGCCCAGCACGCCTAG-1","BCSA2TumB1",3093,1816,"tumor",2,2.78047203362431,12.0594891690915,0
"CGCCCAGCGTTTCACG-1","BCSA2TumB1",4332,2298,"tumor",2,6.64819944598338,13.98891966759,0
"CGCCGCCCATGCCTGT-1","BCSA2TumB1",2732,1645,"tumor",5,4.13616398243045,13.3235724743777,0
"CGCCGCGTTCTGAACG-1","BCSA2TumB1",2108,1005,"tumor",4,1.47058823529412,7.06831119544592,0
"CGCCGTCTACCCATCG-1","BCSA2TumB1",2298,1401,"tumor",6,4.43864229765013,13.4029590948651,0
"CGCCGTTCAGCATAGT-1","BCSA2TumB1",888,687,"tumor",7,3.82882882882883,14.4144144144144,0
"CGCCTCCCTCCTCTAT-1","BCSA2TumB1",2426,1481,"tumor",6,1.97856553998351,12.2835943940643,0
"CGCCTTTAGCATGCTC-1","BCSA2TumB1",1635,1160,"tumor",6,2.81345565749235,13.0886850152905,0
"CGCGAAGTGGCATACT-1","BCSA2TumB1",7129,3145,"tumor",3,4.08191892271006,15.4579884976855,0
"CGCGACCGCGACAGAT-1","BCSA2TumB1",4618,2335,"tumor",2,6.62624512776094,13.4473798181031,0.021654395842356
"CGCGCATGTTTGATTG-1","BCSA2TumB1",1598,1134,"tumor",1,3.31664580725907,10.2628285356696,0
"CGCGGCTCAACTTGAA-1","BCSA2TumB1",4938,2425,"tumor",3,3.44268934791414,14.9858242203321,0
"CGCGGGAATTCCTTTC-1","BCSA2TumB1",2088,1165,"tumor",4,3.06513409961686,9.57854406130268,0
"CGCGGTAAGTCTAGCT-1","BCSA2TumB1",2613,1581,"tumor",6,3.78874856486797,13.662456946039,0
"CGCGGTACGGTATACA-1","BCSA2TumB1",917,588,"tumor",4,2.61723009814613,8.17884405670665,0
"CGCTACGGGACATTTA-1","BCSA2TumB1",2488,1502,"tumor",1,7.87781350482315,11.4147909967846,0
"CGCTAGAGACCGCTGC-1","BCSA2TumB1",4250,2213,"tumor",3,1.90588235294118,14.6117647058824,0
"CGCTATTCTTAGGCTC-1","BCSA2TumB1",6772,3188,"tumor",3,1.58003544004725,13.452451269935,0
"CGCTCTCCGTAGATTA-1","BCSA2TumB1",855,657,"tumor",4,4.56140350877193,13.8011695906433,0
"CGCTGGTGACTACCCT-1","BCSA2TumB1",6094,2802,"tumor",3,4.52904496225796,14.2106990482442,0.0328191663931736
"CGCTGTGTGGATGTTG-1","BCSA2TumB1",2267,1449,"tumor",1,3.39655932951037,12.9245699161888,0.0441111601235112
"CGCTTAGTATTGATAC-1","BCSA2TumB1",6855,3075,"tumor",3,2.61123267687819,14.9963530269876,0
"CGCTTATTCCCGGTCG-1","BCSA2TumB1",6461,2782,"tumor",3,6.02073982355673,16.2977867203219,0
"CGCTTCGGTCTAAGAC-1","BCSA2TumB1",1378,980,"tumor",1,6.09579100145138,12.0464441219158,0.145137880986938
"CGCTTGGACGGATAGA-1","BCSA2TumB1",4785,1429,"tumor",4,1.60919540229885,5.37095088819227,0
"CGCTTTCCGCCAAGGT-1","BCSA2TumB1",1553,1039,"tumor",4,7.59819703799099,7.40502253702511,0.0643915003219575
"CGCTTTCTTGCATTCG-1","BCSA2TumB1",753,568,"tumor",4,4.78087649402391,12.6162018592297,0
"CGGAAAGAATCAAACG-1","BCSA2TumB1",3901,2111,"tumor",1,4.63983593950269,14.3809279671879,0.0256344527044348
"CGGAACGTAAACATAG-1","BCSA2TumB1",4563,2129,"tumor",4,2.01621740083279,10.6728029804953,0
"CGGACCTTTACGTCCC-1","BCSA2TumB1",2652,1491,"tumor",4,7.73001508295626,9.99245852187029,0
"CGGAGCAATTTAATCG-1","BCSA2TumB1",3221,1879,"tumor",2,3.32194970506054,13.00838248991,0.0310462589257994
"CGGAGCATGGCGATCC-1","BCSA2TumB1",2353,1494,"tumor",5,3.2299192520187,12.7921801954951,0
"CGGATCCTCAAGGACT-1","BCSA2TumB1",4991,2558,"tumor",2,4.90883590462833,13.5043077539571,0
"CGGCAAACATCGTGCG-1","BCSA2TumB1",3266,1834,"tumor",2,3.15370483772198,13.4721371708512,0.0306184935701164
"CGGCAATAAGATCGCC-1","BCSA2TumB1",2868,1731,"tumor",1,4.53277545327755,13.3891213389121,0
"CGGCAGGGTCGGGTTG-1","BCSA2TumB1",4841,2465,"tumor",5,2.10700268539558,13.0758107828961,0.0206568890725057
"CGGCCACGCACAAAGT-1","BCSA2TumB1",3165,1671,"tumor",4,2.46445497630332,8.21484992101106,0
"CGGCCAGAGCGACCAT-1","BCSA2TumB1",4805,2368,"tumor",2,5.4942767950052,14.7554630593132,0
"CGGCCCAACCTGTAGT-1","BCSA2TumB1",2084,1375,"tumor",1,1.96737044145873,9.78886756238004,0
"CGGCCCAGGTATATCC-1","BCSA2TumB1",2575,1555,"tumor",5,3.80582524271845,13.9029126213592,0
"CGGCGCCATCAATCCC-1","BCSA2TumB1",6063,2757,"tumor",2,6.44895266369784,13.4421903348177,0.049480455220188
"CGGCTCTAAAGCTGCA-1","BCSA2TumB1",4644,2414,"tumor",5,5.79242032730405,14.1042204995693,0
"CGGGAATATAGTATAC-1","BCSA2TumB1",7013,3170,"tumor",2,6.40239555111935,12.5481249108798,0
"CGGGAATTTATGTAAA-1","BCSA2TumB1",4467,2426,"tumor",3,2.99977613610925,11.8200134318334,0
"CGGGAGCTTCAGTGTA-1","BCSA2TumB1",8878,3530,"tumor",3,2.28655102500563,17.7404820905609,0
"CGGGCAGCTAAACCGC-1","BCSA2TumB1",910,702,"tumor",7,3.84615384615385,8.79120879120879,0
"CGGGCCTTCTTTGTAA-1","BCSA2TumB1",2983,1865,"tumor",5,1.97787462286289,10.828025477707,0.0670465973851827
"CGGGCGATGGATCACG-1","BCSA2TumB1",7848,3449,"tumor",2,5.0203873598369,14.2584097859327,0
"CGGGTTTGTTAGGGCT-1","BCSA2TumB1",2283,1404,"tumor",1,7.70915462111257,11.3447218572054,0
"CGGTACTAGAATCAAA-1","BCSA2TumB1",3896,2182,"tumor",5,3.67043121149897,13.1416837782341,0
"CGGTATGGGCACTCTG-1","BCSA2TumB1",2457,1400,"tumor",1,11.3960113960114,12.983312983313,0.0407000407000407
"CGGTCAGTCCATATTT-1","BCSA2TumB1",968,713,"tumor",7,8.05785123966942,13.3264462809917,0
"CGGTCCGTCGCAAGCC-1","BCSA2TumB1",3974,2103,"tumor",2,4.37845998993457,14.7458480120785,0
"CGGTGCAGATAGAACG-1","BCSA2TumB1",6967,2961,"tumor",3,3.35869097172384,18.1283192191761,0
"CGGTGCGCGTTGGTCC-1","BCSA2TumB1",2330,1454,"tumor",1,1.931330472103,11.7596566523605,0.0858369098712446
"CGGTTATCCAACAGTG-1","BCSA2TumB1",1573,1048,"tumor",4,1.84361093452003,10.6166560712015,0
"CGGTTCAAGTAGGTGT-1","BCSA2TumB1",1365,874,"tumor",4,7.03296703296703,12.3809523809524,0
"CGGTTGACCTGGCATA-1","BCSA2TumB1",4434,2116,"tumor",6,6.24718087505638,20.3879115922418,0
"CGGTTGAGTATCCTTC-1","BCSA2TumB1",1860,1251,"tumor",1,4.30107526881721,10.9677419354839,0
"CGGTTGGGCAGGGTCC-1","BCSA2TumB1",3500,1892,"tumor",1,8.65714285714286,12.2857142857143,0
"CGTAAAGCAAGAAATC-1","BCSA2TumB1",2663,1613,"tumor",1,8.41156590311679,11.7912129177619,0.0751032669921142
"CGTAAATAACAAAGGG-1","BCSA2TumB1",2495,1559,"tumor",1,8.01603206412826,10.9819639278557,0
"CGTAACTTCGACACTT-1","BCSA2TumB1",7675,3233,"tumor",3,3.30944625407166,16.7296416938111,0.0130293159609121
"CGTAGAGAGTAATTAT-1","BCSA2TumB1",4093,2310,"tumor",2,4.7397996579526,11.1409723918886,0
"CGTATTGTTTCCTAAT-1","BCSA2TumB1",1587,1088,"tumor",6,5.10396975425331,13.1064902331443,0
"CGTCAAATGGTCGCAG-1","BCSA2TumB1",2238,1372,"tumor",5,3.70866845397677,13.7622877569258,0.0893655049151028
"CGTCACGTCCATTGGT-1","BCSA2TumB1",2010,1329,"tumor",6,1.49253731343284,13.4825870646766,0
"CGTCGCATGTGAGCCA-1","BCSA2TumB1",1476,1041,"tumor",1,3.86178861788618,12.059620596206,0
"CGTCGCTTGGTTATAC-1","BCSA2TumB1",3740,2085,"tumor",1,3.68983957219251,11.8983957219251,0.0267379679144385
"CGTCGGATAGTGTTGA-1","BCSA2TumB1",3273,1839,"tumor",5,3.57470210815765,13.5349831958448,0.0305530094714329
"CGTCGTCCTTCGCGAA-1","BCSA2TumB1",4509,2274,"tumor",2,4.94566422710135,15.5023286759814,0
"CGTCTTGAGTGTGACG-1","BCSA2TumB1",1562,1027,"tumor",6,4.16133162612036,15.8130601792574,0
"CGTGAAGTTAATTCAC-1","BCSA2TumB1",2950,1747,"tumor",5,4.84745762711864,12,0.0338983050847458
"CGTGACCAGTCCTCTG-1","BCSA2TumB1",4944,2512,"tumor",2,3.0542071197411,13.7540453074434,0
"CGTGCACACCACTGTA-1","BCSA2TumB1",955,725,"tumor",4,3.66492146596859,9.21465968586387,0
"CGTGCAGACTGGGACA-1","BCSA2TumB1",1466,973,"tumor",6,2.04638472032742,16.1664392905866,0
"CGTGCATTGTCGACGC-1","BCSA2TumB1",8525,3403,"tumor",3,5.61876832844575,15.1906158357771,0.0117302052785924
"CGTGCCCTCCCGAAGA-1","BCSA2TumB1",3892,2032,"tumor",2,3.41726618705036,14.7738951695786,0
"CGTGCTTCTACCTAAA-1","BCSA2TumB1",8472,3732,"tumor",2,3.11614730878187,12.1340887629839,0.0118035882908404
"CGTGGAAGCCTCGTAC-1","BCSA2TumB1",2174,1393,"tumor",4,3.49586016559338,14.8114075436983,0.0459981600735971
"CGTGGCCGAATATCTA-1","BCSA2TumB1",5152,2573,"tumor",3,3.68788819875776,14.7321428571429,0
"CGTGGTACCCAAAGGC-1","BCSA2TumB1",1872,1169,"tumor",4,4.27350427350427,11.6452991452991,0
"CGTGTCTCGTTACGAC-1","BCSA2TumB1",1661,1139,"tumor",1,5.41842263696568,11.8603251053582,0
"CGTGTGTTAAACCCTG-1","BCSA2TumB1",1106,796,"tumor",6,2.26039783001808,14.6473779385172,0.0904159132007233
"CGTTAAACTAGTTAGG-1","BCSA2TumB1",1845,1234,"tumor",1,4.01084010840108,12.5745257452575,0
"CGTTAATGTCCCGACG-1","BCSA2TumB1",2797,1668,"tumor",1,5.61315695387916,13.1927064712192,0
"CGTTCAAGGAAACGGA-1","BCSA2TumB1",3448,1988,"tumor",1,6.98955916473318,11.6299303944316,0.0290023201856148
"CGTTCAGACCCGCGAA-1","BCSA2TumB1",1913,1248,"tumor",1,4.65237846314689,14.5844223732358,0
"CGTTGAATACCGCGCT-1","BCSA2TumB1",1365,980,"tumor",1,3.80952380952381,11.5018315018315,0
"CGTTGAGCGACCGTCG-1","BCSA2TumB1",2132,1406,"tumor",6,2.4859287054409,12.4765478424015,0
"CGTTGCCCGCGTGGGA-1","BCSA2TumB1",4852,2480,"tumor",2,4.4517724649629,13.4789777411377,0
"CGTTGTAAGATTGATT-1","BCSA2TumB1",2235,1364,"tumor",4,3.31096196868009,10.1118568232662,0
"CGTTGTCGGCAATTGA-1","BCSA2TumB1",3456,2011,"tumor",1,4.02199074074074,12.0659722222222,0
"CGTTGTTTCAATTCCC-1","BCSA2TumB1",1378,944,"tumor",4,3.77358490566038,9.14368650217707,0
"CGTTTCGCTCATTACA-1","BCSA2TumB1",2139,1405,"tumor",4,4.20757363253857,10.3319308087892,0.0935016362786349
"CGTTTGTGTAGAGGGT-1","BCSA2TumB1",3104,1899,"tumor",1,2.60953608247423,12.2422680412371,0
"CTAAAGAATGCCTACT-1","BCSA2TumB1",15133,4974,"tumor",5,5.80188990946937,13.3020551113461,0
"CTAAAGGGAAATAGGA-1","BCSA2TumB1",2898,1582,"tumor",4,2.65700483091787,9.62732919254658,0
"CTAAATCCGGTGTACA-1","BCSA2TumB1",5373,2577,"tumor",2,6.64433277498604,13.5120044667783,0
"CTAACCGCGCGCCCGT-1","BCSA2TumB1",6947,3118,"tumor",5,4.50554196055852,12.1491291204837,0.0287894054987765
"CTAACGAAACTTGCTG-1","BCSA2TumB1",5485,2768,"tumor",5,3.40929808568824,12.306289881495,0.0182315405651778
"CTAACTGATAATCGCC-1","BCSA2TumB1",1898,1246,"tumor",1,4.32033719704953,12.5395152792413,0.0526870389884089
"CTAACTGGTCCGGTTC-1","BCSA2TumB1",3740,2057,"tumor",5,3.55614973262032,11.8449197860963,0
"CTAAGGGAATGATTGG-1","BCSA2TumB1",3812,2139,"tumor",3,2.36096537250787,13.5624344176285,0.104931794333683
"CTAATTCTCAGATATT-1","BCSA2TumB1",7712,3397,"tumor",3,4.57728215767635,12.0461618257261,0.0259336099585062
"CTACAAGAAATAACCC-1","BCSA2TumB1",8315,3553,"tumor",3,3.41551413108839,14.9729404690319,0.0360793746241732
"CTACACTCGCAGATGG-1","BCSA2TumB1",6315,2975,"tumor",2,4.60807600950119,13.2699920823436,0.0316706254948535
"CTACCCTAAGGTCATA-1","BCSA2TumB1",5577,2835,"tumor",3,3.10202617894926,10.955710955711,0.0179307871615564
"CTACGACTAGCTATAA-1","BCSA2TumB1",2450,1485,"tumor",4,8.04081632653061,11.2244897959184,0
"CTACGCACGGAGTACC-1","BCSA2TumB1",1314,912,"tumor",4,4.337899543379,11.0350076103501,0
"CTACTATCTTTCAGAG-1","BCSA2TumB1",7288,3230,"tumor",5,3.92425905598244,12.211855104281,0.0137211855104281
"CTACTCAAGGTATAGT-1","BCSA2TumB1",7241,3120,"tumor",3,4.15688440823091,15.7989228007181,0
"CTAGATGTGAGTGTAA-1","BCSA2TumB1",1995,1335,"tumor",4,1.65413533834586,9.67418546365915,0
"CTAGATTTACGACGGC-1","BCSA2TumB1",2632,1588,"tumor",6,2.46960486322188,14.6656534954407,0
"CTAGCATAGTATAATG-1","BCSA2TumB1",3424,1710,"tumor",4,4.41004672897196,8.99532710280374,0.0292056074766355
"CTAGCCACAGGCGAGC-1","BCSA2TumB1",2921,1470,"tumor",4,3.42348510783978,8.69565217391304,0.0342348510783978
"CTAGCCGATGTTATGA-1","BCSA2TumB1",1138,824,"tumor",4,4.30579964850615,10.896309314587,0.0878734622144112
"CTAGCTTAATGGTCCC-1","BCSA2TumB1",2043,1250,"tumor",6,2.39843367596672,16.4953499755262,0
"CTAGGCGCCCTATCAG-1","BCSA2TumB1",2311,1462,"tumor",1,5.79835569017741,12.7217654694937,0.129813933362181
"CTAGGGATAGGGACAA-1","BCSA2TumB1",2120,1371,"tumor",1,5.14150943396226,12.5943396226415,0
"CTAGGTCTGAAGGAAT-1","BCSA2TumB1",1979,1274,"tumor",4,2.88024254674078,11.7230924709449,0
"CTAGGTTCGGACGTGA-1","BCSA2TumB1",2705,1645,"tumor",1,4.76894639556377,12.0517560073937,0
"CTAGTAGAAAGGGATT-1","BCSA2TumB1",3967,2197,"tumor",2,4.58784976052433,11.5200403327451,0.0756238971514999
"CTAGTCACGTCTTAAG-1","BCSA2TumB1",6031,2891,"tumor",3,3.03432266622451,13.4637705189852,0
"CTAGTGAAGGACAGGA-1","BCSA2TumB1",3518,2057,"tumor",4,2.72882319499716,10.1762364980102,0
"CTAGTTACAACCCGGT-1","BCSA2TumB1",3033,1821,"tumor",2,1.9782393669634,14.8367952522255,0
"CTATAAGAGCCAATCG-1","BCSA2TumB1",5619,2763,"tumor",5,4.66275137924898,12.3509521267129,0.0177967609894999
"CTATAGGCGTTGATGT-1","BCSA2TumB1",10093,3815,"tumor",3,4.6170613296344,15.5850589517487,0.00990785693054592
"CTATATCCAGCCTGGC-1","BCSA2TumB1",1910,1233,"tumor",1,5.13089005235602,13.0366492146597,0
"CTATCACAACGCTGGA-1","BCSA2TumB1",2951,1577,"tumor",1,20.1626567265334,11.6909522195866,0
"CTATCGACGAAATACA-1","BCSA2TumB1",3718,2115,"tumor",5,4.84131253362023,12.4260355029586,0.0268961807423346
"CTATCGCGTAGAGAAC-1","BCSA2TumB1",1406,967,"tumor",4,5.26315789473684,10.4551920341394,0
"CTATCGGGTCTCAACA-1","BCSA2TumB1",2082,1322,"tumor",4,5.61959654178674,11.1431316042267,0.0960614793467819
"CTATGCCCGAATGCAA-1","BCSA2TumB1",7178,3222,"tumor",2,3.63611033714127,13.8060741153525,0
"CTATGGGAAGCGGAAT-1","BCSA2TumB1",4011,2229,"tumor",2,3.1413612565445,12.76489653453,0.024931438544004
"CTATTCATGTGTCCCA-1","BCSA2TumB1",2150,1367,"tumor",1,5.2093023255814,12.9767441860465,0
"CTATTTGCTTGGAGGA-1","BCSA2TumB1",2736,1660,"tumor",1,4.64181286549708,10.9649122807018,0
"CTATTTGGTTACGGAT-1","BCSA2TumB1",5282,2642,"tumor",5,3.74858008330178,13.2146914047709,0.0378644452858766
"CTCAAACCACTGCCCG-1","BCSA2TumB1",11173,4137,"tumor",3,3.58900921865211,17.5154390047436,0
"CTCAACTAACCCGGAT-1","BCSA2TumB1",3932,2151,"tumor",2,5.44252288911495,13.0976602238047,0.0508646998982706
"CTCACACGCAAGCCTA-1","BCSA2TumB1",1732,1133,"tumor",6,5.02309468822171,12.0092378752887,0
"CTCACATTTACTAAAT-1","BCSA2TumB1",2483,1607,"tumor",1,4.87313733387032,10.9544905356424,0.0402738622633911
"CTCACTGTGATACTTA-1","BCSA2TumB1",3400,1907,"tumor",5,3.02941176470588,12.2647058823529,0
"CTCAGAGCTAATGTCG-1","BCSA2TumB1",2450,1503,"tumor",1,6.97959183673469,10.8163265306122,0
"CTCAGTCACGACAAAT-1","BCSA2TumB1",2214,1390,"tumor",4,4.38121047877146,8.49141824751581,0
"CTCATCACTTAGTGAT-1","BCSA2TumB1",1304,894,"tumor",6,2.53067484662577,13.1901840490798,0
"CTCATTAACGTTGCCC-1","BCSA2TumB1",3269,1822,"tumor",6,2.53900275313552,15.3869684918935,0.0305903946160906
"CTCATTGCTCTAACAA-1","BCSA2TumB1",6176,2860,"tumor",2,3.8860103626943,16.1593264248705,0
"CTCCCAATGAGTCGCG-1","BCSA2TumB1",3030,1661,"tumor",1,7.82178217821782,14.5544554455446,0
"CTCCGCCCACATGAGG-1","BCSA2TumB1",3835,2090,"tumor",3,2.89439374185137,15.019556714472,0
"CTCCTCCAGCTCACAC-1","BCSA2TumB1",2898,1719,"tumor",1,3.86473429951691,13.2505175983437,0.0690131124913734
"CTCCTGTTCAAGGCAG-1","BCSA2TumB1",2034,1324,"tumor",1,5.35889872173058,11.6027531956736,0
"CTCGCATTGCATAGCC-1","BCSA2TumB1",3566,1711,"tumor",4,5.44026920919798,14.1334828939989,0.0280426247896803
"CTCGCCGAATGTAGGG-1","BCSA2TumB1",4214,2241,"tumor",2,3.01376364499288,14.2382534409112,0
"CTCGCTAGGTAAGCGA-1","BCSA2TumB1",1626,989,"tumor",1,17.4661746617466,12.30012300123,0
"CTCGGGATAACACCTA-1","BCSA2TumB1",3399,1904,"tumor",6,3.44218887908208,15.5045601647543,0
"CTCGGGTTCTCTGGCC-1","BCSA2TumB1",4960,2616,"tumor",2,2.90322580645161,12.7822580645161,0
"CTCGGTACCACTGCTC-1","BCSA2TumB1",3064,1787,"tumor",6,3.39425587467363,12.9895561357702,0
"CTCGGTTGTCGGCCCT-1","BCSA2TumB1",2807,1736,"tumor",1,5.02315639472747,11.2219451371571,0.0356252226576416
"CTCGTCTGTGCCTTCG-1","BCSA2TumB1",3862,2048,"tumor",2,9.99482133609529,12.6618332470223,0
"CTCGTGGCACTGAAAG-1","BCSA2TumB1",1041,767,"tumor",4,5.18731988472623,9.79827089337176,0
"CTCGTTACGGCTACCA-1","BCSA2TumB1",2478,1443,"tumor",1,5.36723163841808,13.5593220338983,0
"CTCTAATGCATTGATC-1","BCSA2TumB1",937,660,"tumor",4,3.73532550693703,11.846318036286,0
"CTCTACATCCTGCGTG-1","BCSA2TumB1",2139,1164,"tumor",4,2.945301542777,7.52688172043011,0.0467508181393174
"CTCTAGCCCTCGGAAA-1","BCSA2TumB1",7113,3230,"tumor",2,4.31604105159567,14.2555883593421,0
"CTCTATTTGGCTGCAG-1","BCSA2TumB1",3123,1867,"tumor",1,2.94588536663465,12.4879923150817,0
"CTCTGGACGCCTGGTG-1","BCSA2TumB1",871,638,"tumor",4,4.24799081515499,12.1699196326062,0
"CTCTTCTATTGACTGG-1","BCSA2TumB1",4420,2326,"tumor",3,3.39366515837104,15.6334841628959,0.0678733031674208
"CTCTTCTGGAAGTTAG-1","BCSA2TumB1",5409,2698,"tumor",2,3.25383619892771,15.1044555370679,0
"CTCTTGTCCCGCTTGG-1","BCSA2TumB1",1503,1017,"tumor",1,5.45575515635396,15.0365934797073,0
"CTGAATCCGAGACCTC-1","BCSA2TumB1",3691,2072,"tumor",5,2.98022216201571,13.1942562991059,0
"CTGACATAGAAATAGA-1","BCSA2TumB1",2930,1687,"tumor",4,7.37201365187713,11.2627986348123,0
"CTGACTGCGCAGCTCG-1","BCSA2TumB1",2379,1561,"tumor",5,1.76544766708701,10.718789407314,0
"CTGAGAAAGTTCGGCG-1","BCSA2TumB1",3046,1754,"tumor",1,4.69468154957321,13.9855548260013,0
"CTGAGCGAGACTTATT-1","BCSA2TumB1",3088,1756,"tumor",6,3.95077720207254,14.4753886010363,0
"CTGCAAGCACGTTCCG-1","BCSA2TumB1",3253,1824,"tumor",1,7.80817706732247,13.5259760221334,0
"CTGCACAACTACATAT-1","BCSA2TumB1",3346,1912,"tumor",2,2.60011954572624,13.3592349073521,0
"CTGCACCTAGTCCACA-1","BCSA2TumB1",2085,1323,"tumor",6,2.87769784172662,14.2446043165468,0
"CTGCACTCCAGTACAG-1","BCSA2TumB1",2572,1614,"tumor",2,2.68273716951788,12.2861586314152,0.0388802488335925
"CTGCAGAGAATCAGAG-1","BCSA2TumB1",1967,1311,"tumor",1,4.77885104219624,13.0147432638536,0
"CTGCCATGCATCACAT-1","BCSA2TumB1",3552,2049,"tumor",3,1.94256756756757,12.7533783783784,0
"CTGCCTCATATGCAAC-1","BCSA2TumB1",2686,1622,"tumor",6,2.27103499627699,15.0037230081906,0.0372300819061802
"CTGCCTTTAATACCTT-1","BCSA2TumB1",8981,3654,"tumor",3,3.6187506959136,15.1319452176818,0.0556730876294399
"CTGCCTTTCTAGTAAA-1","BCSA2TumB1",7844,3402,"tumor",3,3.51861295257522,16.0632330443651,0
"CTGCGACCTCGCCGAA-1","BCSA2TumB1",1788,1162,"tumor",1,9.95525727069351,11.2975391498881,0
"CTGCGATTTCGAGATT-1","BCSA2TumB1",5090,2565,"tumor",2,4.3811394891945,13.2809430255403,0
"CTGCTCTGACGGCAAA-1","BCSA2TumB1",1709,871,"tumor",4,1.57987126974839,6.55354008191925,0
"CTGCTGAGGCCACGAA-1","BCSA2TumB1",4919,2431,"tumor",3,2.48017889815003,16.9953242528969,0.020329335230738
"CTGCTGTCTAACGAGC-1","BCSA2TumB1",1851,1132,"tumor",4,2.64721772015127,10.8049702863317,0
"CTGCTTGGCGATAGCT-1","BCSA2TumB1",3916,2218,"tumor",2,2.6046986721144,12.2829417773238,0
"CTGGAAGACACGGTGG-1","BCSA2TumB1",2813,1658,"tumor",1,6.50551013153217,12.7977248489157,0
"CTGGATTTACACTTGA-1","BCSA2TumB1",2861,1753,"tumor",6,3.18070604683677,12.1286263544215,0
"CTGGCGCACAGGTCTG-1","BCSA2TumB1",7371,3200,"tumor",3,1.85863519196853,15.8323158323158,0.0271333604666938
"CTGGCTGATTCATCCT-1","BCSA2TumB1",4310,2257,"tumor",3,2.73781902552204,16.0324825986079,0.0696055684454756
"CTGGCTGGTTGTCAGT-1","BCSA2TumB1",1887,1232,"tumor",1,4.50450450450451,12.4006359300477,0
"CTGGGATAAATAATGG-1","BCSA2TumB1",2767,1670,"tumor",4,3.25262016624503,11.3480303577882,0
"CTGGGATACGCTACCC-1","BCSA2TumB1",1130,821,"tumor",6,1.76991150442478,11.5929203539823,0.0884955752212389
"CTGGGCCTGCTATATC-1","BCSA2TumB1",5913,2725,"tumor",5,5.29342127515644,16.2692372738035,0
"CTGGGTAGGCAGTTAA-1","BCSA2TumB1",5811,2810,"tumor",3,2.73618998451213,16.6580622956462,0.0172087420409568
"CTGGTAAAGACTTACA-1","BCSA2TumB1",991,657,"tumor",7,19.0716448032291,8.87991927346115,0
"CTGGTAAAGTGTGGGC-1","BCSA2TumB1",1778,1137,"tumor",4,6.91788526434196,11.6422947131609,0
"CTGGTAACACATAGAA-1","BCSA2TumB1",7814,3294,"tumor",3,3.10980291783977,15.8561556181213,0
"CTGGTAACGAGCTCTT-1","BCSA2TumB1",4412,2305,"tumor",3,2.51586582048957,12.3526745240254,0
"CTGGTGAATGGGCCTA-1","BCSA2TumB1",3986,2038,"tumor",4,2.68439538384345,10.5117912694431,0
"CTGGTTCGCGAGCTAC-1","BCSA2TumB1",1039,763,"tumor",6,3.36862367661213,13.2820019249278,0
"CTGGTTTCGAGCAAGA-1","BCSA2TumB1",4388,2295,"tumor",2,3.57793983591614,13.6280765724704,0.0227894257064722
"CTGTACTTCTTAGCAT-1","BCSA2TumB1",1558,991,"tumor",4,4.74967907573813,13.3504492939666,0.0641848523748395
"CTGTAGCCATCTCACT-1","BCSA2TumB1",1016,730,"tumor",7,5.70866141732284,13.5826771653543,0
"CTGTAGTGAGGATCGA-1","BCSA2TumB1",1239,943,"tumor",1,3.38983050847458,9.68523002421307,0
"CTGTCAAATGGCTCGG-1","BCSA2TumB1",1237,923,"tumor",4,4.44624090541633,9.94341147938561,0.0808407437348424
"CTGTGCAGGGTAGGTC-1","BCSA2TumB1",3978,2214,"tumor",5,2.99145299145299,12.4183006535948,0
"CTGTGGTCGGGAGATA-1","BCSA2TumB1",10948,4073,"tumor",3,3.02338326635002,16.7245158933138,0.0182681768359518
"CTGTTACCCAATCTAG-1","BCSA2TumB1",3425,2033,"tumor",5,3.00729927007299,13.051094890511,0
"CTGTTGTTCAGTCGTA-1","BCSA2TumB1",1096,791,"tumor",7,7.66423357664234,10.036496350365,0
"CTTAATCGACTTAGTA-1","BCSA2TumB1",1282,916,"tumor",4,6.08424336973479,8.73634945397816,0
"CTTACACGGTATTCCA-1","BCSA2TumB1",918,678,"tumor",4,1.96078431372549,13.6165577342048,0
"CTTACATAGATTTCTT-1","BCSA2TumB1",2337,1316,"tumor",4,3.72272143774069,6.71801454856654,0
"CTTAGATGTTTCATCC-1","BCSA2TumB1",1164,846,"tumor",4,6.78694158075601,10.3951890034364,0.0859106529209622
"CTTAGGTATAGACCAG-1","BCSA2TumB1",839,635,"tumor",7,4.76758045292014,10.1311084624553,0
"CTTAGGTCCCAATCGT-1","BCSA2TumB1",2191,1369,"tumor",6,6.11592879963487,12.2774988589685,0.0456412596987677
"CTTAGTAGGCCTACAG-1","BCSA2TumB1",4725,2466,"tumor",5,2.87830687830688,12.2328042328042,0.0211640211640212
"CTTAGTGTAGTAGCAT-1","BCSA2TumB1",2779,1581,"tumor",1,4.28211586901763,12.2706009355883,0
"CTTAGTTGAGGAATCG-1","BCSA2TumB1",2972,1807,"tumor",1,5.24899057873486,11.2718707940781,0.0336473755047106
"CTTATAGATGGCTGTT-1","BCSA2TumB1",1387,783,"tumor",4,1.87454938716655,7.06560922855083,0
"CTTCAACTCCACTTGG-1","BCSA2TumB1",2583,1550,"tumor",1,5.96205962059621,13.627564847077,0.0387146728610143
"CTTCATTGTCAGTGGA-1","BCSA2TumB1",8445,3711,"tumor",5,1.77619893428064,11.166370633511,0
"CTTCCGCTCCGTGAAG-1","BCSA2TumB1",4120,2156,"tumor",3,2.83980582524272,13.5679611650485,0
"CTTCGATTGCGCAAGC-1","BCSA2TumB1",3163,1807,"tumor",1,7.61934871957003,14.2269996838445,0
"CTTCGGCCAATTGTTT-1","BCSA2TumB1",1537,1105,"tumor",1,1.69160702667534,13.5328562134027,0
"CTTCGTAGATAGGTGA-1","BCSA2TumB1",4019,2214,"tumor",5,4.82707141079871,11.3958696193083,0
"CTTCTATTAATGCTAG-1","BCSA2TumB1",2205,1335,"tumor",1,2.22222222222222,10.1587301587302,0.0453514739229025
"CTTCTGGGCGTACCTA-1","BCSA2TumB1",3060,1748,"tumor",5,3.00653594771242,14.9673202614379,0
"CTTGAGTTAGGGTAAT-1","BCSA2TumB1",6406,3014,"tumor",3,2.34155479238214,14.7830159225726,0
"CTTGATGACCATCCAG-1","BCSA2TumB1",1400,884,"tumor",1,14.0714285714286,12.2142857142857,0.0714285714285714
"CTTGCCCACCCACGCA-1","BCSA2TumB1",2553,1527,"tumor",6,5.52291421856639,13.8268703486095,0.0391696043869957
"CTTGCCCAGGCTCTAC-1","BCSA2TumB1",3629,2043,"tumor",5,3.1413612565445,11.8765500137779,0
"CTTGGCCAAGCTGGGA-1","BCSA2TumB1",1695,1159,"tumor",4,2.53687315634218,9.85250737463127,0
"CTTGTCAACATTCGAG-1","BCSA2TumB1",2373,1534,"tumor",1,2.52844500632111,13.3164770332912,0
"CTTGTTGCTGAGTCAA-1","BCSA2TumB1",5694,2743,"tumor",5,4.82964524060415,14.172813487882,0
"CTTTAATATTGGTCGA-1","BCSA2TumB1",5285,2780,"tumor",3,1.64616840113529,12.3368022705771,0
"CTTTACCGAATAGTAG-1","BCSA2TumB1",5310,2687,"tumor",3,3.10734463276836,13.1638418079096,0
"CTTTAGGAACACTGTT-1","BCSA2TumB1",5456,2618,"tumor",3,3.2624633431085,15.6524926686217,0
"CTTTAGTGCTATTATT-1","BCSA2TumB1",4788,2544,"tumor",3,2.2765246449457,13.7218045112782,0.0208855472013367
"CTTTCTGTGCGGGCTT-1","BCSA2TumB1",1169,741,"tumor",7,2.22412318220701,8.38323353293413,0.0855431993156544
"CTTTGCATCGCTCTTG-1","BCSA2TumB1",4003,2163,"tumor",2,3.82213339995004,12.9402947789158,0.024981264051961
"CTTTGCTGTCATGGAT-1","BCSA2TumB1",4053,2130,"tumor",6,3.94769306686405,14.853195164076,0
"CTTTGGCTTTAGTAAA-1","BCSA2TumB1",16235,5156,"tumor",3,4.49029873729597,12.9534955343394,0.00615953187557746
"CTTTGGGATTGTTGCA-1","BCSA2TumB1",3530,1988,"tumor",5,5.21246458923513,13.6543909348442,0
"GAAACAGATGACCACC-1","BCSA2TumB1",3165,1781,"tumor",5,3.63349131121643,13.4597156398104,0
"GAAACCATGGTGCGCT-1","BCSA2TumB1",5112,2637,"tumor",5,3.87323943661972,9.91784037558685,0
"GAAACCGAATTACCTT-1","BCSA2TumB1",9399,3861,"tumor",3,2.40451111820406,13.5971911905522,0
"GAAACCTATACAAATG-1","BCSA2TumB1",2766,1752,"tumor",2,3.00072306579899,11.2075198843095,0
"GAAAGAACAGCGTTAT-1","BCSA2TumB1",2718,1666,"tumor",6,1.87637969094923,11.4790286975717,0
"GAAAGCAGTGCACTTT-1","BCSA2TumB1",3379,1974,"tumor",2,3.13702278780704,12.2817401598106,0
"GAAATTGTCTCTATAA-1","BCSA2TumB1",8821,3704,"tumor",3,2.63008729169028,12.8556852964517,0.0226731663076749
"GAACAACTGGGATGAA-1","BCSA2TumB1",1615,1115,"tumor",1,4.39628482972136,12.2600619195046,0
"GAACAGATTACTAAAT-1","BCSA2TumB1",5595,2733,"tumor",2,3.94995531724754,14.1197497765862,0.0178731009830206
"GAACCCTCTGTGTTCT-1","BCSA2TumB1",1882,1233,"tumor",1,3.13496280552604,13.1243358129649,0
"GAACCTTTAACGATCC-1","BCSA2TumB1",8018,3364,"tumor",2,4.71439261661262,15.4652032925917,0
"GAACGATAAGTTAAAG-1","BCSA2TumB1",3478,1982,"tumor",3,3.1627372052904,13.6860264519839,0.0287521564117309
"GAACGCGGGTCACACG-1","BCSA2TumB1",6256,3036,"tumor",2,2.68542199488491,14.0185421994885,0.0159846547314578
"GAACGTCTCATGGTCG-1","BCSA2TumB1",1591,1048,"tumor",4,3.70835952231301,11.9421747328724,0
"GAACTGTGGAGAGACA-1","BCSA2TumB1",2093,1350,"tumor",1,5.68561872909699,11.2756808408982,0
"GAACTTGTGCACGGGA-1","BCSA2TumB1",1409,938,"tumor",4,3.19375443577005,11.639460610362,0
"GAAGAAACGATATTGT-1","BCSA2TumB1",9755,3973,"tumor",2,3.70066632496156,12.6499231163506,0.0102511532547412
"GAAGCCACTGATTATG-1","BCSA2TumB1",5439,2770,"tumor",2,3.62198933627505,11.0314396028682,0
"GAAGCCTGCACATTCC-1","BCSA2TumB1",5892,2847,"tumor",2,4.07331975560081,14.2396469789545,0
"GAAGCGTGAGGAATTT-1","BCSA2TumB1",4490,2060,"tumor",4,2.62806236080178,8.9086859688196,0.267260579064588
"GAAGGAGTCGAGTGCG-1","BCSA2TumB1",1515,1062,"tumor",1,6.53465346534654,10.0990099009901,0
"GAAGGCTACCATTGTT-1","BCSA2TumB1",3360,1838,"tumor",4,2.14285714285714,11.9047619047619,0
"GAAGGGTCATTAAGAC-1","BCSA2TumB1",1481,1040,"tumor",4,5.60432140445645,9.85820391627279,0
"GAAGTCAGTTGCACTA-1","BCSA2TumB1",2245,1415,"tumor",1,6.23608017817372,13.0957683741648,0
"GAAGTCTCCCTAGCGA-1","BCSA2TumB1",2880,1714,"tumor",5,4.93055555555556,12.5,0
"GAAGTGATTTATCGTG-1","BCSA2TumB1",4795,2509,"tumor",5,5.38060479666319,11.762252346194,0
"GAAGTTTCCACTCAAT-1","BCSA2TumB1",4423,2284,"tumor",5,8.70449920868189,11.9602080036175,0
"GAATAGACGCGACCCA-1","BCSA2TumB1",7838,3359,"tumor",3,5.66471038530237,14.6338351620311,0.025516713447308
"GAATAGCATTTAGGGT-1","BCSA2TumB1",2771,1677,"tumor",6,2.88704438830747,13.8578130638759,0.0360880548538434
"GAATAGTGCTCGATTA-1","BCSA2TumB1",12053,4389,"tumor",3,4.78718991122542,14.9838214552394,0.00829668962084129
"GAATCTGAACATTCTC-1","BCSA2TumB1",4545,2430,"tumor",3,2.86028602860286,13.3773377337734,0
"GAATGCGAATCGGTTC-1","BCSA2TumB1",2970,1802,"tumor",1,5.15151515151515,10.8754208754209,0.0673400673400673
"GAATGTGGTCCGGATT-1","BCSA2TumB1",4040,2184,"tumor",2,3.68811881188119,15.519801980198,0.0495049504950495
"GAATTATAGTGAAAGG-1","BCSA2TumB1",8621,3716,"tumor",3,5.5446003943858,10.4164250086997,0.0231991648300661
"GAATTCACCCGGGTGT-1","BCSA2TumB1",4087,2272,"tumor",3,2.42231465622706,12.6009297773428,0
"GACAAACATATGCAGG-1","BCSA2TumB1",6600,2991,"tumor",2,3.22727272727273,14.8939393939394,0.0151515151515152
"GACAAGAGATGAGATT-1","BCSA2TumB1",5822,2775,"tumor",2,8.77705255925799,13.2428718653384,0
"GACACTGAGTTCAGTG-1","BCSA2TumB1",1568,1032,"tumor",4,3.44387755102041,11.9260204081633,0
"GACACTGGAACCCGAT-1","BCSA2TumB1",1900,1212,"tumor",1,7.26315789473684,12.8947368421053,0
"GACACTTCCAATTACC-1","BCSA2TumB1",1518,1010,"tumor",1,12.4505928853755,11.33069828722,0
"GACAGCCAGACCTGAC-1","BCSA2TumB1",3916,2095,"tumor",5,5.18386108273749,13.7385086823289,0
"GACATCCGTCGAACTG-1","BCSA2TumB1",3245,1889,"tumor",1,4.77657935285054,11.7411402157165,0
"GACATCGATTTATAAC-1","BCSA2TumB1",3450,2037,"tumor",2,2.98550724637681,11.4492753623188,0.0869565217391304
"GACCAAACGTTGACTG-1","BCSA2TumB1",8381,3573,"tumor",2,4.78463190550054,14.6402577258084,0.0119317503877819
"GACCACACTTCCCTTT-1","BCSA2TumB1",3855,2049,"tumor",5,9.80544747081712,13.4630350194553,0
"GACCAGAGCCCTGTAG-1","BCSA2TumB1",829,650,"tumor",4,3.37756332931243,8.92641737032569,0.120627261761158
"GACCGACGTGAAAGCA-1","BCSA2TumB1",3736,2010,"tumor",2,3.69379014989293,14.6680942184154,0.0535331905781585
"GACCGCGTCTGACGTG-1","BCSA2TumB1",4218,2313,"tumor",2,3.31910858226648,14.0825035561878,0.0237079184447606
"GACCGTGCTGACGGTG-1","BCSA2TumB1",1846,1109,"tumor",4,5.2546045503792,10.1300108342362,0
"GACCTTCCACGTCTAC-1","BCSA2TumB1",5544,2722,"tumor",3,4.45526695526696,14.4660894660895,0
"GACGACGATCCGCGTT-1","BCSA2TumB1",5580,2793,"tumor",3,2.11469534050179,12.4014336917563,0
"GACGAGGCTAATAAAC-1","BCSA2TumB1",4457,2360,"tumor",2,6.8207314336998,13.4170967018174,0.022436616558223
"GACGCCGTAAAGGCTA-1","BCSA2TumB1",1996,1338,"tumor",1,2.65531062124249,11.9238476953908,0
"GACGCTTGCTTCTAAA-1","BCSA2TumB1",11686,4095,"tumor",3,4.3214102344686,17.5680301215129,0
"GACGGGTTGGCCCGTA-1","BCSA2TumB1",3230,1934,"tumor",2,3.06501547987616,11.7647058823529,0
"GACGGTCAATAGAAGC-1","BCSA2TumB1",1525,967,"tumor",4,1.18032786885246,9.50819672131147,0.0655737704918033
"GACGGTCCTAGGGTGT-1","BCSA2TumB1",1559,1071,"tumor",6,2.11674150096216,13.7908915971777,0
"GACGTTCGTAAATACA-1","BCSA2TumB1",4645,2389,"tumor",5,5.01614639397201,13.4983853606028,0.0430570505920344
"GACTAGGCCGTTAGGT-1","BCSA2TumB1",3935,2081,"tumor",2,6.70902160101652,14.9682337992376,0
"GACTCACCCACGTGAG-1","BCSA2TumB1",2780,1697,"tumor",1,2.69784172661871,12.3021582733813,0.0359712230215827
"GACTCCCAGAATAAGG-1","BCSA2TumB1",1550,1019,"tumor",4,5.29032258064516,12.1935483870968,0
"GACTCTAGAGTTCCAA-1","BCSA2TumB1",3015,1779,"tumor",1,5.70480928689884,13.0348258706468,0
"GACTGCAAATCGAGCT-1","BCSA2TumB1",4502,2392,"tumor",2,3.33185250999556,13.3051976899156,0
"GACTGCACCAGCCCAG-1","BCSA2TumB1",4360,2240,"tumor",2,4.12844036697248,14.243119266055,0
"GACTGCTGGTGAGAAA-1","BCSA2TumB1",1903,1229,"tumor",4,5.25486074619023,11.4555964266947,0.0525486074619023
"GAGAACGGTTCTGACT-1","BCSA2TumB1",1341,942,"tumor",1,8.7248322147651,10.2162565249814,0
"GAGACTTCGCGACCGA-1","BCSA2TumB1",2503,1495,"tumor",1,6.59208949260887,12.86456252497,0
"GAGAGGGCGCGAGGTT-1","BCSA2TumB1",4638,2345,"tumor",5,6.68391548081069,12.5916343251401,0
"GAGAGTCTCGGGAGAG-1","BCSA2TumB1",2672,1690,"tumor",5,5.42664670658683,11.8637724550898,0
"GAGATCTGCTTGGCAT-1","BCSA2TumB1",12635,4514,"tumor",3,3.94934705184013,14.2144835773645,0
"GAGATCTTCCATGACA-1","BCSA2TumB1",5295,2644,"tumor",2,3.5505193578848,15.2596789423985,0.0188857412653447
"GAGATGACAATCCTTA-1","BCSA2TumB1",3835,2061,"tumor",6,2.89439374185137,13.8461538461538,0.0260756192959583
"GAGATGGCTTTAATCA-1","BCSA2TumB1",8779,3679,"tumor",3,4.49937350495501,14.7852830618521,0
"GAGATGGGAGTCGACA-1","BCSA2TumB1",1515,1017,"tumor",4,2.97029702970297,10.8250825082508,0
"GAGCACCTGTGTCCAG-1","BCSA2TumB1",4661,2371,"tumor",2,4.01201458914396,13.7095043981978,0.0429092469427162
"GAGCACGGCGCCTCTT-1","BCSA2TumB1",1115,788,"tumor",6,3.1390134529148,12.914798206278,0
"GAGCATCAACAACTTG-1","BCSA2TumB1",7942,3431,"tumor",3,3.85293376983128,13.938554520272,0
"GAGCCAGCTACCTGTG-1","BCSA2TumB1",5327,2615,"tumor",2,5.89449971841562,14.1543082410362,0
"GAGCGCAAATACTCCG-1","BCSA2TumB1",3386,1975,"tumor",2,2.45126993502658,13.349084465446,0
"GAGCGCGCACGAGTAG-1","BCSA2TumB1",3788,2078,"tumor",1,5.9662090813094,13.3579725448786,0
"GAGCGGAATGCGGTGT-1","BCSA2TumB1",5677,2720,"tumor",2,5.98907873877048,15.4130702836005,0
"GAGCTCAACATGAGCG-1","BCSA2TumB1",1950,1170,"tumor",4,4.46153846153846,7.74358974358974,0
"GAGGAATATCTCTTTG-1","BCSA2TumB1",2416,1541,"tumor",4,3.14569536423841,8.9817880794702,0
"GAGGATAAACAGTGCT-1","BCSA2TumB1",2589,1660,"tumor",6,2.31749710312862,12.1282348397065,0.0386249517188104
"GAGGCCTGTTGATACA-1","BCSA2TumB1",3354,1856,"tumor",1,9.80918306499702,12.0751341681574,0
"GAGGGAGTCAGATCGC-1","BCSA2TumB1",2021,1302,"tumor",1,5.34388916378031,12.1721919841663,0
"GAGGGCCATAATATTA-1","BCSA2TumB1",2184,1400,"tumor",4,5.12820512820513,12.2252747252747,0.0457875457875458
"GAGGGTAGTAACAAAG-1","BCSA2TumB1",10507,4103,"tumor",3,5.89131055486818,13.2863805082326,0.00951746454744456
"GAGGTACGCGTGTCCC-1","BCSA2TumB1",5524,2733,"tumor",2,3.07748008689356,13.5228095582911,0.0181028240405503
"GAGTAAACCGGAAAGT-1","BCSA2TumB1",4085,2248,"tumor",2,4.25948592411261,12.5581395348837,0.0244798041615667
"GAGTAGATACTAGTTG-1","BCSA2TumB1",3505,2006,"tumor",1,3.45221112696148,13.4094151212554,0.0285306704707561
"GAGTATACCCTAATCA-1","BCSA2TumB1",3308,1902,"tumor",2,6.4087061668682,13.4220072551391,0.030229746070133
"GAGTATCAAAGTTACA-1","BCSA2TumB1",4300,2239,"tumor",5,8.16279069767442,12.3720930232558,0
"GAGTATGCCCGCCTTG-1","BCSA2TumB1",3255,1846,"tumor",4,4.42396313364055,12.3502304147465,0
"GAGTATGCGCGTGCAT-1","BCSA2TumB1",2012,1333,"tumor",1,4.82107355864811,12.5745526838966,0
"GAGTCAGACCAGAATC-1","BCSA2TumB1",1968,1240,"tumor",1,5.79268292682927,12.2459349593496,0
"GAGTCCGCTTACCGGA-1","BCSA2TumB1",5276,2639,"tumor",3,2.95678544351782,13.7414708112206,0.0379075056861259
"GAGTGCACGGACAACA-1","BCSA2TumB1",5759,2618,"tumor",3,4.32366730335128,16.1486369161313,0
"GAGTGTCAACCAGAAA-1","BCSA2TumB1",4667,2472,"tumor",2,6.66380972787658,10.9920719948575,0.0214270409256482
"GAGTGTGCGGTACCCA-1","BCSA2TumB1",5132,2597,"tumor",2,3.4489477786438,14.3413873733437,0.038971161340608
"GATAACTCGCACTGTG-1","BCSA2TumB1",5900,2734,"tumor",3,3.11864406779661,16.0508474576271,0.0169491525423729
"GATACCGTGTCGGAGT-1","BCSA2TumB1",1949,1258,"tumor",4,3.33504361210877,12.8783991790662,0
"GATACGATGGGAGTCA-1","BCSA2TumB1",2978,1830,"tumor",5,2.61920752182673,11.9879113498993,0
"GATAGAACCCGCTAGG-1","BCSA2TumB1",1090,795,"tumor",1,4.86238532110092,11.651376146789,0
"GATAGGATTAATTACA-1","BCSA2TumB1",2795,1663,"tumor",6,3.82826475849732,12.128801431127,0.107334525939177
"GATAGGTAACGTTGAC-1","BCSA2TumB1",4011,2186,"tumor",5,3.16629269508851,13.7122911992022,0.024931438544004
"GATAGGTGTCCCGGGC-1","BCSA2TumB1",2905,1736,"tumor",6,2.44406196213425,12.9432013769363,0
"GATAGTGCGAGTAAGT-1","BCSA2TumB1",3741,2026,"tumor",1,3.76904570970329,13.0981021117348,0.0267308206361935
"GATATGAGACACTAAC-1","BCSA2TumB1",5488,2699,"tumor",3,3.7536443148688,14.814139941691,0.0364431486880466
"GATATTGAGATTGGCG-1","BCSA2TumB1",3775,2101,"tumor",5,2.33112582781457,13.9337748344371,0.0264900662251656
"GATCAACATAAAGGGA-1","BCSA2TumB1",9113,3773,"tumor",3,3.99429386590585,15.4285087238012,0.0109733347964446
"GATCATTCCAAACATT-1","BCSA2TumB1",728,579,"tumor",7,5.21978021978022,9.89010989010989,0.137362637362637
"GATCCGAATATAAGTG-1","BCSA2TumB1",4757,2406,"tumor",3,3.42652932520496,14.3788101744797,0
"GATCCGGGAATTAACA-1","BCSA2TumB1",6283,2974,"tumor",3,2.84895750437689,13.4012414451695,0.0159159637116027
"GATCCTAAATCGGGAC-1","BCSA2TumB1",1703,1160,"tumor",4,3.75807398708162,9.51262477980035,0
"GATCCTCGACACTGGC-1","BCSA2TumB1",5908,2800,"tumor",3,2.7758970886933,15.3689911983751,0.016926201760325
"GATCGCGGGCTCTCCA-1","BCSA2TumB1",1902,1237,"tumor",4,5.88853838065195,9.35856992639327,0
"GATCGCTACCCGATTT-1","BCSA2TumB1",5782,2871,"tumor",3,2.76720857834659,14.3203043929436,0
"GATCGCTATATCTCAG-1","BCSA2TumB1",2009,1302,"tumor",1,4.13140866102539,13.9870582379293,0.0497760079641613
"GATCGTGACTGATATC-1","BCSA2TumB1",4583,2351,"tumor",5,3.07658738817369,12.0881518655902,0
"GATCTCGACGCTGTGG-1","BCSA2TumB1",1672,1080,"tumor",4,3.40909090909091,10.8253588516746,0
"GATCTGCTATCTAAGG-1","BCSA2TumB1",5034,2527,"tumor",5,4.11203814064362,13.3094954310687,0.0198649185538339
"GATCTTGGAGGGCATA-1","BCSA2TumB1",5801,2794,"tumor",3,1.58593345974832,16.2558179624203,0.0172384071711774
"GATCTTTGCAGGGTAT-1","BCSA2TumB1",7624,3380,"tumor",5,3.51521511017838,14.6511017838405,0.0655823714585519
"GATGACAAGTAGGGCA-1","BCSA2TumB1",4807,2423,"tumor",2,3.84855419180362,15.1237778240067,0.0208029956313709
"GATGAGGAACCTTCGG-1","BCSA2TumB1",2880,1729,"tumor",1,5.34722222222222,12.3611111111111,0
"GATGCCTTCTGCGGCA-1","BCSA2TumB1",2692,1463,"tumor",4,5.68350668647846,9.80683506686479,0
"GATGCGTCCTGCATTC-1","BCSA2TumB1",4474,1762,"tumor",4,2.9950827000447,7.80062583817613,0.0894054537326777
"GATGCTACCTTCGATG-1","BCSA2TumB1",4269,2235,"tumor",2,5.20028109627547,13.6565940501288,0
"GATGCTGTATTTCATC-1","BCSA2TumB1",2517,1575,"tumor",5,2.70162892332141,12.8327373857767,0.0794596742153357
"GATGTCCGGATCACAT-1","BCSA2TumB1",1921,1261,"tumor",4,3.80010411244144,9.16189484643415,0
"GATGTTCAATCCACGA-1","BCSA2TumB1",4908,2411,"tumor",5,5.84759576202119,14.1809290953545,0.0814995925020375
"GATTAACCGAAAGCCC-1","BCSA2TumB1",12412,4678,"tumor",2,3.77054463422494,13.1969062197873,0.0161134386077989
"GATTACTGAATTTGGG-1","BCSA2TumB1",7792,3334,"tumor",3,4.59445585215606,12.8593429158111,0.0128336755646817
"GATTCGACGGTTCACG-1","BCSA2TumB1",2050,1348,"tumor",1,2.4390243902439,12.7317073170732,0.0975609756097561
"GATTCTGTTAATGAGT-1","BCSA2TumB1",5104,2669,"tumor",5,6.77899686520376,11.6575235109718,0
"GATTGCTCCAGTTGCA-1","BCSA2TumB1",8469,3653,"tumor",2,3.88475616955957,13.2719329318692,0
"GATTGGGAAAGGTTGT-1","BCSA2TumB1",3009,1726,"tumor",1,5.84911930874045,14.0245928880027,0.0332336324360253
"GATTTAGTGCGTACTG-1","BCSA2TumB1",2520,1576,"tumor",5,2.18253968253968,14.7619047619048,0
"GATTTGCGCTAACACC-1","BCSA2TumB1",705,562,"tumor",7,9.21985815602837,7.94326241134752,0
"GCAAACCCTACATTAT-1","BCSA2TumB1",5251,2623,"tumor",2,4.70386593029899,14.6638735478956,0.0190439916206437
"GCAAACCTTGGCCATA-1","BCSA2TumB1",4033,2307,"tumor",2,4.48797421274486,11.3315150012398,0
"GCAAACGTCGCCAGGT-1","BCSA2TumB1",3521,1943,"tumor",2,4.91337688156774,15.9329735870491,0
"GCAAAGGGCGTTAGCC-1","BCSA2TumB1",4231,2227,"tumor",5,7.20869770739778,10.4230678326637,0
"GCAAATATTACGCTTT-1","BCSA2TumB1",9146,3901,"tumor",3,3.93614694948611,12.7050076536191,0.0109337415263503
"GCAACAGCAGTATGCG-1","BCSA2TumB1",6851,3041,"tumor",2,6.74354108889213,14.7861626039994,0
"GCAACGGCTAGTTATG-1","BCSA2TumB1",1205,888,"tumor",1,2.82157676348548,11.0373443983403,0
"GCAAGAATTCCTTGGC-1","BCSA2TumB1",4382,2283,"tumor",3,2.28206298493838,15.1757188498403,0
"GCAAGTGTAAAGCATG-1","BCSA2TumB1",4039,2131,"tumor",1,6.53627135429562,13.9143352314929,0.0247586036147561
"GCAATTAGTCGCACCG-1","BCSA2TumB1",2534,1527,"tumor",6,3.11760063141279,15.3512233622731,0.0394632991318074
"GCACAAACCCTAGATG-1","BCSA2TumB1",5598,2107,"tumor",4,2.39371204001429,6.50232225794927,0
"GCACAAACGAGGCGTG-1","BCSA2TumB1",5193,2558,"tumor",5,5.6422106682072,14.3654920084729,0
"GCACACACTGGTAGCC-1","BCSA2TumB1",12053,4271,"tumor",3,3.70032357089521,16.46892889737,0
"GCACACAGCTATTACC-1","BCSA2TumB1",1106,817,"tumor",7,7.05244122965642,8.95117540687161,0
"GCACAGCACGGGCCGA-1","BCSA2TumB1",3886,2101,"tumor",1,5.86721564590839,13.8960370560988,0.0257334019557386
"GCACGCCGATTCCCGC-1","BCSA2TumB1",2584,1534,"tumor",1,10.797213622291,11.3777089783282,0
"GCACGCCTACTTAGAT-1","BCSA2TumB1",4010,2257,"tumor",2,1.74563591022444,13.6658354114713,0.0498753117206983
"GCACGTGGTTTACTTA-1","BCSA2TumB1",1886,1246,"tumor",1,6.99893955461294,10.8165429480382,0
"GCACTGCCTACCTTTA-1","BCSA2TumB1",4832,2545,"tumor",2,3.82864238410596,13.1829470198676,0.0206953642384106
"GCAGAAGGTAATCTCC-1","BCSA2TumB1",3224,1835,"tumor",5,5.05583126550869,13.6476426799007,0.0930521091811414
"GCAGACCCAGCACGTA-1","BCSA2TumB1",1934,1314,"tumor",6,1.39607032057911,10.7549120992761,0
"GCAGATCCATAAGACT-1","BCSA2TumB1",4433,2451,"tumor",2,3.51906158357771,12.9934581547485,0.0225580870742161
"GCAGATTAGGGATATC-1","BCSA2TumB1",9200,3853,"tumor",3,2.02173913043478,13.7608695652174,0.0217391304347826
"GCAGCACACAGCCCAG-1","BCSA2TumB1",4771,2277,"tumor",5,11.1507021588765,13.665898134563,0
"GCAGCCTATATCACAT-1","BCSA2TumB1",3735,1996,"tumor",5,3.96251673360107,16.0374832663989,0
"GCAGCTGTCAACGCAT-1","BCSA2TumB1",5983,2831,"tumor",5,7.05331773357847,11.4825338458967,0.0334280461307037
"GCAGGAACTTAGATCT-1","BCSA2TumB1",2688,1527,"tumor",4,9.00297619047619,13.1696428571429,0
"GCAGGACTATAGAATA-1","BCSA2TumB1",5845,2962,"tumor",5,5.44054747647562,11.2745936698033,0
"GCAGTGCGGGCGGATG-1","BCSA2TumB1",1031,736,"tumor",7,8.34141610087294,12.1241513094083,0
"GCAGTGTGGCTATAGG-1","BCSA2TumB1",4618,2457,"tumor",5,3.68124729320052,14.1619748809008,0.021654395842356
"GCAGTTCGATCCGAGC-1","BCSA2TumB1",1057,773,"tumor",4,3.50047303689688,8.98770104068117,0
"GCATAGAGCACTCAGG-1","BCSA2TumB1",4607,2525,"tumor",2,2.19231604080747,11.395702192316,0
"GCATGAGGGACGCGGC-1","BCSA2TumB1",4260,2363,"tumor",5,4.97652582159624,10.0469483568075,0
"GCATGCTAATAACGAT-1","BCSA2TumB1",2087,1348,"tumor",1,7.85816962146622,11.3560134163872,0
"GCATTCAAGGCAACGC-1","BCSA2TumB1",3816,2090,"tumor",5,3.69496855345912,12.70964360587,0
"GCATTGTAATTCATAT-1","BCSA2TumB1",3713,1820,"tumor",4,3.07029356315648,7.02935631564772,0
"GCATTTCCAAGGCTCC-1","BCSA2TumB1",2704,1658,"tumor",6,2.5887573964497,13.3136094674556,0
"GCCAACCATTTCCGGA-1","BCSA2TumB1",5966,2932,"tumor",3,2.84948038887026,13.4260811263828,0.0335232986925914
"GCCAATAGGGCATCTC-1","BCSA2TumB1",4764,2510,"tumor",5,4.38706968933669,11.9857262804366,0.0209907640638119
"GCCACAATTTAAGGAC-1","BCSA2TumB1",4844,2457,"tumor",3,2.89017341040462,15.6688687035508,0.0206440957886045
"GCCACTCAGAGCGCGA-1","BCSA2TumB1",8764,3564,"tumor",3,6.54952076677316,15.2898219990872,0.0114103149246919
"GCCACTCCTTACGGTA-1","BCSA2TumB1",1069,782,"tumor",4,3.64826941066417,9.72871842843779,0
"GCCAGGAAAGAACACT-1","BCSA2TumB1",1329,886,"tumor",4,7.14823175319789,12.6410835214447,0
"GCCATCGAGCTGCGTG-1","BCSA2TumB1",1504,1081,"tumor",1,2.99202127659575,10.5053191489362,0
"GCCATCGATGCTGCAT-1","BCSA2TumB1",2922,1742,"tumor",6,3.18275154004107,12.1149897330596,0
"GCCCAGATGCTGGAGA-1","BCSA2TumB1",3046,1776,"tumor",6,2.16677609980302,14.6749835850295,0
"GCCCGATCTGTGGTCG-1","BCSA2TumB1",2773,1687,"tumor",2,4.03894698882077,13.6314460872701,0
"GCCCGCGCGTAAACGG-1","BCSA2TumB1",4565,2240,"tumor",4,2.76013143483023,9.74808324205915,0
"GCCCTGAGGATGGGCT-1","BCSA2TumB1",1049,725,"tumor",7,4.76644423260248,11.7254528122021,0
"GCCGAAATTCCTACGT-1","BCSA2TumB1",7046,3153,"tumor",5,6.57110417258019,13.0570536474596,0.0141924496168039
"GCCGACCCACGACTGC-1","BCSA2TumB1",11604,4288,"tumor",3,3.6366770079283,14.7621509824199,0
"GCCGATTGGCCAAGCT-1","BCSA2TumB1",4578,2364,"tumor",3,4.06290956749672,13.9799038881608,0.0218435998252512
"GCCGCACTCCGTTTCA-1","BCSA2TumB1",3604,2013,"tumor",5,3.85682574916759,15.1775804661487,0
"GCCGCTTGTGAGAAAC-1","BCSA2TumB1",12754,4498,"tumor",3,4.60247765406931,16.6300768386389,0
"GCCGGGTTAGGGTCGC-1","BCSA2TumB1",4214,2201,"tumor",5,4.5562411010916,11.4143331751305,0
"GCCGGTCGTATCTCTC-1","BCSA2TumB1",1167,864,"tumor",1,3.68466152527849,10.1113967437875,0.0856898029134533
"GCCGTCGGTTTCGGGC-1","BCSA2TumB1",4753,2375,"tumor",1,8.77340626972439,11.908268462024,0.0210393435724805
"GCCGTGGAAGAAATGT-1","BCSA2TumB1",1945,1316,"tumor",6,2.05655526992288,13.3676092544987,0
"GCCTACGTTCTGTGCA-1","BCSA2TumB1",2037,1358,"tumor",1,4.36917034855179,12.2238586156112,0
"GCCTATAGTGTCAGGG-1","BCSA2TumB1",5107,2530,"tumor",5,6.89250048952418,12.0422948893675,0
"GCCTCATCTGGAAATA-1","BCSA2TumB1",4500,2405,"tumor",5,3.33333333333333,12.9555555555556,0
"GCCTCCGACAATTCAC-1","BCSA2TumB1",3802,2125,"tumor",2,4.81325618095739,13.361388742767,0
"GCCTCTATACATAGCA-1","BCSA2TumB1",7689,3396,"tumor",3,2.34100663285213,14.6573026401353,0
"GCCTGTCCCGGTGCAT-1","BCSA2TumB1",4634,2444,"tumor",2,5.24384980578334,11.9982736296936,0
"GCGAAACGATCGGGAG-1","BCSA2TumB1",4296,2231,"tumor",2,6.65735567970205,12.8258845437616,0
"GCGAAACTTAACTGGA-1","BCSA2TumB1",4261,2247,"tumor",2,3.02745834311195,15.6066651020887,0
"GCGAAGAATCTGACGG-1","BCSA2TumB1",2696,1657,"tumor",1,5.78635014836795,13.2047477744807,0
"GCGACATGTAAACATC-1","BCSA2TumB1",5418,2741,"tumor",5,2.49169435215947,13.75046142488,0
"GCGACCCAACCATCTG-1","BCSA2TumB1",1702,1106,"tumor",1,5.64042303172738,14.1598119858989,0
"GCGACGATAGTTGTAC-1","BCSA2TumB1",4328,2208,"tumor",2,3.71996303142329,14.5794824399261,0
"GCGACGGTAGTCTCCT-1","BCSA2TumB1",1153,703,"tumor",4,4.24978317432784,8.75975715524718,0
"GCGAGAGGCCATGTAA-1","BCSA2TumB1",1499,858,"tumor",4,5.20346897931955,9.07271514342895,0
"GCGAGAGTTGCGTCCA-1","BCSA2TumB1",3526,1967,"tumor",4,2.49574588769144,11.9965967101532,0
"GCGAGCGCATGCTCCC-1","BCSA2TumB1",6062,2833,"tumor",3,4.02507423292643,15.7538766083801,0.0164962058726493
"GCGAGGCCCGAGCAGA-1","BCSA2TumB1",3453,1810,"tumor",5,13.2059079061685,11.6420503909644,0
"GCGAGTTCTGCAAAGA-1","BCSA2TumB1",3027,1817,"tumor",5,4.92236537826231,10.6375949785266,0
"GCGATTGTTAACGTTA-1","BCSA2TumB1",7178,3254,"tumor",3,2.59125104485929,13.429924770131,0
"GCGCAAATATATTCAA-1","BCSA2TumB1",2795,1675,"tumor",1,5.47406082289803,12.5939177101968,0
"GCGCAAGAGCGCGCTG-1","BCSA2TumB1",1789,1107,"tumor",6,3.68921185019564,14.7009502515372,0
"GCGCATCCAGTCAGCA-1","BCSA2TumB1",4435,2379,"tumor",5,3.76550169109357,11.7023675310034,0.0225479143179256
"GCGCCGTTCCACGATA-1","BCSA2TumB1",1704,1170,"tumor",6,2.17136150234742,13.849765258216,0
"GCGCCTCCCACTCCGA-1","BCSA2TumB1",3795,2067,"tumor",4,5.00658761528327,11.33069828722,0
"GCGCGGTCTAGTAACT-1","BCSA2TumB1",651,511,"tumor",7,5.22273425499232,11.6743471582181,0
"GCGCGTCATTGGTACA-1","BCSA2TumB1",4344,2329,"tumor",2,4.55801104972376,14.3646408839779,0.0230202578268877
"GCGCTAATTGAATAGA-1","BCSA2TumB1",3854,2055,"tumor",4,5.55267254800208,12.0653866113129,0
"GCGCTATGCCGAGGCA-1","BCSA2TumB1",3368,1263,"tumor",4,1.92992874109264,7.60095011876485,0
"GCGCTCGATCACCTGT-1","BCSA2TumB1",880,667,"tumor",6,3.52272727272727,13.9772727272727,0
"GCGCTTAAATAATTGG-1","BCSA2TumB1",6769,3029,"tumor",5,4.88993942975329,14.3152607475255,0
"GCGGACCGCGTTGTGG-1","BCSA2TumB1",3335,1989,"tumor",5,2.66866566716642,11.8740629685157,0
"GCGGAGAAACTTCGCA-1","BCSA2TumB1",4018,2214,"tumor",1,3.43454454952713,11.72224987556,0
"GCGGAGAGGGAGAACG-1","BCSA2TumB1",3608,2032,"tumor",1,4.62860310421286,12.6385809312639,0.0277161862527716
"GCGGCAAAGTATTGCC-1","BCSA2TumB1",2053,1306,"tumor",1,4.43253774963468,11.641500243546,0
"GCGGCTCTGACGTACC-1","BCSA2TumB1",9428,3661,"tumor",3,4.28510818837505,16.1858294442087,0
"GCGGCTTTAGCAAGTT-1","BCSA2TumB1",6370,2929,"tumor",2,5.74568288854003,15.4788069073783,0.0156985871271586
"GCGGGCAGACGGGTGA-1","BCSA2TumB1",2227,1395,"tumor",1,12.6178715761114,8.21733273462057,0.0449034575662326
"GCGGGCATTACGATGC-1","BCSA2TumB1",2461,1492,"tumor",6,3.53514831369362,14.2218610321008,0
"GCGGGCGAGCCTTACC-1","BCSA2TumB1",1903,1182,"tumor",1,6.83131897004729,13.3998949027851,0.0525486074619023
"GCGGTCCCGGTGAAGG-1","BCSA2TumB1",1821,1177,"tumor",4,5.43657331136738,10.4338275672707,0
"GCGGTCTTGCTTTCAC-1","BCSA2TumB1",3407,1906,"tumor",5,9.97945406515997,12.0633988846493,0
"GCGGTTCCCTATCATG-1","BCSA2TumB1",3238,1925,"tumor",2,2.50154416306362,12.5386040765905,0
"GCGTAAATGGCCATAA-1","BCSA2TumB1",4205,2173,"tumor",5,3.30558858501784,13.769322235434,0
"GCGTCCCTAAGACATA-1","BCSA2TumB1",6665,3028,"tumor",2,2.655663915979,16.3390847711928,0.0150037509377344
"GCGTCGCCAGGGTGAT-1","BCSA2TumB1",1492,973,"tumor",1,6.4343163538874,12.6005361930295,0
"GCGTCTAACCTCCTAA-1","BCSA2TumB1",2513,1516,"tumor",6,3.38241146040589,13.5694389176283,0.0397930760047752
"GCGTCTCTGCATTGGG-1","BCSA2TumB1",4010,2038,"tumor",5,8.97755610972569,13.9650872817955,0
"GCGTGGTACTGGGTTA-1","BCSA2TumB1",3503,2006,"tumor",5,2.85469597487868,13.4170710819298,0
"GCGTTCTGACTAAGCG-1","BCSA2TumB1",2578,1422,"tumor",1,13.7315748642358,14.5073700543057,0
"GCTAACTGAAGTCTGA-1","BCSA2TumB1",6171,2932,"tumor",2,6.07681088964511,13.3851887862583,0.0162048290390536
"GCTAAGTAGTTTCTCT-1","BCSA2TumB1",3953,2096,"tumor",5,4.04755881608905,11.7632178092588,0.0505944852011131
"GCTACAATCGAGGATA-1","BCSA2TumB1",3614,2030,"tumor",1,3.79081350304372,14.0287769784173,0.0830105146651909
"GCTACGACTTATTGGG-1","BCSA2TumB1",4065,2191,"tumor",3,2.23862238622386,15.4735547355474,0.02460024600246
"GCTACTATAGTAGAGT-1","BCSA2TumB1",11839,4386,"tumor",3,3.45468367260748,14.6211673283217,0.0168933186924571
"GCTAGACCGTCTACTG-1","BCSA2TumB1",2611,1587,"tumor",5,1.9532746074301,14.1708157793949,0
"GCTAGAGTAGAGATGT-1","BCSA2TumB1",2277,1414,"tumor",1,6.45586297760211,13.5265700483092,0
"GCTAGCACCTGGGCCA-1","BCSA2TumB1",2736,1673,"tumor",6,2.41228070175439,13.3406432748538,0
"GCTAGCGATAGGTCTT-1","BCSA2TumB1",2488,1583,"tumor",1,4.70257234726688,10.9726688102894,0.0803858520900322
"GCTAGCTTGAATAGCT-1","BCSA2TumB1",3618,2073,"tumor",2,4.06301824212272,12.3272526257601,0
"GCTAGGCACCACGGAG-1","BCSA2TumB1",4587,2359,"tumor",2,5.297580117724,15.5875299760192,0.0218007412252017
"GCTAGTAGAGCTTGTA-1","BCSA2TumB1",6810,3213,"tumor",3,2.49632892804699,12.511013215859,0
"GCTATACGTCTCGGAC-1","BCSA2TumB1",6757,3091,"tumor",2,5.9493858221104,13.8375018499334,0.0147994672191801
"GCTATCATACTCATGG-1","BCSA2TumB1",4142,2268,"tumor",2,2.84886528247224,13.5924674070497,0
"GCTCAATCCGTTTATT-1","BCSA2TumB1",8445,3512,"tumor",3,2.4866785079929,16.8975725281232,0
"GCTCAATGTAATACCG-1","BCSA2TumB1",2658,1520,"tumor",4,4.51467268623025,12.0015048908954,0
"GCTCCATGAGTGCAGA-1","BCSA2TumB1",999,717,"tumor",4,8.50850850850851,10.3103103103103,0.1001001001001
"GCTCCATGCAAAGCAA-1","BCSA2TumB1",6784,3073,"tumor",2,3.95047169811321,13.9150943396226,0.0294811320754717
"GCTCCCAGTCGGTCCA-1","BCSA2TumB1",3966,2125,"tumor",6,3.12657589510842,14.9016641452345,0
"GCTCCGCTCGCTTCAG-1","BCSA2TumB1",2698,1615,"tumor",6,4.55893254262417,15.2705707931801,0
"GCTCCTGACATACTGG-1","BCSA2TumB1",4739,2427,"tumor",5,3.52395020046423,15.4884996834775,0
"GCTCGCTCATGTCCAA-1","BCSA2TumB1",3911,2194,"tumor",3,1.32958322679622,13.6026591664536,0
"GCTCTTTCCGCTAGTG-1","BCSA2TumB1",2065,1129,"tumor",4,1.98547215496368,8.52300242130751,0
"GCTGAACTCTCCAGGG-1","BCSA2TumB1",1657,1145,"tumor",6,1.87085093542547,13.3977066988534,0
"GCTGAGGCGTGAGTAT-1","BCSA2TumB1",3012,1796,"tumor",6,1.59362549800797,12.6162018592297,0
"GCTGCACGGTTTCTTA-1","BCSA2TumB1",2688,1702,"tumor",2,1.71130952380952,12.2395833333333,0
"GCTGCTAAGTAGTCGA-1","BCSA2TumB1",2165,1338,"tumor",1,6.09699769053118,13.4872979214781,0.046189376443418
"GCTGCTACTGCGTAGC-1","BCSA2TumB1",2597,1669,"tumor",1,2.19484020023104,11.7058144012322,0
"GCTGCTCTCCGGACAC-1","BCSA2TumB1",1067,757,"tumor",4,4.77975632614808,9.37207122774133,0
"GCTGGCGGCGCATGCT-1","BCSA2TumB1",5231,2667,"tumor",3,2.84840374689352,12.2729879564137,0.0191168036704263
"GCTGGTTTAGGCCATA-1","BCSA2TumB1",16565,4818,"tumor",3,7.30455780259583,19.7162692423785,0.0181104738907335
"GCTGTATTACTGGCCC-1","BCSA2TumB1",4319,2259,"tumor",5,2.94049548506599,13.2206529289187,0
"GCTGTTGCTACCGAAC-1","BCSA2TumB1",2455,1554,"tumor",6,2.28105906313646,13.4012219959267,0
"GCTTAATGTAACTAAC-1","BCSA2TumB1",6558,3054,"tumor",5,4.95577920097591,13.8609332113449,0.0304971027752364
"GCTTACGTAGTTAGTA-1","BCSA2TumB1",3482,2003,"tumor",3,2.61344055140724,12.6076967260195,0.0287191269385411
"GCTTATGAAGCAGGAA-1","BCSA2TumB1",5808,2768,"tumor",3,3.23691460055096,14.1012396694215,0
"GCTTGCAGCACAATTG-1","BCSA2TumB1",1159,813,"tumor",4,4.48662640207075,13.3735979292494,0
"GCTTGGATCGATTAGG-1","BCSA2TumB1",3955,2170,"tumor",3,2.07332490518331,12.819216182048,0
"GCTTTCAGAGGAGGTG-1","BCSA2TumB1",4277,2315,"tumor",5,3.10965630114566,13.8882394201543,0.0467617488894085
"GGAAACTAAATGGGCC-1","BCSA2TumB1",2024,1325,"tumor",1,7.16403162055336,12.6482213438735,0
"GGAAAGGGAATTGAGC-1","BCSA2TumB1",1450,1012,"tumor",4,5.93103448275862,9.51724137931034,0
"GGAACCGTGTAAATTG-1","BCSA2TumB1",5755,2914,"tumor",3,2.78019113814075,13.5534317984361,0.0347523892267593
"GGAACTTTGGCGATTA-1","BCSA2TumB1",3552,1966,"tumor",1,7.82657657657658,13.1193693693694,0
"GGAAGGACACCGTATA-1","BCSA2TumB1",1416,980,"tumor",4,3.31920903954802,8.61581920903955,0.0706214689265537
"GGAATGCGCTAGCGTG-1","BCSA2TumB1",3223,1541,"tumor",4,3.50605026372944,10.67328575861,0.0310269934843314
"GGACAACCATGAAGCC-1","BCSA2TumB1",723,529,"tumor",7,13.969571230982,11.0650069156293,0
"GGACACAAGTTTACAC-1","BCSA2TumB1",1433,1021,"tumor",4,1.88415910676902,9.56036287508723,0
"GGACACCTCGGTGTTG-1","BCSA2TumB1",2374,1447,"tumor",4,7.07666385846672,12.0471777590564,0
"GGACCAACAGGATAAC-1","BCSA2TumB1",2781,1726,"tumor",2,1.79791441927364,11.254944264653,0
"GGACCTCTAGGCCGCC-1","BCSA2TumB1",2834,1676,"tumor",1,4.62244177840508,13.9026111503176,0
"GGACTCACAAATTAGG-1","BCSA2TumB1",8436,3448,"tumor",3,5.40540540540541,15.4575628259839,0.0118539592223803
"GGACTCGACAGCGCAT-1","BCSA2TumB1",9071,3744,"tumor",2,3.04266343291809,14.6290375923272,0.0220482857457833
"GGACTCGTGAGTGGTC-1","BCSA2TumB1",2910,1701,"tumor",1,4.63917525773196,13.8144329896907,0
"GGACTCTTCCGGTTGA-1","BCSA2TumB1",1599,1046,"tumor",4,7.44215134459037,9.56848030018762,0
"GGACTCTTTGACTAAG-1","BCSA2TumB1",2955,1799,"tumor",1,6.26057529610829,10.6260575296108,0
"GGAGACCAATGTGCTT-1","BCSA2TumB1",3617,2042,"tumor",5,3.04119435996682,12.0541885540503,0.0276472214542439
"GGAGACGACACCTTTG-1","BCSA2TumB1",2357,1562,"tumor",6,1.99406024607552,12.1764955451846,0.0424268137462876
"GGAGCAACATTTCAAG-1","BCSA2TumB1",4964,2658,"tumor",2,3.68654311039484,11.0394842868654,0
"GGAGCGAGGCCTACTT-1","BCSA2TumB1",1289,924,"tumor",4,4.80993017843289,11.7145073700543,0
"GGAGGCCGAAGTCGTC-1","BCSA2TumB1",1726,1142,"tumor",6,2.78099652375435,14.0208574739282,0
"GGAGGGTCAAGTAAGA-1","BCSA2TumB1",1474,1022,"tumor",4,7.05563093622795,11.2618724559023,0.067842605156038
"GGATCCGGAATATACT-1","BCSA2TumB1",2708,1450,"tumor",4,2.80649926144756,9.23190546528804,0
"GGATCTTACTGCCCTT-1","BCSA2TumB1",4943,2497,"tumor",2,2.38721424236294,15.0111268460449,0
"GGATGAAGATCGCTGA-1","BCSA2TumB1",3608,2033,"tumor",5,4.98891352549889,13.6363636363636,0
"GGATGACGCGAGTTTA-1","BCSA2TumB1",6185,2880,"tumor",3,4.39773645917542,14.8423605497171,0
"GGATGGCTTGAAGTAT-1","BCSA2TumB1",3517,1953,"tumor",2,9.49673016775661,13.6479954506682,0.0284333238555587
"GGATGTCCTTACCGCA-1","BCSA2TumB1",5230,2612,"tumor",3,2.58126195028681,13.4416826003824,0.0191204588910134
"GGATTAATCATGGACC-1","BCSA2TumB1",6145,2702,"tumor",2,12.6118795768918,12.6606997558991,0
"GGATTGCTGTGACTCC-1","BCSA2TumB1",2657,1529,"tumor",1,6.88746706812194,12.7963869025216,0
"GGCAAAGGCGCCAATA-1","BCSA2TumB1",5868,2969,"tumor",3,2.98227675528289,12.9004771642808,0
"GGCAAATTACTTTACT-1","BCSA2TumB1",1996,1315,"tumor",4,2.80561122244489,9.71943887775551,0
"GGCAAGCCAGGGATAG-1","BCSA2TumB1",1707,1082,"tumor",4,5.38957234915056,11.7750439367311,0
"GGCAAGCCCATAGTGG-1","BCSA2TumB1",3411,1931,"tumor",2,2.22808560539431,15.5379654060393,0.058633831720903
"GGCAAGGCGAAATAGC-1","BCSA2TumB1",4093,2304,"tumor",3,2.05228438797948,12.7779135108722,0
"GGCACTCAGCCGACCC-1","BCSA2TumB1",1716,1054,"tumor",4,4.54545454545455,10.0815850815851,0
"GGCACTCCACTGGGCA-1","BCSA2TumB1",4966,2488,"tumor",5,5.90012082158679,11.9210632299638,0.0201369311316955
"GGCAGCAAACCTATGC-1","BCSA2TumB1",4226,2282,"tumor",5,3.73876005679129,13.1329862754378,0.0236630383341221
"GGCATTGAACATCTCA-1","BCSA2TumB1",2092,1308,"tumor",1,10.0860420650096,9.22562141491396,0
"GGCCCAGCTGGTTTGC-1","BCSA2TumB1",5328,2655,"tumor",5,6.02477477477478,11.1486486486486,0
"GGCCCGGAGCATGTCT-1","BCSA2TumB1",1273,837,"tumor",4,2.51374705420267,15.3967007069914,0
"GGCCCGTATACCATGC-1","BCSA2TumB1",6456,2910,"tumor",5,6.49008674101611,13.7081784386617,0.0154894671623296
"GGCCGAGACTCTGGTG-1","BCSA2TumB1",2972,1768,"tumor",1,5.28263795423957,12.8532974427995,0
"GGCCGGCGTCTGCTAT-1","BCSA2TumB1",2018,1303,"tumor",1,4.95540138751239,12.6858275520317,0
"GGCCGTTTGGGTTTCA-1","BCSA2TumB1",7729,3137,"tumor",3,3.54508992107647,16.1599171949799,0
"GGCCTGCTCTGATGTT-1","BCSA2TumB1",1841,1137,"tumor",4,3.80228136882129,9.56002172732211,0
"GGCCTGCTTCTCCCGA-1","BCSA2TumB1",3749,2141,"tumor",1,7.52200586823153,11.0962923446252,0.0533475593491598
"GGCGAAATCTAACTTG-1","BCSA2TumB1",6727,3059,"tumor",3,4.2812546454586,14.4343689609038,0
"GGCGAACCGTTCTGAT-1","BCSA2TumB1",3559,2015,"tumor",5,3.87749367799944,13.7117167743748,0
"GGCGCATGAATTGATG-1","BCSA2TumB1",3129,1835,"tumor",5,3.70725471396612,10.8021732182806,0
"GGCGCGGAGATCTTTC-1","BCSA2TumB1",3271,1937,"tumor",2,4.00489147049832,12.6261082237848,0.030571690614491
"GGCGCGTTCGAGTTTA-1","BCSA2TumB1",2497,1575,"tumor",2,2.44293151782139,12.2146575891069,0
"GGCGCTTCATTCCCTG-1","BCSA2TumB1",4354,2371,"tumor",2,2.02112999540652,11.6444648598989,0.0459347726228755
"GGCGGAGTAATATTAG-1","BCSA2TumB1",1728,1128,"tumor",4,3.53009259259259,12.3263888888889,0.0578703703703704
"GGCGGGCTCTAAGAGT-1","BCSA2TumB1",2442,1418,"tumor",4,6.30630630630631,13.8001638001638,0
"GGCGGTAGGATCATTG-1","BCSA2TumB1",1085,689,"tumor",4,5.89861751152074,8.38709677419355,0
"GGCGTAGGGAAAGCTG-1","BCSA2TumB1",1664,1116,"tumor",1,4.92788461538462,11.4182692307692,0
"GGCTACTATACACTCC-1","BCSA2TumB1",2639,1622,"tumor",1,2.50094732853354,15.2330428192497,0
"GGCTATTAAGTTGTAT-1","BCSA2TumB1",2444,1465,"tumor",4,2.45499181669394,11.4157119476268,0.122749590834697
"GGCTCCTCCACCTGTT-1","BCSA2TumB1",3407,1944,"tumor",2,3.19929556794834,12.8265336072791,0
"GGCTCGCGTTGAGGTA-1","BCSA2TumB1",8568,3557,"tumor",3,2.76610644257703,13.9239028944911,0.0350140056022409
"GGCTGAAATAGCAAAG-1","BCSA2TumB1",6647,3157,"tumor",3,2.3469234241011,13.9310967353693,0
"GGCTTTCAATAAGGGT-1","BCSA2TumB1",2212,1414,"tumor",1,4.15913200723327,13.5171790235081,0
"GGGAACGGGAGGTTAG-1","BCSA2TumB1",10213,3760,"tumor",3,4.43552335258984,18.3589542739646,0
"GGGAACGGTTTCAGAT-1","BCSA2TumB1",3791,2049,"tumor",1,5.69770509100501,12.6088103402796,0.105513057240834
"GGGAAGACGGTCTGTC-1","BCSA2TumB1",3307,1903,"tumor",1,4.62654974296946,13.3051103719383,0
"GGGAAGGGCTTTCTCA-1","BCSA2TumB1",1314,973,"tumor",1,3.95738203957382,11.3394216133942,0
"GGGACCCGTATATCTT-1","BCSA2TumB1",3622,2030,"tumor",2,3.69961347321922,12.451684152402,0
"GGGACTGCATAGATAG-1","BCSA2TumB1",786,621,"tumor",7,3.81679389312977,8.65139949109415,0
"GGGAGAACTCACAGTA-1","BCSA2TumB1",1563,1042,"tumor",4,3.96673064619322,8.89315419065899,0
"GGGAGCGACCGTAGTG-1","BCSA2TumB1",7753,3334,"tumor",2,5.67522249451825,14.9361537469367,0.0128982329420869
"GGGAGGATGCCCGAAA-1","BCSA2TumB1",2574,1626,"tumor",5,3.41880341880342,9.82905982905983,0
"GGGAGTTAATGAGGCG-1","BCSA2TumB1",4935,2594,"tumor",5,5.04559270516717,11.6514690982776,0.0202634245187437
"GGGATCCCAATACAAA-1","BCSA2TumB1",2860,1625,"tumor",4,6.29370629370629,10.6293706293706,0.034965034965035
"GGGATGGTCGTAACCG-1","BCSA2TumB1",2707,1446,"tumor",4,2.73365349094939,11.2301440709272,0
"GGGATTTACCGCACCT-1","BCSA2TumB1",3405,1829,"tumor",2,3.90602055800294,16.769456681351,0
"GGGCACGTAGTACTGT-1","BCSA2TumB1",3710,2111,"tumor",2,3.18059299191375,12.3180592991914,0
"GGGCAGAGCAATCGTT-1","BCSA2TumB1",1984,1278,"tumor",4,4.83870967741936,10.7862903225806,0
"GGGCAGTCAACGCCAA-1","BCSA2TumB1",7636,3354,"tumor",2,7.93609219486642,11.3410162388685,0.0523834468308015
"GGGCATGCATGTCGAG-1","BCSA2TumB1",4754,2572,"tumor",2,3.66007572570467,11.5061001262095,0
"GGGCCCGTCTTAAACA-1","BCSA2TumB1",8622,3770,"tumor",5,3.27070285316632,10.797958710276,0.0115982370679657
"GGGCCGGCCGAAGTAC-1","BCSA2TumB1",5426,2621,"tumor",5,7.16918540361224,12.8455584224106,0.0184297825285662
"GGGCGCAGCGTTACTC-1","BCSA2TumB1",1012,767,"tumor",6,2.27272727272727,12.4505928853755,0
"GGGCGGCAAATGAATT-1","BCSA2TumB1",4194,2331,"tumor",5,2.47973295183596,11.1587982832618,0.0238435860753457
"GGGCGGGTTCCCTACG-1","BCSA2TumB1",6193,2779,"tumor",3,2.87421282092685,17.0515097690941,0
"GGGCGTCACCACGTAA-1","BCSA2TumB1",4122,2238,"tumor",5,2.93546821931101,11.9116933527414,0
"GGGCGTGGTTTCCCAG-1","BCSA2TumB1",2518,1553,"tumor",1,3.25655281969817,13.5424940428912,0
"GGGCGTTTACATTCAT-1","BCSA2TumB1",4833,2424,"tumor",2,3.1864266501138,14.3803020897993,0.0413821642871922
"GGGCTATGATCGATGG-1","BCSA2TumB1",3005,1837,"tumor",2,3.69384359400998,12.0465890183028,0
"GGGCTGCCTAGGGCGA-1","BCSA2TumB1",3735,1746,"tumor",4,2.57028112449799,10.2275769745649,0.214190093708166
"GGGTACTTCATGAACT-1","BCSA2TumB1",5454,2635,"tumor",5,8.14081408140814,13.8613861386139,0
"GGGTCACCGTGACGGT-1","BCSA2TumB1",7908,3360,"tumor",3,5.22255943348508,12.1269600404654,0.0126454223571067
"GGGTCAGGAGCTAGAT-1","BCSA2TumB1",3404,1881,"tumor",2,4.67097532314924,14.5123384253819,0.0587544065804935
"GGGTCGTGGCAAGTGT-1","BCSA2TumB1",4733,2418,"tumor",5,3.99323896049018,12.867103317135,0
"GGGTCTATCGCTTTCC-1","BCSA2TumB1",1275,888,"tumor",4,6.50980392156863,10.1960784313725,0.0784313725490196
"GGGTGACACCTTAACT-1","BCSA2TumB1",4422,2357,"tumor",5,3.16598824061511,13.3197648123021,0.0226142017186793
"GGGTGCATATGAAAGC-1","BCSA2TumB1",3755,2123,"tumor",5,2.02396804260985,12.0639147802929,0
"GGGTTAACATTTGAGT-1","BCSA2TumB1",2320,1474,"tumor",5,3.62068965517241,12.6724137931034,0
"GGGTTTAGGATAGGAT-1","BCSA2TumB1",4685,2469,"tumor",3,2.15581643543223,13.9594450373533,0.0426894343649947
"GGTAACCGGGAGGATA-1","BCSA2TumB1",3095,1882,"tumor",1,4.58804523424879,11.0177705977383,0
"GGTACAAACATGCTAT-1","BCSA2TumB1",2842,1361,"tumor",4,1.93525686136524,7.63546798029557,0
"GGTACACCAGATTTAT-1","BCSA2TumB1",3312,1932,"tumor",6,3.38164251207729,12.6509661835749,0
"GGTACCATTAAGACGG-1","BCSA2TumB1",7105,3183,"tumor",3,2.68824771287825,13.3427163969036,0.0422237860661506
"GGTACGTTGCGGCCGG-1","BCSA2TumB1",1000,662,"tumor",7,19.5,8.6,0
"GGTACTAAGTGCTTTG-1","BCSA2TumB1",2152,1323,"tumor",1,4.92565055762082,12.9182156133829,0
"GGTAGAAGACCGCCTG-1","BCSA2TumB1",2939,1491,"tumor",4,2.5178632187819,9.18679823069071,0
"GGTAGACCGTTGGGCG-1","BCSA2TumB1",2088,1369,"tumor",1,4.11877394636015,11.4463601532567,0
"GGTAGGCCAATATCAC-1","BCSA2TumB1",1887,1257,"tumor",1,6.09432962374139,10.9697933227345,0
"GGTAGTGCTCGCACCA-1","BCSA2TumB1",8099,3467,"tumor",3,4.65489566613162,13.1003827633041,0
"GGTATAGTGACACATA-1","BCSA2TumB1",3726,2210,"tumor",3,2.06655931293612,11.05743424584,0.0268384326355341
"GGTATTGCCGAGTTTA-1","BCSA2TumB1",1166,844,"tumor",4,4.71698113207547,9.86277873070326,0.0857632933104631
"GGTCAAGACTACTTCG-1","BCSA2TumB1",6004,2879,"tumor",3,2.86475682878081,14.4570286475683,0
"GGTCAGTGGGTCCCAC-1","BCSA2TumB1",2998,1771,"tumor",1,3.56904603068713,12.8418945963976,0.0333555703802535
"GGTCGGCCAGGAGCTT-1","BCSA2TumB1",1193,856,"tumor",4,3.60435875943001,11.9865884325231,0
"GGTCGGTCGTCCACAG-1","BCSA2TumB1",4322,2242,"tumor",2,3.8870893105044,14.1832484960666,0
"GGTCTCCAAGTAGTGC-1","BCSA2TumB1",2026,1290,"tumor",6,2.91214215202369,14.461994076999,0
"GGTCTCCGTCCAGGTT-1","BCSA2TumB1",4655,2389,"tumor",2,6.07948442534909,14.328678839957,0
"GGTCTCTGAATGGACT-1","BCSA2TumB1",2533,1616,"tumor",1,3.000394788788,11.8041847611528,0
"GGTCTTGAGCGCTCTT-1","BCSA2TumB1",4464,2447,"tumor",2,3.33781362007169,12.3655913978495,0
"GGTGAAGTACAGGGAT-1","BCSA2TumB1",5301,2482,"tumor",4,3.20694208639879,12.1297868326731,0.0188643652141105
"GGTGATAAGGAGCAGT-1","BCSA2TumB1",2932,1780,"tumor",4,2.52387448840382,10.2660300136426,0
"GGTGCATAAATGATTA-1","BCSA2TumB1",8626,3653,"tumor",2,5.21678645954092,14.2476234639462,0.0347785763969395
"GGTGCTGGTACACATT-1","BCSA2TumB1",2835,1591,"tumor",4,3.7037037037037,11.6402116402116,0.0705467372134039
"GGTGGACTGCTCTGGC-1","BCSA2TumB1",2570,1592,"tumor",1,5.87548638132296,11.9455252918288,0
"GGTGGAGGTTGATACG-1","BCSA2TumB1",2410,1500,"tumor",6,3.98340248962656,12.9875518672199,0
"GGTGTAAATCGATTGT-1","BCSA2TumB1",3693,2081,"tumor",1,5.7676685621446,12.6455456268616,0.0541565123206066
"GGTGTAGGTAAGTAAA-1","BCSA2TumB1",6765,3236,"tumor",2,3.1189948263119,12.0768662232077,0.0147819660014782
"GGTGTTGGGCGTCTTA-1","BCSA2TumB1",2311,1364,"tumor",6,4.45694504543488,16.1834703591519,0
"GGTTACCACCCTCGGG-1","BCSA2TumB1",4351,2315,"tumor",5,3.21765111468628,13.5830843484257,0
"GGTTACCCGACACTTT-1","BCSA2TumB1",2596,1587,"tumor",6,3.50539291217257,13.3281972265023,0.0385208012326656
"GGTTAGCTATATGTCT-1","BCSA2TumB1",11340,4170,"tumor",3,3.14814814814815,16.4902998236332,0.0352733686067019
"GGTTCTACTCGTCTGA-1","BCSA2TumB1",2882,1700,"tumor",6,2.2206800832755,13.6363636363636,0.0346981263011797
"GGTTTAATTACCATCG-1","BCSA2TumB1",8209,3492,"tumor",3,3.2159824582775,16.749908636862,0.0121817517358996
"GGTTTAATTGAGCAGG-1","BCSA2TumB1",2180,1344,"tumor",4,3.25688073394495,11.697247706422,0
"GGTTTAGCCTTTCTTG-1","BCSA2TumB1",3612,1982,"tumor",6,2.38095238095238,16.5836101882614,0.0276854928017719
"GGTTTCAATCGGTCAG-1","BCSA2TumB1",5816,2929,"tumor",3,1.96011004126547,12.8094910591472,0.0171939477303989
"GGTTTGTGACCTGAGG-1","BCSA2TumB1",5732,2783,"tumor",2,4.04745289602233,15.0209351011863,0
"GTAACATCTAAGATAA-1","BCSA2TumB1",2170,1413,"tumor",1,5.25345622119816,10.8294930875576,0
"GTAACTGCCCAAGGAG-1","BCSA2TumB1",4877,2597,"tumor",2,3.89583760508509,12.610211195407,0
"GTAAGTAACAGTCTGG-1","BCSA2TumB1",6852,3137,"tumor",3,3.22533566841798,15.251021599533,0.0437828371278459
"GTAAGTCCACACTCTA-1","BCSA2TumB1",2003,1280,"tumor",4,3.39490763854219,13.5297054418372,0
"GTAATAAAGGGCTCCC-1","BCSA2TumB1",3609,2012,"tumor",5,2.52147409254641,11.9146577999446,0
"GTAATCTGATTCTTCG-1","BCSA2TumB1",7003,3281,"tumor",3,3.38426388690561,12.337569613023,0
"GTACACTTACCTGAAG-1","BCSA2TumB1",6853,3228,"tumor",3,2.55362614913177,14.1689770903254,0.0145921494236101
"GTACAGAGGCAAGGGT-1","BCSA2TumB1",3203,1703,"tumor",4,1.77958164221043,10.5213862004371,0
"GTACGCTTCATTGCAC-1","BCSA2TumB1",4570,2487,"tumor",3,2.03501094091904,13.4792122538293,0.0218818380743982
"GTACGTTTGCCCGTCA-1","BCSA2TumB1",2242,1429,"tumor",6,2.63157894736842,14.0945584299732,0.0446030330062444
"GTACTCCTGGGTATGC-1","BCSA2TumB1",5018,2626,"tumor",3,4.38421681944998,11.2793941809486,0.0398565165404544
"GTACTGGAGTTAGACC-1","BCSA2TumB1",10821,4155,"tumor",3,3.37307088069495,13.7787635153868,0
"GTAGACACGCCTGACT-1","BCSA2TumB1",2129,1380,"tumor",1,4.36824800375763,12.0244246124941,0
"GTAGAGGGAGACAAGT-1","BCSA2TumB1",11206,4208,"tumor",3,3.23933606996252,16.1252900232019,0
"GTAGCCAAACATGGGA-1","BCSA2TumB1",3041,1747,"tumor",1,5.98487339690891,15.8500493258796,0
"GTAGCGGCTATACACT-1","BCSA2TumB1",3160,1877,"tumor",5,2.15189873417722,12.246835443038,0.0316455696202532
"GTAGCTCCGGGAGGCT-1","BCSA2TumB1",4255,2198,"tumor",2,2.51468860164512,17.4148061104583,0
"GTAGCTTCCTCTTGTT-1","BCSA2TumB1",4998,2507,"tumor",5,2.76110444177671,13.5054021608643,0
"GTAGTCGCGGGAATCA-1","BCSA2TumB1",10830,4004,"tumor",3,3.93351800554017,15.2908587257618,0.0277008310249308
"GTAGTCTACGATATTG-1","BCSA2TumB1",2532,1559,"tumor",1,4.89731437598736,10.8214849921011,0
"GTAGTTCGAAGGCGAA-1","BCSA2TumB1",2184,1436,"tumor",1,3.70879120879121,12.6373626373626,0
"GTATCAAACGTTAGCT-1","BCSA2TumB1",12883,4488,"tumor",3,4.47877047271598,14.3211984786152,0.00776216719708143
"GTATCAAGGTACTTCC-1","BCSA2TumB1",2415,1531,"tumor",1,6.16977225672878,9.68944099378882,0
"GTATCCTTTGGTAACC-1","BCSA2TumB1",5014,2598,"tumor",2,3.82927802153969,13.6816912644595,0.0199441563621859
"GTATCTTTCATAACCA-1","BCSA2TumB1",7854,3490,"tumor",3,2.55920550038197,13.5854341736695,0.0636618283677107
"GTATGTGGGTCTAGTT-1","BCSA2TumB1",2745,1690,"tumor",6,2.76867030965392,14.5719489981785,0
"GTATTCTGAGAAACGA-1","BCSA2TumB1",3906,2252,"tumor",5,2.89298515104967,11.1879160266257,0
"GTATTTAATGGCATAA-1","BCSA2TumB1",2796,1448,"tumor",4,2.93276108726753,9.15593705293276,0
"GTCAACCAGGCCTATA-1","BCSA2TumB1",1978,1288,"tumor",1,6.06673407482305,12.2851365015167,0.0505561172901921
"GTCAAGCGGACTCGGG-1","BCSA2TumB1",5667,2772,"tumor",5,4.41150520557614,14.0462325745544,0.0176460208223046
"GTCAATGCTATAATTT-1","BCSA2TumB1",3465,1929,"tumor",6,5.82972582972583,11.8614718614719,0.0288600288600289
"GTCATGCGCGAGGGCT-1","BCSA2TumB1",2342,1472,"tumor",2,4.48334756618275,11.7847993168232,0.0426985482493595
"GTCATTAGAGCGAACG-1","BCSA2TumB1",2918,1605,"tumor",4,5.75736806031528,11.720356408499,0
"GTCCAATATTTAGCCT-1","BCSA2TumB1",5461,2712,"tumor",3,2.92986632484893,13.0379051455777,0
"GTCCAGGCACGTGTGC-1","BCSA2TumB1",1178,842,"tumor",4,5.77249575551783,8.99830220713073,0
"GTCCATTACTGCTACG-1","BCSA2TumB1",2882,1787,"tumor",6,2.15128383067314,11.970853573907,0
"GTCCCGCGACGTTATG-1","BCSA2TumB1",5390,2665,"tumor",2,2.94990723562152,15.1576994434137,0.0185528756957328
"GTCCGGACCTGAAATT-1","BCSA2TumB1",5702,2745,"tumor",5,7.29568572430726,13.7495615573483,0
"GTCCGGGTTCACATTA-1","BCSA2TumB1",5980,2778,"tumor",2,7.35785953177258,13.2441471571906,0.0167224080267559
"GTCCTACGAATAGTCT-1","BCSA2TumB1",8778,3609,"tumor",3,3.86192754613807,14.6844383686489,0.0113921166552746
"GTCGATAGGTGACTTT-1","BCSA2TumB1",3000,1706,"tumor",1,8.16666666666667,11.7,0
"GTCGCCGTTGTGTGTT-1","BCSA2TumB1",2522,1619,"tumor",2,2.89452815226011,12.4504361617764,0.0793021411578113
"GTCGCGTAACCCGTTG-1","BCSA2TumB1",3463,1966,"tumor",2,2.80103956107421,13.6009240542882,0
"GTCGGATATCTCAGAC-1","BCSA2TumB1",745,560,"tumor",7,5.77181208053691,9.93288590604027,0
"GTCGGGAAGCAGAAAC-1","BCSA2TumB1",3989,2154,"tumor",1,4.36199548759087,12.5344697919278,0
"GTCGTACCATCTCGGG-1","BCSA2TumB1",3813,2073,"tumor",6,2.2554419092578,13.2441646997115,0
"GTCGTCTGGTTGGCTA-1","BCSA2TumB1",1752,1111,"tumor",4,4.5662100456621,14.5547945205479,0
"GTCGTTATTCGCTTAT-1","BCSA2TumB1",2390,1506,"tumor",1,3.43096234309623,14.6443514644351,0
"GTCTAGTGAGCCGCTT-1","BCSA2TumB1",2904,1713,"tumor",1,5.50964187327824,14.4283746556474,0.034435261707989
"GTCTATACACGCATGG-1","BCSA2TumB1",1374,835,"tumor",4,3.42066957787482,9.1703056768559,0
"GTCTATCTGAGTTTCT-1","BCSA2TumB1",6651,3024,"tumor",5,5.8036385505939,13.5769057284619,0.0300706660652534
"GTCTATTGCATGCTCG-1","BCSA2TumB1",909,674,"tumor",7,5.61056105610561,9.79097909790979,0.11001100110011
"GTCTATTGGTTCCGGT-1","BCSA2TumB1",3056,1823,"tumor",2,3.1086387434555,11.6164921465969,0
"GTCTCAAGGCCCGGCT-1","BCSA2TumB1",6780,3141,"tumor",3,2.07964601769912,14.646017699115,0
"GTCTCCGCCTCAATAC-1","BCSA2TumB1",1840,1190,"tumor",1,5.48913043478261,12.3369565217391,0
"GTCTCCTGCCAGTATG-1","BCSA2TumB1",9795,3590,"tumor",5,6.44206227667177,15.2833078101072,0
"GTCTGCCGACTCGACG-1","BCSA2TumB1",808,596,"tumor",4,5.1980198019802,8.53960396039604,0
"GTCTGGGCGGTCGAGA-1","BCSA2TumB1",3496,1615,"tumor",4,3.06064073226545,10.9553775743707,0
"GTCTTGAGGAGCAGTG-1","BCSA2TumB1",2244,1409,"tumor",6,2.31729055258467,13.903743315508,0
"GTCTTGTAGCTATTCA-1","BCSA2TumB1",851,580,"tumor",7,8.69565217391304,19.8589894242068,0
"GTGAACTCCCATTCGA-1","BCSA2TumB1",2685,1669,"tumor",5,3.01675977653631,10.6145251396648,0
"GTGACAGCTTCCCACT-1","BCSA2TumB1",2410,1476,"tumor",1,7.30290456431535,11.1618257261411,0.04149377593361
"GTGACCGCACACTACG-1","BCSA2TumB1",2838,1655,"tumor",6,3.77026074700493,14.3058491895701,0
"GTGACCTAAAGAATAA-1","BCSA2TumB1",3267,1885,"tumor",6,3.52004897459443,12.7027854300582,0.0306091215182124
"GTGACGAGGGTGACCC-1","BCSA2TumB1",1952,1317,"tumor",6,3.02254098360656,11.3217213114754,0.102459016393443
"GTGACGCAGGTTTCAT-1","BCSA2TumB1",4993,2511,"tumor",2,4.98698177448428,13.4388143400761,0
"GTGACTTCAGTAGTGC-1","BCSA2TumB1",4645,2467,"tumor",5,2.79870828848224,12.465016146394,0
"GTGAGATAACCTTATA-1","BCSA2TumB1",3339,1987,"tumor",1,4.22282120395328,11.6801437556155,0
"GTGAGGACACTTAAGG-1","BCSA2TumB1",2761,1747,"tumor",5,1.88337558855487,13.2198478812025,0
"GTGAGTGGTACAACGC-1","BCSA2TumB1",2627,1616,"tumor",1,3.95888846593072,12.5618576322802,0
"GTGATCAAGCGTGCAC-1","BCSA2TumB1",3878,2141,"tumor",5,4.04847859721506,12.5838060856111,0
"GTGATCACTAACGCCT-1","BCSA2TumB1",5214,2563,"tumor",2,4.33448408131952,14.7487533563483,0.0191791331031837
"GTGATCATAGATCTGC-1","BCSA2TumB1",4541,2425,"tumor",3,2.26822285840123,12.5963444175292,0.0880863245981061
"GTGATCCTTGTCATGA-1","BCSA2TumB1",6101,2800,"tumor",2,6.39239468939518,13.2929028028192,0.0327815112276676
"GTGATTCGCCGCTCAA-1","BCSA2TumB1",2927,1378,"tumor",4,3.04065596173557,9.15613255893406,0.0341646737273659
"GTGCACCAGCTTCAAC-1","BCSA2TumB1",3340,1843,"tumor",1,5.08982035928144,14.7904191616766,0
"GTGCAGCGTAGAGTAG-1","BCSA2TumB1",5934,2150,"tumor",4,1.60094371418942,8.19009100101112,0
"GTGCCATCACACGGTG-1","BCSA2TumB1",6101,2720,"tumor",3,2.81920996557941,19.5213899360761,0
"GTGCCCGTTCGGATTC-1","BCSA2TumB1",4815,2492,"tumor",3,3.3852544132918,14.5171339563863,0.0207684319833853
"GTGCCGCTTCAAAGGT-1","BCSA2TumB1",4209,2294,"tumor",5,3.49251603706344,13.0434782608696,0
"GTGCCTGAGACCAAAC-1","BCSA2TumB1",1667,1076,"tumor",1,12.1775644871026,10.6178764247151,0
"GTGCGAAATCGAACAC-1","BCSA2TumB1",4741,2494,"tumor",5,2.7631301413204,11.8962244252267,0
"GTGCGACAGGGAGTGT-1","BCSA2TumB1",3359,1917,"tumor",6,2.53051503423638,14.4685918428104,0
"GTGCGTGTATATGAGC-1","BCSA2TumB1",4826,2417,"tumor",2,3.56402818068794,15.3128885205139,0
"GTGCTATCCAGCTGGA-1","BCSA2TumB1",954,732,"tumor",4,4.61215932914046,9.32914046121593,0
"GTGCTCAAGTACTGTC-1","BCSA2TumB1",3671,2154,"tumor",5,4.630890765459,9.94279487877962,0
"GTGCTTACATCAGCGC-1","BCSA2TumB1",2930,1790,"tumor",6,2.32081911262799,13.6860068259386,0.0341296928327645
"GTGGACCAACCCGATT-1","BCSA2TumB1",5353,2597,"tumor",3,5.24939286381468,15.8789463852046,0
"GTGGACGCATTTGTCC-1","BCSA2TumB1",1304,984,"tumor",1,2.99079754601227,10.9662576687117,0
"GTGGAGCATGTCGGCC-1","BCSA2TumB1",3073,1738,"tumor",6,2.63586072242109,16.8890335177351,0
"GTGGAGCGTTTACCGA-1","BCSA2TumB1",1026,730,"tumor",7,7.60233918128655,11.598440545809,0
"GTGGAGTCGGCGGTTG-1","BCSA2TumB1",4257,2312,"tumor",2,3.21822879962415,13.272257458304,0.0234907211651398
"GTGGCTGTTTCTGTTC-1","BCSA2TumB1",1596,1038,"tumor",1,12.468671679198,10.2130325814536,0
"GTGGGAACAAACCGGG-1","BCSA2TumB1",4193,2188,"tumor",1,7.51252086811352,11.9961841163845,0
"GTGGTATAGTCTGCCG-1","BCSA2TumB1",1888,1266,"tumor",1,4.76694915254237,13.3474576271186,0
"GTGGTGATGGTTTGTG-1","BCSA2TumB1",2278,1163,"tumor",4,1.71202809482002,9.04302019315189,0.0438981562774363
"GTGGTGGCCAAGTGAA-1","BCSA2TumB1",5529,2727,"tumor",3,2.71296798697775,14.270211611503,0.0180864532465184
"GTGGTTACTTCTTTCG-1","BCSA2TumB1",3577,2097,"tumor",3,2.4601621470506,11.3502935420744,0
"GTGGTTTCCGCCTTTC-1","BCSA2TumB1",7604,3184,"tumor",3,3.36664913203577,19.621251972646,0
"GTGTACGAACCGTTCC-1","BCSA2TumB1",1880,1266,"tumor",6,3.72340425531915,14.5744680851064,0.0531914893617021
"GTGTATATCAGCGGGC-1","BCSA2TumB1",3193,1925,"tumor",2,3.19448794237394,12.8405887879737,0
"GTGTCAGTGTACGTGG-1","BCSA2TumB1",5488,2549,"tumor",2,4.31851311953353,18.0758017492711,0.0182215743440233
"GTGTCGTATAGCGTTC-1","BCSA2TumB1",2676,1651,"tumor",2,2.87742899850523,13.3781763826607,0
"GTGTGAATAACTTAGG-1","BCSA2TumB1",2343,1293,"tumor",4,2.21937686726419,10.7554417413572,0
"GTGTTACTATGCGTCC-1","BCSA2TumB1",2949,1795,"tumor",3,1.83112919633774,13.8351983723296,0
"GTTAAAGTAGGACTGG-1","BCSA2TumB1",4716,2543,"tumor",3,2.0568278201866,13.401187446989,0.0212044105173876
"GTTAACATCACTTAAA-1","BCSA2TumB1",6426,2995,"tumor",2,3.0812324929972,14.3168378462496,0.0311235605353252
"GTTAACTATGTTGTCA-1","BCSA2TumB1",4376,2299,"tumor",3,4.5018281535649,14.5566727605119,0
"GTTAAGGGTGCGATGT-1","BCSA2TumB1",5000,2681,"tumor",2,4.24,11.3,0.02
"GTTAAGTTAGAGTGGG-1","BCSA2TumB1",1639,1144,"tumor",6,2.01342281879195,9.82306284319707,0.12202562538133
"GTTACAATTGGTGACG-1","BCSA2TumB1",10232,3958,"tumor",5,3.60633307271306,14.034401876466,0.0488663017982799
"GTTACCTACAACTTGC-1","BCSA2TumB1",1944,1271,"tumor",1,3.90946502057613,12.3456790123457,0
"GTTACTTTGGGCCTAG-1","BCSA2TumB1",2596,1606,"tumor",4,3.73651771956857,11.171032357473,0
"GTTAGCCCATGACATC-1","BCSA2TumB1",1300,903,"tumor",1,4.23076923076923,10.4615384615385,0
"GTTAGCCGTAAATCAA-1","BCSA2TumB1",3214,1917,"tumor",5,1.52457996266335,10.2053515868077,0
"GTTAGGCTACCCGTTT-1","BCSA2TumB1",3708,1805,"tumor",4,7.22761596548004,13.4304207119741,0.0539374325782093
"GTTATAATACGGTGAA-1","BCSA2TumB1",3741,2168,"tumor",2,3.39481422079658,12.8575247260091,0.0267308206361935
"GTTATATCAGGAGCCA-1","BCSA2TumB1",4285,2210,"tumor",5,7.024504084014,12.6021003500583,0
"GTTATATTATCTCCCT-1","BCSA2TumB1",4925,2569,"tumor",3,3.10659898477157,12.9543147208122,0.0812182741116751
"GTTCAGTCGCCAAATG-1","BCSA2TumB1",4686,2464,"tumor",2,2.47545881348698,13.9351259069569,0
"GTTCATCGTTTGGCTG-1","BCSA2TumB1",2041,1260,"tumor",4,1.56785889269966,11.6609505144537,0
"GTTCCCGTAAACATAT-1","BCSA2TumB1",2019,1184,"tumor",4,3.21941555225359,7.23130262506191,0
"GTTCCGTCCGCCTGCA-1","BCSA2TumB1",4416,2262,"tumor",2,6.43115942028986,13.2925724637681,0
"GTTCGACAATTGTATA-1","BCSA2TumB1",2910,1807,"tumor",2,4.57044673539519,12.4398625429553,0.0343642611683849
"GTTCGCCATAAGTGCC-1","BCSA2TumB1",1351,932,"tumor",4,6.95780903034789,12.139156180607,0
"GTTCGCTGAGACGTCT-1","BCSA2TumB1",1924,1224,"tumor",1,3.32640332640333,14.7089397089397,0.051975051975052
"GTTCGGAGCACTCAAC-1","BCSA2TumB1",862,644,"tumor",7,11.1368909512761,10.9048723897912,0
"GTTCGGATCGGGAACA-1","BCSA2TumB1",5245,2469,"tumor",2,7.8741658722593,15.8817921830315,0.0381315538608198
"GTTCGGGCGTACCATT-1","BCSA2TumB1",2453,1503,"tumor",4,1.875254790053,10.558499796168,0.040766408479413
"GTTCGTCTAAAGAACT-1","BCSA2TumB1",11515,4209,"tumor",3,5.05427702996092,14.398610508033,0.0173686495874946
"GTTCGTCTGGGTCCCT-1","BCSA2TumB1",2513,1520,"tumor",5,3.70075606844409,14.1265419816952,0
"GTTCTTGTAACTCAAT-1","BCSA2TumB1",3029,1781,"tumor",4,4.58897325850116,8.71574777154176,0
"GTTGAACCGGTTCCAT-1","BCSA2TumB1",3358,1954,"tumor",4,4.64562239428231,11.8225134008338,0
"GTTGAGTCCCGCCGGT-1","BCSA2TumB1",4710,2507,"tumor",2,2.80254777070064,14.47983014862,0
"GTTGCGCTAACATTAC-1","BCSA2TumB1",2780,1623,"tumor",6,2.19424460431655,15.6115107913669,0.0359712230215827
"GTTGCGGACGGTCAGG-1","BCSA2TumB1",1793,1208,"tumor",4,4.79643056330173,9.70440602342443,0
"GTTGGACCGCATCAGG-1","BCSA2TumB1",1274,870,"tumor",4,6.35792778649922,10.4395604395604,0.0784929356357928
"GTTGGATTGAGAACAC-1","BCSA2TumB1",2978,1690,"tumor",4,2.98858294157153,8.83143049026192,0
"GTTGGATTTGCGTTGG-1","BCSA2TumB1",3893,2188,"tumor",2,4.98330336501413,10.5830978679681,0
"GTTGGTCATGCTATCC-1","BCSA2TumB1",1787,1212,"tumor",1,4.19697817571349,12.0872971460548,0
"GTTGTAGATTTATGAG-1","BCSA2TumB1",1817,1251,"tumor",1,5.22839845899835,12.1629058888277,0.110071546505228
"GTTTACGTTCCATCTG-1","BCSA2TumB1",2760,1724,"tumor",2,3.18840579710145,12.2101449275362,0.072463768115942
"GTTTCAAACGAGTTGT-1","BCSA2TumB1",1908,1241,"tumor",1,9.11949685534591,9.59119496855346,0
"GTTTCTAGAGGCGCGG-1","BCSA2TumB1",2331,1425,"tumor",1,7.03560703560704,12.5697125697126,0
"GTTTCTGCAGTCTCCC-1","BCSA2TumB1",3937,2142,"tumor",5,2.94640589281179,14.1986283972568,0.0254000508001016
"GTTTGACCAAATCCTA-1","BCSA2TumB1",741,617,"tumor",7,3.37381916329285,11.0661268556005,0
"GTTTGGCCCAAGTTAT-1","BCSA2TumB1",4022,2212,"tumor",2,2.75982098458478,13.5753356539035,0
"GTTTGGGCTTGTGAGC-1","BCSA2TumB1",1823,1261,"tumor",1,3.12671420735052,11.6291826659353,0
"GTTTGGGTTTCGCCCG-1","BCSA2TumB1",2542,1538,"tumor",1,6.72698662470496,13.5326514555468,0.03933910306845
"GTTTGGTAGGGTCAAC-1","BCSA2TumB1",2512,1526,"tumor",1,5.21496815286624,12.5398089171975,0.0398089171974522
"GTTTGGTGATCGGTGC-1","BCSA2TumB1",2913,1724,"tumor",1,2.43734981119121,16.3405423961552,0
"TAAACCCAGGAGGGCA-1","BCSA2TumB1",7994,3543,"tumor",3,3.08981736302227,14.2606955216412,0
"TAAAGACAACCCTTTA-1","BCSA2TumB1",2685,1618,"tumor",6,1.89944134078212,13.8919925512104,0
"TAAAGCGGTATTTCCA-1","BCSA2TumB1",1716,1140,"tumor",1,4.6037296037296,13.0536130536131,0
"TAAAGTGCACGTCTCG-1","BCSA2TumB1",2240,1392,"tumor",4,6.96428571428571,10.3571428571429,0
"TAAATCTTTACACCTC-1","BCSA2TumB1",3409,1901,"tumor",6,4.10677618069815,13.5230272807275,0
"TAAATTGTGGGTAAAG-1","BCSA2TumB1",815,617,"tumor",4,6.01226993865031,9.32515337423313,0
"TAAATTTAGTAACACC-1","BCSA2TumB1",4335,2239,"tumor",5,6.78200692041523,12.5720876585928,0
"TAACAGCGTTTGTGCT-1","BCSA2TumB1",2893,1709,"tumor",1,4.38990667127549,13.2734185966125,0
"TAACAGGTTCCCTTAG-1","BCSA2TumB1",1955,1251,"tumor",4,7.10997442455243,12.0716112531969,0
"TAACATACAATGTGGG-1","BCSA2TumB1",5168,2590,"tumor",5,1.83823529411765,11.3777089783282,0
"TAACCTACCGTCCGAG-1","BCSA2TumB1",2276,1459,"tumor",5,2.59226713532513,11.6432337434095,0
"TAACCTAGGGAGTCCA-1","BCSA2TumB1",6114,2823,"tumor",2,5.16846581615963,16.5685312397776,0
"TAACTATTACGCCAAA-1","BCSA2TumB1",5470,2758,"tumor",5,3.07129798903108,11.7550274223035,0
"TAACTCATCCGCGCGG-1","BCSA2TumB1",2174,1229,"tumor",4,5.01379944802208,10.3035878564857,0.0459981600735971
"TAAGAGGGACAGGGAC-1","BCSA2TumB1",5535,1978,"tumor",4,2.02348690153568,7.29900632339657,0
"TAAGCGCGAATCAAAT-1","BCSA2TumB1",5527,2806,"tumor",2,4.10711054821784,12.3213316446535,0
"TAAGGCATAACATCAA-1","BCSA2TumB1",2202,1400,"tumor",1,2.49772933696639,13.1244323342416,0
"TAAGGCCCGTCACCCT-1","BCSA2TumB1",5425,2782,"tumor",2,3.28110599078341,12.331797235023,0.0184331797235023
"TAAGGCTGAATCCCTC-1","BCSA2TumB1",5031,2485,"tumor",3,3.35917312661499,15.3448618564898,0
"TAAGGGCCTGTCCGAT-1","BCSA2TumB1",5975,2914,"tumor",2,4.87029288702929,12.9539748953975,0
"TAAGTAACATCTTGAC-1","BCSA2TumB1",4442,2245,"tumor",5,2.67897343538946,11.8865375956776,0.0225123818099955
"TAAGTCGCCGAGTATC-1","BCSA2TumB1",8575,3612,"tumor",3,2.96209912536443,14.1574344023324,0.0116618075801749
"TAAGTTGCGACGTAGG-1","BCSA2TumB1",10787,4151,"tumor",3,3.90284601835543,14.8512097895615,0
"TAATACTAGAACAGAC-1","BCSA2TumB1",12121,4611,"tumor",2,4.58708027390479,11.781206171108,0.00825014437752661
"TAATAGAACAGAGTTA-1","BCSA2TumB1",9510,3936,"tumor",3,3.05993690851735,12.3554153522608,0.0315457413249211
"TAATAGCTAAATGATG-1","BCSA2TumB1",2887,1615,"tumor",4,3.11742293037755,10.8417041912019,0
"TAATCAACCAAATGGG-1","BCSA2TumB1",4776,2403,"tumor",5,4.52261306532663,15.0544388609715,0.0209380234505863
"TAATTACGTCAGTAGA-1","BCSA2TumB1",1342,987,"tumor",1,5.58867362146051,9.68703427719821,0
"TAATTAGGACATCCGT-1","BCSA2TumB1",4352,2274,"tumor",3,2.18290441176471,15.8547794117647,0.0229779411764706
"TACAACGCACAACTCA-1","BCSA2TumB1",3562,1785,"tumor",4,4.66030320044919,9.8820887142055,0
"TACAAGGGCTTCTTTA-1","BCSA2TumB1",4111,2222,"tumor",2,4.50012162490878,14.4733641449769,0.0486499635125274
"TACACAGCCGTGGTGC-1","BCSA2TumB1",3981,2169,"tumor",1,8.49032906304949,10.9771414217533,0
"TACACCGTCGTTAGTC-1","BCSA2TumB1",1911,1229,"tumor",6,5.02354788069074,11.9309262166405,0
"TACACCTCTTCGAATC-1","BCSA2TumB1",8949,3532,"tumor",2,8.36965024025031,16.9292658397586,0.0111744328975305
"TACAGAAACGGTGGGC-1","BCSA2TumB1",7081,3246,"tumor",2,3.13515040248552,15.0684931506849,0
"TACATAGGCATACACC-1","BCSA2TumB1",3209,1815,"tumor",6,3.58367092552197,13.8049236522281,0.0311623558741041
"TACATGCCGGAATTGT-1","BCSA2TumB1",4417,2239,"tumor",4,5.04867557165497,13.3122028526149,0
"TACATTTCTAACGTGC-1","BCSA2TumB1",1980,1167,"tumor",4,3.98989898989899,9.24242424242424,0
"TACCAAATAGCCCAGA-1","BCSA2TumB1",1788,1222,"tumor",1,4.69798657718121,11.4653243847875,0
"TACCAATAAAGTACCA-1","BCSA2TumB1",5949,2815,"tumor",2,4.32005379055303,16.5910237014624,0.0168095478231636
"TACCAGAAGTAGGTTC-1","BCSA2TumB1",4219,2364,"tumor",3,2.82057359563878,12.2303863474757,0
"TACCAGGAATCCCGTC-1","BCSA2TumB1",1996,1146,"tumor",4,4.35871743486974,12.0240480961924,0
"TACCATGTATTGATTT-1","BCSA2TumB1",2100,1120,"tumor",4,1.0952380952381,10.8095238095238,0
"TACCGAATAATTGTAA-1","BCSA2TumB1",1615,1072,"tumor",4,5.32507739938081,10.6501547987616,0
"TACCGCGGACTTGCAG-1","BCSA2TumB1",1973,1303,"tumor",6,2.63558033451597,13.0765331981754,0
"TACCGGCTCACTGCCC-1","BCSA2TumB1",2782,1678,"tumor",6,2.94751976994968,13.5154565061107,0
"TACCGGTCGTTTCCAT-1","BCSA2TumB1",11058,3093,"tumor",3,2.37836860191716,21.5409658166034,0.0180864532465184
"TACCGTAGGTTAACTA-1","BCSA2TumB1",2929,1808,"tumor",2,2.79959030385797,11.4373506316149,0.0341413451689997
"TACCGTGCCTCGGACC-1","BCSA2TumB1",2083,1303,"tumor",1,4.2246759481517,14.594335093615,0
"TACCTACTCCCAGTAT-1","BCSA2TumB1",2915,1837,"tumor",2,3.39622641509434,10.3602058319039,0.0343053173241852
"TACCTCAGTTGTCTGT-1","BCSA2TumB1",4002,2257,"tumor",3,2.4487756121939,13.0434782608696,0.0249875062468766
"TACCTCCACACCAATG-1","BCSA2TumB1",12062,4418,"tumor",3,2.42082573370917,15.6441717791411,0.0082904990880451
"TACCTTAAGATTTCCC-1","BCSA2TumB1",4382,2374,"tumor",5,3.8110451848471,13.0077590141488,0
"TACGACGCTTGCTGCG-1","BCSA2TumB1",3667,2031,"tumor",6,2.34524134169621,13.5805835833106,0
"TACGACTGCCTCTTAG-1","BCSA2TumB1",3082,1826,"tumor",3,1.55743024010383,15.1200519143413,0
"TACGAGAACTTCACGT-1","BCSA2TumB1",6076,2977,"tumor",2,4.19684002633311,11.6853192890059,0
"TACGATGTTGATCATC-1","BCSA2TumB1",4438,2314,"tumor",4,4.41640378548896,11.6493916178459,0.0450653447498873
"TACGCAGTTCTTTCCT-1","BCSA2TumB1",1601,1010,"tumor",4,5.80886945658963,11.8051217988757,0
"TACGCCATATTCTAAT-1","BCSA2TumB1",3578,2030,"tumor",6,4.75125768585802,12.4371157070989,0
"TACGCCGAGGGTACCC-1","BCSA2TumB1",6795,3092,"tumor",2,1.64827078734364,16.8947755702723,0.0294334069168506
"TACGCCGCCTCAGAAG-1","BCSA2TumB1",1479,1002,"tumor",6,2.50169033130494,15.2129817444219,0
"TACGCCTCCATTCCGA-1","BCSA2TumB1",2220,1450,"tumor",1,2.97297297297297,13.5135135135135,0
"TACGCTATAGAAACCT-1","BCSA2TumB1",3240,2003,"tumor",5,1.79012345679012,9.90740740740741,0.0617283950617284
"TACGCTCCTAGAACTG-1","BCSA2TumB1",1770,978,"tumor",4,2.93785310734463,8.47457627118644,0
"TACGCTCGGTATTGGA-1","BCSA2TumB1",838,627,"tumor",7,6.92124105011933,12.291169451074,0
"TACGCTGCTGTGTTAA-1","BCSA2TumB1",3260,1891,"tumor",1,7.26993865030675,9.2638036809816,0
"TACGGAAGCCAAACCA-1","BCSA2TumB1",2550,1506,"tumor",4,6.3921568627451,9.01960784313725,0.0392156862745098
"TACGGCATGGACGCTA-1","BCSA2TumB1",792,567,"tumor",4,3.40909090909091,10.6060606060606,0
"TACGGGTAATAACATA-1","BCSA2TumB1",2422,1559,"tumor",4,3.67464905037159,9.7440132122213,0
"TACGTAAAGCGGAGTG-1","BCSA2TumB1",1395,1003,"tumor",1,5.59139784946237,10.6810035842294,0
"TACGTACTAGTGCTGA-1","BCSA2TumB1",7634,3359,"tumor",3,3.13073094052921,14.3961226093791,0
"TACGTGCAAGGTTCCT-1","BCSA2TumB1",2690,1601,"tumor",6,3.08550185873606,14.6468401486989,0
"TACGTGGGCCCAGGGC-1","BCSA2TumB1",2743,1567,"tumor",1,11.8847976667882,12.1399927087131,0.0364564345607
"TACGTTTACCGGCAAT-1","BCSA2TumB1",6780,3014,"tumor",5,4.85250737463127,15.1327433628319,0
"TACTACGTGCAATGCG-1","BCSA2TumB1",4364,2362,"tumor",4,4.10174152153987,10.3345554537122,0.0229147571035747
"TACTATGGTTCCTCAG-1","BCSA2TumB1",3379,1867,"tumor",2,3.166617342409,16.6025451316958,0
"TACTCCTCTAGTTGAC-1","BCSA2TumB1",1434,962,"tumor",1,3.83542538354254,16.1785216178522,0
"TACTCGTTTGAATCAA-1","BCSA2TumB1",1517,1040,"tumor",4,2.1094264996704,10.9426499670402,0
"TACTCTTACTTTACTG-1","BCSA2TumB1",2051,1356,"tumor",4,6.43588493417845,10.6777181862506,0
"TACTCTTTCGTCTTCA-1","BCSA2TumB1",3800,2110,"tumor",2,2.60526315789474,14.1052631578947,0
"TACTGAACAGATTTAG-1","BCSA2TumB1",1894,1261,"tumor",1,4.48785638859557,12.2492080253432,0
"TACTGTTTCTCTGGTA-1","BCSA2TumB1",4162,2261,"tumor",3,2.88322921672273,14.3440653531956,0
"TACTTAAACATGTACA-1","BCSA2TumB1",1233,884,"tumor",1,8.02919708029197,10.2189781021898,0
"TACTTGTTAGTAGTCC-1","BCSA2TumB1",5374,2672,"tumor",3,3.62858206177894,14.7748418310383,0.0372162262746558
"TACTTTACTGAGCCGG-1","BCSA2TumB1",1940,1306,"tumor",6,2.11340206185567,12.0618556701031,0
"TAGAATAGCCGATGAA-1","BCSA2TumB1",6951,3094,"tumor",2,3.13623939001582,16.2566537188894,0.0143864192202561
"TAGACGAAACGCCAAT-1","BCSA2TumB1",6100,2910,"tumor",2,5.45901639344262,13.5737704918033,0.0163934426229508
"TAGACGCCCGTACCGG-1","BCSA2TumB1",8586,3651,"tumor",5,3.0398322851153,12.9163754949918,0
"TAGACTACCTAGCGTT-1","BCSA2TumB1",2055,1293,"tumor",6,1.60583941605839,11.4841849148418,0
"TAGAGGGAGTTTATCT-1","BCSA2TumB1",2119,1135,"tumor",4,2.83152430391694,7.92826805096744,0
"TAGAGGTTCTACTTGT-1","BCSA2TumB1",2675,1639,"tumor",1,6.20560747663551,12.3738317757009,0
"TAGATATGGACTGGAA-1","BCSA2TumB1",3302,1930,"tumor",5,2.9678982434888,10.6904906117505,0.0302846759539673
"TAGATGGTTCCTTACT-1","BCSA2TumB1",2702,1657,"tumor",1,7.8460399703923,12.6943005181347,0
"TAGATTCAAAGTGCGG-1","BCSA2TumB1",3230,1897,"tumor",1,5.13931888544892,10.9287925696594,0
"TAGCAGTATGACTAAA-1","BCSA2TumB1",2607,1613,"tumor",1,6.367472190257,12.1212121212121,0.115074798619102
"TAGCCATTTCAAAGTC-1","BCSA2TumB1",6989,3233,"tumor",3,3.14780369151524,13.5784804693089,0.0143081985977965
"TAGCCGGCGGTCAGCG-1","BCSA2TumB1",2005,1219,"tumor",4,3.99002493765586,9.97506234413965,0
"TAGCGTCCCTCGATTG-1","BCSA2TumB1",6273,2933,"tumor",3,3.12450183325363,14.1080822572932,0
"TAGCGTCCGGTGTGGT-1","BCSA2TumB1",4531,2391,"tumor",2,2.31736923416464,14.3456190686383,0.0220701831825204
"TAGCGTTGGGTCTTAC-1","BCSA2TumB1",2621,1659,"tumor",5,2.44181610072491,12.2090805036246,0
"TAGCTAGAAGGCATGA-1","BCSA2TumB1",2548,1570,"tumor",1,2.90423861852433,11.1459968602826,0
"TAGCTAGTGATGATGG-1","BCSA2TumB1",6870,3123,"tumor",3,4.13391557496361,12.882096069869,0
"TAGCTCGCCTGATAAC-1","BCSA2TumB1",4523,2430,"tumor",2,2.76365244306876,12.3369445058589,0.0442184390891002
"TAGGCCTATATAGTCT-1","BCSA2TumB1",1978,1306,"tumor",1,11.2234580384226,7.88675429726997,0.0505561172901921
"TAGGCGATGAGGTCTC-1","BCSA2TumB1",4716,2201,"tumor",2,8.54537743850721,17.8541136556404,0.0212044105173876
"TAGGCTAAAGTGGCAC-1","BCSA2TumB1",4872,2438,"tumor",2,8.27175697865353,15.3325123152709,0
"TAGGGAGCTTGGGATG-1","BCSA2TumB1",6919,3169,"tumor",5,3.8589391530568,14.0627258274317,0.0144529556294262
"TAGGTCGCCGGAACTG-1","BCSA2TumB1",4524,2349,"tumor",5,2.51989389920424,11.3837312113174,0
"TAGGTGACGATAACCT-1","BCSA2TumB1",2260,1424,"tumor",1,4.33628318584071,12.787610619469,0
"TAGGTGCTCGCCTAGC-1","BCSA2TumB1",3549,2003,"tumor",5,3.60664976049591,13.6376444068752,0.0281769512538743
"TAGGTGTTCCACAGAT-1","BCSA2TumB1",3658,2080,"tumor",5,3.93657736468015,12.9305631492619,0.0273373428102788
"TAGGTTCGAGTTCGTC-1","BCSA2TumB1",4016,2187,"tumor",5,4.40737051792829,11.6533864541833,0
"TAGGTTCTGCTGAGAA-1","BCSA2TumB1",4626,2506,"tumor",5,4.34500648508431,10.8517077388673,0
"TAGTACCACAACTTTC-1","BCSA2TumB1",2052,1270,"tumor",4,5.60428849902534,10.672514619883,0
"TAGTAGCTTATACCAG-1","BCSA2TumB1",4191,2377,"tumor",3,2.57695060844667,11.3099498926271,0
"TAGTCCCGGAGACCAC-1","BCSA2TumB1",3981,2263,"tumor",2,2.96407937704094,13.1876412961567,0.0251193167545843
"TAGTCCGCAGAGAATG-1","BCSA2TumB1",1289,795,"tumor",4,3.64623739332816,11.7920868890613,0
"TAGTCCTGCACTAAGC-1","BCSA2TumB1",847,648,"tumor",7,6.25737898465171,11.5702479338843,0
"TAGTCGATCACGGGTT-1","BCSA2TumB1",3356,1836,"tumor",2,4.23122765196663,14.958283671037,0.0297973778307509
"TAGTCTAACAACGAGA-1","BCSA2TumB1",12985,4387,"tumor",3,2.4720831728918,18.2133230650751,0
"TAGTCTGCGGCACATT-1","BCSA2TumB1",883,648,"tumor",7,8.60702151755379,10.5322763306908,0
"TAGTCTGTGACGTTGC-1","BCSA2TumB1",2521,1550,"tumor",1,5.43435144783816,9.59936533121777,0.0396667988893296
"TAGTCTTTCCGAATTG-1","BCSA2TumB1",4514,2381,"tumor",2,4.49712007089056,13.5578201151972,0
"TATACACAGACGCCTT-1","BCSA2TumB1",2595,1654,"tumor",5,3.58381502890173,10.3275529865125,0
"TATACCGAGTGCCACA-1","BCSA2TumB1",2321,1409,"tumor",1,4.9116760017234,11.8052563550194,0
"TATACGCGTCATCACT-1","BCSA2TumB1",3356,2004,"tumor",2,3.57568533969011,11.4123957091776,0.0297973778307509
"TATAGAGTCGCTTGAA-1","BCSA2TumB1",1286,652,"tumor",7,6.37636080870918,19.2846034214619,0
"TATAGATGGTCGCAGT-1","BCSA2TumB1",2007,1296,"tumor",6,4.73343298455406,14.6487294469357,0.049825610363727
"TATATAGGGCTTTACG-1","BCSA2TumB1",1503,1048,"tumor",1,4.65735196274119,12.7744510978044,0.0665335994677312
"TATATATCGAGAAATG-1","BCSA2TumB1",5543,2859,"tumor",2,3.37362439112394,11.8527872992964,0
"TATATCAAAGTGATCT-1","BCSA2TumB1",1985,1306,"tumor",4,5.3904282115869,9.67254408060453,0
"TATATCCCTGGGAGGA-1","BCSA2TumB1",4423,2322,"tumor",3,3.48179968347276,13.0680533574497,0.0452181777074384
"TATCACCCAACCGACC-1","BCSA2TumB1",4122,2270,"tumor",4,3.68753032508491,10.6259097525473,0.0242600679281902
"TATCCAATTGGTTATC-1","BCSA2TumB1",4651,2375,"tumor",2,3.13910986884541,14.8140184906472,0
"TATCCATCTCGGTTAG-1","BCSA2TumB1",1692,1120,"tumor",4,7.91962174940898,11.0520094562648,0
"TATCCGCACCGTCGGG-1","BCSA2TumB1",2401,1515,"tumor",1,4.08163265306122,12.4947938359017,0
"TATCCTATCAACTGGT-1","BCSA2TumB1",3035,1770,"tumor",1,3.62438220757825,13.2784184514003,0
"TATCTACCACAGCGGG-1","BCSA2TumB1",4059,2228,"tumor",2,2.68539049026854,12.0719389012072,0
"TATCTTGCAATACAAC-1","BCSA2TumB1",1742,1138,"tumor",1,8.03673938002296,12.8013777267509,0
"TATGAAGAATTAAGGT-1","BCSA2TumB1",3232,1830,"tumor",1,10.1175742574257,11.7574257425743,0
"TATGATCCGGCACGCC-1","BCSA2TumB1",1224,869,"tumor",4,3.43137254901961,11.1111111111111,0
"TATGATCTTCTCTTTA-1","BCSA2TumB1",4208,2226,"tumor",2,6.77281368821293,13.8545627376426,0
"TATGATTCTGCTTGGT-1","BCSA2TumB1",1239,935,"tumor",1,4.19693301049233,11.138014527845,0
"TATGGCTAGGCTAATT-1","BCSA2TumB1",1708,1166,"tumor",4,2.86885245901639,11.5925058548009,0
"TATGGGACCGAGCAGG-1","BCSA2TumB1",1175,817,"tumor",4,5.19148936170213,10.2127659574468,0.170212765957447
"TATGGTCTGAGTAACA-1","BCSA2TumB1",4965,2215,"tumor",4,2.86002014098691,7.73413897280967,0.080563947633434
"TATGGTTAGTGGGAGA-1","BCSA2TumB1",3511,1944,"tumor",5,2.5918541726004,11.7345485616633,0
"TATGTAAAGTGCTTAA-1","BCSA2TumB1",8591,3592,"tumor",3,5.42428122453731,12.8855779303923,0.0116400884646723
"TATTAACCTGACCGCG-1","BCSA2TumB1",3280,1893,"tumor",1,3.75,14.2378048780488,0.0304878048780488
"TATTACCATCCTGCTT-1","BCSA2TumB1",5113,2594,"tumor",3,2.75767651085468,14.8445139839624,0.0195579894386857
"TATTCAATTCTAATCC-1","BCSA2TumB1",3814,2172,"tumor",5,3.80178290508652,11.2742527530152,0.0262191924488726
"TATTCCACTCAGCTCG-1","BCSA2TumB1",3490,2023,"tumor",2,2.89398280802292,12.1203438395415,0.0286532951289398
"TATTCCGAGCTGTTAT-1","BCSA2TumB1",5192,2602,"tumor",2,5.02696456086287,12.904468412943,0
"TATTCCTCCGCCCACT-1","BCSA2TumB1",9188,3718,"tumor",3,3.95080539834567,16.380060949064,0.065302568567697
"TATTCGTGCCAGAATA-1","BCSA2TumB1",5034,2540,"tumor",5,3.17838696861343,11.9785458879619,0
"TATTGACATTTCTGCC-1","BCSA2TumB1",1233,910,"tumor",6,2.4330900243309,12.8953771289538,0
"TATTTGATTTGCACAG-1","BCSA2TumB1",5106,2587,"tumor",2,4.71993732863298,13.3176654915785,0
"TCAAATTGTTGTGCCG-1","BCSA2TumB1",12819,4371,"tumor",3,6.03011155316327,17.0996177548951,0.01560184101724
"TCAAATTTGAGACTCA-1","BCSA2TumB1",2831,1686,"tumor",1,6.2522077004592,12.4690921935712,0.0353232073472271
"TCAACAAAGATAATTC-1","BCSA2TumB1",8845,3635,"tumor",3,5.61899378179763,16.088185415489,0.0113058224985868
"TCAACATAGCGCCCTA-1","BCSA2TumB1",6052,2885,"tumor",2,3.172504957039,13.6649041639128,0
"TCAACGAGGAGACAAA-1","BCSA2TumB1",5611,2680,"tumor",5,3.97433612546783,11.798253430761,0
"TCAACGCAGGAAATAA-1","BCSA2TumB1",12766,4578,"tumor",3,3.00015666614445,14.4681184396052,0.00783330722230926
"TCAACGCGACCGGCAG-1","BCSA2TumB1",1024,707,"tumor",7,10.25390625,11.1328125,0
"TCAACTGCAGAGTCAG-1","BCSA2TumB1",8961,3675,"tumor",3,2.86798348398616,15.4223858944314,0
"TCAAGAAATACTAGCT-1","BCSA2TumB1",6325,3112,"tumor",3,1.9604743083004,12.2529644268775,0.0158102766798419
"TCAAGCGCGGACGGTA-1","BCSA2TumB1",6496,3011,"tumor",2,6.26539408866995,13.8084975369458,0.0153940886699507
"TCAAGCTGCCTTGAAA-1","BCSA2TumB1",1991,1254,"tumor",4,4.1687594173782,12.054244098443,0
"TCAAGGTTACTACACC-1","BCSA2TumB1",3488,1964,"tumor",1,3.61238532110092,14.3061926605505,0.0573394495412844
"TCAATACGCCGTCATG-1","BCSA2TumB1",3571,1961,"tumor",1,5.01260151218146,14.1136936432372,0
"TCACAAACCGAGGTAC-1","BCSA2TumB1",4462,2481,"tumor",2,3.65307037203048,10.690273419991,0
"TCACAGCAAACTCGAA-1","BCSA2TumB1",3706,2119,"tumor",3,2.80626011872639,12.574203993524,0.0269832703723691
"TCACAGGAGAATAAGA-1","BCSA2TumB1",3343,1914,"tumor",1,5.80317080466647,11.5166018546216,0
"TCACAGGGAATCGCAA-1","BCSA2TumB1",5708,2773,"tumor",3,2.47021723896286,15.3118430273301,0.0350385423966363
"TCACAGGTTATTGGGC-1","BCSA2TumB1",1081,778,"tumor",4,3.51526364477336,13.3209990749306,0.0925069380203515
"TCACCCTCTTAAGATT-1","BCSA2TumB1",4033,2048,"tumor",5,2.35556657575006,10.0917431192661,0.0247954376394743
"TCACCGCTCGGCACTC-1","BCSA2TumB1",6060,2977,"tumor",3,2.45874587458746,11.6336633663366,0
"TCACGATGTCCGTGGA-1","BCSA2TumB1",4712,2304,"tumor",6,4.62648556876061,16.1290322580645,0.0424448217317487
"TCACGCATTGTAGATC-1","BCSA2TumB1",2338,1543,"tumor",4,3.464499572284,10.3507271171942,0.256629597946963
"TCACGTGCCCGATTCA-1","BCSA2TumB1",4924,2495,"tumor",3,1.52315190901706,13.7083671811535,0
"TCACTATCGTGCAATC-1","BCSA2TumB1",956,760,"tumor",7,3.24267782426778,9.51882845188284,0
"TCAGAACCTCCACAGG-1","BCSA2TumB1",1064,800,"tumor",4,2.91353383458647,9.3984962406015,0
"TCAGAACGGCGGTAAT-1","BCSA2TumB1",1975,1273,"tumor",4,6.88607594936709,9.56962025316456,0
"TCAGACGCTATAGAAG-1","BCSA2TumB1",3206,1970,"tumor",2,2.86961946350593,12.0399251403618,0
"TCAGCAGTAGGCCCTG-1","BCSA2TumB1",5102,2628,"tumor",5,3.7828302626421,14.641317130537,0
"TCAGCCAATCCGTAAA-1","BCSA2TumB1",2795,1701,"tumor",1,7.76386404293381,10.8765652951699,0
"TCAGCGCACGCCGTTT-1","BCSA2TumB1",1822,1206,"tumor",4,5.10428100987925,9.38529088913282,0
"TCAGTAGGGACTATAA-1","BCSA2TumB1",5249,2601,"tumor",4,5.10573442560488,12.4595160983044,0.0571537435702039
"TCAGTGTATACGTCAT-1","BCSA2TumB1",8864,3717,"tumor",3,2.14350180505415,15.6701263537906,0.0112815884476534
"TCATATGAGCTTTGTT-1","BCSA2TumB1",3399,1959,"tumor",2,3.03030303030303,13.8864371874081,0
"TCATCCTCAGCTGCTT-1","BCSA2TumB1",2406,1468,"tumor",1,9.76724854530341,12.5103906899418,0
"TCATCGACGACCGTCG-1","BCSA2TumB1",1651,1041,"tumor",1,13.2041187159297,11.7504542701393,0
"TCATCGATGGTCCCAA-1","BCSA2TumB1",9188,3981,"tumor",2,2.54680017414018,11.417065737919,0.0108837614279495
"TCATTTAAGTCTCCGA-1","BCSA2TumB1",4139,2252,"tumor",3,2.29524039623097,13.4331964242571,0
"TCATTTAGAAGTGTGA-1","BCSA2TumB1",4070,2163,"tumor",2,4.93857493857494,14.004914004914,0
"TCCAACTCAGCTATCT-1","BCSA2TumB1",6402,2975,"tumor",3,4.17057169634489,16.291783817557,0
"TCCAACTTTAAATTCT-1","BCSA2TumB1",5911,2807,"tumor",5,5.61664692945356,13.5340889866351,0.0169176112332939
"TCCAAGCCTAGACACA-1","BCSA2TumB1",1664,1144,"tumor",1,5.76923076923077,12.4399038461538,0
"TCCAATAAAGGCTACC-1","BCSA2TumB1",5113,2646,"tumor",2,2.8750244474868,13.4363387443771,0
"TCCACATCGTATATTG-1","BCSA2TumB1",2834,1711,"tumor",1,4.97529992942837,12.3853211009174,0
"TCCACCTCTAGCCTTT-1","BCSA2TumB1",3157,1866,"tumor",6,2.62907823883434,12.3851757998099,0
"TCCAGAGCACCGGTTC-1","BCSA2TumB1",2338,1534,"tumor",6,1.45423438836612,10.9923011120616,0
"TCCAGATGTACGCCAA-1","BCSA2TumB1",2924,1745,"tumor",5,4.24076607387141,12.1751025991792,0
"TCCAGCGCTATAAGCG-1","BCSA2TumB1",7449,3345,"tumor",3,3.79916767351322,12.9144851657941,0.0268492415089274
"TCCAGGCAGGACGATC-1","BCSA2TumB1",3936,2187,"tumor",2,3.60772357723577,13.6686991869919,0
"TCCAGGGTATATACGA-1","BCSA2TumB1",3613,2060,"tumor",1,4.29006365900913,13.8665928591198,0
"TCCATTCCCACTAGAG-1","BCSA2TumB1",3136,1809,"tumor",6,4.14540816326531,14.1900510204082,0
"TCCCAAACAGACAACG-1","BCSA2TumB1",1672,1036,"tumor",4,7.71531100478469,9.56937799043062,0
"TCCCAAAGCCCTAAAT-1","BCSA2TumB1",2756,1674,"tumor",6,2.68505079825835,15.3846153846154,0
"TCCCACTCTCTTCCGG-1","BCSA2TumB1",881,611,"tumor",4,1.47559591373439,8.74006810442679,0
"TCCCAGCACACGACAT-1","BCSA2TumB1",1372,800,"tumor",4,2.04081632653061,8.09037900874636,0
"TCCCGCCTATGTGCGT-1","BCSA2TumB1",955,699,"tumor",7,3.24607329842932,10.1570680628272,0
"TCCCGGGTGTGCTGCT-1","BCSA2TumB1",3299,1758,"tumor",4,4.63776902091543,15.9745377387087,0.63655653228251
"TCCCGTCGCGTCATAG-1","BCSA2TumB1",2351,1451,"tumor",6,3.48787749893662,13.9940450871969,0.0425350914504466
"TCCCGTGTGCAATTTG-1","BCSA2TumB1",3678,2077,"tumor",2,2.44698205546493,14.6547036432844,0
"TCCCTAGATCAATAGG-1","BCSA2TumB1",3464,1984,"tumor",5,2.80023094688222,12.6443418013857,0
"TCCGAACGTTGCCGCT-1","BCSA2TumB1",3792,2105,"tumor",2,4.19303797468355,13.7394514767933,0.0263713080168776
"TCCGAATGGTCCTGAG-1","BCSA2TumB1",1339,964,"tumor",6,2.31516056758775,10.9783420463032,0
"TCCGACCGCTAATCAA-1","BCSA2TumB1",5624,2737,"tumor",3,3.1827880512091,15.2382645803698,0
"TCCGCCTGTCTACAAG-1","BCSA2TumB1",1538,1061,"tumor",1,3.83615084525358,12.3537061118336,0
"TCCGCGGCAGCATCTG-1","BCSA2TumB1",3179,1690,"tumor",4,3.27146901541365,11.890531613715,0.0314564328405159
"TCCGCGGCCCAATGAA-1","BCSA2TumB1",4711,2466,"tumor",2,7.38696667374231,12.1205688813415,0.0424538314582891
"TCCGCTGTCATCCCGG-1","BCSA2TumB1",2663,1577,"tumor",1,5.18212542245588,14.9079984979347,0
"TCCGCTTATCCCATTA-1","BCSA2TumB1",2346,1513,"tumor",1,3.58056265984655,11.8925831202046,0
"TCCGGCCTAGCGTACA-1","BCSA2TumB1",4723,2381,"tumor",5,4.0652127884819,13.7412661443997,0.0423459665466864
"TCCGGGCTTGACGGGA-1","BCSA2TumB1",1093,801,"tumor",4,6.22140896614822,10.7959743824337,0
"TCCGGTTCGTCCGGTC-1","BCSA2TumB1",1916,1293,"tumor",1,2.66179540709812,12.6826722338205,0
"TCCGTTAAGCTAATAT-1","BCSA2TumB1",3307,1913,"tumor",2,5.08013305110372,13.2143937103115,0
"TCCGTTTAGCCTTGAA-1","BCSA2TumB1",1128,837,"tumor",4,6.47163120567376,10.2836879432624,0
"TCCTAAAGATTCAGAC-1","BCSA2TumB1",1945,1286,"tumor",1,4.52442159383033,13.0077120822622,0
"TCCTAAATTGGGAAGC-1","BCSA2TumB1",1757,1153,"tumor",1,6.03301081388731,12.6920887877063,0.0569151963574274
"TCCTAACCGTCGGGCA-1","BCSA2TumB1",4319,2264,"tumor",2,3.58879370224589,15.5128501968048,0
"TCCTACATCCACGGCC-1","BCSA2TumB1",4232,2145,"tumor",2,4.53686200378072,15.430056710775,0
"TCCTAGCAAAGAAGCT-1","BCSA2TumB1",7721,3433,"tumor",5,4.29996114492941,13.5215645641756,0
"TCCTATCATAGGTAAC-1","BCSA2TumB1",4562,2410,"tumor",3,4.07715914072775,12.8233231039018,0
"TCCTCGGGCTGGGCTT-1","BCSA2TumB1",3536,1963,"tumor",2,3.08257918552036,13.829185520362,0.0282805429864253
"TCCTTACGACGGTCCG-1","BCSA2TumB1",4319,2210,"tumor",2,7.13128038897893,14.2857142857143,0.0463070155128502
"TCCTTGTCCTTTAATT-1","BCSA2TumB1",5254,2852,"tumor",2,2.26494099733536,10.8298439284355,0
"TCCTTTAAATCCGCTT-1","BCSA2TumB1",6590,2952,"tumor",2,6.96509863429439,14.7799696509863,0.0151745068285281
"TCGAAGAACCGAGCAC-1","BCSA2TumB1",4376,2263,"tumor",5,3.6563071297989,13.9853747714808,0.0228519195612431
"TCGAATATCCCGCAGG-1","BCSA2TumB1",8039,3353,"tumor",2,2.97300659285981,16.6065431023759,0.0248787162582411
"TCGAATCGCAGGGTAG-1","BCSA2TumB1",823,639,"tumor",4,4.25273390036452,9.23450789793439,0
"TCGACAACTGAACCCG-1","BCSA2TumB1",4218,2002,"tumor",1,8.7719298245614,17.6623992413466,0
"TCGAGACCAACACCGT-1","BCSA2TumB1",1831,974,"tumor",4,3.87766247951939,8.90223921354451,0
"TCGAGCCAGGCAGGCC-1","BCSA2TumB1",9696,3817,"tumor",3,3.56848184818482,16.4397689768977,0.0103135313531353
"TCGAGGGCAACAGACG-1","BCSA2TumB1",6248,2827,"tumor",2,9.71510883482715,14.0364916773367,0
"TCGCAAAGATGCATTT-1","BCSA2TumB1",3588,2072,"tumor",2,2.31326644370123,12.3467112597547,0
"TCGCACCAGGAGGCAG-1","BCSA2TumB1",4277,2247,"tumor",2,2.50175356558335,15.4079962590601,0.0233808744447042
"TCGCATAAAGGGCGCA-1","BCSA2TumB1",1498,957,"tumor",4,7.07610146862483,10.4806408544726,0
"TCGCCGAAGTTGCGTC-1","BCSA2TumB1",5302,2604,"tumor",3,2.20671444737835,16.0128253489249,0
"TCGCCGACATATTCGC-1","BCSA2TumB1",1497,1055,"tumor",1,5.61122244488978,12.0240480961924,0
"TCGCTACTGGCTTTGA-1","BCSA2TumB1",5324,2680,"tumor",2,3.21187077385425,15.1953418482344,0.0187828700225394
"TCGCTCGGCACCAGCG-1","BCSA2TumB1",3505,1909,"tumor",2,5.53495007132668,12.1255349500713,0.0285306704707561
"TCGCTGCCAATGCTGT-1","BCSA2TumB1",3775,2057,"tumor",1,6.54304635761589,12.317880794702,0
"TCGGACGCCCAGCCCA-1","BCSA2TumB1",2118,1120,"tumor",4,4.57979225684608,9.44287063267233,0
"TCGGCGAACCCAAACC-1","BCSA2TumB1",6434,2974,"tumor",3,3.85452284737333,14.3767485234691,0.0155424308361828
"TCGGCTTGTATCGACG-1","BCSA2TumB1",6109,2798,"tumor",2,9.36323457194304,13.7502046161401,0.0163692912096906
"TCGGGAACGTGCCTAG-1","BCSA2TumB1",1903,1245,"tumor",4,1.99684708355229,11.7183394640042,0
"TCGGGAGACAGCGTAC-1","BCSA2TumB1",2055,1356,"tumor",1,4.37956204379562,10.9975669099757,0
"TCGGGCCGTCGTGGTA-1","BCSA2TumB1",4118,2126,"tumor",3,2.54978144730452,16.7799902865469,0.0242836328314716
"TCGTACCGACGTCAAG-1","BCSA2TumB1",4583,2373,"tumor",2,3.90573859917085,14.6628845734235,0
"TCGTCAAGTACGCGCA-1","BCSA2TumB1",8676,3374,"tumor",3,2.61641309359152,20.9774089442139,0.0345781466113416
"TCGTCTTAGGCGTTAA-1","BCSA2TumB1",5247,2679,"tumor",2,3.65923384791309,14.4463502954069,0
"TCGTGTTCGACCACAA-1","BCSA2TumB1",1680,1025,"tumor",1,6.42857142857143,18.8690476190476,0.0595238095238095
"TCGTTAGGAGTCCCTA-1","BCSA2TumB1",1695,1112,"tumor",1,5.48672566371681,13.7463126843658,0
"TCGTTGCTATCCGGTC-1","BCSA2TumB1",1784,1211,"tumor",1,2.63452914798206,13.6210762331839,0
"TCGTTTACGCGACCCT-1","BCSA2TumB1",2260,1440,"tumor",1,5.88495575221239,11.1946902654867,0
"TCTAATACTGCCTCAG-1","BCSA2TumB1",2261,1434,"tumor",1,5.79389650597081,12.7377266696152,0
"TCTACCCAATAGAGAG-1","BCSA2TumB1",3819,2088,"tumor",2,5.4726368159204,14.4278606965174,0
"TCTACGGGCTCAGTTG-1","BCSA2TumB1",1605,1077,"tumor",4,5.10903426791277,11.9003115264798,0
"TCTAGCAATCTCCGCC-1","BCSA2TumB1",6398,2901,"tumor",5,3.67302281963113,16.3175992497656,0.0156298843388559
"TCTAGCATGCCCAGAA-1","BCSA2TumB1",1899,1276,"tumor",1,3.47551342812006,12.0589784096893,0.0526592943654555
"TCTAGGTGGCGACGCT-1","BCSA2TumB1",4729,2365,"tumor",5,2.22034256713893,12.0109959822373,0
"TCTAGTGATATCGTGG-1","BCSA2TumB1",2536,1567,"tumor",6,3.23343848580442,13.7618296529968,0
"TCTAGTTATCAGAAGA-1","BCSA2TumB1",909,685,"tumor",7,5.83058305830583,10.4510451045105,0.11001100110011
"TCTATAGGTGGGTAAT-1","BCSA2TumB1",1332,917,"tumor",1,9.90990990990991,11.1861861861862,0
"TCTATGCTATAACGAC-1","BCSA2TumB1",1843,1222,"tumor",1,5.3174172544764,13.0222463374932,0
"TCTCAAATCAATCGGG-1","BCSA2TumB1",3911,2073,"tumor",1,9.74175402710304,11.9918179493736,0
"TCTCATGAGATAGGGT-1","BCSA2TumB1",5518,2679,"tumor",2,5.47299746284886,14.1536788691555,0.0181225081551287
"TCTCCACAAGTTGAAT-1","BCSA2TumB1",2355,1561,"tumor",1,4.24628450106157,10.3184713375796,0
"TCTCCCTGGGCAGCGT-1","BCSA2TumB1",3278,1897,"tumor",2,2.98962782184259,15.3142159853569,0
"TCTCGACGTATCGCCG-1","BCSA2TumB1",1989,1298,"tumor",1,2.96631473102061,13.6752136752137,0.0502765208647562
"TCTCGAGGAGGTTCGC-1","BCSA2TumB1",1474,1018,"tumor",1,6.64857530529172,12.2116689280868,0
"TCTCTCGCCGCACATA-1","BCSA2TumB1",8834,3709,"tumor",3,4.7430382612633,14.0253565768621,0.0113199003848766
"TCTCTTACCGCGAACC-1","BCSA2TumB1",3613,2018,"tumor",1,5.84002214226405,12.1228895654581,0
"TCTGAACTCGTACCCG-1","BCSA2TumB1",5426,2599,"tumor",2,3.22521194249908,16.6052340582381,0.0184297825285662
"TCTGAAGCACGTGGTC-1","BCSA2TumB1",7514,3376,"tumor",3,2.50199627362257,14.9454351876497,0.0266169816342827
"TCTGAATTCCGTACAA-1","BCSA2TumB1",4979,2532,"tumor",5,3.65535248041775,14.0188792930307,0.0200843542880096
"TCTGACGGGCTAACCC-1","BCSA2TumB1",1952,1230,"tumor",6,3.02254098360656,16.4446721311475,0
"TCTGACTGTAATGGTT-1","BCSA2TumB1",1221,757,"tumor",7,22.5225225225225,9.33660933660934,0.0819000819000819
"TCTGAGCAATTGACTG-1","BCSA2TumB1",1821,1209,"tumor",1,6.09555189456343,12.6853377265239,0.0549148819330039
"TCTGATCGGGTGCTAG-1","BCSA2TumB1",2147,1371,"tumor",6,3.26036329762459,12.6688402421984,0.0465766185374942
"TCTGATGTATTCTGTC-1","BCSA2TumB1",4398,2423,"tumor",3,2.61482492041837,11.7780809458845,0.022737608003638
"TCTGATTGGAAATGGA-1","BCSA2TumB1",2497,1521,"tumor",6,3.76451742090509,13.416099319183,0.040048057669203
"TCTGCACCATTAGTAA-1","BCSA2TumB1",3481,1943,"tumor",6,3.96437805228383,14.2775064636599,0
"TCTGCATACCTTGCTT-1","BCSA2TumB1",1297,919,"tumor",1,6.24518118735544,13.1842713955281,0
"TCTGCCAGAAACTGCA-1","BCSA2TumB1",4611,2423,"tumor",3,2.47234873129473,14.0099761440035,0.0433745391455216
"TCTGCGAATCGTTCGC-1","BCSA2TumB1",3711,2066,"tumor",5,1.9671247642145,12.5572621934788,0.0269469145782808
"TCTGCTTAGAACAAGC-1","BCSA2TumB1",2394,1494,"tumor",6,2.46449456975773,13.9933166248956,0
"TCTGGAGCGTAAGAGT-1","BCSA2TumB1",1587,1073,"tumor",6,2.83553875236295,14.8708254568368,0
"TCTGGCCGTTCAAGTT-1","BCSA2TumB1",1879,1176,"tumor",6,2.55455029270889,15.4869611495476,0.106439595529537
"TCTGGGAACCTTTGAA-1","BCSA2TumB1",4285,2286,"tumor",3,3.33722287047841,14.585764294049,0
"TCTGGGTAGCGCTCAT-1","BCSA2TumB1",4363,2198,"tumor",3,2.65872106348843,17.4650469860188,0
"TCTGTTACCCAGCATA-1","BCSA2TumB1",2860,1758,"tumor",5,2.13286713286713,12.3776223776224,0
"TCTTACTTATGCCTCT-1","BCSA2TumB1",5187,2582,"tumor",2,3.23886639676113,15.2303836514363,0.0385579332947754
"TCTTAGAGCTCCAATT-1","BCSA2TumB1",2045,1368,"tumor",6,2.8361858190709,12.6650366748166,0
"TCTTAGAGTGAACTCT-1","BCSA2TumB1",2655,1617,"tumor",6,3.50282485875706,14.0866290018832,0.0376647834274953
"TCTTCCCATGGGCACA-1","BCSA2TumB1",6897,3133,"tumor",3,2.29085109467885,13.5421197622155,0
"TCTTCGAATAGACGTT-1","BCSA2TumB1",1581,1045,"tumor",4,1.0752688172043,9.61416824794434,0
"TCTTCGATACCAATAA-1","BCSA2TumB1",1762,1140,"tumor",4,4.19977298524404,9.87514188422247,0.0567536889897843
"TCTTCGCGGTGAGAGG-1","BCSA2TumB1",2010,1274,"tumor",4,3.88059701492537,8.00995024875622,0
"TCTTCTATAACCCGCC-1","BCSA2TumB1",4104,2299,"tumor",2,1.58382066276803,12.5,0
"TCTTGCTCCCGATACT-1","BCSA2TumB1",2830,1640,"tumor",4,2.75618374558304,9.78798586572438,0.0353356890459364
"TCTTTAAGACTATGAA-1","BCSA2TumB1",5493,2740,"tumor",3,2.34844347351174,13.071181503732,0
"TCTTTAGAGTCTAACA-1","BCSA2TumB1",2417,1534,"tumor",1,3.68225072403806,12.2879602813405,0.0413736036408771
"TCTTTAGCAGGCGAAC-1","BCSA2TumB1",3126,1805,"tumor",6,2.39923224568138,14.555342290467,0
"TCTTTCCTTCGAGATA-1","BCSA2TumB1",2670,1576,"tumor",4,9.06367041198502,10.374531835206,0
"TGAAAGGACCTGACTC-1","BCSA2TumB1",6076,2942,"tumor",5,2.55102040816327,11.8005266622778,0
"TGAACAAGCAGGGACT-1","BCSA2TumB1",4974,2420,"tumor",2,2.3924406915963,18.2147165259349,0
"TGAATACCGACGCGTA-1","BCSA2TumB1",5359,2725,"tumor",2,2.20190334017541,14.5922746781116,0
"TGAATGAGATACAGCA-1","BCSA2TumB1",1855,1271,"tumor",4,1.61725067385445,12.5067385444744,0
"TGAATGAGTGTTTCCC-1","BCSA2TumB1",4106,2155,"tumor",5,3.336580613736,13.6385776911836,0
"TGAATGTCAGCCGGCC-1","BCSA2TumB1",6378,3014,"tumor",5,7.72969582941361,12.3236124176858,0
"TGACAACGCATGTCGC-1","BCSA2TumB1",2602,1577,"tumor",6,2.5749423520369,13.3358954650269,0
"TGACATCGAGCGGACC-1","BCSA2TumB1",2731,1710,"tumor",6,1.64774807762724,12.8158183815452,0
"TGACATGTAACGTGAC-1","BCSA2TumB1",2020,1292,"tumor",1,4.45544554455446,14.5544554455446,0
"TGACCAAATCTTAAAC-1","BCSA2TumB1",1364,964,"tumor",1,4.32551319648094,10.7038123167155,0
"TGACCCACGTTAGACA-1","BCSA2TumB1",4899,2517,"tumor",4,3.5517452541335,8.96101245152072,0.0408246580934885
"TGACGATGCACTAGAA-1","BCSA2TumB1",4758,2391,"tumor",3,3.44682639764607,13.4510298444725,0.0210172341319882
"TGACTATAATCCTTTC-1","BCSA2TumB1",5951,3011,"tumor",3,2.31893799361452,12.8885901529155,0.0504116955133591
"TGACTCCGAATCATAC-1","BCSA2TumB1",7727,3211,"tumor",5,6.09550925326776,17.0700142357966,0.0129416332341141
"TGAGAGATTTACCACG-1","BCSA2TumB1",6125,2872,"tumor",2,4.53877551020408,15.2163265306122,0.0326530612244898
"TGAGCCATACAGTCTC-1","BCSA2TumB1",5175,2521,"tumor",3,4.44444444444444,15.207729468599,0.0386473429951691
"TGAGCGGAAAGTGTTC-1","BCSA2TumB1",1899,1175,"tumor",4,3.26487625065824,11.6377040547657,0
"TGAGCTCAACTGTATA-1","BCSA2TumB1",1598,1059,"tumor",4,4.69336670838548,9.82478097622027,0
"TGAGGAGTGCCAGCTT-1","BCSA2TumB1",4097,2253,"tumor",2,2.95338052233341,12.3749084696119,0
"TGAGGTGTGTGGCGGA-1","BCSA2TumB1",1897,1221,"tumor",1,5.11333684765419,14.6020031628888,0.0527148128624143
"TGAGTAAATTAGCGTA-1","BCSA2TumB1",7439,3334,"tumor",3,2.95738674553031,12.6361070036295,0
"TGAGTGCCTCTTAAAT-1","BCSA2TumB1",5041,2631,"tumor",3,2.85657607617536,12.9537790121008,0
"TGAGTTAAAGACATTC-1","BCSA2TumB1",6373,3134,"tumor",2,2.32229719127569,12.1136042680057,0
"TGATACATTTAGCCGT-1","BCSA2TumB1",2473,1494,"tumor",1,4.9737161342499,14.152850788516,0.0404367165386171
"TGATCACCACACTGAC-1","BCSA2TumB1",3543,2011,"tumor",2,4.12080158058143,12.3624047417443,0
"TGATCCCAGCATTAGT-1","BCSA2TumB1",2819,1686,"tumor",5,3.61830436324938,13.0897481376375,0.0354735721887194
"TGATCTATCACACTCT-1","BCSA2TumB1",3454,1810,"tumor",1,16.3867979154603,10.7122177185871,0
"TGATGGCTGTTTCTGA-1","BCSA2TumB1",2677,1564,"tumor",6,3.02577512140456,13.5973104221143,0
"TGATGTCAATTAAGTG-1","BCSA2TumB1",8289,3678,"tumor",2,3.22113644589215,13.1620219568102,0.0241283628905779
"TGATTCCCGGTTACCT-1","BCSA2TumB1",1744,1150,"tumor",1,3.38302752293578,14.7362385321101,0.0573394495412844
"TGATTCGTCTATCACT-1","BCSA2TumB1",1943,1230,"tumor",4,3.70560988162635,10.1904271744725,0
"TGATTCTGTCGCCGGT-1","BCSA2TumB1",5092,2370,"tumor",4,2.31736056559309,10.2906520031422,0
"TGATTTATTAGCTGTG-1","BCSA2TumB1",8274,3472,"tumor",5,3.4203529127387,14.7328982354363,0.0120860526951898
"TGCAAAGTTCGTCTGT-1","BCSA2TumB1",1599,1031,"tumor",4,5.62851782363978,9.81863664790494,0.0625390869293308
"TGCAACCCATCTGCGG-1","BCSA2TumB1",5522,2784,"tumor",5,5.7587830496197,11.6262223831945,0
"TGCAACTACTGGTTGA-1","BCSA2TumB1",1582,1073,"tumor",1,10.1137800252845,9.73451327433628,0
"TGCAAGAATGACGTAA-1","BCSA2TumB1",707,597,"tumor",7,3.67751060820368,9.47666195190948,0
"TGCAATCTAACACGGT-1","BCSA2TumB1",1792,1206,"tumor",4,4.85491071428571,12.2209821428571,0
"TGCAGAGTACCGAGCA-1","BCSA2TumB1",7767,3460,"tumor",3,4.19724475344406,10.9051113686108,0
"TGCAGTTTCCTCCCAT-1","BCSA2TumB1",3855,2114,"tumor",2,3.99481193255512,14.2931258106355,0
"TGCATATGTCTGTCAC-1","BCSA2TumB1",6348,3101,"tumor",5,2.67800882167612,11.2003780718337,0.015752993068683
"TGCATGTGACCCATAG-1","BCSA2TumB1",1567,1047,"tumor",1,5.93490746649649,11.3592852584556,0
"TGCCAATGGGTACTCT-1","BCSA2TumB1",3045,1846,"tumor",2,3.61247947454844,11.0673234811166,0
"TGCCAGTACGTGGAGA-1","BCSA2TumB1",3632,2029,"tumor",2,3.66189427312775,13.2433920704846,0
"TGCCCGATAGTTAGAA-1","BCSA2TumB1",2782,1641,"tumor",1,12.508986340762,11.0711718188354,0
"TGCCCGTACCGTTAAA-1","BCSA2TumB1",4863,2461,"tumor",3,2.28254164096237,15.1552539584619,0
"TGCCGAAAGCGTATTC-1","BCSA2TumB1",3254,1833,"tumor",5,3.41118623232944,16.3491087891825,0
"TGCCGGATGTACGAGC-1","BCSA2TumB1",7115,3162,"tumor",2,4.46943078004216,15.2916373858046,0
"TGCCGTGGATCGTCCT-1","BCSA2TumB1",2103,1380,"tumor",1,4.08939610080837,12.791250594389,0
"TGCCGTGGGACCCAAT-1","BCSA2TumB1",2183,1130,"tumor",4,2.47366010077874,8.06229958772332,0
"TGCCTAAATTTAATAG-1","BCSA2TumB1",2641,1601,"tumor",3,2.57478227943961,13.8205225293449,0.0378644452858766
"TGCCTAATTGAAGATT-1","BCSA2TumB1",2843,1703,"tumor",1,4.32641575800211,13.01442138586,0.0351741118536757
"TGCCTTGGCCAGGCAA-1","BCSA2TumB1",2549,1562,"tumor",1,4.62926637897215,13.5739505688505,0
"TGCGACACCCTAGTGC-1","BCSA2TumB1",2088,1068,"tumor",4,2.10727969348659,8.86015325670498,0
"TGCGACGGCCGAACGT-1","BCSA2TumB1",2538,1587,"tumor",1,3.78250591016549,12.4113475177305,0
"TGCGAGAATATTACCC-1","BCSA2TumB1",4013,2259,"tumor",5,3.4637428357837,11.7617742337403,0.024919013207077
"TGCGCCGTTAATAACG-1","BCSA2TumB1",1511,1051,"tumor",4,2.38252812706817,12.2435473196559,0
"TGCGGACTTGACTCCG-1","BCSA2TumB1",2319,1431,"tumor",1,5.08840017248814,13.109098749461,0.043122035360069
"TGCGTAAGAACCTGAT-1","BCSA2TumB1",6076,2850,"tumor",3,4.42725477287689,15.339038841343,0
"TGCGTACGGCTAATTG-1","BCSA2TumB1",1657,1205,"tumor",1,5.43150271575136,9.29390464695232,0
"TGCGTTTGTTGACACT-1","BCSA2TumB1",3940,2198,"tumor",2,2.79187817258883,13.8832487309645,0
"TGCTAAGTGTCTATTT-1","BCSA2TumB1",9231,3707,"tumor",3,4.07323150254577,15.6429422597768,0.0108330625067707
"TGCTCCACAGTTCTTA-1","BCSA2TumB1",5732,2748,"tumor",3,2.98325191905094,16.2421493370551,0
"TGCTCGGCGAAACCCA-1","BCSA2TumB1",6143,2949,"tumor",2,3.20690216506593,12.8764447338434,0
"TGCTCGGTGGGTCACC-1","BCSA2TumB1",5288,2594,"tumor",2,7.99924357034796,13.0673222390318,0.018910741301059
"TGCTCTGCCGGTTCAC-1","BCSA2TumB1",1949,1283,"tumor",6,2.66803488968702,14.5715751667522,0
"TGCTCTTGAGAGTTTG-1","BCSA2TumB1",2690,1715,"tumor",1,2.15613382899628,11.4126394052045,0
"TGCTGTTGAAGAACTC-1","BCSA2TumB1",2412,1497,"tumor",4,2.19734660033168,11.0696517412935,0.0414593698175788
"TGCTTAGAGAGAATGC-1","BCSA2TumB1",3131,1842,"tumor",1,4.31172149473012,13.0309805174066,0
"TGCTTCCCAAGCAGTA-1","BCSA2TumB1",4415,2355,"tumor",2,3.44280860702152,11.8686296715742,0.0226500566251416
"TGGAACCACTGACACA-1","BCSA2TumB1",4232,2252,"tumor",5,5.29300567107751,10.1606805293006,0
"TGGAAGAAGGGAACGT-1","BCSA2TumB1",6141,2807,"tumor",3,4.4129620582967,15.7466210714867,0.0162839928350432
"TGGAATATCCTTGACC-1","BCSA2TumB1",1830,1167,"tumor",4,6.0655737704918,11.0382513661202,0
"TGGACCAATCTAAGAT-1","BCSA2TumB1",5811,2889,"tumor",2,3.40733092410945,11.7019445878506,0
"TGGACTGTTCGCTCAA-1","BCSA2TumB1",3405,1789,"tumor",4,2.93685756240822,10.2790014684288,0.0293685756240822
"TGGAGAATAATCGTCC-1","BCSA2TumB1",3903,2119,"tumor",5,6.27722264924417,11.1965155008967,0
"TGGAGGGAAACACCTC-1","BCSA2TumB1",2421,1447,"tumor",6,4.41966129698472,15.1590251961999,0
"TGGCAAACTAAATTAC-1","BCSA2TumB1",6796,3146,"tumor",3,1.94231901118305,15.0235432607416,0.0294290759270159
"TGGCAAGCACAAGTCG-1","BCSA2TumB1",2369,1455,"tumor",1,6.41620937104263,13.6766568172225,0.0422119037568594
"TGGCAATGGGACGGCG-1","BCSA2TumB1",3062,1754,"tumor",1,4.31090790333116,15.088177661659,0.0653167864141084
"TGGCAGATTACGATCA-1","BCSA2TumB1",4581,2413,"tumor",3,2.35756385068762,11.7441606636106,0
"TGGCAGCAGTAATAGT-1","BCSA2TumB1",5620,2774,"tumor",3,1.99288256227758,15.2846975088968,0.0355871886120997
"TGGCGACTGCTCCAAA-1","BCSA2TumB1",4010,2061,"tumor",2,4.93765586034913,14.8129675810474,0
"TGGCGATCAAGTTATG-1","BCSA2TumB1",3324,1883,"tumor",1,3.24909747292419,14.1095066185319,0
"TGGCTACACTCTACCT-1","BCSA2TumB1",1022,756,"tumor",7,5.28375733855186,10.958904109589,0
"TGGCTATGTGACATAC-1","BCSA2TumB1",3863,2183,"tumor",2,3.31348692725861,13.4351540253689,0.0258866166192079
"TGGGCAATAGTTGGGT-1","BCSA2TumB1",6827,3060,"tumor",2,7.49963380694302,13.9006884429471,0.0292954445583712
"TGGGCAGGCCACCGCA-1","BCSA2TumB1",5451,2724,"tumor",2,5.77875619152449,11.5942028985507,0
"TGGGCCCATACTAATT-1","BCSA2TumB1",5113,2535,"tumor",2,4.90905534911011,14.9814199100332,0.0586739683160571
"TGGGCGATACAATAAG-1","BCSA2TumB1",990,737,"tumor",4,3.83838383838384,10.5050505050505,0
"TGGGTGCACAAGCCAT-1","BCSA2TumB1",4299,2279,"tumor",5,6.32705280297744,13.7241218888114,0
"TGGGTGTAATAGATTT-1","BCSA2TumB1",1061,833,"tumor",1,5.8435438265787,9.23656927426956,0
"TGGGTGTTAAGTAGAA-1","BCSA2TumB1",1593,1045,"tumor",4,4.51977401129944,8.28625235404897,0
"TGGTAGAATATATGGG-1","BCSA2TumB1",3718,2099,"tumor",2,4.67993544916622,12.1839698762776,0.0268961807423346
"TGGTCCCACGCTACGG-1","BCSA2TumB1",3979,2247,"tumor",2,2.66398592611209,12.2392560944961,0
"TGGTGCCCTGCCTTAC-1","BCSA2TumB1",1274,877,"tumor",4,3.53218210361068,8.712715855573,0
"TGGTTAAGGGCGCTGG-1","BCSA2TumB1",2479,1525,"tumor",4,3.59015732150061,12.1016538926987,0
"TGGTTCAACGGGTAAT-1","BCSA2TumB1",7855,3416,"tumor",3,2.46976448122215,14.2202418841502,0
"TGGTTTAAACGTGGGT-1","BCSA2TumB1",1921,1210,"tumor",4,3.90421655387819,13.5866736074961,0
"TGTACCTACACGAGGG-1","BCSA2TumB1",7052,3235,"tumor",2,4.94895065229722,12.4220079410096,0
"TGTACGAACAAATCCG-1","BCSA2TumB1",6301,2809,"tumor",5,5.68163783526424,11.9028725599111,0.0476114902396445
"TGTACTACTCTCACGG-1","BCSA2TumB1",2124,1331,"tumor",4,6.30885122410546,13.1826741996234,0.0470809792843691
"TGTAGCCAATTCCGTT-1","BCSA2TumB1",8588,3380,"tumor",2,9.75780158360503,15.1374010246856,0.0582207731718677
"TGTAGCCATCCCATTC-1","BCSA2TumB1",2591,1475,"tumor",1,8.91547664994211,12.9679660362794,0
"TGTAGGAGAAATTTCC-1","BCSA2TumB1",5206,2655,"tumor",5,2.5355359200922,12.0245870149827,0
"TGTAGTGATCTATAAT-1","BCSA2TumB1",2437,1456,"tumor",4,4.67788264259335,10.7919573245794,0.123102174805088
"TGTATACGGATGATGA-1","BCSA2TumB1",2015,1267,"tumor",4,3.42431761786601,14.3920595533499,0.0496277915632754
"TGTATGGCGCAGACAG-1","BCSA2TumB1",3858,2021,"tumor",5,6.40228097459824,14.3079315707621,0.0259201658890617
"TGTCATTTGTTGGGAA-1","BCSA2TumB1",1831,1236,"tumor",4,6.22610595303113,10.4860731840524,0
"TGTCCACGGCTCAACT-1","BCSA2TumB1",2652,1511,"tumor",4,7.42835595776772,10.2941176470588,0
"TGTCCGCAAACAATTC-1","BCSA2TumB1",1348,956,"tumor",4,4.67359050445104,9.34718100890208,0
"TGTCGTTATCACATAT-1","BCSA2TumB1",4514,2333,"tumor",4,5.16171909614533,12.2507753655295,0
"TGTGAGACTAGCCCAA-1","BCSA2TumB1",2990,1867,"tumor",2,1.80602006688963,10.5351170568562,0
"TGTGCCGGTGCCGGAA-1","BCSA2TumB1",6361,2827,"tumor",5,5.69092909919824,14.6989467064927,0
"TGTGGACTATCTACGT-1","BCSA2TumB1",6442,2835,"tumor",3,6.45762185656628,16.2837628065818,0
"TGTGGCGGGCTTCTGG-1","BCSA2TumB1",3025,1775,"tumor",1,3.37190082644628,13.8181818181818,0.0330578512396694
"TGTGGCTCCCACCAAC-1","BCSA2TumB1",1857,1221,"tumor",1,2.80021540118471,14.1087775982768,0
"TGTGGTAGGGTGCCTT-1","BCSA2TumB1",3045,1083,"tumor",4,0.623973727422003,7.15927750410509,0
"TGTGGTTGCTAAAGCT-1","BCSA2TumB1",3224,1872,"tumor",2,3.10173697270472,15.1985111662531,0.0310173697270472
"TGTTATTGTATGTGGC-1","BCSA2TumB1",4515,2311,"tumor",5,5.00553709856036,16.1461794019934,0.0221483942414175
"TGTTCCGCTTCCATGA-1","BCSA2TumB1",6771,3018,"tumor",5,9.00900900900901,12.1990843302319,0.0147688672278836
"TGTTCCGGCCTGAGCT-1","BCSA2TumB1",2871,1741,"tumor",1,3.93591083246256,10.9021246952281,0
"TGTTCGTATTGCGGTG-1","BCSA2TumB1",2997,1811,"tumor",6,2.46913580246914,12.6793460126793,0
"TGTTCTTCCATTGACT-1","BCSA2TumB1",1822,1167,"tumor",4,4.55543358946213,9.05598243688255,0.0548847420417124
"TGTTGCCGTCGTCCCA-1","BCSA2TumB1",2595,1552,"tumor",6,2.85163776493256,14.1811175337187,0.0770712909441233
"TGTTTGAGATCGTCAG-1","BCSA2TumB1",1451,1032,"tumor",1,3.92832529290145,11.4403859407305,0
"TTAAACTCGAATTCAT-1","BCSA2TumB1",7751,3493,"tumor",3,2.60611533995614,13.0305766997807,0.0258031221777835
"TTAAAGGCGATGCTCG-1","BCSA2TumB1",2356,1443,"tumor",4,2.20713073005093,7.97962648556876,0
"TTAACGAACAAGCAGT-1","BCSA2TumB1",2145,1398,"tumor",4,4.70862470862471,10.2564102564103,0
"TTAAGATAGGATTGAC-1","BCSA2TumB1",5237,2660,"tumor",3,2.234103494367,14.4166507542486,0
"TTAAGGCCCGTACTTT-1","BCSA2TumB1",1829,1215,"tumor",1,5.74084199015856,11.9190814652816,0
"TTAAGTATTGTTATCC-1","BCSA2TumB1",2033,1332,"tumor",1,5.41072306935563,12.0019675356616,0
"TTAATTGCTTTGGGTG-1","BCSA2TumB1",1358,918,"tumor",4,3.53460972017673,11.7083946980854,0
"TTACACGATCTGCGAC-1","BCSA2TumB1",5164,2486,"tumor",2,6.40975987606507,14.9496514329977,0
"TTACAGACCTAAATGA-1","BCSA2TumB1",2052,1272,"tumor",4,7.35867446393762,11.8908382066277,0
"TTACATGCCACAACTA-1","BCSA2TumB1",5244,2601,"tumor",3,2.13577421815408,14.5118230358505,0
"TTACCCTAGGGATTGG-1","BCSA2TumB1",2639,1506,"tumor",1,2.72830617658204,10.7616521409625,0
"TTACGGATGGTTCGAG-1","BCSA2TumB1",4088,2185,"tumor",5,3.10665362035225,13.5518590998043,0
"TTACGTATCTATGACA-1","BCSA2TumB1",1637,1134,"tumor",4,3.2376298106292,9.46854001221747,0
"TTACTAAAGGACTTTA-1","BCSA2TumB1",5569,2823,"tumor",3,2.424133596696,12.928712515712,0
"TTACTCCGGCCGGGAA-1","BCSA2TumB1",4453,2292,"tumor",5,5.99595778127105,11.5427801482147,0
"TTACTCTGGTACGTAC-1","BCSA2TumB1",10023,3976,"tumor",3,2.35458445575177,16.8213109847351,0.0099770527786092
"TTACTGGGATATTTCA-1","BCSA2TumB1",6776,3152,"tumor",3,2.81877213695396,12.8984651711924,0
"TTAGAAGAACATGACT-1","BCSA2TumB1",3424,1947,"tumor",2,3.59228971962617,12.5292056074766,0
"TTAGAATAAGGGTCGG-1","BCSA2TumB1",3431,1898,"tumor",1,5.30457592538618,13.9317983095307,0
"TTAGACGAGTCACCTC-1","BCSA2TumB1",3802,2118,"tumor",2,4.02419779063651,13.8874276696476,0
"TTAGAGTTTAGAAGGA-1","BCSA2TumB1",3524,1952,"tumor",5,4.08626560726447,12.9965947786606,0
"TTAGCTGATTTGCCGT-1","BCSA2TumB1",1951,1310,"tumor",6,3.38288057406458,13.5315222962583,0
"TTAGGATGGGAGGGTA-1","BCSA2TumB1",2163,1341,"tumor",6,1.84928340268146,16.6897827092002,0
"TTAGGTCATAACCGAC-1","BCSA2TumB1",8341,3406,"tumor",2,5.87459537225752,15.6575950125884,0
"TTAGTAAACCTGCTCT-1","BCSA2TumB1",2961,1782,"tumor",1,4.62681526511314,12.7997298210064,0
"TTAGTTATTCGTGGCA-1","BCSA2TumB1",5454,2667,"tumor",2,3.72203887055372,15.9149248258159,0
"TTAGTTCAAGTGTTCG-1","BCSA2TumB1",1343,896,"tumor",4,6.40357408786299,9.67982129560685,0
"TTATAGGTAATTGTCT-1","BCSA2TumB1",2510,1610,"tumor",1,4.30278884462151,11.0756972111554,0
"TTATATACGCTGTCAC-1","BCSA2TumB1",4486,2438,"tumor",3,2.54123941150245,11.2572447614802,0
"TTATCCGGGATCTATA-1","BCSA2TumB1",3367,1927,"tumor",5,5.52420552420553,12.4146124146124,0
"TTATGAATGAAAGGGA-1","BCSA2TumB1",5200,2616,"tumor",3,2.96153846153846,12.5192307692308,0
"TTATGATCTTAACGAA-1","BCSA2TumB1",6310,3025,"tumor",3,2.32963549920761,13.7876386687797,0.0316957210776545
"TTATGCGTCCCGGTCC-1","BCSA2TumB1",743,592,"tumor",7,4.03768506056528,7.80619111709287,0
"TTATTAGAGCGTGTTC-1","BCSA2TumB1",2913,1810,"tumor",3,1.44181256436663,13.8688637143838,0.0343288705801579
"TTATTATCTGGAAGGC-1","BCSA2TumB1",3680,2045,"tumor",4,4.29347826086957,12.2282608695652,0
"TTCAAAGTCTCTAGCC-1","BCSA2TumB1",6500,3140,"tumor",3,2.75384615384615,11.7384615384615,0
"TTCAATACTCTGAATC-1","BCSA2TumB1",6406,3036,"tumor",3,3.01280049953169,14.8454573837028,0.0156103652825476
"TTCACGAAAGGATCAC-1","BCSA2TumB1",1250,848,"tumor",4,4.64,10.56,0
"TTCACTCGAGCACCTA-1","BCSA2TumB1",4882,2520,"tumor",2,2.92912740680049,14.6661204424416,0
"TTCACTTCCTAGAACG-1","BCSA2TumB1",3862,2017,"tumor",1,5.69653029518384,13.386846193682,0
"TTCAGCCCTGGTCCAC-1","BCSA2TumB1",5857,2776,"tumor",2,5.66843093733993,14.0344886460645,0
"TTCAGCTGGCGTGCCC-1","BCSA2TumB1",6390,2984,"tumor",2,6.07198748043818,13.5837245696401,0
"TTCAGTTCAAGAGGAG-1","BCSA2TumB1",1441,1001,"tumor",1,5.75988896599584,12.4219292158223,0
"TTCCAATCTGGCTATC-1","BCSA2TumB1",4105,2207,"tumor",4,3.60535931790499,11.863580998782,0
"TTCCACACAGATTTGA-1","BCSA2TumB1",5419,2695,"tumor",3,2.97102786491973,14.0616349880052,0.0184535892231039
"TTCCAGACGAGATTTA-1","BCSA2TumB1",2772,1636,"tumor",6,3.86002886002886,16.5584415584416,0.0360750360750361
"TTCCATCGACAGCGTG-1","BCSA2TumB1",1224,869,"tumor",1,4.90196078431373,14.624183006536,0
"TTCCGCGTGAGGCGAT-1","BCSA2TumB1",3227,1831,"tumor",1,4.46234893089557,14.1927486829873,0.0309885342423303
"TTCCGGCCTTGAGGCT-1","BCSA2TumB1",3713,2100,"tumor",2,3.44734715863183,13.5739294371128,0
"TTCCGGTATCTGTGTC-1","BCSA2TumB1",2101,1317,"tumor",6,2.5702046644455,15.0404569252737,0
"TTCCGGTTACCCACTT-1","BCSA2TumB1",6959,3151,"tumor",3,3.49188101738756,15.1027446472194,0.0143698807299899
"TTCCTCGGACTAACCA-1","BCSA2TumB1",5092,2575,"tumor",2,4.63472113118618,14.4540455616654,0
"TTCGACAGAGCCCGTG-1","BCSA2TumB1",2070,1382,"tumor",6,1.83574879227053,14.2028985507246,0
"TTCGCACTGTACGACA-1","BCSA2TumB1",5052,2504,"tumor",2,3.97862232779097,13.5985748218527,0.0593824228028504
"TTCGCGCGCCATACGA-1","BCSA2TumB1",6591,3070,"tumor",3,1.9723865877712,16.0521923835533,0
"TTCGCTAGGAAGTTGT-1","BCSA2TumB1",2213,1380,"tumor",6,2.44012652507908,13.2399457749661,0
"TTCGGGACTAATCGCG-1","BCSA2TumB1",5233,2633,"tumor",5,2.38868717752723,11.5612459392318,0.0191094974202178
"TTCGGGCGCTAGTCTT-1","BCSA2TumB1",3958,2129,"tumor",2,3.84032339565437,14.9823143001516,0.0252652854977261
"TTCGGGTTGCCACGGG-1","BCSA2TumB1",4259,1444,"tumor",4,1.10354543320028,6.48039445879314,0
"TTCGGTACTGTAGAGG-1","BCSA2TumB1",2103,1416,"tumor",1,3.09082263433191,11.5073704232049,0
"TTCGGTGGAGACGCCC-1","BCSA2TumB1",2234,1391,"tumor",5,3.89435989256938,13.8316920322292,0
"TTCTAACCGAAGCTTA-1","BCSA2TumB1",6045,3074,"tumor",3,1.98511166253102,11.645988420182,0.0165425971877585
"TTCTAGAAAGTCTTAT-1","BCSA2TumB1",11626,4280,"tumor",3,4.80818854292104,15.0696714261139,0.0258042318940306
"TTCTATGCCTTTCGCA-1","BCSA2TumB1",1947,1195,"tumor",6,5.9065228556754,16.9491525423729,0
"TTCTATTAAACGCAGC-1","BCSA2TumB1",4011,2149,"tumor",2,3.26601844926452,14.7095487409624,0
"TTCTGACCGGGCTCAA-1","BCSA2TumB1",5429,2806,"tumor",3,3.37078651685393,12.3963897587033,0
"TTCTGCCGCGCCTAGA-1","BCSA2TumB1",2195,1441,"tumor",1,2.27790432801822,12.255125284738,0
"TTCTGCGGGTTAGCGG-1","BCSA2TumB1",3705,2057,"tumor",5,4.12955465587045,14.0620782726046,0
"TTCTGCTAGACTCCAA-1","BCSA2TumB1",1986,1345,"tumor",4,3.42396777442095,10.3726082578046,0
"TTCTTATCCGCTGGGT-1","BCSA2TumB1",4036,2148,"tumor",2,4.58374628344896,14.0485629335976,0.0495540138751239
"TTCTTGAGCCGCGCTA-1","BCSA2TumB1",2541,1309,"tumor",4,1.45611963793782,9.01219992129083,0.0393545848091303
"TTCTTGCTAGCATCTC-1","BCSA2TumB1",1537,1061,"tumor",6,3.18802862719584,13.597918022121,0
"TTCTTGGACGATCTGC-1","BCSA2TumB1",4042,2238,"tumor",5,4.15635823849579,14.3740722414646,0
"TTCTTTGGTCGCGACG-1","BCSA2TumB1",989,714,"tumor",4,4.04448938321537,11.2234580384226,0
"TTGAAAGGTGTAAAGG-1","BCSA2TumB1",657,516,"tumor",7,5.63165905631659,8.52359208523592,0
"TTGAACGACGTGCTGA-1","BCSA2TumB1",11986,4379,"tumor",3,3.07859169030536,15.0425496412481,0.00834306691139663
"TTGAAGAATTCCCAGG-1","BCSA2TumB1",801,627,"tumor",4,3.1210986267166,9.61298377028714,0
"TTGAAGGATGGGCGCC-1","BCSA2TumB1",1683,1041,"tumor",4,8.37789661319073,10.1010101010101,0
"TTGAATATGGACTTTC-1","BCSA2TumB1",11627,4244,"tumor",3,3.91330523780855,13.8642814139503,0.00860067085232648
"TTGAATTCACGTGAGG-1","BCSA2TumB1",6387,2948,"tumor",3,2.06669798027243,15.2340692030687,0
"TTGACAGGAGCTCCCG-1","BCSA2TumB1",3115,1795,"tumor",1,5.97110754414125,13.3868378812199,0
"TTGACATGAACGTGGA-1","BCSA2TumB1",9179,3511,"tumor",3,4.7935504956967,17.8559755964702,0
"TTGACCAGGAACAACT-1","BCSA2TumB1",5244,2597,"tumor",2,5.09153318077803,13.9588100686499,0
"TTGACCGTGTTAATGA-1","BCSA2TumB1",6893,3121,"tumor",3,3.27868852459016,14.9862179022196,0.0290149426954882
"TTGACGCTCCATGAGC-1","BCSA2TumB1",2214,1417,"tumor",6,2.75519421860885,11.5176151761518,0
"TTGACTACCATATGGT-1","BCSA2TumB1",8083,3487,"tumor",3,3.40220215266609,14.6975132995175,0.0247432883830261
"TTGACTATTGTCCGGC-1","BCSA2TumB1",8630,3534,"tumor",2,8.56315179606026,14.449594438007,0
"TTGAGAAGTTTAGCAT-1","BCSA2TumB1",7971,3448,"tumor",3,5.49491908167106,15.205118554761,0
"TTGAGAGTACTGCTAA-1","BCSA2TumB1",8393,3369,"tumor",3,2.35910878112713,18.348623853211,0
"TTGAGCAGCCCACGGT-1","BCSA2TumB1",6849,3130,"tumor",3,4.4094028325303,15.155497152869,0.014600671630895
"TTGAGCGCCACGTGAT-1","BCSA2TumB1",2032,1299,"tumor",6,3.1003937007874,14.7145669291339,0
"TTGAGTCCCGCTGCTG-1","BCSA2TumB1",2322,1432,"tumor",6,2.28251507321275,14.6856158484065,0
"TTGATAGTCAATACAT-1","BCSA2TumB1",4183,2289,"tumor",3,3.0360984939039,12.2400191250299,0.047812574707148
"TTGATGCCGCTCGTCG-1","BCSA2TumB1",3164,1803,"tumor",1,4.86725663716814,13.716814159292,0.0316055625790139
"TTGATTAGCTGTTTCT-1","BCSA2TumB1",6132,2896,"tumor",3,2.72341813437704,16.0632746249185,0
"TTGCAAGAAGACTCCT-1","BCSA2TumB1",2236,1321,"tumor",4,3.62254025044723,8.00536672629696,0
"TTGCACAATTCAGAAA-1","BCSA2TumB1",8503,3624,"tumor",3,2.74020933788075,11.6194284370222,0.0352816652946019
"TTGCATGCTGATCACG-1","BCSA2TumB1",5586,2682,"tumor",3,3.52667382742571,16.6308628714644,0
"TTGCCAAGCAGAACCC-1","BCSA2TumB1",5109,2556,"tumor",3,2.23135642982971,14.8952828342141,0
"TTGCCCTGATCACGGG-1","BCSA2TumB1",6372,3048,"tumor",5,5.13182674199623,10.0596359070935,0
"TTGCCGCAGACCTACA-1","BCSA2TumB1",3036,1250,"tumor",4,3.3596837944664,6.91699604743083,0
"TTGCCGCTTTCTAGTA-1","BCSA2TumB1",2386,1454,"tumor",1,4.19111483654652,12.7409891031014,0
"TTGCCTTCTCGCCGGG-1","BCSA2TumB1",674,508,"tumor",7,10.0890207715134,10.3857566765579,0
"TTGCGCTTGATCAATA-1","BCSA2TumB1",1658,1070,"tumor",1,15.4402895054282,9.4692400482509,0
"TTGCGGCATCAGAAAG-1","BCSA2TumB1",4521,2308,"tumor",5,5.72882105728821,13.5147091351471,0
"TTGCGTCGGCCAACCG-1","BCSA2TumB1",2789,1660,"tumor",5,4.08748655432055,11.9397633560416,0.0358551452133381
"TTGCGTGTGTAGGCAT-1","BCSA2TumB1",3544,1841,"tumor",6,9.19864559819413,15.3216704288939,0
"TTGCTCATAGTACGTG-1","BCSA2TumB1",5133,2624,"tumor",2,7.87064095071109,11.7475160724722,0
"TTGCTGATCATGTTCG-1","BCSA2TumB1",668,531,"tumor",7,3.74251497005988,10.0299401197605,0
"TTGGACCATCTGGCAA-1","BCSA2TumB1",6378,3099,"tumor",3,2.93195359046723,13.436814048291,0
"TTGGACCTATAACAGT-1","BCSA2TumB1",5616,2657,"tumor",2,6.32122507122507,14.031339031339,0.0178062678062678
"TTGGATATCGTCTACG-1","BCSA2TumB1",2536,1643,"tumor",6,2.28706624605678,10.0946372239748,0
"TTGGCGATCCGAATAT-1","BCSA2TumB1",2026,1294,"tumor",6,2.61599210266535,15.6959526159921,0
"TTGGCTCAATATGTGT-1","BCSA2TumB1",1949,1253,"tumor",1,13.801949717804,8.92765520779887,0
"TTGGGAAGACGAGCCG-1","BCSA2TumB1",2215,1420,"tumor",1,6.18510158013544,11.6027088036117,0
"TTGGGACGTAAGAGTT-1","BCSA2TumB1",2729,1666,"tumor",1,3.48112861854159,15.0604617075852,0
"TTGGGTTTATTCAGCG-1","BCSA2TumB1",2412,1479,"tumor",1,5.18242122719735,12.1890547263682,0
"TTGGTATGGCTTGTGT-1","BCSA2TumB1",1394,974,"tumor",6,1.93687230989957,14.3472022955524,0
"TTGGTCACACTCGTAA-1","BCSA2TumB1",4312,2321,"tumor",2,2.57421150278293,13.4508348794063,0.0231910946196661
"TTGGTTCGCTCAAAGG-1","BCSA2TumB1",1632,1106,"tumor",6,2.87990196078431,13.6029411764706,0
"TTGTAAGGACCTAAGT-1","BCSA2TumB1",3089,1697,"tumor",6,7.67238588539981,16.6396892198122,0.0647458724506313
"TTGTAATCCGTACTCG-1","BCSA2TumB1",858,666,"tumor",7,5.01165501165501,11.5384615384615,0
"TTGTGAACCTAATCCG-1","BCSA2TumB1",3741,2074,"tumor",5,6.2015503875969,12.42983159583,0.0267308206361935
"TTGTGCAGCCACGTCA-1","BCSA2TumB1",5061,2678,"tumor",2,2.33155502865046,12.4283738391622,0
"TTGTGGTATAGGTATG-1","BCSA2TumB1",2418,1414,"tumor",4,4.25971877584781,12.6964433416046,0.165425971877585
"TTGTGGTGGTACTAAG-1","BCSA2TumB1",1907,1260,"tumor",1,6.18772941793393,11.116937598322,0
"TTGTGTATGCCACCAA-1","BCSA2TumB1",1640,1134,"tumor",1,3.41463414634146,11.4024390243902,0
"TTGTGTTTCCCGAAAG-1","BCSA2TumB1",1585,1128,"tumor",1,3.02839116719243,12.3028391167192,0
"TTGTTTCACATCCAGG-1","BCSA2TumB1",1951,1286,"tumor",1,5.58687852383393,11.7888262429523,0
"TTGTTTCATTAGTCTA-1","BCSA2TumB1",4154,2332,"tumor",5,4.42946557534906,11.4588348579682,0
