spot_id,row,col,standalone_withheld,sequential_withheld,mask_transition
spot_0_269527,4112.0139192285205,6563.970055840394,False,False,Neither withheld
spot_1_269525,4126.823659438542,6547.85170910322,False,False,Neither withheld
spot_2_269496,4138.259817672264,6570.604761152488,False,False,Neither withheld
spot_3_269362,4119.861667892792,6543.950182871026,False,False,Neither withheld
spot_4_269376,4147.282785832278,6558.670648179508,False,False,Neither withheld
spot_5_269745,4145.210530849427,6573.643039212098,False,False,Neither withheld
spot_6_269524,4125.611905569054,6535.232366336217,False,False,Neither withheld
spot_7_269518,4109.280226248757,6537.567787598666,False,False,Neither withheld
spot_8_269363,4119.436932429783,6532.553926610246,False,False,Neither withheld
spot_9_269735,4110.820609015942,6592.092247533881,False,False,Neither withheld
spot_10_269498,4145.928571232931,6541.032479856745,False,False,Neither withheld
spot_11_269358,4112.157754837092,6530.470679848368,True,False,Standalone-only withheld
spot_12_269386,4155.429367605571,6564.502238213638,False,False,Neither withheld
spot_13_269383,4150.691985164518,6542.0548510065855,False,False,Neither withheld
spot_14_269523,4124.705967254946,6526.009958773759,False,False,Neither withheld
spot_15_269559,4155.59496724013,6578.669209748494,False,False,Neither withheld
spot_16_259530,4083.744669008133,6567.421733746849,False,False,Neither withheld
spot_17_269392,4160.258971517137,6557.517552207022,False,False,Neither withheld
spot_18_269499,4157.957663393321,6547.539792773614,False,False,Neither withheld
spot_19_269368,4136.750226010685,6525.730707652412,False,False,Neither withheld
spot_20_269384,4152.764887384173,6537.175921954828,False,False,Neither withheld
spot_21_269394,4163.6254197407625,6562.669738849145,False,False,Neither withheld
spot_22_269393,4162.840287695308,6552.791415751617,False,False,Neither withheld
spot_23_269514,4098.527053176347,6526.367198211449,True,False,Standalone-only withheld
spot_24_259589,4087.4264741030393,6536.090302291608,False,False,Neither withheld
spot_25_269391,4164.1927426702205,6571.915517467263,False,False,Neither withheld
spot_26_269516,4104.191239623487,6522.830934471396,False,False,Neither withheld
spot_27_269374,4144.4655304557145,6525.17976676702,False,False,Neither withheld
spot_28_269357,4112.381665453241,6519.457833747649,False,False,Neither withheld
spot_29_269561,4157.725463653345,6592.027125340075,False,False,Neither withheld
spot_30_269398,4167.42049894408,6552.687133215666,False,False,Neither withheld
spot_31_269351,4090.7444509536585,6526.6817852025615,True,False,Standalone-only withheld
spot_32_259528,4076.774190376757,6545.024200435899,True,False,Standalone-only withheld
spot_33_269517,4106.711176736183,6516.438399033662,False,False,Neither withheld
spot_34_269365,4124.668284853968,6513.975065305199,False,False,Neither withheld
spot_35_269395,4167.868251867138,6543.294909445991,False,False,Neither withheld
spot_36_269403,4171.538324890504,6553.724592574322,False,False,Neither withheld
spot_37_269521,4118.166419491687,6511.9173617355655,False,False,Neither withheld
spot_38_269557,4150.99184809609,6604.927057286162,False,False,Neither withheld
spot_39_269385,4153.73205858738,6522.041243186525,False,False,Neither withheld
spot_40_269404,4173.916798264254,6561.242577289288,False,False,Neither withheld
spot_41_259453,4075.186860261617,6587.35459662159,False,False,Neither withheld
spot_42_269402,4172.014032978705,6546.56007277436,False,False,Neither withheld
spot_43_269387,4158.822569939696,6524.02304628292,False,False,Neither withheld
spot_44_269577,4165.28831040568,6594.929105217463,False,False,Neither withheld
spot_45_269407,4177.246053483461,6552.485592150382,False,False,Neither withheld
spot_46_269378,4146.627168214644,6510.191838842386,False,False,Neither withheld
spot_47_269589,4179.418632384725,6573.517816955469,False,False,Neither withheld
spot_48_269382,4152.778753403984,6511.888682782686,False,False,Neither withheld
spot_49_269565,4164.810689766747,6603.854645995369,False,False,Neither withheld
spot_50_269582,4171.582842265478,6595.399088020851,False,False,Neither withheld
spot_51_269513,4102.497685885537,6505.749047169044,False,False,Neither withheld
spot_52_259448,4063.408113583426,6579.916831003192,True,False,Standalone-only withheld
spot_53_269408,4179.438916611167,6541.928032303817,False,False,Neither withheld
spot_54_269359,4117.811841776535,6501.444330320954,False,False,Neither withheld
spot_55_269564,4160.675768474421,6611.136104665118,False,False,Neither withheld
spot_56_269598,4183.020176768118,6575.576120407399,False,False,Neither withheld
spot_57_259588,4088.785349822555,6508.567255581804,False,False,Neither withheld
spot_58_269366,4132.207986545673,6500.034687656899,False,False,Neither withheld
spot_59_259619,4060.3409770115018,6545.936762723919,True,False,Standalone-only withheld
spot_60_269412,4183.999794130928,6549.96160081254,False,False,Neither withheld
spot_61_269587,4181.038810658598,6588.583093192401,False,False,Neither withheld
spot_62_269413,4186.618659493557,6563.403423893909,False,False,Neither withheld
spot_63_259396,4082.455676287528,6615.534618663918,True,False,Standalone-only withheld
spot_64_269400,4171.513090377108,6519.559462253992,False,False,Neither withheld
spot_65_269500,4166.927215671312,6514.381642186182,False,False,Neither withheld
spot_66_269390,4160.813988145439,6509.206625781057,False,False,Neither withheld
spot_67_269373,4141.85263321472,6498.027123425606,False,False,Neither withheld
spot_68_269586,4178.981728697025,6598.888910211728,False,False,Neither withheld
spot_69_269602,4188.038391672359,6576.490863039952,False,False,Neither withheld
spot_70_259454,4074.927464372059,6612.840013813784,True,False,Standalone-only withheld
spot_71_269355,4105.490942530994,6495.8667032023495,False,False,Neither withheld
spot_72_269782,4094.574508862018,6627.745594730992,True,False,Standalone-only withheld
spot_73_269410,4178.880725682163,6521.011789872424,False,False,Neither withheld
spot_74_269568,4160.850413926391,6622.196189296092,False,False,Neither withheld
spot_75_269375,4148.350090930014,6496.591430026441,False,False,Neither withheld
spot_76_269415,4190.512437503359,6542.795324727424,False,False,Neither withheld
spot_77_269572,4166.122047418656,6618.977546680412,False,False,Neither withheld
spot_78_269522,4119.947636394835,6490.914531594936,False,False,Neither withheld
spot_79_269502,4194.28245040141,6554.738515422339,False,False,Neither withheld
spot_80_269520,4114.787262077385,6489.918232834072,False,False,Neither withheld
spot_81_269364,4128.173687680441,6489.516636234332,False,False,Neither withheld
spot_82_269603,4190.053512536533,6589.70063794445,False,False,Neither withheld
spot_83_269583,4175.069823304797,6613.306531782571,False,False,Neither withheld
spot_84_269397,4165.813171123312,6503.359649243954,False,False,Neither withheld
spot_85_269615,4194.995901861941,6575.287812893985,False,False,Neither withheld
spot_86_259583,4046.312165425677,6564.925850693409,False,False,Neither withheld
spot_87_269738,4128.022640128065,6637.891168225982,False,False,Neither withheld
spot_88_269793,4113.109478594073,6638.002231716055,False,False,Neither withheld
spot_89_269405,4175.368738114911,6508.954572077739,False,False,Neither withheld
spot_90_269512,4094.4304360880847,6490.684831431564,False,False,Neither withheld
spot_91_269595,4185.400598710201,6606.187872873372,False,False,Neither withheld
spot_92_259446,4047.930915793428,6589.073694688448,True,False,Standalone-only withheld
spot_93_269411,4182.317162527526,6512.854905403301,False,False,Neither withheld
spot_94_269494,4104.355428847728,6486.1483110790905,False,False,Neither withheld
spot_95_269414,4191.737129412977,6526.600989497556,False,False,Neither withheld
spot_96_259451,4068.199785562788,6620.870877965208,True,False,Standalone-only withheld
spot_97_259397,4082.66222220877,6631.692361181783,True,False,Standalone-only withheld
spot_98_269377,4145.116268633608,6486.415409413492,False,False,Neither withheld
spot_99_269352,4099.54500082493,6484.946989516446,True,False,Standalone-only withheld
spot_100_269609,4193.777972135129,6599.5331772087375,False,False,Neither withheld
spot_101_269619,4201.90114905668,6576.409254477967,False,False,Neither withheld
spot_102_269799,4128.861734421469,6643.77637917295,False,False,Neither withheld
spot_103_259584,4053.069669615296,6518.554208134436,True,False,Standalone-only withheld
spot_104_269759,4198.648436852327,6590.96676105088,False,False,Neither withheld
spot_105_269503,4202.738368868928,6548.14507886937,False,False,Neither withheld
spot_106_269371,4140.366977002983,6482.48042099196,False,False,Neither withheld
spot_107_259586,4071.895761072122,6496.376828493819,True,True,Withheld by both
spot_108_269424,4201.520368078904,6537.811217123247,False,False,Neither withheld
spot_109_259615,4038.095161469468,6560.124096615018,True,False,Standalone-only withheld
spot_110_269569,4164.048068828971,6635.361747383673,False,False,Neither withheld
spot_111_269593,4183.0883134264495,6621.638585391851,False,False,Neither withheld
spot_112_269588,4177.218469888186,6627.654151749744,False,False,Neither withheld
spot_113_269356,4111.002275091845,6477.78166215147,False,False,Neither withheld
spot_114_259393,4075.476158102672,6634.769753791821,False,False,Neither withheld
spot_115_269369,4134.773965220394,6478.062245066592,False,False,Neither withheld
spot_116_269416,4193.725325906546,6514.049817475529,False,False,Neither withheld
spot_117_269389,4161.593308937516,6485.14792162749,False,False,Neither withheld
spot_118_269425,4208.899742529422,6569.087901718604,False,False,Neither withheld
spot_119_269372,4139.852065728715,6477.087643317727,False,False,Neither withheld
spot_120_269379,4148.7061031932135,6479.1330643392175,False,False,Neither withheld
spot_121_269743,4141.361828082396,6649.02677695252,False,False,Neither withheld
spot_122_269435,4209.004735181921,6547.629589845028,False,False,Neither withheld
spot_123_269434,4210.453244234728,6559.076273316369,False,False,Neither withheld
spot_124_269746,4149.191945942719,6647.226125079336,False,False,Neither withheld
spot_125_259529,4087.11644081656,6480.800730855719,True,True,Withheld by both
spot_126_259449,4060.5624910803,6628.35773451842,True,False,Standalone-only withheld
spot_127_269605,4197.3184725193205,6612.774854144209,False,False,Neither withheld
spot_128_269428,4206.564371098386,6528.701870012528,False,False,Neither withheld
spot_129_269762,4209.252979439484,6590.921190408324,False,False,Neither withheld
spot_130_269627,4205.211666808244,6603.068470466786,False,False,Neither withheld
spot_131_259587,4069.366363588624,6485.4263940736455,True,True,Withheld by both
spot_132_269579,4172.281722042044,6641.168979086239,False,False,Neither withheld
spot_133_259617,4048.983481377064,6503.8054812904975,True,True,Withheld by both
spot_134_269396,4171.553380139092,6483.179618987717,False,False,Neither withheld
spot_135_259386,4031.852720562427,6591.030032028119,True,False,Standalone-only withheld
spot_136_269597,4185.872726746213,6631.838418129735,False,False,Neither withheld
spot_137_269737,4125.063852595317,6657.327583114784,False,False,Neither withheld
spot_138_269421,4193.890704251565,6501.395728569118,False,False,Neither withheld
spot_139_269591,4182.324366749416,6635.853865136356,False,False,Neither withheld
spot_140_259442,4033.872910620232,6601.664107404124,True,False,Standalone-only withheld
spot_141_269430,4207.487178014918,6518.329120946573,False,False,Neither withheld
spot_142_269361,4117.917582320717,6465.738262385446,False,False,Neither withheld
spot_143_269506,4218.791123200827,6560.084132703834,False,False,Neither withheld
spot_144_269436,4218.262172730672,6548.324181669232,False,False,Neither withheld
spot_145_269406,4183.641216950249,6485.78235879521,False,False,Neither withheld
spot_146_269419,4193.221805535613,6494.492822573429,False,False,Neither withheld
spot_147_269748,4150.255106316543,6657.594549797999,False,False,Neither withheld
spot_148_269388,4162.537311374357,6472.114703006581,False,False,Neither withheld
spot_149_269433,4216.657791387141,6533.335743501749,False,False,Neither withheld
spot_150_269381,4153.544394582175,6468.5295998621605,False,False,Neither withheld
spot_151_269736,4118.14212213787,6662.305350942115,False,False,Neither withheld
spot_152_269749,4158.38156067765,6656.41028041204,False,False,Neither withheld
spot_153_269644,4221.652941689857,6577.006480151504,False,False,Neither withheld
spot_154_259383,4030.177573545798,6605.456552906,True,False,Standalone-only withheld
spot_155_269429,4208.649607698882,6509.652327904403,False,False,Neither withheld
spot_156_269423,4203.845370491244,6501.616163631712,False,False,Neither withheld
spot_157_269236,4127.714334336377,6460.476317911189,False,False,Neither withheld
spot_158_269633,4208.901423314733,6616.929684711997,False,False,Neither withheld
spot_159_269439,4216.700365593722,6523.365766986273,False,False,Neither withheld
spot_160_269244,4149.509086846161,6463.641490273099,False,False,Neither withheld
spot_161_269422,4197.039915752829,6492.62313342262,False,False,Neither withheld
spot_162_269573,4165.034143439977,6656.790487581882,False,False,Neither withheld
spot_163_269349,4120.298447057876,6458.821925106709,False,False,Neither withheld
spot_164_269606,4190.499611457983,6640.638309945649,False,False,Neither withheld
spot_165_269519,4114.818601978891,6457.800099623499,False,False,Neither withheld
spot_166_269764,4224.819773735182,6585.01170909525,False,False,Neither withheld
spot_167_269438,4216.513689993526,6515.2240633893925,False,False,Neither withheld
spot_168_269794,4114.77784695808,6668.719364855198,False,False,Neither withheld
spot_169_269446,4228.794853996916,6564.18563946495,False,False,Neither withheld
spot_170_269637,4219.244369752796,6607.553363196111,False,False,Neither withheld
spot_171_269560,4156.000066361492,6664.685074070958,False,False,Neither withheld
spot_172_269427,4208.861759405789,6498.198181355154,False,False,Neither withheld
spot_173_269798,4118.501836977897,6671.965250464625,False,False,Neither withheld
spot_174_269634,4214.80453944701,6620.636586156193,False,False,Neither withheld
spot_175_269578,4173.371347953575,6659.544117415479,False,False,Neither withheld
spot_176_269254,4165.60300551432,6461.673095671895,False,False,Neither withheld
spot_177_269495,4137.086082512013,6453.531021151305,False,False,Neither withheld
spot_178_269449,4230.8243972367145,6545.487949841785,False,False,Neither withheld
spot_179_269418,4189.042075703551,6474.94513143587,False,False,Neither withheld
spot_180_269631,4210.829775783757,6628.309438944694,False,False,Neither withheld
spot_181_259585,4067.5930782792775,6465.964033101087,False,False,Neither withheld
spot_182_269401,4176.289362969708,6466.233273170262,False,False,Neither withheld
spot_183_269652,4227.523571675375,6596.679116257404,False,False,Neither withheld
spot_184_269612,4195.460835989948,6646.707871974066,False,False,Neither withheld
spot_185_269596,4187.336186234773,6653.355376287112,False,False,Neither withheld
spot_186_259434,4010.9869043870176,6582.547330095244,True,False,Standalone-only withheld
spot_187_269734,4094.627610845532,6671.872755893872,False,False,Neither withheld
spot_188_269742,4136.21490501537,6674.607382542831,False,False,Neither withheld
spot_189_269454,4234.705213554648,6569.144140751271,False,False,Neither withheld
spot_190_269251,4159.980353839322,6455.385461174294,False,False,Neither withheld
spot_191_269440,4220.5628850791145,6506.029563934575,False,False,Neither withheld
spot_192_269242,4144.563669288425,6450.811125773365,False,False,Neither withheld
spot_193_269451,4231.520861188144,6530.104834753825,False,False,Neither withheld
spot_194_259579,4006.827645241324,6564.333700394527,True,True,Withheld by both
spot_195_269504,4205.087954345907,6483.540683653784,False,False,Neither withheld
spot_196_259578,4006.9976175852585,6553.781441155225,False,False,Neither withheld
spot_197_269444,4227.542792869639,6517.649204557733,False,False,Neither withheld
spot_198_269380,4153.028483563025,6451.969136633496,False,False,Neither withheld
spot_199_269653,4221.437973644267,6621.838738179708,False,False,Neither withheld
spot_200_269741,4130.79798565266,6678.461613275122,False,False,Neither withheld
spot_201_269747,4147.229417739723,6676.001970801861,False,False,Neither withheld
spot_202_259527,4075.131793779948,6455.8815132886775,False,False,Neither withheld
spot_203_269599,4184.322410843481,6661.442300354311,False,False,Neither withheld
spot_204_269367,4129.8379723398575,6445.971737923401,False,False,Neither withheld
spot_205_269658,4230.312542058464,6606.247490179176,False,False,Neither withheld
spot_206_269420,4198.768742816545,6474.258135636753,False,False,Neither withheld
spot_207_259582,4027.556746600981,6492.52420047163,False,False,Neither withheld
spot_208_269751,4164.517691940837,6672.462634750782,False,False,Neither withheld
spot_209_259447,4054.3456024191214,6659.456044985414,True,False,Standalone-only withheld
spot_210_269509,4238.502103249833,6545.2850165571,False,False,Neither withheld
spot_211_269257,4170.347797914976,6455.024972846668,False,False,Neither withheld
spot_212_269630,4210.996951876785,6640.3935155254985,False,False,Neither withheld
spot_213_269346,4119.243562902022,6444.343811651464,False,False,Neither withheld
spot_214_269442,4220.650521838607,6497.033263289681,False,False,Neither withheld
spot_215_269795,4123.865589125819,6681.578799967392,False,False,Neither withheld
spot_216_269663,4238.907016937257,6582.664125217917,False,False,Neither withheld
spot_217_269272,4192.955618249574,6467.20523498343,False,False,Neither withheld
spot_218_269613,4195.1398120436825,6657.164403682578,False,False,Neither withheld
spot_219_269623,4201.5215123261805,6651.966626688023,False,False,Neither withheld
spot_220_269450,4228.931783028287,6508.435601640897,False,False,Neither withheld
spot_221_269447,4226.466768380862,6503.704375500925,False,False,Neither withheld
spot_222_269647,4218.850537390151,6633.731218975808,False,False,Neither withheld
spot_223_259459,4081.2575735742416,6448.781904867823,True,False,Standalone-only withheld
spot_224_269628,4206.749600324665,6648.950195381487,False,False,Neither withheld
spot_225_259577,4002.488302904128,6539.348979126037,False,False,Neither withheld
spot_226_269353,4099.412952313289,6442.647349488806,False,False,Neither withheld
spot_227_269505,4215.231347514972,6483.922153389829,False,False,Neither withheld
spot_228_259430,3999.324400596223,6570.575303524418,True,False,Standalone-only withheld
spot_229_269649,4226.969994995061,6626.116243947854,False,False,Neither withheld
spot_230_269409,4183.818882966632,6456.338819940354,False,False,Neither withheld
spot_231_259581,4010.2409857875145,6509.433559001518,True,True,Withheld by both
spot_232_259574,3997.957389813168,6555.520379509551,True,True,Withheld by both
spot_233_269453,4231.859306582686,6505.594064778215,False,False,Neither withheld
spot_234_259614,4030.2626086682208,6478.766268958544,True,True,Withheld by both
spot_235_269271,4193.131703055538,6461.039211352761,False,False,Neither withheld
spot_236_269326,4136.659770050541,6439.0705341052,False,False,Neither withheld
spot_237_259575,3998.104488929449,6544.768212208881,False,False,Neither withheld
spot_238_259371,3998.5936229963545,6584.985155677245,True,False,Standalone-only withheld
spot_239_269673,4240.4991433330615,6602.515254629443,False,False,Neither withheld
spot_240_269779,4092.096372954499,6684.600878613051,False,False,Neither withheld
spot_241_269566,4164.541601686964,6680.610247855166,False,False,Neither withheld
spot_242_269753,4171.245872134532,6677.961262193287,False,False,Neither withheld
spot_243_269755,4177.133147758954,6675.279980248871,False,False,Neither withheld
spot_244_269592,4181.983379117145,6672.781977546523,False,False,Neither withheld
spot_245_269660,4234.755471983783,6617.8751512648005,False,False,Neither withheld
spot_246_269650,4218.9412252777165,6642.612928062417,False,False,Neither withheld
spot_247_269432,4209.880266272153,6472.138076762226,False,False,Neither withheld
spot_248_269526,4091.931743149157,6439.605793865438,False,False,Neither withheld
spot_249_269258,4171.368465513313,6445.968599300784,False,False,Neither withheld
spot_250_269769,4243.7514422800095,6597.337359232099,False,False,Neither withheld
spot_251_269672,4240.087136338514,6608.3694510299565,False,False,Neither withheld
spot_252_259576,4001.948994107156,6520.161173193828,True,True,Withheld by both
spot_253_269548,4145.660730647276,6688.164275025532,False,False,Neither withheld
spot_254_259379,4028.628973311989,6650.3983554136585,True,False,Standalone-only withheld
spot_255_269323,4113.820257732321,6434.205036552487,False,False,Neither withheld
spot_256_259452,4073.6661358678334,6682.178682370522,True,False,Standalone-only withheld
spot_257_269354,4103.334008767759,6434.668784932379,False,False,Neither withheld
spot_258_269656,4228.766830630531,6635.501515638464,False,False,Neither withheld
spot_259_269674,4240.925376847412,6613.664707520479,False,False,Neither withheld
spot_260_259616,4041.413928493301,6460.117174499256,True,False,Standalone-only withheld
spot_261_269448,4236.467134636363,6500.637276685313,False,False,Neither withheld
spot_262_259301,4086.060115416733,6688.247506331496,True,False,Standalone-only withheld
spot_263_269601,4191.8662117376025,6673.035233930413,False,False,Neither withheld
spot_264_269533,4096.882708389203,6691.420503191084,True,False,Standalone-only withheld
spot_265_259367,3990.7024921864863,6571.339103859191,True,False,Standalone-only withheld
spot_266_269348,4122.588737306209,6431.336672439489,False,False,Neither withheld
spot_267_259501,4032.714696399392,6465.456041552441,True,True,Withheld by both
spot_268_269770,4250.711837927506,6589.728590277817,False,False,Neither withheld
spot_269_269278,4206.500615789333,6461.476953223269,False,False,Neither withheld
spot_270_269622,4205.938654352257,6664.482875505734,False,False,Neither withheld
spot_271_269786,4105.10418668166,6693.805551875035,True,False,Standalone-only withheld
spot_272_269441,4226.141544685298,6480.891615534415,False,False,Neither withheld
spot_273_269247,4160.038405461796,6435.437465109015,False,False,Neither withheld
spot_274_269687,4253.437390119794,6580.6010555934245,False,False,Neither withheld
spot_275_269531,4091.2985487281785,6692.265376303152,True,False,Standalone-only withheld
spot_276_259431,3999.521281866934,6616.129157800047,True,False,Standalone-only withheld
spot_277_269562,4163.086121365675,6689.768799569997,False,False,Neither withheld
spot_278_269654,4226.863045296324,6645.693607794156,False,False,Neither withheld
spot_279_259443,4047.913303943269,6674.770177227412,True,False,Standalone-only withheld
spot_280_269370,4144.498592560069,6430.0367737296565,False,False,Neither withheld
spot_281_269640,4218.668584739436,6656.367713338935,False,False,Neither withheld
spot_282_269229,4096.405214810857,6429.737430142402,False,False,Neither withheld
spot_283_269467,4255.622118669958,6541.964821304609,False,False,Neither withheld
spot_284_269620,4200.991130871938,6672.6255708604895,False,False,Neither withheld
spot_285_259366,3988.254461484202,6587.971299164838,True,False,Standalone-only withheld
spot_286_269501,4176.827035422875,6437.976449346261,False,False,Neither withheld
spot_287_259456,4085.30447001339,6694.695474910875,True,False,Standalone-only withheld
spot_288_259457,4085.156058279706,6430.679723080805,True,False,Standalone-only withheld
spot_289_269678,4246.131086198744,6620.155585098853,False,False,Neither withheld
spot_290_269679,4252.062467398719,6605.5289259590245,False,False,Neither withheld
spot_291_259572,3987.083318457129,6534.636295553547,True,True,Withheld by both
spot_292_269473,4260.131471204667,6565.623611920039,False,False,Neither withheld
spot_293_259508,4078.089447217307,6431.068412896258,False,False,Neither withheld
spot_294_269472,4260.362824396056,6556.562974776489,False,False,Neither withheld
spot_295_259498,4026.831415974544,6460.621562866156,False,False,Neither withheld
spot_296_269232,4113.461289973986,6423.005108877183,False,False,Neither withheld
spot_297_269645,4214.904599038364,6667.214924372615,False,False,Neither withheld
spot_298_269610,4194.30728256528,6682.47985368449,False,False,Neither withheld
spot_299_269543,4129.738226053021,6702.60183105926,False,False,Neither withheld
spot_300_269461,4248.283635966729,6502.558893535417,False,False,Neither withheld
spot_301_269789,4108.662699213561,6702.353968594058,False,False,Neither withheld
spot_302_269797,4118.117714355281,6703.122141929824,False,False,Neither withheld
spot_303_269360,4124.579815045738,6422.245941443797,False,False,Neither withheld
spot_304_269286,4220.725340652634,6462.876608271007,False,False,Neither withheld
spot_305_269700,4260.515589615332,6585.950988798264,False,False,Neither withheld
spot_306_259612,4018.241384274343,6467.11195617552,False,False,Neither withheld
spot_307_269563,4158.056657144525,6699.266408008816,False,False,Neither withheld
spot_308_269585,4184.622674450597,6689.3384513878245,False,False,Neither withheld
spot_309_259580,4008.99168705352,6475.718176999545,True,True,Withheld by both
spot_310_269781,4094.894581932856,6702.633512987593,False,False,Neither withheld
spot_311_269475,4262.924441161282,6543.960588174763,False,False,Neither withheld
spot_312_269399,4178.049140005265,6431.638645324507,False,False,Neither withheld
spot_313_269671,4247.095177978195,6630.757411118029,False,False,Neither withheld
spot_314_269274,4195.885932006946,6440.71964811828,False,False,Neither withheld
spot_315_269268,4185.339151173488,6434.371849406251,False,False,Neither withheld
spot_316_269528,4087.1761297008297,6702.02448930492,True,False,Standalone-only withheld
spot_317_259497,4022.3847833103982,6458.972990901728,True,False,Standalone-only withheld
spot_318_269426,4211.435424571037,6450.505375395678,False,False,Neither withheld
spot_319_269690,4253.744761181877,6619.602985883703,False,False,Neither withheld
spot_320_269702,4262.859604298257,6591.949099493963,False,False,Neither withheld
spot_321_259570,3983.9780219675367,6520.013937865153,True,True,Withheld by both
spot_322_269618,4199.842033909716,6683.907727013951,False,False,Neither withheld
spot_323_269515,4102.500776217174,6419.332966208318,True,False,Standalone-only withheld
spot_324_269250,4156.763428495025,6422.029384205254,False,False,Neither withheld
spot_325_259618,4048.801655084944,6437.372057484982,True,True,Withheld by both
spot_326_269481,4264.357315659942,6535.917302048057,False,False,Neither withheld
spot_327_259509,4089.4397425178113,6421.095986901911,True,False,Standalone-only withheld
spot_328_269574,4165.315226514377,6701.249174945257,False,False,Neither withheld
spot_329_259567,3979.0132954665137,6529.788874281196,True,True,Withheld by both
spot_330_269625,4205.854980014703,6682.610559337252,False,False,Neither withheld
spot_331_269478,4261.330423598505,6518.394345415748,False,False,Neither withheld
spot_332_269508,4239.228270164971,6475.176684489799,False,False,Neither withheld
spot_333_269238,4134.525801745933,6416.453130676167,False,False,Neither withheld
spot_334_269466,4253.787610083405,6497.6106918214855,False,False,Neither withheld
spot_335_269281,4208.1134866484645,6443.263015724455,False,False,Neither withheld
spot_336_259444,4044.9714039127343,6688.836912691326,True,False,Standalone-only withheld
spot_337_269642,4216.17109847109,6676.646931748585,False,False,Neither withheld
spot_338_269752,4172.692569345487,6701.861156297664,False,False,Neither withheld
spot_339_269497,4144.110644403992,6416.149393082049,False,False,Neither withheld
spot_340_269785,4104.852678700388,6710.128031553484,False,False,Neither withheld
spot_341_269551,4148.378544239618,6708.67643303855,False,False,Neither withheld
spot_342_269783,4095.700878340967,6708.865242980461,False,False,Neither withheld
spot_343_269266,4182.116941123957,6427.004155969089,False,False,Neither withheld
spot_344_269773,4268.15139209441,6588.268338424325,False,False,Neither withheld
spot_345_269464,4252.119663670705,6490.9529082939225,False,False,Neither withheld
spot_346_269332,4223.960484098348,6454.2916648815735,False,False,Neither withheld
spot_347_259360,3972.722665225331,6572.309582031523,False,False,Neither withheld
spot_348_269655,4227.798344811941,6668.0027563409685,False,False,Neither withheld
spot_349_269544,4132.350832831244,6711.89200550319,False,False,Neither withheld
spot_350_259504,4053.650958625453,6429.347177252601,False,False,Neither withheld
spot_351_269249,4155.495188985648,6415.99340834941,False,False,Neither withheld
spot_352_269431,4207.090783434764,6438.592114933914,False,False,Neither withheld
spot_353_269695,4263.292419043425,6615.045953433912,False,False,Neither withheld
spot_354_269796,4118.007115161126,6713.767445078485,False,False,Neither withheld
spot_355_269666,4244.915791156634,6650.34721686549,False,False,Neither withheld
spot_356_269291,4234.136054699606,6461.59373436003,False,False,Neither withheld
spot_357_269750,4158.583500288112,6709.718963613886,False,False,Neither withheld
spot_358_259566,3976.8024548047138,6516.88941018822,True,True,Withheld by both
spot_359_259359,3971.6215581234687,6589.184131242393,True,False,Standalone-only withheld
spot_360_259392,4055.0438170850857,6699.751070837541,False,False,Neither withheld
spot_361_269343,4106.131108814447,6410.491959100333,True,False,Standalone-only withheld
spot_362_269705,4268.348377637962,6607.373529564762,False,False,Neither withheld
spot_363_269474,4258.965859714083,6494.437108201521,False,False,Neither withheld
spot_364_269265,4182.57696983851,6421.536062854004,False,False,Neither withheld
spot_365_269621,4204.252486706175,6692.435566728057,False,False,Neither withheld
spot_366_269462,4249.803869721969,6477.655302337869,False,False,Neither withheld
spot_367_269552,4141.0379506998615,6715.273149801261,False,False,Neither withheld
spot_368_259569,3984.68537522188,6492.74152418144,True,False,Standalone-only withheld
spot_369_269704,4271.095946249431,6599.371988474239,False,False,Neither withheld
spot_370_269638,4214.14395464061,6685.894871541357,False,False,Neither withheld
spot_371_269484,4274.0430435061735,6538.716913029674,False,False,Neither withheld
spot_372_269327,4164.364466754676,6414.113540153467,False,False,Neither withheld
spot_373_259510,4086.4515027945663,6411.842007300442,True,False,Standalone-only withheld
spot_374_269437,4216.305915855941,6439.6507805556,False,False,Neither withheld
spot_375_259432,4000.185473941223,6659.499455155313,True,False,Standalone-only withheld
spot_376_269778,4094.2723743377055,6715.642674541077,False,False,Neither withheld
spot_377_269571,4167.451805743953,6711.410903736472,False,False,Neither withheld
spot_378_259355,3966.3511373497176,6572.573119627916,True,True,Withheld by both
spot_379_259571,3988.9321145288072,6480.828712240906,True,False,Standalone-only withheld
spot_380_269417,4190.295182961196,6422.277668947849,False,False,Neither withheld
spot_381_269485,4278.075411892873,6556.598627192299,False,False,Neither withheld
spot_382_259369,3994.161366322351,6653.819160306784,True,False,Standalone-only withheld
spot_383_269471,4256.806896707412,6483.029447589175,False,False,Neither withheld
spot_384_269476,4260.141270475701,6488.265849573183,False,False,Neither withheld
spot_385_259610,3983.716926446878,6486.973083949297,True,False,Standalone-only withheld
spot_386_269262,4180.450532560158,6416.64127966216,False,False,Neither withheld
spot_387_269765,4226.1440411855365,6681.573269321551,False,False,Neither withheld
spot_388_269260,4172.758271332891,6412.791806840484,False,False,Neither withheld
spot_389_269344,4098.414880277693,6405.960317725726,False,False,Neither withheld
spot_390_259565,3965.005436457701,6537.797847939815,False,False,Neither withheld
spot_391_259364,3983.5999902611898,6641.107980468967,False,False,Neither withheld
spot_392_269452,4233.853896443161,6449.988777974181,False,False,Neither withheld
spot_393_269788,4114.696030793863,6721.586649545119,False,False,Neither withheld
spot_394_269457,4246.770639211015,6464.044277403489,False,False,Neither withheld
spot_395_269607,4193.187426871898,6705.202968156651,False,False,Neither withheld
spot_396_269237,4132.242006437376,6403.514950334302,False,False,Neither withheld
spot_397_269553,4152.831020718781,6719.250461595404,False,False,Neither withheld
spot_398_269241,4146.442623484752,6404.8826944951215,False,False,Neither withheld
spot_399_269539,4127.1536904306495,6723.135339784416,False,False,Neither withheld
spot_400_259450,4068.9103493514303,6714.35933752896,True,False,Standalone-only withheld
spot_401_269549,4140.659932439365,6722.19658668615,False,False,Neither withheld
spot_402_269469,4256.090879465412,6474.439452152943,False,False,Neither withheld
spot_403_269624,4206.877193723847,6699.157358328306,False,False,Neither withheld
spot_404_269696,4264.6438389038485,6636.647749819328,False,False,Neither withheld
spot_405_259349,3960.680958265216,6576.804156955051,True,True,Withheld by both
spot_406_259368,3990.020645278517,6656.771240264754,False,False,Neither withheld
spot_407_269768,4242.82360359143,6670.072039815084,False,False,Neither withheld
spot_408_269726,4283.50170835931,6574.058403836808,False,False,Neither withheld
spot_409_269345,4117.522502247945,6400.315547259799,False,False,Neither withheld
spot_410_259458,4086.0289893528497,6404.064285809609,True,False,Standalone-only withheld
spot_411_269279,4211.682202474906,6427.12535892254,False,False,Neither withheld
spot_412_269480,4264.356867680925,6483.732269340551,False,False,Neither withheld
spot_413_259506,4057.516583616312,6412.781206597951,True,False,Standalone-only withheld
spot_414_269776,4283.026754156726,6588.132556694912,False,False,Neither withheld
spot_415_269712,4275.794034623428,6617.064391848046,False,False,Neither withheld
spot_416_269643,4221.314704678998,6692.672797036925,False,False,Neither withheld
spot_417_259526,4069.461809201284,6407.42643712898,True,False,Standalone-only withheld
spot_418_269282,4215.207153408007,6428.144175814332,False,False,Neither withheld
spot_419_269482,4268.132024021779,6488.777356716118,False,False,Neither withheld
spot_420_259609,3977.700792973335,6483.952475876557,False,False,Neither withheld
spot_421_259394,4082.093015294261,6722.190652176801,True,False,Standalone-only withheld
spot_422_269529,4089.029160081423,6723.785593454452,True,False,Standalone-only withheld
spot_423_269721,4279.906683161425,6609.519056517998,False,False,Neither withheld
spot_424_259352,3964.17799129276,6612.317667587791,False,False,Neither withheld
spot_425_269445,4226.344655434737,6434.6406454361695,False,False,Neither withheld
spot_426_269555,4145.775102185483,6726.476020566388,False,False,Neither withheld
spot_427_269784,4104.357051583684,6727.485572519401,False,False,Neither withheld
spot_428_259491,3989.226340841057,6463.055078734775,True,False,Standalone-only withheld
spot_429_269510,4244.975030981896,6451.514923298715,False,False,Neither withheld
spot_430_269468,4255.1775775231845,6463.695655502575,False,False,Neither withheld
spot_431_259605,3957.544829684473,6536.364287149479,True,False,Standalone-only withheld
spot_432_269483,4274.32864055238,6496.819475748032,False,False,Neither withheld
spot_433_269443,4222.706079019135,6430.587550780061,False,False,Neither withheld
spot_434_259362,3976.271848874968,6643.421105053121,False,False,Neither withheld
spot_435_269665,4237.628064379007,6682.458400264986,False,False,Neither withheld
spot_436_269270,4193.0999711723925,6411.813487160582,False,False,Neither withheld
spot_437_269489,4285.377395213967,6529.600665463572,False,False,Neither withheld
spot_438_269780,4094.8604492904055,6727.636950378492,False,False,Neither withheld
spot_439_259440,4036.131028026322,6706.350134371759,False,False,Neither withheld
spot_440_269756,4188.852164405334,6715.939557903528,False,False,Neither withheld
spot_441_269699,4261.879983101491,6654.124092697524,False,False,Neither withheld
spot_442_259525,3999.81803551308,6447.887222949375,True,True,Withheld by both
spot_443_259602,3954.3105297093775,6547.3907512640935,True,True,Withheld by both
spot_444_259613,4019.288145030529,6429.371751096834,True,True,Withheld by both
spot_445_259564,3967.2349104223,6495.85455441138,True,True,Withheld by both
spot_446_269717,4275.208481820684,6631.681565406458,False,False,Neither withheld
spot_447_269761,4205.18430164054,6708.935768434896,False,False,Neither withheld
spot_448_269263,4182.957069775859,6405.553568423808,False,False,Neither withheld
spot_449_269493,4288.690374960155,6538.948150185554,False,False,Neither withheld
spot_450_269350,4105.930306215339,6394.14385004617,False,False,Neither withheld
spot_451_259421,3970.448085130304,6639.300288767261,False,False,Neither withheld
spot_452_269739,4129.560074582037,6732.103914030548,False,False,Neither withheld
spot_453_269763,4211.478345237767,6706.594515694461,False,False,Neither withheld
spot_454_269558,4154.0987120262525,6729.186277813853,False,False,Neither withheld
spot_455_259345,3955.055373558832,6594.997293728331,True,False,Standalone-only withheld
spot_456_283253,4287.7805905928135,6597.8285670904015,False,False,Neither withheld
spot_457_269646,4217.93515576905,6702.567585172763,False,False,Neither withheld
spot_458_269791,4114.362069023466,6732.375633926407,False,False,Neither withheld
spot_459_269295,4240.853715216279,6441.701540470118,False,False,Neither withheld
spot_460_259418,3960.6446128893713,6617.189728475968,True,True,Withheld by both
spot_461_259390,4041.745896605868,6712.814474948024,True,False,Standalone-only withheld
spot_462_269328,4165.419339840653,6398.333984569921,False,False,Neither withheld
spot_463_269701,4261.938953955743,6659.155472149751,False,False,Neither withheld
spot_464_259433,4006.1261363419926,6687.987121019634,True,False,Standalone-only withheld
spot_465_269243,4150.9942701311575,6394.625000682587,False,False,Neither withheld
spot_466_269727,4286.447784865403,6608.641777936067,False,False,Neither withheld
spot_467_259503,4048.061195878734,6408.291943999614,True,False,Standalone-only withheld
spot_468_259341,3951.22018100957,6577.364281401726,True,True,Withheld by both
spot_469_269259,4178.790436418165,6401.335420169069,False,False,Neither withheld
spot_470_269230,4097.284154127189,6393.237515161689,False,False,Neither withheld
spot_471_283257,4292.524322499261,6576.544752385133,False,False,Neither withheld
spot_472_269600,4184.068123081121,6722.393508511962,False,False,Neither withheld
spot_473_259496,4021.704413340005,6423.305341622947,False,False,Neither withheld
spot_474_269492,4287.483753787592,6518.282243512088,False,False,Neither withheld
spot_475_269477,4267.082532893955,6471.064203376462,False,False,Neither withheld
spot_476_269707,4266.310635831331,6655.574688330653,False,False,Neither withheld
spot_477_269550,4148.078756637208,6732.997828181738,False,False,Neither withheld
spot_478_259428,3994.022911807944,6678.499782831386,False,False,Neither withheld
spot_479_269292,4236.85368264201,6434.422094853936,False,False,Neither withheld
spot_480_269535,4102.294153724783,6734.133439494208,False,False,Neither withheld
spot_481_259604,3956.3063833178007,6512.933009710929,True,True,Withheld by both
spot_482_259395,4082.412688607544,6731.004343283491,True,False,Standalone-only withheld
spot_483_269239,4139.79278756388,6390.543620623168,False,False,Neither withheld
spot_484_269276,4203.246968261383,6409.801529246422,False,False,Neither withheld
spot_485_269233,4117.475995913088,6389.163358313661,False,False,Neither withheld
spot_486_269325,4126.31148145188,6389.008871477771,False,False,Neither withheld
spot_487_269714,4273.013907776001,6648.137844594562,False,False,Neither withheld
spot_488_269718,4276.464478694195,6641.909045757591,False,False,Neither withheld
spot_489_269732,4285.543962139769,6621.853008347575,False,False,Neither withheld
spot_490_283259,4294.264934823927,6589.310284507272,False,False,Neither withheld
spot_491_269284,4213.876841750864,6414.228009186507,False,False,Neither withheld
spot_492_269713,4270.98368857172,6653.585087682416,False,False,Neither withheld
spot_493_269758,4189.762801585192,6723.684380529543,False,False,Neither withheld
spot_494_269301,4255.898084869256,6450.725622863431,False,False,Neither withheld
spot_495_269760,4200.976653200929,6718.518846303856,False,False,Neither withheld
spot_496_259387,4036.914939577349,6715.764756771099,False,False,Neither withheld
spot_497_269567,4169.586832922787,6731.145251363243,False,False,Neither withheld
spot_498_269252,4157.975585632028,6391.317859795471,False,False,Neither withheld
spot_499_259611,3995.618610804022,6441.015488099173,False,False,Neither withheld
spot_500_259381,4028.173249537565,6710.937647527301,True,False,Standalone-only withheld
spot_501_269728,4284.265047381101,6628.491778268566,False,False,Neither withheld
spot_502_269694,4261.322787057423,6668.953877738848,False,False,Neither withheld
spot_503_259608,3971.989322653985,6471.047240461225,True,True,Withheld by both
spot_504_269629,4211.19911520676,6713.7451292303085,False,False,Neither withheld
spot_505_259416,3953.717068640573,6613.954135958971,True,True,Withheld by both
spot_506_269487,4279.1201378436845,6484.810272998806,False,False,Neither withheld
spot_507_269711,4267.257651272666,6661.655767353939,False,False,Neither withheld
spot_508_269486,4282.927812460943,6491.871141896916,False,False,Neither withheld
spot_509_269336,4262.436448155687,6456.628786269524,False,False,Neither withheld
spot_510_269269,4188.803571533679,6399.430388884533,False,False,Neither withheld
spot_511_269463,4252.05619920242,6443.632667255489,False,False,Neither withheld
spot_512_269681,4254.184805312656,6679.794199333077,False,False,Neither withheld
spot_513_259562,3954.667655710194,6504.623733970973,False,False,Neither withheld
spot_514_269662,4236.973843401842,6696.959981651293,False,False,Neither withheld
spot_515_269324,4119.25737972838,6385.74646456238,False,False,Neither withheld
spot_516_269792,4113.913846683627,6739.530352246903,False,False,Neither withheld
spot_517_259603,3957.5317970373935,6496.444696030669,True,False,Standalone-only withheld
spot_518_269537,4107.369313587805,6739.164015215399,True,False,Standalone-only withheld
spot_519_259356,3969.400221004388,6653.440832649335,False,False,Neither withheld
spot_520_269341,4094.539174462931,6386.814581907693,False,False,Neither withheld
spot_521_259568,3984.600843373861,6449.163350196019,True,True,Withheld by both
spot_522_259425,3978.459758205761,6669.432092089398,True,False,Standalone-only withheld
spot_523_269507,4228.174638115619,6419.292610745553,False,False,Neither withheld
spot_524_259414,3949.2454401403775,6610.629412024449,True,True,Withheld by both
spot_525_269273,4196.008450164563,6399.885482143879,False,False,Neither withheld
spot_526_283568,4300.641819709971,6551.152567615135,False,False,Neither withheld
spot_527_269456,4240.238176816968,6427.946048661965,False,False,Neither withheld
spot_528_269651,4225.962106732619,6708.821988923598,False,False,Neither withheld
spot_529_269604,4189.482502906069,6729.189106478384,False,False,Neither withheld
spot_530_269530,4096.414046088654,6740.728939914432,False,False,Neither withheld
spot_531_269729,4286.37792087428,6634.893418914067,False,False,Neither withheld
spot_532_269661,4233.312042168494,6703.711190163864,False,False,Neither withheld
spot_533_269248,4155.4460422421525,6385.770680010825,False,False,Neither withheld
spot_534_269289,4224.0606936460335,6414.495080575074,False,False,Neither withheld
spot_535_259606,3958.780474454297,6485.457820313558,False,False,Neither withheld
spot_536_269540,4118.5670056672325,6743.037086593329,False,False,Neither withheld
spot_537_259607,3964.618857618396,6473.236439860741,False,False,Neither withheld
spot_538_269740,4131.0138664501,6743.457159988959,False,False,Neither withheld
spot_539_269256,4166.592479657524,6387.256446760737,False,False,Neither withheld
spot_540_269298,4249.888654935171,6434.761300239005,False,False,Neither withheld
spot_541_269723,4282.989752796176,6645.195048205257,False,False,Neither withheld
spot_542_259384,4031.504192292007,6719.864283364443,True,False,Standalone-only withheld
spot_543_269285,4211.761785439956,6404.12668048026,False,False,Neither withheld
spot_544_269347,4113.892416859923,6380.038909278212,False,False,Neither withheld
spot_545_259558,3941.773792973917,6529.898334683168,False,False,Neither withheld
spot_546_269311,4272.663270937028,6459.090322997085,False,False,Neither withheld
spot_547_269584,4178.932806645031,6736.739884380818,False,False,Neither withheld
spot_548_269231,4107.733686902031,6380.008828709989,False,False,Neither withheld
spot_549_283569,4304.642837611282,6573.892198965288,False,False,Neither withheld
spot_550_269455,4237.39693145117,6420.135465836084,False,False,Neither withheld
spot_551_283668,4294.94711058824,6501.536845897578,False,False,Neither withheld
spot_552_269245,4149.923998144413,6381.132511172132,False,False,Neither withheld
spot_553_269342,4091.074228148588,6381.324768776751,True,False,Standalone-only withheld
spot_554_269306,4261.773772492536,6443.375232809402,False,False,Neither withheld
spot_555_269459,4247.346114375821,6428.261019806704,False,False,Neither withheld
spot_556_269234,4125.152022868877,6378.4371888284295,False,False,Neither withheld
spot_557_269708,4273.047526344168,6667.982386478772,False,False,Neither withheld
spot_558_269682,4249.591125155655,6695.54146435805,False,False,Neither withheld
spot_559_269790,4112.330615338909,6746.949005871336,False,False,Neither withheld
spot_560_283471,4303.627863709633,6593.338837718947,False,False,Neither withheld
spot_561_283470,4300.39718866023,6609.247371181926,False,False,Neither withheld
spot_562_269240,4139.484732329405,6378.74073342774,False,False,Neither withheld
spot_563_269261,4177.451327556844,6386.3015818899785,False,False,Neither withheld
spot_564_283572,4305.416093244801,6540.912574947277,False,False,Neither withheld
spot_565_259573,3988.592057630187,6433.869634093931,False,False,Neither withheld
spot_566_283570,4301.865032900032,6519.232781821569,False,False,Neither withheld
spot_567_269253,4164.1047053971815,6381.991556658672,False,False,Neither withheld
spot_568_269267,4186.31529524092,6388.164632321787,False,False,Neither withheld
spot_569_283266,4300.678435190813,6614.363889478335,False,False,Neither withheld
spot_570_269554,4150.847629955772,6746.810868082474,False,False,Neither withheld
spot_571_259398,4085.238153620818,6745.594238208374,True,False,Standalone-only withheld
spot_572_259494,4010.195095315809,6413.062922588075,True,True,Withheld by both
spot_573_269667,4234.912835413927,6711.333754736945,False,False,Neither withheld
spot_574_259385,4036.6740933455208,6729.28584450493,True,False,Standalone-only withheld
spot_575_269337,4268.891747999769,6447.32467132569,False,False,Neither withheld
spot_576_269491,4287.909067044176,6476.471078095632,False,False,Neither withheld
spot_577_269460,4249.981950237742,6426.24808638857,False,False,Neither withheld
spot_578_269706,4266.684024885302,6681.594695201224,False,False,Neither withheld
spot_579_269275,4194.332210362087,6389.486943809199,False,False,Neither withheld
spot_580_269305,4259.5205210263375,6435.08815687234,False,False,Neither withheld
spot_581_269581,4172.456461020975,6743.788325903679,False,False,Neither withheld
spot_582_269541,4120.953997230262,6750.878707941516,False,False,Neither withheld
spot_583_269287,4220.204058961204,6402.13836599608,False,False,Neither withheld
spot_584_269315,4278.485813809268,6457.825104655068,False,False,Neither withheld
spot_585_259499,4031.7965713387975,6396.436785613011,False,False,Neither withheld
spot_586_269757,4188.880235561188,6739.461869275854,False,False,Neither withheld
spot_587_269333,4229.490501531424,6407.264006186153,False,False,Neither withheld
spot_588_283260,4300.734886217086,6624.15195234931,False,False,Neither withheld
spot_589_283270,4306.696369652329,6603.179924428447,False,False,Neither withheld
spot_590_269458,4246.038836864542,6419.814985537369,False,False,Neither withheld
spot_591_269246,4154.141102040882,6375.994434480867,False,False,Neither withheld
spot_592_259377,4027.458681315452,6728.371682368791,True,True,Withheld by both
spot_593_269534,4101.799591368239,6752.301675347277,True,False,Standalone-only withheld
spot_594_269264,4179.775645742793,6380.921254972849,False,False,Neither withheld
spot_595_269545,4129.140813200157,6753.43159158492,False,False,Neither withheld
spot_596_269470,4256.0919775972,6426.960651245774,False,False,Neither withheld
spot_597_283469,4293.978902866557,6645.288808636193,False,False,Neither withheld
spot_598_269575,4166.300214603465,6748.488282996768,False,False,Neither withheld
spot_599_259420,3962.111067778624,6668.609002982792,True,False,Standalone-only withheld
spot_600_269616,4201.262469484696,6736.945951698148,False,False,Neither withheld
spot_601_269677,4244.625950891612,6709.883755584132,False,False,Neither withheld
spot_602_259340,3946.544480624621,6640.95860799549,True,False,Standalone-only withheld
spot_603_269617,4208.4703442182645,6733.955560002791,False,False,Neither withheld
spot_604_269636,4223.550794002037,6725.797132169199,False,False,Neither withheld
spot_605_259557,3939.509764739554,6500.715119094559,False,False,Neither withheld
spot_606_259300,4077.453859218946,6749.995447546528,False,False,Neither withheld
spot_607_269676,4241.814553855904,6713.0571704551385,False,False,Neither withheld
spot_608_259505,4057.4582132353808,6381.035848637119,False,False,Neither withheld
spot_609_269235,4124.400124753865,6369.959941941863,False,False,Neither withheld
spot_610_269716,4271.943455377264,6683.682943574213,False,False,Neither withheld
spot_611_269277,4201.589265102781,6386.841584872922,False,False,Neither withheld
spot_612_269465,4253.7078738680575,6421.262529433345,False,False,Neither withheld
spot_613_259441,4034.17918760048,6735.331056571731,False,False,Neither withheld
spot_614_268945,4136.312621572777,6369.547198028966,False,False,Neither withheld
spot_615_259556,3929.375188268449,6538.557134766464,False,False,Neither withheld
spot_616_269280,4209.580770590497,6389.877660286136,False,False,Neither withheld
spot_617_283265,4301.279791835821,6635.915945258949,False,False,Neither withheld
spot_618_269340,4092.800423497568,6370.7585695775415,True,False,Standalone-only withheld
spot_619_269304,4259.745138980621,6426.052152270659,False,False,Neither withheld
spot_620_283472,4309.993780345641,6610.587722823921,False,False,Neither withheld
spot_621_269312,4274.757381096852,6442.907433482528,False,False,Neither withheld
spot_622_259555,3927.076135375555,6562.863274787867,True,True,Withheld by both
spot_623_259299,4083.256393153683,6753.78944499882,False,False,Neither withheld
spot_624_269322,4290.844688996522,6465.619014003923,False,False,Neither withheld
spot_625_269744,4146.592838150387,6756.313243017856,False,False,Neither withheld
spot_626_269219,4120.267667832137,6367.494160948512,False,False,Neither withheld
spot_627_259411,3927.077230051383,6578.450786497475,True,True,Withheld by both
spot_628_269719,4275.4943710036405,6683.000925248354,False,False,Neither withheld
spot_629_259601,3945.460218257449,6478.305631445439,True,True,Withheld by both
spot_630_259353,3964.368492534416,6678.641756918555,True,False,Standalone-only withheld
spot_631_283255,4291.593988984423,6659.437625105174,False,False,Neither withheld
spot_632_269693,4264.9234696104,6696.048939723883,False,False,Neither withheld
spot_633_259429,3999.626619953592,6715.685030853486,True,False,Standalone-only withheld
spot_634_259338,3951.195118754258,6658.8341676001255,True,False,Standalone-only withheld
spot_635_283278,4316.235246671518,6584.728884545973,False,False,Neither withheld
spot_636_269668,4237.37924227387,6720.844969687731,False,False,Neither withheld
spot_637_269542,4125.050851753884,6758.754722433291,False,False,Neither withheld
spot_638_269206,4103.345455884468,6367.425923945944,False,False,Neither withheld
spot_639_269488,4284.290420294958,6452.612369104896,False,False,Neither withheld
spot_640_259550,3925.615900839133,6548.367075116323,False,False,Neither withheld
spot_641_259563,3962.713809508231,6446.732268254369,False,False,Neither withheld
spot_642_269224,4127.917364194718,6365.846431486882,False,False,Neither withheld
spot_643_283276,4310.902833669112,6617.4800158331545,False,False,Neither withheld
spot_644_268950,4144.681157779973,6366.902142840814,False,False,Neither withheld
spot_645_269608,4188.330230671156,6748.369682827242,False,False,Neither withheld
spot_646_269329,4185.53735353951,6375.945838938993,False,False,Neither withheld
spot_647_259559,3940.469388824686,6484.439239454307,True,True,Withheld by both
spot_648_259507,4071.118775916075,6371.87924771424,True,False,Standalone-only withheld
spot_649_259561,3953.472482950327,6459.075674993552,True,False,Standalone-only withheld
spot_650_283573,4312.004264281377,6509.631360751895,False,False,Neither withheld
spot_651_259500,4033.3244904505777,6385.772488567655,True,False,Standalone-only withheld
spot_652_269255,4169.889682075152,6370.702866329565,False,False,Neither withheld
spot_653_269532,4095.29145230172,6759.039204070334,False,False,Neither withheld
spot_654_259553,3925.849343807284,6532.843431080268,True,False,Standalone-only withheld
spot_655_269777,4087.013430212022,6757.824370171142,False,False,Neither withheld
spot_656_269590,4177.663094572029,6753.057104869748,False,False,Neither withheld
spot_657_269335,4243.206302573877,6405.850685118816,False,False,Neither withheld
spot_658_259484,3966.888524146061,6438.563591662074,True,True,Withheld by both
spot_659_269536,4111.5194313371485,6760.922357335989,True,False,Standalone-only withheld
spot_660_259376,4021.4980114891614,6734.041047954818,True,True,Withheld by both
spot_661_259378,4029.8336416502666,6738.680453115876,False,False,Neither withheld
spot_662_283282,4315.943143885655,6603.657533712734,False,False,Neither withheld
spot_663_269511,4270.662528924964,6430.693415830239,False,False,Neither withheld
spot_664_269297,4250.887023319472,6411.07263835806,False,False,Neither withheld
spot_665_283577,4320.686348703965,6575.183945399469,False,False,Neither withheld
spot_666_269546,4136.645996963695,6761.675276629963,False,False,Neither withheld
spot_667_259388,4042.75183597598,6746.283876211173,True,False,Standalone-only withheld
spot_668_269334,4234.9767813948565,6397.808038132163,False,False,Neither withheld
spot_669_259363,3977.451231292421,6701.40932856015,True,False,Standalone-only withheld
spot_670_269580,4170.195347242203,6757.160778799478,False,False,Neither withheld
spot_671_269724,4285.0606312263335,6678.8844206198655,False,False,Neither withheld
spot_672_259357,3972.2552331931015,6696.377159092803,False,False,Neither withheld
spot_673_269479,4266.709643928423,6424.09366444827,False,False,Neither withheld
spot_674_269570,4163.580599267159,6758.950197932036,False,False,Neither withheld
spot_675_283263,4293.355067621507,6666.736220299088,False,False,Neither withheld
spot_676_259492,4001.890192487021,6401.586429302839,False,False,Neither withheld
spot_677_269771,4250.702765002396,6716.745036584895,False,False,Neither withheld
spot_678_283580,4322.078461323892,6546.491163691942,False,False,Neither withheld
spot_679_269775,4280.527530511699,6686.453288302579,False,False,Neither withheld
spot_680_269163,4130.978490039481,6361.250111903728,False,False,Neither withheld
spot_681_283578,4323.476946088962,6555.322142143864,False,False,Neither withheld
spot_682_269288,4226.27808151903,6389.926433054916,False,False,Neither withheld
spot_683_269330,4197.974539195963,6375.681966490668,False,False,Neither withheld
spot_684_259551,3922.065848231159,6531.427577698571,True,True,Withheld by both
spot_685_259438,4021.004964571766,6738.193995338237,True,True,Withheld by both
spot_686_259522,3960.6706578797553,6440.167149504508,True,True,Withheld by both
spot_687_269614,4199.344955397151,6749.6133822481615,False,False,Neither withheld
spot_688_259415,3952.236488480391,6673.8942038714185,True,False,Standalone-only withheld
spot_689_269686,4257.959965757465,6713.002184484731,False,False,Neither withheld
spot_690_259560,3946.956462293451,6457.971566168522,True,True,Withheld by both
spot_691_283475,4323.522673428481,6590.954551780285,False,False,Neither withheld
spot_692_283279,4312.341082782008,6634.981863779831,False,False,Neither withheld
spot_693_259427,3982.839436798424,6712.224598737097,True,False,Standalone-only withheld
spot_694_259495,4013.259848948232,6389.734756162711,False,False,Neither withheld
spot_695_269767,4228.216641116553,6736.961946669362,False,False,Neither withheld
spot_696_283575,4316.324218242169,6500.494989778076,False,False,Neither withheld
spot_697_259375,4016.7873782986608,6738.078799091688,False,False,Neither withheld
spot_698_269556,4152.281578124495,6764.9446623542535,False,False,Neither withheld
spot_699_259547,3917.2281299378255,6569.090093295068,True,True,Withheld by both
spot_700_268918,4114.145852511759,6358.276899284274,False,False,Neither withheld
spot_701_269300,4256.5799794586965,6408.796106755908,False,False,Neither withheld
spot_702_259365,3985.882178763613,6716.25140370957,True,False,Standalone-only withheld
spot_703_283271,4306.984833310658,6650.76077779334,False,False,Neither withheld
spot_704_259502,4038.551223388131,6375.117557656454,True,False,Standalone-only withheld
spot_705_259520,3952.6129617100673,6446.391169208994,False,False,Neither withheld
spot_706_259548,3917.222930497642,6544.660863733865,True,True,Withheld by both
spot_707_259361,3972.191871647673,6703.38409366401,False,False,Neither withheld
spot_708_269004,4186.230682933796,6367.76465856192,False,False,Neither withheld
spot_709_259599,3928.4084384225553,6493.157077372985,True,False,Standalone-only withheld
spot_710_283566,4296.602640649006,6454.835051807619,False,False,Neither withheld
spot_711_269594,4186.135293750508,6757.841398263977,False,False,Neither withheld
spot_712_259488,3976.010159468913,6417.381080007157,True,True,Withheld by both
spot_713_259549,3919.279845169074,6525.268503122985,True,False,Standalone-only withheld
spot_714_268959,4152.982719503912,6359.238113165822,False,False,Neither withheld
spot_715_269635,4213.062352391857,6747.226311978695,False,False,Neither withheld
spot_716_259482,3967.068401977848,6426.109551216163,True,False,Standalone-only withheld
spot_717_283582,4328.040169612636,6565.958804103894,False,False,Neither withheld
spot_718_259424,3975.879129061951,6708.788165260492,False,False,Neither withheld
spot_719_269176,4178.207094620834,6363.744770784728,False,False,Neither withheld
spot_720_269173,4161.436863173167,6359.610439138339,False,False,Neither withheld
spot_721_268952,4143.478505887272,6356.904226033897,False,False,Neither withheld
spot_722_269318,4284.182524796739,6434.471629774009,False,False,Neither withheld
spot_723_259521,3959.460637012997,6434.118318650057,True,False,Standalone-only withheld
spot_724_269294,4240.616057270998,6393.242613378203,False,False,Neither withheld
spot_725_259600,3934.483632119358,6474.216392328559,False,False,Neither withheld
spot_726_259333,3934.540507148916,6651.335610831174,True,False,Standalone-only withheld
spot_727_259552,3923.643122470118,6501.316892836007,True,True,Withheld by both
spot_728_283262,4293.021903422241,6679.573111306516,False,False,Neither withheld
spot_729_259347,3959.37560685852,6691.906556133223,True,False,Standalone-only withheld
spot_730_259335,3940.8898610351007,6664.587537389343,False,False,Neither withheld
spot_731_269787,4103.634690654224,6769.506390615044,False,False,Neither withheld
spot_732_269689,4254.557661716552,6722.496634105059,False,False,Neither withheld
spot_733_269675,4244.821183452656,6730.4252932497,False,False,Neither withheld
spot_734_269313,4276.041616416358,6423.083330796086,False,False,Neither withheld
spot_735_269331,4221.551654152157,6380.039355045459,False,False,Neither withheld
spot_736_259389,4041.451854053574,6754.87612661948,False,False,Neither withheld
spot_737_259346,3954.448314739231,6686.802592867274,True,False,Standalone-only withheld
spot_738_269283,4209.523561736652,6373.736961629008,False,False,Neither withheld
spot_739_259627,4091.307268929212,6356.523162807342,True,False,Standalone-only withheld
spot_740_259382,4033.373046386644,6751.8008779582,True,False,Standalone-only withheld
spot_741_259554,3927.5960053606814,6484.994651620085,True,False,Standalone-only withheld
spot_742_283579,4324.994706455705,6513.041630850084,False,False,Neither withheld
spot_743_269731,4285.776303790168,6692.918944742716,False,False,Neither withheld
spot_744_259782,4056.393600061712,6363.594531022607,True,False,Standalone-only withheld
spot_745_269754,4175.52910023971,6765.281378624696,False,False,Neither withheld
spot_746_259354,3965.48883546438,6702.554035144448,True,False,Standalone-only withheld
spot_747_283285,4327.292929539826,6603.937849437505,False,False,Neither withheld
spot_748_259544,3913.7919772913015,6534.410896031613,True,True,Withheld by both
spot_749_269538,4120.666275307684,6772.765100929266,False,False,Neither withheld
spot_750_283272,4306.721878320677,6662.442934154402,False,False,Neither withheld
spot_751_259519,3934.936019972876,6466.167978609521,True,False,Standalone-only withheld
spot_752_259455,4082.718079781642,6769.32351372449,False,False,Neither withheld
spot_753_269576,4166.744417228002,6768.341602148771,False,False,Neither withheld
spot_754_259323,3912.821183754372,6589.0928546341165,True,True,Withheld by both
spot_755_259543,3911.676039764193,6546.248650379703,False,False,Neither withheld
spot_756_259436,4019.501696725867,6747.273092969776,True,True,Withheld by both
spot_757_259595,3915.659335980567,6516.017943536393,True,True,Withheld by both
spot_758_259391,4050.6542725861295,6761.881876978001,True,False,Standalone-only withheld
spot_759_269307,4272.472686428297,6414.157928095327,False,False,Neither withheld
spot_760_269547,4133.883919955557,6774.132168582263,False,False,Neither withheld
spot_761_259537,3909.90663285372,6559.798752350342,True,True,Withheld by both
spot_762_269490,4280.99396155706,6423.002559390929,False,False,Neither withheld
spot_763_283280,4314.497540864533,6650.848322484664,False,False,Neither withheld
spot_764_283554,4295.541999833165,6441.3382351418895,False,False,Neither withheld
spot_765_259413,3944.4550106871984,6679.171960204023,False,False,Neither withheld
spot_766_268989,4173.541332717372,6357.062175868399,False,False,Neither withheld
spot_767_269657,4230.03046107516,6745.184500780911,False,False,Neither withheld
spot_768_269308,4264.872380292504,6405.4664582678,False,False,Neither withheld
spot_769_269166,4137.804462011747,6350.609935051406,False,False,Neither withheld
spot_770_283287,4327.083483094838,6618.013097894842,False,False,Neither withheld
spot_771_269021,4199.838692372874,6364.795667960391,False,False,Neither withheld
spot_772_269221,4125.382965772829,6349.937698279136,False,False,Neither withheld
spot_773_269000,4187.743014794904,6360.084483148645,False,False,Neither withheld
spot_774_259524,3991.252001416032,6394.046533305198,True,False,Standalone-only withheld
spot_775_259348,3956.354508986651,6697.348045718612,False,False,Neither withheld
spot_776_269207,4103.941898746118,6350.20820145451,False,False,Neither withheld
spot_777_283474,4311.434405000122,6660.052726288313,False,False,Neither withheld
spot_778_283291,4332.82300928821,6593.83217321811,False,False,Neither withheld
spot_779_259480,3960.284363023293,6422.74823894361,True,False,Standalone-only withheld
spot_780_259328,3925.3587411187086,6647.118446072362,True,False,Standalone-only withheld
spot_781_283477,4332.311251470877,6599.584313974918,False,False,Neither withheld
spot_782_270064,4099.248423648822,6776.065306369213,False,False,Neither withheld
spot_783_283586,4333.796805191754,6530.005136843559,False,False,Neither withheld
spot_784_259320,3908.391442966392,6589.968331409176,False,False,Neither withheld
spot_785_259624,4090.8897411980543,6349.823843492303,True,False,Standalone-only withheld
spot_786_269902,4142.196994783473,6776.906314779149,False,False,Neither withheld
spot_787_269806,4110.279832623291,6777.616545608767,True,False,Standalone-only withheld
spot_788_269290,4232.414503892979,6378.044843667551,False,False,Neither withheld
spot_789_269722,4283.5422742202245,6705.1065313942445,False,False,Neither withheld
spot_790_259317,3906.61039907732,6577.526984664871,True,True,Withheld by both
spot_791_269648,4222.887694335601,6753.3114048511925,False,False,Neither withheld
spot_792_283576,4321.657271947452,6481.360775004889,False,False,Neither withheld
spot_793_283283,4317.50125460171,6654.12327244259,False,False,Neither withheld
spot_794_259339,3944.689436822417,6686.966061413694,True,False,Standalone-only withheld
spot_795_259486,3973.968692081709,6404.695614216528,True,True,Withheld by both
spot_796_269641,4215.471032867709,6757.688618087546,False,False,Neither withheld
spot_797_269709,4273.840332892284,6716.653411678771,False,False,Neither withheld
spot_798_269317,4280.0019273023245,6415.097736023077,False,False,Neither withheld
spot_799_269293,4244.0167341480055,6384.123415054325,False,False,Neither withheld
spot_800_283585,4330.901753852268,6505.697433099813,False,False,Neither withheld
spot_801_259406,3913.356166551449,6623.747640322338,True,False,Standalone-only withheld
spot_802_269320,4288.038039318024,6423.139374943957,False,False,Neither withheld
spot_803_269683,4250.461528462907,6737.740790501228,False,False,Neither withheld
spot_804_259541,3908.4642467928256,6520.663776115755,True,True,Withheld by both
spot_805_259445,4048.053656698569,6767.274996686121,True,False,Standalone-only withheld
spot_806_283476,4328.676298738979,6629.393214357302,False,False,Neither withheld
spot_807_268985,4172.223792404213,6351.039798856569,False,False,Neither withheld
spot_808_269632,4209.064083599977,6762.101293120888,False,False,Neither withheld
spot_809_259791,4068.935756338909,6351.338151279946,True,False,Standalone-only withheld
spot_810_259270,4066.432777791636,6773.433793595423,True,True,Withheld by both
spot_811_259538,3904.605305523645,6541.709726772071,False,False,Neither withheld
spot_812_259297,4073.036970126057,6775.324753754863,True,True,Withheld by both
spot_813_269659,4229.811150559859,6752.354398083662,False,False,Neither withheld
spot_814_269691,4260.5183530886015,6731.240213178759,False,False,Neither withheld
spot_815_283502,4313.766815536084,6457.730444481688,False,False,Neither withheld
spot_816_259489,3981.943013016516,6394.213205057834,True,True,Withheld by both
spot_817_259325,3925.836656540365,6661.010675944021,False,False,Neither withheld
spot_818_268969,4158.439970694139,6346.336000281205,False,False,Neither withheld
spot_819_283588,4341.085362534144,6556.350933422054,False,False,Neither withheld
spot_820_259332,3932.567726727924,6674.11492939822,True,True,Withheld by both
spot_821_269054,4228.2308470085845,6370.587466072277,False,False,Neither withheld
spot_822_269669,4240.344795121389,6747.620279829552,False,False,Neither withheld
spot_823_283258,4291.975318002105,6701.582612841947,False,False,Neither withheld
spot_824_259407,3914.3533586128297,6635.621034288318,True,False,Standalone-only withheld
spot_825_259422,3969.332056752364,6721.114252848638,True,True,Withheld by both
spot_826_259343,3955.236466107112,6706.256901841562,True,True,Withheld by both
spot_827_259540,3904.6605576552497,6526.917673781715,True,True,Withheld by both
spot_828_259380,4034.880932153191,6764.990967122276,True,True,Withheld by both
spot_829_269299,4258.803115891769,6390.467377468046,False,False,Neither withheld
spot_830_268912,4097.342074045129,6343.80926802829,False,False,Neither withheld
spot_831_259542,3913.97625963811,6488.212680799554,True,True,Withheld by both
spot_832_259324,3915.0119258936647,6640.113199746727,True,False,Standalone-only withheld
spot_833_283478,4331.427049481064,6631.4480775984775,False,False,Neither withheld
spot_834_269826,4153.397480953831,6781.21506011036,False,False,Neither withheld
spot_835_268957,4149.097397314084,6343.567663422439,False,False,Neither withheld
spot_836_269698,4268.916070085311,6727.47616853148,False,False,Neither withheld
spot_837_269218,4119.1555095371605,6341.7365742592365,False,False,Neither withheld
spot_838_259261,4058.5803980308624,6774.634086626419,True,True,Withheld by both
spot_839_269186,4211.037833580187,6360.337144294212,False,False,Neither withheld
spot_840_259314,3903.156843288317,6598.990460418554,True,True,Withheld by both
spot_841_269296,4242.113224426734,6376.65112010518,False,False,Neither withheld
spot_842_259437,4021.025380772741,6760.316355582652,True,True,Withheld by both
spot_843_269309,4272.397287984716,6399.641504846682,False,False,Neither withheld
spot_844_268917,4102.282684630317,6341.260755603889,False,False,Neither withheld
spot_845_259423,3971.97830855846,6727.073077598967,True,True,Withheld by both
spot_846_259749,4014.2749674062734,6367.971449960779,False,False,Neither withheld
spot_847_269319,4286.098622642032,6412.586525488301,False,False,Neither withheld
spot_848_269003,4185.262240152727,6349.202973092795,False,False,Neither withheld
spot_849_270067,4109.0709657237,6785.136777519854,False,False,Neither withheld
spot_850_259597,3921.408767985789,6465.0616195103885,False,False,Neither withheld
spot_851_268923,4109.06826607772,6340.238090209866,False,False,Neither withheld
spot_852_259481,3963.997229598802,6405.2084593092,True,True,Withheld by both
spot_853_283295,4336.221485419692,6623.381348002557,False,False,Neither withheld
spot_854_269844,4183.857476445479,6776.8205886885935,False,False,Neither withheld
spot_855_259478,3957.0398451738206,6412.366088373719,True,True,Withheld by both
spot_856_269611,4197.70557709678,6772.470079151319,False,False,Neither withheld
spot_857_259594,3905.7631940741057,6506.298665170607,True,True,Withheld by both
spot_858_269684,4252.052868465457,6743.994636651505,False,False,Neither withheld
spot_859_283571,4310.403179385188,6443.323475533054,False,False,Neither withheld
spot_860_259373,4006.1851907333166,6753.893377130935,True,True,Withheld by both
spot_861_259337,3946.210742789734,6701.451663812688,True,True,Withheld by both
spot_862_268949,4142.362533128713,6339.759838923544,False,False,Neither withheld
spot_863_259490,3985.406790513856,6384.874331662668,True,False,Standalone-only withheld
spot_864_269664,4231.955535618634,6757.841946090593,False,False,Neither withheld
spot_865_259493,4003.890108092274,6372.000276194768,True,False,Standalone-only withheld
spot_866_283567,4302.628161486164,6430.373639309177,False,False,Neither withheld
spot_867_269639,4215.257297250415,6767.174379053535,False,False,Neither withheld
spot_868_259801,4092.448625995501,6339.59433259171,False,False,Neither withheld
spot_869_283501,4307.73636358176,6435.986832444125,False,False,Neither withheld
spot_870_269697,4262.6520049027295,6738.421209302964,False,False,Neither withheld
spot_871_259329,3927.22040319532,6676.498047054097,True,False,Standalone-only withheld
spot_872_269061,4220.801276876235,6360.201220113679,False,False,Neither withheld
spot_873_269836,4174.432786718544,6781.989456043695,False,False,Neither withheld
spot_874_269303,4259.530495363424,6384.140263868267,False,False,Neither withheld
spot_875_259334,3938.8861937675656,6695.203710862013,True,True,Withheld by both
spot_876_283288,4327.104385398407,6656.722362628622,False,False,Neither withheld
spot_877_259412,3930.628321337807,6683.36473941544,True,True,Withheld by both
spot_878_259487,3974.402082514476,6391.259771058227,True,True,Withheld by both
spot_879_283670,4347.789046764231,6562.346219125201,False,False,Neither withheld
spot_880_269810,4124.146809088696,6788.80029482199,False,False,Neither withheld
spot_881_283511,4325.252449531643,6464.284085980433,False,False,Neither withheld
spot_882_283299,4337.26130336508,6632.159846824594,False,False,Neither withheld
spot_883_259401,3895.913053446119,6580.708874243537,True,True,Withheld by both
spot_884_259372,3998.871831682718,6753.044104288039,True,True,Withheld by both
spot_885_259533,3895.15959393847,6567.033249076128,False,False,Neither withheld
spot_886_283473,4311.339368216916,6686.823689078985,False,False,Neither withheld
spot_887_269626,4205.874740554968,6773.195406829698,False,False,Neither withheld
spot_888_269175,4170.637083930162,6341.346472568503,False,False,Neither withheld
spot_889_259435,4014.420577597112,6762.76897145731,False,False,Neither withheld
spot_890_283593,4348.311060687518,6549.3879253115565,False,False,Neither withheld
spot_891_259843,4062.782057883067,6343.303703386655,True,False,Standalone-only withheld
spot_892_269033,4204.234013511595,6350.921155055313,False,False,Neither withheld
spot_893_283669,4298.299628424769,6419.522819801783,False,False,Neither withheld
spot_894_268910,4094.9398730652256,6336.830359661992,False,False,Neither withheld
spot_895_269899,4108.679718420309,6789.881581767968,False,False,Neither withheld
spot_896_269016,4194.5477686211125,6347.137406199726,False,False,Neither withheld
spot_897_259591,3894.150566720694,6552.635616723832,True,True,Withheld by both
spot_898_259257,4049.116904821417,6778.630169676631,False,False,Neither withheld
spot_899_259800,4088.492839017229,6337.272337374341,True,False,Standalone-only withheld
spot_900_269077,4240.699517122936,6368.1600740898375,False,False,Neither withheld
spot_901_259319,3912.4206824118846,6653.501524332503,False,False,Neither withheld
spot_902_259342,3953.859553346165,6717.729536256631,False,False,Neither withheld
spot_903_269002,4184.710658966224,6343.057929736552,False,False,Neither withheld
spot_904_269703,4261.933161278157,6743.403419844857,False,False,Neither withheld
spot_905_259254,4042.512920222686,6777.639660328012,True,True,Withheld by both
spot_906_269766,4226.986257508224,6766.522907367022,False,False,Neither withheld
spot_907_259539,3907.086339632936,6481.365252117238,True,True,Withheld by both
spot_908_269067,4226.245229094343,6358.373663284659,False,False,Neither withheld
spot_909_259470,3913.191386519776,6466.209904220588,True,True,Withheld by both
spot_910_259592,3893.186527860654,6538.368253166996,True,True,Withheld by both
spot_911_269321,4290.686154751398,6406.923861800883,False,False,Neither withheld
spot_912_259536,3898.0817825141935,6509.429946045832,True,True,Withheld by both
spot_913_259312,3904.0076049079817,6636.868631513164,True,False,Standalone-only withheld
spot_914_283300,4345.704088638637,6615.093946393507,False,False,Neither withheld
spot_915_259767,4039.2251113786015,6347.903819092364,False,False,Neither withheld
spot_916_269670,4241.911856291916,6759.112169013702,False,False,Neither withheld
spot_917_283510,4322.608939707056,6449.776925240583,False,False,Neither withheld
spot_918_269171,4160.901719835877,6335.509527927443,False,False,Neither withheld
spot_919_269338,4272.44613362756,6387.951455894365,False,False,Neither withheld
spot_920_283592,4351.580068722664,6540.572466147788,False,False,Neither withheld
spot_921_259307,3894.636589990192,6605.085920525024,True,True,Withheld by both
spot_922_259400,3893.013018178055,6595.602708451293,True,True,Withheld by both
spot_923_259439,4021.354622779621,6770.950795240408,False,False,Neither withheld
spot_924_259532,3892.59415747172,6530.4341149461925,False,False,Neither withheld
spot_925_269213,4110.613846017115,6331.466282918503,False,False,Neither withheld
spot_926_259546,3919.818452729843,6449.311442445402,True,True,Withheld by both
spot_927_283589,4344.891891500141,6500.7901807909775,False,False,Neither withheld
spot_928_269302,4261.475071682042,6377.833007835848,False,False,Neither withheld
spot_929_259244,4033.074529822101,6776.98205471138,True,True,Withheld by both
spot_930_269817,4140.029785312501,6794.148174257514,False,False,Neither withheld
spot_931_269685,4253.962048609675,6753.516665035507,False,False,Neither withheld
spot_932_269912,4211.956930521974,6777.071277334342,False,False,Neither withheld
spot_933_269102,4251.913212032415,6369.918210459596,False,False,Neither withheld
spot_934_283306,4351.305743619116,6603.223749153785,False,False,Neither withheld
spot_935_283254,4288.608377681951,6725.701094302329,False,False,Neither withheld
spot_936_259593,3900.355120299035,6488.790000954026,True,True,Withheld by both
spot_937_283595,4350.348728784969,6515.828480360517,False,False,Neither withheld
spot_938_283596,4351.646688537861,6522.549330206582,False,False,Neither withheld
spot_939_268915,4103.503188346508,6329.960692243023,False,False,Neither withheld
spot_940_283507,4315.622002976692,6432.591367974496,False,False,Neither withheld
spot_941_259473,3924.716594029283,6436.800082649495,True,True,Withheld by both
spot_942_268982,4172.792763341346,6334.247935231033,False,False,Neither withheld
spot_943_269316,4282.680287097385,6392.570833713111,False,False,Neither withheld
spot_944_269007,4186.27711572147,6337.539510336283,False,False,Neither withheld
spot_945_259426,3985.2115015774375,6753.23439095883,True,True,Withheld by both
spot_946_259531,3891.956009199828,6516.1483492750085,True,True,Withheld by both
spot_947_259476,3940.524032707055,6413.447120981267,True,True,Withheld by both
spot_948_269188,4221.426484408026,6350.118524424355,False,False,Neither withheld
spot_949_259344,3952.691491146833,6725.757290513262,True,False,Standalone-only withheld
spot_950_269914,4220.900890486547,6775.831603750559,False,False,Neither withheld
spot_951_283499,4294.094366974615,6402.6550282171775,False,False,Neither withheld
spot_952_269081,4239.6632389461865,6359.088031136727,False,False,Neither withheld
spot_953_259350,3964.3923570830457,6737.833072637293,True,True,Withheld by both
spot_954_259374,4010.470709547022,6770.175285725951,True,True,Withheld by both
spot_955_259336,3943.528011527283,6716.924627703742,False,False,Neither withheld
spot_956_268956,4148.314865231718,6328.520508447591,False,False,Neither withheld
spot_957_259754,4023.576038035833,6348.379268929988,True,False,Standalone-only withheld
spot_958_269833,4167.160036404383,6793.996987773241,False,False,Neither withheld
spot_959_283583,4330.505539792106,6453.342895655167,False,False,Neither withheld
spot_960_269772,4264.313966615977,6750.791481254228,False,False,Neither withheld
spot_961_283594,4350.173966478299,6503.322534517174,False,False,Neither withheld
spot_962_259625,4086.855653092479,6329.167839763676,True,False,Standalone-only withheld
spot_963_269339,4270.889682043056,6379.666584655686,False,False,Neither withheld
spot_964_244312,3886.79683442504,6538.161860501676,False,False,Neither withheld
spot_965_259331,3931.5701952263175,6702.872586683076,True,True,Withheld by both
spot_966_259313,3902.555090611712,6650.957855786188,True,False,Standalone-only withheld
spot_967_259326,3921.914262520768,6689.438552999598,True,False,Standalone-only withheld
spot_968_259237,4022.183721244177,6777.492666755843,True,True,Withheld by both
spot_969_269720,4282.318416655327,6736.599120642175,False,False,Neither withheld
spot_970_283292,4335.988451280994,6663.724562563071,False,False,Neither withheld
spot_971_259483,3967.214128267394,6383.045480515643,False,False,Neither withheld
spot_972_283267,4299.30013718327,6719.656697306494,False,False,Neither withheld
spot_973_269710,4275.017918587717,6743.631418532739,False,False,Neither withheld
spot_974_244311,3887.458074676151,6524.959878559048,False,False,Neither withheld
spot_975_283599,4358.297671729975,6544.81300520224,False,False,Neither withheld
spot_976_269112,4260.419888909508,6370.027254146142,False,False,Neither withheld
spot_977_283581,4323.199219455239,6437.12020525442,False,False,Neither withheld
spot_978_269856,4206.551791992262,6784.4748445859495,False,False,Neither withheld
spot_979_259370,4000.80886072126,6767.10404950989,True,False,Standalone-only withheld
spot_980_259303,3886.0453853690337,6592.561754006212,True,True,Withheld by both
spot_981_283574,4315.3966673163895,6425.15932745474,False,False,Neither withheld
spot_982_269848,4188.835494520701,6790.784015230543,False,False,Neither withheld
spot_983_259229,4013.656636698014,6774.719885616525,True,True,Withheld by both
spot_984_269017,4192.119386086344,6335.296753257538,False,False,Neither withheld
spot_985_259523,3982.816749814701,6369.268383602923,False,False,Neither withheld
spot_986_283587,4338.949874524433,6465.207353756336,False,False,Neither withheld
spot_987_259466,3906.858126992624,6459.786515263406,True,True,Withheld by both
spot_988_259253,4043.828738170997,6787.866441653463,True,False,Standalone-only withheld
spot_989_269841,4180.383336733365,6793.616470861311,False,False,Neither withheld
spot_990_283310,4358.311128650337,6590.697830021797,False,False,Neither withheld
spot_991_283506,4311.819694225766,6418.834347273785,False,False,Neither withheld
spot_992_259235,4016.912975394041,6776.889800655141,True,True,Withheld by both
spot_993_259273,4083.488571023901,6798.171977658525,True,True,Withheld by both
spot_994_269310,4270.62458624688,6376.25656997592,False,False,Neither withheld
spot_995_269027,4201.843019729069,6337.815341280751,False,False,Neither withheld
spot_996_244612,3883.768311905733,6583.048547871725,False,False,Neither withheld
spot_997_268909,4092.8131094145024,6325.557341656094,True,False,Standalone-only withheld
spot_998_269804,4097.926300892619,6800.530801350442,False,False,Neither withheld
spot_999_269869,4226.9092048470375,6777.624758850043,False,False,Neither withheld
spot_1000_283591,4346.769449433992,6481.413324726342,False,False,Neither withheld
spot_1001_269865,4217.22515114419,6782.812902250096,False,False,Neither withheld
spot_1002_268926,4120.167759439102,6322.544995478329,False,False,Neither withheld
spot_1003_259836,4008.483305332644,6350.870399472778,True,False,Standalone-only withheld
spot_1004_269905,4155.840783522692,6800.503430863482,False,False,Neither withheld
spot_1005_259485,3973.2979655940817,6373.648537985112,False,False,Neither withheld
spot_1006_269916,4233.980322375324,6775.309339712059,False,False,Neither withheld
spot_1007_283281,4316.52438634833,6703.605143458808,False,False,Neither withheld
spot_1008_259311,3904.750522598853,6666.727752881383,True,False,Standalone-only withheld
spot_1009_283498,4298.412787190462,6399.410492761412,False,False,Neither withheld
spot_1010_259472,3924.450886743906,6424.78706028786,False,False,Neither withheld
spot_1011_244611,3885.693978498624,6610.167456919481,False,False,Neither withheld
spot_1012_259598,3919.929088751589,6431.379203818816,False,False,Neither withheld
spot_1013_269680,4248.142460638577,6767.77774659514,False,False,Neither withheld
spot_1014_283671,4362.113584495626,6546.963186386732,False,False,Neither withheld
spot_1015_269807,4117.933269038284,6803.666198998242,False,False,Neither withheld
spot_1016_269910,4196.7005886020925,6791.726828131736,False,False,Neither withheld
spot_1017_259255,4049.5301558541305,6792.867920734354,True,True,Withheld by both
spot_1018_259262,4058.567796190993,6795.509013534978,True,True,Withheld by both
spot_1019_259252,4038.5311581292526,6789.203025954725,True,True,Withheld by both
spot_1020_269047,4217.941448589075,6341.416726782612,False,False,Neither withheld
spot_1021_259310,3899.240902520961,6656.626933175994,True,False,Standalone-only withheld
spot_1022_259318,3912.021513774577,6682.651197488271,True,False,Standalone-only withheld
spot_1023_283293,4334.986765605581,6676.200401918351,False,False,Neither withheld
spot_1024_244347,3884.4082964272056,6516.722659110073,False,False,Neither withheld
spot_1025_269688,4253.414242845189,6765.589782545995,False,False,Neither withheld
spot_1026_259358,3970.677243894095,6751.932511001234,True,True,Withheld by both
spot_1027_244310,3880.117896607776,6545.270931014093,False,False,Neither withheld
spot_1028_259596,3914.467218128729,6437.032069536746,True,False,Standalone-only withheld
spot_1029_269813,4129.409828866745,6805.038402937518,False,False,Neither withheld
spot_1030_269839,4175.814488848234,6799.2606114211285,False,False,Neither withheld
spot_1031_268997,4187.680063320914,6329.123244517096,False,False,Neither withheld
spot_1032_269824,4140.962252343616,6804.825734808956,False,False,Neither withheld
spot_1033_244346,3878.7438729227033,6554.518450149462,True,True,Withheld by both
spot_1034_269900,4109.79785644679,6805.564713549026,False,False,Neither withheld
spot_1035_283309,4357.018226643204,6624.119617187011,False,False,Neither withheld
spot_1036_283503,4311.29944192489,6410.223915771767,False,False,Neither withheld
spot_1037_269193,4234.177381358059,6346.8918600502175,False,False,Neither withheld
spot_1038_269075,4227.882455896639,6343.712492525975,False,False,Neither withheld
spot_1039_283481,4361.712090374178,6603.325667422338,False,False,Neither withheld
spot_1040_259789,4068.184212567957,6325.170115879599,True,False,Standalone-only withheld
spot_1041_268987,4170.721536831058,6324.198213412063,False,False,Neither withheld
spot_1042_269860,4208.894053098689,6790.063293453717,False,False,Neither withheld
spot_1043_268971,4161.327092275802,6322.420249876757,False,False,Neither withheld
spot_1044_269095,4248.303518761636,6354.596806784506,False,False,Neither withheld
spot_1045_259269,4063.490501277288,6799.304144494268,True,True,Withheld by both
spot_1046_268919,4106.942845176067,6319.441946708741,True,False,Standalone-only withheld
spot_1047_244301,3877.8738026837473,6562.805940263965,True,True,Withheld by both
spot_1048_244665,3878.3262304428217,6579.0052398451735,False,False,Neither withheld
spot_1049_283261,4293.553135367025,6735.925039511296,False,False,Neither withheld
spot_1050_268962,4153.931752362818,6320.588868899356,False,False,Neither withheld
spot_1051_283584,4332.233470843786,6438.254806773127,False,False,Neither withheld
spot_1052_283598,4364.316224268619,6531.880245508897,False,False,Neither withheld
spot_1053_259315,3905.5101422500015,6677.252007839639,True,False,Standalone-only withheld
spot_1054_269041,4213.2629163676165,6335.833768654933,False,False,Neither withheld
spot_1055_269088,4240.467035236099,6348.798304452027,False,False,Neither withheld
spot_1056_259239,4028.394253042041,6788.898896269028,True,True,Withheld by both
spot_1057_259238,4022.58626446596,6786.496942125485,True,False,Standalone-only withheld
spot_1058_259840,4027.6728959614175,6336.625225188902,False,False,Neither withheld
spot_1059_283305,4349.276590740976,6653.344054771034,False,False,Neither withheld
spot_1060_259710,3983.959131519596,6359.988521745303,True,False,Standalone-only withheld
spot_1061_269314,4280.805385879991,6376.291452086489,False,False,Neither withheld
spot_1062_268937,4134.411591719931,6317.937419934691,False,False,Neither withheld
spot_1063_244613,3883.0949219517215,6620.970681876819,False,False,Neither withheld
spot_1064_244609,3878.445834900839,6597.261246378172,False,False,Neither withheld
spot_1065_283268,4301.391007217124,6730.506978545212,False,False,Neither withheld
spot_1066_259351,3961.512696976413,6749.272391526119,True,True,Withheld by both
spot_1067_283512,4325.78725774866,6425.512998108472,False,False,Neither withheld
spot_1068_269108,4257.717151571522,6357.7761976366055,False,False,Neither withheld
spot_1069_269837,4171.278496735752,6803.694105323893,False,False,Neither withheld
spot_1070_269845,4181.755538910693,6801.357953607954,False,False,Neither withheld
spot_1071_283273,4310.459798457594,6720.781969464819,False,False,Neither withheld
spot_1072_259752,4021.193407410311,6337.909775897523,True,False,Standalone-only withheld
spot_1073_244607,3876.8888123266847,6591.0763398201225,False,False,Neither withheld
spot_1074_259479,3959.7301036285694,6376.857414653106,True,False,Standalone-only withheld
spot_1075_283602,4368.183132825205,6554.7910510498805,False,False,Neither withheld
spot_1076_269917,4241.042667971154,6778.613598582973,False,False,Neither withheld
spot_1077_269129,4274.197305156809,6368.763830267042,False,False,Neither withheld
spot_1078_283597,4360.378736228866,6500.218948774904,False,False,Neither withheld
spot_1079_259763,4041.053254785936,6328.820420381337,True,False,Standalone-only withheld
spot_1080_259516,3926.562467329463,6410.5606003444045,True,False,Standalone-only withheld
spot_1081_283302,4348.23082459973,6663.844458832593,False,False,Neither withheld
spot_1082_244303,3875.153749088314,6534.932133428453,False,False,Neither withheld
spot_1083_269862,4217.866383483787,6791.415559096131,False,False,Neither withheld
spot_1084_259322,3916.8009318322,6702.696616673865,False,False,Neither withheld
spot_1085_283517,4339.220582694201,6443.26361571475,False,False,Neither withheld
spot_1086_269885,4251.713588132201,6774.146023816693,False,False,Neither withheld
spot_1087_269868,4225.186856577279,6788.414553874325,False,False,Neither withheld
spot_1088_259258,4052.382648916856,6801.285370820225,True,True,Withheld by both
spot_1089_269774,4275.063272521388,6758.367879352432,False,False,Neither withheld
spot_1090_259545,3915.570929567632,6423.687991791701,True,False,Standalone-only withheld
spot_1091_283508,4321.371109959528,6414.170840603579,False,False,Neither withheld
spot_1092_283256,4290.5087310303215,6745.587429390425,False,False,Neither withheld
spot_1093_283317,4368.719702070639,6594.165538107249,False,False,Neither withheld
spot_1094_269803,4091.227942623308,6809.934164765317,False,False,Neither withheld
spot_1095_244608,3876.979318182274,6610.147459924983,False,False,Neither withheld
spot_1096_259410,3926.064699568562,6717.226008644415,True,False,Standalone-only withheld
spot_1097_283555,4300.570112989339,6388.960675803428,False,False,Neither withheld
spot_1098_259780,4054.193651996788,6322.54676159142,False,False,Neither withheld
spot_1099_244305,3876.07238212126,6517.520268420042,False,False,Neither withheld
spot_1100_259209,3995.94931716662,6778.530192750088,False,False,Neither withheld
spot_1101_259220,4007.4618650569,6784.8958905155705,True,True,Withheld by both
spot_1102_269830,4159.314779974398,6809.75536555158,False,False,Neither withheld
spot_1103_268995,4180.578960250062,6319.835515772062,False,False,Neither withheld
spot_1104_268939,4136.282659789948,6312.926905035605,False,False,Neither withheld
spot_1105_259290,4014.254501093857,6788.681674186591,True,True,Withheld by both
spot_1106_259417,3953.651763656754,6748.189639515189,False,False,Neither withheld
spot_1107_244304,3877.09210348812,6509.638666636774,True,True,Withheld by both
spot_1108_269122,4269.067659305662,6360.311981421617,False,False,Neither withheld
spot_1109_269191,4228.194077683454,6335.896369388312,False,False,Neither withheld
spot_1110_259210,3989.041197311824,6775.38278374047,False,False,Neither withheld
spot_1111_283275,4310.287171665176,6728.199644615295,False,False,Neither withheld
spot_1112_269847,4191.781050526583,6803.781949497368,False,False,Neither withheld
spot_1113_259535,3896.239202691391,6452.234080057207,True,True,Withheld by both
spot_1114_259327,3930.524949423286,6725.981855524349,False,False,Neither withheld
spot_1115_283505,4313.409217202521,6399.999911487164,False,False,Neither withheld
spot_1116_244299,3870.132996590292,6564.04929549101,False,False,Neither withheld
spot_1117_259403,3910.581231800285,6699.881291627298,False,False,Neither withheld
spot_1118_259306,3891.995472986997,6665.909285930231,True,False,Standalone-only withheld
spot_1119_244606,3876.8283210653376,6621.621810287454,False,False,Neither withheld
spot_1120_269903,4147.834540302856,6813.23136112785,False,False,Neither withheld
spot_1121_270066,4103.11194530907,6813.991409835793,False,False,Neither withheld
spot_1122_283497,4293.857956469462,6378.471885126144,False,False,Neither withheld
spot_1123_283320,4373.2898931368345,6580.233700560208,False,False,Neither withheld
spot_1124_259534,3892.9419394164393,6456.0811134979485,False,False,Neither withheld
spot_1125_269733,4287.010040329211,6753.4603864750825,False,False,Neither withheld
spot_1126_259756,4027.474243834399,6328.501639344127,False,False,Neither withheld
spot_1127_283672,4372.814385116409,6536.573313162537,False,False,Neither withheld
spot_1128_269010,4191.529430388559,6320.072128000746,False,False,Neither withheld
spot_1129_283286,4323.978327003684,6714.257266873348,False,False,Neither withheld
spot_1130_244596,3869.025930438693,6572.388341463105,False,False,Neither withheld
spot_1131_269855,4204.923392255812,6801.567805167912,False,False,Neither withheld
spot_1132_283605,4374.151812652426,6546.206287803334,False,False,Neither withheld
spot_1133_244599,3870.353704664053,6592.376397558973,False,False,Neither withheld
spot_1134_270068,4112.582097346471,6815.727458775964,False,False,Neither withheld
spot_1135_259286,3980.122425367164,6772.626177985253,True,True,Withheld by both
spot_1136_259590,3889.070009833686,6462.233728309431,True,True,Withheld by both
spot_1137_269820,4133.847896362134,6816.13550217989,False,False,Neither withheld
spot_1138_259750,4017.73847820058,6331.20672849951,False,False,Neither withheld
spot_1139_269909,4178.469031290139,6810.048214274948,False,False,Neither withheld
spot_1140_283515,4336.022573015565,6426.782750640487,False,False,Neither withheld
spot_1141_268951,4142.568528958072,6309.590867792955,False,False,Neither withheld
spot_1142_259514,3916.906741927608,6411.943462197856,True,False,Standalone-only withheld
spot_1143_283590,4345.96757406472,6442.829924413224,False,False,Neither withheld
spot_1144_269029,4200.701449905146,6320.874226842987,False,False,Neither withheld
spot_1145_259794,4071.2471059750646,6313.320164572837,True,False,Standalone-only withheld
spot_1146_244603,3876.31474886818,6630.480575293766,False,False,Neither withheld
spot_1147_269032,4209.1372816220255,6323.605539208416,False,False,Neither withheld
spot_1148_259475,3933.014575539036,6391.69003311093,True,True,Withheld by both
spot_1149_269692,4265.179990085931,6773.328450344023,False,False,Neither withheld
spot_1150_259419,3956.2281058962335,6756.641019319512,True,True,Withheld by both
spot_1151_283308,4353.361617398123,6669.268295819004,False,False,Neither withheld
spot_1152_283319,4372.595651746689,6608.516090526311,False,False,Neither withheld
spot_1153_269090,4245.175726230196,6339.387634612276,False,False,Neither withheld
spot_1154_244605,3877.290444686596,6636.39309916405,False,False,Neither withheld
spot_1155_269874,4234.21239888867,6791.913874876535,False,False,Neither withheld
spot_1156_259309,3901.726986600098,6692.847191551864,True,False,Standalone-only withheld
spot_1157_259263,4065.7286810250816,6812.323082687373,True,True,Withheld by both
spot_1158_259251,4042.24533689017,6805.888123761646,True,True,Withheld by both
spot_1159_269118,4263.6788395024905,6349.841362226107,False,False,Neither withheld
spot_1160_283560,4333.323042161924,6418.612911705371,False,False,Neither withheld
spot_1161_283264,4293.676789726008,6752.420732569981,False,False,Neither withheld
spot_1162_259222,4005.842901877516,6791.078219237541,True,True,Withheld by both
spot_1163_283313,4366.25246297195,6639.142812401835,False,False,Neither withheld
spot_1164_283500,4307.410739102654,6386.029270373772,False,False,Neither withheld
spot_1165_259824,3965.4227446272985,6359.506375301036,True,False,Standalone-only withheld
spot_1166_259464,3906.648888283326,6422.527871002601,True,False,Standalone-only withheld
spot_1167_244309,3880.304344168508,6474.548876591138,False,False,Neither withheld
spot_1168_259292,4031.1186649830097,6803.5550475427135,True,False,Standalone-only withheld
spot_1169_244342,3864.750725348301,6548.152187223469,False,False,Neither withheld
spot_1170_268980,4168.159709738172,6309.087064728439,False,False,Neither withheld
spot_1171_270058,4084.993612696074,6817.9802546087085,False,False,Neither withheld
spot_1172_259515,3919.032743916802,6403.161143169414,True,True,Withheld by both
spot_1173_269076,4234.561277993189,6330.742091825104,False,False,Neither withheld
spot_1174_269725,4286.451316102137,6761.281951645136,False,False,Neither withheld
spot_1175_269863,4221.197986434887,6800.9180635767125,False,False,Neither withheld
spot_1176_259302,3891.349745575384,6679.401196132263,False,False,Neither withheld
spot_1177_269150,4290.133609513614,6366.711111190623,False,False,Neither withheld
spot_1178_259217,3995.7048455771046,6788.370842386286,False,False,Neither withheld
spot_1179_269196,4253.274588032129,6340.144224263582,False,False,Neither withheld
spot_1180_269715,4275.481672612845,6770.630966717667,False,False,Neither withheld
spot_1181_283603,4367.083685286889,6480.883502840518,False,False,Neither withheld
spot_1182_283284,4322.81851429262,6725.501074137653,False,False,Neither withheld
spot_1183_259259,4052.7115011560713,6812.147397148407,True,False,Standalone-only withheld
spot_1184_269034,4204.91558918058,6317.5311058700845,False,False,Neither withheld
spot_1185_269823,4141.156499361619,6821.181186791768,False,False,Neither withheld
spot_1186_269011,4189.558101525425,6312.506467520226,False,False,Neither withheld
spot_1187_259228,4018.285262458424,6800.674306220157,True,True,Withheld by both
spot_1188_283316,4367.0574036171365,6647.289344216895,False,False,Neither withheld
spot_1189_244306,3875.783895351188,6479.670623351256,False,False,Neither withheld
spot_1190_269115,4261.692826582641,6343.90050510881,False,False,Neither withheld
spot_1191_244343,3864.324527365555,6526.249395346999,False,False,Neither withheld
spot_1192_283673,4381.853940973972,6558.233100383801,False,False,Neither withheld
spot_1193_268992,4178.415000354955,6308.747672342526,False,False,Neither withheld
spot_1194_244581,3861.612608887661,6577.958875995511,False,False,Neither withheld
spot_1195_244298,3861.042571408389,6561.235797847156,False,False,Neither withheld
spot_1196_244583,3861.167255697919,6571.114966471462,False,False,Neither withheld
spot_1197_244587,3862.964234971792,6594.501434122758,False,False,Neither withheld
spot_1198_244589,3862.256823614095,6588.367581927398,False,False,Neither withheld
spot_1199_283289,4328.841020019305,6721.188015637081,False,False,Neither withheld
spot_1200_268940,4135.526891483973,6302.207373675377,False,False,Neither withheld
spot_1201_283601,4363.155519271476,6463.870235776369,False,False,Neither withheld
spot_1202_283509,4323.22691925722,6396.828803211913,False,False,Neither withheld
spot_1203_269201,4285.971900469163,6359.842182379094,False,False,Neither withheld
spot_1204_283312,4361.929767245645,6665.153852033787,False,False,Neither withheld
spot_1205_283559,4331.921738952195,6407.590355276622,False,False,Neither withheld
spot_1206_283557,4316.637369291979,6388.751900348823,False,False,Neither withheld
spot_1207_269808,4121.099605909116,6823.99940098249,False,False,Neither withheld
spot_1208_244588,3866.754372744057,6620.93226532608,False,False,Neither withheld
spot_1209_269834,4168.64392721375,6819.982881758493,False,False,Neither withheld
spot_1210_259469,3909.9699597855342,6409.082929494492,False,False,Neither withheld
spot_1211_283504,4310.115111218462,6381.058249750769,False,False,Neither withheld
spot_1212_269880,4246.9931298589545,6792.492378271701,False,False,Neither withheld
spot_1213_259213,3990.233219098729,6789.032869171613,True,True,Withheld by both
spot_1214_269901,4132.21203002071,6824.460983705759,False,False,Neither withheld
spot_1215_269132,4275.188708374561,6350.378970215844,False,False,Neither withheld
spot_1216_269918,4257.51042297031,6786.7872032928335,False,False,Neither withheld
spot_1217_244662,3873.0564669497617,6645.730426926761,False,False,Neither withheld
spot_1218_270060,4092.703689459235,6823.480169403263,True,True,Withheld by both
spot_1219_244307,3879.119746867044,6462.441215061994,False,False,Neither withheld
spot_1220_259011,4082.291078989824,6822.270783422424,False,False,Neither withheld
spot_1221_244590,3862.845276400593,6606.947212889692,False,False,Neither withheld
spot_1222_259745,4011.6439531507385,6324.134699166327,True,False,Standalone-only withheld
spot_1223_244341,3860.209341557773,6537.033668149386,False,False,Neither withheld
spot_1224_283321,4377.661535646858,6622.442977869927,False,False,Neither withheld
spot_1225_283315,4366.727745058888,6658.383100231915,False,False,Neither withheld
spot_1226_259517,3927.1119903288536,6385.597378935132,True,True,Withheld by both
spot_1227_283322,4382.869780431996,6596.513728292839,False,False,Neither withheld
spot_1228_269828,4154.497569843016,6824.184833245263,False,False,Neither withheld
spot_1229_269879,4240.8415550374975,6797.990415929849,False,False,Neither withheld
spot_1230_259477,3941.034188254205,6370.422029454012,True,False,Standalone-only withheld
spot_1231_259518,3931.430530747364,6379.793718986506,True,True,Withheld by both
spot_1232_244308,3884.137560393748,6447.233875206446,False,False,Neither withheld
spot_1233_269861,4215.263522625191,6809.758567245806,False,False,Neither withheld
spot_1234_259247,4040.679172919667,6814.275424213722,False,False,Neither withheld
spot_1235_259305,3905.3339557091695,6714.570680829705,False,False,Neither withheld
spot_1236_283513,4329.229633231987,6398.914503502638,False,False,Neither withheld
spot_1237_269025,4203.583932830389,6311.285684315777,False,False,Neither withheld
spot_1238_269843,4184.592529501804,6819.750435712079,False,False,Neither withheld
spot_1239_283699,4306.128734174346,6372.902348345575,False,False,Neither withheld
spot_1240_259471,3917.698003390906,6393.843190487041,False,False,Neither withheld
spot_1241_244664,3873.995613220603,6657.018016310666,True,False,Standalone-only withheld
spot_1242_259696,3967.670781263485,6346.7585562575005,False,False,Neither withheld
spot_1243_283608,4381.538679303631,6509.423105098082,False,False,Neither withheld
spot_1244_269730,4286.83474936842,6770.289349815492,False,False,Neither withheld
spot_1245_244663,3878.3375345691215,6668.672005851688,False,False,Neither withheld
spot_1246_244177,3879.905843989768,6453.067453184299,True,False,Standalone-only withheld
spot_1247_283304,4346.517694135471,6703.988148135373,False,False,Neither withheld
spot_1248_283323,4383.62588434424,6606.521525472735,False,False,Neither withheld
spot_1249_268922,4112.206955903983,6297.215444219508,False,False,Neither withheld
spot_1250_244593,3866.5389451635774,6636.890371778896,False,False,Neither withheld
spot_1251_269223,4126.343928341076,6296.838269508937,False,False,Neither withheld
spot_1252_269876,4236.516506935352,6802.606949532161,False,False,Neither withheld
spot_1253_283277,4312.070003582367,6748.967415881647,False,False,Neither withheld
spot_1254_269197,4265.068470256016,6338.229712851595,False,False,Neither withheld
spot_1255_270065,4095.975156681035,6827.907844517964,False,False,Neither withheld
spot_1256_259215,4001.5036952408095,6800.664576452247,True,True,Withheld by both
spot_1257_269085,4243.262420423856,6325.051633753343,False,False,Neither withheld
spot_1258_283307,4353.07036990875,6696.062206307949,False,False,Neither withheld
spot_1259_244344,3865.556233743174,6486.898094018435,False,False,Neither withheld
spot_1260_244302,3871.46351474114,6469.068650128988,False,False,Neither withheld
spot_1261_244291,3856.788094203504,6527.712276444254,False,False,Neither withheld
spot_1262_244660,3867.4368982084816,6644.95012855988,False,False,Neither withheld
spot_1263_268908,4092.7182785850064,6296.953631372462,False,False,Neither withheld
spot_1264_259321,3910.874814925688,6727.855841968619,True,False,Standalone-only withheld
spot_1265_244577,3856.272769725832,6598.649626133545,False,False,Neither withheld
spot_1266_259267,4068.758744255256,6825.291359473362,False,False,Neither withheld
spot_1267_283604,4369.287206006085,6460.410140887897,False,False,Neither withheld
spot_1268_269046,4215.577533021444,6311.7174747750405,False,False,Neither withheld
spot_1269_259669,3937.367925536469,6368.017283743709,True,True,Withheld by both
spot_1270_244292,3857.514981848629,6516.8885952792525,False,False,Neither withheld
spot_1271_269009,4185.151671630232,6302.157882873031,False,False,Neither withheld
spot_1272_259835,4006.071871589408,6320.684010155765,True,False,Standalone-only withheld
spot_1273_269105,4254.766265068914,6329.826642282915,False,False,Neither withheld
spot_1274_269870,4223.807227376538,6810.739483445674,False,False,Neither withheld
spot_1275_283674,4389.051819230699,6540.559134602123,False,False,Neither withheld
spot_1276_244189,3887.809312420443,6431.179249587733,True,True,Withheld by both
spot_1277_283520,4349.365120866534,6420.698327039856,False,False,Neither withheld
spot_1278_244297,3860.691476276511,6500.050922872631,False,False,Neither withheld
spot_1279_244574,3853.4093340087866,6571.750863142168,False,False,Neither withheld
spot_1280_268953,4146.137388638915,6295.354503392668,False,False,Neither withheld
spot_1281_259463,3902.2428801234432,6408.034521649453,True,False,Standalone-only withheld
spot_1282_283290,4331.957771563518,6729.874368024211,False,False,Neither withheld
spot_1283_283524,4364.298733701111,6446.126224273293,False,False,Neither withheld
spot_1284_244658,3858.633105187273,6620.554618928421,False,False,Neither withheld
spot_1285_259304,3892.640446242996,6704.445928580124,True,False,Standalone-only withheld
spot_1286_283301,4345.033798034163,6713.321035505509,False,False,Neither withheld
spot_1287_259260,4055.869898657189,6824.018920457938,True,True,Withheld by both
spot_1288_283294,4336.420048825697,6725.569663974042,False,False,Neither withheld
spot_1289_269225,4131.417790814524,6293.2570392745965,False,False,Neither withheld
spot_1290_259513,3916.3151583099257,6387.722748136863,False,False,Neither withheld
spot_1291_259012,4084.452522350914,6829.960292246057,True,True,Withheld by both
spot_1292_259195,3978.9182812550566,6791.901895968518,True,True,Withheld by both
spot_1293_283556,4315.592782335621,6374.756899499876,False,False,Neither withheld
spot_1294_269893,4269.154039715126,6789.2442429821685,False,False,Neither withheld
spot_1295_244561,3851.8179365508754,6584.129823423773,False,False,Neither withheld
spot_1296_259622,4085.918334431314,6294.347629931113,True,False,Standalone-only withheld
spot_1297_283326,4384.559141980562,6627.507581750959,False,False,Neither withheld
spot_1298_283561,4343.545990810344,6407.147612335,False,False,Neither withheld
spot_1299_259231,4016.6708531024015,6812.609933073786,True,True,Withheld by both
spot_1300_259399,3885.7389198768815,6696.638687685603,True,False,Standalone-only withheld
spot_1301_259716,3984.641280446207,6328.5280437770525,False,False,Neither withheld
spot_1302_269080,4236.616170063113,6316.87893159391,False,False,Neither withheld
spot_1303_269815,4133.569256166569,6834.022655080925,False,False,Neither withheld
spot_1304_259792,4068.425963289727,6296.354909530165,False,False,Neither withheld
spot_1305_244339,3850.602188993797,6544.678934236261,False,False,Neither withheld
spot_1306_283609,4393.426023958231,6565.781725589531,False,False,Neither withheld
spot_1307_244284,3849.913166105623,6565.433323143262,False,False,Neither withheld
spot_1308_259474,3929.929840400805,6370.010044506429,True,True,Withheld by both
spot_1309_268975,4162.210869722336,6293.86159707685,False,False,Neither withheld
spot_1310_259250,4040.578210404354,6822.21947904128,True,True,Withheld by both
spot_1311_269850,4201.599295221247,6822.970131645254,False,False,Neither withheld
spot_1312_259208,3989.4360418392152,6800.908504123752,True,True,Withheld by both
spot_1313_259838,4017.25189754928,6310.959739304812,True,False,Standalone-only withheld
spot_1314_283516,4335.943601269719,6394.134802672046,False,False,Neither withheld
spot_1315_283329,4392.103343496228,6597.417385873854,False,False,Neither withheld
spot_1316_283600,4360.794775628574,6431.609367839324,False,False,Neither withheld
spot_1317_259308,3899.42727399654,6720.70003598684,False,False,Neither withheld
spot_1318_283269,4300.259454551811,6768.857896578139,False,False,Neither withheld
spot_1319_244575,3857.918568716806,6632.305454225323,False,False,Neither withheld
spot_1320_269881,4244.867331015503,6806.111830178036,False,False,Neither withheld
spot_1321_259511,3892.228850399877,6415.038056563657,False,False,Neither withheld
spot_1322_244569,3852.818354212389,6609.907810323057,False,False,Neither withheld
spot_1323_269811,4121.53548306823,6835.805409628641,False,False,Neither withheld
spot_1324_244295,3860.75501866593,6482.033847367997,False,False,Neither withheld
spot_1325_259676,3941.07821180467,6357.585103886799,True,False,Standalone-only withheld
spot_1326_259218,4004.1844085457,6809.696348992067,True,True,Withheld by both
spot_1327_259330,3926.3563102038975,6754.18013166794,False,False,Neither withheld
spot_1328_270061,4094.024393975209,6834.849083742905,False,False,Neither withheld
spot_1329_268961,4152.6073541259175,6290.863264784535,False,False,Neither withheld
spot_1330_269159,4292.169811041373,6348.583868428383,False,False,Neither withheld
spot_1331_269872,4233.91430292545,6812.403931582051,False,False,Neither withheld
spot_1332_259512,3914.317346899274,6383.917771364379,True,False,Standalone-only withheld
spot_1333_269889,4258.356576335218,6799.973999827245,False,False,Neither withheld
spot_1334_283697,4303.347696951043,6357.656968478963,False,False,Neither withheld
spot_1335_244579,3861.6113264559217,6649.284872408523,False,False,Neither withheld
spot_1336_269015,4195.218457579156,6298.560484436546,False,False,Neither withheld
spot_1337_244594,3865.049729149425,6659.571603947723,True,False,Standalone-only withheld
spot_1338_269148,4286.734009384632,6343.563563659759,False,False,Neither withheld
spot_1339_259773,4051.066663840404,6297.531481047665,True,False,Standalone-only withheld
spot_1340_269071,4227.142701166596,6309.283982342277,False,False,Neither withheld
spot_1341_259316,3904.681251251141,6731.086021181049,False,False,Neither withheld
spot_1342_244290,3854.400952360146,6499.449105337453,False,False,Neither withheld
spot_1343_259461,3900.697334311669,6399.369613123883,True,False,Standalone-only withheld
spot_1344_283514,4332.228735852437,6385.822570774348,False,False,Neither withheld
spot_1345_244578,3857.653797349022,6639.833427960597,False,False,Neither withheld
spot_1346_259833,4004.076749240856,6313.888897214347,False,False,Neither withheld
spot_1347_269864,4218.820820764595,6820.247306245408,False,False,Neither withheld
spot_1348_283325,4391.539440024747,6617.056789450999,False,False,Neither withheld
spot_1349_269840,4179.19405676597,6831.972221648392,False,False,Neither withheld
spot_1350_283335,4393.095447518189,6610.769050086044,False,False,Neither withheld
spot_1351_283607,4382.42005334489,6472.847620662086,False,False,Neither withheld
spot_1352_244340,3854.6936956328873,6493.633491590654,False,False,Neither withheld
spot_1353_268914,4108.645965015641,6287.209703184912,False,False,Neither withheld
spot_1354_269849,4190.611141709784,6829.769268101822,False,False,Neither withheld
spot_1355_269053,4219.836347782095,6304.873639338533,False,False,Neither withheld
spot_1356_244566,3853.54187240298,6628.716545508405,False,False,Neither withheld
spot_1357_259684,3954.159046543848,6343.060461942912,False,False,Neither withheld
spot_1358_283606,4376.711260423769,6455.941828594172,False,False,Neither withheld
spot_1359_259232,4024.344865934588,6821.7300554939575,True,True,Withheld by both
spot_1360_244657,3847.244089509335,6598.58845622933,False,False,Neither withheld
spot_1361_244661,3873.098721047904,6684.815005434604,False,False,Neither withheld
spot_1362_259678,3943.755480757861,6350.110051228685,False,False,Neither withheld
spot_1363_283297,4338.524968369324,6735.464066120265,False,False,Neither withheld
spot_1364_259256,4049.429448755977,6830.369794288974,True,True,Withheld by both
spot_1365_259409,3915.3253874940215,6747.909481361445,True,False,Standalone-only withheld
spot_1366_269178,4184.160961494772,6292.5401463981225,False,False,Neither withheld
spot_1367_244288,3848.4525914809824,6515.151334748565,False,False,Neither withheld
spot_1368_259672,3935.914020809661,6356.75027125672,True,True,Withheld by both
spot_1369_244296,3863.74453579897,6459.695869425234,False,False,Neither withheld
spot_1370_269198,4273.147883364214,6329.879438134848,False,False,Neither withheld
spot_1371_259234,4016.1199324365534,6819.6173689238985,False,False,Neither withheld
spot_1372_283558,4326.546854288066,6375.071982747924,False,False,Neither withheld
spot_1373_259719,3993.061499910693,6316.455443259372,True,False,Standalone-only withheld
spot_1374_244282,3844.1134513175375,6547.087079009572,False,False,Neither withheld
spot_1375_259467,3908.0962980163577,6384.412011951952,True,False,Standalone-only withheld
spot_1376_244337,3845.710075971324,6527.1803563473895,False,False,Neither withheld
spot_1377_282971,4286.911316845,6786.81455331392,False,False,Neither withheld
spot_1378_269187,4213.36642468462,6299.595754810722,False,False,Neither withheld
spot_1379_269831,4166.433615854065,6837.91728512371,False,False,Neither withheld
spot_1380_259788,4065.0447018968216,6289.511503499006,False,False,Neither withheld
spot_1381_269050,4217.698135826675,6300.648808679066,False,False,Neither withheld
spot_1382_269825,4143.546813723699,6841.004056017829,False,False,Neither withheld
spot_1383_283346,4397.3822697694,6607.090998719672,False,False,Neither withheld
spot_1384_269119,4264.504363422794,6322.604955520015,False,False,Neither withheld
spot_1385_244567,3848.916389137626,6623.381994756563,False,False,Neither withheld
spot_1386_283612,4399.867614272761,6535.884167420696,False,False,Neither withheld
spot_1387_259706,3976.3770448352057,6323.712702626575,False,False,Neither withheld
spot_1388_259734,4005.2315400077614,6308.392826710051,False,False,Neither withheld
spot_1389_244584,3865.033244158736,6674.064404826258,False,False,Neither withheld
spot_1390_269805,4109.631757371786,6842.237578391601,False,False,Neither withheld
spot_1391_283615,4401.517225675341,6562.729070010715,False,False,Neither withheld
spot_1392_283693,4295.811526010077,6343.2108889758765,False,False,Neither withheld
spot_1393_283518,4337.837928771096,6384.362692814547,False,False,Neither withheld
spot_1394_269819,4134.153305572031,6842.658413884523,False,False,Neither withheld
spot_1395_283696,4298.8083032543855,6345.517354267158,False,False,Neither withheld
spot_1396_283303,4348.058384969232,6728.066359992461,False,False,Neither withheld
spot_1397_259200,3979.218679860672,6804.199221822296,True,False,Standalone-only withheld
spot_1398_244286,3846.352312375756,6509.060161081622,False,False,Neither withheld
spot_1399_259245,4035.466212474966,6829.653493194846,True,True,Withheld by both
spot_1400_259187,3966.198989451578,6796.210253042127,True,True,Withheld by both
spot_1401_269871,4227.319206141888,6822.653198368631,False,False,Neither withheld
spot_1402_268976,4168.561101692756,6285.77862578524,False,False,Neither withheld
spot_1403_283344,4401.946909265327,6582.37232398008,False,False,Neither withheld
spot_1404_283334,4393.479552321003,6634.15095670951,False,False,Neither withheld
spot_1405_259296,4069.416268537689,6838.87454941565,True,True,Withheld by both
spot_1406_283328,4395.403467227373,6627.186737008495,False,False,Neither withheld
spot_1407_283616,4403.0853050585465,6566.113188934414,False,False,Neither withheld
spot_1408_269906,4156.17646382398,6842.169284689382,False,False,Neither withheld
spot_1409_259621,4084.9315312064114,6283.52086965113,True,False,Standalone-only withheld
spot_1410_269028,4201.235459039048,6292.455399645518,False,False,Neither withheld
spot_1411_244610,3880.6852863884906,6708.847421038528,False,False,Neither withheld
spot_1412_244289,3854.5586435126456,6472.683200479543,False,False,Neither withheld
spot_1413_259287,4007.493868071031,6820.569364522378,False,False,Neither withheld
spot_1414_269878,4241.305283520909,6818.508343483234,False,False,Neither withheld
spot_1415_283296,4339.0087281999895,6743.287422837255,False,False,Neither withheld
spot_1416_259408,3913.3569782164222,6753.96683644125,True,True,Withheld by both
spot_1417_269107,4257.935641889943,6314.769082652327,False,False,Neither withheld
spot_1418_259762,4039.4659282347566,6291.96793790608,True,False,Standalone-only withheld
spot_1419_259468,3912.6722374806313,6371.919872365343,False,False,Neither withheld
spot_1420_269070,4229.073309298537,6300.611772251803,False,False,Neither withheld
spot_1421_259405,3908.437272526775,6749.204951936625,True,True,Withheld by both
spot_1422_244549,3841.415743537624,6604.644200931082,False,False,Neither withheld
spot_1423_283523,4360.14554370993,6409.490149835501,False,False,Neither withheld
spot_1424_269859,4209.904150260567,6832.417450950657,False,False,Neither withheld
spot_1425_283611,4392.601300795022,6478.125886265545,False,False,Neither withheld
spot_1426_259211,3990.6997881125553,6814.559210281061,True,True,Withheld by both
spot_1427_259465,3905.993386548402,6378.090511347507,False,False,Neither withheld
spot_1428_269133,4269.250732605917,6320.146526797258,False,False,Neither withheld
spot_1429_259775,4055.677203095933,6286.459743234662,False,False,Neither withheld
spot_1430_283330,4391.065746654143,6652.921190294643,False,False,Neither withheld
spot_1431_283562,4345.698942495861,6387.871520404045,False,False,Neither withheld
spot_1432_283522,4358.51448822901,6405.58164447041,False,False,Neither withheld
spot_1433_283338,4395.0905880645405,6640.970047392841,False,False,Neither withheld
spot_1434_244294,3858.0224537876206,6455.962948133737,False,False,Neither withheld
spot_1435_259826,3971.914777562915,6320.869224205883,False,False,Neither withheld
spot_1436_244555,3839.255702756937,6596.684796482323,False,False,Neither withheld
spot_1437_269082,4236.197747939901,6302.259127495745,False,False,Neither withheld
spot_1438_283614,4405.8438194023,6548.142072653936,False,False,Neither withheld
spot_1439_259677,3943.3692754864032,6340.94579428709,True,True,Withheld by both
spot_1440_269904,4152.501864678943,6845.667942629689,False,False,Neither withheld
spot_1441_269809,4123.282507443595,6847.500843265703,False,False,Neither withheld
spot_1442_283347,4406.10375933581,6577.820106356552,False,False,Neither withheld
spot_1443_244653,3836.8678778751737,6566.651193335702,False,False,Neither withheld
spot_1444_269801,4095.722187638011,6846.4108504394935,False,False,Neither withheld
spot_1445_259651,3916.779554657912,6364.34815004426,True,False,Standalone-only withheld
spot_1446_268943,4140.78111362585,6278.0832440118775,False,False,Neither withheld
spot_1447_283974,4309.397677788207,6347.797285850313,False,False,Neither withheld
spot_1448_244558,3843.152644483559,6625.461602264918,False,False,Neither withheld
spot_1449_269846,4188.077891909123,6840.558007648622,False,False,Neither withheld
spot_1450_283483,4405.630166350089,6594.369981546608,False,False,Neither withheld
spot_1451_244595,3871.101093883202,6700.430606150734,False,False,Neither withheld
spot_1452_259227,4012.563338719316,6827.066098904581,True,True,Withheld by both
spot_1453_283314,4365.466030512955,6712.388615110132,False,False,Neither withheld
spot_1454_259462,3899.454843929968,6382.300159568742,True,False,Standalone-only withheld
spot_1455_244293,3860.1231521981854,6446.186192414931,False,False,Neither withheld
spot_1456_283274,4312.657220052612,6776.177322683401,False,False,Neither withheld
spot_1457_283613,4408.046780903716,6556.313194027132,False,False,Neither withheld
spot_1458_259725,3996.2723270488,6305.143951247088,False,False,Neither withheld
spot_1459_269086,4242.964746735941,6303.058415277348,False,False,Neither withheld
spot_1460_259194,3972.400674527817,6807.348756852784,True,True,Withheld by both
spot_1461_244281,3839.3616938583327,6512.837710019499,False,False,Neither withheld
spot_1462_244554,3844.432451420307,6635.896563104654,False,False,Neither withheld
spot_1463_270059,4086.710553519963,6847.447845887015,True,False,Standalone-only withheld
spot_1464_244279,3836.994963086006,6525.3672545270965,False,False,Neither withheld
spot_1465_269867,4223.518182306674,6831.263599036842,False,False,Neither withheld
spot_1466_269190,4226.248397779108,6295.1891786617125,False,False,Neither withheld
spot_1467_269058,4218.974857831727,6292.361404046034,False,False,Neither withheld
spot_1468_259739,4008.5594260721937,6298.537665851473,True,False,Standalone-only withheld
spot_1469_259402,3895.8741319749192,6740.445524338805,True,True,Withheld by both
spot_1470_283717,4319.313534497443,6353.861076340374,False,False,Neither withheld
spot_1471_244602,3876.360292987737,6712.674769818843,False,False,Neither withheld
spot_1472_283564,4356.836326209908,6397.027155650889,False,False,Neither withheld
spot_1473_269177,4182.30611527637,6281.472049458633,False,False,Neither withheld
spot_1474_269884,4252.141436876591,6819.393113654898,False,False,Neither withheld
spot_1475_283521,4354.092809821377,6392.704286112909,False,False,Neither withheld
spot_1476_283333,4390.35379886089,6666.316905922773,False,False,Neither withheld
spot_1477_269875,4230.937950954015,6829.153718505452,False,False,Neither withheld
spot_1478_244547,3839.0684238214494,6618.266672336768,False,False,Neither withheld
spot_1479_269818,4134.621788594573,6850.446904960842,False,False,Neither withheld
spot_1480_269203,4287.256984659229,6327.008489597812,False,False,Neither withheld
spot_1481_259202,3982.640672190656,6814.974296375491,True,True,Withheld by both
spot_1482_244285,3844.2033256501495,6485.185876373082,False,False,Neither withheld
spot_1483_269907,4159.2251431851455,6848.48912685607,False,False,Neither withheld
spot_1484_244559,3847.854254590395,6652.744348190819,False,False,Neither withheld
spot_1485_244335,3834.034439256565,6543.4994327508575,False,False,Neither withheld
spot_1486_244345,3874.756489329781,6413.737701988641,False,False,Neither withheld
spot_1487_283749,4337.345004864332,6371.109787728421,False,False,Neither withheld
spot_1488_283618,4409.155532106577,6537.651138729891,False,False,Neither withheld
spot_1489_282984,4309.285951464587,6782.1951550293,False,False,Neither withheld
spot_1490_283675,4410.4525255942135,6569.213037629765,False,False,Neither withheld
spot_1491_244277,3839.677380503947,6500.174092115938,False,False,Neither withheld
spot_1492_283324,4386.599787010911,6678.420600204418,False,False,Neither withheld
spot_1493_244188,3880.793916170544,6402.698276658075,True,False,Standalone-only withheld
spot_1494_269852,4197.697028829835,6841.821095919795,False,False,Neither withheld
spot_1495_269200,4277.147594912051,6318.592472663089,False,False,Neither withheld
spot_1496_283345,4399.000093345458,6645.564851475354,False,False,Neither withheld
spot_1497_259230,4014.993401985395,6831.856829815051,True,True,Withheld by both
spot_1498_259291,4026.8360426970953,6836.284155227912,False,False,Neither withheld
spot_1499_244287,3847.268542057426,6470.295461694207,False,False,Neither withheld
spot_1500_244585,3862.056644816052,6690.960506168023,False,False,Neither withheld
spot_1501_244162,3851.067686173541,6459.260851027906,False,False,Neither withheld
spot_1502_244300,3869.064884741528,6420.822893524534,False,False,Neither withheld
spot_1503_259224,4007.413028377956,6829.010620793223,True,True,Withheld by both
spot_1504_283971,4297.619253324434,6332.197760186903,False,False,Neither withheld
spot_1505_283519,4343.3156932532165,6375.592047650007,False,False,Neither withheld
spot_1506_244283,3843.929610307821,6479.016426031576,False,False,Neither withheld
spot_1507_283733,4327.826267731191,6358.563087202779,False,False,Neither withheld
spot_1508_244538,3832.37797651817,6584.389431950431,False,False,Neither withheld
spot_1509_269036,4207.195958875229,6285.386946926246,False,False,Neither withheld
spot_1510_268973,4160.278604834817,6274.713864891146,False,False,Neither withheld
spot_1511_282977,4294.983709005272,6796.12818947895,False,False,Neither withheld
spot_1512_259236,4019.0608981694777,6834.777961214159,True,True,Withheld by both
spot_1513_259404,3909.7731296522543,6762.14575849827,True,True,Withheld by both
spot_1514_269816,4129.722168683576,6853.691820790258,False,False,Neither withheld
spot_1515_269897,4286.245684822724,6803.087113864669,False,False,Neither withheld
spot_1516_244556,3842.340064705318,6645.523622243985,False,False,Neither withheld
spot_1517_283351,4402.932126905863,6638.88627791419,False,False,Neither withheld
spot_1518_268983,4167.91085026545,6275.015953389448,False,False,Neither withheld
spot_1519_244553,3837.8673038917136,6629.084922215313,False,False,Neither withheld
spot_1520_269857,4205.998088521357,6841.748097982629,False,False,Neither withheld
spot_1521_259796,4073.4138141156113,6275.184260413986,True,False,Standalone-only withheld
spot_1522_244565,3849.895172641707,6668.350374820078,True,False,Standalone-only withheld
spot_1523_269866,4217.723209529859,6838.1283538361495,False,False,Neither withheld
spot_1524_269183,4198.961994193619,6281.439058686384,False,False,Neither withheld
spot_1525_283359,4410.923785535877,6601.670068589308,False,False,Neither withheld
spot_1526_283533,4391.537203045622,6450.560079595825,False,False,Neither withheld
spot_1527_259769,4045.5648804253688,6280.344795728546,True,False,Standalone-only withheld
spot_1528_259248,4045.900807935908,6845.255850600767,True,False,Standalone-only withheld
spot_1529_244600,3876.403060782165,6722.2621593991735,False,False,Neither withheld
spot_1530_259705,3976.0807156783394,6308.820504338715,True,False,Standalone-only withheld
spot_1531_269128,4270.5739209862695,6310.49304383912,False,False,Neither withheld
spot_1532_259685,3956.901138104221,6320.413930283777,True,False,Standalone-only withheld
spot_1533_244571,3855.419791214819,6685.046447195222,False,False,Neither withheld
spot_1534_259226,4009.991084180381,6833.711088075162,True,True,Withheld by both
spot_1535_244275,3834.3820752409074,6504.427412459454,False,False,Neither withheld
spot_1536_259674,3942.8766589982206,6330.385528949234,False,False,Neither withheld
spot_1537_259298,4080.8742251950152,6853.2381366522095,False,False,Neither withheld
spot_1538_244176,3874.1229015231775,6405.238174785677,False,False,Neither withheld
spot_1539_244592,3865.457515280908,6705.984362284765,False,False,Neither withheld
spot_1540_283525,4363.218168942822,6395.737368540607,False,False,Neither withheld
spot_1541_259186,3964.964782739764,6811.081535369163,True,True,Withheld by both
spot_1542_268965,4151.386023462921,6270.491155608577,False,False,Neither withheld
spot_1543_269821,4135.396920491229,6856.133894580024,False,False,Neither withheld
spot_1544_269160,4109.132121177661,6269.163661449175,False,False,Neither withheld
spot_1545_268931,4127.736493961966,6268.945807624637,False,False,Neither withheld
spot_1546_259460,3890.178770324445,6381.652843372563,False,False,Neither withheld
spot_1547_244270,3829.62429096272,6529.159522802067,False,False,Neither withheld
spot_1548_259793,4068.0756176695154,6273.422679135502,False,False,Neither withheld
spot_1549_244175,3870.467884504391,6409.484720007035,False,False,Neither withheld
spot_1550_244338,3849.032325146436,6451.601259693503,False,False,Neither withheld
spot_1551_244542,3830.002003694614,6604.777526323665,False,False,Neither withheld
spot_1552_269069,4232.480732914522,6289.548812624585,False,False,Neither withheld
spot_1553_259201,3990.4875779242993,6826.702549065863,True,True,Withheld by both
spot_1554_283620,4409.018094346863,6496.242522575292,False,False,Neither withheld
spot_1555_269842,4187.1361408692455,6850.330351648674,False,False,Neither withheld
spot_1556_283349,4409.349456046173,6628.285509424482,False,False,Neither withheld
spot_1557_283621,4414.273703301319,6523.365439046298,False,False,Neither withheld
spot_1558_259760,4035.474972635555,6280.3358005721,True,False,Standalone-only withheld
spot_1559_244541,3831.53550148436,6617.291047024225,False,False,Neither withheld
spot_1560_269101,4254.213426938388,6298.764796170717,False,False,Neither withheld
spot_1561_283563,4355.630233691467,6382.243910978133,False,False,Neither withheld
spot_1562_283623,4416.980002763695,6551.756102771706,False,False,Neither withheld
spot_1563_283757,4336.150215824197,6359.320230782664,False,False,Neither withheld
spot_1564_259776,4050.854460456072,6275.708170740318,True,False,Standalone-only withheld
spot_1565_269062,4224.3020137765925,6285.389723643097,False,False,Neither withheld
spot_1566_244168,3858.28416711541,6428.275905408771,False,False,Neither withheld
spot_1567_283716,4315.387905535819,6339.244919865681,False,False,Neither withheld
spot_1568_283532,4388.284410058168,6434.612911639453,False,False,Neither withheld
spot_1569_244604,3879.957596258291,6733.476124719781,True,True,Withheld by both
spot_1570_244268,3829.2830905728138,6516.108375265887,False,False,Neither withheld
spot_1571_283364,4414.866048418535,6604.726451441104,False,False,Neither withheld
spot_1572_259181,3953.8235777042087,6806.722316657675,True,True,Withheld by both
spot_1573_259241,4025.020397018789,6842.730809455408,True,True,Withheld by both
spot_1574_244614,3884.488847169494,6740.181185063363,False,False,Neither withheld
spot_1575_269915,4223.59583209322,6840.920760344262,False,False,Neither withheld
spot_1576_282991,4323.885445174516,6779.365901524756,False,False,Neither withheld
spot_1577_259847,4074.874206222281,6270.012101671211,False,False,Neither withheld
spot_1578_244336,3834.546016013912,6489.126065070497,False,False,Neither withheld
spot_1579_269048,4215.629586714616,6281.51988841118,False,False,Neither withheld
spot_1580_269014,4192.473478724889,6274.804895206944,False,False,Neither withheld
spot_1581_270062,4093.9825322367055,6858.017603232249,False,False,Neither withheld
spot_1582_283368,4417.360125380792,6586.875139252716,False,False,Neither withheld
spot_1583_259265,4063.66339380075,6853.634115882644,True,True,Withheld by both
spot_1584_259638,3904.4593523286208,6360.594319595897,True,False,Standalone-only withheld
spot_1585_283298,4341.30968079176,6762.219131841117,False,False,Neither withheld
spot_1586_269144,4284.806316032278,6314.52636327736,False,False,Neither withheld
spot_1587_259781,4058.565184186038,6272.503544440074,True,False,Standalone-only withheld
spot_1588_283622,4418.103085191196,6543.9755104966025,False,False,Neither withheld
spot_1589_269822,4140.162999833177,6859.174643772372,False,False,Neither withheld
spot_1590_283348,4414.327347276807,6614.247525758998,False,False,Neither withheld
spot_1591_283764,4340.682539217476,6361.618058503292,False,False,Neither withheld
spot_1592_283343,4402.351890775997,6661.244399352547,False,False,Neither withheld
spot_1593_283771,4344.195160143683,6364.885827207569,False,False,Neither withheld
spot_1594_244533,3825.1043368338974,6589.013762456591,False,False,Neither withheld
spot_1595_244263,3823.9581949888143,6556.863313361599,False,False,Neither withheld
spot_1596_244582,3860.0642093696206,6704.949066152749,False,False,Neither withheld
spot_1597_259221,4003.007439253413,6835.875885619383,False,False,Neither withheld
spot_1598_283619,4410.171956162101,6488.593916609043,False,False,Neither withheld
spot_1599_259623,4084.172453871232,6267.143292546962,False,False,Neither withheld
spot_1600_283625,4419.494183756398,6572.496793637305,False,False,Neither withheld
spot_1601_283484,4406.501648133349,6650.732510533918,False,False,Neither withheld
spot_1602_283617,4404.481408558095,6468.2737530062695,False,False,Neither withheld
spot_1603_283311,4361.155138353397,6740.39150139845,False,False,Neither withheld
spot_1604_269927,4103.904427212796,6860.633914829921,False,False,Neither withheld
spot_1605_269827,4151.711134731735,6859.800251076625,False,False,Neither withheld
spot_1606_268979,4169.17201920145,6267.865481818724,False,False,Neither withheld
spot_1607_244564,3848.898688242457,6684.296973997964,False,False,Neither withheld
spot_1608_244551,3839.404497454363,6660.71258315104,True,False,Standalone-only withheld
spot_1609_244580,3862.544471935491,6711.603752907437,False,False,Neither withheld
spot_1610_244543,3830.930360075437,6632.3377960835805,False,False,Neither withheld
spot_1611_283705,4310.656265228914,6330.894564311435,False,False,Neither withheld
spot_1612_244267,3829.192376603539,6500.08150747374,False,False,Neither withheld
spot_1613_244278,3837.338375723312,6469.259446934629,False,False,Neither withheld
spot_1614_269937,4116.038409480823,6861.975579797806,False,False,Neither withheld
spot_1615_259271,4068.237010426853,6857.253783295597,True,True,Withheld by both
spot_1616_269975,4202.7254808322405,6850.935781005546,False,False,Neither withheld
spot_1617_269124,4265.074342096721,6299.785474863011,False,False,Neither withheld
spot_1618_244169,3861.6449856856366,6414.063692575324,False,False,Neither withheld
spot_1619_259189,3969.461176984567,6820.675776805177,True,True,Withheld by both
spot_1620_269065,4222.031297122603,6280.094132030643,False,False,Neither withheld
spot_1621_283756,4336.263838066736,6353.151858706498,False,False,Neither withheld
spot_1622_244265,3823.7138132003015,6527.739949383345,False,False,Neither withheld
spot_1623_259264,4059.930217997077,6856.3884322680005,False,False,Neither withheld
spot_1624_283779,4355.113951426443,6374.029386670993,False,False,Neither withheld
spot_1625_244333,3822.521406775673,6537.979398490559,False,False,Neither withheld
spot_1626_244539,3827.4605583510856,6623.218036217171,False,False,Neither withheld
spot_1627_283527,4371.659090481104,6396.03620091302,False,False,Neither withheld
spot_1628_244597,3870.0022844557902,6727.0264224271095,False,False,Neither withheld
spot_1629_282983,4303.3961462922925,6802.242237944618,False,False,Neither withheld
spot_1630_268993,4180.017409208421,6267.739065359472,False,False,Neither withheld
spot_1631_259280,3937.560665377233,6800.436332497881,False,False,Neither withheld
spot_1632_283342,4401.824173382131,6672.05481258349,False,False,Neither withheld
spot_1633_244269,3831.393796530097,6484.014237293119,False,False,Neither withheld
spot_1634_244651,3832.298523205678,6644.885797083191,False,False,Neither withheld
spot_1635_269891,4268.142737988642,6825.499754824314,False,False,Neither withheld
spot_1636_259212,3990.968864150472,6833.757918799935,True,True,Withheld by both
spot_1637_268924,4116.713635792413,6261.8039669826085,False,False,Neither withheld
spot_1638_268946,4139.215341258991,6262.139629179561,False,False,Neither withheld
spot_1639_283526,4365.96812708172,6386.272954344781,False,False,Neither withheld
spot_1640_244273,3833.042934411944,6475.537585428878,False,False,Neither withheld
spot_1641_244158,3842.54717178832,6448.529587916131,False,False,Neither withheld
spot_1642_244572,3853.558191345516,6700.859536409664,False,False,Neither withheld
spot_1643_259718,3993.5317307858,6289.543020512357,False,False,Neither withheld
spot_1644_269039,4209.554600861502,6274.010836267047,False,False,Neither withheld
spot_1645_283371,4422.939022152338,6581.039620094853,False,False,Neither withheld
spot_1646_269968,4193.75403997925,6855.879267252601,False,False,Neither withheld
spot_1647_283358,4413.519474950219,6640.767099528246,False,False,Neither withheld
spot_1648_282980,4297.126832530075,6808.715319608899,False,False,Neither withheld
spot_1649_259242,4030.2522403515154,6850.927355329583,False,False,Neither withheld
spot_1650_283766,4343.966303452535,6357.612875429282,False,False,Neither withheld
spot_1651_244272,3830.8142988960185,6479.677604104143,False,False,Neither withheld
spot_1652_259650,3913.077898735743,6343.649131207294,True,False,Standalone-only withheld
spot_1653_269194,4243.644740276519,6285.799800404466,False,False,Neither withheld
spot_1654_283624,4420.29123271334,6513.406254526171,False,False,Neither withheld
spot_1655_244650,3823.498888354232,6615.401245913627,False,False,Neither withheld
spot_1656_259214,3997.24812508808,6839.018990693582,True,True,Withheld by both
spot_1657_283000,4334.940543901559,6778.1214470265,False,False,Neither withheld
spot_1658_259223,4012.985590911938,6845.808215727363,True,True,Withheld by both
spot_1659_269134,4271.368013692084,6298.931521059026,False,False,Neither withheld
spot_1660_244174,3871.076912196099,6391.855534474795,True,False,Standalone-only withheld
spot_1661_244166,3860.634597520994,6408.236371700828,False,False,Neither withheld
spot_1662_259803,3901.191428925415,6354.325018795067,True,False,Standalone-only withheld
spot_1663_259821,3951.1394460213305,6311.778273539548,False,False,Neither withheld
spot_1664_259707,3977.332669724807,6295.694804160972,True,False,Standalone-only withheld
spot_1665_269141,4280.67677005618,6304.006066818656,False,False,Neither withheld
spot_1666_259282,3938.238129423939,6804.679209575894,True,True,Withheld by both
spot_1667_268907,4094.250337020758,6260.270443143644,False,False,Neither withheld
spot_1668_269814,4129.083008894932,6866.300601600493,False,False,Neither withheld
spot_1669_283701,4306.896111487231,6321.959311801507,False,False,Neither withheld
spot_1670_259656,3917.67175174482,6337.658879461059,True,True,Withheld by both
spot_1671_283754,4336.781682804384,6348.181053758164,False,False,Neither withheld
spot_1672_259204,3980.514704761079,6831.796365470478,True,False,Standalone-only withheld
spot_1673_244172,3864.690790280769,6400.339735276414,False,False,Neither withheld
spot_1674_283688,4294.7405251394375,6312.733161468165,False,False,Neither withheld
spot_1675_259106,4048.121466120538,6857.7289935907,True,True,Withheld by both
spot_1676_283070,4294.203460881508,6813.256770184924,False,False,Neither withheld
spot_1677_283480,4357.723058719582,6754.785115473564,False,False,Neither withheld
spot_1678_283354,4411.409847738942,6656.098363920435,False,False,Neither withheld
spot_1679_269886,4252.6195272023015,6837.523542289464,False,False,Neither withheld
spot_1680_259639,3904.293048649892,6349.602542653056,True,False,Standalone-only withheld
spot_1681_259182,3953.427432439282,6816.467979854509,True,True,Withheld by both
spot_1682_269853,4198.6613779164245,6857.316266039703,False,False,Neither withheld
spot_1683_259761,4039.448440529218,6269.446661821365,False,False,Neither withheld
spot_1684_244179,3885.87371695796,6369.8391281100085,False,False,Neither withheld
spot_1685_244276,3835.863955382634,6456.991873763098,False,False,Neither withheld
spot_1686_259819,3944.5574213044088,6314.239475577177,True,False,Standalone-only withheld
spot_1687_244525,3819.321549615581,6604.571516407981,False,False,Neither withheld
spot_1688_244271,3832.5369413005055,6464.83998695119,False,False,Neither withheld
spot_1689_259198,3973.613337747193,6829.842032004432,True,True,Withheld by both
spot_1690_244528,3826.6889523992218,6642.125857064566,False,False,Neither withheld
spot_1691_259740,4019.392501030107,6274.65290396564,True,False,Standalone-only withheld
spot_1692_244523,3817.336745256293,6591.588211838804,False,False,Neither withheld
spot_1693_259097,4037.121078829113,6856.621565946167,True,True,Withheld by both
spot_1694_283676,4427.805847418008,6565.3305293241165,False,False,Neither withheld
spot_1695_269210,4104.096340916745,6257.075683500463,False,False,Neither withheld
spot_1696_283762,4342.017896902507,6350.071173088796,False,False,Neither withheld
spot_1697_259774,4051.0482037136767,6264.762979687762,True,False,Standalone-only withheld
spot_1698_283729,4320.151038994525,6329.471912749723,False,False,Neither withheld
spot_1699_283610,4393.139207065589,6420.882734334958,False,False,Neither withheld
spot_1700_244260,3817.094829674356,6530.593875065515,False,False,Neither withheld
spot_1701_269170,4160.88266620175,6258.871743782005,False,False,Neither withheld
spot_1702_244178,3878.811531740347,6375.658559201231,False,False,Neither withheld
spot_1703_259690,3962.227641034348,6300.885616656541,True,False,Standalone-only withheld
spot_1704_259113,4053.730697702767,6861.66577949913,True,False,Standalone-only withheld
spot_1705_268934,4131.420112356709,6256.256613319037,False,False,Neither withheld
spot_1706_244654,3838.358383772983,6680.091159375053,False,False,Neither withheld
spot_1707_283528,4375.597805495212,6390.648015424426,False,False,Neither withheld
spot_1708_269035,4204.817006364806,6267.446231270013,False,False,Neither withheld
spot_1709_269800,4086.521197227575,6867.4231128638685,False,False,Neither withheld
spot_1710_283331,4398.057912848356,6695.940471943781,False,False,Neither withheld
spot_1711_269920,4280.642812803779,6825.163544638746,False,False,Neither withheld
spot_1712_269103,4261.105196476996,6289.346869639783,False,False,Neither withheld
spot_1713_244161,3848.1751243143735,6423.555414672497,False,False,Neither withheld
spot_1714_244330,3814.7681806583264,6559.764391984551,False,False,Neither withheld
spot_1715_269052,4217.2507559854685,6270.949266423287,False,False,Neither withheld
spot_1716_244334,3828.659928430279,6471.076983369532,False,False,Neither withheld
spot_1717_283340,4404.605356187816,6682.054754809898,False,False,Neither withheld
spot_1718_259644,3907.5953955363134,6342.298186666721,True,False,Standalone-only withheld
spot_1719_283479,4352.806640675377,6765.484186198157,False,False,Neither withheld
spot_1720_244331,3817.755717687385,6515.743023836296,False,False,Neither withheld
spot_1721_244591,3863.298995879304,6729.504755912934,False,False,Neither withheld
spot_1722_283984,4354.515173198764,6361.479452483321,False,False,Neither withheld
spot_1723_283367,4417.146528217958,6649.869536031644,False,False,Neither withheld
spot_1724_269149,4285.53456716224,6301.760712301955,False,False,Neither withheld
spot_1725_244568,3857.487671490316,6721.307410465698,False,False,Neither withheld
spot_1726_283629,4429.26869892733,6543.699478565375,False,False,Neither withheld
spot_1727_259816,3934.681196644472,6317.730471396804,True,False,Standalone-only withheld
spot_1728_283626,4424.039611723955,6501.005462773397,False,False,Neither withheld
spot_1729_259177,3944.419987324653,6815.487593175372,True,False,Standalone-only withheld
spot_1730_283728,4327.960820302987,6332.966499817171,False,False,Neither withheld
spot_1731_269038,4209.618374152352,6266.66105478926,False,False,Neither withheld
spot_1732_269835,4167.189013832158,6868.2050818184325,False,False,Neither withheld
spot_1733_268990,4174.161908072672,6258.25463100329,False,False,Neither withheld
spot_1734_244262,3818.94324402428,6501.002902271212,False,False,Neither withheld
spot_1735_259729,3999.462210033804,6278.840861438836,True,False,Standalone-only withheld
spot_1736_259272,4077.0573323942617,6868.5630538156,False,False,Neither withheld
spot_1737_283372,4424.864708563008,6623.160678149414,False,False,Neither withheld
spot_1738_259216,3996.809318893536,6845.543111762644,True,True,Withheld by both
spot_1739_269882,4245.138371659574,6846.202519456145,False,False,Neither withheld
spot_1740_244532,3827.757157990945,6659.322885695805,False,False,Neither withheld
spot_1741_244157,3838.91950708538,6437.06200749185,False,False,Neither withheld
spot_1742_259087,4022.902305293635,6856.011774118239,True,True,Withheld by both
spot_1743_283375,4429.723608498806,6593.714509834797,False,False,Neither withheld
spot_1744_259185,3961.2698053013305,6827.713572617786,True,True,Withheld by both
spot_1745_244171,3863.136578159363,6392.068966266641,False,False,Neither withheld
spot_1746_244576,3859.5853631603145,6727.854310430077,False,False,Neither withheld
spot_1747_283318,4375.218399396149,6740.809068723556,False,False,Neither withheld
spot_1748_259116,4062.315621707763,6866.800309654298,True,True,Withheld by both
spot_1749_244550,3842.0433187270864,6696.245227431612,False,False,Neither withheld
spot_1750_269890,4256.919055728222,6841.647909431393,False,False,Neither withheld
spot_1751_282974,4294.367680291413,6820.375274979075,False,False,Neither withheld
spot_1752_269031,4203.097352665084,6263.289078392569,False,False,Neither withheld
spot_1753_283628,4427.567345516111,6510.576749005183,False,False,Neither withheld
spot_1754_269988,4229.603326958824,6853.657662815218,False,False,Neither withheld
spot_1755_269072,4233.297260156868,6273.12077186008,False,False,Neither withheld
spot_1756_269829,4153.825417285247,6871.504837711157,False,False,Neither withheld
spot_1757_269013,4192.088608642584,6260.323677094872,False,False,Neither withheld
spot_1758_283339,4397.505600455983,6705.283561686905,False,False,Neither withheld
spot_1759_244041,3887.83765659726,6358.428334653009,False,False,Neither withheld
spot_1760_283627,4432.309052661074,6554.191140674924,False,False,Neither withheld
spot_1761_269089,4242.898219529712,6276.537157204502,False,False,Neither withheld
spot_1762_259805,3910.120353675177,6335.019932823179,True,False,Standalone-only withheld
spot_1763_259784,4061.073087208552,6257.723601576925,True,False,Standalone-only withheld
spot_1764_244509,3810.705048651715,6575.569352845195,False,False,Neither withheld
spot_1765_282972,4286.389041996615,6826.840351732793,False,False,Neither withheld
spot_1766_244173,3870.1355720916526,6379.337422020593,False,False,Neither withheld
spot_1767_283352,4407.60423195679,6686.083200346239,False,False,Neither withheld
spot_1768_244266,3825.5598367808097,6466.34211597805,False,False,Neither withheld
spot_1769_283732,4326.657171443356,6328.102675444125,False,False,Neither withheld
spot_1770_259180,3950.3475292213207,6822.948262536316,False,False,Neither withheld
spot_1771_270070,4114.52941894056,6874.354435104058,False,False,Neither withheld
spot_1772_269001,4183.038394869536,6257.03480478093,False,False,Neither withheld
spot_1773_244519,3817.563169760488,6631.643802251683,False,False,Neither withheld
spot_1774_244165,3856.289595776729,6398.759458904193,False,False,Neither withheld
spot_1775_270071,4120.005606802213,6874.780793466872,False,False,Neither withheld
spot_1776_244256,3810.2910722990655,6541.873365255441,False,False,Neither withheld
spot_1777_259820,3949.086685415705,6302.599234513245,False,False,Neither withheld
spot_1778_269898,4280.73741024787,6831.586419195105,False,False,Neither withheld
spot_1779_244667,3883.9518604007017,6765.43702731741,True,True,Withheld by both
spot_1780_259810,3919.314206390983,6324.577708704303,False,False,Neither withheld
spot_1781_283535,4408.745006963552,6438.802262628043,False,False,Neither withheld
spot_1782_244586,3861.469445733613,6736.471883117993,False,False,Neither withheld
spot_1783_283711,4310.930612202219,6313.503484206656,False,False,Neither withheld
spot_1784_259827,3974.399415916128,6286.457122738846,False,False,Neither withheld
spot_1785_244261,3814.10353520508,6503.715399208844,False,False,Neither withheld
spot_1786_268964,4150.695678885445,6250.8588654615,False,False,Neither withheld
spot_1787_269832,4161.795975379896,6873.347574116427,False,False,Neither withheld
spot_1788_282993,4321.772610398906,6803.745815890528,False,False,Neither withheld
spot_1789_259741,4010.675243882633,6269.715759169421,True,False,Standalone-only withheld
spot_1790_259790,4067.95606877688,6253.996889707079,False,False,Neither withheld
spot_1791_259161,3897.1679659036895,6781.373179179818,True,True,Withheld by both
spot_1792_259664,3927.669172657074,6316.536550596453,True,False,Standalone-only withheld
spot_1793_244280,3840.297598437221,6424.615713568097,False,False,Neither withheld
spot_1794_259753,4026.37584782639,6264.074048540597,False,False,Neither withheld
spot_1795_283376,4432.42049624384,6604.140687466778,False,False,Neither withheld
spot_1796_283797,4365.056886998567,6365.057334414341,False,False,Neither withheld
spot_1797_259289,4011.096341406095,6856.219108375743,False,False,Neither withheld
spot_1798_283747,4332.899364007159,6330.788831182441,False,False,Neither withheld
spot_1799_259686,3956.976609068997,6295.724932950898,False,False,Neither withheld
spot_1800_269091,4246.064320963164,6274.640580809748,False,False,Neither withheld
spot_1801_269049,4217.288557239124,6263.710831771821,False,False,Neither withheld
spot_1802_268925,4120.8839298774,6248.618649715061,False,False,Neither withheld
spot_1803_259815,3936.4234637807353,6308.987906004844,True,False,Standalone-only withheld
spot_1804_283741,4337.9522588917625,6334.819548700751,False,False,Neither withheld
spot_1805_283071,4293.432800027134,6825.817926151289,False,False,Neither withheld
spot_1806_244655,3843.7047805678926,6709.495415578518,False,False,Neither withheld
spot_1807_269883,4248.245154968632,6850.891630770218,False,False,Neither withheld
spot_1808_259206,3985.9572018033687,6846.737684932966,True,True,Withheld by both
spot_1809_244510,3810.508345957018,6612.048817612207,False,False,Neither withheld
spot_1810_282995,4326.650222854623,6802.256068285202,False,False,Neither withheld
spot_1811_244332,3818.176029357586,6477.249836662022,False,False,Neither withheld
spot_1812_259732,4000.685345950725,6271.49690555307,True,False,Standalone-only withheld
spot_1813_269157,4290.855151110185,6296.568696477818,False,False,Neither withheld
spot_1814_244035,3879.508593033136,6360.620803840331,False,False,Neither withheld
spot_1815_259631,3897.148358667719,6341.105093789256,False,False,Neither withheld
spot_1816_283365,4418.751347064625,6668.919758535568,False,False,Neither withheld
spot_1817_283678,4429.608975819503,6494.053886932294,False,False,Neither withheld
spot_1818_269137,4277.158510782669,6288.0896437344045,False,False,Neither withheld
spot_1819_283487,4436.809528342494,6581.462627022363,False,False,Neither withheld
spot_1820_259171,3906.719319268145,6794.068001276663,True,True,Withheld by both
spot_1821_259825,3967.63333062793,6286.988611648372,True,False,Standalone-only withheld
spot_1822_244187,3824.199558642888,6455.90956206545,False,False,Neither withheld
spot_1823_244570,3853.429958431446,6729.919613318777,False,False,Neither withheld
spot_1824_268991,4175.27652204434,6251.140318797245,False,False,Neither withheld
spot_1825_269022,4196.479830578888,6255.525639381528,False,False,Neither withheld
spot_1826_244274,3831.1629635149234,6437.930814660101,False,False,Neither withheld
spot_1827_283336,4397.58871514376,6717.170825953222,False,False,Neither withheld
spot_1828_283529,4381.270410448738,6382.088158768058,False,False,Neither withheld
spot_1829_269812,4122.415180104138,6878.976699312979,False,False,Neither withheld
spot_1830_269104,4259.111734177983,6277.70772520108,False,False,Neither withheld
spot_1831_283990,4372.250699478504,6369.400797481136,False,False,Neither withheld
spot_1832_269208,4105.107351424467,6246.629022120991,False,False,Neither withheld
spot_1833_259766,4040.20309752755,6256.855842866198,False,False,Neither withheld
spot_1834_244259,3813.74583135669,6489.146094518796,False,False,Neither withheld
spot_1835_269908,4167.599533953238,6875.986703705175,False,False,Neither withheld
spot_1836_244601,3871.175835424088,6756.56415414223,False,False,Neither withheld
spot_1837_282986,4308.827601861363,6818.490432117855,False,False,Neither withheld
spot_1838_259193,3972.976723220247,6842.591857459574,True,True,Withheld by both
spot_1839_283530,4387.448112447666,6389.952447070253,False,False,Neither withheld
spot_1840_269928,4102.850615647014,6879.311012274264,False,False,Neither withheld
spot_1841_244527,3816.34927108885,6649.132927822932,False,False,Neither withheld
spot_1842_283363,4411.72621213102,6691.510512589186,False,False,Neither withheld
spot_1843_269887,4255.700118048617,6850.376023972603,False,False,Neither withheld
spot_1844_259179,3942.92672810546,6824.9286165516605,True,True,Withheld by both
spot_1845_259747,4015.282394567843,6263.640645003296,False,False,Neither withheld
spot_1846_259804,3907.361731764619,6328.478492657081,True,False,Standalone-only withheld
spot_1847_283691,4301.255090620495,6300.869368858887,False,False,Neither withheld
spot_1848_269951,4151.195746750769,6878.841506395929,False,False,Neither withheld
spot_1849_259075,3999.710357632442,6855.8671797512525,True,True,Withheld by both
spot_1850_269063,4233.009384983995,6265.112529896942,False,False,Neither withheld
spot_1851_244666,3877.771622535974,6766.378762709257,False,False,Neither withheld
spot_1852_269140,4283.469621862107,6289.150564274165,False,False,Neither withheld
spot_1853_269958,4164.593533341493,6877.644772320953,False,False,Neither withheld
spot_1854_259823,3961.228823969036,6288.328183751182,True,False,Standalone-only withheld
spot_1855_259731,4003.696588230184,6267.322193766069,True,False,Standalone-only withheld
spot_1856_244546,3833.4056349327698,6697.1278563005,False,False,Neither withheld
spot_1857_283373,4425.633075306891,6656.863690555781,False,False,Neither withheld
spot_1858_283727,4324.644288368299,6317.631735706596,False,False,Neither withheld
spot_1859_259183,3956.260310058128,6834.618467205192,True,True,Withheld by both
spot_1860_244253,3803.323390188594,6563.960432343828,False,False,Neither withheld
spot_1861_259268,4066.268842148574,6876.242668820337,True,True,Withheld by both
spot_1862_283985,4354.047872979068,6345.0101053759245,False,False,Neither withheld
spot_1863_283356,4409.8838920993285,6698.245548741637,False,False,Neither withheld
spot_1864_269851,4196.189742942617,6872.470685574086,False,False,Neither withheld
spot_1865_259778,4054.9541115545967,6251.137388721341,True,False,Standalone-only withheld
spot_1866_269942,4130.894650895758,6881.594903760961,False,False,Neither withheld
spot_1867_244163,3853.429975009262,6390.03635790802,False,False,Neither withheld
spot_1868_269919,4277.829592910341,6840.995409591229,False,False,Neither withheld
spot_1869_244264,3825.447662748168,6444.056594931313,False,False,Neither withheld
spot_1870_259277,3912.827769953135,6804.190167590215,False,False,Neither withheld
spot_1871_259080,4017.055695645014,6864.364270759263,False,False,Neither withheld
spot_1872_259294,4050.718932277124,6874.0223746848615,True,True,Withheld by both
spot_1873_244552,3841.6587003899817,6716.669587980867,False,False,Neither withheld
spot_1874_269877,4242.300228883274,6858.651654842349,False,False,Neither withheld
spot_1875_259655,3916.342035215059,6317.60825054964,True,False,Standalone-only withheld
spot_1876_259243,4026.766389087632,6868.055477254389,True,False,Standalone-only withheld
spot_1877_268935,4129.620774983057,6243.012068569277,False,False,Neither withheld
spot_1878_283630,4441.462619772849,6567.263433076512,False,False,Neither withheld
spot_1879_269858,4206.412110881495,6871.152407537764,False,False,Neither withheld
spot_1880_259168,3900.952548595728,6794.298512623025,True,True,Withheld by both
spot_1881_259765,4042.07446313426,6252.820109696866,True,False,Standalone-only withheld
spot_1882_244531,3825.247356295544,6683.400032139472,False,False,Neither withheld
spot_1883_270031,4098.517197529942,6881.981963110485,False,False,Neither withheld
spot_1884_282982,4304.768044884997,6825.398610208982,False,False,Neither withheld
spot_1885_268941,4135.270273161527,6242.762834188548,False,False,Neither withheld
spot_1886_268968,4161.319120506447,6244.921908632115,False,False,Neither withheld
spot_1887_283979,4335.363166098067,6323.989398591702,False,False,Neither withheld
spot_1888_270069,4114.029431102346,6883.12483062814,False,False,Neither withheld
spot_1889_244649,3816.461962705737,6660.633876315134,False,False,Neither withheld
spot_1890_244329,3802.471773218441,6532.880656344365,False,False,Neither withheld
spot_1891_283384,4434.895003229712,6631.516213999666,False,False,Neither withheld
spot_1892_259293,4034.922329982854,6871.515698448082,True,False,Standalone-only withheld
spot_1893_283776,4348.299652018381,6335.388066639587,False,False,Neither withheld
spot_1894_283332,4394.128011238243,6732.649404891597,False,False,Neither withheld
spot_1895_244557,3844.180709891633,6724.455582004606,False,False,Neither withheld
spot_1896_282989,4318.853091499496,6816.305996892916,False,False,Neither withheld
spot_1897_244598,3871.84889970772,6764.721088939043,False,False,Neither withheld
spot_1898_244505,3803.276937421142,6605.872470109298,False,False,Neither withheld
spot_1899_244530,3820.561385764798,6674.909832622901,False,False,Neither withheld
spot_1900_244255,3813.276179139149,6472.383235302128,False,False,Neither withheld
spot_1901_283377,4432.316733535665,6645.398951485951,False,False,Neither withheld
spot_1902_259124,4076.7169364334113,6881.035823451839,True,True,Withheld by both
spot_1903_259726,3996.194404349289,6266.642545755571,True,False,Standalone-only withheld
spot_1904_270019,4259.7626479079245,6853.1493266947,False,False,Neither withheld
spot_1905_244515,3807.540020132333,6631.723241647065,False,False,Neither withheld
spot_1906_259817,3940.445987104909,6296.983773932302,False,False,Neither withheld
spot_1907_268996,4179.228894478581,6246.086800183751,False,False,Neither withheld
spot_1908_269030,4205.362482055201,6251.851109495407,False,False,Neither withheld
spot_1909_244499,3800.804120454477,6589.079145738782,False,False,Neither withheld
spot_1910_244252,3805.676363749899,6500.999102422679,False,False,Neither withheld
spot_1911_283534,4395.29426186572,6392.445687542013,False,False,Neither withheld
spot_1912_244249,3802.3617550578256,6518.597883982695,False,False,Neither withheld
spot_1913_244164,3855.059373302609,6381.258930385367,False,False,Neither withheld
spot_1914_244562,3848.503736148262,6734.13348134395,False,False,Neither withheld
spot_1915_259203,3977.5772679969127,6851.286403648102,True,True,Withheld by both
spot_1916_283758,4337.885625360717,6323.125464137357,False,False,Neither withheld
spot_1917_270021,4268.4267476145,6850.503958038482,False,False,Neither withheld
spot_1918_244503,3798.665819508047,6569.271599674086,False,False,Neither withheld
spot_1919_283708,4314.088986321596,6303.0280161650935,False,False,Neither withheld
spot_1920_244659,3859.460074509505,6751.661331588037,False,False,Neither withheld
spot_1921_244248,3798.612865698885,6553.2145112385815,False,False,Neither withheld
spot_1922_259812,3930.593729268465,6302.013491706791,True,False,Standalone-only withheld
spot_1923_283488,4440.023099568088,6618.878093658634,False,False,Neither withheld
spot_1924_283391,4443.684523021635,6591.182067819147,False,False,Neither withheld
spot_1925_259818,3944.5803513394303,6292.210824950011,False,False,Neither withheld
spot_1926_269127,4271.398004148596,6276.129004397251,False,False,Neither withheld
spot_1927_259700,3969.99225891902,6277.155321194724,False,False,Neither withheld
spot_1928_283987,4365.39836451339,6350.104247452529,False,False,Neither withheld
spot_1929_269005,4186.532596330566,6245.81879654494,False,False,Neither withheld
spot_1930_269956,4162.103691930137,6883.696739314036,False,False,Neither withheld
spot_1931_259276,3907.218171444988,6805.070446285618,True,True,Withheld by both
spot_1932_259153,3885.819646387216,6784.438194634298,True,True,Withheld by both
spot_1933_269097,4249.682937040721,6265.239370415575,False,False,Neither withheld
spot_1934_244512,3808.277495709721,6644.346477952022,False,False,Neither withheld
spot_1935_244150,3818.2035824432,6449.566743904661,False,False,Neither withheld
spot_1936_259642,3907.423810284316,6319.780077446448,True,False,Standalone-only withheld
spot_1937_283536,4411.142589482812,6417.259264967486,False,False,Neither withheld
spot_1938_283378,4425.931553099865,6674.331805342794,False,False,Neither withheld
spot_1939_283069,4287.246608782607,6841.323131029223,False,False,Neither withheld
spot_1940_283810,4377.805993544509,6364.050096833036,False,False,Neither withheld
spot_1941_283748,4335.455460521767,6318.994742692672,False,False,Neither withheld
spot_1942_259829,3984.8095676848793,6268.821047875153,False,False,Neither withheld
spot_1943_244170,3862.017841009544,6368.554346012816,False,False,Neither withheld
spot_1944_244032,3876.020323460144,6350.986599843125,False,False,Neither withheld
spot_1945_259759,4030.8099887014414,6251.228601988008,True,False,Standalone-only withheld
spot_1946_244151,3814.939404168348,6456.846467565125,False,False,Neither withheld
spot_1947_269059,4225.251189625906,6255.133930930718,False,False,Neither withheld
spot_1948_283353,4412.407315035263,6706.968139872959,False,False,Neither withheld
spot_1949_269169,4157.743758271912,6240.094269705589,False,False,Neither withheld
spot_1950_259188,3961.999138741257,6845.418957079422,True,True,Withheld by both
spot_1951_283531,4388.186555802291,6377.122777600226,False,False,Neither withheld
spot_1952_269156,4287.862259446669,6283.442930204483,False,False,Neither withheld
spot_1953_269921,4085.572622931573,6885.713003863596,False,False,Neither withheld
spot_1954_259162,3894.687414873027,6795.514686253943,True,True,Withheld by both
spot_1955_269896,4282.792346705301,6845.445548135196,False,False,Neither withheld
spot_1956_269211,4115.486964210808,6237.305300276249,False,False,Neither withheld
spot_1957_283633,4447.004808886579,6573.140559301412,False,False,Neither withheld
spot_1958_244537,3823.283349696987,6692.71035758495,False,False,Neither withheld
spot_1959_268984,4173.79866653186,6241.401963861275,False,False,Neither withheld
spot_1960_259653,3916.30714253106,6310.112499279361,True,False,Standalone-only withheld
spot_1961_244506,3801.876478600024,6623.859636764648,False,False,Neither withheld
spot_1962_259205,3983.4468287403215,6857.564354115513,True,True,Withheld by both
spot_1963_270072,4120.952423471761,6888.440114676973,False,False,Neither withheld
spot_1964_283632,4447.322655238178,6553.953057495324,False,False,Neither withheld
spot_1965_244560,3843.531189238201,6732.262630660314,False,False,Neither withheld
spot_1966_244038,3881.48746863635,6342.611300168934,False,False,Neither withheld
spot_1967_269973,4201.984149373729,6878.459203769028,False,False,Neither withheld
spot_1968_283397,4444.165893432872,6609.766007306832,False,False,Neither withheld
spot_1969_244982,3871.830802132961,6772.341029614328,True,True,Withheld by both
spot_1970_244500,3795.948387043468,6582.063750067831,False,False,Neither withheld
spot_1971_269205,4097.51397929757,6237.272385265533,False,False,Neither withheld
spot_1972_244108,3868.263550500238,6357.0811748410615,False,False,Neither withheld
spot_1973_244540,3832.248371965352,6713.644724788406,False,False,Neither withheld
spot_1974_268944,4142.512858979114,6236.886327123825,False,False,Neither withheld
spot_1975_283370,4418.869084007409,6698.492559578101,False,False,Neither withheld
spot_1976_269143,4281.017251660078,6277.446685683259,False,False,Neither withheld
spot_1977_269949,4143.815922323255,6888.706667290746,False,False,Neither withheld
spot_1978_283366,4424.977923002081,6684.685884996052,False,False,Neither withheld
spot_1979_282985,4306.394675007126,6832.541510270468,False,False,Neither withheld
spot_1980_269895,4277.419316866546,6850.386953343103,False,False,Neither withheld
spot_1981_283634,4448.874803502534,6563.9658486723765,False,False,Neither withheld
spot_1982_269045,4215.4166982939005,6249.195934175756,False,False,Neither withheld
spot_1983_244258,3809.857713995943,6463.154225092447,False,False,Neither withheld
spot_1984_244245,3795.429870661289,6535.256737303702,False,False,Neither withheld
spot_1985_244513,3808.453923573871,6658.6264815887935,False,False,Neither withheld
spot_1986_259085,4021.033264145079,6874.478766042192,False,False,Neither withheld
spot_1987_283726,4323.771018664921,6304.781125381899,False,False,Neither withheld
spot_1988_269913,4218.586687198123,6875.986835572361,False,False,Neither withheld
spot_1989_283386,4434.599815890148,6661.367575507811,False,False,Neither withheld
spot_1990_244548,3835.1601223491466,6723.446591540127,False,False,Neither withheld
spot_1991_259295,4056.9902568689818,6884.818300183281,True,True,Withheld by both
spot_1992_283357,4408.872255954563,6722.345778692741,False,False,Neither withheld
spot_1993_283539,4428.356807719416,6444.436430151452,False,False,Neither withheld
spot_1994_269966,4186.830828696269,6884.884943277693,False,False,Neither withheld
spot_1995_283677,4433.362698178702,6457.848413665111,False,False,Neither withheld
spot_1996_283637,4450.4419653819405,6549.265765214017,False,False,Neither withheld
spot_1997_244155,3830.854880902753,6408.743488670876,False,False,Neither withheld
spot_1998_244522,3820.589192269594,6695.652509704234,False,False,Neither withheld
spot_1999_283635,4449.835038104876,6536.593891463444,False,False,Neither withheld
spot_2000_283638,4450.904549996072,6557.649853063933,False,False,Neither withheld
spot_2001_259279,3924.5884446522846,6826.511230191447,True,False,Standalone-only withheld
spot_2002_259742,4015.937099865623,6250.833192832054,False,False,Neither withheld
spot_2003_269997,4235.673422194321,6871.707458715771,False,False,Neither withheld
spot_2004_244511,3805.353639902537,6654.676760384251,False,False,Neither withheld
spot_2005_269892,4269.251603940227,6857.308207129476,False,False,Neither withheld
spot_2006_282978,4297.396819591861,6841.451507460371,False,False,Neither withheld
spot_2007_269999,4243.191859354483,6869.061572904748,False,False,Neither withheld
spot_2008_244167,3857.117239119465,6365.986542531557,False,False,Neither withheld
spot_2009_270055,4121.949821594852,6892.41946285254,False,False,Neither withheld
spot_2010_244498,3794.23933931181,6601.502996915142,False,False,Neither withheld
spot_2011_259165,3899.269095175464,6806.145785330329,True,True,Withheld by both
spot_2012_269113,4259.748691439118,6263.172038435407,False,False,Neither withheld
spot_2013_259192,3968.1594223698735,6854.716391778513,True,False,Standalone-only withheld
spot_2014_269955,4160.575043988461,6890.364278907346,False,False,Neither withheld
spot_2015_270044,4214.073661138262,6879.486158302561,False,False,Neither withheld
spot_2016_269838,4170.978239122569,6888.996574814279,False,False,Neither withheld
spot_2017_259176,3940.787581258436,6838.716444710104,True,True,Withheld by both
spot_2018_244573,3854.9010893447016,6757.299726043342,False,False,Neither withheld
spot_2019_283784,4351.254021158261,6324.695594944237,False,False,Neither withheld
spot_2020_282987,4312.048087602068,6833.14389064417,False,False,Neither withheld
spot_2021_244156,3839.334948819733,6390.489150619575,False,False,Neither withheld
spot_2022_270051,4112.549043126028,6893.354714450431,False,False,Neither withheld
spot_2023_244502,3800.260510281336,6641.51762253302,False,False,Neither withheld
spot_2024_259846,4070.1459001623,6235.782605746403,True,False,Standalone-only withheld
spot_2025_283485,4425.048260297942,6695.078782093573,False,False,Neither withheld
spot_2026_269092,4249.367734337727,6257.260752723478,False,False,Neither withheld
spot_2027_283491,4452.08430614337,6586.669081277329,False,False,Neither withheld
spot_2028_283774,4347.372280208609,6320.121794248007,False,False,Neither withheld
spot_2029_244257,3807.307624536536,6457.90857420756,False,False,Neither withheld
spot_2030_244159,3843.734256194128,6382.261337750505,False,False,Neither withheld
spot_2031_259723,3992.529535086058,6257.494882101495,True,False,Standalone-only withheld
spot_2032_244514,3806.860191451921,6666.273387051545,False,False,Neither withheld
spot_2033_259681,3952.803607076122,6277.4487673704025,True,False,Standalone-only withheld
spot_2034_270010,4256.886174953851,6865.477184067915,False,False,Neither withheld
spot_2035_259730,4004.729614833092,6252.424427626596,True,False,Standalone-only withheld
spot_2036_270063,4100.875536417584,6893.667613033971,False,False,Neither withheld
spot_2037_244497,3793.211477751468,6608.336868549186,False,False,Neither withheld
spot_2038_268977,4166.855288795127,6234.140489604104,False,False,Neither withheld
spot_2039_244020,3862.065790856349,6356.141112250883,False,False,Neither withheld
spot_2040_259068,3976.682533316222,6861.163390523881,True,True,Withheld by both
spot_2041_259099,4044.525895690716,6885.520569518069,False,False,Neither withheld
spot_2042_269020,4200.443205876778,6240.261671101718,False,False,Neither withheld
spot_2043_283350,4404.238284955591,6736.8958489715815,False,False,Neither withheld
spot_2044_282990,4319.421864312832,6829.415223662398,False,False,Neither withheld
spot_2045_283631,4440.435248311058,6469.758110634884,False,False,Neither withheld
spot_2046_283341,4395.045757493048,6751.19386452111,False,False,Neither withheld
spot_2047_244524,3813.6559023226864,6686.674253911895,False,False,Neither withheld
spot_2048_283394,4442.9097161473655,6646.825836297518,False,False,Neither withheld
spot_2049_283781,4358.385230406337,6329.757642535056,False,False,Neither withheld
spot_2050_283690,4294.610021226621,6279.064902815157,False,False,Neither withheld
spot_2051_269911,4205.461569495365,6884.216965243124,False,False,Neither withheld
spot_2052_244247,3796.492153274873,6494.483334562028,False,False,Neither withheld
spot_2053_244244,3794.092617273336,6507.024704186593,False,False,Neither withheld
spot_2054_244656,3841.0485744044863,6740.8546930417815,False,False,Neither withheld
spot_2055_282997,4328.163833853508,6823.24179862144,False,False,Neither withheld
spot_2056_244042,3885.863728365032,6328.3491122641335,True,False,Standalone-only withheld
spot_2057_283537,4416.939112258391,6409.800115157157,False,False,Neither withheld
spot_2058_283404,4448.10098627526,6626.52982015761,False,False,Neither withheld
spot_2059_269162,4127.67190544218,6230.165957334794,False,False,Neither withheld
spot_2060_283362,4416.5511969339495,6716.786920292222,False,False,Neither withheld
spot_2061_259666,3930.828411252839,6290.167634492744,True,False,Standalone-only withheld
spot_2062_259629,3894.671364523504,6319.435697165339,True,False,Standalone-only withheld
spot_2063_244494,3793.81528829119,6619.603171642555,False,False,Neither withheld
spot_2064_283015,4371.107877840501,6783.1461625418815,False,False,Neither withheld
spot_2065_283695,4308.870299996566,6287.371418632158,False,False,Neither withheld
spot_2066_269854,4200.343860373485,6886.241146683788,False,False,Neither withheld
spot_2067_245010,3864.805089567779,6774.772512719501,False,False,Neither withheld
spot_2068_283012,4365.593343439256,6789.712121958551,False,False,Neither withheld
spot_2069_259070,3999.999294649508,6872.991583529023,True,True,Withheld by both
spot_2070_283639,4454.990821339378,6570.804813338966,False,False,Neither withheld
spot_2071_259811,3919.6762775488087,6297.321070807158,False,False,Neither withheld
spot_2072_244160,3845.554462121725,6375.635911201105,False,False,Neither withheld
spot_2073_259266,4065.589987131336,6891.560491453542,True,True,Withheld by both
spot_2074_270042,4211.282159965316,6884.108035603871,False,False,Neither withheld
spot_2075_259620,4081.806011941693,6231.421727409164,True,False,Standalone-only withheld
spot_2076_283745,4334.686236861413,6305.619506762061,False,False,Neither withheld
spot_2077_283719,4313.971967624826,6289.761794275211,False,False,Neither withheld
spot_2078_269802,4089.253934687965,6895.022404888783,False,False,Neither withheld
spot_2079_283400,4447.8098633625,6634.813797593808,False,False,Neither withheld
spot_2080_259249,4034.025260206128,6885.114526747788,True,False,Standalone-only withheld
spot_2081_269151,4288.575654477829,6272.965032177927,False,False,Neither withheld
spot_2082_259050,3952.071340388812,6851.136178465893,False,False,Neither withheld
spot_2083_244971,3858.912241907317,6769.895133998167,False,False,Neither withheld
spot_2084_244985,3878.269548785113,6792.431655484725,True,True,Withheld by both
spot_2085_259150,3885.1786882025694,6799.541764032731,True,True,Withheld by both
spot_2086_259108,4050.683329123025,6889.976766176622,True,True,Withheld by both
spot_2087_244979,3867.654886710483,6781.272353648516,True,True,Withheld by both
spot_2088_283815,4383.797477156155,6353.719575182284,False,False,Neither withheld
spot_2089_259154,3889.889744640365,6805.08868596897,True,True,Withheld by both
spot_2090_283074,4354.3549107028575,6804.315003749227,False,False,Neither withheld
spot_2091_283800,4367.611025548948,6334.561371543252,False,False,Neither withheld
spot_2092_283412,4453.050329049347,6616.354922899724,False,False,Neither withheld
spot_2093_283980,4344.699650019837,6311.814145572002,False,False,Neither withheld
spot_2094_283388,4439.017329108097,6672.1929317424665,False,False,Neither withheld
spot_2095_244328,3797.597034772765,6474.98813023631,False,False,Neither withheld
spot_2096_283004,4350.848531675239,6808.148990438545,False,False,Neither withheld
spot_2097_259770,4044.068305643045,6235.888079406997,True,False,Standalone-only withheld
spot_2098_244250,3803.28839096378,6455.423475967515,False,False,Neither withheld
spot_2099_244327,3786.1893242327096,6544.1871010618215,False,False,Neither withheld
spot_2100_283401,4441.961063660232,6664.488285624322,False,False,Neither withheld
spot_2101_244241,3786.508857363552,6535.858102105676,False,False,Neither withheld
spot_2102_244254,3807.4231085703714,6442.393349907506,False,False,Neither withheld
spot_2103_244146,3804.467269512837,6450.381262778197,False,False,Neither withheld
spot_2104_259169,3901.730543432546,6817.562492668803,True,True,Withheld by both
spot_2105_259626,4091.390919399031,6227.334039432704,True,False,Standalone-only withheld
spot_2106_269083,4240.35158019994,6247.562992846792,False,False,Neither withheld
spot_2107_244488,3792.596944712978,6634.155093353962,False,False,Neither withheld
spot_2108_244474,3785.178692638774,6577.390414972324,False,False,Neither withheld
spot_2109_259845,4066.4802110261858,6230.383851983079,False,False,Neither withheld
spot_2110_270015,4266.424276163667,6866.944648332863,False,False,Neither withheld
spot_2111_244234,3784.783836609511,6554.755684508304,False,False,Neither withheld
spot_2112_269189,4223.273613140244,6241.368010220973,False,False,Neither withheld
spot_2113_259837,4020.00297244976,6241.276219481872,True,False,Standalone-only withheld
spot_2114_269079,4235.516900020823,6245.312597137225,False,False,Neither withheld
spot_2115_259196,3971.784256100293,6864.937355287895,True,True,Withheld by both
spot_2116_269161,4114.069363820301,6225.403697802485,False,False,Neither withheld
spot_2117_283641,4458.537174178493,6543.3654442423685,False,False,Neither withheld
spot_2118_283978,4331.045750973043,6297.755710936823,False,False,Neither withheld
spot_2119_282981,4300.482393664764,6849.175875768712,False,False,Neither withheld
spot_2120_244485,3785.4985897255688,6594.648860016257,False,False,Neither withheld
spot_2121_259284,3957.189803018313,6857.677183880676,True,True,Withheld by both
spot_2122_283097,4293.7207496111805,6853.382935677932,False,False,Neither withheld
spot_2123_244518,3808.917182478505,6690.484281759183,False,False,Neither withheld
spot_2124_283721,4319.735457887721,6288.968896220145,False,False,Neither withheld
spot_2125_269926,4095.7413264291904,6899.615509763791,False,False,Neither withheld
spot_2126_283736,4325.44046771891,6293.018989142793,False,False,Neither withheld
spot_2127_244144,3798.680566690061,6462.907141842432,False,False,Neither withheld
spot_2128_268988,4173.634795094084,6228.606919517404,False,False,Neither withheld
spot_2129_259092,4028.239087279461,6887.6608679535975,True,False,Standalone-only withheld
spot_2130_259197,3978.441229499797,6869.501288679066,True,True,Withheld by both
spot_2131_283337,4391.366682607782,6767.595394689344,False,False,Neither withheld
spot_2132_268954,4153.005571671802,6225.367825824031,False,False,Neither withheld
spot_2133_244536,3822.502967438716,6721.910896104573,False,False,Neither withheld
spot_2134_283636,4451.527297693216,6484.611115262804,False,False,Neither withheld
spot_2135_283418,4454.618815696023,6626.815789107467,False,False,Neither withheld
spot_2136_283408,4451.397270055102,6642.072212823872,False,False,Neither withheld
spot_2137_283486,4431.231670789392,6701.50166998785,False,False,Neither withheld
spot_2138_259822,3957.440589621606,6265.862494761162,False,False,Neither withheld
spot_2139_283379,4427.647793173546,6709.320236124425,False,False,Neither withheld
spot_2140_244517,3814.281979460807,6706.406156217768,False,False,Neither withheld
spot_2141_244019,3862.5888233703104,6343.392164560319,False,False,Neither withheld
spot_2142_283782,4356.304309977844,6317.242356747398,False,False,Neither withheld
spot_2143_282992,4322.734078131536,6836.394235708055,False,False,Neither withheld
spot_2144_270043,4214.279139761373,6889.655570328326,False,False,Neither withheld
spot_2145_283973,4306.030917340055,6277.242156546429,False,False,Neither withheld
spot_2146_244031,3874.051638461611,6329.99885332134,False,False,Neither withheld
spot_2147_269972,4202.530715959995,6893.186278204692,False,False,Neither withheld
spot_2148_244326,3784.521223975722,6517.008025153655,False,False,Neither withheld
spot_2149_283834,4396.423727724236,6361.97127307584,False,False,Neither withheld
spot_2150_283640,4460.6559441901045,6532.929813158773,False,False,Neither withheld
spot_2151_259233,4020.1886067795353,6887.593157663776,True,False,Standalone-only withheld
spot_2152_244563,3847.709629132607,6764.775644856105,False,False,Neither withheld
spot_2153_283091,4287.946794102657,6859.95377855444,False,False,Neither withheld
spot_2154_269012,4191.010599351877,6229.163340504951,False,False,Neither withheld
spot_2155_283327,4388.983645366781,6773.925399755266,False,False,Neither withheld
spot_2156_259809,3917.396260956234,6290.067920976574,True,False,Standalone-only withheld
spot_2157_244479,3785.097624528239,6615.37454043256,False,False,Neither withheld
spot_2158_259274,3895.6521106897617,6817.760781388173,False,False,Neither withheld
spot_2159_244967,3851.338104150536,6770.315822017999,False,False,Neither withheld
spot_2160_244153,3820.911533909206,6402.173415235617,False,False,Neither withheld
spot_2161_283755,4339.808148324564,6300.648609636295,False,False,Neither withheld
spot_2162_283403,4446.310445781788,6667.454021395953,False,False,Neither withheld
spot_2163_244545,3829.367266456792,6738.494583509806,False,False,Neither withheld
spot_2164_268999,4182.924002271564,6227.11223153659,False,False,Neither withheld
spot_2165_244236,3782.309602158608,6525.700737783505,False,False,Neither withheld
spot_2166_283769,4344.435653003441,6303.993791182471,False,False,Neither withheld
spot_2167_244325,3781.64039823805,6531.26350403189,False,False,Neither withheld
spot_2168_283643,4463.094022317059,6553.421224661921,False,False,Neither withheld
spot_2169_259755,4031.4710899041,6233.299433080464,False,False,Neither withheld
spot_2170_283995,4379.506552030567,6338.6836870758525,False,False,Neither withheld
spot_2171_244011,3846.242962565708,6360.6810582882,False,False,Neither withheld
spot_2172_244240,3784.812923710067,6506.105140193817,False,False,Neither withheld
spot_2173_244239,3789.661806487254,6482.36627098895,False,False,Neither withheld
spot_2174_244534,3821.848899873844,6726.43434772776,False,False,Neither withheld
spot_2175_283642,4463.344826632156,6563.74273430833,False,False,Neither withheld
spot_2176_270011,4249.707281428016,6879.60118634015,False,False,Neither withheld
spot_2177_259225,4010.003871616187,6885.800345030177,True,True,Withheld by both
spot_2178_283392,4442.797926914444,6680.052387506508,False,False,Neither withheld
spot_2179_269100,4252.004457733778,6246.594615153488,False,False,Neither withheld
spot_2180_259117,4068.1085671851215,6900.462515592687,True,True,Withheld by both
spot_2181_269117,4268.372641512151,6253.75514524209,False,False,Neither withheld
spot_2182_259219,4001.788155761653,6883.106502115337,False,False,Neither withheld
spot_2183_244147,3806.355909689455,6429.643655833551,False,False,Neither withheld
spot_2184_269138,4282.767641494018,6260.517592867249,False,False,Neither withheld
spot_2185_268958,4157.27533718668,6222.093853314067,False,False,Neither withheld
spot_2186_259722,3995.275241744232,6244.374276306289,False,False,Neither withheld
spot_2187_244646,3798.148887900245,6675.585372068773,False,False,Neither withheld
spot_2188_244645,3796.7168953197774,6671.573567501657,False,False,Neither withheld
spot_2189_244012,3854.491738202622,6348.021316858698,False,False,Neither withheld
spot_2190_259737,4006.646440266295,6239.818837818654,True,False,Standalone-only withheld
spot_2191_244478,3779.0757656063615,6578.804699177713,False,False,Neither withheld
spot_2192_269110,4258.64310638305,6248.218733530941,False,False,Neither withheld
spot_2193_283645,4464.809516065039,6573.814962864299,False,False,Neither withheld
spot_2194_244243,3791.753352809588,6467.667073773117,False,False,Neither withheld
spot_2195_244501,3794.167122026856,6666.286349023491,False,False,Neither withheld
spot_2196_269976,4206.898116007194,6895.499906929733,False,False,Neither withheld
spot_2197_283420,4457.210544470407,6636.577193369085,False,False,Neither withheld
spot_2198_244484,3783.266984782664,6622.392232169332,False,False,Neither withheld
spot_2199_270040,4192.314876386523,6899.122728733204,False,False,Neither withheld
spot_2200_259240,4023.272693816974,6892.253420520017,True,True,Withheld by both
spot_2201_283390,4439.776195197625,6693.515807160497,False,False,Neither withheld
spot_2202_244238,3785.196740750082,6491.518708213545,False,False,Neither withheld
spot_2203_244504,3800.236784241167,6685.122997608446,False,False,Neither withheld
spot_2204_244242,3788.980137615305,6475.019880150223,False,False,Neither withheld
spot_2205_268916,4102.045510087661,6219.133703591937,False,False,Neither withheld
spot_2206_269068,4231.317878903276,6236.483205519502,False,False,Neither withheld
spot_2207_244229,3777.461361974276,6558.11448811835,False,False,Neither withheld
spot_2208_244972,3858.749612995725,6784.997362476881,False,False,Neither withheld
spot_2209_283010,4358.1589203268695,6813.068006682726,False,False,Neither withheld
spot_2210_244647,3802.298370238655,6691.670710375806,False,False,Neither withheld
spot_2211_259121,4074.723736031487,6903.956197355727,True,True,Withheld by both
spot_2212_283103,4302.820959214283,6855.791689297481,False,False,Neither withheld
spot_2213_259779,4052.2416407708456,6225.125821782645,True,False,Standalone-only withheld
spot_2214_259633,3897.4085117908576,6300.927761236257,True,False,Standalone-only withheld
spot_2215_283419,4464.100614107917,6602.877262345686,False,False,Neither withheld
spot_2216_259246,4035.2177276500784,6896.47604804709,False,False,Neither withheld
spot_2217_259798,4082.733338823964,6220.113744565208,True,False,Standalone-only withheld
spot_2218_244535,3822.17714316183,6733.59872864058,False,False,Neither withheld
spot_2219_283361,4411.6403858093945,6749.43611549096,False,False,Neither withheld
spot_2220_270033,4172.939336665473,6903.770463558818,False,False,Neither withheld
spot_2221_283416,4465.570528306704,6589.608727758086,False,False,Neither withheld
spot_2222_283382,4432.568297136317,6712.37132587491,False,False,Neither withheld
spot_2223_269185,4209.958946259244,6228.955355173466,False,False,Neither withheld
spot_2224_259795,4074.8232951024047,6220.580347529472,True,False,Standalone-only withheld
spot_2225_269931,4103.691765373562,6907.614744744556,False,False,Neither withheld
spot_2226_244016,3860.48620549709,6336.727262094722,False,False,Neither withheld
spot_2227_244983,3876.404248606957,6806.139210870933,False,False,Neither withheld
spot_2228_270037,4184.082329945142,6902.6070302681765,False,False,Neither withheld
spot_2229_259105,4047.96008329909,6900.457626030885,True,True,Withheld by both
spot_2230_244235,3779.710044065285,6511.642968262218,False,False,Neither withheld
spot_2231_244230,3776.3869238258585,6543.030321718084,False,False,Neither withheld
spot_2232_283541,4430.4650392622125,6406.511808975718,False,False,Neither withheld
spot_2233_244233,3780.857207687006,6501.648255093515,False,False,Neither withheld
spot_2234_259191,3966.444191706968,6872.242350252284,True,True,Withheld by both
spot_2235_283427,4460.4256118033645,6635.12838123694,False,False,Neither withheld
spot_2236_244027,3871.29350956557,6323.070318003939,True,False,Standalone-only withheld
spot_2237_269873,4228.049643491539,6892.584052432035,False,False,Neither withheld
spot_2238_270005,4248.149492278386,6885.561677574187,False,False,Neither withheld
spot_2239_269888,4259.008726759408,6881.159400608627,False,False,Neither withheld
spot_2240_283842,4396.037245273861,6350.348275941411,False,False,Neither withheld
spot_2241_244638,3774.7882070733367,6568.93888499493,False,False,Neither withheld
spot_2242_259184,3959.720590878351,6869.571344498401,True,True,Withheld by both
spot_2243_244520,3813.043574349677,6721.288821188506,False,False,Neither withheld
spot_2244_259174,3916.180521283068,6842.419923547438,True,False,Standalone-only withheld
spot_2245_283482,4399.774996446657,6770.791895821771,False,False,Neither withheld
spot_2246_283005,4352.08450875737,6822.72541692861,False,False,Neither withheld
spot_2247_244154,3831.508166286322,6371.632928937503,False,False,Neither withheld
spot_2248_283751,4338.241685089388,6290.987740225775,False,False,Neither withheld
spot_2249_283538,4418.844336838594,6382.475678842736,False,False,Neither withheld
spot_2250_244232,3778.663365928181,6506.526135741749,False,False,Neither withheld
spot_2251_282973,4289.260743617745,6867.334378343893,False,False,Neither withheld
spot_2252_270048,4096.611712618633,6909.659497736173,False,False,Neither withheld
spot_2253_244251,3805.958646906955,6416.624415404313,False,False,Neither withheld
spot_2254_259199,3981.087256614392,6880.966714246656,True,False,Standalone-only withheld
spot_2255_283735,4330.519951637849,6284.373191693194,False,False,Neither withheld
spot_2256_259041,3929.1836781560114,6852.595831625082,True,False,Standalone-only withheld
spot_2257_268932,4133.306239887268,6214.904862647237,False,False,Neither withheld
spot_2258_259802,3899.284733671566,6294.930096577802,False,False,Neither withheld
spot_2259_269922,4084.107088300087,6908.773220595816,False,False,Neither withheld
spot_2260_269894,4275.185182645766,6875.245424741311,False,False,Neither withheld
spot_2261_244976,3864.048857298963,6797.241991136118,True,True,Withheld by both
spot_2262_244323,3773.521866830841,6548.822294626889,False,False,Neither withheld
spot_2263_282988,4316.700331025853,6851.492274730643,False,False,Neither withheld
spot_2264_283429,4463.512367113131,6630.460085012314,False,False,Neither withheld
spot_2265_259647,3916.168839862964,6281.282662260287,True,False,Standalone-only withheld
spot_2266_269096,4246.160470673993,6237.102171512771,False,False,Neither withheld
spot_2267_283983,4353.074455881313,6301.734444164187,False,False,Neither withheld
spot_2268_259091,4029.544542203007,6899.189387055522,True,True,Withheld by both
spot_2269_283383,4432.397241510428,6721.424290313849,False,False,Neither withheld
spot_2270_283806,4371.821883064875,6319.3778181088,False,False,Neither withheld
spot_2271_244959,3839.6321773366,6768.262626718522,False,False,Neither withheld
spot_2272_244652,3830.518899662812,6755.2271272057005,False,False,Neither withheld
spot_2273_244980,3869.337086966682,6803.959286616135,False,False,Neither withheld
spot_2274_283021,4387.323675475385,6789.360885231787,False,False,Neither withheld
spot_2275_244482,3782.4289799271455,6646.178707696181,False,False,Neither withheld
spot_2276_259814,3930.802291959281,6270.051144564082,False,False,Neither withheld
spot_2277_283072,4346.823052423935,6830.073547258595,False,False,Neither withheld
spot_2278_283425,4458.031324597461,6658.201609836799,False,False,Neither withheld
spot_2279_244988,3879.424050655233,6814.808542941183,False,False,Neither withheld
spot_2280_244476,3777.0383338102815,6621.65168614294,False,False,Neither withheld
spot_2281_283647,4470.659381013462,6540.540467133413,False,False,Neither withheld
spot_2282_283026,4393.475245220898,6782.872756614436,False,False,Neither withheld
spot_2283_244001,3836.899192126965,6359.507164182163,False,False,Neither withheld
spot_2284_259042,3937.841097056876,6860.401858985097,True,True,Withheld by both
spot_2285_283417,4467.72472635236,6614.740508856336,False,False,Neither withheld
spot_2286_283681,4465.30317133967,6496.389600872937,False,False,Neither withheld
spot_2287_283706,4307.756024385135,6266.3091285407545,False,False,Neither withheld
spot_2288_283098,4298.18337128153,6864.934702770277,False,False,Neither withheld
spot_2289_259151,3885.292102223424,6820.891675571787,True,True,Withheld by both
spot_2290_259715,3985.302244976385,6240.241627667506,False,False,Neither withheld
spot_2291_283385,4428.497748582176,6731.426800980394,False,False,Neither withheld
spot_2292_244639,3774.314048929901,6607.538553787574,False,False,Neither withheld
spot_2293_259158,3892.199655516519,6827.451018625318,True,True,Withheld by both
spot_2294_283789,4359.553634907863,6305.163931393691,False,False,Neither withheld
spot_2295_269227,4115.501669651285,6212.074103901989,False,False,Neither withheld
spot_2296_283816,4378.561602228259,6323.939141048093,False,False,Neither withheld
spot_2297_244152,3816.603323791824,6389.596316515714,False,False,Neither withheld
spot_2298_244228,3772.703602211815,6526.944903059548,False,False,Neither withheld
spot_2299_244186,3794.292933661849,6436.564173334471,False,False,Neither withheld
spot_2300_244104,3849.886915593525,6340.782768429936,False,False,Neither withheld
spot_2301_270041,4198.569455656586,6905.198325656349,False,False,Neither withheld
spot_2302_268963,4163.4718119148565,6214.134965534117,False,False,Neither withheld
spot_2303_244324,3776.869671707778,6496.657043131215,False,False,Neither withheld
spot_2304_259207,3989.540154193502,6888.024706582532,True,True,Withheld by both
spot_2305_244521,3817.376632452753,6737.9907950792,False,False,Neither withheld
spot_2306_259832,3997.372132387138,6234.248698671805,False,False,Neither withheld
spot_2307_259178,3944.694872185976,6866.092746948202,True,True,Withheld by both
spot_2308_283540,4429.220976093999,6392.486261757427,False,False,Neither withheld
spot_2309_283694,4299.271309927824,6259.350786541439,False,False,Neither withheld
spot_2310_244005,3842.890960531443,6348.415056560963,False,False,Neither withheld
spot_2311_244963,3846.5327395974327,6781.735242191719,False,False,Neither withheld
spot_2312_283443,4471.873611295412,6595.481718310528,False,False,Neither withheld
spot_2313_269087,4241.135755754032,6231.851146419075,False,False,Neither withheld
spot_2314_283683,4473.396686499056,6568.9338606499605,False,False,Neither withheld
spot_2315_244471,3774.204593173032,6617.513211588139,False,False,Neither withheld
spot_2316_269139,4279.349655919479,6248.23139720873,False,False,Neither withheld
spot_2317_283680,4462.801820064302,6476.591693370712,False,False,Neither withheld
spot_2318_283402,4443.406745628476,6705.19993877536,False,False,Neither withheld
spot_2319_244486,3784.685773645956,6663.9041685858265,False,False,Neither withheld
spot_2320_283433,4465.766352539168,6636.369668708756,False,False,Neither withheld
spot_2321_268913,4098.882989786389,6211.5560535114655,False,False,Neither withheld
spot_2322_283435,4463.5871418096485,6646.108135694034,False,False,Neither withheld
spot_2323_283652,4473.593469652858,6556.475235092368,False,False,Neither withheld
spot_2324_269023,4203.117648771395,6220.177714784129,False,False,Neither withheld
spot_2325_244225,3769.656537108699,6556.817000709625,False,False,Neither withheld
spot_2326_283989,4371.042546666973,6313.698085936796,False,False,Neither withheld
spot_2327_283723,4320.623736994197,6271.801237683517,False,False,Neither withheld
spot_2328_259167,3899.59913702145,6836.618655514039,False,False,Neither withheld
spot_2329_244231,3776.6786835535368,6489.525904467091,False,False,Neither withheld
spot_2330_283565,4452.783909889886,6441.11883876288,False,False,Neither withheld
spot_2331_259175,3923.316413359072,6854.376502865665,True,True,Withheld by both
spot_2332_244459,3768.979814095752,6573.187052960266,False,False,Neither withheld
spot_2333_244226,3769.828623691124,6535.942625407661,False,False,Neither withheld
spot_2334_259146,4002.3362222352407,6894.853885807556,False,False,Neither withheld
spot_2335_283739,4329.677297704027,6277.43778162425,False,False,Neither withheld
spot_2336_269934,4110.962826478507,6915.598327327991,False,False,Neither withheld
spot_2337_259190,3964.43155864913,6878.813611194209,True,True,Withheld by both
spot_2338_268998,4182.264242791985,6214.846923003071,False,False,Neither withheld
spot_2339_244468,3775.020309560394,6630.601682613808,False,False,Neither withheld
spot_2340_269116,4263.3572508845045,6238.992518937996,False,False,Neither withheld
spot_2341_259288,4010.088236444064,6898.004195247261,True,True,Withheld by both
spot_2342_244981,3871.556965345984,6812.356855806791,False,False,Neither withheld
spot_2343_283374,4428.764923031238,6737.645233447387,False,False,Neither withheld
spot_2344_259768,4045.734788996013,6217.50382798604,True,False,Standalone-only withheld
spot_2345_283406,4454.546507584077,6681.648453705211,False,False,Neither withheld
spot_2346_283421,4460.804565009465,6662.471782504234,False,False,Neither withheld
spot_2347_283765,4345.526566152659,6289.101636904339,False,False,Neither withheld
spot_2348_259035,3920.294451280814,6853.333070927896,True,True,Withheld by both
spot_2349_269181,4192.1718687507455,6216.148827260518,False,False,Neither withheld
spot_2350_259111,4055.906210499407,6910.269452805093,True,True,Withheld by both
spot_2351_283006,4353.917664064971,6829.542876120017,False,False,Neither withheld
spot_2352_244508,3804.239607450402,6718.909519743059,False,False,Neither withheld
spot_2353_244544,3830.8910043410665,6764.673922228344,False,False,Neither withheld
spot_2354_283826,4386.135644838098,6327.207668663683,False,False,Neither withheld
spot_2355_269060,4230.449459587962,6225.658140721047,False,False,Neither withheld
spot_2356_283857,4409.125583661599,6355.728896562725,False,False,Neither withheld
spot_2357_283409,4451.924716911977,6690.832841938477,False,False,Neither withheld
spot_2358_269026,4199.4610521621735,6217.073755202167,False,False,Neither withheld
spot_2359_283650,4474.797523261972,6533.069766254424,False,False,Neither withheld
spot_2360_283389,4435.161931333513,6728.000681332092,False,False,Neither withheld
spot_2361_283398,4443.579089626039,6711.021981830452,False,False,Neither withheld
spot_2362_270046,4253.099035822241,6891.957261347094,False,False,Neither withheld
spot_2363_244516,3807.383378404165,6726.680975868585,False,False,Neither withheld
spot_2364_283022,4386.532680283127,6798.495374479227,False,False,Neither withheld
spot_2365_269974,4201.989084486851,6908.167697765522,False,False,Neither withheld
spot_2366_269950,4143.453961216205,6916.7794746692325,False,False,Neither withheld
spot_2367_269126,4271.762997375928,6241.189774223758,False,False,Neither withheld
spot_2368_283407,4449.181819626563,6699.388174610785,False,False,Neither withheld
spot_2369_259090,4025.724478611513,6904.417533678516,True,True,Withheld by both
spot_2370_259637,3901.354401543185,6284.326120183907,True,False,Standalone-only withheld
spot_2371_283355,4407.737736022245,6773.043692282687,False,False,Neither withheld
spot_2372_283646,4471.315307831659,6500.65659231202,False,False,Neither withheld
spot_2373_269212,4109.067184091751,6207.840515846607,False,False,Neither withheld
spot_2374_283369,4424.281962649051,6748.570053881752,False,False,Neither withheld
spot_2375_259807,3912.139817657056,6275.795423563445,False,False,Neither withheld
spot_2376_268960,4149.466217856858,6208.493171637807,False,False,Neither withheld
spot_2377_283108,4315.446636632738,6860.608747421355,False,False,Neither withheld
spot_2378_259084,4017.891883906732,6902.735316357881,True,True,Withheld by both
spot_2379_244007,3843.1006069902073,6341.797497870972,False,False,Neither withheld
spot_2380_269094,4249.551043399359,6230.886294093998,False,False,Neither withheld
spot_2381_244246,3794.059575850752,6424.33862745538,False,False,Neither withheld
spot_2382_244493,3792.1584937264847,6696.803112242118,False,False,Neither withheld
spot_2383_269939,4115.725387111583,6918.441936913872,False,False,Neither withheld
spot_2384_244473,3776.132800707668,6647.430791807316,False,False,Neither withheld
spot_2385_259736,4002.33405496934,6227.511598760099,True,False,Standalone-only withheld
spot_2386_244462,3766.7114398277167,6587.965011443671,False,False,Neither withheld
spot_2387_283654,4477.632559020821,6561.847012080301,False,False,Neither withheld
spot_2388_244969,3853.7519388150754,6797.0884344984825,True,True,Withheld by both
spot_2389_244964,3848.7591976415706,6791.264502049059,False,False,Neither withheld
spot_2390_283644,4463.530336439315,6463.321867057091,False,False,Neither withheld
spot_2391_269983,4219.586570751576,6905.031388981349,False,False,Neither withheld
spot_2392_269929,4102.375798224909,6918.296955261279,False,False,Neither withheld
spot_2393_244044,3886.923589375544,6294.889926495893,True,False,Standalone-only withheld
spot_2394_283001,4344.732697220356,6840.390595830556,False,False,Neither withheld
spot_2395_283410,4447.267967940292,6707.233174178109,False,False,Neither withheld
spot_2396_259038,3929.7187868796864,6862.822536595004,True,True,Withheld by both
spot_2397_283975,4311.690158630182,6261.28652317034,False,False,Neither withheld
spot_2398_259743,4015.5972595585936,6222.431169844802,False,False,Neither withheld
spot_2399_259064,3972.7325787590944,6886.632549118489,False,False,Neither withheld
spot_2400_244958,3839.045461494787,6780.048358327906,False,False,Neither withheld
spot_2401_270039,4186.912356017698,6913.412383136372,False,False,Neither withheld
spot_2402_244024,3865.602940037808,6314.337103194229,True,False,Standalone-only withheld
spot_2403_269979,4211.106595443565,6908.1327962150735,False,False,Neither withheld
spot_2404_244526,3816.876455292645,6748.309016847916,False,False,Neither withheld
spot_2405_244109,3878.5582619746674,6301.319345811831,False,False,Neither withheld
spot_2406_283651,4478.518647749654,6573.466075069027,False,False,Neither withheld
spot_2407_245011,3865.173448901681,6811.17315347133,False,False,Neither withheld
spot_2408_244643,3783.93158271644,6678.723972112795,False,False,Neither withheld
spot_2409_283648,4478.357223834662,6544.3008556252735,False,False,Neither withheld
spot_2410_259711,3981.53856982586,6233.931291980107,False,False,Neither withheld
spot_2411_244954,3833.901646363201,6774.733274293837,False,False,Neither withheld
spot_2412_244101,3845.876203828008,6334.892704910938,False,False,Neither withheld
spot_2413_244529,3821.482174453773,6757.271957524839,False,False,Neither withheld
spot_2414_269051,4221.9640679781805,6219.264912251593,False,False,Neither withheld
spot_2415_269954,4158.200932848204,6918.731656410568,False,False,Neither withheld
spot_2416_259098,4038.149784724065,6910.720790981632,True,True,Withheld by both
spot_2417_268936,4128.946023704186,6204.733112921911,False,False,Neither withheld
spot_2418_283545,4457.475899193703,6438.151023302094,False,False,Neither withheld
spot_2419_259727,3996.845762494289,6226.965777529089,True,False,Standalone-only withheld
spot_2420_259057,3956.6119626798063,6880.635226223925,True,True,Withheld by both
spot_2421_269960,4170.411016631993,6917.651798133767,False,False,Neither withheld
spot_2422_259283,3949.310972137672,6876.879445955604,True,True,Withheld by both
spot_2423_259152,3885.3899564793,6832.177636001753,True,True,Withheld by both
spot_2424_244490,3794.9849338069166,6710.0896196467165,False,False,Neither withheld
spot_2425_259058,3964.475174072136,6885.112296021564,True,True,Withheld by both
spot_2426_269165,4137.935374160024,6204.314940476543,False,False,Neither withheld
spot_2427_244475,3776.975318671001,6662.315823745435,False,False,Neither withheld
spot_2428_283742,4332.572763380906,6272.315142087646,False,False,Neither withheld
spot_2429_283028,4394.074703841012,6796.403547116342,False,False,Neither withheld
spot_2430_245013,3873.108991625696,6821.628245008738,True,False,Standalone-only withheld
spot_2431_283791,4359.863803516837,6294.1308249421,False,False,Neither withheld
spot_2432_283016,4375.141593566217,6816.996377499128,False,False,Neither withheld
spot_2433_269142,4283.173564430219,6241.724934948607,False,False,Neither withheld
spot_2434_244507,3804.298758230656,6731.299280173962,False,False,Neither withheld
spot_2435_270027,4281.479556287322,6884.809717908285,False,False,Neither withheld
spot_2436_259679,3945.3461292981,6249.288528861891,False,False,Neither withheld
spot_2437_270038,4182.030850421272,6917.241033632646,False,False,Neither withheld
spot_2438_269008,4184.84937159776,6208.654710344146,False,False,Neither withheld
spot_2439_244045,3888.7745542251055,6288.647991214053,False,False,Neither withheld
spot_2440_270004,4248.730832209978,6899.324347450008,False,False,Neither withheld
spot_2441_283803,4371.134953247427,6303.4112425102885,False,False,Neither withheld
spot_2442_282975,4297.553569102832,6876.848877338396,False,False,Neither withheld
spot_2443_283852,4406.272829835772,6342.165201418037,False,False,Neither withheld
spot_2444_283841,4399.314551126736,6333.169613568742,False,False,Neither withheld
spot_2445_259777,4053.507132736774,6208.973450449608,True,False,Standalone-only withheld
spot_2446_259088,4020.515054857484,6908.456327980943,True,True,Withheld by both
spot_2447_259787,4061.657737843329,6207.484637686508,False,False,Neither withheld
spot_2448_283414,4453.946041875162,6701.964970440508,False,False,Neither withheld
spot_2449_283423,4465.132447810089,6671.521794295409,False,False,Neither withheld
spot_2450_283655,4480.568208836858,6530.950123609326,False,False,Neither withheld
spot_2451_283679,4453.548884067493,6422.277817500932,False,False,Neither withheld
spot_2452_270056,4090.705339944567,6921.874523940234,False,False,Neither withheld
spot_2453_245009,3858.555608759021,6809.230441057512,True,False,Standalone-only withheld
spot_2454_259673,3940.218881560288,6251.100098603645,True,False,Standalone-only withheld
spot_2455_283684,4475.97436387369,6495.256616590243,False,False,Neither withheld
spot_2456_283788,4355.116634710606,6287.7607408917065,False,False,Neither withheld
spot_2457_270035,4177.18468942982,6919.255623652549,False,False,Neither withheld
spot_2458_268927,4115.134358175732,6201.901088262481,False,False,Neither withheld
spot_2459_259702,3970.476135820384,6235.01203720143,False,False,Neither withheld
spot_2460_259173,3914.8170552905954,6858.458989486249,True,False,Standalone-only withheld
spot_2461_283441,4477.60963881369,6622.82629531256,False,False,Neither withheld
spot_2462_284001,4394.561548981372,6326.370647859119,False,False,Neither withheld
spot_2463_244009,3845.759773832691,6329.876779299269,True,False,Standalone-only withheld
spot_2464_283543,4441.745140041268,6395.627374027933,False,False,Neither withheld
spot_2465_269174,4170.392409896898,6204.900892639705,False,False,Neither withheld
spot_2466_283080,4406.966097616744,6784.227286030869,False,False,Neither withheld
spot_2467_259156,3891.274577061246,6840.874030760864,True,True,Withheld by both
spot_2468_283009,4364.45439442219,6830.212853384241,False,False,Neither withheld
spot_2469_270016,4255.784884956021,6898.224495850686,False,False,Neither withheld
spot_2470_269155,4293.802784580965,6244.935599599559,False,False,Neither withheld
spot_2471_259145,3992.794071286457,6900.4881707802415,True,True,Withheld by both
spot_2472_269209,4097.6053051340405,6201.741312159257,False,False,Neither withheld
spot_2473_269944,4132.323456701663,6924.327914386107,False,False,Neither withheld
spot_2474_268929,4121.3692873883,6200.866977693142,False,False,Neither withheld
spot_2475_259709,3978.988196275613,6230.132567775008,True,False,Standalone-only withheld
spot_2476_283127,4340.392430791436,6851.163159291259,False,False,Neither withheld
spot_2477_283725,4323.522202661716,6262.1418735137,False,False,Neither withheld
spot_2478_259830,3988.935857497186,6225.874197490681,True,False,Standalone-only withheld
spot_2479_270020,4267.385342788757,6894.178089323272,False,False,Neither withheld
spot_2480_283831,4389.411551836529,6318.880257513731,False,False,Neither withheld
spot_2481_282999,4331.297146311566,6858.12867185229,False,False,Neither withheld
spot_2482_283360,4417.241290846213,6772.156085400542,False,False,Neither withheld
spot_2483_268920,4106.7678036385005,6200.668428047384,False,False,Neither withheld
spot_2484_269114,4262.444265270761,6228.7852350021285,False,False,Neither withheld
spot_2485_259799,4087.1051170884784,6201.979911845667,False,False,Neither withheld
spot_2486_283030,4401.1023784743775,6793.501355182265,False,False,Neither withheld
spot_2487_259648,3912.6630417068873,6266.630862603726,True,False,Standalone-only withheld
spot_2488_270007,4246.918829817159,6902.956353516756,False,False,Neither withheld
spot_2489_259118,4075.141484890184,6922.31202810421,True,True,Withheld by both
spot_2490_283446,4478.005548479237,6630.965180342848,False,False,Neither withheld
spot_2491_283393,4447.724051188718,6721.896359502352,False,False,Neither withheld
spot_2492_259089,4025.927582287032,6912.678083467403,True,True,Withheld by both
spot_2493_259728,3996.915037999956,6221.779014306512,False,False,Neither withheld
spot_2494_244986,3876.484948279589,6830.534648790834,False,False,Neither withheld
spot_2495_259758,4030.542755393033,6211.098544685037,True,False,Standalone-only withheld
spot_2496_283656,4480.562869808226,6506.455538035761,False,False,Neither withheld
spot_2497_269182,4198.47138281114,6207.636983003625,False,False,Neither withheld
spot_2498_283447,4472.016951135496,6658.843960493645,False,False,Neither withheld
spot_2499_283020,4386.5336925558695,6811.38547708202,False,False,Neither withheld
spot_2500_244955,3836.760641331627,6788.591477139647,False,False,Neither withheld
spot_2501_283444,4475.648036646397,6646.153032204753,False,False,Neither withheld
spot_2502_283817,4380.047847627444,6306.659354471965,False,False,Neither withheld
spot_2503_283455,4483.877040943165,6596.753370172812,False,False,Neither withheld
spot_2504_283542,4436.115415524919,6379.711252747817,False,False,Neither withheld
spot_2505_283466,4484.733393876655,6586.680036675669,False,False,Neither withheld
spot_2506_283981,4348.43172310177,6278.146836935128,False,False,Neither withheld
spot_2507_269228,4129.067382764692,6198.880340330605,False,False,Neither withheld
spot_2508_283786,4353.575053156751,6281.916996288644,False,False,Neither withheld
spot_2509_283457,4484.8841871998575,6589.272943737888,False,False,Neither withheld
spot_2510_268967,4160.693678131268,6200.617180041892,False,False,Neither withheld
spot_2511_283442,4470.61615487213,6667.357314581213,False,False,Neither withheld
spot_2512_283237,4310.8987740482535,6874.019450440923,False,False,Neither withheld
spot_2513_283653,4485.763882939778,6549.545164996445,False,False,Neither withheld
spot_2514_283704,4305.877769751031,6248.337028656351,False,False,Neither withheld
spot_2515_269111,4257.46084061366,6224.434485760334,False,False,Neither withheld
spot_2516_269217,4112.088442611833,6198.147491362675,False,False,Neither withheld
spot_2517_283017,4373.771379268785,6826.390596124482,False,False,Neither withheld
spot_2518_269120,4271.916717574584,6230.247237524808,False,False,Neither withheld
spot_2519_259029,3917.146940166642,6865.009099784802,True,False,Standalone-only withheld
spot_2520_283399,4443.380785309151,6735.260064992175,False,False,Neither withheld
spot_2521_259735,4004.624128086088,6216.92584827964,False,False,Neither withheld
spot_2522_269180,4191.624946956428,6204.320780486474,False,False,Neither withheld
spot_2523_269961,4172.799895528036,6924.2688076471495,False,False,Neither withheld
spot_2524_283380,4427.447147118699,6762.415627123562,False,False,Neither withheld
spot_2525_283801,4367.717860930955,6292.547082655285,False,False,Neither withheld
spot_2526_269941,4126.781498327367,6928.151668894618,False,False,Neither withheld
spot_2527_283715,4314.041325695574,6251.817877614647,False,False,Neither withheld
spot_2528_283686,4487.365136368093,6561.790957834492,False,False,Neither withheld
spot_2529_283007,4352.942726344125,6846.087500544501,False,False,Neither withheld
spot_2530_283465,4484.804207339221,6607.197793590107,False,False,Neither withheld
spot_2531_283381,4425.965250291158,6765.951568485607,False,False,Neither withheld
spot_2532_259692,3962.401385614335,6233.208154852198,False,False,Neither withheld
spot_2533_268955,4147.154589799799,6197.584506823666,False,False,Neither withheld
spot_2534_283076,4363.579677318905,6837.6355677835945,False,False,Neither withheld
spot_2535_269925,4098.326835984732,6928.155159757059,False,False,Neither withheld
spot_2536_259101,4042.478276961913,6920.390239697165,True,True,Withheld by both
spot_2537_259157,3892.4122611423786,6848.568502855844,True,True,Withheld by both
spot_2538_244989,3882.661173718935,6840.503500277258,False,False,Neither withheld
spot_2539_283659,4483.10327776929,6501.683857721633,False,False,Neither withheld
spot_2540_283461,4488.016559420372,6578.021788630964,False,False,Neither withheld
spot_2541_259112,4058.900376656751,6924.106344358522,False,False,Neither withheld
spot_2542_259142,3960.338314201365,6892.128525339369,True,True,Withheld by both
spot_2543_283122,4333.350736995961,6862.342007764748,False,False,Neither withheld
spot_2544_259094,4032.125212170363,6918.52533934478,True,True,Withheld by both
spot_2545_269147,4287.564718489278,6235.287556081828,False,False,Neither withheld
spot_2546_269040,4210.093707484721,6206.430510898789,False,False,Neither withheld
spot_2547_259138,3936.875863460122,6879.869601240421,True,True,Withheld by both
spot_2548_283770,4343.919302591176,6270.520826103331,False,False,Neither withheld
spot_2549_269938,4114.77646289947,6929.858378033991,False,False,Neither withheld
spot_2550_283431,4461.762038892506,6701.742358759357,False,False,Neither withheld
spot_2551_283002,4345.057246787415,6854.525427303908,False,False,Neither withheld
spot_2552_283685,4482.852293150199,6494.024331942826,False,False,Neither withheld
spot_2553_283662,4488.011795917341,6530.980645300824,False,False,Neither withheld
spot_2554_259065,3975.833661189546,6900.349265656118,True,True,Withheld by both
spot_2555_283893,4431.975974266854,6365.169656042644,False,False,Neither withheld
spot_2556_259079,4011.822168881008,6913.824745973621,True,True,Withheld by both
spot_2557_283460,4482.265963350093,6635.807802988836,False,False,Neither withheld
spot_2558_283761,4342.091724719555,6268.063987076757,False,False,Neither withheld
spot_2559_259034,3926.923676494874,6874.970824935238,True,True,Withheld by both
spot_2560_283405,4449.2744029470505,6730.572643921663,False,False,Neither withheld
