sample,source_sample,target_type,scenario_label,spot_id,masked_support_raw,masked_support_norm,support_rank_low_to_high,support_rank_high_to_low,is_low_support,is_high_support,baseline_reconstructed_score,route2_reconstructed_score,tangram_reconstructed_score,celltrek_reconstructed_score
human_cervical_cancer_real_profile_mask_epithelial_cell,human_cervical_cancer_real,Epithelial cell,"Cervical
Epithelial cell",ATTTATACTGGTAAAG-1,0.00861432622137665,0.0,1,2781,True,False,0.087427335561704,0.08044886657856674,0.10551521835176994,0.0
human_cervical_cancer_real_profile_mask_epithelial_cell,human_cervical_cancer_real,Epithelial cell,"Cervical
Epithelial cell",GCGAATGGACTAGCGA-1,0.009241927168375274,0.006181143951918782,2,2780,True,False,0.14970673763665043,0.08153518291603726,0.08217170506263742,0.0
human_cervical_cancer_real_profile_mask_epithelial_cell,human_cervical_cancer_real,Epithelial cell,"Cervical
Epithelial cell",GTCCGTTAGAGGGCCT-1,0.01019530333735045,0.015570797311981872,3,2779,True,False,0.177844764340084,0.09140659930883599,0.054254918888941496,0.0
human_cervical_cancer_real_profile_mask_epithelial_cell,human_cervical_cancer_real,Epithelial cell,"Cervical
Epithelial cell",TCATCGACGACCGTCG-1,0.010942950819122173,0.022934260882617175,4,2778,True,False,0.026565970794486915,0.14952957143675416,0.1343465842838071,0.18530742603710573
human_cervical_cancer_real_profile_mask_epithelial_cell,human_cervical_cancer_real,Epithelial cell,"Cervical
Epithelial cell",ACTTGGGCTTTCGCCA-1,0.019827501275198174,0.11043681418455124,5,2777,True,False,0.028477324928444417,0.10944746283280267,0.07821309878441456,0.0
human_cervical_cancer_real_profile_mask_epithelial_cell,human_cervical_cancer_real,Epithelial cell,"Cervical
Epithelial cell",CCTGGTCGAATGTGGG-1,0.02111349203754073,0.12310233685606903,6,2776,True,False,0.12326875101299757,0.14437005021849147,0.13812210390497506,0.11802128437904426
human_cervical_cancer_real_profile_mask_epithelial_cell,human_cervical_cancer_real,Epithelial cell,"Cervical
Epithelial cell",TGTTCCGGCCTGAGCT-1,0.02177691993913239,0.12963633490222948,7,2775,True,False,0.071015429880108,0.0807191855640965,0.15270808039003303,0.0
human_cervical_cancer_real_profile_mask_epithelial_cell,human_cervical_cancer_real,Epithelial cell,"Cervical
Epithelial cell",TCCACATCGTATATTG-1,0.02180349886336145,0.1298981065861835,8,2774,True,False,0.08754229653083725,0.23930556313032394,0.10927931702738027,0.0
human_cervical_cancer_real_profile_mask_epithelial_cell,human_cervical_cancer_real,Epithelial cell,"Cervical
Epithelial cell",AGTCAAGATGACACTT-1,0.02329928372446794,0.14462985865223055,9,2773,True,False,0.077885339399715,0.077885339399715,0.1510604693414875,0.0
human_cervical_cancer_real_profile_mask_epithelial_cell,human_cervical_cancer_real,Epithelial cell,"Cervical
Epithelial cell",AGGGACTCTACGCGAC-1,0.023352003503116944,0.14514908753883624,10,2772,True,False,0.03228638353487425,0.0960220792479725,0.14958083383990878,0.0
human_cervical_cancer_real_profile_mask_epithelial_cell,human_cervical_cancer_real,Epithelial cell,"Cervical
Epithelial cell",CTGGCGCACAGGTCTG-1,0.02374176168188149,0.14898775512036655,11,2771,True,False,0.14808323347082866,0.13264147825925762,0.10757726657911951,0.549217372949312
human_cervical_cancer_real_profile_mask_epithelial_cell,human_cervical_cancer_real,Epithelial cell,"Cervical
Epithelial cell",TCATATGAGCTTTGTT-1,0.023751709089420155,0.14908572558749053,12,2770,True,False,0.080265313298978,0.15281014667202383,0.21540455519277896,0.0
human_cervical_cancer_real_profile_mask_epithelial_cell,human_cervical_cancer_real,Epithelial cell,"Cervical
Epithelial cell",GCTACTATAGTAGAGT-1,0.024239843222646475,0.15389328261834948,13,2769,True,False,0.14091764525378053,0.10981385755793373,0.05793298090185843,0.0
human_cervical_cancer_real_profile_mask_epithelial_cell,human_cervical_cancer_real,Epithelial cell,"Cervical
Epithelial cell",CAAATGTCCTTCCGTG-1,0.024674075852459634,0.15816997213950357,14,2768,True,False,0.15779582370280992,0.14973236951388622,0.09611024854515964,0.0
human_cervical_cancer_real_profile_mask_epithelial_cell,human_cervical_cancer_real,Epithelial cell,"Cervical
Epithelial cell",TGGCTTGTACAAGCTT-1,0.024841237252671084,0.15981631872781354,15,2767,True,False,0.03858336698513117,0.13271394119639401,0.07479264485406872,0.0
human_cervical_cancer_real_profile_mask_epithelial_cell,human_cervical_cancer_real,Epithelial cell,"Cervical
Epithelial cell",TGATCTACGCTGATCT-1,0.025664312403157554,0.16792265765660938,16,2766,True,False,0.11233787746709067,0.20824051205111047,0.08028773991396387,0.1261129105123462
human_cervical_cancer_real_profile_mask_epithelial_cell,human_cervical_cancer_real,Epithelial cell,"Cervical
Epithelial cell",ATGGAGCAGGCCGTGA-1,0.025758804958777654,0.168853300115748,17,2765,True,False,0.1895712577266117,0.04400556391940617,0.13750893761249974,0.1924293295667048
human_cervical_cancer_real_profile_mask_epithelial_cell,human_cervical_cancer_real,Epithelial cell,"Cervical
Epithelial cell",CCCGGGTCGTTCAGGG-1,0.026870140556463175,0.17979867128039817,18,2764,True,False,0.09247983690429033,0.2894814423872706,0.10816906685210204,0.0
human_cervical_cancer_real_profile_mask_epithelial_cell,human_cervical_cancer_real,Epithelial cell,"Cervical
Epithelial cell",TCACAAACCGAGGTAC-1,0.026935334077853736,0.18044075211595886,19,2763,True,False,0.10664789881517608,0.10664789881517608,0.11388254483556333,0.0
human_cervical_cancer_real_profile_mask_epithelial_cell,human_cervical_cancer_real,Epithelial cell,"Cervical
Epithelial cell",TATCGATCTATGCATA-1,0.026987885679125016,0.18095832464977205,20,2762,True,False,0.04206445542173567,0.06484803239918166,0.06537674441531625,0.07834442548021066
human_cervical_cancer_real_profile_mask_epithelial_cell,human_cervical_cancer_real,Epithelial cell,"Cervical
Epithelial cell",TTAGTTATTCGTGGCA-1,0.0271995947078971,0.1830434138916212,21,2761,True,False,0.11299387800460649,0.08409488793564576,0.08953339304546455,0.5910137239942918
human_cervical_cancer_real_profile_mask_epithelial_cell,human_cervical_cancer_real,Epithelial cell,"Cervical
Epithelial cell",CGGTATGGGCACTCTG-1,0.02733557681614057,0.184382680490816,22,2760,True,False,0.028264892687751834,0.07746016972058475,0.14516408586773735,0.0
human_cervical_cancer_real_profile_mask_epithelial_cell,human_cervical_cancer_real,Epithelial cell,"Cervical
Epithelial cell",GGAGCGAGGCCTACTT-1,0.02757881448543697,0.18677829040128596,23,2759,True,False,0.14149445216104134,0.14149445216104134,0.07975632246886583,0.0
human_cervical_cancer_real_profile_mask_epithelial_cell,human_cervical_cancer_real,Epithelial cell,"Cervical
Epithelial cell",AAACGGTTGCGAACTG-1,0.027644547337189466,0.18742568301755816,24,2758,True,False,0.12351379328448002,0.10956888080254208,0.1452069298060446,0.0
human_cervical_cancer_real_profile_mask_epithelial_cell,human_cervical_cancer_real,Epithelial cell,"Cervical
Epithelial cell",GAATATTCGGAGTCCC-1,0.02768077305698289,0.18778246448813407,25,2757,True,False,0.05850335197306375,0.0503736934354125,0.09001170289308713,0.11179291229399488
human_cervical_cancer_real_profile_mask_epithelial_cell,human_cervical_cancer_real,Epithelial cell,"Cervical
Epithelial cell",ACAATTTGAGCAGTGG-1,0.027754465507432904,0.18850824995193805,26,2756,True,False,0.10406022749339451,0.093848906420855,0.1838030946152485,0.13805372750684505
human_cervical_cancer_real_profile_mask_epithelial_cell,human_cervical_cancer_real,Epithelial cell,"Cervical
Epithelial cell",AGGAGGCCTTCGCGCG-1,0.027796261791822076,0.18891989504536927,27,2755,True,False,0.21304356394883578,0.215756042688403,0.08767682777918386,0.0
human_cervical_cancer_real_profile_mask_epithelial_cell,human_cervical_cancer_real,Epithelial cell,"Cervical
Epithelial cell",ACGTTCTGTACAAGTC-1,0.027862310265627917,0.1895703961740735,28,2754,True,False,0.08378695675490708,0.08378695675490708,0.1517819507543526,0.0
human_cervical_cancer_real_profile_mask_epithelial_cell,human_cervical_cancer_real,Epithelial cell,"Cervical
Epithelial cell",CGAAGATCAGTTTCAT-1,0.028006012954132513,0.19098570156545716,29,2753,True,False,0.07573661308705401,0.05616121524334383,0.1162397491279532,0.0
human_cervical_cancer_real_profile_mask_epithelial_cell,human_cervical_cancer_real,Epithelial cell,"Cervical
Epithelial cell",ACCACACGGTTGATGG-1,0.02813367325765102,0.19224300800638466,30,2752,True,False,0.09592105677065949,0.183111303106879,0.09650754714349369,0.0
human_cervical_cancer_real_profile_mask_epithelial_cell,human_cervical_cancer_real,Epithelial cell,"Cervical
Epithelial cell",GGTAGACCGTTGGGCG-1,0.028269354356317857,0.19357931000915402,31,2751,True,False,0.12294007564507256,0.10957337092593059,0.12049895353927466,0.0
human_cervical_cancer_real_profile_mask_epithelial_cell,human_cervical_cancer_real,Epithelial cell,"Cervical
Epithelial cell",CCTAACCCAAACAAGT-1,0.02830671427594845,0.19394726203722717,32,2750,True,False,0.14932532704958673,0.1354803347762382,0.1097786409498027,0.0
human_cervical_cancer_real_profile_mask_epithelial_cell,human_cervical_cancer_real,Epithelial cell,"Cervical
Epithelial cell",TAGGATCTTAACCGCA-1,0.028319688625578668,0.19407504438543816,33,2749,True,False,0.14230788901167418,0.14230788901167418,0.10456616437194088,0.0
human_cervical_cancer_real_profile_mask_epithelial_cell,human_cervical_cancer_real,Epithelial cell,"Cervical
Epithelial cell",GGAAACCTTGTTGAAT-1,0.028438651458414406,0.19524669079260548,34,2748,True,False,0.10741323482503816,0.03915215178559934,0.11377465563419989,0.10984723907863667
human_cervical_cancer_real_profile_mask_epithelial_cell,human_cervical_cancer_real,Epithelial cell,"Cervical
Epithelial cell",TTCACGAAAGGATCAC-1,0.02874116150873429,0.19822606514962585,35,2747,True,False,0.11679941849732349,0.129044513239686,0.117801317460502,0.0
human_cervical_cancer_real_profile_mask_epithelial_cell,human_cervical_cancer_real,Epithelial cell,"Cervical
Epithelial cell",ACGAGAACCCATCACG-1,0.028912674976228077,0.1999152745705832,36,2746,True,False,0.07543951369049542,0.07038394422893084,0.09664456775638082,0.0
human_cervical_cancer_real_profile_mask_epithelial_cell,human_cervical_cancer_real,Epithelial cell,"Cervical
Epithelial cell",ACAATTGTGTCTCTTT-1,0.028932597607835304,0.2001114894655005,37,2745,True,False,0.17258172104975103,0.11879662860138217,0.09296566676342279,0.0
human_cervical_cancer_real_profile_mask_epithelial_cell,human_cervical_cancer_real,Epithelial cell,"Cervical
Epithelial cell",ACTTAGTACGACAAGA-1,0.029087905599701726,0.2016410936816839,38,2744,True,False,0.049745438870485506,0.07546108139708667,0.060873456162290146,0.0
human_cervical_cancer_real_profile_mask_epithelial_cell,human_cervical_cancer_real,Epithelial cell,"Cervical
Epithelial cell",ACTATTCGTCCGTGGT-1,0.029227047262564584,0.20301147824209242,39,2743,True,False,0.019445786321787166,0.08430455225279615,0.05156665360414774,0.14705336750130102
human_cervical_cancer_real_profile_mask_epithelial_cell,human_cervical_cancer_real,Epithelial cell,"Cervical
Epithelial cell",TGAATATGCTATAAAC-1,0.02945978303828018,0.2053036566387938,40,2742,True,False,0.08029321108314551,0.06577949431481983,0.1301001561292413,0.0
human_cervical_cancer_real_profile_mask_epithelial_cell,human_cervical_cancer_real,Epithelial cell,"Cervical
Epithelial cell",TAAATTGTGGGTAAAG-1,0.02947213029005852,0.20542526279795834,41,2741,True,False,0.126110291728158,0.06618599360656759,0.07496336297620619,0.0
human_cervical_cancer_real_profile_mask_epithelial_cell,human_cervical_cancer_real,Epithelial cell,"Cervical
Epithelial cell",CAAAGGTCATCTGAAA-1,0.02953914570185819,0.20608528714832275,42,2740,True,False,0.11261444503645716,0.048894267519944835,0.1171223616025923,0.0
human_cervical_cancer_real_profile_mask_epithelial_cell,human_cervical_cancer_real,Epithelial cell,"Cervical
Epithelial cell",CTTAGATGTTTCATCC-1,0.029590162973604697,0.20658774830968235,43,2739,True,False,0.13139080238150252,0.13139080238150252,0.0967683078963836,0.0
human_cervical_cancer_real_profile_mask_epithelial_cell,human_cervical_cancer_real,Epithelial cell,"Cervical
Epithelial cell",GCTAGCTTGAATAGCT-1,0.02978190796139011,0.20847621482208728,44,2738,True,False,0.07661895125083908,0.07829511992369026,0.07963197929535962,0.0
human_cervical_cancer_real_profile_mask_epithelial_cell,human_cervical_cancer_real,Epithelial cell,"Cervical
Epithelial cell",CAAACCCTCCGGCGGG-1,0.029827155884748175,0.20892185456998624,45,2737,True,False,0.1039295682659265,0.19328151812980335,0.10431915389376326,0.0
human_cervical_cancer_real_profile_mask_epithelial_cell,human_cervical_cancer_real,Epithelial cell,"Cervical
Epithelial cell",GAACGCGGGTCACACG-1,0.029878646347635384,0.20942897611717134,46,2736,True,False,0.08077942560122926,0.08077942560122926,0.10747607517695665,0.0
human_cervical_cancer_real_profile_mask_epithelial_cell,human_cervical_cancer_real,Epithelial cell,"Cervical
Epithelial cell",AAATCGTGTACCACAA-1,0.029883940670869556,0.20948111908189262,47,2735,True,False,0.1462018783996099,0.07774697007327941,0.10154354003675477,0.0
human_cervical_cancer_real_profile_mask_epithelial_cell,human_cervical_cancer_real,Epithelial cell,"Cervical
Epithelial cell",TAGGGAGCTTGGGATG-1,0.03004715121425815,0.21108855429686532,48,2734,True,False,0.065163999491534,0.14814911883971132,0.06661654938755995,0.0
human_cervical_cancer_real_profile_mask_epithelial_cell,human_cervical_cancer_real,Epithelial cell,"Cervical
Epithelial cell",CGCGACCGCGACAGAT-1,0.030199810220909527,0.21259206907035583,49,2733,True,False,0.03619072787443516,0.3237938496475282,0.09121660411258475,0.11997445043071031
human_cervical_cancer_real_profile_mask_epithelial_cell,human_cervical_cancer_real,Epithelial cell,"Cervical
Epithelial cell",CGTTAAACTAGTTAGG-1,0.030279411967310134,0.21337605426935738,50,2732,True,False,0.17741479057833023,0.09855222488259203,0.11215937042431645,0.0
human_cervical_cancer_real_profile_mask_epithelial_cell,human_cervical_cancer_real,Epithelial cell,"Cervical
Epithelial cell",TTGGGAAGACGAGCCG-1,0.030346515366694787,0.2140369451957386,51,2731,True,False,0.5005730770192208,0.115213031230084,0.08707077498731129,0.0
human_cervical_cancer_real_profile_mask_epithelial_cell,human_cervical_cancer_real,Epithelial cell,"Cervical
Epithelial cell",CTATCACAACGCTGGA-1,0.03065689541766238,0.2170938299630568,52,2730,True,False,0.0253428053375755,0.142197176806566,0.10996774136227372,0.0
human_cervical_cancer_real_profile_mask_epithelial_cell,human_cervical_cancer_real,Epithelial cell,"Cervical
Epithelial cell",GTTTGGGCTTGTGAGC-1,0.030759172623754417,0.21810114223190896,53,2729,True,False,0.14758457844135375,0.10748310825412617,0.07715387297637766,0.12932206157681117
human_cervical_cancer_real_profile_mask_epithelial_cell,human_cervical_cancer_real,Epithelial cell,"Cervical
Epithelial cell",TTCACTCGAGCACCTA-1,0.030788709443982452,0.21839204577274096,54,2728,True,False,0.1425913353152075,0.045673034836016084,0.10272989516279174,0.13308683021362328
human_cervical_cancer_real_profile_mask_epithelial_cell,human_cervical_cancer_real,Epithelial cell,"Cervical
Epithelial cell",GCGGTGAACTGCGCTC-1,0.030827640262177398,0.21877546933604144,55,2727,True,False,0.0384411874651575,0.189613708093773,0.46124215424662796,0.08950405356633027
human_cervical_cancer_real_profile_mask_epithelial_cell,human_cervical_cancer_real,Epithelial cell,"Cervical
Epithelial cell",GGAAGCTCGCTTACAG-1,0.03087544755403117,0.21924631590552596,56,2726,True,False,0.03144169065310467,0.15407143868169643,0.05000907676901525,0.0
human_cervical_cancer_real_profile_mask_epithelial_cell,human_cervical_cancer_real,Epithelial cell,"Cervical
Epithelial cell",CATAACGGACAGTCGT-1,0.030890016989300075,0.21938980800369115,57,2725,True,False,0.05000907676901525,0.09915209243315301,0.07701949537879238,0.0
human_cervical_cancer_real_profile_mask_epithelial_cell,human_cervical_cancer_real,Epithelial cell,"Cervical
Epithelial cell",GTATCCTTTGGTAACC-1,0.030966713039105618,0.22014517544961157,58,2724,True,False,0.191607253602107,0.08685389783106649,0.11324744091301736,0.0
human_cervical_cancer_real_profile_mask_epithelial_cell,human_cervical_cancer_real,Epithelial cell,"Cervical
Epithelial cell",GCTTTATTAAGTTACC-1,0.031024519570069662,0.2207145029672939,59,2723,True,False,0.11647074054979126,0.15573297359640734,0.22803635722995602,0.0
human_cervical_cancer_real_profile_mask_epithelial_cell,human_cervical_cancer_real,Epithelial cell,"Cervical
Epithelial cell",ATTCACTGATGTTGGA-1,0.03119060821822497,0.22235028418772887,60,2722,True,False,0.06620975444716971,0.11500031585150901,0.17429241545760954,0.13874226613830856
human_cervical_cancer_real_profile_mask_epithelial_cell,human_cervical_cancer_real,Epithelial cell,"Cervical
Epithelial cell",TATACGCGTCATCACT-1,0.03120112171632557,0.22245382999260505,61,2721,True,False,0.08136836793724658,0.10488603632646801,0.07956456077691082,0.09165680890566988
human_cervical_cancer_real_profile_mask_epithelial_cell,human_cervical_cancer_real,Epithelial cell,"Cervical
Epithelial cell",AGCTAAGTACGCAGGC-1,0.031427138637042426,0.22467983543316622,62,2720,True,False,0.18740488032036717,0.18740488032036717,0.14731775499128535,0.0
human_cervical_cancer_real_profile_mask_epithelial_cell,human_cervical_cancer_real,Epithelial cell,"Cervical
Epithelial cell",ATTAGGCGATGCTTTC-1,0.03149194421465303,0.22531809547087658,63,2719,True,False,0.1460857601105979,0.05578008249014384,0.09804997345693271,0.23365127968250834
human_cervical_cancer_real_profile_mask_epithelial_cell,human_cervical_cancer_real,Epithelial cell,"Cervical
Epithelial cell",CCCGCAGGGCCCAAAG-1,0.03153981094782886,0.22578952746868158,64,2718,True,False,0.11509335838033358,0.1131065000744675,0.08856745166726522,0.0
human_cervical_cancer_real_profile_mask_epithelial_cell,human_cervical_cancer_real,Epithelial cell,"Cervical
Epithelial cell",GCCAGGAGTAACCGAT-1,0.03160645925564862,0.22644593626913967,65,2717,True,False,0.049139981218647745,0.094964267411742,0.11015773610554161,0.11896295169816264
human_cervical_cancer_real_profile_mask_epithelial_cell,human_cervical_cancer_real,Epithelial cell,"Cervical
Epithelial cell",CTCCCAATGAGTCGCG-1,0.03167945513737643,0.22716486133611832,66,2716,True,False,0.10884542936081484,0.048686453769147334,0.11768022056819104,0.0
human_cervical_cancer_real_profile_mask_epithelial_cell,human_cervical_cancer_real,Epithelial cell,"Cervical
Epithelial cell",AACACACGCTCGCCGC-1,0.03189256711038461,0.22926376795718156,67,2715,True,False,0.15735686484701442,0.12734409107125383,0.10396835024932667,0.0
human_cervical_cancer_real_profile_mask_epithelial_cell,human_cervical_cancer_real,Epithelial cell,"Cervical
Epithelial cell",GAAAGCAGTGCACTTT-1,0.03190553388657387,0.2293914757157524,68,2714,True,False,0.024900782606895086,0.070832251300125,0.16077409561318254,0.0
human_cervical_cancer_real_profile_mask_epithelial_cell,human_cervical_cancer_real,Epithelial cell,"Cervical
Epithelial cell",ATATTCCACATAGTGA-1,0.03195168518617152,0.22984601267549645,69,2713,True,False,0.14973236951388622,0.049313344819439324,0.1344362975293657,0.16722611076092805
human_cervical_cancer_real_profile_mask_epithelial_cell,human_cervical_cancer_real,Epithelial cell,"Cervical
Epithelial cell",AGCATATCAATATGCT-1,0.03197094386828578,0.23003568843529532,70,2712,True,False,0.1764921026369834,0.09921198748743902,0.1064734524546538,0.0
human_cervical_cancer_real_profile_mask_epithelial_cell,human_cervical_cancer_real,Epithelial cell,"Cervical
Epithelial cell",CGGTAGAGGTGCAGGT-1,0.031996725480712904,0.2302896075195267,71,2711,True,False,0.08548428664501548,0.1132550412129166,0.06837128965665498,0.12579351059227237
human_cervical_cancer_real_profile_mask_epithelial_cell,human_cervical_cancer_real,Epithelial cell,"Cervical
Epithelial cell",GTGAGTGGTACAACGC-1,0.032010403341600095,0.2304243186405063,72,2710,True,False,0.14956694420734074,0.14956694420734074,0.09217763075880757,0.0
human_cervical_cancer_real_profile_mask_epithelial_cell,human_cervical_cancer_real,Epithelial cell,"Cervical
Epithelial cell",TTCGTAATCCCAGCGG-1,0.03215155887665374,0.23181453751437714,73,2709,True,False,0.0794843191362821,0.09296697515781821,0.0674843973470899,0.0
human_cervical_cancer_real_profile_mask_epithelial_cell,human_cervical_cancer_real,Epithelial cell,"Cervical
Epithelial cell",TCCGTTAAGCTAATAT-1,0.03231933888568518,0.23346697668458102,74,2708,True,False,0.16790941625266959,0.07875068674344049,0.07629551830556341,0.0
human_cervical_cancer_real_profile_mask_epithelial_cell,human_cervical_cancer_real,Epithelial cell,"Cervical
Epithelial cell",CCAGCCTGGACCAATA-1,0.032360125029634076,0.2338686730621876,75,2707,True,False,0.141660547946913,0.13181459516320607,0.08385799933338127,0.0835925464157233
human_cervical_cancer_real_profile_mask_epithelial_cell,human_cervical_cancer_real,Epithelial cell,"Cervical
Epithelial cell",TGCAACTACTGGTTGA-1,0.03243019007250461,0.23455873275386152,76,2706,True,False,0.11750362574545833,0.15680728924776302,0.1164824420239817,0.0
human_cervical_cancer_real_profile_mask_epithelial_cell,human_cervical_cancer_real,Epithelial cell,"Cervical
Epithelial cell",GGACTCTTTGACTAAG-1,0.03250864682581808,0.23533144109432838,77,2705,True,False,0.16092527946843374,0.14484225833704217,0.1113790327607844,0.0
human_cervical_cancer_real_profile_mask_epithelial_cell,human_cervical_cancer_real,Epithelial cell,"Cervical
Epithelial cell",TAGTCTTTCCGAATTG-1,0.03251770203548517,0.2354206244436123,78,2704,True,False,0.2274036928586361,0.21950917434162115,0.17265233046868386,0.0
human_cervical_cancer_real_profile_mask_epithelial_cell,human_cervical_cancer_real,Epithelial cell,"Cervical
Epithelial cell",GCACACAGCTATTACC-1,0.03261307493809304,0.2363599373030826,79,2703,True,False,0.27320871025005544,0.27320871025005544,0.04884122313911065,0.0
human_cervical_cancer_real_profile_mask_epithelial_cell,human_cervical_cancer_real,Epithelial cell,"Cervical
Epithelial cell",ACAGGTGGAGGTGAGG-1,0.03268225377325545,0.2370412688731031,80,2702,True,False,0.07807511846535033,0.1880557648910039,0.08177352804565391,0.0
human_cervical_cancer_real_profile_mask_epithelial_cell,human_cervical_cancer_real,Epithelial cell,"Cervical
Epithelial cell",CTTACATAGATTTCTT-1,0.03270507137982368,0.23726599592539802,81,2701,True,False,0.0950950019610425,0.18654030299273736,0.09503212531403875,0.0
human_cervical_cancer_real_profile_mask_epithelial_cell,human_cervical_cancer_real,Epithelial cell,"Cervical
Epithelial cell",TTACCCATTGCCGGGT-1,0.032720258833748385,0.2374155747930219,82,2700,True,False,0.06520520108793608,0.1058054484344175,0.1091394946030003,0.11719438779656935
human_cervical_cancer_real_profile_mask_epithelial_cell,human_cervical_cancer_real,Epithelial cell,"Cervical
Epithelial cell",ACATGGCGCCAAAGTA-1,0.03278803606101185,0.23808310214520462,83,2699,True,False,0.0530630891672065,0.11353129083366627,0.08598031230334287,0.0
human_cervical_cancer_real_profile_mask_epithelial_cell,human_cervical_cancer_real,Epithelial cell,"Cervical
Epithelial cell",CCTAGGCGTAGCGATC-1,0.03283780256365481,0.23857324467652297,84,2698,True,False,0.07342727177373269,0.21421215337613558,0.10418233514007179,0.10604926659046009
human_cervical_cancer_real_profile_mask_epithelial_cell,human_cervical_cancer_real,Epithelial cell,"Cervical
Epithelial cell",TCCGATTACATTGCCG-1,0.03289529774709551,0.23913950578095325,85,2697,True,False,0.12701298734523508,0.15118578557524487,0.10888369496474391,0.0
human_cervical_cancer_real_profile_mask_epithelial_cell,human_cervical_cancer_real,Epithelial cell,"Cervical
Epithelial cell",CCGGGCTGCTCCATAC-1,0.03295089140788888,0.2396870390850716,86,2696,True,False,0.07901532311393375,0.0,0.14917073402366715,0.2655700240438884
human_cervical_cancer_real_profile_mask_epithelial_cell,human_cervical_cancer_real,Epithelial cell,"Cervical
Epithelial cell",CCTAAATTGTATCCTA-1,0.0329582651264739,0.23975966169065074,87,2695,True,False,0.02482267437848975,0.12560798892242125,0.10390794482469376,0.0
human_cervical_cancer_real_profile_mask_epithelial_cell,human_cervical_cancer_real,Epithelial cell,"Cervical
Epithelial cell",AGCTCTTTACTCAGTT-1,0.03300436719676857,0.24021371379865922,88,2694,True,False,0.22148587117204588,0.17741479057833023,0.0799751135165998,0.0
human_cervical_cancer_real_profile_mask_epithelial_cell,human_cervical_cancer_real,Epithelial cell,"Cervical
Epithelial cell",GCGTGGTACTGGGTTA-1,0.03307429069056879,0.24090237939559175,89,2693,True,False,0.07770723709037458,0.1330512438062468,0.09180936934610952,0.0
human_cervical_cancer_real_profile_mask_epithelial_cell,human_cervical_cancer_real,Epithelial cell,"Cervical
Epithelial cell",CCTCCGACAATTCAAG-1,0.033101822684122914,0.24117353771084796,90,2692,True,False,0.08234964612082624,0.1274947954377881,0.10073446581197214,0.0
human_cervical_cancer_real_profile_mask_epithelial_cell,human_cervical_cancer_real,Epithelial cell,"Cervical
Epithelial cell",CACATGATTCAGCAAC-1,0.03315225047206251,0.24167019313803,91,2691,True,False,0.14054308273652408,0.07672746316366584,0.08692774119711484,0.0983103533263872
human_cervical_cancer_real_profile_mask_epithelial_cell,human_cervical_cancer_real,Epithelial cell,"Cervical
Epithelial cell",CTGGCTGGTTGTCAGT-1,0.03334172627664973,0.24353631081863614,92,2690,True,False,0.09398479618820366,0.0748067687389555,0.11196616047526575,0.0
human_cervical_cancer_real_profile_mask_epithelial_cell,human_cervical_cancer_real,Epithelial cell,"Cervical
Epithelial cell",ACTGTGCTAGTAGATC-1,0.03344742160549084,0.24457728764592845,93,2689,True,False,0.0,0.12010741713675391,0.11400977153379692,0.0
human_cervical_cancer_real_profile_mask_epithelial_cell,human_cervical_cancer_real,Epithelial cell,"Cervical
Epithelial cell",AGTGCACGCTTAAGAA-1,0.03348688516927168,0.24496595813750696,94,2688,True,False,0.18188077683541704,0.08234964612082624,0.0773514333250878,0.0
human_cervical_cancer_real_profile_mask_epithelial_cell,human_cervical_cancer_real,Epithelial cell,"Cervical
Epithelial cell",TCTTTAGAGTCTAACA-1,0.03351855312869232,0.24527785093623297,95,2687,True,False,0.07856521049214325,0.09878984991501,0.09409532528215846,0.0
human_cervical_cancer_real_profile_mask_epithelial_cell,human_cervical_cancer_real,Epithelial cell,"Cervical
Epithelial cell",GCGACATGTAAACATC-1,0.03352263232000279,0.24531802625594532,96,2686,True,False,0.06851724623696308,0.12197062867296475,0.12047185583908489,0.0
human_cervical_cancer_real_profile_mask_epithelial_cell,human_cervical_cancer_real,Epithelial cell,"Cervical
Epithelial cell",GTTTCTGCAGTCTCCC-1,0.03356048389280384,0.2456908204994988,97,2685,True,False,0.14406309776275844,0.14406309776275844,0.10594168040400387,0.07755291748565427
human_cervical_cancer_real_profile_mask_epithelial_cell,human_cervical_cancer_real,Epithelial cell,"Cervical
Epithelial cell",TTAAGTATTGTTATCC-1,0.033572254742016715,0.24580674975959482,98,2684,True,False,0.16891570910781842,0.08136836793724658,0.1773207783988995,0.0
human_cervical_cancer_real_profile_mask_epithelial_cell,human_cervical_cancer_real,Epithelial cell,"Cervical
Epithelial cell",GCTGAGGCGTGAGTAT-1,0.033599138830482315,0.24607152695857246,99,2683,True,False,0.056795494785989754,0.1540832735913419,0.07162476785645054,0.09986955106989158
human_cervical_cancer_real_profile_mask_epithelial_cell,human_cervical_cancer_real,Epithelial cell,"Cervical
Epithelial cell",TTGACTACCATATGGT-1,0.033609000279410974,0.2461686508327381,100,2682,True,False,0.15039464421755078,0.1610292386779252,0.10818578791738287,0.0
human_cervical_cancer_real_profile_mask_epithelial_cell,human_cervical_cancer_real,Epithelial cell,"Cervical
Epithelial cell",AGCGGACACTTCGTAG-1,0.03364323600474671,0.24650583315792507,101,2681,True,False,0.048329116772383,0.12449337793513508,0.07382128514321405,0.0
human_cervical_cancer_real_profile_mask_epithelial_cell,human_cervical_cancer_real,Epithelial cell,"Cervical
Epithelial cell",GCTAGTAGAGCTTGTA-1,0.03368952474133194,0.24696172371314817,102,2680,True,False,0.11198515543252044,0.2334137534319937,0.08151933713793966,0.1508112105351193
human_cervical_cancer_real_profile_mask_epithelial_cell,human_cervical_cancer_real,Epithelial cell,"Cervical
Epithelial cell",TGGGTAAGGTTCCCGC-1,0.03381947168639181,0.24824155093037653,103,2679,True,False,0.17870437612883108,0.1635360799010476,0.09462630776909481,0.14573959930990832
human_cervical_cancer_real_profile_mask_epithelial_cell,human_cervical_cancer_real,Epithelial cell,"Cervical
Epithelial cell",CGACAATTTGATCTAA-1,0.033825743390133216,0.24830331996344573,104,2678,True,False,0.20676745474070096,0.040923761555695666,0.16095037971333528,0.3816972774203445
human_cervical_cancer_real_profile_mask_epithelial_cell,human_cervical_cancer_real,Epithelial cell,"Cervical
Epithelial cell",GACGACGATCCGCGTT-1,0.03396225438093943,0.24964779544460547,105,2677,True,False,0.1234675421832863,0.0778652281041395,0.1497846663050738,0.0690928644372881
human_cervical_cancer_real_profile_mask_epithelial_cell,human_cervical_cancer_real,Epithelial cell,"Cervical
Epithelial cell",AAGGTGATAAACCAGC-1,0.0340096602778008,0.2501146887373439,106,2676,True,False,0.08978699411403926,0.11014778696558176,0.09567526624351573,0.4613413047163825
human_cervical_cancer_real_profile_mask_epithelial_cell,human_cervical_cancer_real,Epithelial cell,"Cervical
Epithelial cell",GAATCTGAACATTCTC-1,0.034069812011893165,0.25070711379527366,107,2675,True,False,0.0771554469812731,0.03454052669190984,0.08901707955448086,0.14780263726104256
human_cervical_cancer_real_profile_mask_epithelial_cell,human_cervical_cancer_real,Epithelial cell,"Cervical
Epithelial cell",GACTCACCCACGTGAG-1,0.0341018588524336,0.251022738135122,108,2674,True,False,0.09419163260285816,0.15591713054769257,0.11939269215274549,0.0
human_cervical_cancer_real_profile_mask_epithelial_cell,human_cervical_cancer_real,Epithelial cell,"Cervical
Epithelial cell",GGATCATCCCGTACGC-1,0.034132104228770103,0.2513206201346791,109,2673,True,False,0.056686173021855746,0.2682699301144779,0.0948393450981784,0.09526882431142608
human_cervical_cancer_real_profile_mask_epithelial_cell,human_cervical_cancer_real,Epithelial cell,"Cervical
Epithelial cell",TAGCGTCCCTCGATTG-1,0.034132968006341684,0.25132912734541213,110,2672,True,False,0.14291435208629483,0.14352725949369896,0.07598263865388681,0.0
human_cervical_cancer_real_profile_mask_epithelial_cell,human_cervical_cancer_real,Epithelial cell,"Cervical
Epithelial cell",TGGTTGGAGGATCCTG-1,0.034136537528834214,0.2513642830163388,111,2671,True,False,0.3077519508761668,0.3077519508761668,0.11276898772220671,0.0
human_cervical_cancer_real_profile_mask_epithelial_cell,human_cervical_cancer_real,Epithelial cell,"Cervical
Epithelial cell",CAAACTACGATAGAGA-1,0.03427760898315443,0.2527536737921651,112,2670,True,False,0.020638552168874665,0.10646702355771917,0.1013740912319377,0.0
human_cervical_cancer_real_profile_mask_epithelial_cell,human_cervical_cancer_real,Epithelial cell,"Cervical
Epithelial cell",GAAACCGAATTACCTT-1,0.03428667323697313,0.2528429462158893,113,2669,True,False,0.16684427752832667,0.11121796565414904,0.11989298236899076,0.0
human_cervical_cancer_real_profile_mask_epithelial_cell,human_cervical_cancer_real,Epithelial cell,"Cervical
Epithelial cell",ACTTATTTATGTGCCA-1,0.03430000286828394,0.2529742276780224,114,2668,True,False,0.13237800551420723,0.19535319452393637,0.10940858782419685,0.17252826159209514
human_cervical_cancer_real_profile_mask_epithelial_cell,human_cervical_cancer_real,Epithelial cell,"Cervical
Epithelial cell",TACATTTCTAACGTGC-1,0.034308344433786685,0.2530563824571116,115,2667,True,False,0.25740119426677327,0.04905188102555342,0.11393003077736355,0.08711772032240749
human_cervical_cancer_real_profile_mask_epithelial_cell,human_cervical_cancer_real,Epithelial cell,"Cervical
Epithelial cell",AGTGAGACTTCCAGTA-1,0.034382205473606355,0.25378382833135243,116,2666,True,False,0.025945449734642415,0.086252639789288,0.13672712921490252,0.16989362321623425
human_cervical_cancer_real_profile_mask_epithelial_cell,human_cervical_cancer_real,Epithelial cell,"Cervical
Epithelial cell",TCGGTCCCTGACTCCA-1,0.03445172862536904,0.25446855102192734,117,2665,True,False,0.05581566072618367,0.24135184665769369,0.08483441242504605,0.0
human_cervical_cancer_real_profile_mask_epithelial_cell,human_cervical_cancer_real,Epithelial cell,"Cervical
Epithelial cell",GAGCGCAAATACTCCG-1,0.03449530577252477,0.25489773555530265,118,2664,True,False,0.14672537136493982,0.14672537136493982,0.10220265519227735,0.0
human_cervical_cancer_real_profile_mask_epithelial_cell,human_cervical_cancer_real,Epithelial cell,"Cervical
Epithelial cell",AAGTGCCTTGACTGTA-1,0.034572323610088,0.2556562722387167,119,2663,True,False,0.12044947108548133,0.07895507225924057,0.11328393116274396,0.0
human_cervical_cancer_real_profile_mask_epithelial_cell,human_cervical_cancer_real,Epithelial cell,"Cervical
Epithelial cell",TACAGAAACGGTGGGC-1,0.03460774036638172,0.2560050863538139,120,2662,True,False,0.11859239339886134,0.2104269420583131,0.08436506337943135,0.2489662230970471
human_cervical_cancer_real_profile_mask_epithelial_cell,human_cervical_cancer_real,Epithelial cell,"Cervical
Epithelial cell",TGCTGTTGAAGAACTC-1,0.03461575755374188,0.2560840463831122,121,2661,True,False,0.1257419777923726,0.16445445883246973,0.11546584473865017,0.08854001559882801
human_cervical_cancer_real_profile_mask_epithelial_cell,human_cervical_cancer_real,Epithelial cell,"Cervical
Epithelial cell",GCAGTGTGGCTATAGG-1,0.03475998549076873,0.2575045248653621,122,2660,True,False,0.10925268537807326,0.025135699391738417,0.18835631171955078,0.19983562839393548
human_cervical_cancer_real_profile_mask_epithelial_cell,human_cervical_cancer_real,Epithelial cell,"Cervical
Epithelial cell",GGTCTTGAGCGCTCTT-1,0.034816558300853534,0.2580617016583084,123,2659,True,False,0.23053307288157676,0.09459162429367125,0.09047962367010183,0.0
human_cervical_cancer_real_profile_mask_epithelial_cell,human_cervical_cancer_real,Epithelial cell,"Cervical
Epithelial cell",GATGAGGAACCTTCGG-1,0.0348181051451488,0.2580769362867868,124,2658,True,False,0.24482635991220125,0.24482635991220125,0.08655290802415003,0.09368259202609072
human_cervical_cancer_real_profile_mask_epithelial_cell,human_cervical_cancer_real,Epithelial cell,"Cervical
Epithelial cell",GCTGGCATATTCACCT-1,0.03485388434788838,0.25842932008046315,125,2657,True,False,0.1554508769614271,0.07001889336580959,0.15000546458779243,0.0
human_cervical_cancer_real_profile_mask_epithelial_cell,human_cervical_cancer_real,Epithelial cell,"Cervical
Epithelial cell",CATGAGATGCACTCTC-1,0.03487257882550763,0.25861343907808915,126,2656,True,False,0.07461071897355825,0.08165696080003584,0.08249213201907583,0.13033640038733513
human_cervical_cancer_real_profile_mask_epithelial_cell,human_cervical_cancer_real,Epithelial cell,"Cervical
Epithelial cell",ACTCAACGAATGTATT-1,0.03497179443401486,0.2595905981493003,127,2655,True,False,0.084140564471162,0.089283909134189,0.14899862520740528,0.0
human_cervical_cancer_real_profile_mask_epithelial_cell,human_cervical_cancer_real,Epithelial cell,"Cervical
Epithelial cell",CTTCTATTAATGCTAG-1,0.03507299176563466,0.26058727490271094,128,2654,True,False,0.10691399125589439,0.09673577233904457,0.12537583748135792,0.0
human_cervical_cancer_real_profile_mask_epithelial_cell,human_cervical_cancer_real,Epithelial cell,"Cervical
Epithelial cell",AAGTAGTGACGCGAGG-1,0.03509491226481955,0.26080316648414925,129,2653,True,False,0.10597843947081724,0.0811200669822125,0.12119040098137639,0.0
human_cervical_cancer_real_profile_mask_epithelial_cell,human_cervical_cancer_real,Epithelial cell,"Cervical
Epithelial cell",TCCCTAGATCAATAGG-1,0.03510372968004242,0.2608900078329985,130,2652,True,False,0.06687856853913467,0.07350645573089275,0.11088647230640322,0.0
human_cervical_cancer_real_profile_mask_epithelial_cell,human_cervical_cancer_real,Epithelial cell,"Cervical
Epithelial cell",GGCTAAAGGGCGGGTC-1,0.0351351732609528,0.26119969076273325,131,2651,True,False,0.05701162609638525,0.055149381335288246,0.13741924863292737,0.10466273664175799
human_cervical_cancer_real_profile_mask_epithelial_cell,human_cervical_cancer_real,Epithelial cell,"Cervical
Epithelial cell",GAGTCAGACCAGAATC-1,0.03514385678524808,0.2612852134406958,132,2650,True,False,0.13469702256883906,0.08052694498150559,0.25587947617566636,0.0
human_cervical_cancer_real_profile_mask_epithelial_cell,human_cervical_cancer_real,Epithelial cell,"Cervical
Epithelial cell",ACGCCACTCGAAACAG-1,0.03516428285376594,0.2614863866073145,133,2649,True,False,0.05133035320124,0.052423386021323,0.11432848991203277,0.0
human_cervical_cancer_real_profile_mask_epithelial_cell,human_cervical_cancer_real,Epithelial cell,"Cervical
Epithelial cell",TCTATCCGATTGCACA-1,0.035220835280398405,0.26204336264681427,134,2648,True,False,0.025748478246269083,0.025748478246269083,0.10521896857391294,0.0
human_cervical_cancer_real_profile_mask_epithelial_cell,human_cervical_cancer_real,Epithelial cell,"Cervical
Epithelial cell",GTCGTATTGGCGTACA-1,0.03522319448156608,0.2620665980515705,135,2647,True,False,0.0,0.06684119721138983,0.0557622698501686,0.14897822888674483
human_cervical_cancer_real_profile_mask_epithelial_cell,human_cervical_cancer_real,Epithelial cell,"Cervical
Epithelial cell",GTTGGACCGCATCAGG-1,0.035246925449100526,0.26230032065372755,136,2646,True,False,0.1653152714127251,0.10302735343765772,0.12527905325628563,0.0
human_cervical_cancer_real_profile_mask_epithelial_cell,human_cervical_cancer_real,Epithelial cell,"Cervical
Epithelial cell",ATATAAAGCGCTCGTG-1,0.035306299328648115,0.2628850847434292,137,2645,True,False,0.06458867805794984,0.12294007564507256,0.04938247160667179,0.11753989601483104
human_cervical_cancer_real_profile_mask_epithelial_cell,human_cervical_cancer_real,Epithelial cell,"Cervical
Epithelial cell",GGTTAGCTATATGTCT-1,0.03533356287565294,0.2631535991704431,138,2644,True,False,0.250428819318948,0.05000907676901525,0.08096027997616582,0.11454589734129823
human_cervical_cancer_real_profile_mask_epithelial_cell,human_cervical_cancer_real,Epithelial cell,"Cervical
Epithelial cell",TTGGACCATCTGGCAA-1,0.035385024861072575,0.26366044024748664,139,2643,True,False,0.13201670985201125,0.13201670985201125,0.07739375423513566,0.0
human_cervical_cancer_real_profile_mask_epithelial_cell,human_cervical_cancer_real,Epithelial cell,"Cervical
Epithelial cell",GCGAGAGTTGCGTCCA-1,0.035439412308939294,0.26419609374840847,140,2642,True,False,0.10005378918227785,0.037776921693304745,0.11915447403826337,0.0
human_cervical_cancer_real_profile_mask_epithelial_cell,human_cervical_cancer_real,Epithelial cell,"Cervical
Epithelial cell",GCCAACCATTTCCGGA-1,0.03545062351686134,0.2643065111886186,141,2641,True,False,0.1319833196916238,0.145605789983938,0.10321766588399753,0.0
human_cervical_cancer_real_profile_mask_epithelial_cell,human_cervical_cancer_real,Epithelial cell,"Cervical
Epithelial cell",TGAGTTAAAGACATTC-1,0.03554088558341699,0.2651954882200369,142,2640,True,False,0.14214861134472515,0.25301528429366726,0.08140364780910724,0.0
human_cervical_cancer_real_profile_mask_epithelial_cell,human_cervical_cancer_real,Epithelial cell,"Cervical
Epithelial cell",AAGTTCACTCCAAGCT-1,0.035627111753769536,0.2660447163385103,143,2639,True,False,0.14801257468318874,0.14801257468318874,0.07217819868982543,0.10119027641047418
human_cervical_cancer_real_profile_mask_epithelial_cell,human_cervical_cancer_real,Epithelial cell,"Cervical
Epithelial cell",GGATTGCTGTGACTCC-1,0.03567873047213125,0.26655310105388264,144,2638,True,False,0.127764222315594,0.14848904325154094,0.11411848434785431,0.14362160777650368
human_cervical_cancer_real_profile_mask_epithelial_cell,human_cervical_cancer_real,Epithelial cell,"Cervical
Epithelial cell",TAGTCCGCAGAGAATG-1,0.03572925427925244,0.26705070215902527,145,2637,True,False,0.040726771815797834,0.11343106160221518,0.06620780658072538,0.0
human_cervical_cancer_real_profile_mask_epithelial_cell,human_cervical_cancer_real,Epithelial cell,"Cervical
Epithelial cell",AAACCTAAGCAGCCGG-1,0.035809290081670976,0.26783896230812504,146,2636,True,False,0.145970170908721,0.1679215508485577,0.13226384180270734,0.10184361086268436
human_cervical_cancer_real_profile_mask_epithelial_cell,human_cervical_cancer_real,Epithelial cell,"Cervical
Epithelial cell",AACCGCTAAGGGATGC-1,0.03582799662687246,0.2680232001574884,147,2635,True,False,0.08698348396800233,0.07758680252353074,0.12764190159508915,0.11395934183820348
human_cervical_cancer_real_profile_mask_epithelial_cell,human_cervical_cancer_real,Epithelial cell,"Cervical
Epithelial cell",CGAAGCTATAAATTCA-1,0.035909300586880605,0.2688239501931197,148,2634,True,False,0.12926127543465643,0.06233009334203451,0.09932569164315656,0.11003121974885505
human_cervical_cancer_real_profile_mask_epithelial_cell,human_cervical_cancer_real,Epithelial cell,"Cervical
Epithelial cell",CTAGTAGAAAGGGATT-1,0.03592684735881212,0.26899676561623026,149,2633,True,False,0.20822735868010822,0.10358153325260791,0.07528238935271053,0.10757485539750379
human_cervical_cancer_real_profile_mask_epithelial_cell,human_cervical_cancer_real,Epithelial cell,"Cervical
Epithelial cell",GCAATTAGTCGCACCG-1,0.03601683920297087,0.26988308126935995,150,2632,True,False,0.09984258185982059,0.09974698693516042,0.11087546306002831,0.0
human_cervical_cancer_real_profile_mask_epithelial_cell,human_cervical_cancer_real,Epithelial cell,"Cervical
Epithelial cell",GGGCAGTCAACGCCAA-1,0.03603178347204717,0.2700302650472981,151,2631,True,False,0.0,0.06949856176483825,0.13020378857977746,0.14359922523619686
human_cervical_cancer_real_profile_mask_epithelial_cell,human_cervical_cancer_real,Epithelial cell,"Cervical
Epithelial cell",AATAGAACAGAGTGGC-1,0.03604827222555641,0.27019266021179833,152,2630,True,False,0.08112142852450281,0.16039720323972143,0.11425383627200118,0.0
human_cervical_cancer_real_profile_mask_epithelial_cell,human_cervical_cancer_real,Epithelial cell,"Cervical
Epithelial cell",CGTCGGATAGTGTTGA-1,0.03605451775529621,0.27025417146120334,153,2629,True,False,0.021770796410363665,0.051304760818277166,0.11103295409499521,0.0
human_cervical_cancer_real_profile_mask_epithelial_cell,human_cervical_cancer_real,Epithelial cell,"Cervical
Epithelial cell",TCGTTGCTATCCGGTC-1,0.03607506285942588,0.27045651699101814,154,2628,True,False,0.24642514320949063,0.019752021003896916,0.10655661293360667,0.0
human_cervical_cancer_real_profile_mask_epithelial_cell,human_cervical_cancer_real,Epithelial cell,"Cervical
Epithelial cell",CATGATGGAAGTTAGC-1,0.03608826970184168,0.27058658912445377,155,2627,True,False,0.20274402897481236,0.0842193032247345,0.08396422257659546,0.0
human_cervical_cancer_real_profile_mask_epithelial_cell,human_cervical_cancer_real,Epithelial cell,"Cervical
Epithelial cell",CAGCGATTCCCTTCAA-1,0.03619291624111596,0.2716172365866952,156,2626,True,False,0.15236642375593393,0.13476261058662725,0.0943837303260283,0.0
human_cervical_cancer_real_profile_mask_epithelial_cell,human_cervical_cancer_real,Epithelial cell,"Cervical
Epithelial cell",CCAATTACGGGTCGAG-1,0.0361979614172691,0.2716669257406305,157,2625,True,False,0.09458714610401367,0.08348445518450727,0.09595873759740174,0.13428006723399358
human_cervical_cancer_real_profile_mask_epithelial_cell,human_cervical_cancer_real,Epithelial cell,"Cervical
Epithelial cell",ATTCATCGTTGAGGCA-1,0.036227554968561816,0.2719583880168803,158,2624,True,False,0.23556446453607366,0.23556446453607366,0.0747357713911554,0.0
human_cervical_cancer_real_profile_mask_epithelial_cell,human_cervical_cancer_real,Epithelial cell,"Cervical
Epithelial cell",ATACCGTCATCCATAA-1,0.03622875889915844,0.271970245341764,159,2623,True,False,0.201905001376603,0.1696717557733775,0.10532991869397737,0.0
human_cervical_cancer_real_profile_mask_epithelial_cell,human_cervical_cancer_real,Epithelial cell,"Cervical
Epithelial cell",ATAATTAGCTAAGTAG-1,0.03623656703920681,0.2720471464966563,160,2622,True,False,0.051115423750514165,0.1784489076919865,0.2544266784689188,0.0
human_cervical_cancer_real_profile_mask_epithelial_cell,human_cervical_cancer_real,Epithelial cell,"Cervical
Epithelial cell",CCTAACTAAGGCTCTA-1,0.036257743427928764,0.2722557094500715,161,2621,True,False,0.09844238518946619,0.09408523691246533,0.08881131899483473,0.10855541708181034
human_cervical_cancer_real_profile_mask_epithelial_cell,human_cervical_cancer_real,Epithelial cell,"Cervical
Epithelial cell",TCGCGTCCAGAAGGTC-1,0.03642226344473121,0.2738760414646919,162,2620,True,False,0.10118370985852133,0.10118370985852133,0.15696415853985443,0.0
human_cervical_cancer_real_profile_mask_epithelial_cell,human_cervical_cancer_real,Epithelial cell,"Cervical
Epithelial cell",ACCGCGGTGGAAGTCG-1,0.03643165084786092,0.27396849653563626,163,2619,True,False,0.1488092634819166,0.12042248996280619,0.126481827768453,0.0
human_cervical_cancer_real_profile_mask_epithelial_cell,human_cervical_cancer_real,Epithelial cell,"Cervical
Epithelial cell",GCTGCACGGTTTCTTA-1,0.03645995612026019,0.27424727075376776,164,2618,True,False,0.246118747777779,0.04696105206868226,0.5625073534974739,0.13799803387876733
human_cervical_cancer_real_profile_mask_epithelial_cell,human_cervical_cancer_real,Epithelial cell,"Cervical
Epithelial cell",GCCCTAAGTGCAGGAT-1,0.03664978866870597,0.276116901949059,165,2617,True,False,0.08663102858163099,0.0923046393079915,0.0918665928494901,0.0
human_cervical_cancer_real_profile_mask_epithelial_cell,human_cervical_cancer_real,Epithelial cell,"Cervical
Epithelial cell",CAATGCGAGAAGTATC-1,0.03678460926206477,0.27744472896910916,166,2616,True,False,0.20955079221706155,0.16693772212407249,0.085104825979111,0.2798852365986159
human_cervical_cancer_real_profile_mask_epithelial_cell,human_cervical_cancer_real,Epithelial cell,"Cervical
Epithelial cell",GAGCTCTCGGACCTAA-1,0.036801298912936625,0.2776091027404356,167,2615,True,False,0.22592580028593595,0.1292953088101009,0.12385141628080983,0.0
human_cervical_cancer_real_profile_mask_epithelial_cell,human_cervical_cancer_real,Epithelial cell,"Cervical
Epithelial cell",CGTTGAGCGACCGTCG-1,0.036856137220750824,0.2781491966907399,168,2614,True,False,0.047787599906571665,0.08541436516760251,0.11854177939380897,0.10412052370868417
human_cervical_cancer_real_profile_mask_epithelial_cell,human_cervical_cancer_real,Epithelial cell,"Cervical
Epithelial cell",TCTTACCGGAACTCGT-1,0.036883848520428905,0.27842212096407654,169,2613,True,False,0.04077825052396558,0.09944129325536409,0.07364986372760443,0.11043964053407282
human_cervical_cancer_real_profile_mask_epithelial_cell,human_cervical_cancer_real,Epithelial cell,"Cervical
Epithelial cell",ATGCTCTGGCGCGGTA-1,0.03695583720797933,0.27913112633251463,170,2612,True,False,0.22260932603471534,0.12186340822019534,0.07322074257256865,0.12880059845407055
human_cervical_cancer_real_profile_mask_epithelial_cell,human_cervical_cancer_real,Epithelial cell,"Cervical
Epithelial cell",GAATGAAGGTCTTCAG-1,0.03697641152080037,0.2793337595341802,171,2611,True,False,0.06958264379158001,0.07374296657524092,0.12652691045406747,0.0
human_cervical_cancer_real_profile_mask_epithelial_cell,human_cervical_cancer_real,Epithelial cell,"Cervical
Epithelial cell",AGCAGAAGGAGAAAGA-1,0.037027914013179626,0.2798409995579584,172,2610,True,False,0.0,0.14336581619715266,0.14377838108441116,0.0
human_cervical_cancer_real_profile_mask_epithelial_cell,human_cervical_cancer_real,Epithelial cell,"Cervical
Epithelial cell",CCAGCGGGATCACCAG-1,0.03705735806882917,0.2801309894749088,173,2609,True,False,0.1846754718749993,0.05318150199400059,0.1206403215356266,0.0
human_cervical_cancer_real_profile_mask_epithelial_cell,human_cervical_cancer_real,Epithelial cell,"Cervical
Epithelial cell",ATCAGCCTCATGCTGC-1,0.037098253486379504,0.280533762071192,174,2608,True,False,0.06502165480635025,0.06837137389078816,0.14384048018142084,0.12007280173092814
human_cervical_cancer_real_profile_mask_epithelial_cell,human_cervical_cancer_real,Epithelial cell,"Cervical
Epithelial cell",CAGTGTCGGCTGGCCC-1,0.037104894674609354,0.28059917009942525,175,2607,True,False,0.06024565963499059,0.24703860763010477,0.09910012519135845,0.0
human_cervical_cancer_real_profile_mask_epithelial_cell,human_cervical_cancer_real,Epithelial cell,"Cervical
Epithelial cell",CTTCCGCTCCGTGAAG-1,0.03711183920473542,0.2806675656947361,176,2606,True,False,0.14527989557131882,0.10784898097412524,0.12243310503252819,0.0
human_cervical_cancer_real_profile_mask_epithelial_cell,human_cervical_cancer_real,Epithelial cell,"Cervical
Epithelial cell",TAGTAGTTGCCGGACA-1,0.037116298520514235,0.2807114848011169,177,2605,True,False,0.24256077139334656,0.0,0.0972251564833221,0.0
human_cervical_cancer_real_profile_mask_epithelial_cell,human_cervical_cancer_real,Epithelial cell,"Cervical
Epithelial cell",GTCTCAAGGCCCGGCT-1,0.037134787757094584,0.28089358241172563,178,2604,True,False,0.05287171820745408,0.12330897919745167,0.10903057970893333,0.0
human_cervical_cancer_real_profile_mask_epithelial_cell,human_cervical_cancer_real,Epithelial cell,"Cervical
Epithelial cell",GAGCTCAACATGAGCG-1,0.037146299215181616,0.28100695696903427,179,2603,True,False,0.07380411732120123,0.0540775647105685,0.15986460267388172,0.0
human_cervical_cancer_real_profile_mask_epithelial_cell,human_cervical_cancer_real,Epithelial cell,"Cervical
Epithelial cell",GCACAAACGAGGCGTG-1,0.03716070188726908,0.2811488066426057,180,2602,True,False,0.050362999459595506,0.05207052915917767,0.05713229247083733,0.0
human_cervical_cancer_real_profile_mask_epithelial_cell,human_cervical_cancer_real,Epithelial cell,"Cervical
Epithelial cell",CGCATGGTGCGATGCT-1,0.03719114531706571,0.2814486392398365,181,2601,True,False,0.2857259768262634,0.14214861134472515,0.07921800641270085,0.09878219248066543
human_cervical_cancer_real_profile_mask_epithelial_cell,human_cervical_cancer_real,Epithelial cell,"Cervical
Epithelial cell",AGAAGAGCGCCGTTCC-1,0.0372670236397413,0.2821959530186492,182,2600,True,False,0.1500543092570439,0.1336250304133925,0.4074036040744018,0.49262820233043586
human_cervical_cancer_real_profile_mask_epithelial_cell,human_cervical_cancer_real,Epithelial cell,"Cervical
Epithelial cell",ACCACCAATGTAACAA-1,0.037272463292193546,0.2822495273081982,183,2599,True,False,0.195526185787036,0.14932532704958673,0.11070709364399063,0.0
human_cervical_cancer_real_profile_mask_epithelial_cell,human_cervical_cancer_real,Epithelial cell,"Cervical
Epithelial cell",CAGACACCGATCGCTG-1,0.0372936654606134,0.28245834416184173,184,2598,True,False,0.05791751235603767,0.046517175860035335,0.11940493706811248,0.0
human_cervical_cancer_real_profile_mask_epithelial_cell,human_cervical_cancer_real,Epithelial cell,"Cervical
Epithelial cell",GGTGTAAATCGATTGT-1,0.037365743789388395,0.28316823239273525,185,2597,True,False,0.12610812035250518,0.12610812035250518,0.08422706068998906,0.0
human_cervical_cancer_real_profile_mask_epithelial_cell,human_cervical_cancer_real,Epithelial cell,"Cervical
Epithelial cell",ATATAACACGGGCGCA-1,0.037394156416393064,0.28344806392965044,186,2596,True,False,0.12708254808893918,0.1933851060687872,0.09299609347298006,0.0
human_cervical_cancer_real_profile_mask_epithelial_cell,human_cervical_cancer_real,Epithelial cell,"Cervical
Epithelial cell",CGGGAGCTTCAGTGTA-1,0.03740179146167567,0.2835232603011615,187,2595,True,False,0.030261679578902502,0.06092204883103542,0.08852978544733166,0.0
human_cervical_cancer_real_profile_mask_epithelial_cell,human_cervical_cancer_real,Epithelial cell,"Cervical
Epithelial cell",ATATCAACCTACAGAG-1,0.03747043089308388,0.2841992793676415,188,2594,True,False,0.13036037065132916,0.06282306904581733,0.10743005356288642,0.0
human_cervical_cancer_real_profile_mask_epithelial_cell,human_cervical_cancer_real,Epithelial cell,"Cervical
Epithelial cell",TATCACTTCGAGTAAC-1,0.03750913567757959,0.2845804767602524,189,2593,True,False,0.08315724193038833,0.08576494685238832,0.1156822805472266,0.13626546064071407
human_cervical_cancer_real_profile_mask_epithelial_cell,human_cervical_cancer_real,Epithelial cell,"Cervical
Epithelial cell",CCGAGAAGTCGCATAA-1,0.037514083325831296,0.28462920537708053,190,2592,True,False,0.05651969380113433,0.18671625078691595,0.1332015578805536,0.0
human_cervical_cancer_real_profile_mask_epithelial_cell,human_cervical_cancer_real,Epithelial cell,"Cervical
Epithelial cell",CTAGATTTACGACGGC-1,0.037596863176996724,0.2854444912347882,191,2591,True,False,0.13714556764125277,0.05188189000245234,0.09880259194805871,0.16559176480065393
human_cervical_cancer_real_profile_mask_epithelial_cell,human_cervical_cancer_real,Epithelial cell,"Cervical
Epithelial cell",TCCCGGTCAGGAATTT-1,0.03759881611709221,0.2854637254375366,192,2590,True,False,0.0695270824951489,0.12065577452017617,0.10805182710843261,0.0
human_cervical_cancer_real_profile_mask_epithelial_cell,human_cervical_cancer_real,Epithelial cell,"Cervical
Epithelial cell",AAACCCGAACGAAATC-1,0.03764752878466934,0.2859434889114704,193,2589,True,False,0.24627543920770595,0.17892659605514877,0.10415489346228804,0.0
human_cervical_cancer_real_profile_mask_epithelial_cell,human_cervical_cancer_real,Epithelial cell,"Cervical
Epithelial cell",ACTTACGCATCCACGC-1,0.03769185695300265,0.28638007013542083,194,2588,True,False,0.09411478677986367,0.24678486247384218,0.2588538359205202,0.12190166887193113
human_cervical_cancer_real_profile_mask_epithelial_cell,human_cervical_cancer_real,Epithelial cell,"Cervical
Epithelial cell",CTGGAAGACACGGTGG-1,0.03769332215273737,0.286394500659342,195,2587,True,False,0.14634054827581064,0.18601737906270716,0.08575862579498968,0.0
human_cervical_cancer_real_profile_mask_epithelial_cell,human_cervical_cancer_real,Epithelial cell,"Cervical
Epithelial cell",TTGCGTGTGTAGGCAT-1,0.037714827388211185,0.2866063023731846,196,2586,True,False,0.19040584550417824,0.05460772501987958,0.10494245201719483,0.1610071869572858
human_cervical_cancer_real_profile_mask_epithelial_cell,human_cervical_cancer_real,Epithelial cell,"Cervical
Epithelial cell",AGTAGGAAGGAAGTTG-1,0.0377448193144815,0.28690168818252526,197,2585,True,False,0.040644255228417504,0.18963453185887982,0.11505518453414804,0.13770736305715514
human_cervical_cancer_real_profile_mask_epithelial_cell,human_cervical_cancer_real,Epithelial cell,"Cervical
Epithelial cell",CGAGTTCTGTCCCACC-1,0.037802911439713816,0.28747382847366254,198,2584,True,False,0.18751989592104384,0.1767500125400776,0.11670602048628612,0.13671115726064703
human_cervical_cancer_real_profile_mask_epithelial_cell,human_cervical_cancer_real,Epithelial cell,"Cervical
Epithelial cell",TAGGTTCGAGTTCGTC-1,0.037842272526074666,0.2878614896810967,199,2583,True,False,0.08546305646733875,0.10473353463977883,0.10900919880146458,0.09640400463283286
human_cervical_cancer_real_profile_mask_epithelial_cell,human_cervical_cancer_real,Epithelial cell,"Cervical
Epithelial cell",TTATGAATGAAAGGGA-1,0.03791737500634053,0.2886011623088859,200,2582,True,False,0.3216112503574375,0.15071446784862044,0.11638470931674051,0.11188166004849087
human_cervical_cancer_real_profile_mask_epithelial_cell,human_cervical_cancer_real,Epithelial cell,"Cervical
Epithelial cell",AACAGGTAGTATGGAT-1,0.03795204799266335,0.288942651149413,201,2581,True,False,0.11477929796001726,0.13905184726582626,0.11735689682318953,0.0
human_cervical_cancer_real_profile_mask_epithelial_cell,human_cervical_cancer_real,Epithelial cell,"Cervical
Epithelial cell",CCACGAATTTAACCTC-1,0.038012311299176496,0.28953617506673296,202,2580,True,False,0.018919763966838917,0.07725586129437725,0.08085231352685983,0.0
human_cervical_cancer_real_profile_mask_epithelial_cell,human_cervical_cancer_real,Epithelial cell,"Cervical
Epithelial cell",CCGGCACGACCGTTTC-1,0.0380215509700673,0.28962717514587166,203,2579,True,False,0.12165663042787034,0.13629827447931916,0.10412569439394409,0.0
human_cervical_cancer_real_profile_mask_epithelial_cell,human_cervical_cancer_real,Epithelial cell,"Cervical
Epithelial cell",AGGAAGCTGTCCGCCG-1,0.03804231257984494,0.28983165300608343,204,2578,True,False,0.13033944102920017,0.12159594276018741,0.09192573833298145,0.0
human_cervical_cancer_real_profile_mask_epithelial_cell,human_cervical_cancer_real,Epithelial cell,"Cervical
Epithelial cell",GAATGCGAATCGGTTC-1,0.03806356273679531,0.2900409424912878,205,2577,True,False,0.02636810846014275,0.168501219151842,0.30277445877291065,0.0
human_cervical_cancer_real_profile_mask_epithelial_cell,human_cervical_cancer_real,Epithelial cell,"Cervical
Epithelial cell",ATACGAAGGCTTTCCA-1,0.03808780068738977,0.2902796582906191,206,2576,True,False,0.7995658332641296,0.07922564493032051,0.13534882217941518,0.0
human_cervical_cancer_real_profile_mask_epithelial_cell,human_cervical_cancer_real,Epithelial cell,"Cervical
Epithelial cell",GGCGAAATCTAACTTG-1,0.03809892574840149,0.2903892272833305,207,2575,True,False,0.1072015639862071,0.08420816169283499,0.0807029632053279,0.20587993902464052
human_cervical_cancer_real_profile_mask_epithelial_cell,human_cervical_cancer_real,Epithelial cell,"Cervical
Epithelial cell",CGGTGCGCGTTGGTCC-1,0.03814144417056235,0.29080798459917195,208,2574,True,False,0.13351909524323827,0.16286318006647277,0.16778580223474568,0.0
human_cervical_cancer_real_profile_mask_epithelial_cell,human_cervical_cancer_real,Epithelial cell,"Cervical
Epithelial cell",AGTTCCTATTTATGTT-1,0.03814534717410678,0.2908464246730252,209,2573,True,False,0.1093474290839395,0.07820123727432425,0.07730877397032113,0.06959224281504757
human_cervical_cancer_real_profile_mask_epithelial_cell,human_cervical_cancer_real,Epithelial cell,"Cervical
Epithelial cell",AAGCACCCTGCGTATC-1,0.038190944728543834,0.2912955078829514,210,2572,True,False,0.16078746154947235,0.10507333600094691,0.08013308400604986,0.11330796869944727
human_cervical_cancer_real_profile_mask_epithelial_cell,human_cervical_cancer_real,Epithelial cell,"Cervical
Epithelial cell",ATCCAGAGCAACAACC-1,0.03822461570127107,0.2916271280476811,211,2571,True,False,0.09972973012582326,0.11384711750596407,0.0908489986285569,0.0
human_cervical_cancer_real_profile_mask_epithelial_cell,human_cervical_cancer_real,Epithelial cell,"Cervical
Epithelial cell",CGAACAGTATGGGCGT-1,0.038237948119243234,0.29175843695520776,212,2570,True,False,0.05744780289788909,0.17210069903311218,0.10719432815636545,0.0
human_cervical_cancer_real_profile_mask_epithelial_cell,human_cervical_cancer_real,Epithelial cell,"Cervical
Epithelial cell",AGTAGAAGGCGCCTCA-1,0.0382757617625737,0.29213085763731456,213,2569,True,False,0.05197535784978167,0.05197535784978167,0.07142382492082724,0.0
human_cervical_cancer_real_profile_mask_epithelial_cell,human_cervical_cancer_real,Epithelial cell,"Cervical
Epithelial cell",TCATTTAGAAGTGTGA-1,0.03831756767413266,0.29254259754724127,214,2568,True,False,0.0545727945732365,0.3145012152375021,0.1405215962107327,0.0
human_cervical_cancer_real_profile_mask_epithelial_cell,human_cervical_cancer_real,Epithelial cell,"Cervical
Epithelial cell",ATATGTCTAGAGCGTG-1,0.03841519050459365,0.29350406959561676,215,2567,True,False,0.21185889264926921,0.21185889264926921,0.1792389322953186,0.0
human_cervical_cancer_real_profile_mask_epithelial_cell,human_cervical_cancer_real,Epithelial cell,"Cervical
Epithelial cell",CTAAAGGGAAATAGGA-1,0.038430730478103935,0.2936571203737193,216,2566,True,False,0.1440227896006402,0.058121104254601,0.07133822020378595,0.09130269443490001
human_cervical_cancer_real_profile_mask_epithelial_cell,human_cervical_cancer_real,Epithelial cell,"Cervical
Epithelial cell",GGTTCTACTCGTCTGA-1,0.038434124982473734,0.29369055231842156,217,2565,True,False,0.11481625840705115,0.10005378918227785,0.14532011490643926,0.0
human_cervical_cancer_real_profile_mask_epithelial_cell,human_cervical_cancer_real,Epithelial cell,"Cervical
Epithelial cell",AAATAGCTTAGACTTT-1,0.03846043350827598,0.29394966089039576,218,2564,True,False,0.12482630074907226,0.018623718373526253,0.11969476511815771,0.0
human_cervical_cancer_real_profile_mask_epithelial_cell,human_cervical_cancer_real,Epithelial cell,"Cervical
Epithelial cell",CCAAATAACAAGATTC-1,0.03847036051807145,0.29404743046332477,219,2563,True,False,0.14834447389148267,0.061324521708234325,0.11060571392194225,0.0
human_cervical_cancer_real_profile_mask_epithelial_cell,human_cervical_cancer_real,Epithelial cell,"Cervical
Epithelial cell",CTGTATGGTGTAGAAA-1,0.03848370810132418,0.2941788887313371,220,2562,True,False,0.12083962764396391,0.054957356356168746,0.10432482093524469,0.0
human_cervical_cancer_real_profile_mask_epithelial_cell,human_cervical_cancer_real,Epithelial cell,"Cervical
Epithelial cell",CAGGACAGCTGCCCTT-1,0.03848670831565707,0.29420843737489305,221,2561,True,False,0.13181459516320607,0.2059935279500282,0.037238881992979,0.0
human_cervical_cancer_real_profile_mask_epithelial_cell,human_cervical_cancer_real,Epithelial cell,"Cervical
Epithelial cell",GGGTGTTTCAGCTATG-1,0.03855523422367333,0.29488333836717173,222,2560,True,False,0.08137635416765084,0.2033858538768341,0.07049829756843676,0.1075874742751584
human_cervical_cancer_real_profile_mask_epithelial_cell,human_cervical_cancer_real,Epithelial cell,"Cervical
Epithelial cell",CATCTTACACCACCTC-1,0.03861094427036396,0.2954320179378603,223,2559,True,False,0.11739372346326667,0.16369079788779192,0.10452887330300828,0.4780603227804693
human_cervical_cancer_real_profile_mask_epithelial_cell,human_cervical_cancer_real,Epithelial cell,"Cervical
Epithelial cell",GACATCGATTTATAAC-1,0.03862554997372529,0.29557586723481744,224,2558,True,False,0.08256034243388209,0.11140110093777442,0.11839884451424508,0.0
human_cervical_cancer_real_profile_mask_epithelial_cell,human_cervical_cancer_real,Epithelial cell,"Cervical
Epithelial cell",GCTGCTAAGTAGTCGA-1,0.038635311094975665,0.2956720029973099,225,2557,True,False,0.1004973207557065,0.1004973207557065,0.11987968555629383,0.0
human_cervical_cancer_real_profile_mask_epithelial_cell,human_cervical_cancer_real,Epithelial cell,"Cervical
Epithelial cell",CGTGCAGACTGGGACA-1,0.03864503774591901,0.29576779926711855,226,2556,True,False,0.12824407485873138,0.15460654296579493,0.23240238189058404,0.10458588193659811
human_cervical_cancer_real_profile_mask_epithelial_cell,human_cervical_cancer_real,Epithelial cell,"Cervical
Epithelial cell",ACTCCCTAATGCTAAA-1,0.03864512746396174,0.2957686828861441,227,2555,True,False,0.11732629408489358,0.13813066916330208,0.15876805135743685,0.11974348114027177
human_cervical_cancer_real_profile_mask_epithelial_cell,human_cervical_cancer_real,Epithelial cell,"Cervical
Epithelial cell",CGAGGATCGGGAACGA-1,0.03866719686636263,0.2959860409921589,228,2554,True,False,0.08864765286601334,0.10577799744906355,0.10586374856536548,0.0
human_cervical_cancer_real_profile_mask_epithelial_cell,human_cervical_cancer_real,Epithelial cell,"Cervical
Epithelial cell",CCTATAATGAGTGCCC-1,0.03869866641048743,0.2962959796295477,229,2553,True,False,0.19891908248207282,0.1607412911702055,0.08804057675124347,0.233495903024417
human_cervical_cancer_real_profile_mask_epithelial_cell,human_cervical_cancer_real,Epithelial cell,"Cervical
Epithelial cell",GTCATGCGCGAGGGCT-1,0.038742331054352805,0.296726025904385,230,2552,True,False,0.0605089957895735,0.17833125372968067,0.19493020601145725,0.0
human_cervical_cancer_real_profile_mask_epithelial_cell,human_cervical_cancer_real,Epithelial cell,"Cervical
Epithelial cell",ACTAGTTGCGATCGTC-1,0.03879670859123265,0.2972615817935412,231,2551,True,False,0.12960975540524625,0.12169374854443765,0.11142941424160238,0.0
human_cervical_cancer_real_profile_mask_epithelial_cell,human_cervical_cancer_real,Epithelial cell,"Cervical
Epithelial cell",TGTTTGAGATCGTCAG-1,0.03880232233783378,0.2973168707092401,232,2550,True,False,0.12516361568810333,0.17953876869082944,0.0851120223381029,0.0
human_cervical_cancer_real_profile_mask_epithelial_cell,human_cervical_cancer_real,Epithelial cell,"Cervical
Epithelial cell",AAGCATACTCTCCTGA-1,0.03880453556912904,0.29733866847946383,233,2549,True,False,0.08251701181596567,0.16456208747608528,0.12022943620225629,0.11046575192164826
human_cervical_cancer_real_profile_mask_epithelial_cell,human_cervical_cancer_real,Epithelial cell,"Cervical
Epithelial cell",TAGGCATGTTACGCCA-1,0.038843894658873696,0.2977263100225362,234,2548,True,False,0.14666187088880248,0.14054308273652408,0.0826375547774286,0.07994089889316762
human_cervical_cancer_real_profile_mask_epithelial_cell,human_cervical_cancer_real,Epithelial cell,"Cervical
Epithelial cell",CGCCGCCCATGCCTGT-1,0.03886385974507645,0.2979229430461508,235,2547,True,False,0.122521404040533,0.11309743942087809,0.08692431927889363,0.3438392750871815
human_cervical_cancer_real_profile_mask_epithelial_cell,human_cervical_cancer_real,Epithelial cell,"Cervical
Epithelial cell",TCAGAACGGCGGTAAT-1,0.03892374475689137,0.29851274119792315,236,2546,True,False,0.09016524694877609,0.026565970794486915,0.0973134649210929,0.16693772212407249
human_cervical_cancer_real_profile_mask_epithelial_cell,human_cervical_cancer_real,Epithelial cell,"Cervical
Epithelial cell",GAACACACATCAACCA-1,0.038940104784149644,0.29867386855763206,237,2545,True,False,0.04091206568962583,0.12365337261109041,0.15118590979617888,0.13182659372982522
human_cervical_cancer_real_profile_mask_epithelial_cell,human_cervical_cancer_real,Epithelial cell,"Cervical
Epithelial cell",CAAACTCGCGACGCCG-1,0.03894342540433546,0.2987065728285168,238,2544,True,False,0.12162697310831519,0.09805459593935957,0.1632790338940168,0.0
human_cervical_cancer_real_profile_mask_epithelial_cell,human_cervical_cancer_real,Epithelial cell,"Cervical
Epithelial cell",AACGTCAGACTAGTGG-1,0.039014109206064816,0.2994027265797937,239,2543,True,False,0.0,0.024900782606895086,0.060929670756747406,0.0
human_cervical_cancer_real_profile_mask_epithelial_cell,human_cervical_cancer_real,Epithelial cell,"Cervical
Epithelial cell",TATGGGACCGAGCAGG-1,0.03901638703204615,0.2994251605330173,240,2542,True,False,0.06324510719785191,0.06574368381183,0.10487014014950378,0.08966982344872707
human_cervical_cancer_real_profile_mask_epithelial_cell,human_cervical_cancer_real,Epithelial cell,"Cervical
Epithelial cell",CGCCTCCCTCCTCTAT-1,0.03904246809625013,0.2996820288711468,241,2541,True,False,0.25955309089970563,0.04835790706694767,0.11549121969440716,0.1544272051426984
human_cervical_cancer_real_profile_mask_epithelial_cell,human_cervical_cancer_real,Epithelial cell,"Cervical
Epithelial cell",CTCCTTTACGCAAGTC-1,0.03904913975549023,0.29974773700361285,242,2540,True,False,0.11753269971662057,0.1845870237227709,0.12269386855665688,0.0
human_cervical_cancer_real_profile_mask_epithelial_cell,human_cervical_cancer_real,Epithelial cell,"Cervical
Epithelial cell",ATGCTCAGTGTTGCAT-1,0.03908051470932812,0.30005674403600224,243,2539,True,False,0.05119446147003733,0.10328070432860066,0.09900512885706585,0.0
human_cervical_cancer_real_profile_mask_epithelial_cell,human_cervical_cancer_real,Epithelial cell,"Cervical
Epithelial cell",AACGGACGTACGTATA-1,0.03908458559641545,0.3000968375687146,244,2538,True,False,0.08795033790826558,0.021271844919157002,0.11361904654164165,0.0
human_cervical_cancer_real_profile_mask_epithelial_cell,human_cervical_cancer_real,Epithelial cell,"Cervical
Epithelial cell",GGCTTCTCGTGGGTGG-1,0.039102495201268975,0.3002732264767477,245,2537,True,False,0.17757837620332248,0.11980011556202383,0.11033997845429118,0.0
human_cervical_cancer_real_profile_mask_epithelial_cell,human_cervical_cancer_real,Epithelial cell,"Cervical
Epithelial cell",TCCTTCAGTGGTCGAA-1,0.03913052893501494,0.3005493263529863,246,2536,True,False,0.21534411382342597,0.28036960458092036,0.06937632148580272,0.11090764000231504
human_cervical_cancer_real_profile_mask_epithelial_cell,human_cervical_cancer_real,Epithelial cell,"Cervical
Epithelial cell",TGAGTGGTCCGTGACG-1,0.03913264969986923,0.3005702134356385,247,2535,True,False,0.13320762411874815,0.10064596057158325,0.1098563945873705,0.19780331593736053
human_cervical_cancer_real_profile_mask_epithelial_cell,human_cervical_cancer_real,Epithelial cell,"Cervical
Epithelial cell",CATAGTCAAATACATA-1,0.0391689986080438,0.3009282081693886,248,2534,True,False,0.13898815912476792,0.09069943172558766,0.10247330726571945,0.0
human_cervical_cancer_real_profile_mask_epithelial_cell,human_cervical_cancer_real,Epithelial cell,"Cervical
Epithelial cell",TGACATGTAACGTGAC-1,0.039188170625967245,0.30111703038707377,249,2533,True,False,0.14896007718122917,0.14896007718122917,0.14342453951234582,0.0
human_cervical_cancer_real_profile_mask_epithelial_cell,human_cervical_cancer_real,Epithelial cell,"Cervical
Epithelial cell",GGGCGTGGTTTCCCAG-1,0.039237579357841015,0.3016036492898241,250,2532,True,False,0.052403877713934496,0.052403877713934496,0.07700405452965625,0.10236960907721691
human_cervical_cancer_real_profile_mask_epithelial_cell,human_cervical_cancer_real,Epithelial cell,"Cervical
Epithelial cell",GCACTGCCTACCTTTA-1,0.03927329807452859,0.30195543736579744,251,2531,True,False,0.12070026569757235,0.20822735868010822,0.11064711542688269,0.0
human_cervical_cancer_real_profile_mask_epithelial_cell,human_cervical_cancer_real,Epithelial cell,"Cervical
Epithelial cell",TAGCCATTTCAAAGTC-1,0.03929316489838814,0.3021511026189022,252,2530,True,False,0.16247083543850083,0.11253752418429668,0.13169853032185186,0.2383150785575419
human_cervical_cancer_real_profile_mask_epithelial_cell,human_cervical_cancer_real,Epithelial cell,"Cervical
Epithelial cell",AGTCGACGGTCTCAAG-1,0.03936035175867252,0.30281281553868233,253,2529,True,False,0.2513771534635522,0.050638315361446834,0.1134282176067298,0.645294350376359
human_cervical_cancer_real_profile_mask_epithelial_cell,human_cervical_cancer_real,Epithelial cell,"Cervical
Epithelial cell",CCTGAACGATATATTC-1,0.039376118417169675,0.30296809890190496,254,2528,True,False,0.07562408454833618,0.07951449389956926,0.09798159363318308,0.08534321415224314
human_cervical_cancer_real_profile_mask_epithelial_cell,human_cervical_cancer_real,Epithelial cell,"Cervical
Epithelial cell",CCACAGTACCCATCCT-1,0.039384222220415634,0.3030479119975684,255,2527,True,False,0.09538802794778593,0.08712049210375629,0.13196600661071672,0.0
human_cervical_cancer_real_profile_mask_epithelial_cell,human_cervical_cancer_real,Epithelial cell,"Cervical
Epithelial cell",ACACTGATCAAGGTGT-1,0.03938621308963804,0.30306751975837887,256,2526,True,False,0.12487143207488442,0.09440667258197882,0.09499213032713194,0.0
human_cervical_cancer_real_profile_mask_epithelial_cell,human_cervical_cancer_real,Epithelial cell,"Cervical
Epithelial cell",ACCCTCCCTTGCTATT-1,0.039459884493763635,0.3037930979402124,257,2525,True,False,0.13643489394150946,0.09781723923961883,0.14566844820852726,0.2740289990029555
human_cervical_cancer_real_profile_mask_epithelial_cell,human_cervical_cancer_real,Epithelial cell,"Cervical
Epithelial cell",CAGCCGGGCCCTCTAT-1,0.039519496550262725,0.3043802077976034,258,2524,True,False,0.1107075999269166,0.10131278544498708,0.10358238140431106,0.0
human_cervical_cancer_real_profile_mask_epithelial_cell,human_cervical_cancer_real,Epithelial cell,"Cervical
Epithelial cell",GATTGGGAAAGGTTGT-1,0.039528320797273926,0.3044671164316715,259,2523,True,False,0.09117721815198458,0.14751554869542416,0.07399372560134143,0.1026263866233171
human_cervical_cancer_real_profile_mask_epithelial_cell,human_cervical_cancer_real,Epithelial cell,"Cervical
Epithelial cell",TTCGGTACTGTAGAGG-1,0.03958517203213011,0.30502703538681486,260,2522,True,False,0.025512245722585418,0.09247983690429033,0.07442204299188618,0.0
human_cervical_cancer_real_profile_mask_epithelial_cell,human_cervical_cancer_real,Epithelial cell,"Cervical
Epithelial cell",CTCAGGACTCACCTGT-1,0.039613030001153765,0.3053014041836861,261,2521,True,False,0.09839722856865167,0.08529415253960075,0.11715696764326418,0.0
human_cervical_cancer_real_profile_mask_epithelial_cell,human_cervical_cancer_real,Epithelial cell,"Cervical
Epithelial cell",GGAACCGTGTAAATTG-1,0.039631584051587974,0.3054841401358441,262,2520,True,False,0.0777094392704945,0.12712509002802816,0.10291495289274924,0.0
human_cervical_cancer_real_profile_mask_epithelial_cell,human_cervical_cancer_real,Epithelial cell,"Cervical
Epithelial cell",CGGCAAACATCGTGCG-1,0.03963486958841809,0.3055164988762242,263,2519,True,False,0.116445438393172,0.116445438393172,0.15733113761382897,0.11303657013047291
human_cervical_cancer_real_profile_mask_epithelial_cell,human_cervical_cancer_real,Epithelial cell,"Cervical
Epithelial cell",ACGATGGATCCGATGC-1,0.03966161660002443,0.30577992602657045,264,2518,True,False,0.06095884609433717,0.16376711389759566,0.1406001140447726,0.0
human_cervical_cancer_real_profile_mask_epithelial_cell,human_cervical_cancer_real,Epithelial cell,"Cervical
Epithelial cell",AATGCACCAAGCAATG-1,0.03970620342841571,0.3062190547531346,265,2517,True,False,0.024327564383839664,0.08619592557587034,0.09826495388432135,0.09534520149279203
human_cervical_cancer_real_profile_mask_epithelial_cell,human_cervical_cancer_real,Epithelial cell,"Cervical
Epithelial cell",ATCGCCAGTCAACATT-1,0.03974754570237205,0.3066262283685441,266,2516,True,False,0.1372345131222271,0.05288463427081374,0.3694421188000842,0.0
human_cervical_cancer_real_profile_mask_epithelial_cell,human_cervical_cancer_real,Epithelial cell,"Cervical
Epithelial cell",CGCGCATGTTTGATTG-1,0.03974994353048776,0.30664984420409375,267,2515,True,False,0.09257174743004251,0.09257174743004251,0.09480376466028376,0.0
human_cervical_cancer_real_profile_mask_epithelial_cell,human_cervical_cancer_real,Epithelial cell,"Cervical
Epithelial cell",CCACTCAGATCCGCAA-1,0.039781291657145515,0.3069585870197654,268,2514,True,False,0.25770270794557165,0.25770270794557165,0.1070285530476728,0.15457758313705747
human_cervical_cancer_real_profile_mask_epithelial_cell,human_cervical_cancer_real,Epithelial cell,"Cervical
Epithelial cell",GATCCGAATATAAGTG-1,0.03979028251748126,0.30704713660251004,269,2513,True,False,0.0,0.17337376403705201,0.18655963930921607,0.0
human_cervical_cancer_real_profile_mask_epithelial_cell,human_cervical_cancer_real,Epithelial cell,"Cervical
Epithelial cell",CATAGAGGAGATACTA-1,0.039798097006980164,0.3071241002921515,270,2512,True,False,0.02142633801155125,0.2812473664315004,0.08666554812183899,0.0
human_cervical_cancer_real_profile_mask_epithelial_cell,human_cervical_cancer_real,Epithelial cell,"Cervical
Epithelial cell",GGGTTTAGGATAGGAT-1,0.03980475999998371,0.3071897230722038,271,2511,True,False,0.20521717480189844,0.13140237492872725,0.09398405801507566,0.0
human_cervical_cancer_real_profile_mask_epithelial_cell,human_cervical_cancer_real,Epithelial cell,"Cervical
Epithelial cell",TATGGTTAGTGGGAGA-1,0.039816833822605015,0.3073086362701987,272,2510,True,False,0.06966237024270824,0.23247519098793748,0.13201536936216424,0.0
human_cervical_cancer_real_profile_mask_epithelial_cell,human_cervical_cancer_real,Epithelial cell,"Cervical
Epithelial cell",CACATTTCTTGTCAGA-1,0.039824710226044606,0.30738620974059633,273,2509,True,False,0.125482520966253,0.05651969380113433,0.1062375339609054,0.0
human_cervical_cancer_real_profile_mask_epithelial_cell,human_cervical_cancer_real,Epithelial cell,"Cervical
Epithelial cell",ACGGCCAACATGGACT-1,0.03983837400193745,0.307520782140661,274,2508,True,False,0.18505433236864874,0.08945092920313283,0.11034478614472672,0.0
human_cervical_cancer_real_profile_mask_epithelial_cell,human_cervical_cancer_real,Epithelial cell,"Cervical
Epithelial cell",GTGAGGACACTTAAGG-1,0.03986963912803187,0.3078287074967151,275,2507,True,False,0.19459033264195344,0.1590447479847911,0.06130285103149625,0.3393414105550162
human_cervical_cancer_real_profile_mask_epithelial_cell,human_cervical_cancer_real,Epithelial cell,"Cervical
Epithelial cell",GGTGCTGGTACACATT-1,0.03989993956162042,0.30812713174657014,276,2506,True,False,0.10806267181993857,0.17510833540629675,0.08713669582470268,0.0
human_cervical_cancer_real_profile_mask_epithelial_cell,human_cervical_cancer_real,Epithelial cell,"Cervical
Epithelial cell",ATAAAGGCTCGGTCGT-1,0.03990395815637838,0.30816671026027725,277,2505,True,False,0.12563261585450186,0.04114539403367833,0.13561861374549197,0.062408086003528665
human_cervical_cancer_real_profile_mask_epithelial_cell,human_cervical_cancer_real,Epithelial cell,"Cervical
Epithelial cell",GTGCACGAAAGTGACT-1,0.039945003402252606,0.3085709584923805,278,2504,True,False,0.09897308852214182,0.030261679578902502,0.4531026296108778,0.11104240261025641
human_cervical_cancer_real_profile_mask_epithelial_cell,human_cervical_cancer_real,Epithelial cell,"Cervical
Epithelial cell",GGTAGAAGACCGCCTG-1,0.03995571538491724,0.30867645914080555,279,2503,True,False,0.04931717080858933,0.06620975444716971,0.11078913723679175,0.13540844726790524
human_cervical_cancer_real_profile_mask_epithelial_cell,human_cervical_cancer_real,Epithelial cell,"Cervical
Epithelial cell",TTACATCGTGGCCTGG-1,0.039964875605751925,0.30876667672871927,280,2502,True,False,0.05455484436651767,0.07878447330162525,0.1199221107406249,0.0
human_cervical_cancer_real_profile_mask_epithelial_cell,human_cervical_cancer_real,Epithelial cell,"Cervical
Epithelial cell",CTCTAATGCATTGATC-1,0.03996503455007064,0.308768242146552,281,2501,True,False,0.12476313493496001,0.08586388102005008,0.09771221499479742,0.0
human_cervical_cancer_real_profile_mask_epithelial_cell,human_cervical_cancer_real,Epithelial cell,"Cervical
Epithelial cell",TGGGCCCATACTAATT-1,0.040016331555683626,0.3092734583631824,282,2500,True,False,0.14067845642730592,0.20045260323538816,0.12899439614009864,0.0
human_cervical_cancer_real_profile_mask_epithelial_cell,human_cervical_cancer_real,Epithelial cell,"Cervical
Epithelial cell",GCGGTCCCGGTGAAGG-1,0.040037956211473505,0.3094864362291132,283,2499,True,False,0.19714701538506044,0.03144169065310467,0.09189651604463839,0.0
human_cervical_cancer_real_profile_mask_epithelial_cell,human_cervical_cancer_real,Epithelial cell,"Cervical
Epithelial cell",CAGGAAGACTTTATAT-1,0.04005173922631451,0.3096221829950018,284,2498,True,False,0.017607952705877082,0.08634421046897017,0.11578793071695408,0.0
human_cervical_cancer_real_profile_mask_epithelial_cell,human_cervical_cancer_real,Epithelial cell,"Cervical
Epithelial cell",CACCCTAACAAGATCT-1,0.040076334251666124,0.309864415567987,285,2497,True,False,0.10718924640769084,0.13782316315855248,0.09325373959774642,0.2143825690973312
human_cervical_cancer_real_profile_mask_epithelial_cell,human_cervical_cancer_real,Epithelial cell,"Cervical
Epithelial cell",GCGACGGTAGTCTCCT-1,0.04007782351021197,0.3098790830433908,286,2496,True,False,0.18087735734898455,0.1639830126458655,0.15872576659835883,0.0
human_cervical_cancer_real_profile_mask_epithelial_cell,human_cervical_cancer_real,Epithelial cell,"Cervical
Epithelial cell",ATACCAGGCTAATAGA-1,0.040110177312644504,0.31019773060309225,287,2495,True,False,0.0352889139006705,0.16747526191774254,0.12742658217196723,0.0
human_cervical_cancer_real_profile_mask_epithelial_cell,human_cervical_cancer_real,Epithelial cell,"Cervical
Epithelial cell",ATTCGTGCTATCTCTT-1,0.040128444857058576,0.3103776448020931,288,2494,True,False,0.05885554152594809,0.09766337089096509,0.11203015322629177,0.0
human_cervical_cancer_real_profile_mask_epithelial_cell,human_cervical_cancer_real,Epithelial cell,"Cervical
Epithelial cell",AAACCGTTCGTCCAGG-1,0.04018144081858478,0.3108995937708294,289,2493,True,False,0.11000245239566867,0.11000245239566867,0.130488904630803,0.0
human_cervical_cancer_real_profile_mask_epithelial_cell,human_cervical_cancer_real,Epithelial cell,"Cervical
Epithelial cell",CCTGTCCCTCACGTTA-1,0.04018382188922243,0.31092304456458836,290,2492,True,False,0.17398553445804085,0.1090507817290159,0.1007552044446459,0.0
human_cervical_cancer_real_profile_mask_epithelial_cell,human_cervical_cancer_real,Epithelial cell,"Cervical
Epithelial cell",TTACATGCCACAACTA-1,0.04021272804965909,0.3112077368353867,291,2491,True,False,0.09723769161118566,0.09242042526268074,0.13265617687962777,0.0
human_cervical_cancer_real_profile_mask_epithelial_cell,human_cervical_cancer_real,Epithelial cell,"Cervical
Epithelial cell",TGTGTCGCGAGTTGCA-1,0.04024383858343976,0.31151413963582697,292,2490,True,False,0.049864386238241666,0.1888492549312139,0.10946125409634432,0.0
human_cervical_cancer_real_profile_mask_epithelial_cell,human_cervical_cancer_real,Epithelial cell,"Cervical
Epithelial cell",CCGCTATCAGCACCAG-1,0.04024717564482749,0.31154700583354805,293,2489,True,False,0.07026729496641741,0.13436051172657298,0.07857217217198569,0.10290613223907082
human_cervical_cancer_real_profile_mask_epithelial_cell,human_cervical_cancer_real,Epithelial cell,"Cervical
Epithelial cell",GACCGCGTCTGACGTG-1,0.04025950462725248,0.3116684320606976,294,2488,True,False,0.0,0.14168262193029074,0.10156896592565927,0.0
human_cervical_cancer_real_profile_mask_epithelial_cell,human_cervical_cancer_real,Epithelial cell,"Cervical
Epithelial cell",TTCTACCTTTATGTTG-1,0.04028989460419603,0.31196773820910595,295,2487,True,False,0.17301241058636033,0.17301241058636033,0.10181485071716317,0.0
human_cervical_cancer_real_profile_mask_epithelial_cell,human_cervical_cancer_real,Epithelial cell,"Cervical
Epithelial cell",ATTAGATTCCTCAGCA-1,0.04029616934143277,0.31202953711859804,296,2486,True,False,0.07774697007327941,0.11948220976773086,0.13463599197011397,0.0
human_cervical_cancer_real_profile_mask_epithelial_cell,human_cervical_cancer_real,Epithelial cell,"Cervical
Epithelial cell",TCGATTTACGAAACGA-1,0.040309036326779527,0.3121562620527077,297,2485,True,False,0.047613809548924496,0.07573661308705401,0.11717839816784369,0.0
human_cervical_cancer_real_profile_mask_epithelial_cell,human_cervical_cancer_real,Epithelial cell,"Cervical
Epithelial cell",CTGCACCTAGTCCACA-1,0.040324440310734615,0.3123079734908672,298,2484,True,False,0.10278539222654849,0.26413009549672606,0.22837854747394565,0.0
human_cervical_cancer_real_profile_mask_epithelial_cell,human_cervical_cancer_real,Epithelial cell,"Cervical
Epithelial cell",CTGCCTTTCTAGTAAA-1,0.04032674705477399,0.3123306922535392,299,2483,True,False,0.158097891024957,0.158097891024957,0.14211469458259982,0.0
human_cervical_cancer_real_profile_mask_epithelial_cell,human_cervical_cancer_real,Epithelial cell,"Cervical
Epithelial cell",CCGTGAGGCATTCATG-1,0.04035036906594417,0.31256334176143913,300,2482,True,False,0.6443355820692894,0.15573028276103043,0.15390056751068873,0.0
human_cervical_cancer_real_profile_mask_epithelial_cell,human_cervical_cancer_real,Epithelial cell,"Cervical
Epithelial cell",CTAATTCTCAGATATT-1,0.040427146357849796,0.3133195093481464,301,2481,True,False,0.03699860729018,0.059368803881094084,0.14576853319140248,0.0
human_cervical_cancer_real_profile_mask_epithelial_cell,human_cervical_cancer_real,Epithelial cell,"Cervical
Epithelial cell",TGGCAACTCGCGCGCC-1,0.040437607747949474,0.3134225419494395,302,2480,True,False,0.03977016126979367,0.040695382844263835,0.07312640007881545,0.08176086403398646
human_cervical_cancer_real_profile_mask_epithelial_cell,human_cervical_cancer_real,Epithelial cell,"Cervical
Epithelial cell",TGGGCACGTTCTATGG-1,0.04045461085036733,0.3135900028562093,303,2479,True,False,0.06727451595251441,0.06727451595251441,0.08916105077201882,0.11979038014909477
human_cervical_cancer_real_profile_mask_epithelial_cell,human_cervical_cancer_real,Epithelial cell,"Cervical
Epithelial cell",ATTATACTTTGCTCGT-1,0.04045511915391982,0.3135950090587083,304,2478,True,False,0.08052694498150559,0.2505581868097863,0.0792843516085009,0.09815746595328824
human_cervical_cancer_real_profile_mask_epithelial_cell,human_cervical_cancer_real,Epithelial cell,"Cervical
Epithelial cell",TGCCAATGGGTACTCT-1,0.04047752205655486,0.3138156517565726,305,2477,True,False,0.11394819501645066,0.09807597508491685,0.12436279874826126,0.0
human_cervical_cancer_real_profile_mask_epithelial_cell,human_cervical_cancer_real,Epithelial cell,"Cervical
Epithelial cell",AACGCATGATCTGGGT-1,0.0404933438109375,0.3139714777505879,306,2476,True,False,0.18652862603501705,0.09682936567331885,0.0833454787890477,0.0
human_cervical_cancer_real_profile_mask_epithelial_cell,human_cervical_cancer_real,Epithelial cell,"Cervical
Epithelial cell",ATTGACGTAACTCGGT-1,0.04049991833741118,0.31403622923756996,307,2475,True,False,0.06508480362154251,0.018438282139217332,0.09193447675023626,0.0
human_cervical_cancer_real_profile_mask_epithelial_cell,human_cervical_cancer_real,Epithelial cell,"Cervical
Epithelial cell",GACGGTCCTAGGGTGT-1,0.04054493952174584,0.31447963586815153,308,2474,True,False,0.162254530804922,0.11634358797811042,0.06636157428523712,0.0
human_cervical_cancer_real_profile_mask_epithelial_cell,human_cervical_cancer_real,Epithelial cell,"Cervical
Epithelial cell",TGGTTAAGGGCGCTGG-1,0.04060597149525903,0.31508073026700295,309,2473,True,False,0.022760034201446833,0.0,0.11609504732212145,0.0
human_cervical_cancer_real_profile_mask_epithelial_cell,human_cervical_cancer_real,Epithelial cell,"Cervical
Epithelial cell",ACCGAAAGGGCCCTGC-1,0.040627151880806726,0.3152893325845321,310,2472,True,False,0.1113405333712678,0.12060360606109778,0.028942495358364084,0.0
human_cervical_cancer_real_profile_mask_epithelial_cell,human_cervical_cancer_real,Epithelial cell,"Cervical
Epithelial cell",CTCTACATCCTGCGTG-1,0.040673058158269486,0.315741456359442,311,2471,True,False,0.11924389538359682,0.16952053309813833,0.08678154774430805,0.0
human_cervical_cancer_real_profile_mask_epithelial_cell,human_cervical_cancer_real,Epithelial cell,"Cervical
Epithelial cell",TCTTCGAATAGACGTT-1,0.04067892645244567,0.31579925227455125,312,2470,True,False,0.05677756026851117,0.0480362123593095,0.06942491368612161,0.1105643379479484
human_cervical_cancer_real_profile_mask_epithelial_cell,human_cervical_cancer_real,Epithelial cell,"Cervical
Epithelial cell",TCTGAACCGGTCGGCT-1,0.04069004064397388,0.31590871421541283,313,2469,True,False,0.10763283410999441,0.0950950019610425,0.1091606228874184,0.0
human_cervical_cancer_real_profile_mask_epithelial_cell,human_cervical_cancer_real,Epithelial cell,"Cervical
Epithelial cell",CCGCGGAATGCGTCAC-1,0.04074438788324546,0.31644397170814537,314,2468,True,False,0.10784898097412524,0.07643703073670309,0.07429744332904963,0.0
human_cervical_cancer_real_profile_mask_epithelial_cell,human_cervical_cancer_real,Epithelial cell,"Cervical
Epithelial cell",ACTTATACTTACCCGG-1,0.04075284195203296,0.31652723451455894,315,2467,True,False,0.09781723923961883,0.09559638846956191,0.3479432163163623,0.2489098813568251
human_cervical_cancer_real_profile_mask_epithelial_cell,human_cervical_cancer_real,Epithelial cell,"Cervical
Epithelial cell",GTTACAATTGGTGACG-1,0.040813722059873096,0.3171268332120559,316,2466,True,False,0.1394420353683539,0.2246801806802131,0.044833270574222005,0.0
human_cervical_cancer_real_profile_mask_epithelial_cell,human_cervical_cancer_real,Epithelial cell,"Cervical
Epithelial cell",AGCGCATAATGAATCG-1,0.04082201569454326,0.3172085159278422,317,2465,True,False,0.05954315942246,0.15984548413169575,0.08352552706124737,0.0
human_cervical_cancer_real_profile_mask_epithelial_cell,human_cervical_cancer_real,Epithelial cell,"Cervical
Epithelial cell",CTGAGAAAGTTCGGCG-1,0.04084759029293938,0.3174603961631333,318,2464,True,False,0.14666759908809623,0.09681074603521583,0.06512087589613606,0.0
human_cervical_cancer_real_profile_mask_epithelial_cell,human_cervical_cancer_real,Epithelial cell,"Cervical
Epithelial cell",ATCTCGTGAGCGAAAC-1,0.04085727916198816,0.3175558203249486,319,2463,True,False,0.018333116406946667,0.018333116406946667,0.1653152714127251,0.0
human_cervical_cancer_real_profile_mask_epithelial_cell,human_cervical_cancer_real,Epithelial cell,"Cervical
Epithelial cell",ATAAGTAGGATTCAGA-1,0.04085837620752305,0.317566624955511,320,2462,True,False,0.145605789983938,0.12143383614371168,0.20866213506558712,0.0
human_cervical_cancer_real_profile_mask_epithelial_cell,human_cervical_cancer_real,Epithelial cell,"Cervical
Epithelial cell",TCCTGCCAACTGGAGA-1,0.040859949028093354,0.3175821154202754,321,2461,True,False,0.13178225888460438,0.033232468748537664,0.10429353286660939,0.0
human_cervical_cancer_real_profile_mask_epithelial_cell,human_cervical_cancer_real,Epithelial cell,"Cervical
Epithelial cell",AGTCACTAGCTCTCGA-1,0.04087806636221607,0.3177605502215182,322,2460,True,False,0.13408481380043308,0.0852509196517424,0.1307475008333431,0.0
human_cervical_cancer_real_profile_mask_epithelial_cell,human_cervical_cancer_real,Epithelial cell,"Cervical
Epithelial cell",CTTCATAGCTCAAGAA-1,0.04092159954482275,0.31818930175489935,323,2459,True,False,0.041843289106691835,0.1300193245485984,0.12934558431211457,0.0
human_cervical_cancer_real_profile_mask_epithelial_cell,human_cervical_cancer_real,Epithelial cell,"Cervical
Epithelial cell",TGCCTAAATTTAATAG-1,0.04093150107435364,0.31828682037667216,324,2458,True,False,0.1271572031804045,0.016574671119354418,0.08830213281141255,0.0
human_cervical_cancer_real_profile_mask_epithelial_cell,human_cervical_cancer_real,Epithelial cell,"Cervical
Epithelial cell",CATTTGAGTGGTACGT-1,0.04093318200094035,0.31830337556075006,325,2457,True,False,0.16823187726474215,0.1835005783442224,0.09821650848606822,0.0
human_cervical_cancer_real_profile_mask_epithelial_cell,human_cervical_cancer_real,Epithelial cell,"Cervical
Epithelial cell",TAAGTTGCGACGTAGG-1,0.04093826763961171,0.3183534632237236,326,2456,True,False,0.07767738663921508,0.10760379541156168,0.08552680175839696,0.0
human_cervical_cancer_real_profile_mask_epithelial_cell,human_cervical_cancer_real,Epithelial cell,"Cervical
Epithelial cell",GCGCCGTTCCACGATA-1,0.04097605821756026,0.3187256567384773,327,2455,True,False,0.06977360735461326,0.2955441443549701,0.11714947115549604,0.08631191572516543
human_cervical_cancer_real_profile_mask_epithelial_cell,human_cervical_cancer_real,Epithelial cell,"Cervical
Epithelial cell",ATCACATTAGAATATC-1,0.04099853545384446,0.31894703153687165,328,2454,True,False,0.0682879489617835,0.08570661576518,0.08426509732748115,0.11864201087350379
human_cervical_cancer_real_profile_mask_epithelial_cell,human_cervical_cancer_real,Epithelial cell,"Cervical
Epithelial cell",CTCTGTTTGAGGATTC-1,0.04100174288663587,0.3189786210427426,329,2453,True,False,0.11343106160221518,0.13369246788449937,0.10108110361511763,0.10101791005318256
human_cervical_cancer_real_profile_mask_epithelial_cell,human_cervical_cancer_real,Epithelial cell,"Cervical
Epithelial cell",CATACAAAGCCGAACC-1,0.041072311205825295,0.31967363742447497,330,2452,True,False,0.064745845842974,0.06971944334192526,0.07978480749042242,0.0
human_cervical_cancer_real_profile_mask_epithelial_cell,human_cervical_cancer_real,Epithelial cell,"Cervical
Epithelial cell",AAGTTTATGGGCCCAA-1,0.04108972624341694,0.3198451554165953,331,2451,True,False,0.06618599360656759,0.05396622049509617,0.10257455126806682,0.0
human_cervical_cancer_real_profile_mask_epithelial_cell,human_cervical_cancer_real,Epithelial cell,"Cervical
Epithelial cell",CGCAGGCGATCCAAAC-1,0.041104006879293976,0.3199858031745425,332,2450,True,False,0.22994583687518286,0.06721692371122251,0.20860597286621124,0.0
human_cervical_cancer_real_profile_mask_epithelial_cell,human_cervical_cancer_real,Epithelial cell,"Cervical
Epithelial cell",CGGTCAAGTGGGAACC-1,0.041135321999823136,0.32029422091799575,333,2449,True,False,0.09391899869973173,0.12831924146803983,0.09710402258796874,0.102731790911163
human_cervical_cancer_real_profile_mask_epithelial_cell,human_cervical_cancer_real,Epithelial cell,"Cervical
Epithelial cell",AGAAGGTTGCCGAATT-1,0.041171901928911764,0.3206544909407372,334,2448,True,False,0.128629763877529,0.15103491060674618,0.09805778818252257,0.0
human_cervical_cancer_real_profile_mask_epithelial_cell,human_cervical_cancer_real,Epithelial cell,"Cervical
Epithelial cell",CGGCCCAACCTGTAGT-1,0.04121180140949137,0.32104745470895457,335,2447,True,False,0.15073602669556224,0.17333863925421683,0.08673676230805988,0.0
human_cervical_cancer_real_profile_mask_epithelial_cell,human_cervical_cancer_real,Epithelial cell,"Cervical
Epithelial cell",TACCGTGCCTCGGACC-1,0.041216066161352025,0.32108945758561686,336,2446,True,False,0.0675225783509915,0.14532195640300094,0.11575429930609213,0.11578857033211112
human_cervical_cancer_real_profile_mask_epithelial_cell,human_cervical_cancer_real,Epithelial cell,"Cervical
Epithelial cell",TGGCGACTGCTCCAAA-1,0.04122234426051672,0.3211512896062137,337,2445,True,False,0.15127460448868935,0.099784209197202,0.11474854418072901,0.0
human_cervical_cancer_real_profile_mask_epithelial_cell,human_cervical_cancer_real,Epithelial cell,"Cervical
Epithelial cell",AGGGACCGGCTGCGTT-1,0.04124315280314161,0.32135622970072625,338,2444,True,False,0.08200376864589867,0.12391130061042768,0.04357281542014382,0.0
human_cervical_cancer_real_profile_mask_epithelial_cell,human_cervical_cancer_real,Epithelial cell,"Cervical
Epithelial cell",GCTCGGAATTTAAAGC-1,0.04127333435860759,0.32165348313847236,339,2443,True,False,0.07763890081270725,0.040561557794052495,0.06914438488453606,0.09250674478267869
human_cervical_cancer_real_profile_mask_epithelial_cell,human_cervical_cancer_real,Epithelial cell,"Cervical
Epithelial cell",GGTTTAATTGAGCAGG-1,0.041296915125572826,0.32188572643862323,340,2442,True,False,0.08087364571941708,0.1697737862595423,0.15349174711388225,0.0
human_cervical_cancer_real_profile_mask_epithelial_cell,human_cervical_cancer_real,Epithelial cell,"Cervical
Epithelial cell",TTAGAGTTTAGAAGGA-1,0.04133203608290397,0.3222316272758211,341,2441,True,False,0.08232569839909991,0.11246912215217289,0.16886636602145436,0.20020016046683445
human_cervical_cancer_real_profile_mask_epithelial_cell,human_cervical_cancer_real,Epithelial cell,"Cervical
Epithelial cell",CCTATGTCCACTCCAC-1,0.041416571703874576,0.3230642054368055,342,2440,True,False,0.07666893992664625,0.15483717341694772,0.12063843654312287,0.0
human_cervical_cancer_real_profile_mask_epithelial_cell,human_cervical_cancer_real,Epithelial cell,"Cervical
Epithelial cell",TCTCCACAAGTTGAAT-1,0.041425466655210276,0.32315181042675045,343,2439,True,False,0.023519946073152168,0.1484856514879292,0.0950118663287354,0.0
human_cervical_cancer_real_profile_mask_epithelial_cell,human_cervical_cancer_real,Epithelial cell,"Cervical
Epithelial cell",GTAAGGATTTGTCGGA-1,0.04143074640393652,0.32320380984941377,344,2438,True,False,0.16853347220496134,0.16853347220496134,0.06440145445522732,0.0
human_cervical_cancer_real_profile_mask_epithelial_cell,human_cervical_cancer_real,Epithelial cell,"Cervical
Epithelial cell",TCTGACGGGCTAACCC-1,0.04144295887969555,0.323324088620561,345,2437,True,False,0.16346339570685062,0.062188404516990835,0.10227707736756789,0.0
human_cervical_cancer_real_profile_mask_epithelial_cell,human_cervical_cancer_real,Epithelial cell,"Cervical
Epithelial cell",TTCTATGCCTTTCGCA-1,0.04145271572242366,0.32342018224455427,346,2436,True,False,0.11462543837240884,0.10395610014317166,0.06294376756689811,0.0
human_cervical_cancer_real_profile_mask_epithelial_cell,human_cervical_cancer_real,Epithelial cell,"Cervical
Epithelial cell",CAATGTGCCAACCCTT-1,0.04148181708979781,0.3237067970780684,347,2435,True,False,0.09013423867803567,0.17197517384539743,0.11978773451290747,0.0
human_cervical_cancer_real_profile_mask_epithelial_cell,human_cervical_cancer_real,Epithelial cell,"Cervical
Epithelial cell",GGCATATCGGTTCTGC-1,0.04150063773674846,0.32389215869778315,348,2434,True,False,0.1233155662006188,0.04374113564446,0.0796165340176127,0.16715006847507874
human_cervical_cancer_real_profile_mask_epithelial_cell,human_cervical_cancer_real,Epithelial cell,"Cervical
Epithelial cell",CATGGTAAGTAGCGTT-1,0.0415037106937272,0.32392242377232533,349,2433,True,False,0.06832145366890043,0.12044947108548133,0.1261256381860541,0.10974748259917184
human_cervical_cancer_real_profile_mask_epithelial_cell,human_cervical_cancer_real,Epithelial cell,"Cervical
Epithelial cell",GATATTGAGATTGGCG-1,0.0415113141336611,0.3239973088676808,350,2432,True,False,0.11405186647965557,0.13320762411874815,0.2989869295920746,0.0
human_cervical_cancer_real_profile_mask_epithelial_cell,human_cervical_cancer_real,Epithelial cell,"Cervical
Epithelial cell",AACTACCCGTTTGTCA-1,0.04151437633550798,0.32402746801660487,351,2431,True,False,0.13925978194029798,0.15231059128329547,0.07562295986723379,0.0
human_cervical_cancer_real_profile_mask_epithelial_cell,human_cervical_cancer_real,Epithelial cell,"Cervical
Epithelial cell",AGGTATAATTGATAGT-1,0.04151922215327353,0.32407519372083915,352,2430,True,False,0.09637198267244791,0.13643489394150946,0.08571465838840667,0.0
human_cervical_cancer_real_profile_mask_epithelial_cell,human_cervical_cancer_real,Epithelial cell,"Cervical
Epithelial cell",GCCGATTGGCCAAGCT-1,0.04153280445473994,0.3242089636919709,353,2429,True,False,0.07160341534696059,0.08892566194392991,0.2637949549013799,0.1287659769422771
human_cervical_cancer_real_profile_mask_epithelial_cell,human_cervical_cancer_real,Epithelial cell,"Cervical
Epithelial cell",GAAACAGATGACCACC-1,0.041537135301010886,0.3242516175221832,354,2428,True,False,0.04089799588519334,0.0653234944265815,0.11259363822794906,0.5556577838819291
human_cervical_cancer_real_profile_mask_epithelial_cell,human_cervical_cancer_real,Epithelial cell,"Cervical
Epithelial cell",AGGTTTCACACACCTT-1,0.04153754408025421,0.3242556435252662,355,2427,True,False,0.024832088608425916,0.08204959392929334,0.13765858833442055,0.09590850264574247
human_cervical_cancer_real_profile_mask_epithelial_cell,human_cervical_cancer_real,Epithelial cell,"Cervical
Epithelial cell",TGCATATGTCTGTCAC-1,0.04154984700538899,0.324376813118224,356,2426,True,False,0.10733119753764593,0.14634154305030442,0.09424140775730129,0.10020200703810657
human_cervical_cancer_real_profile_mask_epithelial_cell,human_cervical_cancer_real,Epithelial cell,"Cervical
Epithelial cell",GATATGCGGTAGCCAA-1,0.04155417634079942,0.3244194520682065,357,2425,True,False,0.04669656423597183,0.07507244844982992,0.12904213996696343,0.17341507013097887
human_cervical_cancer_real_profile_mask_epithelial_cell,human_cervical_cancer_real,Epithelial cell,"Cervical
Epithelial cell",AAATTCCAGGTCCAAA-1,0.04155587019353201,0.32443613455988146,358,2424,True,False,0.15348030448072164,0.1687764233616677,0.08548707725769035,0.0
human_cervical_cancer_real_profile_mask_epithelial_cell,human_cervical_cancer_real,Epithelial cell,"Cervical
Epithelial cell",TTGATTATGCAGATGA-1,0.04155708474645284,0.32444809650238127,359,2423,True,False,0.06893478408072576,0.07796780489883957,0.27970437896502864,0.0
human_cervical_cancer_real_profile_mask_epithelial_cell,human_cervical_cancer_real,Epithelial cell,"Cervical
Epithelial cell",GGCGCATGAATTGATG-1,0.041591318814483365,0.32478526250502743,360,2422,True,False,0.11446846745190653,0.1287872039753179,0.1421846679776709,0.0
human_cervical_cancer_real_profile_mask_epithelial_cell,human_cervical_cancer_real,Epithelial cell,"Cervical
Epithelial cell",AAACATTTCCCGGATT-1,0.041630062960639265,0.32516684756449726,361,2421,True,False,0.21585856645633916,0.057958899472625,0.10019268371409142,0.0
human_cervical_cancer_real_profile_mask_epithelial_cell,human_cervical_cancer_real,Epithelial cell,"Cervical
Epithelial cell",TTCGCTAGGAAGTTGT-1,0.041641174354603065,0.3252762819525829,362,2420,True,False,0.082449557470765,0.082449557470765,0.2945771013500872,0.0
human_cervical_cancer_real_profile_mask_epithelial_cell,human_cervical_cancer_real,Epithelial cell,"Cervical
Epithelial cell",GGATCCGGAATATACT-1,0.04164176461047007,0.32528209529066,363,2419,True,False,0.10531323192556882,0.107788188030743,0.10608505266756621,0.1190962796956269
human_cervical_cancer_real_profile_mask_epithelial_cell,human_cervical_cancer_real,Epithelial cell,"Cervical
Epithelial cell",TAACAAAGGGAGAAGC-1,0.04164916319094905,0.3253549627571594,364,2418,True,False,0.0,0.060833346147123754,0.10328489912072607,0.0
human_cervical_cancer_real_profile_mask_epithelial_cell,human_cervical_cancer_real,Epithelial cell,"Cervical
Epithelial cell",GCTCCGCTCGCTTCAG-1,0.041654022703021695,0.32540282333449083,365,2417,True,False,0.14634154305030442,0.04797912538196041,0.1262646472581673,0.0
human_cervical_cancer_real_profile_mask_epithelial_cell,human_cervical_cancer_real,Epithelial cell,"Cervical
Epithelial cell",CATAGTACATTGAGAG-1,0.041672524888675525,0.32558504847850694,366,2416,True,False,0.2305821560807871,0.128629763877529,0.08621178485941826,0.12221532500615268
human_cervical_cancer_real_profile_mask_epithelial_cell,human_cervical_cancer_real,Epithelial cell,"Cervical
Epithelial cell",TAGGTTCTGCTGAGAA-1,0.04168709341059766,0.325728531581262,367,2415,True,False,0.10590384880773933,0.069307093986215,0.08363040409789338,0.0
human_cervical_cancer_real_profile_mask_epithelial_cell,human_cervical_cancer_real,Epithelial cell,"Cervical
Epithelial cell",AGTTAAGCGGTCCCGG-1,0.0417143667425248,0.3259971423784514,368,2414,True,False,0.1711924102671252,0.12600070776929959,0.10053518162072177,0.1138231134307031
human_cervical_cancer_real_profile_mask_epithelial_cell,human_cervical_cancer_real,Epithelial cell,"Cervical
Epithelial cell",AGGTATGCGGACATTA-1,0.04173484589338132,0.3261988383447538,369,2413,True,False,0.08157472973393158,0.10816223220922501,0.09838628749333066,0.0
human_cervical_cancer_real_profile_mask_epithelial_cell,human_cervical_cancer_real,Epithelial cell,"Cervical
Epithelial cell",CCTCGCGCGATATAGG-1,0.04176647422970543,0.3265103409017751,370,2412,True,False,0.0238155618314535,0.21188812013531091,0.14453611066830413,0.038225680641103835
human_cervical_cancer_real_profile_mask_epithelial_cell,human_cervical_cancer_real,Epithelial cell,"Cervical
Epithelial cell",TCAAGAAATACTAGCT-1,0.04183117909760914,0.32714760906527196,371,2411,True,False,0.06007511581399559,0.1067446984591509,0.06675816150615253,0.0
human_cervical_cancer_real_profile_mask_epithelial_cell,human_cervical_cancer_real,Epithelial cell,"Cervical
Epithelial cell",ATGATGCAATGGTACA-1,0.04184396816457945,0.327273566593431,372,2410,True,False,0.09147725634247943,0.1346287512258214,0.1632777958506532,0.0
human_cervical_cancer_real_profile_mask_epithelial_cell,human_cervical_cancer_real,Epithelial cell,"Cervical
Epithelial cell",TGCGTTTGTTGACACT-1,0.04184758808740276,0.3273092186493635,373,2409,True,False,0.08007340309972566,0.12028815297252024,0.0,0.24809576570448297
human_cervical_cancer_real_profile_mask_epithelial_cell,human_cervical_cancer_real,Epithelial cell,"Cervical
Epithelial cell",TTGACTATTGTCCGGC-1,0.041851037146845155,0.3273431878984766,374,2408,True,False,0.10326097267250332,0.09386194053678608,0.32434975069580585,0.0
human_cervical_cancer_real_profile_mask_epithelial_cell,human_cervical_cancer_real,Epithelial cell,"Cervical
Epithelial cell",TTATCATACTCGCAAA-1,0.04187947767733449,0.3276232942524651,375,2407,True,False,0.11231159790813934,0.1287420062695696,0.12607305565098928,0.0
human_cervical_cancer_real_profile_mask_epithelial_cell,human_cervical_cancer_real,Epithelial cell,"Cervical
Epithelial cell",CATGATACGGTGAAAC-1,0.04188576508503007,0.32768521795133243,376,2406,True,False,0.1804284121849556,0.052316098582815,0.15414096524882728,0.0
human_cervical_cancer_real_profile_mask_epithelial_cell,human_cervical_cancer_real,Epithelial cell,"Cervical
Epithelial cell",CGGGAATTTATGTAAA-1,0.04191000222108723,0.32792392572841267,377,2405,True,False,0.06633858639605941,0.09477801213897268,0.1092980324760116,0.12335393567147858
human_cervical_cancer_real_profile_mask_epithelial_cell,human_cervical_cancer_real,Epithelial cell,"Cervical
Epithelial cell",AGGACGACCCATTAGA-1,0.0419164152084977,0.32798708624232764,378,2404,True,False,0.062188404516990835,0.056184463778045,0.11542902185243571,0.0
human_cervical_cancer_real_profile_mask_epithelial_cell,human_cervical_cancer_real,Epithelial cell,"Cervical
Epithelial cell",GTTAAGTTAGAGTGGG-1,0.04192404964255756,0.32806227659400117,379,2403,True,False,0.09898669393180165,0.24213440818651738,0.1276301641115824,0.0
human_cervical_cancer_real_profile_mask_epithelial_cell,human_cervical_cancer_real,Epithelial cell,"Cervical
Epithelial cell",GCCTGTCCCGGTGCAT-1,0.041927084366148684,0.32809216511386513,380,2402,True,False,0.024908215779383583,0.18057605922935832,0.10451820151975727,0.0
human_cervical_cancer_real_profile_mask_epithelial_cell,human_cervical_cancer_real,Epithelial cell,"Cervical
Epithelial cell",TAATTAGATGGATATG-1,0.04192956700274052,0.32811661621488375,381,2401,True,False,0.12403463850072576,0.062013216003491085,0.11141209886867137,0.0
human_cervical_cancer_real_profile_mask_epithelial_cell,human_cervical_cancer_real,Epithelial cell,"Cervical
Epithelial cell",CTGAGCGAGACTTATT-1,0.04194176763231683,0.32823677831482295,382,2400,True,False,0.041562108622407674,0.2885951923673363,0.15029545909372158,0.0
human_cervical_cancer_real_profile_mask_epithelial_cell,human_cervical_cancer_real,Epithelial cell,"Cervical
Epithelial cell",ACTTGACTCCCTCTTT-1,0.04196423624876674,0.3284580682178123,383,2399,True,False,0.06631022365917133,0.06617512907548483,0.08863091971706703,0.06975442236150836
human_cervical_cancer_real_profile_mask_epithelial_cell,human_cervical_cancer_real,Epithelial cell,"Cervical
Epithelial cell",TCCTAAATTGGGAAGC-1,0.04197365545102078,0.32855083647337807,384,2398,True,False,0.04969362197095817,0.06854146485463909,0.17878896922537943,0.13778614173442782
human_cervical_cancer_real_profile_mask_epithelial_cell,human_cervical_cancer_real,Epithelial cell,"Cervical
Epithelial cell",CTCGCCGAATGTAGGG-1,0.041995066426779325,0.3287617098379699,385,2397,True,False,0.09608300679170267,0.16346538195556193,0.1105437001331991,0.0
human_cervical_cancer_real_profile_mask_epithelial_cell,human_cervical_cancer_real,Epithelial cell,"Cervical
Epithelial cell",TTACTCCGGCCGGGAA-1,0.04199895152183863,0.3287999735339431,386,2396,True,False,1.0524622724769441,0.11883829762962307,0.08725432693810604,0.3126502124645171
human_cervical_cancer_real_profile_mask_epithelial_cell,human_cervical_cancer_real,Epithelial cell,"Cervical
Epithelial cell",CCAATCGGTAGATCGA-1,0.04202332115627349,0.32903998626690323,387,2395,True,False,0.12159231177850457,0.09672881338179215,0.06255231245720606,0.128299129288067
human_cervical_cancer_real_profile_mask_epithelial_cell,human_cervical_cancer_real,Epithelial cell,"Cervical
Epithelial cell",TCTGGCCGTTCAAGTT-1,0.04203854060390415,0.3291898802355527,388,2394,True,False,0.13300281112855697,0.08186044098660533,0.1422776086647019,0.0
human_cervical_cancer_real_profile_mask_epithelial_cell,human_cervical_cancer_real,Epithelial cell,"Cervical
Epithelial cell",TTGGCGATCCGAATAT-1,0.04211536450400647,0.3299465068591281,389,2393,True,False,0.11309743942087809,0.12158603935987151,0.07210303862866445,0.0
human_cervical_cancer_real_profile_mask_epithelial_cell,human_cervical_cancer_real,Epithelial cell,"Cervical
Epithelial cell",TTGTATCACACAGAAT-1,0.04211895256888891,0.3299818451511642,390,2392,True,False,0.039537406066058496,0.13016238977448796,0.07625064543245443,0.0
human_cervical_cancer_real_profile_mask_epithelial_cell,human_cervical_cancer_real,Epithelial cell,"Cervical
Epithelial cell",GGTATAGTGACACATA-1,0.042132486650121606,0.33011514020872634,391,2391,True,False,0.14848904325154094,0.10284510355348733,0.129590252089972,0.0
human_cervical_cancer_real_profile_mask_epithelial_cell,human_cervical_cancer_real,Epithelial cell,"Cervical
Epithelial cell",TCAAATTTGAGACTCA-1,0.04214264892164603,0.330215226837772,392,2390,True,False,0.2117497930634614,0.2117497930634614,0.19572494803970442,0.09723169855915542
human_cervical_cancer_real_profile_mask_epithelial_cell,human_cervical_cancer_real,Epithelial cell,"Cervical
Epithelial cell",GTGCGTGTATATGAGC-1,0.04216833337211878,0.3304681889890518,393,2389,True,False,0.09572227368947257,0.028087561425883915,0.09370938230139517,0.3725246124988085
human_cervical_cancer_real_profile_mask_epithelial_cell,human_cervical_cancer_real,Epithelial cell,"Cervical
Epithelial cell",TTCTGCTAGACTCCAA-1,0.04220913299472122,0.33087001811581723,394,2388,True,False,0.1575801619131666,0.12562785852369657,0.11435392159750203,0.0
human_cervical_cancer_real_profile_mask_epithelial_cell,human_cervical_cancer_real,Epithelial cell,"Cervical
Epithelial cell",GACACTGAGTTCAGTG-1,0.04221257402947421,0.3309039083310145,395,2387,True,False,0.2338907494583174,0.25189569801565326,0.18923961066290318,0.0
human_cervical_cancer_real_profile_mask_epithelial_cell,human_cervical_cancer_real,Epithelial cell,"Cervical
Epithelial cell",TATGGAGTTTCTCGTT-1,0.04225655332025223,0.3313370535142751,396,2386,True,False,0.1130392397318735,0.25863155237305374,0.17231880417183107,0.0
human_cervical_cancer_real_profile_mask_epithelial_cell,human_cervical_cancer_real,Epithelial cell,"Cervical
Epithelial cell",TGGCAAACTAAATTAC-1,0.042259964747617756,0.3313706521309258,397,2385,True,False,0.1313782628127025,0.14291435208629483,0.08729383664920874,0.1550674278516871
human_cervical_cancer_real_profile_mask_epithelial_cell,human_cervical_cancer_real,Epithelial cell,"Cervical
Epithelial cell",AATTCCAAGCATGTAC-1,0.042261077116167375,0.33138160767547314,398,2384,True,False,0.05290214272337967,0.14501435748996105,0.24801427123441447,0.0
human_cervical_cancer_real_profile_mask_epithelial_cell,human_cervical_cancer_real,Epithelial cell,"Cervical
Epithelial cell",ATATGTCTCCCTAGCC-1,0.04228377744605659,0.3316051796880271,399,2383,True,False,0.07444430632571693,0.1351310711084178,0.0,0.0
human_cervical_cancer_real_profile_mask_epithelial_cell,human_cervical_cancer_real,Epithelial cell,"Cervical
Epithelial cell",GTCTATTGGTTCCGGT-1,0.04229748542195848,0.3317401874070948,400,2382,True,False,0.129044513239686,0.12621167666631736,0.0913196439218537,0.0
human_cervical_cancer_real_profile_mask_epithelial_cell,human_cervical_cancer_real,Epithelial cell,"Cervical
Epithelial cell",GTGAACTCCCATTCGA-1,0.042298971173991375,0.33175482034739884,401,2381,True,False,0.1416720682730814,0.07614090630885324,0.13641425246766048,0.0
human_cervical_cancer_real_profile_mask_epithelial_cell,human_cervical_cancer_real,Epithelial cell,"Cervical
Epithelial cell",GGCGTAGGGAAAGCTG-1,0.04234218280521167,0.33218040497127044,402,2380,True,False,0.15252917624469656,0.0664826031310115,0.2503057377748758,0.20045916163582403
human_cervical_cancer_real_profile_mask_epithelial_cell,human_cervical_cancer_real,Epithelial cell,"Cervical
Epithelial cell",CTTGACCCGAAAGATA-1,0.042362810851389404,0.3323835673843949,403,2379,True,False,0.14484225833704217,0.07742327901185833,0.1327482541824324,0.0
human_cervical_cancer_real_profile_mask_epithelial_cell,human_cervical_cancer_real,Epithelial cell,"Cervical
Epithelial cell",CTCGGGATAACACCTA-1,0.04237429591960338,0.33249668203195504,404,2378,True,False,0.26896244721133866,0.139042138054966,0.11354456831691552,0.0
human_cervical_cancer_real_profile_mask_epithelial_cell,human_cervical_cancer_real,Epithelial cell,"Cervical
Epithelial cell",AGGGCGTGATCGGCTA-1,0.042391069439767955,0.33266188181887935,405,2377,True,False,0.09769868145139,0.09398479618820366,0.18762919827415675,0.0
human_cervical_cancer_real_profile_mask_epithelial_cell,human_cervical_cancer_real,Epithelial cell,"Cervical
Epithelial cell",CCTAAAGGCTGACGCT-1,0.0423997139789364,0.3327470205384012,406,2376,True,False,0.14556537827223645,0.15158322780951258,0.08449659189436001,0.0899457076750829
human_cervical_cancer_real_profile_mask_epithelial_cell,human_cervical_cancer_real,Epithelial cell,"Cervical
Epithelial cell",GAGATCTGCTTGGCAT-1,0.042414832116715546,0.33289591672210633,407,2375,True,False,0.08572178274657434,0.086606321521898,0.06127880474198046,0.0
human_cervical_cancer_real_profile_mask_epithelial_cell,human_cervical_cancer_real,Epithelial cell,"Cervical
Epithelial cell",ACGGCGACGATGGGAA-1,0.042435368464265245,0.33309817600972913,408,2374,True,False,0.07704700411621732,0.17634689909229057,0.11375565543446413,0.13647580492835837
human_cervical_cancer_real_profile_mask_epithelial_cell,human_cervical_cancer_real,Epithelial cell,"Cervical
Epithelial cell",GTAGCGGCTATACACT-1,0.04244567688601909,0.33319970204961535,409,2373,True,False,0.062408086003528665,0.1257943993976312,0.19239159716049561,0.09797221114572201
human_cervical_cancer_real_profile_mask_epithelial_cell,human_cervical_cancer_real,Epithelial cell,"Cervical
Epithelial cell",AATGATGCGACTCCTG-1,0.04246069783888726,0.3333476410742729,410,2372,True,False,0.040632249104156755,0.09727818399718043,0.12074563400570049,0.0
human_cervical_cancer_real_profile_mask_epithelial_cell,human_cervical_cancer_real,Epithelial cell,"Cervical
Epithelial cell",TGCCCGATAGTTAGAA-1,0.04247749403788971,0.33351306422153826,411,2371,True,False,0.0807191855640965,0.17486365870627732,0.1047511618108001,0.1668867139420532
human_cervical_cancer_real_profile_mask_epithelial_cell,human_cervical_cancer_real,Epithelial cell,"Cervical
Epithelial cell",ATAAGTAGGGCGACTC-1,0.04248415158583719,0.3335786333740817,412,2370,True,False,0.05117669701487325,0.0879268621464449,0.09370249760251002,0.0
human_cervical_cancer_real_profile_mask_epithelial_cell,human_cervical_cancer_real,Epithelial cell,"Cervical
Epithelial cell",GCACGCCGATTCCCGC-1,0.04248903196609141,0.3336266994788824,413,2369,True,False,0.13201724376372148,0.13201724376372148,0.1803211541336212,0.17166879252533357
human_cervical_cancer_real_profile_mask_epithelial_cell,human_cervical_cancer_real,Epithelial cell,"Cervical
Epithelial cell",CGTGACATTGGGTCGT-1,0.04251628667521396,0.3338951268629707,414,2368,True,False,0.1055458036433424,0.060853225531405,0.05778714957197349,0.12068178110324211
human_cervical_cancer_real_profile_mask_epithelial_cell,human_cervical_cancer_real,Epithelial cell,"Cervical
Epithelial cell",CTTCAACTCCACTTGG-1,0.04258748881119559,0.334596385607546,415,2367,True,False,0.10302315723606158,0.09964708101865934,0.12242650616817816,0.14458246357135898
human_cervical_cancer_real_profile_mask_epithelial_cell,human_cervical_cancer_real,Epithelial cell,"Cervical
Epithelial cell",ATTACATGTCAGTCTT-1,0.04262338587799468,0.33494993022598213,416,2366,True,False,0.12105514436126848,0.12076883868701983,0.3237938496475282,0.0
human_cervical_cancer_real_profile_mask_epithelial_cell,human_cervical_cancer_real,Epithelial cell,"Cervical
Epithelial cell",AATAACAACGCTCGGC-1,0.042645871763415534,0.335171390208376,417,2365,True,False,0.16839495717977918,0.10244177207596117,0.10723765187763318,0.0
human_cervical_cancer_real_profile_mask_epithelial_cell,human_cervical_cancer_real,Epithelial cell,"Cervical
Epithelial cell",CCTACGGCTCAGTCGA-1,0.042651635450456554,0.3352281558641079,418,2364,True,False,0.023445744235421333,0.106350677789391,0.1853312532717194,0.0
human_cervical_cancer_real_profile_mask_epithelial_cell,human_cervical_cancer_real,Epithelial cell,"Cervical
Epithelial cell",AAGAGCTCTTTATCGG-1,0.0426681248345789,0.33539055723941835,419,2363,True,False,0.10395610014317166,0.14986967955806102,0.10053829966633092,0.1287155017268013
human_cervical_cancer_real_profile_mask_epithelial_cell,human_cervical_cancer_real,Epithelial cell,"Cervical
Epithelial cell",AGTCGGTTGCGTGAGA-1,0.04271564665840714,0.335858592278793,420,2362,True,False,0.14326944208493642,0.1771415340140707,0.09225862145237004,0.0
human_cervical_cancer_real_profile_mask_epithelial_cell,human_cervical_cancer_real,Epithelial cell,"Cervical
Epithelial cell",TTACAGACCTAAATGA-1,0.04272215301066113,0.3359226723285063,421,2361,True,False,0.033786397712968,0.08274422141853925,0.0,0.24345441781236113
human_cervical_cancer_real_profile_mask_epithelial_cell,human_cervical_cancer_real,Epithelial cell,"Cervical
Epithelial cell",TCGCGTAGCAGTGTCC-1,0.04272244841523746,0.335925581722157,422,2360,True,False,0.17337376403705201,0.15168699919471582,0.24641665360689416,0.0
human_cervical_cancer_real_profile_mask_epithelial_cell,human_cervical_cancer_real,Epithelial cell,"Cervical
Epithelial cell",CACACAGCTTGCGCTC-1,0.042739897873801815,0.33609743872107506,423,2359,True,False,0.10645166002270316,0.06427630705320184,0.2771214685162924,0.0
human_cervical_cancer_real_profile_mask_epithelial_cell,human_cervical_cancer_real,Epithelial cell,"Cervical
Epithelial cell",CATTGATGAACACGCC-1,0.04275498543508307,0.33624603376161605,424,2358,True,False,0.18671625078691595,0.03876371441432925,0.170082075976958,0.0
human_cervical_cancer_real_profile_mask_epithelial_cell,human_cervical_cancer_real,Epithelial cell,"Cervical
Epithelial cell",TCAGAACCTCCACAGG-1,0.04277255817656169,0.3364191049547503,425,2357,True,False,0.064709488060128,0.09162379258728123,0.14711179703549473,0.0
human_cervical_cancer_real_profile_mask_epithelial_cell,human_cervical_cancer_real,Epithelial cell,"Cervical
Epithelial cell",TCAAGGTTACTACACC-1,0.04281200981952981,0.3368076580401015,426,2356,True,False,0.14323633545785278,0.10634858496958484,0.1350140137671812,0.0
human_cervical_cancer_real_profile_mask_epithelial_cell,human_cervical_cancer_real,Epithelial cell,"Cervical
Epithelial cell",TCTGTGCCATCATAGT-1,0.042824469653713275,0.3369303730058346,427,2355,True,False,0.06346456648109183,0.08693089698844834,0.10555671036603513,0.2251247691725956
human_cervical_cancer_real_profile_mask_epithelial_cell,human_cervical_cancer_real,Epithelial cell,"Cervical
Epithelial cell",TTAGACACGATCGTTG-1,0.04283784466328903,0.3370621013914296,428,2354,True,False,0.021938232732399164,0.18945971245181942,0.1021895586822567,0.12624927259403504
human_cervical_cancer_real_profile_mask_epithelial_cell,human_cervical_cancer_real,Epithelial cell,"Cervical
Epithelial cell",ATACTGCCTTACACCG-1,0.04284963171597188,0.3371781902369771,429,2353,True,False,0.084359989156265,0.12154335147367332,0.20761159089118983,0.19148627943937316
human_cervical_cancer_real_profile_mask_epithelial_cell,human_cervical_cancer_real,Epithelial cell,"Cervical
Epithelial cell",CGCCCGCTTCCGTACA-1,0.04285761521416219,0.33725681846689004,430,2352,True,False,0.06993550571730317,0.14397596811567384,0.09283781121915775,0.07023670192773594
human_cervical_cancer_real_profile_mask_epithelial_cell,human_cervical_cancer_real,Epithelial cell,"Cervical
Epithelial cell",TTGTGGTGGTACTAAG-1,0.042866316342408596,0.3373425145234246,431,2351,True,False,0.09012898150578316,0.1614179850023885,0.11266219686820701,0.0
human_cervical_cancer_real_profile_mask_epithelial_cell,human_cervical_cancer_real,Epithelial cell,"Cervical
Epithelial cell",GGGTTAACATTTGAGT-1,0.042899988637592354,0.3376741477128225,432,2350,True,False,0.12533700162202133,0.17574452058096693,0.12231756458284693,0.0
human_cervical_cancer_real_profile_mask_epithelial_cell,human_cervical_cancer_real,Epithelial cell,"Cervical
Epithelial cell",GCGGTCTTGCTTTCAC-1,0.042911876260498895,0.3377912270588351,433,2349,True,False,0.026656056991318417,0.026656056991318417,0.09881741449679048,0.0
human_cervical_cancer_real_profile_mask_epithelial_cell,human_cervical_cancer_real,Epithelial cell,"Cervical
Epithelial cell",TCCCGCCTATGTGCGT-1,0.04292451438566967,0.3379156979847259,434,2348,True,False,0.2857957057887602,0.08524159898962418,0.10147771707686712,0.0
human_cervical_cancer_real_profile_mask_epithelial_cell,human_cervical_cancer_real,Epithelial cell,"Cervical
Epithelial cell",CCCAGAGGAGGGCGTA-1,0.04292810699494094,0.3379510810337397,435,2347,True,False,0.10859164865156076,0.16213630883258232,0.09048657376311413,0.0
human_cervical_cancer_real_profile_mask_epithelial_cell,human_cervical_cancer_real,Epithelial cell,"Cervical
Epithelial cell",CATTACATAGATTGTG-1,0.042972081949261186,0.3383841835079033,436,2346,True,False,0.1583678596479219,0.07123279645864633,0.038471966051776746,0.0
human_cervical_cancer_real_profile_mask_epithelial_cell,human_cervical_cancer_real,Epithelial cell,"Cervical
Epithelial cell",AACAGGAAATCGAATA-1,0.042993079921926684,0.33859098926937414,437,2345,True,False,0.09206399306316632,0.27004750903159597,0.08442199109497275,0.09749775418835505
human_cervical_cancer_real_profile_mask_epithelial_cell,human_cervical_cancer_real,Epithelial cell,"Cervical
Epithelial cell",CCGATCTCAACCTTAT-1,0.042996765276630974,0.3386272857537087,438,2344,True,False,0.05098665965215476,0.23553709459147573,0.10135306567769203,0.0
human_cervical_cancer_real_profile_mask_epithelial_cell,human_cervical_cancer_real,Epithelial cell,"Cervical
Epithelial cell",ATCTGGGCTGTTCTTG-1,0.0429976812160255,0.33863630669810957,439,2343,True,False,0.18329436722880335,0.18234776453885584,0.1155307041585814,0.1486328079918279
human_cervical_cancer_real_profile_mask_epithelial_cell,human_cervical_cancer_real,Epithelial cell,"Cervical
Epithelial cell",GTTAGCCGTAAATCAA-1,0.043016570915206796,0.33882234840248626,440,2342,True,False,0.07903246415997825,0.065163999491534,0.3347547495276103,0.0
human_cervical_cancer_real_profile_mask_epithelial_cell,human_cervical_cancer_real,Epithelial cell,"Cervical
Epithelial cell",TAGGTGACGATAACCT-1,0.04302880620860965,0.3389428519010528,441,2341,True,False,0.17892659605514877,0.12496371933554233,0.13011689399695905,0.09662093506202821
human_cervical_cancer_real_profile_mask_epithelial_cell,human_cervical_cancer_real,Epithelial cell,"Cervical
Epithelial cell",CTCATTGCTCTAACAA-1,0.04305889462206407,0.33923918799763775,442,2340,True,False,0.12124898422637982,0.12533192586610167,0.08473958530266036,0.12881514418316223
human_cervical_cancer_real_profile_mask_epithelial_cell,human_cervical_cancer_real,Epithelial cell,"Cervical
Epithelial cell",AGTCTAAAGTATACTC-1,0.043106485487829534,0.33970790302029596,443,2339,True,False,0.07900122933888842,0.12563261585450186,0.08798208651379316,0.0
human_cervical_cancer_real_profile_mask_epithelial_cell,human_cervical_cancer_real,Epithelial cell,"Cervical
Epithelial cell",TACTTGTTAGTAGTCC-1,0.043130991127623274,0.3399492552488472,444,2338,True,False,0.06711653450086183,0.20676745474070096,0.10336803478810798,0.5627848753026704
human_cervical_cancer_real_profile_mask_epithelial_cell,human_cervical_cancer_real,Epithelial cell,"Cervical
Epithelial cell",GACGCCGTAAAGGCTA-1,0.043138092220623175,0.3400191928075113,445,2337,True,False,0.1947511258921242,0.12641019037973392,0.10013561845846158,0.0
human_cervical_cancer_real_profile_mask_epithelial_cell,human_cervical_cancer_real,Epithelial cell,"Cervical
Epithelial cell",GTGCGCAGCTTGCTCC-1,0.04314383082768432,0.34007571145442866,446,2336,True,False,0.01872755669873733,0.1388129834249515,0.17519829788654576,0.0
human_cervical_cancer_real_profile_mask_epithelial_cell,human_cervical_cancer_real,Epithelial cell,"Cervical
Epithelial cell",GTACTCCTGGGTATGC-1,0.04316254970696831,0.3402600707802491,447,2335,True,False,0.10665707638511873,0.10665707638511873,0.09198439494331291,0.0
human_cervical_cancer_real_profile_mask_epithelial_cell,human_cervical_cancer_real,Epithelial cell,"Cervical
Epithelial cell",ACGTAGGAGAGTCGCT-1,0.04316570253096102,0.3402911224525692,448,2334,True,False,0.3926361689597223,0.12351379328448002,0.1378704553416607,0.0
human_cervical_cancer_real_profile_mask_epithelial_cell,human_cervical_cancer_real,Epithelial cell,"Cervical
Epithelial cell",CCTATGAAGTGGTGCC-1,0.04316914178735367,0.34032499515297254,449,2333,True,False,0.07781827809509817,0.07781827809509817,0.20817934879974706,0.0
human_cervical_cancer_real_profile_mask_epithelial_cell,human_cervical_cancer_real,Epithelial cell,"Cervical
Epithelial cell",TGCATGTGGTAATCTA-1,0.0431804171147068,0.3404360440954702,450,2332,True,False,0.07287810037749992,0.09016524694877609,0.09654089974259951,0.15710747651181617
human_cervical_cancer_real_profile_mask_epithelial_cell,human_cervical_cancer_real,Epithelial cell,"Cervical
Epithelial cell",ACGTTCGCAATCAATT-1,0.04318598522594378,0.3404908835555772,451,2331,True,False,0.11592678394138908,0.1189706856960186,0.2160644593923444,0.0
human_cervical_cancer_real_profile_mask_epithelial_cell,human_cervical_cancer_real,Epithelial cell,"Cervical
Epithelial cell",GATCCTAAATCGGGAC-1,0.043191523119426214,0.3405454254057274,452,2330,True,False,0.18968038090693445,0.09395721034816,0.1051950322688398,0.48365402952504066
human_cervical_cancer_real_profile_mask_epithelial_cell,human_cervical_cancer_real,Epithelial cell,"Cervical
Epithelial cell",TTGCGGCATCAGAAAG-1,0.0432265001925326,0.34088990914961165,453,2329,True,False,0.10139477925691075,0.160725284924781,0.11375857309558005,0.0
human_cervical_cancer_real_profile_mask_epithelial_cell,human_cervical_cancer_real,Epithelial cell,"Cervical
Epithelial cell",CGCTCTCCGTAGATTA-1,0.043274274737543264,0.3413604332005401,454,2328,True,False,0.11934923506108358,0.13670658460476315,0.10440054298242145,0.0
human_cervical_cancer_real_profile_mask_epithelial_cell,human_cervical_cancer_real,Epithelial cell,"Cervical
Epithelial cell",TATATCCCTGGGAGGA-1,0.04329128284822757,0.34152794343294596,455,2327,True,False,0.141813583895189,0.10439893791356773,0.10479307212604977,0.0
human_cervical_cancer_real_profile_mask_epithelial_cell,human_cervical_cancer_real,Epithelial cell,"Cervical
Epithelial cell",AATAGAATCTGTTTCA-1,0.043291384307452566,0.3415289426890464,456,2326,True,False,0.09529484009322875,0.0676676412368865,0.10777364808466179,0.2171373265241172
human_cervical_cancer_real_profile_mask_epithelial_cell,human_cervical_cancer_real,Epithelial cell,"Cervical
Epithelial cell",GTTGTAGATTTATGAG-1,0.043299086299153584,0.3416047984054027,457,2325,True,False,0.24559457794115375,0.24559457794115375,0.0966166079371306,0.0
human_cervical_cancer_real_profile_mask_epithelial_cell,human_cervical_cancer_real,Epithelial cell,"Cervical
Epithelial cell",CCCTCCTCGCTCGTAT-1,0.0433476088766613,0.34208268971185735,458,2324,True,False,0.17455048989365515,0.1249392602442865,0.10080738863417966,0.0
human_cervical_cancer_real_profile_mask_epithelial_cell,human_cervical_cancer_real,Epithelial cell,"Cervical
Epithelial cell",TTCAAAGTCTCTAGCC-1,0.04335511464910421,0.34215661289530985,459,2323,True,False,0.1491881091429071,0.13621647798075706,0.073485297649284,0.1015732142926024
human_cervical_cancer_real_profile_mask_epithelial_cell,human_cervical_cancer_real,Epithelial cell,"Cervical
Epithelial cell",GCGCGGTCTAGTAACT-1,0.04335555328248132,0.3421609329271056,460,2322,True,False,0.08824315581676792,0.12393795967775384,0.14774330118979093,0.0
human_cervical_cancer_real_profile_mask_epithelial_cell,human_cervical_cancer_real,Epithelial cell,"Cervical
Epithelial cell",ATGACTATGCGACATT-1,0.04335759726051392,0.34218106374831364,461,2321,True,False,0.053249470483644576,0.09572917900689489,0.11284242435290182,0.0
human_cervical_cancer_real_profile_mask_epithelial_cell,human_cervical_cancer_real,Epithelial cell,"Cervical
Epithelial cell",CTAGCCGATGTTATGA-1,0.04335925074252157,0.34219734863500806,462,2320,True,False,0.08698637275268974,0.16582094157004648,0.09057836638017008,0.0
human_cervical_cancer_real_profile_mask_epithelial_cell,human_cervical_cancer_real,Epithelial cell,"Cervical
Epithelial cell",CCAATAGTGCCGTCGA-1,0.043393848169578884,0.34253809330410073,463,2319,True,False,0.082960030344747,0.10033891850356116,0.09401666466891176,0.0
human_cervical_cancer_real_profile_mask_epithelial_cell,human_cervical_cancer_real,Epithelial cell,"Cervical
Epithelial cell",CTGCAGAGAATCAGAG-1,0.04341160957583412,0.34271302262722736,464,2318,True,False,0.10586853865584975,0.145970170908721,0.2002012258040124,0.0
human_cervical_cancer_real_profile_mask_epithelial_cell,human_cervical_cancer_real,Epithelial cell,"Cervical
Epithelial cell",GCGTCGTAACATGGTC-1,0.04341474980768429,0.3427439502814974,465,2317,True,False,0.047046310349882166,0.08115565558692667,0.20341911572832577,0.10898717049457689
human_cervical_cancer_real_profile_mask_epithelial_cell,human_cervical_cancer_real,Epithelial cell,"Cervical
Epithelial cell",GACCGACGTGAAAGCA-1,0.04342273821832126,0.34282262689333215,466,2316,True,False,0.057538264014793165,0.06974266170942307,0.11091812449524173,0.0
human_cervical_cancer_real_profile_mask_epithelial_cell,human_cervical_cancer_real,Epithelial cell,"Cervical
Epithelial cell",AACCTGTCACGGAATT-1,0.04342597507695766,0.3428545062097661,467,2315,True,False,0.2885951923673363,0.08675887742518208,0.5070820877533868,0.0
human_cervical_cancer_real_profile_mask_epithelial_cell,human_cervical_cancer_real,Epithelial cell,"Cervical
Epithelial cell",AACTGATATTAGGCCT-1,0.04343261149723865,0.3429198672792138,468,2314,True,False,0.06659013737844216,0.10438719551157176,0.16655683992974002,0.09103460878203101
human_cervical_cancer_real_profile_mask_epithelial_cell,human_cervical_cancer_real,Epithelial cell,"Cervical
Epithelial cell",CGTTTCACTTCGGGCG-1,0.043435451624084985,0.34294783924605493,469,2313,True,False,0.11969520726628957,0.16651022119288994,0.07744049370494581,0.13396760679062542
human_cervical_cancer_real_profile_mask_epithelial_cell,human_cervical_cancer_real,Epithelial cell,"Cervical
Epithelial cell",ATCGACCCAATACAGA-1,0.04343907230694899,0.3429834987875099,470,2312,True,False,0.12986018986762052,0.17791587686184454,0.09538327389701645,0.1098416130309783
human_cervical_cancer_real_profile_mask_epithelial_cell,human_cervical_cancer_real,Epithelial cell,"Cervical
Epithelial cell",CTGCACTCCAGTACAG-1,0.04344918693193647,0.34308311615323617,471,2311,True,False,0.07951449389956926,0.08549902173191735,0.11757912408328404,0.16430788709263278
human_cervical_cancer_real_profile_mask_epithelial_cell,human_cervical_cancer_real,Epithelial cell,"Cervical
Epithelial cell",AGTCCCTCGCAGAAAG-1,0.04347616369485333,0.3433488060884463,472,2310,True,False,0.12161782734140077,0.08779844364530759,0.1286151233255222,0.0
human_cervical_cancer_real_profile_mask_epithelial_cell,human_cervical_cancer_real,Epithelial cell,"Cervical
Epithelial cell",GCAGCTGTCAACGCAT-1,0.04348080521045474,0.34339451965249457,473,2309,True,False,0.07155993653791475,0.15923489342773303,0.08702799442622025,0.0
human_cervical_cancer_real_profile_mask_epithelial_cell,human_cervical_cancer_real,Epithelial cell,"Cervical
Epithelial cell",ATGTTTCGGCCCGGAG-1,0.043485727940811056,0.343443002856853,474,2308,True,False,0.04917708749378783,0.10302315723606158,0.11267439771293068,0.0
human_cervical_cancer_real_profile_mask_epithelial_cell,human_cervical_cancer_real,Epithelial cell,"Cervical
Epithelial cell",TCTCCCTGGGCAGCGT-1,0.04350566768745762,0.34363938631512636,475,2307,True,False,0.06400007678652192,0.21064640054360723,0.06570932350390127,0.2013163156236303
human_cervical_cancer_real_profile_mask_epithelial_cell,human_cervical_cancer_real,Epithelial cell,"Cervical
Epithelial cell",ATTACTAGCCTCTTGC-1,0.04352861674939219,0.34386540805084465,476,2306,True,False,0.028959353017815832,0.020357011305671,0.18652474222591778,0.0
human_cervical_cancer_real_profile_mask_epithelial_cell,human_cervical_cancer_real,Epithelial cell,"Cervical
Epithelial cell",TCCTGCGTTGATACTC-1,0.04354405543226196,0.34401746123320903,477,2305,True,False,0.045481735489679,0.045481735489679,0.13900291566809228,0.0
human_cervical_cancer_real_profile_mask_epithelial_cell,human_cervical_cancer_real,Epithelial cell,"Cervical
Epithelial cell",TCAAACTTAGATTGTT-1,0.04356546371980501,0.34422830812198524,478,2304,True,False,0.14871984870947969,0.2075681754757361,0.0,0.11534664995570848
human_cervical_cancer_real_profile_mask_epithelial_cell,human_cervical_cancer_real,Epithelial cell,"Cervical
Epithelial cell",AGATACGACTTCATAT-1,0.043587848769340416,0.3444487749874527,479,2303,True,False,0.14574909975268502,0.05325655451723084,0.14364724717877408,0.0
human_cervical_cancer_real_profile_mask_epithelial_cell,human_cervical_cancer_real,Epithelial cell,"Cervical
Epithelial cell",GGGACCCGTATATCTT-1,0.04358980279497315,0.3444680198814883,480,2302,True,False,0.0,0.18759539385422994,0.14029893391194925,0.0
human_cervical_cancer_real_profile_mask_epithelial_cell,human_cervical_cancer_real,Epithelial cell,"Cervical
Epithelial cell",GCGTCTAACCTCCTAA-1,0.04360636958816674,0.34463118364668177,481,2301,True,False,0.08156867367253391,0.2743998714509316,0.09213883415075651,0.0
human_cervical_cancer_real_profile_mask_epithelial_cell,human_cervical_cancer_real,Epithelial cell,"Cervical
Epithelial cell",CTGCTTGGCGATAGCT-1,0.04361258929089488,0.3446924405298726,482,2300,True,False,0.1396840423501894,0.11605608272826558,0.12034197793330906,0.132819624899335
human_cervical_cancer_real_profile_mask_epithelial_cell,human_cervical_cancer_real,Epithelial cell,"Cervical
Epithelial cell",GCCATCGAGCTGCGTG-1,0.0436530028103606,0.34509046698699625,483,2299,True,False,0.1012484260867339,0.0317331054787465,0.09192168607535661,0.0
human_cervical_cancer_real_profile_mask_epithelial_cell,human_cervical_cancer_real,Epithelial cell,"Cervical
Epithelial cell",CTACTGCCACCTGACC-1,0.0436706781662803,0.3452645488137741,484,2298,True,False,0.07499265842085333,0.2333403718893622,0.22919768784873282,0.1029602843241665
human_cervical_cancer_real_profile_mask_epithelial_cell,human_cervical_cancer_real,Epithelial cell,"Cervical
Epithelial cell",TAGAGGGAGTTTATCT-1,0.04367271628202291,0.3452846218982014,485,2297,True,False,0.09641401227458175,0.09826836876710701,0.1039755240523108,0.0
human_cervical_cancer_real_profile_mask_epithelial_cell,human_cervical_cancer_real,Epithelial cell,"Cervical
Epithelial cell",TCAATACGCCGTCATG-1,0.043673664075440585,0.3452939565679137,486,2296,True,False,0.14262991515047568,0.024832088608425916,0.09911363986909698,0.0
human_cervical_cancer_real_profile_mask_epithelial_cell,human_cervical_cancer_real,Epithelial cell,"Cervical
Epithelial cell",AACTCTCAATAGAGCG-1,0.04368489912936049,0.3454046088636417,487,2295,True,False,0.12085860772429066,0.12335399168999515,0.1046265932315869,0.0
human_cervical_cancer_real_profile_mask_epithelial_cell,human_cervical_cancer_real,Epithelial cell,"Cervical
Epithelial cell",CGGCTCTAAAGCTGCA-1,0.04369106185158101,0.34546530455469016,488,2294,True,False,0.1825266787649225,0.10916395494272811,0.08741352124820116,0.0
human_cervical_cancer_real_profile_mask_epithelial_cell,human_cervical_cancer_real,Epithelial cell,"Cervical
Epithelial cell",AAACTCGGTTCGCAAT-1,0.043691740892168415,0.34547199231964654,489,2293,True,False,0.1724147315645826,0.1704009655340265,0.10029935600656538,0.0
human_cervical_cancer_real_profile_mask_epithelial_cell,human_cervical_cancer_real,Epithelial cell,"Cervical
Epithelial cell",AAAGTTGACTCCCGTA-1,0.04370340897441801,0.3455869094439315,490,2292,True,False,0.0900218463613811,0.0980497968608215,0.09564431647599031,0.7984685679080438
human_cervical_cancer_real_profile_mask_epithelial_cell,human_cervical_cancer_real,Epithelial cell,"Cervical
Epithelial cell",TTCTACTTGCGAGGGC-1,0.04371634510983211,0.34571431542628134,491,2291,True,False,0.04816640941810183,0.18412504178860747,0.13794273274826102,0.0
human_cervical_cancer_real_profile_mask_epithelial_cell,human_cervical_cancer_real,Epithelial cell,"Cervical
Epithelial cell",TGTATGGCGCAGACAG-1,0.04375433001168698,0.3460884228069144,492,2290,True,False,0.10607726331369824,0.09381758905499415,0.09649659735005217,0.704515680721002
human_cervical_cancer_real_profile_mask_epithelial_cell,human_cervical_cancer_real,Epithelial cell,"Cervical
Epithelial cell",GCCCAGATGCTGGAGA-1,0.04377313914250717,0.3462736710060544,493,2289,True,False,0.021458298464595335,0.23678546587694185,0.16196795231038427,0.0
human_cervical_cancer_real_profile_mask_epithelial_cell,human_cervical_cancer_real,Epithelial cell,"Cervical
Epithelial cell",GTTAGCCCATGACATC-1,0.043789274187537516,0.3464325825508508,494,2288,True,False,0.0401100325677725,0.08188278656833957,0.10902369552254626,0.111983556485772
human_cervical_cancer_real_profile_mask_epithelial_cell,human_cervical_cancer_real,Epithelial cell,"Cervical
Epithelial cell",GTGGCGTGCACCAGAG-1,0.04379128292092934,0.34645236625308273,495,2287,True,False,0.05263917984656241,0.12632439520300334,0.35096191765260565,0.0
human_cervical_cancer_real_profile_mask_epithelial_cell,human_cervical_cancer_real,Epithelial cell,"Cervical
Epithelial cell",CCGCTTGCTGACATGG-1,0.04380947398928976,0.34663152725134555,496,2286,True,False,0.12118394755982835,0.1344401509832597,0.1201466475856327,0.0
human_cervical_cancer_real_profile_mask_epithelial_cell,human_cervical_cancer_real,Epithelial cell,"Cervical
Epithelial cell",CAAGTGTGGTTGCAAA-1,0.04382181655808772,0.34675308728856585,497,2285,True,False,0.07010914514230566,0.10169805465991276,0.1341392499988955,0.6116123879493345
human_cervical_cancer_real_profile_mask_epithelial_cell,human_cervical_cancer_real,Epithelial cell,"Cervical
Epithelial cell",AGTGAACAAACTTCTC-1,0.04382530932216591,0.346787486977828,498,2284,True,False,0.1046107410018745,0.09884013305114504,0.10370504686278044,0.0
human_cervical_cancer_real_profile_mask_epithelial_cell,human_cervical_cancer_real,Epithelial cell,"Cervical
Epithelial cell",GGGTGCATATGAAAGC-1,0.04383604572879154,0.3468932281740399,499,2283,True,False,0.16586681819519514,0.05602715051430166,0.08778892463198122,0.0
human_cervical_cancer_real_profile_mask_epithelial_cell,human_cervical_cancer_real,Epithelial cell,"Cervical
Epithelial cell",GGTTTGAGTGCTGGAA-1,0.04391791573261237,0.34769955308699735,500,2282,True,False,0.0756100547686765,0.14529978228407744,0.09785652367704188,0.0
human_cervical_cancer_real_profile_mask_epithelial_cell,human_cervical_cancer_real,Epithelial cell,"Cervical
Epithelial cell",GAAGCCACTGATTATG-1,0.04392136198574448,0.34773349469719755,501,2281,True,False,0.20819501658603587,0.126110291728158,0.18456626459704006,0.0
human_cervical_cancer_real_profile_mask_epithelial_cell,human_cervical_cancer_real,Epithelial cell,"Cervical
Epithelial cell",CCTGACCACCGATGGT-1,0.043924365996118694,0.3477630807273731,502,2280,True,False,0.09419442810270091,0.07776071499107483,0.12048156850947057,0.105142634313168
human_cervical_cancer_real_profile_mask_epithelial_cell,human_cervical_cancer_real,Epithelial cell,"Cervical
Epithelial cell",CTAGTTGGGCCCGGTA-1,0.04394715147729269,0.347987491381665,503,2279,True,False,0.099016240793135,0.153400523800272,0.10400348411757933,0.07902737045987668
human_cervical_cancer_real_profile_mask_epithelial_cell,human_cervical_cancer_real,Epithelial cell,"Cervical
Epithelial cell",GATTCGACGGTTCACG-1,0.04397154883410666,0.34822777714801806,504,2278,True,False,0.047776767272151334,0.05017944719284901,0.15609509863966,0.08469643471251155
human_cervical_cancer_real_profile_mask_epithelial_cell,human_cervical_cancer_real,Epithelial cell,"Cervical
Epithelial cell",CCTCACCTGAGGGAGC-1,0.04397482706080233,0.34826006389202296,505,2277,True,False,0.05575116392042683,0.09931018491070816,0.12199797790211088,0.0
human_cervical_cancer_real_profile_mask_epithelial_cell,human_cervical_cancer_real,Epithelial cell,"Cervical
Epithelial cell",AAGCTAGATCGAGTAA-1,0.04397523466881169,0.34826407835980516,506,2276,True,False,0.06661777269793091,0.08087361097720297,0.0840262621642782,0.09208205861463906
human_cervical_cancer_real_profile_mask_epithelial_cell,human_cervical_cancer_real,Epithelial cell,"Cervical
Epithelial cell",ACCCATTTGTCCCTCT-1,0.0439832891662194,0.3483434058499492,507,2275,True,False,0.09393132248722559,0.025931466718156583,0.1739193536523672,0.0
human_cervical_cancer_real_profile_mask_epithelial_cell,human_cervical_cancer_real,Epithelial cell,"Cervical
Epithelial cell",AGCAACATATCTTATT-1,0.04398447642448648,0.3483550989716566,508,2274,True,False,0.029323102471211834,0.08535717923401218,0.14191031059928705,0.6423403760462637
human_cervical_cancer_real_profile_mask_epithelial_cell,human_cervical_cancer_real,Epithelial cell,"Cervical
Epithelial cell",ACATTAGTTTATATCC-1,0.04398515063293774,0.3483617391456569,509,2273,True,False,0.11353246987251696,0.055945963105110755,0.12830127227355334,0.09459703230656867
human_cervical_cancer_real_profile_mask_epithelial_cell,human_cervical_cancer_real,Epithelial cell,"Cervical
Epithelial cell",CGCACATGTCCACTAC-1,0.04399489988018534,0.34845775796294587,510,2272,True,False,0.089885543840424,0.13113418972353025,0.1336195915304245,0.5161671110358764
human_cervical_cancer_real_profile_mask_epithelial_cell,human_cervical_cancer_real,Epithelial cell,"Cervical
Epithelial cell",ACTTGTGGATGGAACG-1,0.043999421821431094,0.348502293857794,511,2271,True,False,0.2002821012726895,0.106947475909314,0.08834252822931395,0.0
human_cervical_cancer_real_profile_mask_epithelial_cell,human_cervical_cancer_real,Epithelial cell,"Cervical
Epithelial cell",AAGCTCTTTCATGGTG-1,0.044014834678002344,0.34865409268096786,512,2270,True,False,0.09046284801948559,0.09640284150630735,0.09672617759883469,0.32916424079471
human_cervical_cancer_real_profile_mask_epithelial_cell,human_cervical_cancer_real,Epithelial cell,"Cervical
Epithelial cell",TAACTATTACGCCAAA-1,0.04403088088023303,0.34881212922687144,513,2269,True,False,0.14650563682079742,0.16138714843477894,0.4550821382094309,0.0
human_cervical_cancer_real_profile_mask_epithelial_cell,human_cervical_cancer_real,Epithelial cell,"Cervical
Epithelial cell",TGCTAAGTGTCTATTT-1,0.044031904326572446,0.3488222089904238,514,2268,True,False,0.13295684064157853,0.1493878354765124,0.5692140167195263,0.0
human_cervical_cancer_real_profile_mask_epithelial_cell,human_cervical_cancer_real,Epithelial cell,"Cervical
Epithelial cell",CGAGGAGCTTCCATAT-1,0.04403876069340682,0.34888973627921,515,2267,True,False,0.17789472976245307,0.10449216331179459,0.1650638431574417,0.0
human_cervical_cancer_real_profile_mask_epithelial_cell,human_cervical_cancer_real,Epithelial cell,"Cervical
Epithelial cell",CTGCGACCTCGCCGAA-1,0.0440740346945786,0.3492371444213513,516,2266,True,False,0.13144010368808243,0.08233056829436508,0.09665819561517747,0.09350189364660974
human_cervical_cancer_real_profile_mask_epithelial_cell,human_cervical_cancer_real,Epithelial cell,"Cervical
Epithelial cell",TTAGCTAATACGATCT-1,0.04410545827247579,0.3495466303445255,517,2265,True,False,0.06592870359601859,0.04430211491713233,0.1759843353130219,0.0
human_cervical_cancer_real_profile_mask_epithelial_cell,human_cervical_cancer_real,Epithelial cell,"Cervical
Epithelial cell",TGATTTCCTCCTGACG-1,0.04411876506386884,0.34967768685986683,518,2264,True,False,0.0347130659851805,0.1329409760737671,0.023411499527682,0.0
human_cervical_cancer_real_profile_mask_epithelial_cell,human_cervical_cancer_real,Epithelial cell,"Cervical
Epithelial cell",TGGAATATCCTTGACC-1,0.04414752416754955,0.34996093079158613,519,2263,True,False,0.04033453667754916,0.04124250465179916,0.17180007170058118,0.0
human_cervical_cancer_real_profile_mask_epithelial_cell,human_cervical_cancer_real,Epithelial cell,"Cervical
Epithelial cell",CCAAGCGTAACTCGTA-1,0.044164130347287896,0.35012448246872274,520,2262,True,False,0.04580901534948609,0.15856794729250984,0.13477302245207595,0.12518590593228324
human_cervical_cancer_real_profile_mask_epithelial_cell,human_cervical_cancer_real,Epithelial cell,"Cervical
Epithelial cell",CCACGTAAATTAGACT-1,0.044166749705454304,0.3501502801192292,521,2261,True,False,0.07443719554141401,0.08675470618681767,0.07288970944895229,0.0
human_cervical_cancer_real_profile_mask_epithelial_cell,human_cervical_cancer_real,Epithelial cell,"Cervical
Epithelial cell",CCTATGGTCAAAGCTG-1,0.0441768817163771,0.35025006871632375,522,2260,True,False,0.06938941683337567,0.09549932234284234,0.17951180229431982,0.0
human_cervical_cancer_real_profile_mask_epithelial_cell,human_cervical_cancer_real,Epithelial cell,"Cervical
Epithelial cell",ACACACCAGGACCAGT-1,0.04417807488069654,0.3502618200058208,523,2259,True,False,0.09162301655166,0.10915662611000916,0.07058962778596038,0.19255873344835114
human_cervical_cancer_real_profile_mask_epithelial_cell,human_cervical_cancer_real,Epithelial cell,"Cervical
Epithelial cell",AATTCATAAGGGATCT-1,0.04417983025978778,0.35027910846101673,524,2258,True,False,0.03716840281696367,0.11672886904250619,0.14911590205961736,0.12457546821173442
human_cervical_cancer_real_profile_mask_epithelial_cell,human_cervical_cancer_real,Epithelial cell,"Cervical
Epithelial cell",ACGTTTAGTTGTGATC-1,0.04418758844003582,0.35035551756961897,525,2257,True,False,0.08824613075528333,0.04681112252860342,0.09990983945874081,0.0822280339743907
human_cervical_cancer_real_profile_mask_epithelial_cell,human_cervical_cancer_real,Epithelial cell,"Cervical
Epithelial cell",AGCGTCTGAACCCGCA-1,0.0442050307449744,0.35052730411359123,526,2256,True,False,0.021938885554662915,0.11590431169085486,0.029839348858397712,0.0
human_cervical_cancer_real_profile_mask_epithelial_cell,human_cervical_cancer_real,Epithelial cell,"Cervical
Epithelial cell",ATCAGGTAGCTGACAG-1,0.04421331826956901,0.3506089266521953,527,2255,True,False,0.2475615407076912,0.07424496861837167,0.0,0.0
human_cervical_cancer_real_profile_mask_epithelial_cell,human_cervical_cancer_real,Epithelial cell,"Cervical
Epithelial cell",AGATTATAGGACGTTT-1,0.04421775122068972,0.3506525860971659,528,2254,True,False,0.09630999486746333,0.040632249104156755,0.15500987864748167,0.13629638346059678
human_cervical_cancer_real_profile_mask_epithelial_cell,human_cervical_cancer_real,Epithelial cell,"Cervical
Epithelial cell",ATGGTCGCGTGGTTTC-1,0.04424326538239451,0.35090387110089954,529,2253,True,False,0.057433310614864994,0.13130783509843819,0.10689175163215912,0.15991274804315356
human_cervical_cancer_real_profile_mask_epithelial_cell,human_cervical_cancer_real,Epithelial cell,"Cervical
Epithelial cell",ACGAGTACGGATGCCC-1,0.044283853156652876,0.35130361376632846,530,2252,True,False,0.07875325814311201,0.14944170468818033,0.13376038144008878,0.0
human_cervical_cancer_real_profile_mask_epithelial_cell,human_cervical_cancer_real,Epithelial cell,"Cervical
Epithelial cell",CAACGGTTCTTGATAC-1,0.04428789702545131,0.3513434412001227,531,2251,True,False,0.05418402583250458,0.029307909010252084,0.09988208630013172,0.0
human_cervical_cancer_real_profile_mask_epithelial_cell,human_cervical_cancer_real,Epithelial cell,"Cervical
Epithelial cell",CTTGTCAACATTCGAG-1,0.04431377923242949,0.3515983510244156,532,2250,True,False,0.08717293797414216,0.027706214788292,0.07854077595061942,0.0902055201952577
human_cervical_cancer_real_profile_mask_epithelial_cell,human_cervical_cancer_real,Epithelial cell,"Cervical
Epithelial cell",CTAGGCGCCCTATCAG-1,0.04431824051163386,0.35164228946826886,533,2249,True,False,0.15118578557524487,0.11184427709585358,0.08682007563952596,0.0
human_cervical_cancer_real_profile_mask_epithelial_cell,human_cervical_cancer_real,Epithelial cell,"Cervical
Epithelial cell",AGTGTATTGCGCATTG-1,0.04435460432147133,0.3520004309661753,534,2248,True,False,0.10386976337230719,0.10201318910333543,0.08664683809981738,0.12156485256201402
human_cervical_cancer_real_profile_mask_epithelial_cell,human_cervical_cancer_real,Epithelial cell,"Cervical
Epithelial cell",GTTGGATTCAGTGGCT-1,0.04436304759754517,0.3520835874768335,535,2247,True,False,0.10945753701807308,0.10312358873873649,0.10631926346040813,0.18354312153714517
human_cervical_cancer_real_profile_mask_epithelial_cell,human_cervical_cancer_real,Epithelial cell,"Cervical
Epithelial cell",TATCCAATTGGTTATC-1,0.04437346550940048,0.3521861918676714,536,2246,True,False,0.08213444564015308,0.043963786436338165,0.12302580572972434,0.18196644349895602
human_cervical_cancer_real_profile_mask_epithelial_cell,human_cervical_cancer_real,Epithelial cell,"Cervical
Epithelial cell",GACTCCCAGAATAAGG-1,0.04437567268205282,0.35220792996726497,537,2245,True,False,0.07276348894411767,0.10278539222654849,0.10326509672896152,0.0
human_cervical_cancer_real_profile_mask_epithelial_cell,human_cervical_cancer_real,Epithelial cell,"Cervical
Epithelial cell",CACTGTCCAAGTGAGA-1,0.04437842609922001,0.35223504794398486,538,2244,True,False,0.106350677789391,0.105722749981117,0.2852169082134127,0.0
human_cervical_cancer_real_profile_mask_epithelial_cell,human_cervical_cancer_real,Epithelial cell,"Cervical
Epithelial cell",AGTGACCTACTTTACG-1,0.0443789560788991,0.3522402676312777,539,2243,True,False,0.09395721034816,0.08546305646733875,0.08528501598689926,0.0
human_cervical_cancer_real_profile_mask_epithelial_cell,human_cervical_cancer_real,Epithelial cell,"Cervical
Epithelial cell",CGCATGCCGAATGCGT-1,0.04439898536576016,0.35243753295717395,540,2242,True,False,0.0931050719489625,0.05309936729572983,0.09349849986229933,0.0
human_cervical_cancer_real_profile_mask_epithelial_cell,human_cervical_cancer_real,Epithelial cell,"Cervical
Epithelial cell",GTAATAAAGGGCTCCC-1,0.0444119843536009,0.35256555796328193,541,2241,True,False,0.13863502306456477,0.15286622486021142,0.053253142393071336,0.0
human_cervical_cancer_real_profile_mask_epithelial_cell,human_cervical_cancer_real,Epithelial cell,"Cervical
Epithelial cell",GTTGAGTCCCGCCGGT-1,0.044416515594641055,0.3526101854503563,542,2240,True,False,0.12384469841808923,0.170455821362805,0.16279022521042294,0.1337856870775704
human_cervical_cancer_real_profile_mask_epithelial_cell,human_cervical_cancer_real,Epithelial cell,"Cervical
Epithelial cell",GAAGGAGTCGAGTGCG-1,0.04442544498066419,0.35269812958217317,543,2239,True,False,0.21957773963250465,0.1675950784330455,0.08799939481624829,0.0
human_cervical_cancer_real_profile_mask_epithelial_cell,human_cervical_cancer_real,Epithelial cell,"Cervical
Epithelial cell",GGGTCACCGTGACGGT-1,0.04444094251964249,0.35285076242918123,544,2238,True,False,0.025152926096150083,0.7638484004563891,0.07231619639598869,0.0
human_cervical_cancer_real_profile_mask_epithelial_cell,human_cervical_cancer_real,Epithelial cell,"Cervical
Epithelial cell",AGCGGTTGCCGCTCTG-1,0.04447202082409618,0.3531568478080011,545,2237,True,False,0.13271090566934152,0.1502288264176238,0.1313983908676849,0.0
human_cervical_cancer_real_profile_mask_epithelial_cell,human_cervical_cancer_real,Epithelial cell,"Cervical
Epithelial cell",ATGGCGGAATAGTCGC-1,0.04449412126872085,0.3533745116440418,546,2236,True,False,0.065611102905085,0.10148184885396251,0.17624965183048202,0.0
human_cervical_cancer_real_profile_mask_epithelial_cell,human_cervical_cancer_real,Epithelial cell,"Cervical
Epithelial cell",ATATCGGTAGGGAGAT-1,0.0445022320798824,0.3534543937595742,547,2235,True,False,0.09648254012306173,0.24855690153927298,0.11373884500250521,0.0
human_cervical_cancer_real_profile_mask_epithelial_cell,human_cervical_cancer_real,Epithelial cell,"Cervical
Epithelial cell",GTGCTTACATCAGCGC-1,0.04452044283784866,0.3536337486776974,548,2234,True,False,0.16543194455527924,0.11009790604864941,0.22791171652625355,0.0
human_cervical_cancer_real_profile_mask_epithelial_cell,human_cervical_cancer_real,Epithelial cell,"Cervical
Epithelial cell",CGGAACGTAAACATAG-1,0.04452202953239027,0.35364937578504374,549,2233,True,False,0.1607412911702055,0.13702247016333324,0.11058904984553168,0.0
human_cervical_cancer_real_profile_mask_epithelial_cell,human_cervical_cancer_real,Epithelial cell,"Cervical
Epithelial cell",GCGTAAATGGCCATAA-1,0.04455794250784327,0.3540030770853339,550,2232,True,False,0.10657617623806925,0.11091067433982324,0.12453146044178788,0.0
human_cervical_cancer_real_profile_mask_epithelial_cell,human_cervical_cancer_real,Epithelial cell,"Cervical
Epithelial cell",AGCGCTTATGGGCAAG-1,0.04457095535046637,0.3541312385450348,551,2231,True,False,0.08373990120077617,0.0,0.26863226472945756,0.0
human_cervical_cancer_real_profile_mask_epithelial_cell,human_cervical_cancer_real,Epithelial cell,"Cervical
Epithelial cell",ACACCTTACTACTTGC-1,0.04457149643797964,0.3541365676316561,552,2230,True,False,0.08807180954942381,0.11642861139992206,0.05791709263876466,0.0
human_cervical_cancer_real_profile_mask_epithelial_cell,human_cervical_cancer_real,Epithelial cell,"Cervical
Epithelial cell",GAAAGTGACTAACTGC-1,0.044583702749455695,0.3542567856917407,553,2229,True,False,0.1182109500099615,0.2485954764661418,0.09261067823679377,0.0
human_cervical_cancer_real_profile_mask_epithelial_cell,human_cervical_cancer_real,Epithelial cell,"Cervical
Epithelial cell",ACTATCTGCCCGCGTA-1,0.044597070796979166,0.35438844550916737,554,2228,True,False,0.10994827660039383,0.10994827660039383,0.09149400168003097,0.0
human_cervical_cancer_real_profile_mask_epithelial_cell,human_cervical_cancer_real,Epithelial cell,"Cervical
Epithelial cell",TCCCAAACAGACAACG-1,0.04460073023322974,0.3544244867266892,555,2227,True,False,0.06289172285579525,0.13338040981154478,0.07458208943883485,0.0
human_cervical_cancer_real_profile_mask_epithelial_cell,human_cervical_cancer_real,Epithelial cell,"Cervical
Epithelial cell",TCTACCCAATAGAGAG-1,0.044601126033560576,0.3544283849024851,556,2226,True,False,0.08679290392308667,0.046653365864367836,0.1386625148756029,0.0
human_cervical_cancer_real_profile_mask_epithelial_cell,human_cervical_cancer_real,Epithelial cell,"Cervical
Epithelial cell",GCTTTCAGAGGAGGTG-1,0.044602860877796933,0.35444547111309455,557,2225,True,False,0.08246117577296008,0.12892910653709036,0.11028193064263273,0.0
human_cervical_cancer_real_profile_mask_epithelial_cell,human_cervical_cancer_real,Epithelial cell,"Cervical
Epithelial cell",CCACGGTGCCCGGTAG-1,0.04462478718434677,0.35466141989036554,558,2224,False,False,0.06280340683474099,0.09561631938710985,0.10720114618372496,0.0
human_cervical_cancer_real_profile_mask_epithelial_cell,human_cervical_cancer_real,Epithelial cell,"Cervical
Epithelial cell",TACCAATAAAGTACCA-1,0.04462529957869919,0.3546664663825157,559,2223,False,False,0.17169064907005083,0.03347685429320483,0.18891435427573444,0.3502326377341331
human_cervical_cancer_real_profile_mask_epithelial_cell,human_cervical_cancer_real,Epithelial cell,"Cervical
Epithelial cell",AAGGCAGGCTGTCTCC-1,0.044631446030547146,0.3547270018291995,560,2222,False,False,0.104471150644512,0.07197325530486501,0.22424377196003156,0.0
human_cervical_cancer_real_profile_mask_epithelial_cell,human_cervical_cancer_real,Epithelial cell,"Cervical
Epithelial cell",GTGACCTAAAGAATAA-1,0.04463390662631998,0.35475123585362556,561,2221,False,False,0.04629163817599216,0.14766295705670793,0.25220853052670333,0.0
human_cervical_cancer_real_profile_mask_epithelial_cell,human_cervical_cancer_real,Epithelial cell,"Cervical
Epithelial cell",CCAACGATGCACTGAT-1,0.04468327893848993,0.3552374960643868,562,2220,False,False,0.046964936635741326,0.09158643733186592,0.07673281149589686,0.0
human_cervical_cancer_real_profile_mask_epithelial_cell,human_cervical_cancer_real,Epithelial cell,"Cervical
Epithelial cell",GGATTAATCATGGACC-1,0.04469281962564447,0.3553314608058112,563,2219,False,False,0.024902516355895084,0.0218505855451695,0.11132939106034313,0.18472556740466814
human_cervical_cancer_real_profile_mask_epithelial_cell,human_cervical_cancer_real,Epithelial cell,"Cervical
Epithelial cell",GCAAACCTTGGCCATA-1,0.044695843750463295,0.35536124494001803,564,2218,False,False,0.049313344819439324,0.10674909572437666,0.1470691209586904,0.11074076426123905
human_cervical_cancer_real_profile_mask_epithelial_cell,human_cervical_cancer_real,Epithelial cell,"Cervical
Epithelial cell",GGCGCTTCATTCCCTG-1,0.04476072250972188,0.3560002257323782,565,2217,False,False,0.22741878276453062,0.22741878276453062,0.10757224633653098,0.0
human_cervical_cancer_real_profile_mask_epithelial_cell,human_cervical_cancer_real,Epithelial cell,"Cervical
Epithelial cell",TACGAACACGACTTCA-1,0.04476469017090012,0.35603930260919375,566,2216,False,False,0.09882642766228793,0.016847735418412668,0.15752546345072577,0.08387650933174631
human_cervical_cancer_real_profile_mask_epithelial_cell,human_cervical_cancer_real,Epithelial cell,"Cervical
Epithelial cell",TTAAGCCGACAACTTC-1,0.04477078350090204,0.35609931486709184,567,2215,False,False,0.12158603935987151,0.05455486484364858,0.07236867421256439,0.11430127502542801
human_cervical_cancer_real_profile_mask_epithelial_cell,human_cervical_cancer_real,Epithelial cell,"Cervical
Epithelial cell",CGTTTCGCTCATTACA-1,0.044773261678421626,0.3561237220514026,568,2214,False,False,0.2531176333995822,0.08147486800107549,0.0980382156001763,0.0
human_cervical_cancer_real_profile_mask_epithelial_cell,human_cervical_cancer_real,Epithelial cell,"Cervical
Epithelial cell",ACCAACCGCACTCCAC-1,0.04480330513345316,0.35641961535948474,569,2213,False,False,0.09333775310711925,0.15555659337518016,0.0703726456760229,0.0
human_cervical_cancer_real_profile_mask_epithelial_cell,human_cervical_cancer_real,Epithelial cell,"Cervical
Epithelial cell",GTACGTTTGCCCGTCA-1,0.04480397457104896,0.3564262085460729,570,2212,False,False,0.1031607858040644,0.12482238807947618,0.0745714677792875,0.0
human_cervical_cancer_real_profile_mask_epithelial_cell,human_cervical_cancer_real,Epithelial cell,"Cervical
Epithelial cell",GGTTACCCGACACTTT-1,0.04480696189978352,0.3564556302813783,571,2211,False,False,0.063216249861628,0.07444430632571693,0.0939791447423438,0.0
human_cervical_cancer_real_profile_mask_epithelial_cell,human_cervical_cancer_real,Epithelial cell,"Cervical
Epithelial cell",TGAGCCATACAGTCTC-1,0.04483443407089897,0.3567261994147558,572,2210,False,False,0.14298141975363265,0.04724134023677617,0.28019184898524063,0.0
human_cervical_cancer_real_profile_mask_epithelial_cell,human_cervical_cancer_real,Epithelial cell,"Cervical
Epithelial cell",TCTTCTATAACCCGCC-1,0.04487833068032384,0.3571585302822503,573,2209,False,False,0.13082644444678637,0.06007511581399559,0.1542727518168543,0.0
human_cervical_cancer_real_profile_mask_epithelial_cell,human_cervical_cancer_real,Epithelial cell,"Cervical
Epithelial cell",AAACTCGTGATATAAG-1,0.044919036430039506,0.3575594348695786,574,2208,False,False,0.0420739213725005,0.038461577821975165,0.08808661034946236,0.0
human_cervical_cancer_real_profile_mask_epithelial_cell,human_cervical_cancer_real,Epithelial cell,"Cervical
Epithelial cell",CGACTCAGGATGTTAT-1,0.04493208046090823,0.3576879034974518,575,2207,False,False,0.15286645060820056,0.12242650616817816,0.09267718622158944,0.07404764873084897
human_cervical_cancer_real_profile_mask_epithelial_cell,human_cervical_cancer_real,Epithelial cell,"Cervical
Epithelial cell",TGCGGACTTGACTCCG-1,0.04494563127272534,0.35782136333193343,576,2206,False,False,0.17615541950108132,0.17615541950108132,0.10361325896530633,0.24513072197502
human_cervical_cancer_real_profile_mask_epithelial_cell,human_cervical_cancer_real,Epithelial cell,"Cervical
Epithelial cell",CACGGACGTGGATGGC-1,0.044954046213857575,0.35790424077616606,577,2205,False,False,0.1081498024449245,0.06687856853913467,0.11164995531486291,0.0
human_cervical_cancer_real_profile_mask_epithelial_cell,human_cervical_cancer_real,Epithelial cell,"Cervical
Epithelial cell",GAAATTAGCACGGATA-1,0.04496223621168059,0.35798490278879064,578,2204,False,False,0.06956177720864268,0.13371217999637677,0.12616314126202818,0.15823576965546252
human_cervical_cancer_real_profile_mask_epithelial_cell,human_cervical_cancer_real,Epithelial cell,"Cervical
Epithelial cell",CTCGGTACCACTGCTC-1,0.044978785215727686,0.3581478913514516,579,2203,False,False,0.13271394119639401,0.10531323192556882,0.1118331261815089,0.2543858330500644
human_cervical_cancer_real_profile_mask_epithelial_cell,human_cervical_cancer_real,Epithelial cell,"Cervical
Epithelial cell",TTGACGATTCAGCACG-1,0.0450027767829217,0.3583841805590564,580,2202,False,False,0.08513229920353009,0.18640848103720348,0.15826716384243772,0.0
human_cervical_cancer_real_profile_mask_epithelial_cell,human_cervical_cancer_real,Epithelial cell,"Cervical
Epithelial cell",CCTAAATTAACGGTTC-1,0.04502030053592303,0.3585567692723097,581,2201,False,False,0.11428213656549766,0.08090739947874351,0.1956645397501034,0.08637705257364589
human_cervical_cancer_real_profile_mask_epithelial_cell,human_cervical_cancer_real,Epithelial cell,"Cervical
Epithelial cell",GGCATACAGGTAGCGG-1,0.04504063556479763,0.3587570458036653,582,2200,False,False,0.12421180344371542,0.07257924952200234,0.1186553176040632,0.0
human_cervical_cancer_real_profile_mask_epithelial_cell,human_cervical_cancer_real,Epithelial cell,"Cervical
Epithelial cell",CAAGGTCCTATAGGCT-1,0.04504091280971451,0.3587597763456592,583,2199,False,False,0.09286659096394294,0.1897368761925243,0.08869012980605871,0.0
human_cervical_cancer_real_profile_mask_epithelial_cell,human_cervical_cancer_real,Epithelial cell,"Cervical
Epithelial cell",AGATGATGGAGTCTGG-1,0.0450452201944341,0.35880219910670724,584,2198,False,False,0.09527439138000433,0.11085072359931318,0.11481625840705115,0.0
human_cervical_cancer_real_profile_mask_epithelial_cell,human_cervical_cancer_real,Epithelial cell,"Cervical
Epithelial cell",GCAAACGTCGCCAGGT-1,0.04505371101273547,0.3588858238533577,585,2197,False,False,0.028942495358364084,0.115264081945304,0.0956095766644925,0.0
human_cervical_cancer_real_profile_mask_epithelial_cell,human_cervical_cancer_real,Epithelial cell,"Cervical
Epithelial cell",CTAGGTCTGAAGGAAT-1,0.04507231400039832,0.3590690417806566,586,2196,False,False,0.11430127502542801,0.07307815601629225,0.1646452306117185,0.0
human_cervical_cancer_real_profile_mask_epithelial_cell,human_cervical_cancer_real,Epithelial cell,"Cervical
Epithelial cell",CCATGCCCTAGATTTC-1,0.045083103055600586,0.3591753015044975,587,2195,False,False,0.057299790392211336,0.21893508200470607,0.1465941003335797,0.0
human_cervical_cancer_real_profile_mask_epithelial_cell,human_cervical_cancer_real,Epithelial cell,"Cervical
Epithelial cell",TGTTATTGTATGTGGC-1,0.045115109227798864,0.3594905253081797,588,2194,False,False,0.24775059245812173,0.1615030465901617,0.07640711124734803,0.283032545932752
human_cervical_cancer_real_profile_mask_epithelial_cell,human_cervical_cancer_real,Epithelial cell,"Cervical
Epithelial cell",CCGTACCCAAGCGCCA-1,0.04514288711032166,0.35976410534558084,589,2193,False,False,0.0876600134822625,0.1804433961856193,0.2891814814243419,0.0
human_cervical_cancer_real_profile_mask_epithelial_cell,human_cervical_cancer_real,Epithelial cell,"Cervical
Epithelial cell",GTCAGAATAGTCTATG-1,0.045153043589171035,0.3598641349234724,590,2192,False,False,0.1067446984591509,0.1492283981277711,0.29394103310686676,0.0
human_cervical_cancer_real_profile_mask_epithelial_cell,human_cervical_cancer_real,Epithelial cell,"Cervical
Epithelial cell",TCGTCTTAGGCGTTAA-1,0.04515847191701304,0.35991759767869946,591,2191,False,False,0.08549902173191735,0.09302575202326727,0.0883038401951528,0.31834250186791013
human_cervical_cancer_real_profile_mask_epithelial_cell,human_cervical_cancer_real,Epithelial cell,"Cervical
Epithelial cell",TCTGATCGGGTGCTAG-1,0.04519347747371278,0.36026236195305705,592,2190,False,False,0.060833346147123754,0.09893411269906557,0.11664172457551208,0.0
human_cervical_cancer_real_profile_mask_epithelial_cell,human_cervical_cancer_real,Epithelial cell,"Cervical
Epithelial cell",GACAGCCAGACCTGAC-1,0.045201083736512056,0.36033727485037387,593,2189,False,False,0.07100411982545117,0.08552658801620425,0.12482342041432934,0.2698065697808332
human_cervical_cancer_real_profile_mask_epithelial_cell,human_cervical_cancer_real,Epithelial cell,"Cervical
Epithelial cell",GCGAGGCCCGAGCAGA-1,0.04520226978241385,0.3603489560316845,594,2188,False,False,0.07434239966199975,0.09814485870028583,0.08733558021284285,0.0
human_cervical_cancer_real_profile_mask_epithelial_cell,human_cervical_cancer_real,Epithelial cell,"Cervical
Epithelial cell",GCATTCAAGGCAACGC-1,0.045238231389066165,0.36070313629308026,595,2187,False,False,0.2964330064990541,0.046511229808477994,0.12370210197958716,0.0
human_cervical_cancer_real_profile_mask_epithelial_cell,human_cervical_cancer_real,Epithelial cell,"Cervical
Epithelial cell",GAACAACTGGGATGAA-1,0.045246966962497415,0.3607891715948741,596,2186,False,False,0.0467386157098915,0.0467386157098915,0.1265769187513998,0.0
human_cervical_cancer_real_profile_mask_epithelial_cell,human_cervical_cancer_real,Epithelial cell,"Cervical
Epithelial cell",AGCACTACCTCACCAG-1,0.04525823631609284,0.36090016170276273,597,2185,False,False,0.13281977368822248,0.11266977507814233,0.1293743618090589,0.23696681886900958
human_cervical_cancer_real_profile_mask_epithelial_cell,human_cervical_cancer_real,Epithelial cell,"Cervical
Epithelial cell",CGGAGCATGGCGATCC-1,0.0452685146023683,0.3610013909430172,598,2184,False,False,0.072249126690858,0.072249126690858,0.17054229714889227,0.13850684924607407
human_cervical_cancer_real_profile_mask_epithelial_cell,human_cervical_cancer_real,Epithelial cell,"Cervical
Epithelial cell",GGGAATGAGCCCTCAC-1,0.045272640187697576,0.36104202319019296,599,2183,False,False,0.058756814747202075,0.2608069428647047,0.17560485813887283,0.0
human_cervical_cancer_real_profile_mask_epithelial_cell,human_cervical_cancer_real,Epithelial cell,"Cervical
Epithelial cell",GAGGGCATCGCGTATC-1,0.0453017148146047,0.36132837466101325,600,2182,False,False,0.11771606094259325,0.08035030851813257,0.057015505742106974,0.0
human_cervical_cancer_real_profile_mask_epithelial_cell,human_cervical_cancer_real,Epithelial cell,"Cervical
Epithelial cell",CCAAACAGAACCCTCG-1,0.045307233734477606,0.36138272964303914,601,2181,False,False,0.0540775647105685,0.09986469480725617,0.08715804980538144,0.09469492235580243
human_cervical_cancer_real_profile_mask_epithelial_cell,human_cervical_cancer_real,Epithelial cell,"Cervical
Epithelial cell",ATAGACAACGGGACCT-1,0.04531795796320545,0.361488350901033,602,2180,False,False,0.12751097347713075,0.1807169127152401,0.1397534931071697,0.10659280940422759
human_cervical_cancer_real_profile_mask_epithelial_cell,human_cervical_cancer_real,Epithelial cell,"Cervical
Epithelial cell",TCAAATTGTTGTGCCG-1,0.045352864103054745,0.3618321360343189,603,2179,False,False,0.12244917514228643,0.17078479728471682,0.10385748459016539,0.20909280956618953
human_cervical_cancer_real_profile_mask_epithelial_cell,human_cervical_cancer_real,Epithelial cell,"Cervical
Epithelial cell",CCTCTGGCCTAGACGG-1,0.04535384211090368,0.36184176828125747,604,2178,False,False,0.13339510195780585,0.1366488589112932,0.09733405046065918,0.1220892867388706
human_cervical_cancer_real_profile_mask_epithelial_cell,human_cervical_cancer_real,Epithelial cell,"Cervical
Epithelial cell",ACCACCCTCTCTTCTA-1,0.04537407480886984,0.3620410369714381,605,2177,False,False,0.051304760818277166,0.09276865551543649,0.11089135852617034,0.0
human_cervical_cancer_real_profile_mask_epithelial_cell,human_cervical_cancer_real,Epithelial cell,"Cervical
Epithelial cell",TTGTTAGCAAATTCGA-1,0.0454086791760093,0.36238184999231854,606,2176,False,False,0.022820651074027497,0.12363239315157533,0.0921194503274457,0.018394364233135417
human_cervical_cancer_real_profile_mask_epithelial_cell,human_cervical_cancer_real,Epithelial cell,"Cervical
Epithelial cell",GTTTGGCCCAAGTTAT-1,0.04541101591431431,0.36240486416384,607,2175,False,False,0.07491567360443376,0.11246896304681,0.11089353420586638,0.2757144016619852
human_cervical_cancer_real_profile_mask_epithelial_cell,human_cervical_cancer_real,Epithelial cell,"Cervical
Epithelial cell",TCGCATCCCTAAGTGT-1,0.0454230754862748,0.3625236370092966,608,2174,False,False,0.0,0.105372179692915,0.13757253563404057,0.0
human_cervical_cancer_real_profile_mask_epithelial_cell,human_cervical_cancer_real,Epithelial cell,"Cervical
Epithelial cell",ATGCATGATCCAGGAT-1,0.04542816329667809,0.3625737460613196,609,2173,False,False,0.02388343763233225,0.057983786024196335,0.10498646975081538,0.07993353553285942
human_cervical_cancer_real_profile_mask_epithelial_cell,human_cervical_cancer_real,Epithelial cell,"Cervical
Epithelial cell",AACAGGATGGGCCGCG-1,0.04543732187363209,0.3626639474589085,610,2172,False,False,0.0907360431766889,0.13911368191435966,0.1263221071632337,0.0
human_cervical_cancer_real_profile_mask_epithelial_cell,human_cervical_cancer_real,Epithelial cell,"Cervical
Epithelial cell",CCCTGAAATGAGTTGA-1,0.04544010377600493,0.36269134598198105,611,2171,False,False,0.10003049338519948,0.021645745015315583,0.11758648658340277,0.0
human_cervical_cancer_real_profile_mask_epithelial_cell,human_cervical_cancer_real,Epithelial cell,"Cervical
Epithelial cell",ACGGATGGTGCGGATA-1,0.045449498362200205,0.36278387179781896,612,2170,False,False,0.0970304024946385,0.0970304024946385,0.13723548507066294,0.18346178513745343
human_cervical_cancer_real_profile_mask_epithelial_cell,human_cervical_cancer_real,Epithelial cell,"Cervical
Epithelial cell",TTGAAGAATTCCCAGG-1,0.045458244254257915,0.3628700087261572,613,2169,False,False,0.23616159787806795,0.1417607400945379,0.091552656093503,0.07109272752850675
human_cervical_cancer_real_profile_mask_epithelial_cell,human_cervical_cancer_real,Epithelial cell,"Cervical
Epithelial cell",TTGAGCGCCACGTGAT-1,0.04546131234612737,0.362900225884996,614,2168,False,False,0.16769787365576805,0.18050405879776169,0.10762218999909677,0.0
human_cervical_cancer_real_profile_mask_epithelial_cell,human_cervical_cancer_real,Epithelial cell,"Cervical
Epithelial cell",GCCCGCGCGTAAACGG-1,0.04546391429545961,0.3629258520786069,615,2167,False,False,0.21469277633236347,0.1201466475856327,0.13746578520873304,0.0
human_cervical_cancer_real_profile_mask_epithelial_cell,human_cervical_cancer_real,Epithelial cell,"Cervical
Epithelial cell",CGATATTAGCCGCAGG-1,0.045478462075476005,0.36306913089756376,616,2166,False,False,0.04178607133004684,0.16109132608933746,0.06138055399019575,0.0
human_cervical_cancer_real_profile_mask_epithelial_cell,human_cervical_cancer_real,Epithelial cell,"Cervical
Epithelial cell",TTCCGCAGAGAAATAT-1,0.04548094202157971,0.3630935555003839,617,2165,False,False,0.19292305530920725,0.09388523286965418,0.11437172305452083,0.0
human_cervical_cancer_real_profile_mask_epithelial_cell,human_cervical_cancer_real,Epithelial cell,"Cervical
Epithelial cell",TTACTGGGATATTTCA-1,0.04549899834808704,0.36327138944712734,618,2164,False,False,0.17113830150513162,0.12311798303190512,0.09745082909514684,0.0
human_cervical_cancer_real_profile_mask_epithelial_cell,human_cervical_cancer_real,Epithelial cell,"Cervical
Epithelial cell",TTGGAGTCTCCCTTCT-1,0.04553728078063544,0.3636484271612081,619,2163,False,False,0.04826530277469484,0.1014193225549605,0.11677135547532565,0.0
human_cervical_cancer_real_profile_mask_epithelial_cell,human_cervical_cancer_real,Epithelial cell,"Cervical
Epithelial cell",TTGTGGTATAGGTATG-1,0.045541092416555885,0.363685967369567,620,2162,False,False,0.1502288264176238,0.074830671381584,0.18781541240718716,0.0
human_cervical_cancer_real_profile_mask_epithelial_cell,human_cervical_cancer_real,Epithelial cell,"Cervical
Epithelial cell",CGGCACCGTTAGCGCC-1,0.045549641677762674,0.363770167711288,621,2161,False,False,0.3237938496475282,0.28964328483203,0.07717594178543788,0.0
human_cervical_cancer_real_profile_mask_epithelial_cell,human_cervical_cancer_real,Epithelial cell,"Cervical
Epithelial cell",GGGCTGCCTAGGGCGA-1,0.04558685863244284,0.36413671169983725,622,2160,False,False,0.08914386955843599,0.1825266787649225,0.09957514075088282,0.09570898433778154
human_cervical_cancer_real_profile_mask_epithelial_cell,human_cervical_cancer_real,Epithelial cell,"Cervical
Epithelial cell",TGTAGCCAATTCCGTT-1,0.0455922564297925,0.36418987376500156,623,2159,False,False,0.17415513438657956,0.1266847615568795,0.08927740412943685,0.16333566680695905
human_cervical_cancer_real_profile_mask_epithelial_cell,human_cervical_cancer_real,Epithelial cell,"Cervical
Epithelial cell",AATCGCCTCAGCGCCA-1,0.04560085941210336,0.36427460319750726,624,2158,False,False,0.08851295337387874,0.08465032231989342,0.1271352090335905,0.3847790855084878
human_cervical_cancer_real_profile_mask_epithelial_cell,human_cervical_cancer_real,Epithelial cell,"Cervical
Epithelial cell",CCTGTCACCCGGGCTC-1,0.04560186148148745,0.36428447242275697,625,2157,False,False,0.09204640135540215,0.12943424358488684,0.08892566194392991,0.12481279482117563
human_cervical_cancer_real_profile_mask_epithelial_cell,human_cervical_cancer_real,Epithelial cell,"Cervical
Epithelial cell",AAATAGGGTGCTATTG-1,0.04563515690360447,0.36461239384803434,626,2156,False,False,0.10438719551157176,0.2564178818093907,0.23164679403461055,0.1566195862029125
human_cervical_cancer_real_profile_mask_epithelial_cell,human_cervical_cancer_real,Epithelial cell,"Cervical
Epithelial cell",TTGGCCTAGAATTTCG-1,0.045639049455667734,0.3646507309868778,627,2155,False,False,0.1247998078608225,0.06502165480635025,0.09343865807980199,0.1068796364178062
human_cervical_cancer_real_profile_mask_epithelial_cell,human_cervical_cancer_real,Epithelial cell,"Cervical
Epithelial cell",CGGACCTTTACGTCCC-1,0.04564338864566546,0.36469346699315525,628,2154,False,False,0.18057605922935832,0.02482267437848975,0.19427062864152495,0.0
human_cervical_cancer_real_profile_mask_epithelial_cell,human_cervical_cancer_real,Epithelial cell,"Cervical
Epithelial cell",GGTACACCAGATTTAT-1,0.045652242094773775,0.36478066323412844,629,2153,False,False,0.07724861237867925,0.11894964132276506,0.11567728305028742,0.0
human_cervical_cancer_real_profile_mask_epithelial_cell,human_cervical_cancer_real,Epithelial cell,"Cervical
Epithelial cell",TAATTAGGACATCCGT-1,0.04565931918866581,0.364850364429318,630,2152,False,False,0.10634858496958484,0.07180345127580749,0.1376068469372563,0.0
human_cervical_cancer_real_profile_mask_epithelial_cell,human_cervical_cancer_real,Epithelial cell,"Cervical
Epithelial cell",TGCCAGTACGTGGAGA-1,0.045722072902226185,0.3654684159776612,631,2151,False,False,0.317222874186739,0.041852332575291244,0.057056553090596006,0.09338352844028107
human_cervical_cancer_real_profile_mask_epithelial_cell,human_cervical_cancer_real,Epithelial cell,"Cervical
Epithelial cell",AATTGAACGCTCTGGT-1,0.04574671849348265,0.3657111465663655,632,2150,False,False,0.1153500834832124,0.13852765085328583,0.11893526726385648,0.1865918922663846
human_cervical_cancer_real_profile_mask_epithelial_cell,human_cervical_cancer_real,Epithelial cell,"Cervical
Epithelial cell",GGCAAATTACTTTACT-1,0.04575318430944149,0.3657748273804231,633,2149,False,False,0.16945289477084008,0.09910912640954725,0.1053175125372605,0.0
human_cervical_cancer_real_profile_mask_epithelial_cell,human_cervical_cancer_real,Epithelial cell,"Cervical
Epithelial cell",ATACGCCGGCGAAACC-1,0.04577213804080547,0.36596149972779135,634,2148,False,False,0.12357968580025856,0.054441733071077004,0.0,0.15531520339152183
human_cervical_cancer_real_profile_mask_epithelial_cell,human_cervical_cancer_real,Epithelial cell,"Cervical
Epithelial cell",CTTGTACTTGTTGACT-1,0.045814185015632655,0.3663756138322911,635,2147,False,False,0.11968060883710016,0.05323305375173234,0.28574273484405843,0.11118956023744354
human_cervical_cancer_real_profile_mask_epithelial_cell,human_cervical_cancer_real,Epithelial cell,"Cervical
Epithelial cell",CCCGATAGCCTCGCCT-1,0.045831768201103525,0.3665487878866779,636,2146,False,False,0.1474218767735808,0.029487477016792833,0.09098359647559974,0.0
human_cervical_cancer_real_profile_mask_epithelial_cell,human_cervical_cancer_real,Epithelial cell,"Cervical
Epithelial cell",CTGCACAACTACATAT-1,0.04583564864445621,0.36658700576871733,637,2145,False,False,0.16921083836056952,0.047776767272151334,0.0747968116732661,0.11216777750963745
human_cervical_cancer_real_profile_mask_epithelial_cell,human_cervical_cancer_real,Epithelial cell,"Cervical
Epithelial cell",ATCGCTGCGTGCAGCA-1,0.04587695782365756,0.36699385343904073,638,2144,False,False,0.1745039919078933,0.05575116392042683,0.11802770735663431,0.0
human_cervical_cancer_real_profile_mask_epithelial_cell,human_cervical_cancer_real,Epithelial cell,"Cervical
Epithelial cell",TTCAGCCCTGGTCCAC-1,0.04588317762453798,0.3670551112889181,639,2143,False,False,0.1413307340770457,0.1747198241830399,0.09533314870414378,0.11788782477170796
human_cervical_cancer_real_profile_mask_epithelial_cell,human_cervical_cancer_real,Epithelial cell,"Cervical
Epithelial cell",GATGTGTTGTCACAAG-1,0.04588877385314722,0.36711022767264406,640,2142,False,False,0.075070477742364,0.1360853867263243,0.2880649982168449,0.0
human_cervical_cancer_real_profile_mask_epithelial_cell,human_cervical_cancer_real,Epithelial cell,"Cervical
Epithelial cell",GTCTCGACTAAGTTTG-1,0.045890668809550436,0.36712889080304073,641,2141,False,False,0.018164284430597165,0.10630727453081183,0.06125187450740954,0.0
human_cervical_cancer_real_profile_mask_epithelial_cell,human_cervical_cancer_real,Epithelial cell,"Cervical
Epithelial cell",TTCCGGCCTTGAGGCT-1,0.045898475011163606,0.36720577286658673,642,2140,False,False,0.11546219269285918,0.20684126062910432,0.10319634686185013,0.0
human_cervical_cancer_real_profile_mask_epithelial_cell,human_cervical_cancer_real,Epithelial cell,"Cervical
Epithelial cell",CTGGTTTCGAGCAAGA-1,0.04589877624007145,0.36720873962317113,643,2139,False,False,0.04124250465179916,0.22033150656878542,0.10667596440261237,0.1611404813303155
human_cervical_cancer_real_profile_mask_epithelial_cell,human_cervical_cancer_real,Epithelial cell,"Cervical
Epithelial cell",GCGTCGAAATGTCGGT-1,0.045901665327029925,0.3672371937905291,644,2138,False,False,0.09732769211353424,0.20976758500051618,0.05233697887490379,0.10197741234091312
human_cervical_cancer_real_profile_mask_epithelial_cell,human_cervical_cancer_real,Epithelial cell,"Cervical
Epithelial cell",AAATTACCTATCGATG-1,0.04591499288916376,0.3673684548736606,645,2137,False,False,0.21406072869661316,0.12751097347713075,0.10611948307524402,0.4758113695369412
human_cervical_cancer_real_profile_mask_epithelial_cell,human_cervical_cancer_real,Epithelial cell,"Cervical
Epithelial cell",TTAATTTCAGACGCGG-1,0.04592084282106317,0.36742606994156657,646,2136,False,False,0.088380449240401,0.18635653394576643,0.5761960258163604,0.09589175638962415
human_cervical_cancer_real_profile_mask_epithelial_cell,human_cervical_cancer_real,Epithelial cell,"Cervical
Epithelial cell",GAATGTGGTCCGGATT-1,0.045931355902371844,0.36752961164152403,647,2135,False,False,0.18815261218699764,0.08978886301109501,0.1435458929870955,0.18239190839846794
human_cervical_cancer_real_profile_mask_epithelial_cell,human_cervical_cancer_real,Epithelial cell,"Cervical
Epithelial cell",TTCGGGACTAATCGCG-1,0.04601769674516053,0.3683799691509559,648,2134,False,False,0.05295325332910634,0.05295325332910634,0.2280366680771952,0.09548380989594556
human_cervical_cancer_real_profile_mask_epithelial_cell,human_cervical_cancer_real,Epithelial cell,"Cervical
Epithelial cell",GGGAAGGGCTTTCTCA-1,0.04602130674111986,0.3684155234387516,649,2133,False,False,0.025135699391738417,0.05256916209042834,0.09258507177896165,0.0
human_cervical_cancer_real_profile_mask_epithelial_cell,human_cervical_cancer_real,Epithelial cell,"Cervical
Epithelial cell",TAGATATGGACTGGAA-1,0.04602530212759047,0.3684548733776523,650,2132,False,False,0.06748991252149215,0.1350821542112716,0.15827978353385133,0.0
human_cervical_cancer_real_profile_mask_epithelial_cell,human_cervical_cancer_real,Epithelial cell,"Cervical
Epithelial cell",TTCGACGGGAAGGGCG-1,0.046040163730751774,0.3686012429918723,651,2131,False,False,0.0561551617520235,0.24256077139334656,0.10879630495028918,0.0
human_cervical_cancer_real_profile_mask_epithelial_cell,human_cervical_cancer_real,Epithelial cell,"Cervical
Epithelial cell",ATTGCTGCTCCTCCAT-1,0.046048605948347636,0.36868438907774587,652,2130,False,False,0.05717272712476075,0.06390634396727066,0.11058896261727395,0.0
human_cervical_cancer_real_profile_mask_epithelial_cell,human_cervical_cancer_real,Epithelial cell,"Cervical
Epithelial cell",GTATCAAGGTACTTCC-1,0.0460552041607281,0.36874937384353373,653,2129,False,False,0.18643034705213946,0.18643034705213946,0.11254983519722253,0.0
human_cervical_cancer_real_profile_mask_epithelial_cell,human_cervical_cancer_real,Epithelial cell,"Cervical
Epithelial cell",TGTCGTGGGTATAGGC-1,0.046055728403376656,0.36875453702770666,654,2128,False,False,0.098829987577093,0.10431871784043258,0.15885004541518258,0.0
human_cervical_cancer_real_profile_mask_epithelial_cell,human_cervical_cancer_real,Epithelial cell,"Cervical
Epithelial cell",TCGGGAGACAGCGTAC-1,0.0460848150906398,0.36904100727909456,655,2127,False,False,0.5327322605036681,0.0,0.21379556110518824,0.11964354086112504
human_cervical_cancer_real_profile_mask_epithelial_cell,human_cervical_cancer_real,Epithelial cell,"Cervical
Epithelial cell",TGGCAAGCACAAGTCG-1,0.04608655240647933,0.36905811783213854,656,2126,False,False,0.11849870515644799,0.11849870515644799,0.10419546078790053,0.0
human_cervical_cancer_real_profile_mask_epithelial_cell,human_cervical_cancer_real,Epithelial cell,"Cervical
Epithelial cell",TTAAACTCGAATTCAT-1,0.046099669009037794,0.36918730120727794,657,2125,False,False,0.04563572027690758,0.10772314287175275,0.17036506652528108,0.0
human_cervical_cancer_real_profile_mask_epithelial_cell,human_cervical_cancer_real,Epithelial cell,"Cervical
Epithelial cell",TTGTGCAGCCACGTCA-1,0.04610390656404071,0.3692290362263254,658,2124,False,False,0.24135184665769369,0.07576430890518893,0.26940725701755736,0.07989054458106608
human_cervical_cancer_real_profile_mask_epithelial_cell,human_cervical_cancer_real,Epithelial cell,"Cervical
Epithelial cell",CCATTCCCTGCCCACA-1,0.04611360649572545,0.3693245693423187,659,2123,False,False,0.11475498425267952,0.08115765451852992,0.10897573814553191,0.0
human_cervical_cancer_real_profile_mask_epithelial_cell,human_cervical_cancer_real,Epithelial cell,"Cervical
Epithelial cell",GAATAGCATTTAGGGT-1,0.0461267770076197,0.36945428366210764,660,2122,False,False,0.11023057745988143,0.052275045265773,0.19670092032907383,0.0
human_cervical_cancer_real_profile_mask_epithelial_cell,human_cervical_cancer_real,Epithelial cell,"Cervical
Epithelial cell",TCACGTGCCCGATTCA-1,0.04613914973784607,0.36957614075453754,661,2121,False,False,0.07213386787375477,0.08333016067586933,0.12782883571821574,0.09509493798038933
human_cervical_cancer_real_profile_mask_epithelial_cell,human_cervical_cancer_real,Epithelial cell,"Cervical
Epithelial cell",GGAGCACCAAGAACTA-1,0.0461481835231264,0.3696651130983739,662,2120,False,False,0.05288463427081374,0.12035082035543132,0.20614844752513045,0.20217712536444502
human_cervical_cancer_real_profile_mask_epithelial_cell,human_cervical_cancer_real,Epithelial cell,"Cervical
Epithelial cell",CTAAGGGAATGATTGG-1,0.04614918625922845,0.36967498889002504,663,2119,False,False,0.09821825510795341,0.16823187726474215,0.13545221719028094,0.16599726921972366
human_cervical_cancer_real_profile_mask_epithelial_cell,human_cervical_cancer_real,Epithelial cell,"Cervical
Epithelial cell",GGGTCGTGGCAAGTGT-1,0.046197440632415154,0.370150238693906,664,2118,False,False,0.15158322780951258,0.18731512509528878,0.14359278475673035,0.0
human_cervical_cancer_real_profile_mask_epithelial_cell,human_cervical_cancer_real,Epithelial cell,"Cervical
Epithelial cell",TGGGCGATACAATAAG-1,0.04622600079745229,0.3704315233099177,665,2117,False,False,0.2073070285854254,0.2073070285854254,0.3297933255470875,0.0
human_cervical_cancer_real_profile_mask_epithelial_cell,human_cervical_cancer_real,Epithelial cell,"Cervical
Epithelial cell",TGATTCTGTCGCCGGT-1,0.04624654478394156,0.3706338578322662,666,2116,False,False,0.16376711389759566,0.20955079221706155,0.08172627283673789,0.0
human_cervical_cancer_real_profile_mask_epithelial_cell,human_cervical_cancer_real,Epithelial cell,"Cervical
Epithelial cell",ATCGGAGACAGACGGC-1,0.046249060264242574,0.3706586324058598,667,2115,False,False,0.06851857389686158,0.10870947642418351,0.07220185758226452,0.1471926744178048
human_cervical_cancer_real_profile_mask_epithelial_cell,human_cervical_cancer_real,Epithelial cell,"Cervical
Epithelial cell",CTTAGTGTAGTAGCAT-1,0.04625658063345696,0.3707326993506405,668,2114,False,False,0.1115414017231421,0.12262846132875974,0.06946148996938913,0.16699881011156295
human_cervical_cancer_real_profile_mask_epithelial_cell,human_cervical_cancer_real,Epithelial cell,"Cervical
Epithelial cell",GGGCGCAGCGTTACTC-1,0.04627646342668181,0.37092852188353626,669,2113,False,False,0.23661159694869757,0.23661159694869757,0.17947351668400513,0.0
human_cervical_cancer_real_profile_mask_epithelial_cell,human_cervical_cancer_real,Epithelial cell,"Cervical
Epithelial cell",ACTCAAGTGCAAGGCT-1,0.046276885961821154,0.37093268336629615,670,2112,False,False,0.2441618692241098,0.2797763247627662,0.18884535004669564,0.2391912676002427
human_cervical_cancer_real_profile_mask_epithelial_cell,human_cervical_cancer_real,Epithelial cell,"Cervical
Epithelial cell",TCACAGGTTATTGGGC-1,0.04627741985865555,0.3709379416330414,671,2111,False,False,0.09292926224809334,0.13624273161678174,0.11468296675064762,0.0
human_cervical_cancer_real_profile_mask_epithelial_cell,human_cervical_cancer_real,Epithelial cell,"Cervical
Epithelial cell",TGACGATGCACTAGAA-1,0.04630187743898894,0.3711788205314549,672,2110,False,False,0.14885755198315484,0.12790042597610016,0.09228483412452912,0.5410197060419272
human_cervical_cancer_real_profile_mask_epithelial_cell,human_cervical_cancer_real,Epithelial cell,"Cervical
Epithelial cell",AAGGATGAGGGACCTC-1,0.04631385431432931,0.3712967789107834,673,2109,False,False,0.07307815601629225,0.08612994505141826,0.0,0.20445868132177297
human_cervical_cancer_real_profile_mask_epithelial_cell,human_cervical_cancer_real,Epithelial cell,"Cervical
Epithelial cell",CATCATTACCCTGAGG-1,0.046314269603439255,0.37130086902852866,674,2108,False,False,0.09910912640954725,0.26951075391868745,0.09659922447245818,0.0
human_cervical_cancer_real_profile_mask_epithelial_cell,human_cervical_cancer_real,Epithelial cell,"Cervical
Epithelial cell",GCTTACGTAGTTAGTA-1,0.04631790942966645,0.3713367171099853,675,2107,False,False,0.10468269452840026,0.10468269452840026,0.10602308271995088,0.0
human_cervical_cancer_real_profile_mask_epithelial_cell,human_cervical_cancer_real,Epithelial cell,"Cervical
Epithelial cell",TTGGACCTATAACAGT-1,0.04632487312081833,0.37140530141925426,676,2106,False,False,0.24594134322716854,0.07978299310209866,0.1784119449598943,0.43913323405058985
human_cervical_cancer_real_profile_mask_epithelial_cell,human_cervical_cancer_real,Epithelial cell,"Cervical
Epithelial cell",AGGTCGCCACTTCGGT-1,0.04634723070427107,0.3716254977755525,677,2105,False,False,0.12017120916062667,0.06324510719785191,0.11042441669262978,0.0
human_cervical_cancer_real_profile_mask_epithelial_cell,human_cervical_cancer_real,Epithelial cell,"Cervical
Epithelial cell",TTATATACGCTGTCAC-1,0.04636033859914487,0.3717545953900622,678,2104,False,False,0.041443273550808665,0.15401681644379975,0.27795990684830696,0.3453336494381601
human_cervical_cancer_real_profile_mask_epithelial_cell,human_cervical_cancer_real,Epithelial cell,"Cervical
Epithelial cell",TCCCGCGTACTCCTGG-1,0.04636600449333805,0.37181039789927117,679,2103,False,False,0.17953876869082944,0.1394420353683539,0.09163507967804305,0.09694171997946378
human_cervical_cancer_real_profile_mask_epithelial_cell,human_cervical_cancer_real,Epithelial cell,"Cervical
Epithelial cell",CGAGACCCTAGAGTGT-1,0.046366878538685,0.37181900623572417,680,2102,False,False,0.07038394422893084,0.07396206794630125,0.18743950092526607,0.1007388534919113
human_cervical_cancer_real_profile_mask_epithelial_cell,human_cervical_cancer_real,Epithelial cell,"Cervical
Epithelial cell",TCGAGACCAACACCGT-1,0.04636763285118322,0.37182643534200344,681,2101,False,False,0.12872668985324384,0.12872668985324384,0.09846470313794077,0.0
human_cervical_cancer_real_profile_mask_epithelial_cell,human_cervical_cancer_real,Epithelial cell,"Cervical
Epithelial cell",CCTCCTGTTGTGTCGT-1,0.04636822181921148,0.37183223599635734,682,2100,False,False,0.024252701241452002,0.14298141975363265,0.1068379971618547,0.0
human_cervical_cancer_real_profile_mask_epithelial_cell,human_cervical_cancer_real,Epithelial cell,"Cervical
Epithelial cell",GTATGTGGGTCTAGTT-1,0.046368775844811264,0.371837692508177,683,2099,False,False,0.1193978191212805,0.09347491292916367,0.538241534805344,0.5928594015043476
human_cervical_cancer_real_profile_mask_epithelial_cell,human_cervical_cancer_real,Epithelial cell,"Cervical
Epithelial cell",TGACAACGCATGTCGC-1,0.0464017046359123,0.372162003041696,684,2098,False,False,0.0,0.1298701906964695,0.10882685037547549,0.0
human_cervical_cancer_real_profile_mask_epithelial_cell,human_cervical_cancer_real,Epithelial cell,"Cervical
Epithelial cell",ACGCTAGTGATACACT-1,0.046406095635034436,0.3722052493079684,685,2097,False,False,0.05598180550005059,0.05062035577509308,0.14247780283167122,0.0
human_cervical_cancer_real_profile_mask_epithelial_cell,human_cervical_cancer_real,Epithelial cell,"Cervical
Epithelial cell",GTCATGGACATGACTA-1,0.046423601779318195,0.3723776645957057,686,2096,False,False,0.0533437620133745,0.10657617623806925,0.07117132276739566,0.09331539178602724
human_cervical_cancer_real_profile_mask_epithelial_cell,human_cervical_cancer_real,Epithelial cell,"Cervical
Epithelial cell",AGTACATCATTTATCA-1,0.04642783476302183,0.37241935459273867,687,2095,False,False,0.3007499515577719,0.08067194805655892,0.32513666517732437,0.0
human_cervical_cancer_real_profile_mask_epithelial_cell,human_cervical_cancer_real,Epithelial cell,"Cervical
Epithelial cell",TGACATCGAGCGGACC-1,0.046447840576711884,0.37261638873503067,688,2094,False,False,0.0912876474388631,0.09750807628926719,0.10065414281396302,0.0
human_cervical_cancer_real_profile_mask_epithelial_cell,human_cervical_cancer_real,Epithelial cell,"Cervical
Epithelial cell",AATGGTTCTCACAAGC-1,0.04644963284157735,0.37263404047247045,689,2093,False,False,0.10431871784043258,0.0908541889778805,0.07797919809352315,0.0
human_cervical_cancer_real_profile_mask_epithelial_cell,human_cervical_cancer_real,Epithelial cell,"Cervical
Epithelial cell",CATGACTTCGCTGAAT-1,0.04647323584941952,0.37286650281955336,690,2092,False,False,0.1279429831205276,0.14834447389148267,0.06725690894994184,0.0
human_cervical_cancer_real_profile_mask_epithelial_cell,human_cervical_cancer_real,Epithelial cell,"Cervical
Epithelial cell",TAATACTAGAACAGAC-1,0.04649627067048724,0.37309336918361347,691,2091,False,False,0.057958899472625,0.2776138541960053,0.16636563188858355,0.26908327517813896
human_cervical_cancer_real_profile_mask_epithelial_cell,human_cervical_cancer_real,Epithelial cell,"Cervical
Epithelial cell",GTGGAACCTACATGCG-1,0.046543841030501784,0.3735618822483255,692,2090,False,False,0.06982871982530074,0.10761950675447075,0.1301832156268477,0.09244895319686233
human_cervical_cancer_real_profile_mask_epithelial_cell,human_cervical_cancer_real,Epithelial cell,"Cervical
Epithelial cell",GTTAAAGTAGGACTGG-1,0.04655228007287072,0.37364499706188364,693,2089,False,False,0.06707857435249874,0.06707857435249874,0.19247020619463948,0.1174550775296874
human_cervical_cancer_real_profile_mask_epithelial_cell,human_cervical_cancer_real,Epithelial cell,"Cervical
Epithelial cell",GGTTTACAATCTCAAT-1,0.04655918878974564,0.37371303993806343,694,2088,False,False,0.11441703032797566,0.1062200161171145,0.08150781184999648,0.09598768581624396
human_cervical_cancer_real_profile_mask_epithelial_cell,human_cervical_cancer_real,Epithelial cell,"Cervical
Epithelial cell",TAGAGCTACGAAGAAC-1,0.04655976375842641,0.37371870271502494,695,2087,False,False,0.06705664219815867,0.04481269109839625,0.10413505673785226,0.0
human_cervical_cancer_real_profile_mask_epithelial_cell,human_cervical_cancer_real,Epithelial cell,"Cervical
Epithelial cell",TCATCACTCGAGCTCG-1,0.046560326406039326,0.3737242441437087,696,2086,False,False,0.02215826516322208,0.06584522014324817,0.27660000001143453,0.0
human_cervical_cancer_real_profile_mask_epithelial_cell,human_cervical_cancer_real,Epithelial cell,"Cervical
Epithelial cell",CCCAGGAAGAATTCGA-1,0.046562000216694564,0.3737407292440862,697,2085,False,False,0.11980391665634833,0.12229057824275033,0.12599888554026786,0.0
human_cervical_cancer_real_profile_mask_epithelial_cell,human_cervical_cancer_real,Epithelial cell,"Cervical
Epithelial cell",AGGGAAACGAGGTACT-1,0.04658916728531311,0.3740082934705041,698,2084,False,False,0.03454052669190984,0.08487002415200008,0.377877739877434,0.0
human_cervical_cancer_real_profile_mask_epithelial_cell,human_cervical_cancer_real,Epithelial cell,"Cervical
Epithelial cell",CAGTCTGTATACTGGG-1,0.04661156463566566,0.3742288814848033,699,2083,False,False,0.101737317417021,0.08864765286601334,0.1194874318140736,0.09693127189168499
human_cervical_cancer_real_profile_mask_epithelial_cell,human_cervical_cancer_real,Epithelial cell,"Cervical
Epithelial cell",TATCTACCACAGCGGG-1,0.0466118065557307,0.37423126411783475,700,2082,False,False,0.12035887927645524,0.09544807109549215,0.12576826265837687,0.15720946220237822
human_cervical_cancer_real_profile_mask_epithelial_cell,human_cervical_cancer_real,Epithelial cell,"Cervical
Epithelial cell",TACTTTACTGAGCCGG-1,0.046628433239935915,0.3743950177402711,701,2081,False,False,0.09892498858874585,0.06260997528971725,0.06388901887257432,0.0
human_cervical_cancer_real_profile_mask_epithelial_cell,human_cervical_cancer_real,Epithelial cell,"Cervical
Epithelial cell",TAACCTACCGTCCGAG-1,0.04663756021297435,0.37448490787581923,702,2080,False,False,0.09025080338200207,0.10802289781690508,0.0749084169549964,0.0
human_cervical_cancer_real_profile_mask_epithelial_cell,human_cervical_cancer_real,Epithelial cell,"Cervical
Epithelial cell",GCTCTCGGGTACCGAA-1,0.04664127066277624,0.3745214515178605,703,2079,False,False,0.05025679951002433,0.06263283052841934,0.11469232043055098,0.10585038016465732
human_cervical_cancer_real_profile_mask_epithelial_cell,human_cervical_cancer_real,Epithelial cell,"Cervical
Epithelial cell",GCGAAACGATCGGGAG-1,0.04664751148762483,0.374582916429525,704,2078,False,False,0.0,0.025945449734642415,0.08424947214899998,0.0
human_cervical_cancer_real_profile_mask_epithelial_cell,human_cervical_cancer_real,Epithelial cell,"Cervical
Epithelial cell",ATTACTTACTGGGCAT-1,0.04665128681253076,0.3746200990163589,705,2077,False,False,0.10916395494272811,0.1325297626349782,0.08663832899617088,0.0
human_cervical_cancer_real_profile_mask_epithelial_cell,human_cervical_cancer_real,Epithelial cell,"Cervical
Epithelial cell",TTGGGACGTAAGAGTT-1,0.046657304628909387,0.37467936755234565,706,2076,False,False,0.2688666070486126,0.05677756026851117,0.11646440393180649,0.0
human_cervical_cancer_real_profile_mask_epithelial_cell,human_cervical_cancer_real,Epithelial cell,"Cervical
Epithelial cell",GTCAAGCGGACTCGGG-1,0.04666141346035317,0.3747198347931133,707,2075,False,False,0.21922491577963535,0.141813583895189,0.0695650125723865,0.23142666718241073
human_cervical_cancer_real_profile_mask_epithelial_cell,human_cervical_cancer_real,Epithelial cell,"Cervical
Epithelial cell",TCCGCGGCAGCATCTG-1,0.046685106191225574,0.37495318080834283,708,2074,False,False,0.085392413324149,0.07974620114813283,0.10755712718162498,0.10615346893383133
human_cervical_cancer_real_profile_mask_epithelial_cell,human_cervical_cancer_real,Epithelial cell,"Cervical
Epithelial cell",CAGCTCGACAAGTTAA-1,0.04668866163683018,0.37498819783819337,709,2073,False,False,0.1361275952780874,0.18843180248214794,0.04914216377379083,0.1800355944461793
human_cervical_cancer_real_profile_mask_epithelial_cell,human_cervical_cancer_real,Epithelial cell,"Cervical
Epithelial cell",GGAGACGACACCTTTG-1,0.0467006691785339,0.375106458245757,710,2072,False,False,0.1369813998210075,0.06328499364553167,0.1909105121250181,0.10633126170119032
human_cervical_cancer_real_profile_mask_epithelial_cell,human_cervical_cancer_real,Epithelial cell,"Cervical
Epithelial cell",TCACAGCAAACTCGAA-1,0.04670828994824313,0.3751815140193699,711,2071,False,False,0.019491580642493168,0.09098102107762918,0.10873828603891945,0.0
human_cervical_cancer_real_profile_mask_epithelial_cell,human_cervical_cancer_real,Epithelial cell,"Cervical
Epithelial cell",GTCGGGAAGCAGAAAC-1,0.04671311352048974,0.3752290206309538,712,2070,False,False,0.12484327486274775,0.17398553445804085,0.10842880387250121,0.05436061101879196
human_cervical_cancer_real_profile_mask_epithelial_cell,human_cervical_cancer_real,Epithelial cell,"Cervical
Epithelial cell",TCTTACTTATGCCTCT-1,0.04671312576453524,0.37522914122065043,713,2069,False,False,0.08757899686895325,0.16248512577228705,0.0969505975146369,0.14566243476871113
human_cervical_cancer_real_profile_mask_epithelial_cell,human_cervical_cancer_real,Epithelial cell,"Cervical
Epithelial cell",CTAGGTTCGGACGTGA-1,0.04672290242621679,0.37532543003842844,714,2068,False,False,0.025966468873655335,0.2441618692241098,0.22776249215938224,0.10811268689894624
human_cervical_cancer_real_profile_mask_epithelial_cell,human_cervical_cancer_real,Epithelial cell,"Cervical
Epithelial cell",CGCGGTAAGTCTAGCT-1,0.04672586093002311,0.3753545678815063,715,2067,False,False,0.03778695430875734,0.08761938619509275,0.20262373557131486,0.0
human_cervical_cancer_real_profile_mask_epithelial_cell,human_cervical_cancer_real,Epithelial cell,"Cervical
Epithelial cell",GTTAAGGGTGCGATGT-1,0.046726265623109595,0.3753585536406672,716,2066,False,False,0.16565355220117803,0.04879008393055166,0.18567750276973313,0.15427163503606153
human_cervical_cancer_real_profile_mask_epithelial_cell,human_cervical_cancer_real,Epithelial cell,"Cervical
Epithelial cell",TTATGACAAACTGGAT-1,0.04672714787832802,0.3753672428348654,717,2065,False,False,0.06524509526057692,0.08959412367638235,0.24813809830941705,0.0
human_cervical_cancer_real_profile_mask_epithelial_cell,human_cervical_cancer_real,Epithelial cell,"Cervical
Epithelial cell",GACTGCACCAGCCCAG-1,0.04673212464763023,0.37541625826038305,718,2064,False,False,0.07366567606927224,0.052314735711007164,0.0821424558293302,0.22961181094946662
human_cervical_cancer_real_profile_mask_epithelial_cell,human_cervical_cancer_real,Epithelial cell,"Cervical
Epithelial cell",CGAGGGTATCCAGGTG-1,0.04673282242029628,0.37542313051466375,719,2063,False,False,0.21510830297189296,0.05464595144651258,0.08682773334717407,0.0
human_cervical_cancer_real_profile_mask_epithelial_cell,human_cervical_cancer_real,Epithelial cell,"Cervical
Epithelial cell",GTTATATCAGGAGCCA-1,0.046737178177950485,0.3754660296932088,720,2062,False,False,0.08433702333837757,0.1605837334929229,0.09964796634180167,0.0
human_cervical_cancer_real_profile_mask_epithelial_cell,human_cervical_cancer_real,Epithelial cell,"Cervical
Epithelial cell",TGCGCCGTTAATAACG-1,0.04673867164386757,0.37548073860635645,721,2061,False,False,0.021271844919157002,0.1153500834832124,0.07190170951136216,0.0
human_cervical_cancer_real_profile_mask_epithelial_cell,human_cervical_cancer_real,Epithelial cell,"Cervical
Epithelial cell",GACCGTCAGGTCGTGA-1,0.0467398774908048,0.37549261480498014,722,2060,False,False,0.09130223251026616,0.07745023314329193,0.095846238131633,0.0
human_cervical_cancer_real_profile_mask_epithelial_cell,human_cervical_cancer_real,Epithelial cell,"Cervical
Epithelial cell",GGTGAGATGCAGATAA-1,0.04674062671914963,0.3754999938382248,723,2059,False,False,0.0,0.14993978954448076,0.07632106200239996,0.0
human_cervical_cancer_real_profile_mask_epithelial_cell,human_cervical_cancer_real,Epithelial cell,"Cervical
Epithelial cell",GCCGGGTTAGGGTCGC-1,0.04674180042996491,0.37551155353319,724,2058,False,False,0.08563544263979998,0.08563544263979998,0.14599899525878254,0.12487488113624028
human_cervical_cancer_real_profile_mask_epithelial_cell,human_cervical_cancer_real,Epithelial cell,"Cervical
Epithelial cell",CATTTAGCGGACCATG-1,0.04674245421281435,0.3755179925386201,725,2057,False,False,0.18855233858808262,0.07844494956805333,0.12440931795781457,0.10627297425423597
human_cervical_cancer_real_profile_mask_epithelial_cell,human_cervical_cancer_real,Epithelial cell,"Cervical
Epithelial cell",AGCTAGAAGCAGAAGT-1,0.04674361821086689,0.3755294565740982,726,2056,False,False,0.07099817821430517,0.08087364571941708,0.4201746754163231,0.0
human_cervical_cancer_real_profile_mask_epithelial_cell,human_cervical_cancer_real,Epithelial cell,"Cervical
Epithelial cell",ATGTAAGGCTGCTCTT-1,0.0467444804519303,0.3755379486520017,727,2055,False,False,0.062013216003491085,0.3007499515577719,0.11128185136056867,0.0
human_cervical_cancer_real_profile_mask_epithelial_cell,human_cervical_cancer_real,Epithelial cell,"Cervical
Epithelial cell",CAATAAACCTTGGCCC-1,0.04674622614793413,0.37555514173997834,728,2054,False,False,0.138676283367108,0.11943726722644644,0.1214398404383819,0.09600581041600309
human_cervical_cancer_real_profile_mask_epithelial_cell,human_cervical_cancer_real,Epithelial cell,"Cervical
Epithelial cell",TGCTCGGTGGGTCACC-1,0.046772399330058174,0.3758129173331513,729,2053,False,False,0.32108280269315154,0.32108280269315154,0.10304179603110628,0.0
human_cervical_cancer_real_profile_mask_epithelial_cell,human_cervical_cancer_real,Epithelial cell,"Cervical
Epithelial cell",ACCCTTTAGTTCTCCA-1,0.046782209790574146,0.375909539030384,730,2052,False,False,0.13648158799628582,0.11640602008677432,0.11359463494850316,0.0
human_cervical_cancer_real_profile_mask_epithelial_cell,human_cervical_cancer_real,Epithelial cell,"Cervical
Epithelial cell",CAAGACTCAGAAGCGC-1,0.046788548800106286,0.37597197094770046,731,2051,False,False,0.021943832605022997,0.11340311975645424,0.14303558941105343,0.0
human_cervical_cancer_real_profile_mask_epithelial_cell,human_cervical_cancer_real,Epithelial cell,"Cervical
Epithelial cell",ACAATTTGGCCATATT-1,0.046801758417035794,0.37610207040688937,732,2050,False,False,0.06865602080404784,0.04272636224202091,0.1375166600501022,0.0
human_cervical_cancer_real_profile_mask_epithelial_cell,human_cervical_cancer_real,Epithelial cell,"Cervical
Epithelial cell",ATAGAGTTATCAACTT-1,0.04680515657141248,0.37613553829994084,733,2049,False,False,0.10569434751740626,0.11573800815112732,0.06896816837395064,0.04411548011438084
human_cervical_cancer_real_profile_mask_epithelial_cell,human_cervical_cancer_real,Epithelial cell,"Cervical
Epithelial cell",GTAGCTTCCTCTTGTT-1,0.04681287424314092,0.37621154844644444,734,2048,False,False,0.09085986067351202,0.14771957605733943,0.11364963716998115,0.4449483121002716
human_cervical_cancer_real_profile_mask_epithelial_cell,human_cervical_cancer_real,Epithelial cell,"Cervical
Epithelial cell",AGTCAGCCACCGCCTG-1,0.04682155605316232,0.3762970542407905,735,2047,False,False,0.17590838877621137,0.14517837910336465,0.06816096906207764,0.0
human_cervical_cancer_real_profile_mask_epithelial_cell,human_cervical_cancer_real,Epithelial cell,"Cervical
Epithelial cell",ACTATCCAGGGCATGG-1,0.04682425508469528,0.37632363658187173,736,2046,False,False,0.11137558613307451,0.08717293797414216,0.06601896202532892,0.0
human_cervical_cancer_real_profile_mask_epithelial_cell,human_cervical_cancer_real,Epithelial cell,"Cervical
Epithelial cell",GCTCCCAGTCGGTCCA-1,0.04682816517549856,0.37636214645703314,737,2045,False,False,0.11151055764232351,0.11151055764232351,0.5338295577371486,0.0
human_cervical_cancer_real_profile_mask_epithelial_cell,human_cervical_cancer_real,Epithelial cell,"Cervical
Epithelial cell",CTCGATATTTGCGAGC-1,0.04683564414809171,0.3764358056929406,738,2044,False,False,0.09731012298572618,0.17874092377140663,0.06336396996239217,0.0
human_cervical_cancer_real_profile_mask_epithelial_cell,human_cervical_cancer_real,Epithelial cell,"Cervical
Epithelial cell",CATGGTCTAGATACCG-1,0.04684021392287182,0.3764808126928166,739,2043,False,False,0.12089821367309724,0.07010914514230566,0.10545256186054489,0.09346126401702876
human_cervical_cancer_real_profile_mask_epithelial_cell,human_cervical_cancer_real,Epithelial cell,"Cervical
Epithelial cell",CTAATTCGCACGCGCT-1,0.046852375234988856,0.3766005875612248,740,2042,False,False,0.14972313209220056,0.08433702333837757,0.06899174406423003,0.0
human_cervical_cancer_real_profile_mask_epithelial_cell,human_cervical_cancer_real,Epithelial cell,"Cervical
Epithelial cell",TGTTCGTATTGCGGTG-1,0.046856547092040075,0.37664167553138117,741,2041,False,False,0.1534518223328581,0.1305513728549578,0.12360132932862726,0.11922702397716438
human_cervical_cancer_real_profile_mask_epithelial_cell,human_cervical_cancer_real,Epithelial cell,"Cervical
Epithelial cell",TTCCGCGTGAGGCGAT-1,0.04685819376290645,0.37665789333620636,742,2040,False,False,0.08649703943037215,0.04372128920757934,0.11953190650854865,0.11378865705997894
human_cervical_cancer_real_profile_mask_epithelial_cell,human_cervical_cancer_real,Epithelial cell,"Cervical
Epithelial cell",TGTTGCCGTCGTCCCA-1,0.04688152252759856,0.376887654705229,743,2039,False,False,0.07222571325022399,0.22545979547942838,0.25502308713262556,0.0
human_cervical_cancer_real_profile_mask_epithelial_cell,human_cervical_cancer_real,Epithelial cell,"Cervical
Epithelial cell",TCTATTACGCTGGCGA-1,0.04689736170664838,0.37704365231207676,744,2038,False,False,0.07519078970583999,0.08554775785604622,0.12865667543332351,0.0
human_cervical_cancer_real_profile_mask_epithelial_cell,human_cervical_cancer_real,Epithelial cell,"Cervical
Epithelial cell",ATGGGCCTCGGCCTCT-1,0.04690441420865044,0.37711311130557323,745,2037,False,False,0.24855690153927298,0.050111105489824,1.0013628800457808,0.30838106513269625
human_cervical_cancer_real_profile_mask_epithelial_cell,human_cervical_cancer_real,Epithelial cell,"Cervical
Epithelial cell",CGGCCACGCACAAAGT-1,0.04690576830528157,0.3771264475923361,746,2036,False,False,0.16179192874295376,0.10709056114406774,0.0,0.1501062219089823
human_cervical_cancer_real_profile_mask_epithelial_cell,human_cervical_cancer_real,Epithelial cell,"Cervical
Epithelial cell",GGATTTCACTTCTATA-1,0.04691250318354202,0.3771927783590846,747,2035,False,False,0.24023930685599854,0.0722733676586025,0.0,0.19607160762294687
human_cervical_cancer_real_profile_mask_epithelial_cell,human_cervical_cancer_real,Epithelial cell,"Cervical
Epithelial cell",GATTCCCTTGTCGCAG-1,0.04691952515777493,0.3772619366893386,748,2034,False,False,0.09682936567331885,0.045968753987041165,0.11308813882605272,0.0737873590392922
human_cervical_cancer_real_profile_mask_epithelial_cell,human_cervical_cancer_real,Epithelial cell,"Cervical
Epithelial cell",TCCGGCCTAGCGTACA-1,0.04691958274413215,0.37726250384839943,749,2033,False,False,0.16340626978548636,0.10595728382990009,0.11622144503519416,0.0
human_cervical_cancer_real_profile_mask_epithelial_cell,human_cervical_cancer_real,Epithelial cell,"Cervical
Epithelial cell",GCCATATTGCACACAG-1,0.046924290705012105,0.3773088718216444,750,2032,False,False,0.0,0.05114532993395634,0.07939959801802227,0.11453040482941067
human_cervical_cancer_real_profile_mask_epithelial_cell,human_cervical_cancer_real,Epithelial cell,"Cervical
Epithelial cell",TTAATGTAGACCAGGT-1,0.04694409642398465,0.37750393526223675,751,2031,False,False,0.08140750185176325,0.07791249022403618,0.0859083553075938,0.11755654645053876
human_cervical_cancer_real_profile_mask_epithelial_cell,human_cervical_cancer_real,Epithelial cell,"Cervical
Epithelial cell",CCATCGCAGTTAAACT-1,0.04694844653052214,0.3775467787838136,752,2030,False,False,0.1585448572335156,0.12416995352826143,0.27438281301137296,0.13465973236277481
human_cervical_cancer_real_profile_mask_epithelial_cell,human_cervical_cancer_real,Epithelial cell,"Cervical
Epithelial cell",GTCGGATATCTCAGAC-1,0.0469614390245939,0.37767473983380256,753,2029,False,False,0.05017944719284901,0.17870437612883108,0.10986383893224003,0.0
human_cervical_cancer_real_profile_mask_epithelial_cell,human_cervical_cancer_real,Epithelial cell,"Cervical
Epithelial cell",ATCGGCAAGCAGTCCA-1,0.046974505467051,0.3778034291899182,754,2028,False,False,0.024257010911111418,0.03509450845776433,0.0,0.06343571807603822
human_cervical_cancer_real_profile_mask_epithelial_cell,human_cervical_cancer_real,Epithelial cell,"Cervical
Epithelial cell",AGGGTGCTCTCGAGGG-1,0.046976819062639175,0.37782621543242695,755,2027,False,False,0.07180345127580749,0.08344346858153824,0.08117751470572916,0.42727235708521705
human_cervical_cancer_real_profile_mask_epithelial_cell,human_cervical_cancer_real,Epithelial cell,"Cervical
Epithelial cell",CCATATGGAAACTATA-1,0.04698410426101134,0.3778979662162204,756,2026,False,False,0.0694099005255194,0.1700138231227034,0.16551137873186036,0.0
human_cervical_cancer_real_profile_mask_epithelial_cell,human_cervical_cancer_real,Epithelial cell,"Cervical
Epithelial cell",TGGTTCAACGGGTAAT-1,0.046986089324356675,0.377917516795852,757,2025,False,False,0.15448196896141003,0.12774013090184766,0.09501463012755168,0.1943875730360635
human_cervical_cancer_real_profile_mask_epithelial_cell,human_cervical_cancer_real,Epithelial cell,"Cervical
Epithelial cell",TGGCTATGTGACATAC-1,0.04698879445881684,0.37794415924371244,758,2024,False,False,0.2567240779169292,0.16586681819519514,0.10656179334554396,0.1169893454593729
human_cervical_cancer_real_profile_mask_epithelial_cell,human_cervical_cancer_real,Epithelial cell,"Cervical
Epithelial cell",TACGCTATAGAAACCT-1,0.04699196509710191,0.37797538636622274,759,2023,False,False,0.08019190592477835,0.09731143431929892,0.11308092551627145,0.0
human_cervical_cancer_real_profile_mask_epithelial_cell,human_cervical_cancer_real,Epithelial cell,"Cervical
Epithelial cell",GAGGTACGCGTGTCCC-1,0.0470040102104086,0.3780940168106506,760,2022,False,False,0.07061194992536658,0.05961895942311109,0.12120631647571775,0.0
human_cervical_cancer_real_profile_mask_epithelial_cell,human_cervical_cancer_real,Epithelial cell,"Cervical
Epithelial cell",ATGCGACAGTCCCATT-1,0.04700540847942339,0.37810778814433843,761,2021,False,False,0.09388523286965418,0.10003049338519948,0.08259378649446251,0.09842982651431861
human_cervical_cancer_real_profile_mask_epithelial_cell,human_cervical_cancer_real,Epithelial cell,"Cervical
Epithelial cell",CATGGGTCGGGTGTGG-1,0.04700723858274062,0.3781258125467948,762,2020,False,False,0.058352672067451754,0.08824613075528333,0.15186905951144622,0.08396921213916493
human_cervical_cancer_real_profile_mask_epithelial_cell,human_cervical_cancer_real,Epithelial cell,"Cervical
Epithelial cell",TGGCTTTGGGTAGACA-1,0.04701643156033945,0.3782163527509753,763,2019,False,False,0.12592657935902102,0.05754865304488517,0.2687081907231595,0.08671681514983444
human_cervical_cancer_real_profile_mask_epithelial_cell,human_cervical_cancer_real,Epithelial cell,"Cervical
Epithelial cell",GTGGTTACTTCTTTCG-1,0.04704561016024931,0.3785037282357014,764,2018,False,False,0.10033891850356116,0.3158253274321917,0.1438936513527591,0.0
human_cervical_cancer_real_profile_mask_epithelial_cell,human_cervical_cancer_real,Epithelial cell,"Cervical
Epithelial cell",GAACAGATTACTAAAT-1,0.04705103218259374,0.3785571288890651,765,2017,False,False,0.1296432233469694,0.075070477742364,0.11725835434869011,0.14493702950152226
human_cervical_cancer_real_profile_mask_epithelial_cell,human_cervical_cancer_real,Epithelial cell,"Cervical
Epithelial cell",TTGCGTCGGCCAACCG-1,0.04705626259218953,0.37860864237831926,766,2016,False,False,0.08894422752725208,0.1662803213851353,0.12421402708089031,0.0
human_cervical_cancer_real_profile_mask_epithelial_cell,human_cervical_cancer_real,Epithelial cell,"Cervical
Epithelial cell",CGTTGTAAGATTGATT-1,0.047072270913321335,0.3787663058391815,767,2015,False,False,0.06623364320467516,0.08325231133577957,0.11814108675210203,0.0
human_cervical_cancer_real_profile_mask_epithelial_cell,human_cervical_cancer_real,Epithelial cell,"Cervical
Epithelial cell",CTATAAGAGCCAATCG-1,0.04709084664287911,0.37894925530565,768,2014,False,False,0.12212147108774,0.12402574272103635,0.09997597480127844,1.1922258142798399
human_cervical_cancer_real_profile_mask_epithelial_cell,human_cervical_cancer_real,Epithelial cell,"Cervical
Epithelial cell",AAGTGTTTGGAGACGG-1,0.04709115407020467,0.3789522831094848,769,2013,False,False,0.0976545145691874,0.09532846035856733,0.15904189594463528,0.16740617474836833
human_cervical_cancer_real_profile_mask_epithelial_cell,human_cervical_cancer_real,Epithelial cell,"Cervical
Epithelial cell",TTCCACACAGATTTGA-1,0.04709462230258507,0.37898644118987723,770,2012,False,False,0.08067194805655892,0.10996634785237275,0.07935377791848434,0.0
human_cervical_cancer_real_profile_mask_epithelial_cell,human_cervical_cancer_real,Epithelial cell,"Cervical
Epithelial cell",CACTTAATCAGACGGA-1,0.047119706306726544,0.3792334896387849,771,2011,False,False,0.08965544716273259,0.06977328155647192,0.10967105545722998,0.0
human_cervical_cancer_real_profile_mask_epithelial_cell,human_cervical_cancer_real,Epithelial cell,"Cervical
Epithelial cell",GTTAACTATGTTGTCA-1,0.04711983744190972,0.37923478116877424,772,2010,False,False,0.07311138100988443,0.11413115183484553,0.0,0.0
human_cervical_cancer_real_profile_mask_epithelial_cell,human_cervical_cancer_real,Epithelial cell,"Cervical
Epithelial cell",AGATCGTGCATAAGAT-1,0.04712536688339334,0.3792892397765048,773,2009,False,False,0.0615168675926075,0.09527439138000433,0.10995664619137951,0.0
human_cervical_cancer_real_profile_mask_epithelial_cell,human_cervical_cancer_real,Epithelial cell,"Cervical
Epithelial cell",AAGGCGCGTAAAGCTT-1,0.04713740611738367,0.37940781231646187,774,2008,False,False,0.15555659337518016,0.12493060305816885,0.09032156537303639,0.0
human_cervical_cancer_real_profile_mask_epithelial_cell,human_cervical_cancer_real,Epithelial cell,"Cervical
Epithelial cell",AGAACCCAGCGTGACA-1,0.04715998034532083,0.3796301423705357,775,2007,False,False,0.08866383855265633,0.15287228540574163,0.17579974195951437,0.0
human_cervical_cancer_real_profile_mask_epithelial_cell,human_cervical_cancer_real,Epithelial cell,"Cervical
Epithelial cell",AATTAGCGCTGCAGCG-1,0.04721204698954303,0.38014293863792487,776,2006,False,False,0.14002046609182808,0.10553334983057508,0.06914914021630442,0.1362449279258499
human_cervical_cancer_real_profile_mask_epithelial_cell,human_cervical_cancer_real,Epithelial cell,"Cervical
Epithelial cell",AGGGTCGATGCGAACT-1,0.04722930872432262,0.3803129467745326,777,2005,False,False,0.2334137534319937,0.06893478408072576,0.17192274495088863,0.0
human_cervical_cancer_real_profile_mask_epithelial_cell,human_cervical_cancer_real,Epithelial cell,"Cervical
Epithelial cell",CCTGTAAGACATGATA-1,0.04724906253108472,0.3805074989398517,778,2004,False,False,0.18461812900657032,0.13095543428624834,0.13939845892876182,0.0
human_cervical_cancer_real_profile_mask_epithelial_cell,human_cervical_cancer_real,Epithelial cell,"Cervical
Epithelial cell",TCTAGCATCTTCGATG-1,0.04727300668941813,0.38074332122497434,779,2003,False,False,0.1892168343687081,0.1611700608870246,0.09877443051102934,0.0
human_cervical_cancer_real_profile_mask_epithelial_cell,human_cervical_cancer_real,Epithelial cell,"Cervical
Epithelial cell",CGCACGTGCGCTATCA-1,0.04728209601103761,0.380832840537563,780,2002,False,False,0.18414383406016274,0.15885111142656932,0.5511688377666928,0.0
human_cervical_cancer_real_profile_mask_epithelial_cell,human_cervical_cancer_real,Epithelial cell,"Cervical
Epithelial cell",CAACTATATCGAATGC-1,0.04728401478775859,0.38085173827055824,781,2001,False,False,0.13667765507639193,0.07519105095748026,0.07922170178386981,0.1264342993657626
human_cervical_cancer_real_profile_mask_epithelial_cell,human_cervical_cancer_real,Epithelial cell,"Cervical
Epithelial cell",AAAGTCACTGATGTAA-1,0.047303782655042606,0.38104642891576723,782,2000,False,False,0.12261311069277975,0.09429710159856149,0.11591488352073481,0.0
human_cervical_cancer_real_profile_mask_epithelial_cell,human_cervical_cancer_real,Epithelial cell,"Cervical
Epithelial cell",TATGCTCCCTACTTAC-1,0.047312812807110145,0.38113536547665694,783,1999,False,False,0.17191799008915692,0.11137558613307451,0.11603702335898364,0.12296818669092217
human_cervical_cancer_real_profile_mask_epithelial_cell,human_cervical_cancer_real,Epithelial cell,"Cervical
Epithelial cell",CTTCGGCCAATTGTTT-1,0.04731407066279154,0.3811477539012994,784,1998,False,False,0.148036792465717,0.148343977935179,0.0,0.0
human_cervical_cancer_real_profile_mask_epithelial_cell,human_cervical_cancer_real,Epithelial cell,"Cervical
Epithelial cell",TCCAGAGCACCGGTTC-1,0.047322665222174466,0.3812324003777001,785,1997,False,False,0.11576501545410958,0.11493186251302065,0.07914063611251233,0.0890003846924892
human_cervical_cancer_real_profile_mask_epithelial_cell,human_cervical_cancer_real,Epithelial cell,"Cervical
Epithelial cell",GTTTACGTTCCATCTG-1,0.047329439027247504,0.3812991145285613,786,1996,False,False,0.08829681050439916,0.15348030448072164,0.08464788862349543,0.11902102585786464
human_cervical_cancer_real_profile_mask_epithelial_cell,human_cervical_cancer_real,Epithelial cell,"Cervical
Epithelial cell",ATTCTTCGTACTTATG-1,0.04736518994196328,0.3816512197178982,787,1995,False,False,0.0,0.07011348595739267,0.15557884183962456,0.0
human_cervical_cancer_real_profile_mask_epithelial_cell,human_cervical_cancer_real,Epithelial cell,"Cervical
Epithelial cell",ACCTAATCGACTTCCT-1,0.04737318775895289,0.38172998897143473,788,1994,False,False,0.07498676972844283,0.08602289770411392,0.09735579495279834,0.0
human_cervical_cancer_real_profile_mask_epithelial_cell,human_cervical_cancer_real,Epithelial cell,"Cervical
Epithelial cell",CGGGCGATGGATCACG-1,0.047379665486359045,0.38179378709948125,789,1993,False,False,0.02716467991028742,0.08678267682107176,0.27006921854642363,0.18435376883471183
human_cervical_cancer_real_profile_mask_epithelial_cell,human_cervical_cancer_real,Epithelial cell,"Cervical
Epithelial cell",CTGGAAATGGATGCTT-1,0.04738845016600761,0.38188030604075907,790,1992,False,False,0.12910634564502818,0.1983507792540541,0.06158145096526697,0.14105836257249466
human_cervical_cancer_real_profile_mask_epithelial_cell,human_cervical_cancer_real,Epithelial cell,"Cervical
Epithelial cell",CTATTTGGTTACGGAT-1,0.04740223917100303,0.38201611180274525,791,1991,False,False,0.129951373090077,0.0760880880248135,0.13624031482127652,0.12020000899929496
human_cervical_cancer_real_profile_mask_epithelial_cell,human_cervical_cancer_real,Epithelial cell,"Cervical
Epithelial cell",TAGAGTCTAAGCGAAC-1,0.04740630284751215,0.3820561343195962,792,1990,False,False,0.14585502766525682,0.07700676308963109,0.0,0.12089690955024067
human_cervical_cancer_real_profile_mask_epithelial_cell,human_cervical_cancer_real,Epithelial cell,"Cervical
Epithelial cell",GCTGCTACTGCGTAGC-1,0.04741369317298839,0.38212892048385966,793,1989,False,False,0.2073399717288741,0.07379526958611758,0.10485981827757232,0.11772542709316948
human_cervical_cancer_real_profile_mask_epithelial_cell,human_cervical_cancer_real,Epithelial cell,"Cervical
Epithelial cell",TTATAGGTAATTGTCT-1,0.047417069167493116,0.38216217012778453,794,1988,False,False,0.10416609403490883,0.08578941582977366,0.11130997312498359,0.0
human_cervical_cancer_real_profile_mask_epithelial_cell,human_cervical_cancer_real,Epithelial cell,"Cervical
Epithelial cell",TACGGAAGCCAAACCA-1,0.04742193276431456,0.3822100709351705,795,1987,False,False,0.177675971078588,0.1384109157493031,0.11174633173666688,0.0
human_cervical_cancer_real_profile_mask_epithelial_cell,human_cervical_cancer_real,Epithelial cell,"Cervical
Epithelial cell",TGCGAGAATATTACCC-1,0.047429677141954646,0.38228634410403733,796,1986,False,False,0.15461720742740384,0.14871984870947969,0.3610380386069847,0.0
human_cervical_cancer_real_profile_mask_epithelial_cell,human_cervical_cancer_real,Epithelial cell,"Cervical
Epithelial cell",ACCACGTGCAGCTATA-1,0.04746115486333537,0.38259636327794566,797,1985,False,False,0.10895071454318066,0.10592915896977367,0.23197217996539296,0.15165116810110202
human_cervical_cancer_real_profile_mask_epithelial_cell,human_cervical_cancer_real,Epithelial cell,"Cervical
Epithelial cell",CTTTAATATTGGTCGA-1,0.047477952605540864,0.38276180162397744,798,1984,False,False,0.06319079197197217,0.13587054624206493,0.1496318293634071,0.2453554225224921
human_cervical_cancer_real_profile_mask_epithelial_cell,human_cervical_cancer_real,Epithelial cell,"Cervical
Epithelial cell",AGCGTAGCGCTAGACC-1,0.0474906779380277,0.382887131441138,799,1983,False,False,0.03474707903500683,0.12557202525818487,0.05356351963338583,0.0
human_cervical_cancer_real_profile_mask_epithelial_cell,human_cervical_cancer_real,Epithelial cell,"Cervical
Epithelial cell",ATACGGGTTTCGATTG-1,0.047493270990122446,0.382912670007243,800,1982,False,False,0.055149381335288246,0.07574941234648393,0.048262607097217955,0.09408081273832594
human_cervical_cancer_real_profile_mask_epithelial_cell,human_cervical_cancer_real,Epithelial cell,"Cervical
Epithelial cell",AGCGGGTCTGACACTC-1,0.04749373229567022,0.38291721333371537,801,1981,False,False,0.051978803374889665,0.12125096195889491,0.11855730256598375,0.0
human_cervical_cancer_real_profile_mask_epithelial_cell,human_cervical_cancer_real,Epithelial cell,"Cervical
Epithelial cell",GGCTCGTGCCACCAGC-1,0.04751813184537406,0.38315752069749914,802,1980,False,False,0.023422430699564668,0.122521404040533,0.10494662161633535,0.0
human_cervical_cancer_real_profile_mask_epithelial_cell,human_cervical_cancer_real,Epithelial cell,"Cervical
Epithelial cell",ACGCGTTTCTTAAGAG-1,0.04752869305375388,0.3832615363934825,803,1979,False,False,0.02754156450771675,0.06458867805794984,0.22441843702027695,0.0
human_cervical_cancer_real_profile_mask_epithelial_cell,human_cervical_cancer_real,Epithelial cell,"Cervical
Epithelial cell",ATTAAACATGCGGACC-1,0.047538415368677284,0.3833572899585063,804,1978,False,False,0.07374296657524092,0.12447661587081571,0.07577122839727007,0.07154745328309577
human_cervical_cancer_real_profile_mask_epithelial_cell,human_cervical_cancer_real,Epithelial cell,"Cervical
Epithelial cell",ATAGGTTGGGCAGATG-1,0.047541532359737126,0.3833879887178531,805,1977,False,False,0.09399087043551434,0.03566022566551117,0.08419337918223112,0.07994998646043654
human_cervical_cancer_real_profile_mask_epithelial_cell,human_cervical_cancer_real,Epithelial cell,"Cervical
Epithelial cell",GGCCCGTATACCATGC-1,0.04756375809474112,0.38360688651932057,806,1976,False,False,0.13859049718834257,0.16921083836056952,0.11570384597670708,0.0
human_cervical_cancer_real_profile_mask_epithelial_cell,human_cervical_cancer_real,Epithelial cell,"Cervical
Epithelial cell",CCGCACACGAACGTGT-1,0.04757231249114595,0.38369113743680705,807,1975,False,False,0.08590390534362441,0.15481795338364152,0.7750889235634804,0.0
human_cervical_cancer_real_profile_mask_epithelial_cell,human_cervical_cancer_real,Epithelial cell,"Cervical
Epithelial cell",CAGTCTCTCGGCTAAT-1,0.0475740791891077,0.3837085373697953,808,1974,False,False,0.15594101811505265,0.16838717416718565,0.09296195165611185,0.0
human_cervical_cancer_real_profile_mask_epithelial_cell,human_cervical_cancer_real,Epithelial cell,"Cervical
Epithelial cell",CAATGAGGTTCGACTA-1,0.04757732050648382,0.3837404605996621,809,1973,False,False,0.15911227520802054,0.09637198267244791,0.05532788541527447,0.0
human_cervical_cancer_real_profile_mask_epithelial_cell,human_cervical_cancer_real,Epithelial cell,"Cervical
Epithelial cell",TCCCGTGTGCAATTTG-1,0.047600633071801075,0.38397006242356563,810,1972,False,False,0.07197325530486501,0.10078630169645734,0.2635951525802632,0.10881366330008334
human_cervical_cancer_real_profile_mask_epithelial_cell,human_cervical_cancer_real,Epithelial cell,"Cervical
Epithelial cell",TGATTCGTCTATCACT-1,0.04760345087761694,0.38399781455405513,811,1971,False,False,0.12244931059356476,0.15648473258217735,0.12034653305671777,0.0
human_cervical_cancer_real_profile_mask_epithelial_cell,human_cervical_cancer_real,Epithelial cell,"Cervical
Epithelial cell",AGGTCGCGGAGTTACT-1,0.0476068955119517,0.3840317402209724,812,1970,False,False,0.059690303806627834,0.16800339197725153,0.11249825459603269,0.0
human_cervical_cancer_real_profile_mask_epithelial_cell,human_cervical_cancer_real,Epithelial cell,"Cervical
Epithelial cell",CTACGCACGGAGTACC-1,0.04761060431913831,0.3840682676851516,813,1969,False,False,0.09737804225958993,0.16247083543850083,0.08377523118548916,0.0967214037936484
human_cervical_cancer_real_profile_mask_epithelial_cell,human_cervical_cancer_real,Epithelial cell,"Cervical
Epithelial cell",TAAATCTTTACACCTC-1,0.047616847538620735,0.3841297561811918,814,1968,False,False,0.17876633887231383,0.0743713122006781,0.0,0.0
human_cervical_cancer_real_profile_mask_epithelial_cell,human_cervical_cancer_real,Epithelial cell,"Cervical
Epithelial cell",CTATTTGCTTGGAGGA-1,0.04762278997175973,0.38418828227939544,815,1967,False,False,0.04914841248235167,0.11647074054979126,0.1280902046367728,0.0
human_cervical_cancer_real_profile_mask_epithelial_cell,human_cervical_cancer_real,Epithelial cell,"Cervical
Epithelial cell",AAATAAGGTAGTGCCC-1,0.04764990553069313,0.38445533919494923,816,1966,False,False,0.05318150199400059,0.24646474368584173,0.35871477976386196,0.0
human_cervical_cancer_real_profile_mask_epithelial_cell,human_cervical_cancer_real,Epithelial cell,"Cervical
Epithelial cell",ACAAAGCATGACCTAG-1,0.04766117880083672,0.3845663678763106,817,1965,False,False,0.19375670949500362,0.19375670949500362,0.09010563148311028,0.0
human_cervical_cancer_real_profile_mask_epithelial_cell,human_cervical_cancer_real,Epithelial cell,"Cervical
Epithelial cell",CAGAGGCGATGCATGA-1,0.04766574463478403,0.3846113360635382,818,1964,False,False,0.2520434540988062,0.04377323123946608,0.13500420041426245,0.0
human_cervical_cancer_real_profile_mask_epithelial_cell,human_cervical_cancer_real,Epithelial cell,"Cervical
Epithelial cell",AGGACAGTCGAATCCC-1,0.0476680185319774,0.38463373132274126,819,1963,False,False,0.15799190643758573,0.23744227569371654,0.12872904518263292,0.2565588323163895
human_cervical_cancer_real_profile_mask_epithelial_cell,human_cervical_cancer_real,Epithelial cell,"Cervical
Epithelial cell",CATCGGACGGGTTAAT-1,0.04767932125477046,0.3847450500786587,820,1962,False,False,0.06923491777690959,0.09147725634247943,0.18974540602686948,0.15904932464021726
human_cervical_cancer_real_profile_mask_epithelial_cell,human_cervical_cancer_real,Epithelial cell,"Cervical
Epithelial cell",GGTAAATGTGCGTTAC-1,0.04770133228389741,0.38496183327539263,821,1961,False,False,0.1149836392426906,0.14644402375466975,0.08791456366048943,0.0
human_cervical_cancer_real_profile_mask_epithelial_cell,human_cervical_cancer_real,Epithelial cell,"Cervical
Epithelial cell",GCTTCCGTCCCTAGAC-1,0.04771716874352212,0.3851178040990461,822,1960,False,False,0.1104089217790111,0.10957088980095028,0.10615297153607643,0.09694952327473443
human_cervical_cancer_real_profile_mask_epithelial_cell,human_cervical_cancer_real,Epithelial cell,"Cervical
Epithelial cell",TGGCAGCAGTAATAGT-1,0.04773073698176278,0.3852514355636583,823,1959,False,False,0.17072525624608254,0.16772598966110724,0.09325532026452242,0.07420589500524309
human_cervical_cancer_real_profile_mask_epithelial_cell,human_cervical_cancer_real,Epithelial cell,"Cervical
Epithelial cell",GCGGGCATTACGATGC-1,0.04773847716880816,0.3853276674600108,824,1958,False,False,0.09030630758187624,0.16774935377172084,0.12846474760067567,0.0
human_cervical_cancer_real_profile_mask_epithelial_cell,human_cervical_cancer_real,Epithelial cell,"Cervical
Epithelial cell",ACCGACTGAGTCCCAC-1,0.04774241029478056,0.3853664042049642,825,1957,False,False,0.09668410181596933,0.1474283063067369,0.13970384667176355,0.10104501031087075
human_cervical_cancer_real_profile_mask_epithelial_cell,human_cervical_cancer_real,Epithelial cell,"Cervical
Epithelial cell",CGTTAATGTCCCGACG-1,0.04774713419484599,0.3854129291607638,826,1956,False,False,0.08625835309579168,0.250428819318948,0.11299908504667053,0.0
human_cervical_cancer_real_profile_mask_epithelial_cell,human_cervical_cancer_real,Epithelial cell,"Cervical
Epithelial cell",TAAAGCTGCAATAGGG-1,0.04775867273344046,0.3855265704297713,827,1955,False,False,0.11191531775155816,0.043617067557735666,0.09624091235637702,0.17105335573190056
human_cervical_cancer_real_profile_mask_epithelial_cell,human_cervical_cancer_real,Epithelial cell,"Cervical
Epithelial cell",ACTACCAGCTCTCTGG-1,0.047794651114569965,0.3858809159003796,828,1954,False,False,0.12645140869334406,0.05959630012183525,0.32269617129609934,0.0
human_cervical_cancer_real_profile_mask_epithelial_cell,human_cervical_cancer_real,Epithelial cell,"Cervical
Epithelial cell",TGTTCTTCCATTGACT-1,0.04779684814194143,0.3859025540806823,829,1953,False,False,0.14979671559028185,0.18965434212446233,0.09739820002781464,0.0
human_cervical_cancer_real_profile_mask_epithelial_cell,human_cervical_cancer_real,Epithelial cell,"Cervical
Epithelial cell",CTCATTTGATGGGCGG-1,0.04779700701348499,0.385904118781764,830,1952,False,False,0.057842032397890424,0.11911251379928285,0.21070754738808867,0.0868181376026297
human_cervical_cancer_real_profile_mask_epithelial_cell,human_cervical_cancer_real,Epithelial cell,"Cervical
Epithelial cell",TCAGCGCACGCCGTTT-1,0.04783265647940719,0.38625522481773783,831,1951,False,False,0.14634716103074025,0.026818910551137668,0.09656216179967671,0.0
human_cervical_cancer_real_profile_mask_epithelial_cell,human_cervical_cancer_real,Epithelial cell,"Cervical
Epithelial cell",CCGGTAATGGCTAGTC-1,0.04784499000392523,0.38637669577925426,832,1950,False,False,0.17510882769375868,0.13859049718834257,0.09944042543987087,0.0
human_cervical_cancer_real_profile_mask_epithelial_cell,human_cervical_cancer_real,Epithelial cell,"Cervical
Epithelial cell",GGCGGTAGGATCATTG-1,0.047865802553241354,0.38658167533504456,833,1949,False,False,0.12443398267278069,0.084359989156265,0.20653880232328783,0.13324469051762894
human_cervical_cancer_real_profile_mask_epithelial_cell,human_cervical_cancer_real,Epithelial cell,"Cervical
Epithelial cell",CCTGGAAACGTTCTGC-1,0.04786990688919172,0.3866220983003979,834,1948,False,False,0.09686041589809968,0.14629508017285814,0.10892136440570299,0.0
human_cervical_cancer_real_profile_mask_epithelial_cell,human_cervical_cancer_real,Epithelial cell,"Cervical
Epithelial cell",CATACCCGTACCCAGT-1,0.047872351600393714,0.3866461758801604,835,1947,False,False,0.12148023022606498,0.08870825644952601,0.09716856702770009,0.0
human_cervical_cancer_real_profile_mask_epithelial_cell,human_cervical_cancer_real,Epithelial cell,"Cervical
Epithelial cell",AGAGCGGGCTAATCAT-1,0.04788711326389819,0.38679156120427016,836,1946,False,False,0.10996201428377315,0.13115861522116776,0.16471776923023698,0.10252129476059002
human_cervical_cancer_real_profile_mask_epithelial_cell,human_cervical_cancer_real,Epithelial cell,"Cervical
Epithelial cell",GCTAGAGTAGAGATGT-1,0.04788813784088197,0.38680165210336276,837,1945,False,False,0.10957088980095028,0.08391733291064817,0.24002663105467129,0.0
human_cervical_cancer_real_profile_mask_epithelial_cell,human_cervical_cancer_real,Epithelial cell,"Cervical
Epithelial cell",CTATGTCACTAGCCCA-1,0.047895214398580445,0.38687134801766543,838,1944,False,False,0.2590137209559438,0.07144733642934442,0.14526582313886943,0.08835263289188332
human_cervical_cancer_real_profile_mask_epithelial_cell,human_cervical_cancer_real,Epithelial cell,"Cervical
Epithelial cell",GATACCGTGTCGGAGT-1,0.04789842950618317,0.38690301311155734,839,1943,False,False,0.7804303611061889,0.5327322605036681,0.17596373186892542,0.0
human_cervical_cancer_real_profile_mask_epithelial_cell,human_cervical_cancer_real,Epithelial cell,"Cervical
Epithelial cell",TTGTGTTTCCCGAAAG-1,0.04790033831568751,0.3869218126789888,840,1942,False,False,0.2008353540492464,0.11631632695500657,0.0825712415371708,0.0
human_cervical_cancer_real_profile_mask_epithelial_cell,human_cervical_cancer_real,Epithelial cell,"Cervical
Epithelial cell",CGAGCTGGGCTTTAGG-1,0.047903370515754815,0.3869516763450598,841,1941,False,False,0.011904785646603583,0.1081476895757816,0.14668056825410317,0.08443958711563644
human_cervical_cancer_real_profile_mask_epithelial_cell,human_cervical_cancer_real,Epithelial cell,"Cervical
Epithelial cell",AGGGTCAGTAACCCTA-1,0.047904031934273596,0.3869581905530077,842,1940,False,False,0.12952819633418466,0.28279013138159476,0.11587493419411446,0.0
human_cervical_cancer_real_profile_mask_epithelial_cell,human_cervical_cancer_real,Epithelial cell,"Cervical
Epithelial cell",TTGGGACACTGCCCGC-1,0.04791264993884345,0.38704306793740184,843,1939,False,False,0.09098102107762918,0.1254965685478796,0.09312153947657294,0.13076926228334798
human_cervical_cancer_real_profile_mask_epithelial_cell,human_cervical_cancer_real,Epithelial cell,"Cervical
Epithelial cell",TCCCACTCTCTTCCGG-1,0.04791613954555448,0.38707743653024673,844,1938,False,False,0.10132860101849633,0.03568802902009634,0.14581429876779176,0.0
human_cervical_cancer_real_profile_mask_epithelial_cell,human_cervical_cancer_real,Epithelial cell,"Cervical
Epithelial cell",GCCTCATCTGGAAATA-1,0.047947292020952145,0.3873842524071387,845,1937,False,False,0.16979986753659174,0.12439544810107467,0.12372687790913604,0.3473647514371568
human_cervical_cancer_real_profile_mask_epithelial_cell,human_cervical_cancer_real,Epithelial cell,"Cervical
Epithelial cell",TAGCTAGAAGGCATGA-1,0.04795173644779879,0.3874280248747461,846,1936,False,False,0.04400556391940617,0.1061255158633175,0.08757674410814112,0.0
human_cervical_cancer_real_profile_mask_epithelial_cell,human_cervical_cancer_real,Epithelial cell,"Cervical
Epithelial cell",CCAGCTCGAACGCATT-1,0.04795438265530736,0.38745408696024064,847,1935,False,False,0.18975397861492502,0.14980932072043543,0.13033321228799397,0.0
human_cervical_cancer_real_profile_mask_epithelial_cell,human_cervical_cancer_real,Epithelial cell,"Cervical
Epithelial cell",GGGCGTCCACTGGCTC-1,0.047962342736181746,0.38753248455665723,848,1934,False,False,0.03929881155857433,0.03619072787443516,0.15035427197625034,0.12519938492562427
human_cervical_cancer_real_profile_mask_epithelial_cell,human_cervical_cancer_real,Epithelial cell,"Cervical
Epithelial cell",AGATACTCAAGATCGA-1,0.04797156209797162,0.3876232846146249,849,1933,False,False,0.10530375349063024,0.16371469247566153,0.16518819009751626,0.20113311468962608
human_cervical_cancer_real_profile_mask_epithelial_cell,human_cervical_cancer_real,Epithelial cell,"Cervical
Epithelial cell",TGGTCCCACGCTACGG-1,0.04798872367170109,0.38779230628065425,850,1932,False,False,0.16371469247566153,0.18461812900657032,0.3357824593985173,0.11636190585490098
human_cervical_cancer_real_profile_mask_epithelial_cell,human_cervical_cancer_real,Epithelial cell,"Cervical
Epithelial cell",GAAACCATGGTGCGCT-1,0.04799315920389897,0.3878359911462517,851,1931,False,False,0.08622406526694701,0.05744780289788909,0.06831184862497307,0.0
human_cervical_cancer_real_profile_mask_epithelial_cell,human_cervical_cancer_real,Epithelial cell,"Cervical
Epithelial cell",CACCTTGCGAAACTCG-1,0.04799586779535405,0.3878626676415165,852,1930,False,False,0.09814485870028583,0.15236642375593393,0.1442796813905465,0.2025740053156505
human_cervical_cancer_real_profile_mask_epithelial_cell,human_cervical_cancer_real,Epithelial cell,"Cervical
Epithelial cell",CTGGGATACGCTACCC-1,0.04801635123370854,0.38806440583471846,853,1929,False,False,0.1767500125400776,0.07026729496641741,0.10913980393196561,0.0
human_cervical_cancer_real_profile_mask_epithelial_cell,human_cervical_cancer_real,Epithelial cell,"Cervical
Epithelial cell",CAGAGACGGTCACCCA-1,0.048031534561704704,0.388213944066715,854,1928,False,False,0.08859587785386468,0.16386437041347246,0.08208960952009435,0.0
human_cervical_cancer_real_profile_mask_epithelial_cell,human_cervical_cancer_real,Epithelial cell,"Cervical
Epithelial cell",TTATCCAATCGAACTC-1,0.04803970645555425,0.3882944277761252,855,1927,False,False,0.04849176945098917,0.08932322541234333,0.09038110596951472,0.0
human_cervical_cancer_real_profile_mask_epithelial_cell,human_cervical_cancer_real,Epithelial cell,"Cervical
Epithelial cell",AGTGATAACCTGCGCG-1,0.04804515885306234,0.3883481275897437,856,1926,False,False,0.08722024821395634,0.045243875002979,0.23317417782409544,0.0
human_cervical_cancer_real_profile_mask_epithelial_cell,human_cervical_cancer_real,Epithelial cell,"Cervical
Epithelial cell",TATGTCAAGACCGACT-1,0.048048093528858846,0.3883770307544651,857,1925,False,False,0.05472167861012551,0.1458866167041576,0.1244617441913753,0.08239103763651554
human_cervical_cancer_real_profile_mask_epithelial_cell,human_cervical_cancer_real,Epithelial cell,"Cervical
Epithelial cell",ACCGAGTCTCCTTATT-1,0.0480497182271729,0.38839303215504556,858,1924,False,False,0.2353478151753908,0.2353478151753908,0.10065834617055322,0.16879238754650114
human_cervical_cancer_real_profile_mask_epithelial_cell,human_cervical_cancer_real,Epithelial cell,"Cervical
Epithelial cell",GCCGAAATTCCTACGT-1,0.04805475898519876,0.3884426777955336,859,1923,False,False,0.06594270272949941,0.11430127502542801,0.2015874681745907,0.0
human_cervical_cancer_real_profile_mask_epithelial_cell,human_cervical_cancer_real,Epithelial cell,"Cervical
Epithelial cell",TCGCTCGATATATTCC-1,0.04806462067709567,0.38853980406265565,860,1922,False,False,0.11471019301862015,0.11665208373158249,0.11479461660819507,0.0999206745174475
human_cervical_cancer_real_profile_mask_epithelial_cell,human_cervical_cancer_real,Epithelial cell,"Cervical
Epithelial cell",TGAGAATGCTTTACCG-1,0.04806523821881954,0.38854588613488616,861,1921,False,False,0.15792344339785852,0.11360980333663684,0.23456509749575635,0.05323874025564642
human_cervical_cancer_real_profile_mask_epithelial_cell,human_cervical_cancer_real,Epithelial cell,"Cervical
Epithelial cell",CTCGTTTCTAATGTTT-1,0.04806665148868204,0.3885598052095861,862,1920,False,False,0.10264445230463676,0.13667765507639193,0.12159538686395963,0.0
human_cervical_cancer_real_profile_mask_epithelial_cell,human_cervical_cancer_real,Epithelial cell,"Cervical
Epithelial cell",CGAGTGCTATAGTTCG-1,0.04808961398159764,0.38878595922494413,863,1919,False,False,0.08188278656833957,0.04629163817599216,0.12119651785920861,0.0
human_cervical_cancer_real_profile_mask_epithelial_cell,human_cervical_cancer_real,Epithelial cell,"Cervical
Epithelial cell",TGCCGTGGGACCCAAT-1,0.048096418177024626,0.38885297268566676,864,1918,False,False,0.12229057824275033,0.031024154049744748,0.09770343977682332,0.0
human_cervical_cancer_real_profile_mask_epithelial_cell,human_cervical_cancer_real,Epithelial cell,"Cervical
Epithelial cell",CGCAGATCTTCACCCG-1,0.04810866588555184,0.388973598458859,865,1917,False,False,0.08715725441371551,0.10586106812926326,0.5077398395505301,0.0
human_cervical_cancer_real_profile_mask_epithelial_cell,human_cervical_cancer_real,Epithelial cell,"Cervical
Epithelial cell",CACCTTGGCGCCTTTG-1,0.04811145302154158,0.389001048527009,866,1916,False,False,0.2083547202439072,0.10642631162902441,0.18965434212446233,0.0
human_cervical_cancer_real_profile_mask_epithelial_cell,human_cervical_cancer_real,Epithelial cell,"Cervical
Epithelial cell",AGTCGGCCCAAACGAC-1,0.048118366123061265,0.389069134586872,867,1915,False,False,0.17273788778048774,0.08824315581676792,0.1174931004956807,0.0
human_cervical_cancer_real_profile_mask_epithelial_cell,human_cervical_cancer_real,Epithelial cell,"Cervical
Epithelial cell",ACCTCCGTTATTCACC-1,0.04812538205229628,0.3891382333808835,868,1914,False,False,0.0,0.24647075719296568,0.2316194696679406,0.0
human_cervical_cancer_real_profile_mask_epithelial_cell,human_cervical_cancer_real,Epithelial cell,"Cervical
Epithelial cell",GGCGCGGAGATCTTTC-1,0.04813884800637932,0.38927085746476237,869,1913,False,False,0.08186044098660533,0.08251701181596567,0.10240455797615189,0.2109745495149297
human_cervical_cancer_real_profile_mask_epithelial_cell,human_cervical_cancer_real,Epithelial cell,"Cervical
Epithelial cell",GCCGCTTGTGAGAAAC-1,0.048150774484068924,0.38938831948548003,870,1912,False,False,0.1070402640573009,0.06980866412607717,0.08742704390663504,0.0
human_cervical_cancer_real_profile_mask_epithelial_cell,human_cervical_cancer_real,Epithelial cell,"Cervical
Epithelial cell",GTACGCTTCATTGCAC-1,0.04815211963375961,0.3894015676552203,871,1911,False,False,0.10772314287175275,0.21416060732435685,0.11475534479482702,0.3024907401952698
human_cervical_cancer_real_profile_mask_epithelial_cell,human_cervical_cancer_real,Epithelial cell,"Cervical
Epithelial cell",ACTTTACCCTCATGAA-1,0.04815653177337047,0.38944502213087256,872,1910,False,False,0.13587054624206493,0.15660069560993486,0.10947110234018251,0.0
human_cervical_cancer_real_profile_mask_epithelial_cell,human_cervical_cancer_real,Epithelial cell,"Cervical
Epithelial cell",TTCCAGACGAGATTTA-1,0.04816085377097927,0.38948758881198997,873,1909,False,False,0.0743713122006781,0.12118672962960785,0.10782011351204276,0.0
human_cervical_cancer_real_profile_mask_epithelial_cell,human_cervical_cancer_real,Epithelial cell,"Cervical
Epithelial cell",CAAACGGTCGCACTTT-1,0.04816516338169959,0.3895300334965725,874,1908,False,False,0.07508121804420008,0.0682879489617835,0.09821651132650458,0.0
human_cervical_cancer_real_profile_mask_epithelial_cell,human_cervical_cancer_real,Epithelial cell,"Cervical
Epithelial cell",CAGTCGAGGATGCAAT-1,0.048168632216177065,0.3895641975069252,875,1907,False,False,0.07959978230347714,0.08698348396800233,0.2742339018583947,0.0
human_cervical_cancer_real_profile_mask_epithelial_cell,human_cervical_cancer_real,Epithelial cell,"Cervical
Epithelial cell",AGAACGTGGTACATTC-1,0.048171364873678166,0.38959111102492794,876,1906,False,False,0.07474389069448416,0.09731012298572618,0.08609686997617479,0.140218626387539
human_cervical_cancer_real_profile_mask_epithelial_cell,human_cervical_cancer_real,Epithelial cell,"Cervical
Epithelial cell",CTTTGGCTTTAGTAAA-1,0.04817272335175431,0.38960449046386014,877,1905,False,False,0.06427630705320184,0.0,0.07063711189053525,0.0
human_cervical_cancer_real_profile_mask_epithelial_cell,human_cervical_cancer_real,Epithelial cell,"Cervical
Epithelial cell",CCAGTCTAGACGGCGC-1,0.048187456734941465,0.38974959725953046,878,1904,False,False,0.02832617674356192,0.101806289909125,0.09049132714290936,0.16609266498571254
human_cervical_cancer_real_profile_mask_epithelial_cell,human_cervical_cancer_real,Epithelial cell,"Cervical
Epithelial cell",GGCTGAAATAGCAAAG-1,0.048195065245090936,0.38982453229064923,879,1903,False,False,0.0897896517097494,0.10132860101849633,0.12484090581640919,0.15291425475307055
human_cervical_cancer_real_profile_mask_epithelial_cell,human_cervical_cancer_real,Epithelial cell,"Cervical
Epithelial cell",TGGCCGTATATTGACC-1,0.04819992214195407,0.3898723671111896,880,1902,False,False,0.0522621671310585,0.1322726800962047,0.21747466653352293,0.0
human_cervical_cancer_real_profile_mask_epithelial_cell,human_cervical_cancer_real,Epithelial cell,"Cervical
Epithelial cell",CACCGTATCCCATCCG-1,0.048201894396873814,0.38989179154263304,881,1901,False,False,0.07454136665957274,0.2093529157508732,0.1790262683838414,0.0
human_cervical_cancer_real_profile_mask_epithelial_cell,human_cervical_cancer_real,Epithelial cell,"Cervical
Epithelial cell",GGACACAAGTTTACAC-1,0.04823397262539762,0.3902077250178396,882,1900,False,False,0.08148309242410576,0.5722547845811595,0.278376509069847,0.0
human_cervical_cancer_real_profile_mask_epithelial_cell,human_cervical_cancer_real,Epithelial cell,"Cervical
Epithelial cell",AGCGTGGTATTCTACT-1,0.04823438397662902,0.39021177635203247,883,1899,False,False,0.1454786345802055,0.2079632539518904,0.04958562006097954,0.14497909438897555
human_cervical_cancer_real_profile_mask_epithelial_cell,human_cervical_cancer_real,Epithelial cell,"Cervical
Epithelial cell",GGTAACTATGTATCTG-1,0.04825120256414447,0.39037742000027437,884,1898,False,False,0.04558392336451342,0.08481331825364866,0.1101814526106955,0.0
human_cervical_cancer_real_profile_mask_epithelial_cell,human_cervical_cancer_real,Epithelial cell,"Cervical
Epithelial cell",GGGCGATATGTGTGAA-1,0.048266903430718294,0.390532055389094,885,1897,False,False,0.035580440632550996,0.061939817989859675,0.06579770169206035,0.08795900815181752
human_cervical_cancer_real_profile_mask_epithelial_cell,human_cervical_cancer_real,Epithelial cell,"Cervical
Epithelial cell",CATACTTAGGCAATAC-1,0.048278059267048555,0.3906419274831231,886,1896,False,False,0.09175267005549449,0.112909188538557,0.12450177297436565,0.0
human_cervical_cancer_real_profile_mask_epithelial_cell,human_cervical_cancer_real,Epithelial cell,"Cervical
Epithelial cell",CCGTTACGTTAGAACA-1,0.04830152555076948,0.39087304325563627,887,1895,False,False,0.03347685429320483,0.07982962046928767,0.09932740245454294,0.09925182801274711
human_cervical_cancer_real_profile_mask_epithelial_cell,human_cervical_cancer_real,Epithelial cell,"Cervical
Epithelial cell",CGGATCCTCAAGGACT-1,0.048305288034622,0.39091009937293575,888,1894,False,False,0.16607899602647194,0.0945523093420535,0.11441411618667993,0.20867515114449323
human_cervical_cancer_real_profile_mask_epithelial_cell,human_cervical_cancer_real,Epithelial cell,"Cervical
Epithelial cell",CGGTACTAGAATCAAA-1,0.0483103670105686,0.3909601214157711,889,1893,False,False,0.08333016067586933,0.14282987461683525,0.08767580677352793,0.2598935780027374
human_cervical_cancer_real_profile_mask_epithelial_cell,human_cervical_cancer_real,Epithelial cell,"Cervical
Epithelial cell",GAGGTCCCAAAGATCT-1,0.04831080257714052,0.39096441124308023,890,1892,False,False,0.8308031990507699,0.16517169007324298,0.09456194477623855,0.0
human_cervical_cancer_real_profile_mask_epithelial_cell,human_cervical_cancer_real,Epithelial cell,"Cervical
Epithelial cell",TTGCCAAGCAGAACCC-1,0.04831178423543354,0.3909740794426738,891,1891,False,False,0.04696105206868226,0.1288145640336124,0.18054204386923056,0.0
human_cervical_cancer_real_profile_mask_epithelial_cell,human_cervical_cancer_real,Epithelial cell,"Cervical
Epithelial cell",TACTCTCCGAACAAAT-1,0.04831748049152488,0.39103018098148756,892,1890,False,False,0.041821416076025,0.1706062964122275,0.1330077120642366,0.11036335666739587
human_cervical_cancer_real_profile_mask_epithelial_cell,human_cervical_cancer_real,Epithelial cell,"Cervical
Epithelial cell",GTACAGAGGCAAGGGT-1,0.04832985143230714,0.39115202044996117,893,1889,False,False,0.893078638604507,0.0747496977076,0.11074862177466871,0.3315669065346312
human_cervical_cancer_real_profile_mask_epithelial_cell,human_cervical_cancer_real,Epithelial cell,"Cervical
Epithelial cell",GCAACGGCTAGTTATG-1,0.048333537005343,0.3911883190846093,894,1888,False,False,0.15819759853299795,0.17188184530049622,0.19945787042255309,0.0
human_cervical_cancer_real_profile_mask_epithelial_cell,human_cervical_cancer_real,Epithelial cell,"Cervical
Epithelial cell",CGCGGTCACAAACCAA-1,0.04835437973710199,0.39139359590257733,895,1887,False,False,0.17002111551698232,0.18961370620564447,0.11621813006572093,0.08941048910770158
human_cervical_cancer_real_profile_mask_epithelial_cell,human_cervical_cancer_real,Epithelial cell,"Cervical
Epithelial cell",GGGTACTTCATGAACT-1,0.04836402024604043,0.3914885437731999,896,1886,False,False,0.08117751470572916,0.12292809739862362,0.19787588975236642,0.0
human_cervical_cancer_real_profile_mask_epithelial_cell,human_cervical_cancer_real,Epithelial cell,"Cervical
Epithelial cell",AGGCCTGAGAATCTCG-1,0.048378242101687716,0.39162861261382176,897,1885,False,False,0.07868726876432976,0.159071301280547,0.09925593835789753,0.0
human_cervical_cancer_real_profile_mask_epithelial_cell,human_cervical_cancer_real,Epithelial cell,"Cervical
Epithelial cell",TCCCAAAGACGAAGGA-1,0.04840134241113465,0.3918561239627262,898,1884,False,False,0.2144816459331706,0.08880260970295834,0.11736243804606453,0.1316168574407761
human_cervical_cancer_real_profile_mask_epithelial_cell,human_cervical_cancer_real,Epithelial cell,"Cervical
Epithelial cell",CAGAGCATGAGCTTGC-1,0.048402002785996615,0.3918626278918607,899,1883,False,False,0.1388129834249515,0.147604669347683,0.09980175537446616,0.1090134609143761
human_cervical_cancer_real_profile_mask_epithelial_cell,human_cervical_cancer_real,Epithelial cell,"Cervical
Epithelial cell",GATCCCTTTATACTGC-1,0.0484040958512102,0.391883242165067,900,1882,False,False,0.09766199651052491,0.1508403835505134,0.23432732367073336,0.08335114224781494
human_cervical_cancer_real_profile_mask_epithelial_cell,human_cervical_cancer_real,Epithelial cell,"Cervical
Epithelial cell",AACGTACTGTGGGTAC-1,0.048418157830896334,0.3920217364122548,901,1881,False,False,0.17416902483888524,0.13597924734346473,0.2003076460121471,0.0
human_cervical_cancer_real_profile_mask_epithelial_cell,human_cervical_cancer_real,Epithelial cell,"Cervical
Epithelial cell",GGTCAGTGGGTCCCAC-1,0.04841937488635926,0.3920337230019019,902,1880,False,False,0.16101541789498916,0.20556435691096234,0.09184831330042337,0.10920886422285633
human_cervical_cancer_real_profile_mask_epithelial_cell,human_cervical_cancer_real,Epithelial cell,"Cervical
Epithelial cell",TTCGACAGAGCCCGTG-1,0.048421799089080834,0.39205759859683587,903,1879,False,False,0.09608043814554551,0.12645140869334406,0.10827879023563876,0.09590693133766649
human_cervical_cancer_real_profile_mask_epithelial_cell,human_cervical_cancer_real,Epithelial cell,"Cervical
Epithelial cell",CTCAACTAACCCGGAT-1,0.0484279739016573,0.39211841336391634,904,1878,False,False,0.09200102516479333,0.05582318299738033,0.20069608815833673,0.0
human_cervical_cancer_real_profile_mask_epithelial_cell,human_cervical_cancer_real,Epithelial cell,"Cervical
Epithelial cell",CTGCCTCATATGCAAC-1,0.048436935708812676,0.39220667680641375,905,1877,False,False,0.05085000432192684,0.043177418074070335,0.15990526200417987,0.0
human_cervical_cancer_real_profile_mask_epithelial_cell,human_cervical_cancer_real,Epithelial cell,"Cervical
Epithelial cell",GGTACCATTAAGACGG-1,0.048438578647194024,0.39222285785057537,906,1876,False,False,0.24430209953008858,0.24430209953008858,0.0978598999357565,0.0
human_cervical_cancer_real_profile_mask_epithelial_cell,human_cervical_cancer_real,Epithelial cell,"Cervical
Epithelial cell",TACACAGCCGTGGTGC-1,0.04846062569389785,0.3924399957788126,907,1875,False,False,0.20258614954187643,0.111610420050213,0.08705376234271449,0.15656891326727154
human_cervical_cancer_real_profile_mask_epithelial_cell,human_cervical_cancer_real,Epithelial cell,"Cervical
Epithelial cell",GTCGTACCATCTCGGG-1,0.0484618522063686,0.39245207550905653,908,1874,False,False,0.5571302221479559,0.025942633199274583,0.11195713378486803,0.12586748438548187
human_cervical_cancer_real_profile_mask_epithelial_cell,human_cervical_cancer_real,Epithelial cell,"Cervical
Epithelial cell",CTGAATTTATTGCCAG-1,0.048478807665564075,0.3926190671851515,909,1873,False,False,0.14496148359824426,0.22202011007076905,0.08379842140640284,0.0
human_cervical_cancer_real_profile_mask_epithelial_cell,human_cervical_cancer_real,Epithelial cell,"Cervical
Epithelial cell",CTGGGTAGGCAGTTAA-1,0.048492100768409256,0.3927499888841175,910,1872,False,False,0.21064640054360723,0.1474218767735808,0.3866783709500505,0.2135049379682994
human_cervical_cancer_real_profile_mask_epithelial_cell,human_cervical_cancer_real,Epithelial cell,"Cervical
Epithelial cell",TCGGGAACGTGCCTAG-1,0.04849329599562701,0.39276176049077854,911,1871,False,False,0.07819065030699317,0.11607904644932358,0.11725047499754028,0.0
human_cervical_cancer_real_profile_mask_epithelial_cell,human_cervical_cancer_real,Epithelial cell,"Cervical
Epithelial cell",CTAAATCCTATTCCGG-1,0.04849544381826156,0.3927829140612932,912,1870,False,False,0.13675732084698283,0.0927691109080681,0.09213151871215902,0.16620049814712123
human_cervical_cancer_real_profile_mask_epithelial_cell,human_cervical_cancer_real,Epithelial cell,"Cervical
Epithelial cell",ATTCATATACTGTCCA-1,0.048510077077015455,0.3929270347470188,913,1869,False,False,0.2333403718893622,0.1193978191212805,0.26153014672318753,0.10667769750401108
human_cervical_cancer_real_profile_mask_epithelial_cell,human_cervical_cancer_real,Epithelial cell,"Cervical
Epithelial cell",CCGTGGAACGATCCAA-1,0.04851483317602027,0.392973876825156,914,1868,False,False,0.11601417639393277,0.018919763966838917,0.11421486297381353,0.0
human_cervical_cancer_real_profile_mask_epithelial_cell,human_cervical_cancer_real,Epithelial cell,"Cervical
Epithelial cell",ATTATAGCTACTTTAC-1,0.04852198904016997,0.3930443538163416,915,1867,False,False,0.12391130061042768,0.09200102516479333,0.1294451836451089,0.0
human_cervical_cancer_real_profile_mask_epithelial_cell,human_cervical_cancer_real,Epithelial cell,"Cervical
Epithelial cell",CTTAGTAGGCCTACAG-1,0.04852341252099448,0.39305837345721556,916,1866,False,False,0.07519105095748026,0.09996012305807808,0.11413490442652302,0.0
human_cervical_cancer_real_profile_mask_epithelial_cell,human_cervical_cancer_real,Epithelial cell,"Cervical
Epithelial cell",TAGCGTCCGGTGTGGT-1,0.048523583060687686,0.39306005307608527,917,1865,False,False,0.08350751914999183,0.06327403690919041,0.12972638228293085,0.24259999233570087
human_cervical_cancer_real_profile_mask_epithelial_cell,human_cervical_cancer_real,Epithelial cell,"Cervical
Epithelial cell",GACGTTCGTAAATACA-1,0.04852490272451046,0.393073050239483,918,1864,False,False,0.07732079083696476,0.10912590810213733,0.19505824084184376,0.0
human_cervical_cancer_real_profile_mask_epithelial_cell,human_cervical_cancer_real,Epithelial cell,"Cervical
Epithelial cell",CACCTCGATGGTGGAC-1,0.0485292135103255,0.3931155064973903,919,1863,False,False,0.10496181856347157,0.18321934530972167,0.08577553313090266,0.11333652440061034
human_cervical_cancer_real_profile_mask_epithelial_cell,human_cervical_cancer_real,Epithelial cell,"Cervical
Epithelial cell",CATTATGCTTGTTGTG-1,0.04854511395491794,0.39327210749902264,920,1862,False,False,0.07745023314329193,0.09880428749411098,0.0913246366377852,0.10696483677224129
human_cervical_cancer_real_profile_mask_epithelial_cell,human_cervical_cancer_real,Epithelial cell,"Cervical
Epithelial cell",CTCTAGCCCTCGGAAA-1,0.048553343741218474,0.39335316138216353,921,1861,False,False,0.10466049657088633,0.11347357706838851,0.15726226412946762,0.0
human_cervical_cancer_real_profile_mask_epithelial_cell,human_cervical_cancer_real,Epithelial cell,"Cervical
Epithelial cell",ACTTCCATGCGGGACA-1,0.04856506141553515,0.3934685669309911,922,1860,False,False,0.05582318299738033,0.06342920283043484,0.17457777934340574,0.21630812774316055
human_cervical_cancer_real_profile_mask_epithelial_cell,human_cervical_cancer_real,Epithelial cell,"Cervical
Epithelial cell",AGACCGCTCCGCGGTT-1,0.048575858631645805,0.39357490703034737,923,1859,False,False,0.09824391050151232,0.08706466576015542,0.060582390862334426,0.0
human_cervical_cancer_real_profile_mask_epithelial_cell,human_cervical_cancer_real,Epithelial cell,"Cervical
Epithelial cell",ATTGTCGCAATACCTT-1,0.04858280729319767,0.3936433433154274,924,1858,False,False,0.09724388097906851,0.12632263854972783,0.14232903624190346,0.12326776654572763
human_cervical_cancer_real_profile_mask_epithelial_cell,human_cervical_cancer_real,Epithelial cell,"Cervical
Epithelial cell",CGAGGCTAAATATGGC-1,0.04859062546269655,0.3937203432488153,925,1857,False,False,0.08967690771782544,0.1165612829320826,0.06592870359601859,0.13739625943163294
human_cervical_cancer_real_profile_mask_epithelial_cell,human_cervical_cancer_real,Epithelial cell,"Cervical
Epithelial cell",GGCTCTGCTCCAACGC-1,0.048598125134088226,0.39379420634396467,926,1856,False,False,0.06624802517931934,0.05825387513333733,0.0943239219107113,0.15078574409741574
human_cervical_cancer_real_profile_mask_epithelial_cell,human_cervical_cancer_real,Epithelial cell,"Cervical
Epithelial cell",TAATCGATCCGTACGT-1,0.048603333299588485,0.39384550075458735,927,1855,False,False,0.09933305578572052,0.14368272945475877,0.41384548547366357,0.22475771337732817
human_cervical_cancer_real_profile_mask_epithelial_cell,human_cervical_cancer_real,Epithelial cell,"Cervical
Epithelial cell",TTGTGTATGCCACCAA-1,0.04861267492343276,0.39393750495248137,928,1854,False,False,0.07062555221171925,0.12573741440779698,0.1362793772406107,0.0
human_cervical_cancer_real_profile_mask_epithelial_cell,human_cervical_cancer_real,Epithelial cell,"Cervical
Epithelial cell",AGTGGCGTCTGAAGGT-1,0.04861719574206755,0.393982029790909,929,1853,False,False,0.25745754159991197,0.026995194381067168,0.22210589966972064,0.12451020277525884
human_cervical_cancer_real_profile_mask_epithelial_cell,human_cervical_cancer_real,Epithelial cell,"Cervical
Epithelial cell",GTGTGAATAACTTAGG-1,0.048624230055035085,0.3940513096434381,930,1852,False,False,0.0,0.2076968026946015,0.0908832651349455,0.23652462772850422
human_cervical_cancer_real_profile_mask_epithelial_cell,human_cervical_cancer_real,Epithelial cell,"Cervical
Epithelial cell",TAGCCGGCGGTCAGCG-1,0.04864199162230889,0.39422624055241157,931,1851,False,False,0.1804433961856193,0.07454136665957274,0.2681701872018151,0.09988698507067519
human_cervical_cancer_real_profile_mask_epithelial_cell,human_cervical_cancer_real,Epithelial cell,"Cervical
Epithelial cell",TCGCTCGGCACCAGCG-1,0.04864239291119727,0.3942301927841557,932,1850,False,False,0.12633701043302248,0.08799519429290008,0.09387142964249727,0.0
human_cervical_cancer_real_profile_mask_epithelial_cell,human_cervical_cancer_real,Epithelial cell,"Cervical
Epithelial cell",TTCGCTATCTGACGTG-1,0.04864481395649679,0.3942540372821317,933,1849,False,False,0.04012593393032533,0.13591753304807944,0.10213479147050916,0.12105256193873218
human_cervical_cancer_real_profile_mask_epithelial_cell,human_cervical_cancer_real,Epithelial cell,"Cervical
Epithelial cell",TTGCCCTGATCACGGG-1,0.048651062279059784,0.39431557603761735,934,1848,False,False,0.046737866140894584,0.07172555218233859,0.08497684507696217,0.0
human_cervical_cancer_real_profile_mask_epithelial_cell,human_cervical_cancer_real,Epithelial cell,"Cervical
Epithelial cell",GATCGGTGGCCATAAC-1,0.04866035936485854,0.3944071415872397,935,1847,False,False,0.1509370483382234,0.16001573840057606,0.15122512347965633,0.1885955418468135
human_cervical_cancer_real_profile_mask_epithelial_cell,human_cervical_cancer_real,Epithelial cell,"Cervical
Epithelial cell",GATAACTCGCACTGTG-1,0.04866490008463931,0.3944518624289537,936,1846,False,False,0.10996634785237275,0.06594926167849958,0.24111982522581046,0.5373190415871988
human_cervical_cancer_real_profile_mask_epithelial_cell,human_cervical_cancer_real,Epithelial cell,"Cervical
Epithelial cell",AATGCAACCGGGTACC-1,0.048691832558230515,0.3947171161654954,937,1845,False,False,0.035786103368912,0.15461720742740384,0.11912647597872375,0.10779178385286657
human_cervical_cancer_real_profile_mask_epithelial_cell,human_cervical_cancer_real,Epithelial cell,"Cervical
Epithelial cell",CTTGTGAGTCTTTGAC-1,0.048697828028757,0.39477616462066567,938,1844,False,False,0.10302735343765772,0.12113714609027917,0.12496305478535671,0.0
human_cervical_cancer_real_profile_mask_epithelial_cell,human_cervical_cancer_real,Epithelial cell,"Cervical
Epithelial cell",GTCGTCTGGTTGGCTA-1,0.048714496185874534,0.3949403267033543,939,1843,False,False,0.843128842079624,0.10830533945853575,0.0,0.0
human_cervical_cancer_real_profile_mask_epithelial_cell,human_cervical_cancer_real,Epithelial cell,"Cervical
Epithelial cell",TATGATCCGGCACGCC-1,0.04871708712996446,0.3949658445080482,940,1842,False,False,0.14663349719411833,0.24263133867883466,0.17410830308712727,0.0
human_cervical_cancer_real_profile_mask_epithelial_cell,human_cervical_cancer_real,Epithelial cell,"Cervical
Epithelial cell",CTGGTTCGCGAGCTAC-1,0.04872504807303437,0.39504425059609427,941,1841,False,False,0.06127979285138133,0.13281977368822248,0.14508451453768909,0.0
human_cervical_cancer_real_profile_mask_epithelial_cell,human_cervical_cancer_real,Epithelial cell,"Cervical
Epithelial cell",ACTCAATAAAGGCACG-1,0.04874083756133341,0.395199758806479,942,1840,False,False,0.06728928167177033,0.0,0.12224311146602498,0.0869929470556657
human_cervical_cancer_real_profile_mask_epithelial_cell,human_cervical_cancer_real,Epithelial cell,"Cervical
Epithelial cell",TGATCCCAGCATTAGT-1,0.048746641160793705,0.3952569175534103,943,1839,False,False,0.11791969777627907,0.12244931059356476,0.14986639503053326,0.0
human_cervical_cancer_real_profile_mask_epithelial_cell,human_cervical_cancer_real,Epithelial cell,"Cervical
Epithelial cell",TATCACCCAACCGACC-1,0.048755173102756004,0.39534094732059055,944,1838,False,False,0.10536985302230567,0.13339510195780585,0.10058895221345647,0.0
human_cervical_cancer_real_profile_mask_epithelial_cell,human_cervical_cancer_real,Epithelial cell,"Cervical
Epithelial cell",TAATAGCTAAATGATG-1,0.04878205884208788,0.3956057407786929,945,1837,False,False,0.06743953361440716,0.107636729543305,0.09864950762723909,0.0
human_cervical_cancer_real_profile_mask_epithelial_cell,human_cervical_cancer_real,Epithelial cell,"Cervical
Epithelial cell",CATTGCGGGTCAATTC-1,0.04878676264559467,0.3956520678066174,946,1836,False,False,0.11448890995692516,0.07870347180327393,0.3187863521591651,0.0
human_cervical_cancer_real_profile_mask_epithelial_cell,human_cervical_cancer_real,Epithelial cell,"Cervical
Epithelial cell",CGGCACTCAAGAAAGT-1,0.04880306785732099,0.39581265529669185,947,1835,False,False,0.15079924022368785,0.0942245637134854,0.1035476574011635,0.0
human_cervical_cancer_real_profile_mask_epithelial_cell,human_cervical_cancer_real,Epithelial cell,"Cervical
Epithelial cell",ACTGAATGGCGAAAGT-1,0.048815052455125615,0.39593068973336776,948,1834,False,False,0.1062200161171145,0.07066333145384149,0.1938656082669003,0.1457683894220365
human_cervical_cancer_real_profile_mask_epithelial_cell,human_cervical_cancer_real,Epithelial cell,"Cervical
Epithelial cell",TGTAGGAGAAATTTCC-1,0.048815553142870845,0.3959356209289675,949,1833,False,False,0.274296911299102,0.048329116772383,0.19773106549033423,0.29285932991772123
human_cervical_cancer_real_profile_mask_epithelial_cell,human_cervical_cancer_real,Epithelial cell,"Cervical
Epithelial cell",GGCTATTAAGTTGTAT-1,0.048820784622991366,0.3959871449616529,950,1832,False,False,0.2312109909374274,0.05675953443983583,0.15862183175284608,0.0
human_cervical_cancer_real_profile_mask_epithelial_cell,human_cervical_cancer_real,Epithelial cell,"Cervical
Epithelial cell",CCGTGCCCATGACGGC-1,0.048827803872410765,0.3960562764556431,951,1831,False,False,0.11348929886837708,0.12407480691543475,0.2565010084122535,0.0
human_cervical_cancer_real_profile_mask_epithelial_cell,human_cervical_cancer_real,Epithelial cell,"Cervical
Epithelial cell",TCGGCGAACCCAAACC-1,0.04882998351984154,0.3960777434636177,952,1830,False,False,0.09687687520180625,0.09522887219251966,0.11744326277079638,0.0
human_cervical_cancer_real_profile_mask_epithelial_cell,human_cervical_cancer_real,Epithelial cell,"Cervical
Epithelial cell",ATGTGGACATCTTGAT-1,0.0488339059840105,0.3961163752021301,953,1829,False,False,0.09354043111591151,0.12447567827978402,0.1446420923518049,0.09560964016988237
human_cervical_cancer_real_profile_mask_epithelial_cell,human_cervical_cancer_real,Epithelial cell,"Cervical
Epithelial cell",CTCAGTCACGACAAAT-1,0.04884615089086954,0.39623697338212893,954,1828,False,False,0.07080311328299717,0.06571641203410966,0.05811094123535125,0.8535511916608789
human_cervical_cancer_real_profile_mask_epithelial_cell,human_cervical_cancer_real,Epithelial cell,"Cervical
Epithelial cell",TACGTGCACTATGCTG-1,0.048846393024870614,0.39623935812218297,955,1827,False,False,0.8283096594669686,0.04311973230207384,0.08416638139436758,0.0
human_cervical_cancer_real_profile_mask_epithelial_cell,human_cervical_cancer_real,Epithelial cell,"Cervical
Epithelial cell",TAGCGTTGGGTCTTAC-1,0.04885089705037206,0.39628371756765657,956,1826,False,False,0.08087361097720297,0.06472513615428334,0.11785832830683064,0.09288131890544886
human_cervical_cancer_real_profile_mask_epithelial_cell,human_cervical_cancer_real,Epithelial cell,"Cervical
Epithelial cell",GCGGGAACCAGGCCCT-1,0.04885628393709008,0.3963367721757097,957,1825,False,False,0.06269450968352859,0.104471150644512,0.16079616517386688,0.07225834654312917
human_cervical_cancer_real_profile_mask_epithelial_cell,human_cervical_cancer_real,Epithelial cell,"Cervical
Epithelial cell",ATTACCACACTGCCTG-1,0.04885863131925827,0.39635989117698134,958,1824,False,False,0.045431419395206826,0.09030630758187624,0.15950210961906333,0.0
human_cervical_cancer_real_profile_mask_epithelial_cell,human_cervical_cancer_real,Epithelial cell,"Cervical
Epithelial cell",AATGATGATACGCTAT-1,0.04885960010515909,0.39636943259838964,959,1823,False,False,0.03788772075076892,0.08716222542114258,0.0738007610193231,0.10726333302949669
human_cervical_cancer_real_profile_mask_epithelial_cell,human_cervical_cancer_real,Epithelial cell,"Cervical
Epithelial cell",CGCAATTACTTTCGGT-1,0.048871804108740126,0.3964896279283757,960,1822,False,False,0.1578113439284269,0.11580564986662058,0.05847302373250754,0.0
human_cervical_cancer_real_profile_mask_epithelial_cell,human_cervical_cancer_real,Epithelial cell,"Cervical
Epithelial cell",GGCAGCAAACCTATGC-1,0.04888179958210224,0.3965880717883066,961,1821,False,False,0.12363239315157533,0.05059654615824775,0.1096781378084304,0.0
human_cervical_cancer_real_profile_mask_epithelial_cell,human_cervical_cancer_real,Epithelial cell,"Cervical
Epithelial cell",GGGATCCCAATACAAA-1,0.0488846503504859,0.39661614856199096,962,1820,False,False,0.09996012305807808,0.08724402392960963,0.08582252622620774,0.0
human_cervical_cancer_real_profile_mask_epithelial_cell,human_cervical_cancer_real,Epithelial cell,"Cervical
Epithelial cell",GCCTATAGTGTCAGGG-1,0.04888903832120904,0.3966593650020334,963,1819,False,False,0.10274524525410535,0.18896041159644833,0.2812494555422966,0.0257208640780615
human_cervical_cancer_real_profile_mask_epithelial_cell,human_cervical_cancer_real,Epithelial cell,"Cervical
Epithelial cell",CCAGATAGTTGAGTGA-1,0.048891920399380284,0.3966877501409379,964,1818,False,False,0.09542045552677059,0.146653183761689,0.0,0.28973503351851243
human_cervical_cancer_real_profile_mask_epithelial_cell,human_cervical_cancer_real,Epithelial cell,"Cervical
Epithelial cell",AGAATTATGGATTCGA-1,0.04889888345594606,0.39675632820026724,965,1817,False,False,0.24647075719296568,0.1909105121250181,0.05982723839762869,0.0
human_cervical_cancer_real_profile_mask_epithelial_cell,human_cervical_cancer_real,Epithelial cell,"Cervical
Epithelial cell",TTACTAAAGGACTTTA-1,0.04890528886252094,0.3968194140517135,966,1816,False,False,0.1974325240167281,0.14062156074985943,0.1192634627414346,0.2204122451241665
human_cervical_cancer_real_profile_mask_epithelial_cell,human_cervical_cancer_real,Epithelial cell,"Cervical
Epithelial cell",GTGACAGCTTCCCACT-1,0.048919157781148,0.39695600687060784,967,1815,False,False,0.24150498457056918,0.19117237756324032,0.1383798131706498,0.05048768300530125
human_cervical_cancer_real_profile_mask_epithelial_cell,human_cervical_cancer_real,Epithelial cell,"Cervical
Epithelial cell",GTTGAACCGGTTCCAT-1,0.048919529387590054,0.3969596667645624,968,1814,False,False,0.2105893637060798,0.16282327657524615,0.287440431762098,0.0
human_cervical_cancer_real_profile_mask_epithelial_cell,human_cervical_cancer_real,Epithelial cell,"Cervical
Epithelial cell",AGGGCAGCGGCGTGGT-1,0.04892378083836111,0.3970015386408654,969,1813,False,False,0.17462175605548425,0.0916474227596885,0.10066455798335253,0.0
human_cervical_cancer_real_profile_mask_epithelial_cell,human_cervical_cancer_real,Epithelial cell,"Cervical
Epithelial cell",CATCAAACTGGCGCCC-1,0.04896490152152509,0.39740652984308295,970,1812,False,False,0.11437288090297608,0.07959978230347714,0.12800461786712103,0.0
human_cervical_cancer_real_profile_mask_epithelial_cell,human_cervical_cancer_real,Epithelial cell,"Cervical
Epithelial cell",TGCGGAGTAAAGGTGC-1,0.04897285045198588,0.39748481762081317,971,1811,False,False,0.08953022350933168,0.10788354660427517,0.1335146766917587,0.08375931287068814
human_cervical_cancer_real_profile_mask_epithelial_cell,human_cervical_cancer_real,Epithelial cell,"Cervical
Epithelial cell",GTGCCTGAGACCAAAC-1,0.048975126721327866,0.3975072362429383,972,1810,False,False,0.13639041557856252,0.11823565377381384,0.09931381092117125,0.0
human_cervical_cancer_real_profile_mask_epithelial_cell,human_cervical_cancer_real,Epithelial cell,"Cervical
Epithelial cell",TGGTTCGTAGCAAAGG-1,0.04897705369134334,0.39752621467041466,973,1809,False,False,0.8534722762432044,0.051443255574262575,0.09023120113948657,0.09068133973916387
human_cervical_cancer_real_profile_mask_epithelial_cell,human_cervical_cancer_real,Epithelial cell,"Cervical
Epithelial cell",AGATCTCAGGTGTGAT-1,0.048992136877533995,0.39767476662136997,974,1808,False,False,0.1120604333804575,0.1104089217790111,0.04422902321396358,0.1348566107863521
human_cervical_cancer_real_profile_mask_epithelial_cell,human_cervical_cancer_real,Epithelial cell,"Cervical
Epithelial cell",CGGTTCAAGTAGGTGT-1,0.04900026338933064,0.39775480337001135,975,1807,False,False,0.048148358126720005,0.12370439661934887,0.15227428063450166,1.2553041962308804
human_cervical_cancer_real_profile_mask_epithelial_cell,human_cervical_cancer_real,Epithelial cell,"Cervical
Epithelial cell",AAAGCTTGCCTACATA-1,0.04902076802565103,0.397956750338677,976,1806,False,False,0.14315009820645158,0.12476313493496001,0.10145984094185737,0.0
human_cervical_cancer_real_profile_mask_epithelial_cell,human_cervical_cancer_real,Epithelial cell,"Cervical
Epithelial cell",AACCATGGGATCGCTA-1,0.049021215664498456,0.39796115906394686,977,1805,False,False,0.7045398565917314,0.12431966586608333,0.5543934367077381,0.0
human_cervical_cancer_real_profile_mask_epithelial_cell,human_cervical_cancer_real,Epithelial cell,"Cervical
Epithelial cell",CTAGATGTGAGTGTAA-1,0.04902895802173481,0.39803741233417206,978,1804,False,False,0.09177144177267234,0.1011658758218954,0.06374289961336989,0.0
human_cervical_cancer_real_profile_mask_epithelial_cell,human_cervical_cancer_real,Epithelial cell,"Cervical
Epithelial cell",CAGTAGCCCACGCGGT-1,0.049035951282712924,0.3981062878720529,979,1803,False,False,0.07786303519650625,0.04193976141083184,0.14932361780560513,0.12779628051499145
human_cervical_cancer_real_profile_mask_epithelial_cell,human_cervical_cancer_real,Epithelial cell,"Cervical
Epithelial cell",GTGTACGAACCGTTCC-1,0.04903657405866445,0.39811242149537607,980,1802,False,False,0.20564975066910696,0.025875353839976502,0.6624678223281347,0.0
human_cervical_cancer_real_profile_mask_epithelial_cell,human_cervical_cancer_real,Epithelial cell,"Cervical
Epithelial cell",GAGATGACAATCCTTA-1,0.04904818633298881,0.3982267889760998,981,1801,False,False,0.10788354660427517,0.14002046609182808,0.12740275839445275,0.0
human_cervical_cancer_real_profile_mask_epithelial_cell,human_cervical_cancer_real,Epithelial cell,"Cervical
Epithelial cell",TTGAGTCCCGCTGCTG-1,0.049048692771596986,0.39823177681105276,982,1800,False,False,0.08529415253960075,0.22282393024557937,0.049872522031486226,0.0
human_cervical_cancer_real_profile_mask_epithelial_cell,human_cervical_cancer_real,Epithelial cell,"Cervical
Epithelial cell",TTCCGGTTACCCACTT-1,0.049054050278058474,0.39828454205753644,983,1799,False,False,0.034345312137065744,0.26572016554903993,0.09835864114914841,0.20247211461573336
human_cervical_cancer_real_profile_mask_epithelial_cell,human_cervical_cancer_real,Epithelial cell,"Cervical
Epithelial cell",ATTTGTTCCAGGGCTC-1,0.04906559170446615,0.39839821176816625,984,1798,False,False,0.5530341213124993,0.145380114938915,0.07095463182689868,0.09486648063998758
human_cervical_cancer_real_profile_mask_epithelial_cell,human_cervical_cancer_real,Epithelial cell,"Cervical
Epithelial cell",TTAACGTCGCAAGACC-1,0.04906716301829261,0.39841368739324523,985,1797,False,False,0.19934864961810558,0.16001410739874833,0.12880848223779343,0.0
human_cervical_cancer_real_profile_mask_epithelial_cell,human_cervical_cancer_real,Epithelial cell,"Cervical
Epithelial cell",CACCGCCAGAAGGTTT-1,0.04907636895857694,0.3985043552648958,986,1796,False,False,0.08296745632353676,0.11997223751709708,0.073369507111983,0.10265294062235295
human_cervical_cancer_real_profile_mask_epithelial_cell,human_cervical_cancer_real,Epithelial cell,"Cervical
Epithelial cell",GGTACAAACATGCTAT-1,0.049103283842831295,0.39876943576679913,987,1795,False,False,0.10048944347543141,0.12179234970742633,0.302055104717972,0.0
human_cervical_cancer_real_profile_mask_epithelial_cell,human_cervical_cancer_real,Epithelial cell,"Cervical
Epithelial cell",ATTTGTCTTGGGAGCT-1,0.049104851608986026,0.398784876451412,988,1794,False,False,0.12169374854443765,0.026316401424971252,0.16693491051095732,0.35992044128668926
human_cervical_cancer_real_profile_mask_epithelial_cell,human_cervical_cancer_real,Epithelial cell,"Cervical
Epithelial cell",CAGGATATATCGTTGT-1,0.049107308882823296,0.3988090777586122,989,1793,False,False,0.08486980150994908,0.18642866828844393,0.12558774131489253,0.11802520110777485
human_cervical_cancer_real_profile_mask_epithelial_cell,human_cervical_cancer_real,Epithelial cell,"Cervical
Epithelial cell",TCTCTAATAGCTGGTA-1,0.04914441024104066,0.3991744832556082,990,1792,False,False,0.0,0.07329684927989341,0.07411071957375566,0.11677975914662976
human_cervical_cancer_real_profile_mask_epithelial_cell,human_cervical_cancer_real,Epithelial cell,"Cervical
Epithelial cell",ACGCAATCACTACAGC-1,0.04914568963287376,0.39918708378645373,991,1791,False,False,0.11916867911805987,0.13484145352798085,0.12532323939707857,0.0
human_cervical_cancer_real_profile_mask_epithelial_cell,human_cervical_cancer_real,Epithelial cell,"Cervical
Epithelial cell",GCCATCGATGCTGCAT-1,0.04916150291168184,0.39934282630585555,992,1790,False,False,0.17307476531702368,0.13848040162074923,0.08367789025753329,0.0
human_cervical_cancer_real_profile_mask_epithelial_cell,human_cervical_cancer_real,Epithelial cell,"Cervical
Epithelial cell",AGTGCTAAACACAGCA-1,0.04917291813284226,0.3994552530406669,993,1789,False,False,0.16282989854882426,0.17137709927880967,0.09718638365568724,0.0
human_cervical_cancer_real_profile_mask_epithelial_cell,human_cervical_cancer_real,Epithelial cell,"Cervical
Epithelial cell",ATAAACGTTGCACCAC-1,0.0491790388592453,0.3995155351214516,994,1788,False,False,0.20684647991046423,0.10734166712507308,0.2031346335482655,0.0
human_cervical_cancer_real_profile_mask_epithelial_cell,human_cervical_cancer_real,Epithelial cell,"Cervical
Epithelial cell",CTGACTGCGCAGCTCG-1,0.049196009780295896,0.39968267907894883,995,1787,False,False,0.2743998714509316,0.08146505117424657,0.0523434043395947,0.0
human_cervical_cancer_real_profile_mask_epithelial_cell,human_cervical_cancer_real,Epithelial cell,"Cervical
Epithelial cell",AGGCAGATGCGTAAAC-1,0.04919649444445165,0.39968745246071213,996,1786,False,False,0.1220537767412374,0.10113765043839192,0.092757091936237,0.1698749596627577
human_cervical_cancer_real_profile_mask_epithelial_cell,human_cervical_cancer_real,Epithelial cell,"Cervical
Epithelial cell",TCAACACATTGGGTAA-1,0.04921529096514223,0.39987257646465024,997,1785,False,False,0.043704444951783085,0.17231176214356209,0.0344201567279,0.0
human_cervical_cancer_real_profile_mask_epithelial_cell,human_cervical_cancer_real,Epithelial cell,"Cervical
Epithelial cell",TACACCGTCGTTAGTC-1,0.0492174870781358,0.39989420563938755,998,1784,False,False,0.1344804955993621,0.2324830829981968,0.053943667880867005,0.0
human_cervical_cancer_real_profile_mask_epithelial_cell,human_cervical_cancer_real,Epithelial cell,"Cervical
Epithelial cell",ACTTCGCTAGCGAGTG-1,0.04922511247536428,0.3999693069887166,999,1783,False,False,0.08552658801620425,0.021269242712643417,0.0,0.0
human_cervical_cancer_real_profile_mask_epithelial_cell,human_cervical_cancer_real,Epithelial cell,"Cervical
Epithelial cell",TCCAAGCCTAGACACA-1,0.049226222531323006,0.3999802397569165,1000,1782,False,False,0.1181542813553805,0.1181542813553805,0.08669740651128091,0.09497883470350861
human_cervical_cancer_real_profile_mask_epithelial_cell,human_cervical_cancer_real,Epithelial cell,"Cervical
Epithelial cell",ATACAGGCCCTCCAAT-1,0.04923128621975781,0.4000301112354298,1001,1781,False,False,0.061324521708234325,0.10931249320535276,0.12051907210593779,0.18141736460670757
human_cervical_cancer_real_profile_mask_epithelial_cell,human_cervical_cancer_real,Epithelial cell,"Cervical
Epithelial cell",CCGGGCGGTCTCGTCA-1,0.049235046361995626,0.4000671442905308,1002,1780,False,False,0.24678486247384218,0.11728748495194401,0.4219988338317918,0.0987001714263755
human_cervical_cancer_real_profile_mask_epithelial_cell,human_cervical_cancer_real,Epithelial cell,"Cervical
Epithelial cell",TTGAAAGGTGTAAAGG-1,0.04924080292818411,0.4001238398140955,1003,1779,False,False,0.29290750865190834,0.12414694174209967,0.17131760079364555,0.0
human_cervical_cancer_real_profile_mask_epithelial_cell,human_cervical_cancer_real,Epithelial cell,"Cervical
Epithelial cell",AATCTATGCCGGAGCC-1,0.04924897692242246,0.4002043442099078,1004,1778,False,False,0.03566022566551117,0.14371098395174955,0.1280559173014128,0.0
human_cervical_cancer_real_profile_mask_epithelial_cell,human_cervical_cancer_real,Epithelial cell,"Cervical
Epithelial cell",GTGGAGCATGTCGGCC-1,0.049253320845770866,0.4002471268342187,1005,1777,False,False,0.09219300542481333,0.05438913770671883,0.20218091278631112,0.0
human_cervical_cancer_real_profile_mask_epithelial_cell,human_cervical_cancer_real,Epithelial cell,"Cervical
Epithelial cell",TCCCAGGCTTAGCTAA-1,0.04928101922824869,0.40051992388806246,1006,1776,False,False,0.13852765085328583,0.063216249861628,0.1989093635843577,0.8947492728732692
human_cervical_cancer_real_profile_mask_epithelial_cell,human_cervical_cancer_real,Epithelial cell,"Cervical
Epithelial cell",GTAGCCAAACATGGGA-1,0.04928102501565108,0.4005199808872869,1007,1775,False,False,0.12249110210148449,0.07499265842085333,0.0,0.07863846022820534
human_cervical_cancer_real_profile_mask_epithelial_cell,human_cervical_cancer_real,Epithelial cell,"Cervical
Epithelial cell",GCAGCCTATATCACAT-1,0.04929450090863301,0.40065270285783255,1008,1774,False,False,0.28279013138159476,0.0,0.09648647064560127,0.0
human_cervical_cancer_real_profile_mask_epithelial_cell,human_cervical_cancer_real,Epithelial cell,"Cervical
Epithelial cell",GTAAGTAACAGTCTGG-1,0.049325925475551896,0.4009621985217274,1009,1773,False,False,0.1027930517030206,0.08611527973006157,0.3208454194801321,0.2471330954327725
human_cervical_cancer_real_profile_mask_epithelial_cell,human_cervical_cancer_real,Epithelial cell,"Cervical
Epithelial cell",ATGGATTGACCAAACG-1,0.04933149551117119,0.401017056934776,1010,1772,False,False,0.12234945188731126,0.06743953361440716,0.0506072778375185,0.11350031207210094
human_cervical_cancer_real_profile_mask_epithelial_cell,human_cervical_cancer_real,Epithelial cell,"Cervical
Epithelial cell",TCCCTGGCTCGCTGGA-1,0.04935246416020693,0.4012235738923858,1011,1771,False,False,0.18601737906270716,0.11859239339886134,0.11333032810162252,0.0
human_cervical_cancer_real_profile_mask_epithelial_cell,human_cervical_cancer_real,Epithelial cell,"Cervical
Epithelial cell",ACCAAGAACGCGTGTC-1,0.04937401319731509,0.4014358070017011,1012,1770,False,False,0.09218031615531892,0.19172961126936305,0.12212641573519077,0.03157075174879
human_cervical_cancer_real_profile_mask_epithelial_cell,human_cervical_cancer_real,Epithelial cell,"Cervical
Epithelial cell",GATCGTGACTGATATC-1,0.049379400994124266,0.40148887057310023,1013,1769,False,False,0.099832955501006,0.12233423051197533,0.1849956890894901,0.11793069276420191
human_cervical_cancer_real_profile_mask_epithelial_cell,human_cervical_cancer_real,Epithelial cell,"Cervical
Epithelial cell",GTTCGGATCGGGAACA-1,0.049394746726368184,0.4016400082992316,1014,1768,False,False,0.07646939241647699,0.13687721254857968,0.11254933090485705,0.0
human_cervical_cancer_real_profile_mask_epithelial_cell,human_cervical_cancer_real,Epithelial cell,"Cervical
Epithelial cell",ACTCCCGAATTCGTTT-1,0.04943610942667833,0.4020473830906174,1015,1767,False,False,0.8701084841498402,0.13036645557074283,0.09747566080334626,0.0
human_cervical_cancer_real_profile_mask_epithelial_cell,human_cervical_cancer_real,Epithelial cell,"Cervical
Epithelial cell",GTCTTAGTACAGCCGG-1,0.049446155835755484,0.40214632860847027,1016,1766,False,False,0.13227643452470567,0.25105900952523164,0.13121398389553565,0.0
human_cervical_cancer_real_profile_mask_epithelial_cell,human_cervical_cancer_real,Epithelial cell,"Cervical
Epithelial cell",CCAAGAAAGTGGGCGA-1,0.04944666076540006,0.4021513015818758,1017,1765,False,False,0.11074513501907032,0.24187250341689706,0.10296031966690565,0.0
human_cervical_cancer_real_profile_mask_epithelial_cell,human_cervical_cancer_real,Epithelial cell,"Cervical
Epithelial cell",TGGAACCACTGACACA-1,0.049448702363193604,0.40217140896048026,1018,1764,False,False,0.1354601310459369,0.2130414921473541,0.09785713038580392,0.0
human_cervical_cancer_real_profile_mask_epithelial_cell,human_cervical_cancer_real,Epithelial cell,"Cervical
Epithelial cell",CGCATTAGCTAATAGG-1,0.04945981100169543,0.40228081621045014,1019,1763,False,False,0.10748310825412617,0.1617648660174785,0.12136842091253792,0.0877031975650465
human_cervical_cancer_real_profile_mask_epithelial_cell,human_cervical_cancer_real,Epithelial cell,"Cervical
Epithelial cell",CAACTTGTAGTGGGCA-1,0.04946388534365093,0.4023209437696209,1020,1762,False,False,0.0714307547791515,0.07108004023463084,0.08174238152895245,0.0
human_cervical_cancer_real_profile_mask_epithelial_cell,human_cervical_cancer_real,Epithelial cell,"Cervical
Epithelial cell",CGGCAGGGTCGGGTTG-1,0.0494673122920974,0.4023546952509798,1021,1761,False,False,0.08935826090468932,0.07998243993639509,0.08983376101139402,0.0
human_cervical_cancer_real_profile_mask_epithelial_cell,human_cervical_cancer_real,Epithelial cell,"Cervical
Epithelial cell",GTGAAGATTTCAAGTG-1,0.049470027752501096,0.4023814393974493,1022,1760,False,False,0.1054696392938939,0.08326707139496507,0.1285395954488312,0.0
human_cervical_cancer_real_profile_mask_epithelial_cell,human_cervical_cancer_real,Epithelial cell,"Cervical
Epithelial cell",GTGAAGCCGTATAGTC-1,0.04947619355534378,0.4024421654290655,1023,1759,False,False,0.12143383614371168,0.10607726331369824,0.25601192040945275,0.0
human_cervical_cancer_real_profile_mask_epithelial_cell,human_cervical_cancer_real,Epithelial cell,"Cervical
Epithelial cell",GATGCTGTATTTCATC-1,0.04947882198784727,0.4024680524513042,1024,1758,False,False,0.12058691222213042,0.14634054827581064,0.16006433035249548,0.1645668767671995
human_cervical_cancer_real_profile_mask_epithelial_cell,human_cervical_cancer_real,Epithelial cell,"Cervical
Epithelial cell",CACGAAAGTTAGTCCC-1,0.04948780378177992,0.4025565127404572,1025,1757,False,False,0.15627658732278032,0.10546344407488692,0.1555044433432202,0.0
human_cervical_cancer_real_profile_mask_epithelial_cell,human_cervical_cancer_real,Epithelial cell,"Cervical
Epithelial cell",TTAGACGAGTCACCTC-1,0.04949434650516858,0.40262095100380957,1026,1756,False,False,0.6185147271535495,0.14612437959132626,0.12968454155902484,0.13234144049639782
human_cervical_cancer_real_profile_mask_epithelial_cell,human_cervical_cancer_real,Epithelial cell,"Cervical
Epithelial cell",CCCTTTGACAGGTCTT-1,0.04950258420774841,0.4027020828531519,1027,1755,False,False,0.1751017093880666,0.09292926224809334,0.29805718637447876,0.0
human_cervical_cancer_real_profile_mask_epithelial_cell,human_cervical_cancer_real,Epithelial cell,"Cervical
Epithelial cell",TTGACCAGGAACAACT-1,0.04950914351502011,0.4027666844485847,1028,1754,False,False,0.10758037802778835,0.29649887283698795,0.12537216028990514,0.1882142912798824
human_cervical_cancer_real_profile_mask_epithelial_cell,human_cervical_cancer_real,Epithelial cell,"Cervical
Epithelial cell",ACGCCAGATGATTTCT-1,0.049515023811833,0.40282459857579295,1029,1753,False,False,0.07796780489883957,0.19339540150148465,0.074662203705865,0.12739866919869278
human_cervical_cancer_real_profile_mask_epithelial_cell,human_cervical_cancer_real,Epithelial cell,"Cervical
Epithelial cell",TAACTCCATGGAGGCT-1,0.04952239675260707,0.40289721352083313,1030,1752,False,False,0.04764106008117767,0.05290214272337967,0.10006952117920331,0.0
human_cervical_cancer_real_profile_mask_epithelial_cell,human_cervical_cancer_real,Epithelial cell,"Cervical
Epithelial cell",ACCAACGCTTATTTAT-1,0.049540602481450965,0.40307651890791374,1031,1751,False,False,0.09391907382783551,0.086342252786848,0.12460830487988843,0.0
human_cervical_cancer_real_profile_mask_epithelial_cell,human_cervical_cancer_real,Epithelial cell,"Cervical
Epithelial cell",ACGCGAAGTCAGACGA-1,0.04956588400163287,0.4033255126615322,1032,1750,False,False,0.057983786024196335,0.0996073644899155,0.1436965874761863,0.033786397712968
human_cervical_cancer_real_profile_mask_epithelial_cell,human_cervical_cancer_real,Epithelial cell,"Cervical
Epithelial cell",TATGATAAATCTAACG-1,0.04958727732778231,0.40353621219787356,1033,1749,False,False,0.21878526501687162,0.11112376034497032,0.10560491271021062,0.0
human_cervical_cancer_real_profile_mask_epithelial_cell,human_cervical_cancer_real,Epithelial cell,"Cervical
Epithelial cell",GTACACTTACCTGAAG-1,0.04960634510437947,0.40372400775897616,1034,1748,False,False,0.191384617736061,0.10689674375456117,0.08958033692243973,0.07556047107405864
human_cervical_cancer_real_profile_mask_epithelial_cell,human_cervical_cancer_real,Epithelial cell,"Cervical
Epithelial cell",TGCCATTACTAAAGAA-1,0.04960784132018794,0.4037387437553756,1035,1747,False,False,0.11063892199931491,0.141660547946913,0.1068714934103606,0.10211181771217373
human_cervical_cancer_real_profile_mask_epithelial_cell,human_cervical_cancer_real,Epithelial cell,"Cervical
Epithelial cell",CCATTTCTACCTATTA-1,0.049608777805058096,0.4037479670489651,1036,1746,False,False,0.25919773602107915,0.089311641556215,0.10454958847333244,0.1484702520136007
human_cervical_cancer_real_profile_mask_epithelial_cell,human_cervical_cancer_real,Epithelial cell,"Cervical
Epithelial cell",GTAGACACGCCTGACT-1,0.04961689025750652,0.4038278653292762,1037,1745,False,False,0.15573297359640734,0.19351554245611574,0.11493160151827073,0.0
human_cervical_cancer_real_profile_mask_epithelial_cell,human_cervical_cancer_real,Epithelial cell,"Cervical
Epithelial cell",AAGGGACAGATTCTGT-1,0.04962270153422388,0.4038850996883163,1038,1744,False,False,0.14529978228407744,0.08807180954942381,0.11083542474617757,0.6573633839190938
human_cervical_cancer_real_profile_mask_epithelial_cell,human_cervical_cancer_real,Epithelial cell,"Cervical
Epithelial cell",GAGCGCGCACGAGTAG-1,0.049646522259308684,0.40411970629860333,1039,1743,False,False,0.1756062367640993,0.1585448572335156,0.30751619693427146,0.0
human_cervical_cancer_real_profile_mask_epithelial_cell,human_cervical_cancer_real,Epithelial cell,"Cervical
Epithelial cell",TCCGCTTATCCCATTA-1,0.04965536434561922,0.40420679062915144,1040,1742,False,False,0.10717021797545775,0.12541383223680033,0.13352374164390177,0.11036046689660592
human_cervical_cancer_real_profile_mask_epithelial_cell,human_cervical_cancer_real,Epithelial cell,"Cervical
Epithelial cell",TGACCAAATCTTAAAC-1,0.049656268017165724,0.4042156907494283,1041,1741,False,False,0.020237796807967414,0.2274036928586361,0.16412371769655468,0.0
human_cervical_cancer_real_profile_mask_epithelial_cell,human_cervical_cancer_real,Epithelial cell,"Cervical
Epithelial cell",TTAGAAGAACATGACT-1,0.049665938272081094,0.40431093158354353,1042,1740,False,False,0.1637195224339908,0.25855566005004255,0.12592657935902102,0.09455414620145466
human_cervical_cancer_real_profile_mask_epithelial_cell,human_cervical_cancer_real,Epithelial cell,"Cervical
Epithelial cell",ATAGACGAAGAGAAAG-1,0.04967119901714429,0.40436274384209014,1043,1739,False,False,0.1690773262280089,0.1690773262280089,0.08717452955634064,0.0
human_cervical_cancer_real_profile_mask_epithelial_cell,human_cervical_cancer_real,Epithelial cell,"Cervical
Epithelial cell",GCGCTAATTGAATAGA-1,0.04969998899173636,0.40464629181660594,1044,1738,False,False,0.1058318281124569,0.10691399125589439,0.11215849892190037,0.17742832412545786
human_cervical_cancer_real_profile_mask_epithelial_cell,human_cervical_cancer_real,Epithelial cell,"Cervical
Epithelial cell",CGCTATACCGCCCACT-1,0.04970381966991082,0.40468401956915795,1045,1737,False,False,0.11772702129623218,0.08081563123997576,0.15530507472733213,0.0
human_cervical_cancer_real_profile_mask_epithelial_cell,human_cervical_cancer_real,Epithelial cell,"Cervical
Epithelial cell",GGTGAACGGGCTAGCC-1,0.04972152681628645,0.40485841449518367,1046,1736,False,False,0.20634696082138332,0.2421710930437671,0.09750536783125636,0.0
human_cervical_cancer_real_profile_mask_epithelial_cell,human_cervical_cancer_real,Epithelial cell,"Cervical
Epithelial cell",CATGCGACCAGTTTAA-1,0.04972798472800318,0.4049220174615922,1047,1735,False,False,0.10947110234018251,0.06839981361091958,0.08602289770411392,0.07712372764493541
human_cervical_cancer_real_profile_mask_epithelial_cell,human_cervical_cancer_real,Epithelial cell,"Cervical
Epithelial cell",ATCTGGTTAAGACTGT-1,0.04972879473546306,0.404929995098872,1048,1734,False,False,0.0852509196517424,0.15416279021779875,0.2971540089160641,0.10607495708275806
human_cervical_cancer_real_profile_mask_epithelial_cell,human_cervical_cancer_real,Epithelial cell,"Cervical
Epithelial cell",CCTTTCAATGAAGAAA-1,0.049733538278293056,0.40497671351319964,1049,1733,False,False,0.08115765451852992,0.10048944347543141,0.13309382136461162,0.0
human_cervical_cancer_real_profile_mask_epithelial_cell,human_cervical_cancer_real,Epithelial cell,"Cervical
Epithelial cell",AGTTTGCACCTGCCTC-1,0.04973569519497108,0.4049979566495316,1050,1732,False,False,0.06565606389063025,0.6513017930798254,0.6554319524764658,0.1458289335280509
human_cervical_cancer_real_profile_mask_epithelial_cell,human_cervical_cancer_real,Epithelial cell,"Cervical
Epithelial cell",CTGGTAACACATAGAA-1,0.04974882520142728,0.4051272720375716,1051,1731,False,False,0.16882346954980157,0.10142919013398033,0.0,0.39813796460264583
human_cervical_cancer_real_profile_mask_epithelial_cell,human_cervical_cancer_real,Epithelial cell,"Cervical
Epithelial cell",CTGCCATGCATCACAT-1,0.04975409117685393,0.40517913580915293,1052,1730,False,False,0.05066506164949133,0.041443273550808665,0.17304635691732037,0.025135699391738417
human_cervical_cancer_real_profile_mask_epithelial_cell,human_cervical_cancer_real,Epithelial cell,"Cervical
Epithelial cell",GCTGTTGCTACCGAAC-1,0.04975488650731825,0.40518696889499006,1053,1729,False,False,0.05455486484364858,0.12392611979142633,0.26029284711381967,1.040403700406198
human_cervical_cancer_real_profile_mask_epithelial_cell,human_cervical_cancer_real,Epithelial cell,"Cervical
Epithelial cell",ACAATCCATTTAAACC-1,0.04980703115610214,0.40570053341715484,1054,1728,False,False,0.08932322541234333,0.08460226106226326,0.0626671212600643,0.0
human_cervical_cancer_real_profile_mask_epithelial_cell,human_cervical_cancer_real,Epithelial cell,"Cervical
Epithelial cell",GTAAGCGGGCAGTCAG-1,0.04982302281604945,0.4058580327846067,1055,1727,False,False,0.11587115526081217,0.075843110834179,0.09101129669622049,0.07558204639535133
human_cervical_cancer_real_profile_mask_epithelial_cell,human_cervical_cancer_real,Epithelial cell,"Cervical
Epithelial cell",CGAGGGACTGCGGTCG-1,0.04985442709572128,0.4061673286425658,1056,1726,False,False,0.11523537317263317,0.14753772091479658,0.12402210635269599,0.12616867545700064
human_cervical_cancer_real_profile_mask_epithelial_cell,human_cervical_cancer_real,Epithelial cell,"Cervical
Epithelial cell",GAATCGCCGGACACGG-1,0.04986327699010021,0.406254489873563,1057,1725,False,False,0.0,0.0,0.0357137922341485,0.0
human_cervical_cancer_real_profile_mask_epithelial_cell,human_cervical_cancer_real,Epithelial cell,"Cervical
Epithelial cell",GTGGGCTTAGACACAC-1,0.04988499889542861,0.40646842553504814,1058,1724,False,False,0.16001410739874833,0.058892883820853587,0.05652649212941809,0.0
human_cervical_cancer_real_profile_mask_epithelial_cell,human_cervical_cancer_real,Epithelial cell,"Cervical
Epithelial cell",GACGTGTAGGGATTAT-1,0.049889001024690925,0.40650784188265376,1059,1723,False,False,0.11447317869886833,0.07732079083696476,0.18212694538170418,0.0
human_cervical_cancer_real_profile_mask_epithelial_cell,human_cervical_cancer_real,Epithelial cell,"Cervical
Epithelial cell",TGCTCTGCCGGTTCAC-1,0.049896371862251994,0.40658043611347683,1060,1722,False,False,0.16444625103236749,0.2155591745806496,0.08599545040196425,0.0
human_cervical_cancer_real_profile_mask_epithelial_cell,human_cervical_cancer_real,Epithelial cell,"Cervical
Epithelial cell",GATATGAGACACTAAC-1,0.04991076993225043,0.4067222404617904,1061,1721,False,False,0.22350098455169135,0.15223603738029418,0.11316379833554109,0.23216123274832967
human_cervical_cancer_real_profile_mask_epithelial_cell,human_cervical_cancer_real,Epithelial cell,"Cervical
Epithelial cell",AACTGGGTCCCGACGT-1,0.04991369686545872,0.4067510673709667,1062,1720,False,False,0.0901710114644895,0.0464702041181345,0.3394744601014698,0.08240255981113269
human_cervical_cancer_real_profile_mask_epithelial_cell,human_cervical_cancer_real,Epithelial cell,"Cervical
Epithelial cell",TGGTCTGTTGGGCGTA-1,0.04991684789528252,0.4067821013727968,1063,1719,False,False,0.08165696080003584,0.17455048989365515,0.09016518932942306,0.0
human_cervical_cancer_real_profile_mask_epithelial_cell,human_cervical_cancer_real,Epithelial cell,"Cervical
Epithelial cell",ATCCACGCTAAATGTT-1,0.049928838661383854,0.406900196560066,1064,1718,False,False,0.11607904644932358,0.18437828153658817,0.13040856608898055,0.0
human_cervical_cancer_real_profile_mask_epithelial_cell,human_cervical_cancer_real,Epithelial cell,"Cervical
Epithelial cell",GGTAGTGCTCGCACCA-1,0.04994329632078718,0.4070425877951448,1065,1717,False,False,0.15789450566070304,0.0695270824951489,0.09634645309700483,0.1533710908980295
human_cervical_cancer_real_profile_mask_epithelial_cell,human_cervical_cancer_real,Epithelial cell,"Cervical
Epithelial cell",GCCAATAGGGCATCTC-1,0.04995952744178705,0.4072024455771972,1066,1716,False,False,0.09306877974151459,0.09170555159180024,0.10272911201938915,0.9132831110160797
human_cervical_cancer_real_profile_mask_epithelial_cell,human_cervical_cancer_real,Epithelial cell,"Cervical
Epithelial cell",ACCAATATGCAAGTTA-1,0.04997206426924106,0.407325918837657,1067,1715,False,False,0.09521383284936559,0.4753152089584983,0.3060684443244948,0.22358177724355327
human_cervical_cancer_real_profile_mask_epithelial_cell,human_cervical_cancer_real,Epithelial cell,"Cervical
Epithelial cell",AGTCTTTAAAGTGTCC-1,0.04997505885848718,0.4073554120806097,1068,1714,False,False,0.08115495021358568,0.07661895125083908,0.0979661279437856,0.1455771520954917
human_cervical_cancer_real_profile_mask_epithelial_cell,human_cervical_cancer_real,Epithelial cell,"Cervical
Epithelial cell",CCATTAGCGATAATCC-1,0.04997712972333843,0.407375807705906,1069,1713,False,False,0.05560576898800608,0.158399309547003,0.43170504266743326,0.0
human_cervical_cancer_real_profile_mask_epithelial_cell,human_cervical_cancer_real,Epithelial cell,"Cervical
Epithelial cell",AGTTGCTGACTGATAT-1,0.04998289503486841,0.4074325893609766,1070,1712,False,False,0.04193976141083184,0.04280748654909634,0.06133043904237983,0.0
human_cervical_cancer_real_profile_mask_epithelial_cell,human_cervical_cancer_real,Epithelial cell,"Cervical
Epithelial cell",GCTGCTCTCCGGACAC-1,0.04999729955311775,0.40757445721710867,1071,1711,False,False,0.09685371093745025,0.10582574101444166,0.16719341740371962,0.08162258856839862
human_cervical_cancer_real_profile_mask_epithelial_cell,human_cervical_cancer_real,Epithelial cell,"Cervical
Epithelial cell",ACACCCGAGAAATCCG-1,0.05000071985959421,0.4076081432827397,1072,1710,False,False,0.0013263005182580084,0.04641864547291125,0.1278095198368928,0.0
human_cervical_cancer_real_profile_mask_epithelial_cell,human_cervical_cancer_real,Epithelial cell,"Cervical
Epithelial cell",AGATACCAGCACTTCA-1,0.05000343883415477,0.4076349220395928,1073,1709,False,False,0.03827965633235683,0.11354084865835133,0.09905067912166082,0.0
human_cervical_cancer_real_profile_mask_epithelial_cell,human_cervical_cancer_real,Epithelial cell,"Cervical
Epithelial cell",AAATGGTCAATGTGCC-1,0.05000424956243481,0.4076429067761181,1074,1708,False,False,0.12669102435258114,0.08128011848520875,0.11439687621824042,0.05349903280725067
human_cervical_cancer_real_profile_mask_epithelial_cell,human_cervical_cancer_real,Epithelial cell,"Cervical
Epithelial cell",CTGCTTTATGTCCGCG-1,0.05001463488476895,0.4077451901978391,1075,1707,False,False,0.08332461507858792,0.11433753351278618,0.14148066854422317,0.0
human_cervical_cancer_real_profile_mask_epithelial_cell,human_cervical_cancer_real,Epithelial cell,"Cervical
Epithelial cell",ATACGTCCACTCCTGT-1,0.050016043996452944,0.40775906831928677,1076,1706,False,False,0.025163096872413502,0.09152217522435917,0.09284328074523954,0.0
human_cervical_cancer_real_profile_mask_epithelial_cell,human_cervical_cancer_real,Epithelial cell,"Cervical
Epithelial cell",ACTTTCCTATAGCTTC-1,0.05002942119452232,0.4078908182590145,1077,1705,False,False,0.12175081075155807,0.08026568896384484,0.07335781004909528,0.07049908619173126
human_cervical_cancer_real_profile_mask_epithelial_cell,human_cervical_cancer_real,Epithelial cell,"Cervical
Epithelial cell",GGCCTGCTCTGATGTT-1,0.05002953774928011,0.4078919661886657,1078,1704,False,False,0.14001205195148134,0.2280933068440817,0.19124533834354918,0.0
human_cervical_cancer_real_profile_mask_epithelial_cell,human_cervical_cancer_real,Epithelial cell,"Cervical
Epithelial cell",GATCATTCCAAACATT-1,0.05004302164005246,0.4080247669282032,1079,1703,False,False,0.1259989629615446,0.10494020988395335,0.1057212664399633,0.08091661923646107
human_cervical_cancer_real_profile_mask_epithelial_cell,human_cervical_cancer_real,Epithelial cell,"Cervical
Epithelial cell",GATCTTTGCAGGGTAT-1,0.05004645317143428,0.40805856354617837,1080,1702,False,False,0.12053901902258264,0.09074541514074651,0.14202788284886037,0.0
human_cervical_cancer_real_profile_mask_epithelial_cell,human_cervical_cancer_real,Epithelial cell,"Cervical
Epithelial cell",GCAAATATTACGCTTT-1,0.050047974406671226,0.4080735459550311,1081,1701,False,False,0.06692037831460582,0.08953022350933168,0.7197813954529022,0.0
human_cervical_cancer_real_profile_mask_epithelial_cell,human_cervical_cancer_real,Epithelial cell,"Cervical
Epithelial cell",GTCCATTACTGCTACG-1,0.05005450348408146,0.4081378498212679,1082,1700,False,False,0.101806289909125,0.08836599811955782,0.13169084522818866,0.0
human_cervical_cancer_real_profile_mask_epithelial_cell,human_cervical_cancer_real,Epithelial cell,"Cervical
Epithelial cell",TACTGCAATCAATTAC-1,0.050055589314745956,0.408148543998319,1083,1699,False,False,0.1476319601574486,0.06592870359601859,0.13687122581541894,0.0
human_cervical_cancer_real_profile_mask_epithelial_cell,human_cervical_cancer_real,Epithelial cell,"Cervical
Epithelial cell",AAATTAACGGGTAGCT-1,0.05005918747972325,0.40818398176461584,1084,1698,False,False,0.09712201440598367,0.17789472976245307,0.1086338757443341,0.11109958874770248
human_cervical_cancer_real_profile_mask_epithelial_cell,human_cervical_cancer_real,Epithelial cell,"Cervical
Epithelial cell",TCTGCCAGAAACTGCA-1,0.050075469316068995,0.40834433903420875,1085,1697,False,False,0.10181957999821435,0.08200376864589867,0.08799519429290008,0.24709217980301526
human_cervical_cancer_real_profile_mask_epithelial_cell,human_cervical_cancer_real,Epithelial cell,"Cervical
Epithelial cell",GATAGGTGTCCCGGGC-1,0.05010102746096515,0.408596057221542,1086,1696,False,False,0.14397596811567384,0.10139477925691075,0.10299221085102443,0.0
human_cervical_cancer_real_profile_mask_epithelial_cell,human_cervical_cancer_real,Epithelial cell,"Cervical
Epithelial cell",AGTGAAGATGGTGTCC-1,0.050106208075624915,0.4086470802882288,1087,1695,False,False,0.22151849030817566,0.078162287945126,0.08028570807131935,0.0
human_cervical_cancer_real_profile_mask_epithelial_cell,human_cervical_cancer_real,Epithelial cell,"Cervical
Epithelial cell",CAACACATCTCCTGCC-1,0.0501323607367741,0.4089046537735175,1088,1694,False,False,0.08000450116822551,0.2080624998933243,0.1820847783609595,0.0
human_cervical_cancer_real_profile_mask_epithelial_cell,human_cervical_cancer_real,Epithelial cell,"Cervical
Epithelial cell",TAGGTGCTCGCCTAGC-1,0.05015791997693785,0.40915638274797067,1089,1693,False,False,0.08822727156120308,0.0310196337890265,0.10811131215080019,0.4969295282228196
human_cervical_cancer_real_profile_mask_epithelial_cell,human_cervical_cancer_real,Epithelial cell,"Cervical
Epithelial cell",CATATTATTTGCCCTA-1,0.05016012414736481,0.4091780912791141,1090,1692,False,False,0.1892012345823665,0.0673465487103495,0.09885917310333948,0.0
human_cervical_cancer_real_profile_mask_epithelial_cell,human_cervical_cancer_real,Epithelial cell,"Cervical
Epithelial cell",GGTGCGGATAAGTGGC-1,0.05016564572041457,0.4092324723918655,1091,1691,False,False,0.27004750903159597,0.07760537594027525,0.5549897481793693,0.0
human_cervical_cancer_real_profile_mask_epithelial_cell,human_cervical_cancer_real,Epithelial cell,"Cervical
Epithelial cell",TTCCTTTCTGTGTTGC-1,0.05018132000493391,0.4093868459781717,1092,1690,False,False,0.39315254908255176,0.15779307998043085,0.0869503361438266,0.0
human_cervical_cancer_real_profile_mask_epithelial_cell,human_cervical_cancer_real,Epithelial cell,"Cervical
Epithelial cell",TCGGGTGAAACTGCTA-1,0.05018174435014851,0.4093910252880808,1093,1689,False,False,0.21048189979394896,0.1210531654406415,0.09755035747954367,0.0
human_cervical_cancer_real_profile_mask_epithelial_cell,human_cervical_cancer_real,Epithelial cell,"Cervical
Epithelial cell",AAAGACCCAAGTCGCG-1,0.05018765436227601,0.4094492320767933,1094,1688,False,False,0.08328726524852774,0.08328726524852774,0.1034622280949988,0.0
human_cervical_cancer_real_profile_mask_epithelial_cell,human_cervical_cancer_real,Epithelial cell,"Cervical
Epithelial cell",AAATCCGATACACGCC-1,0.05020598806486335,0.4096297978573358,1095,1687,False,False,0.22269592149186473,0.056588650262471084,0.08136321491587596,0.0
human_cervical_cancer_real_profile_mask_epithelial_cell,human_cervical_cancer_real,Epithelial cell,"Cervical
Epithelial cell",TCTGAATTCCGTACAA-1,0.05020702048646311,0.409639966016829,1096,1686,False,False,0.10449216331179459,0.10584791693190157,0.12287276293396501,0.0
human_cervical_cancer_real_profile_mask_epithelial_cell,human_cervical_cancer_real,Epithelial cell,"Cervical
Epithelial cell",GAGATGGGAGTCGACA-1,0.05021436315780941,0.4097122828429908,1097,1685,False,False,0.09266175768366809,0.07697392294138042,0.02524271306523175,0.16051054581728877
human_cervical_cancer_real_profile_mask_epithelial_cell,human_cervical_cancer_real,Epithelial cell,"Cervical
Epithelial cell",TTAAGCGCCTGACCCA-1,0.050216077971272456,0.4097291717736345,1098,1684,False,False,0.1192953941459866,0.15042435298646542,0.10473896173229247,0.0
human_cervical_cancer_real_profile_mask_epithelial_cell,human_cervical_cancer_real,Epithelial cell,"Cervical
Epithelial cell",TTCTTGCTAGCATCTC-1,0.050227506533132606,0.4098417298989191,1099,1683,False,False,0.15231063529339975,0.051259363256207585,0.3711377993844762,0.0
human_cervical_cancer_real_profile_mask_epithelial_cell,human_cervical_cancer_real,Epithelial cell,"Cervical
Epithelial cell",GGAGACCAATGTGCTT-1,0.050231066728433374,0.4098767937077872,1100,1682,False,False,0.13780934207925707,0.12482630074907226,0.08812656331000118,0.0
human_cervical_cancer_real_profile_mask_epithelial_cell,human_cervical_cancer_real,Epithelial cell,"Cervical
Epithelial cell",TACGTGGGCCCAGGGC-1,0.05023585513459911,0.40992395397411924,1101,1681,False,False,0.17270321443366093,0.17270321443366093,0.0987892962782028,0.16880333680357665
human_cervical_cancer_real_profile_mask_epithelial_cell,human_cervical_cancer_real,Epithelial cell,"Cervical
Epithelial cell",TGTGCCGGTGCCGGAA-1,0.050239635257575264,0.40996118381639923,1102,1680,False,False,0.11943726722644644,0.067120421757688,0.12039363525951087,0.0
human_cervical_cancer_real_profile_mask_epithelial_cell,human_cervical_cancer_real,Epithelial cell,"Cervical
Epithelial cell",CTTGTTGCTGAGTCAA-1,0.0502790931381042,0.4103497983345151,1103,1679,False,False,0.6432876324448653,0.11814666813310858,0.08499747774882883,0.22146810485964863
human_cervical_cancer_real_profile_mask_epithelial_cell,human_cervical_cancer_real,Epithelial cell,"Cervical
Epithelial cell",CGCTACGGGACATTTA-1,0.05029420272800275,0.41049861033147605,1104,1678,False,False,0.13865436373559617,0.03716840281696367,0.3495949584830971,0.0
human_cervical_cancer_real_profile_mask_epithelial_cell,human_cervical_cancer_real,Epithelial cell,"Cervical
Epithelial cell",GTCATTAGAGCGAACG-1,0.05031723945355506,0.4107254954525082,1105,1677,False,False,0.21309767541979743,0.10326097267250332,0.17151882575476007,0.1114371415740928
human_cervical_cancer_real_profile_mask_epithelial_cell,human_cervical_cancer_real,Epithelial cell,"Cervical
Epithelial cell",ATGTACGATGACGTCG-1,0.05033161239755465,0.4108670523387735,1106,1676,False,False,0.1121627803001345,0.177844764340084,0.24095122487397008,0.0
human_cervical_cancer_real_profile_mask_epithelial_cell,human_cervical_cancer_real,Epithelial cell,"Cervical
Epithelial cell",GAATGTTGGGTAATCT-1,0.05033871687871461,0.4109370232668982,1107,1675,False,False,0.20446143422618743,0.08486980150994908,0.20760550363394825,0.08916049172221761
human_cervical_cancer_real_profile_mask_epithelial_cell,human_cervical_cancer_real,Epithelial cell,"Cervical
Epithelial cell",AAGGATCGATCGCTTG-1,0.05033904890196206,0.41094029331213583,1108,1674,False,False,0.17487488776592733,0.08698637275268974,0.31608308727328144,0.0
human_cervical_cancer_real_profile_mask_epithelial_cell,human_cervical_cancer_real,Epithelial cell,"Cervical
Epithelial cell",TTATATTTGGCAATCC-1,0.0503407287918912,0.4109568382863349,1109,1673,False,False,0.076710620006513,0.11446846745190653,0.14643566743069206,0.10569541596724434
human_cervical_cancer_real_profile_mask_epithelial_cell,human_cervical_cancer_real,Epithelial cell,"Cervical
Epithelial cell",TTGTTCAGTGTGCTAC-1,0.05034139839839502,0.4109634331364718,1110,1672,False,False,0.0,0.24999390148961292,0.1259121711737163,0.12908286631097213
human_cervical_cancer_real_profile_mask_epithelial_cell,human_cervical_cancer_real,Epithelial cell,"Cervical
Epithelial cell",GGATGAAGATCGCTGA-1,0.05034234920383391,0.41097279747111176,1111,1671,False,False,0.13120510762823415,0.1159005973923288,0.12457036607790298,0.5891897307335653
human_cervical_cancer_real_profile_mask_epithelial_cell,human_cervical_cancer_real,Epithelial cell,"Cervical
Epithelial cell",AATTCTAGAGTTAGGC-1,0.05034400067666372,0.41098906256972667,1112,1670,False,False,0.09578250928995476,0.1115613286844159,0.09170995024757485,0.12317593841070658
human_cervical_cancer_real_profile_mask_epithelial_cell,human_cervical_cancer_real,Epithelial cell,"Cervical
Epithelial cell",ACGGGCGTATGCGACA-1,0.05037137143059302,0.4112586328610378,1113,1669,False,False,0.07062320794206425,0.10947110234018251,0.13593897781674258,0.0
human_cervical_cancer_real_profile_mask_epithelial_cell,human_cervical_cancer_real,Epithelial cell,"Cervical
Epithelial cell",TGGTATCGCATCCCAA-1,0.05037194504509994,0.411264282300952,1114,1668,False,False,0.22767852903354813,0.09725601854890474,0.1534476385870906,0.0
human_cervical_cancer_real_profile_mask_epithelial_cell,human_cervical_cancer_real,Epithelial cell,"Cervical
Epithelial cell",CCATACCTTTACTTGT-1,0.050375021037859784,0.41129457727442936,1115,1667,False,False,0.08657939044145217,0.04099839293126817,0.45295955458405834,0.0
human_cervical_cancer_real_profile_mask_epithelial_cell,human_cervical_cancer_real,Epithelial cell,"Cervical
Epithelial cell",CGCTTCCACTGAAATC-1,0.05038246863500872,0.4113679274984748,1116,1666,False,False,0.09725601854890474,0.0,0.1367981231281698,0.0
human_cervical_cancer_real_profile_mask_epithelial_cell,human_cervical_cancer_real,Epithelial cell,"Cervical
Epithelial cell",CCAATGTCACAGCAAG-1,0.050391488149194016,0.41145675928851955,1117,1665,False,False,0.09030370699494115,0.1628465013136056,0.3419479985140417,0.0
human_cervical_cancer_real_profile_mask_epithelial_cell,human_cervical_cancer_real,Epithelial cell,"Cervical
Epithelial cell",GCATCGGCCGTGTAGG-1,0.05039260117374942,0.41146772129396564,1118,1664,False,False,1.1104873013191403,0.7262968666601378,0.08220047143939434,0.0
human_cervical_cancer_real_profile_mask_epithelial_cell,human_cervical_cancer_real,Epithelial cell,"Cervical
Epithelial cell",TTCAATACTCTGAATC-1,0.050403929689882644,0.411579294084472,1119,1663,False,False,0.069536300588062,0.09013423867803567,0.14860027737478151,0.41664995721886927
human_cervical_cancer_real_profile_mask_epithelial_cell,human_cervical_cancer_real,Epithelial cell,"Cervical
Epithelial cell",CCACCCAAGGAAAGTG-1,0.05041061435207929,0.41164513028103134,1120,1662,False,False,0.15860773611683796,0.7447831844655431,0.10442015821482675,0.10533475757240068
human_cervical_cancer_real_profile_mask_epithelial_cell,human_cervical_cancer_real,Epithelial cell,"Cervical
Epithelial cell",AACGCGGTCTCCAGCC-1,0.0504120938737213,0.4116597018591862,1121,1661,False,False,0.047667185705261836,0.06307729708906783,0.040307645476022363,0.10248134323377828
human_cervical_cancer_real_profile_mask_epithelial_cell,human_cervical_cancer_real,Epithelial cell,"Cervical
Epithelial cell",CGAAGTTGCTCTGTGT-1,0.05041386209865836,0.4116771168311164,1122,1660,False,False,0.04280748654909634,0.05098665965215476,0.18397808759425407,0.0
human_cervical_cancer_real_profile_mask_epithelial_cell,human_cervical_cancer_real,Epithelial cell,"Cervical
Epithelial cell",TGGCGGTGTGCGATTG-1,0.05041878120098267,0.4117255643035528,1123,1659,False,False,0.20432181841660232,0.022820651074027497,0.5331899628023578,0.0
human_cervical_cancer_real_profile_mask_epithelial_cell,human_cervical_cancer_real,Epithelial cell,"Cervical
Epithelial cell",GAACTGTGGAGAGACA-1,0.050421185373344515,0.4117492426225943,1124,1658,False,False,0.15012444672326247,0.16950198420976398,0.12501763459551213,0.0
human_cervical_cancer_real_profile_mask_epithelial_cell,human_cervical_cancer_real,Epithelial cell,"Cervical
Epithelial cell",AACTCGATGGCGCAGT-1,0.05044000010196146,0.4119345459535625,1125,1657,False,False,0.09714899854790343,0.044611985472720835,0.10626452438609238,0.0
human_cervical_cancer_real_profile_mask_epithelial_cell,human_cervical_cancer_real,Epithelial cell,"Cervical
Epithelial cell",TCTTCGATACCAATAA-1,0.05044462986552129,0.41198014377358416,1126,1656,False,False,0.15104997258991096,0.2513771534635522,0.18256622882013618,0.10127402208363827
human_cervical_cancer_real_profile_mask_epithelial_cell,human_cervical_cancer_real,Epithelial cell,"Cervical
Epithelial cell",GCAGCACACAGCCCAG-1,0.05044718183526258,0.4120052777259902,1127,1655,False,False,0.10627930366537913,0.08396527601810892,0.11786413188198851,0.0
human_cervical_cancer_real_profile_mask_epithelial_cell,human_cervical_cancer_real,Epithelial cell,"Cervical
Epithelial cell",GAAGTCAGTTGCACTA-1,0.05047195994220225,0.4122493134410135,1128,1654,False,False,0.046410834425895,0.07900122933888842,0.08692039864792524,0.0
human_cervical_cancer_real_profile_mask_epithelial_cell,human_cervical_cancer_real,Epithelial cell,"Cervical
Epithelial cell",TCCCGTCAGTCCCGCA-1,0.05047229738548096,0.41225263686729463,1129,1653,False,False,0.09805459593935957,0.11293023741296974,0.0,0.0770554694862599
human_cervical_cancer_real_profile_mask_epithelial_cell,human_cervical_cancer_real,Epithelial cell,"Cervical
Epithelial cell",CGTCATACCATATCCA-1,0.050474717032003,0.41227646758892916,1130,1652,False,False,0.07144716059077284,0.024888911744359418,0.06849124543179667,0.0
human_cervical_cancer_real_profile_mask_epithelial_cell,human_cervical_cancer_real,Epithelial cell,"Cervical
Epithelial cell",TCTCGAGGAGGTTCGC-1,0.050475663681824996,0.41228579099554574,1131,1651,False,False,0.23858105696055323,0.13739393277906775,0.3824252553972884,0.0
human_cervical_cancer_real_profile_mask_epithelial_cell,human_cervical_cancer_real,Epithelial cell,"Cervical
Epithelial cell",ACCTACAGTATGTGGT-1,0.05048077885011673,0.4123361694911499,1132,1650,False,False,0.05188189000245234,0.08865826898035899,0.1073935369403116,0.0
human_cervical_cancer_real_profile_mask_epithelial_cell,human_cervical_cancer_real,Epithelial cell,"Cervical
Epithelial cell",CATACGGCGTCTGGGC-1,0.05048425046103062,0.4123703608461923,1133,1649,False,False,0.14512926971553325,0.0469794225975585,0.07052131555632844,0.049493346965900825
human_cervical_cancer_real_profile_mask_epithelial_cell,human_cervical_cancer_real,Epithelial cell,"Cervical
Epithelial cell",TCCTAAAGATTCAGAC-1,0.0504871630343576,0.41239904632713476,1134,1648,False,False,0.10488603632646801,0.073434660478835,0.08876427434011044,0.2384521962345711
human_cervical_cancer_real_profile_mask_epithelial_cell,human_cervical_cancer_real,Epithelial cell,"Cervical
Epithelial cell",TGGAAGGATAAAGATG-1,0.050487203372329814,0.41239944360953873,1135,1647,False,False,0.10169805465991276,0.16831177699087407,0.13671150730049625,0.07421508331939639
human_cervical_cancer_real_profile_mask_epithelial_cell,human_cervical_cancer_real,Epithelial cell,"Cervical
Epithelial cell",GGAATGCGCTAGCGTG-1,0.05049201370270659,0.41244681980400966,1136,1646,False,False,0.06851862655316816,0.05930773012472625,0.13980503408394743,0.1749338355201618
human_cervical_cancer_real_profile_mask_epithelial_cell,human_cervical_cancer_real,Epithelial cell,"Cervical
Epithelial cell",ATAACGGAGTCCAACG-1,0.05049461501551377,0.41247243972858444,1137,1645,False,False,0.04797912538196041,0.08674773775031422,0.074830671381584,0.12077267099665841
human_cervical_cancer_real_profile_mask_epithelial_cell,human_cervical_cancer_real,Epithelial cell,"Cervical
Epithelial cell",ATTTACTAAGTCCATT-1,0.050508480783144634,0.41260900151380814,1138,1644,False,False,0.1336250304133925,0.11100778637234673,0.12689842868049897,0.0
human_cervical_cancer_real_profile_mask_epithelial_cell,human_cervical_cancer_real,Epithelial cell,"Cervical
Epithelial cell",ACTGTATACGCGAGCA-1,0.05051051537087803,0.4126290398514223,1139,1643,False,False,0.15984548413169575,0.08236621813072069,0.0769570428403073,0.0
human_cervical_cancer_real_profile_mask_epithelial_cell,human_cervical_cancer_real,Epithelial cell,"Cervical
Epithelial cell",ATCTTGACTTGTCCAA-1,0.05051799336167447,0.41270268941776694,1140,1642,False,False,0.13670658460476315,0.17435032330979616,0.09331189007971503,0.0
human_cervical_cancer_real_profile_mask_epithelial_cell,human_cervical_cancer_real,Epithelial cell,"Cervical
Epithelial cell",ATCTCATAAACCTACC-1,0.050527101194257636,0.41279239104195303,1141,1641,False,False,0.048207812265708,0.049100235951751836,0.3113029568350868,0.0
human_cervical_cancer_real_profile_mask_epithelial_cell,human_cervical_cancer_real,Epithelial cell,"Cervical
Epithelial cell",GATAAATCGGTGGATG-1,0.050537839982303635,0.4128981556924031,1142,1640,False,False,0.08204959392929334,0.20222246318384318,0.08752907788793175,0.0
human_cervical_cancer_real_profile_mask_epithelial_cell,human_cervical_cancer_real,Epithelial cell,"Cervical
Epithelial cell",AAGTCAATTGTCGTCA-1,0.05054211556085078,0.41294026519941396,1143,1639,False,False,0.04272636224202091,0.07882555902723466,0.11641450000535634,0.0
human_cervical_cancer_real_profile_mask_epithelial_cell,human_cervical_cancer_real,Epithelial cell,"Cervical
Epithelial cell",TCTCGACGTATCGCCG-1,0.0505987531562168,0.4134980800525019,1144,1638,False,False,0.2538304911102002,0.049685465181045586,0.07145691384588296,0.0
human_cervical_cancer_real_profile_mask_epithelial_cell,human_cervical_cancer_real,Epithelial cell,"Cervical
Epithelial cell",CATGGGTATGCCTTAT-1,0.0506117510131628,0.4136260939206038,1145,1637,False,False,0.053943667880867005,0.13734521148856865,0.1076899755649696,0.1301339969592818
human_cervical_cancer_real_profile_mask_epithelial_cell,human_cervical_cancer_real,Epithelial cell,"Cervical
Epithelial cell",ATTGGATTACAGCGTA-1,0.05061545836168913,0.41366260701866514,1146,1636,False,False,0.4801840269248893,0.24627543920770595,0.0,0.0
human_cervical_cancer_real_profile_mask_epithelial_cell,human_cervical_cancer_real,Epithelial cell,"Cervical
Epithelial cell",AAGGTATCCTAATATA-1,0.05061969809931275,0.4137043635340039,1147,1635,False,False,0.0,0.08765941280744209,0.10135479921608123,0.13183360488832152
human_cervical_cancer_real_profile_mask_epithelial_cell,human_cervical_cancer_real,Epithelial cell,"Cervical
Epithelial cell",CATCTATCCCGTGTCT-1,0.050627596480078904,0.41378215345566693,1148,1634,False,False,0.044567198329156336,0.07164104352273767,0.09933305578572052,0.10662301618956607
human_cervical_cancer_real_profile_mask_epithelial_cell,human_cervical_cancer_real,Epithelial cell,"Cervical
Epithelial cell",CCTATACCGTCCTGTC-1,0.050629913029111503,0.41380496878618966,1149,1633,False,False,0.18770758527897344,0.25220122806394313,0.1038383198333436,0.0
human_cervical_cancer_real_profile_mask_epithelial_cell,human_cervical_cancer_real,Epithelial cell,"Cervical
Epithelial cell",AGCACCAGTACTCACG-1,0.05063564792083449,0.41386145084132037,1150,1632,False,False,0.13493903382156933,0.10922663435320776,0.16164895220053027,0.11605040416225555
human_cervical_cancer_real_profile_mask_epithelial_cell,human_cervical_cancer_real,Epithelial cell,"Cervical
Epithelial cell",TCCTTGTCCTTTAATT-1,0.050685021278537044,0.41434772134936937,1151,1631,False,False,0.11141806735227967,0.10396985688617734,0.255314193408663,0.0
human_cervical_cancer_real_profile_mask_epithelial_cell,human_cervical_cancer_real,Epithelial cell,"Cervical
Epithelial cell",CTGTCAAATGGCTCGG-1,0.050704512123063164,0.41453968364059374,1152,1630,False,False,0.10560570321751991,0.19653527401740964,0.2731892496359795,0.08405973027551489
human_cervical_cancer_real_profile_mask_epithelial_cell,human_cervical_cancer_real,Epithelial cell,"Cervical
Epithelial cell",CCCTGGGAGGGATCCT-1,0.05071259099893218,0.4146192512304052,1153,1629,False,False,0.029488835567976584,0.09438180957631243,0.14041319316427417,0.0
human_cervical_cancer_real_profile_mask_epithelial_cell,human_cervical_cancer_real,Epithelial cell,"Cervical
Epithelial cell",TGGGATGCACTCATTC-1,0.05071269228441533,0.41462024877534925,1154,1628,False,False,0.0,0.17191232463269582,0.10647015485645409,0.0
human_cervical_cancer_real_profile_mask_epithelial_cell,human_cervical_cancer_real,Epithelial cell,"Cervical
Epithelial cell",TAAGGCCCGTCACCCT-1,0.050723179027705685,0.4147235310762675,1155,1627,False,False,0.048894267519944835,0.05035466909594533,0.11947013561842072,0.0
human_cervical_cancer_real_profile_mask_epithelial_cell,human_cervical_cancer_real,Epithelial cell,"Cervical
Epithelial cell",GCGAGCGCATGCTCCC-1,0.050755299444173105,0.4150398800539582,1156,1626,False,False,0.15103491060674618,0.13957640376773586,0.1403382694407754,0.0
human_cervical_cancer_real_profile_mask_epithelial_cell,human_cervical_cancer_real,Epithelial cell,"Cervical
Epithelial cell",CAGTAACTATTTATTG-1,0.05075702505161603,0.4150568752928281,1157,1625,False,False,0.08638104427880265,0.14362451166333542,0.1390459090058516,0.15111105810008815
human_cervical_cancer_real_profile_mask_epithelial_cell,human_cervical_cancer_real,Epithelial cell,"Cervical
Epithelial cell",AGCTCTAGACGTTCCA-1,0.05076021607374388,0.4150883031726303,1158,1624,False,False,0.03217284772844183,0.18349051436469502,0.07030198618695267,0.379388373996138
human_cervical_cancer_real_profile_mask_epithelial_cell,human_cervical_cancer_real,Epithelial cell,"Cervical
Epithelial cell",TGCATGGATCGGATCT-1,0.05076573515181174,0.41514265971269365,1159,1623,False,False,0.13856448759567377,0.1192683298623295,0.23750319651711901,0.07478570576837049
human_cervical_cancer_real_profile_mask_epithelial_cell,human_cervical_cancer_real,Epithelial cell,"Cervical
Epithelial cell",AGGGAGACATACTTCG-1,0.05077093720015746,0.41519389387641426,1160,1622,False,False,0.0464702041181345,0.060597852872713756,0.11627984374864327,0.0
human_cervical_cancer_real_profile_mask_epithelial_cell,human_cervical_cancer_real,Epithelial cell,"Cervical
Epithelial cell",CTTGAGTTAGGGTAAT-1,0.050772514606716314,0.4152094295078654,1161,1621,False,False,0.11474193788894642,0.035580440632550996,0.09379124473609807,0.688040773126596
human_cervical_cancer_real_profile_mask_epithelial_cell,human_cervical_cancer_real,Epithelial cell,"Cervical
Epithelial cell",TGCTGGTTGGACAATT-1,0.050779755043617224,0.4152807394429019,1162,1620,False,False,0.10550014258691316,0.07557774226876983,0.13666742995369852,0.0
human_cervical_cancer_real_profile_mask_epithelial_cell,human_cervical_cancer_real,Epithelial cell,"Cervical
Epithelial cell",ACTTCGCCATACGCAC-1,0.05078034619088746,0.4152865615602706,1163,1619,False,False,0.10059069483913068,0.09685371093745025,0.04019488325303067,0.10215806107158959
human_cervical_cancer_real_profile_mask_epithelial_cell,human_cervical_cancer_real,Epithelial cell,"Cervical
Epithelial cell",CTACGCCATTTCCGAT-1,0.05078352486133553,0.41531786779030283,1164,1618,False,False,0.09263174353944433,0.1120604333804575,0.12501633410124355,0.0
human_cervical_cancer_real_profile_mask_epithelial_cell,human_cervical_cancer_real,Epithelial cell,"Cervical
Epithelial cell",CTTTAGTGCTATTATT-1,0.05079549077465955,0.41543571820644015,1165,1617,False,False,0.05062035577509308,0.07772786277841609,0.11160744768710015,0.0961037772100943
human_cervical_cancer_real_profile_mask_epithelial_cell,human_cervical_cancer_real,Epithelial cell,"Cervical
Epithelial cell",ATTGATGAGTCCTAAC-1,0.05080207291707676,0.41550054470166353,1166,1616,False,False,0.24213440818651738,0.11423664791133659,0.4281073545996879,0.0
human_cervical_cancer_real_profile_mask_epithelial_cell,human_cervical_cancer_real,Epithelial cell,"Cervical
Epithelial cell",GTGCGACAGGGAGTGT-1,0.050808067829460825,0.41555958765977613,1167,1615,False,False,0.09355820325293183,0.11448890995692516,0.1403778412962598,0.0
human_cervical_cancer_real_profile_mask_epithelial_cell,human_cervical_cancer_real,Epithelial cell,"Cervical
Epithelial cell",CAATGGTCGGCCTGGG-1,0.050812342977549545,0.41560169292726895,1168,1614,False,False,0.06355343249226883,0.0876600134822625,0.12449285108304049,0.0
human_cervical_cancer_real_profile_mask_epithelial_cell,human_cervical_cancer_real,Epithelial cell,"Cervical
Epithelial cell",TGCCCGTACCGTTAAA-1,0.05082004425593409,0.41567754161828246,1169,1613,False,False,0.10942611992976435,0.116778294193806,0.09775516373690095,0.09636171173570672
human_cervical_cancer_real_profile_mask_epithelial_cell,human_cervical_cancer_real,Epithelial cell,"Cervical
Epithelial cell",AGCGGGAAGGGTCCAT-1,0.05082046270597784,0.4156816628675723,1170,1612,False,False,0.1258270298900101,0.0792723652486185,0.21165342097964682,0.0
human_cervical_cancer_real_profile_mask_epithelial_cell,human_cervical_cancer_real,Epithelial cell,"Cervical
Epithelial cell",TCTTGCTCCCGATACT-1,0.050822955532819215,0.41570621433077104,1171,1611,False,False,0.06342920283043484,0.050362999459595506,0.20387116488604892,0.0
human_cervical_cancer_real_profile_mask_epithelial_cell,human_cervical_cancer_real,Epithelial cell,"Cervical
Epithelial cell",GTCAGTTGTGCTCGTT-1,0.050825838294898874,0.415734606205383,1172,1610,False,False,0.09714927283819273,0.11993252073601507,0.16037863030654814,0.0
human_cervical_cancer_real_profile_mask_epithelial_cell,human_cervical_cancer_real,Epithelial cell,"Cervical
Epithelial cell",GATGTCGGTCAACTGC-1,0.050844362812393684,0.41591705129222173,1173,1609,False,False,0.032808273386642835,0.0993165590941819,0.09522887219251966,0.0
human_cervical_cancer_real_profile_mask_epithelial_cell,human_cervical_cancer_real,Epithelial cell,"Cervical
Epithelial cell",TCACAGGAGAATAAGA-1,0.0508595476043515,0.4160666039425484,1174,1608,False,False,0.13812862667737874,0.10181957999821435,0.06910649945418387,0.0
human_cervical_cancer_real_profile_mask_epithelial_cell,human_cervical_cancer_real,Epithelial cell,"Cervical
Epithelial cell",AGGTACGATATTGCCA-1,0.050867542506926475,0.41614534449246926,1175,1607,False,False,0.08146505117424657,0.12000324254651408,0.13320796357095546,0.0
human_cervical_cancer_real_profile_mask_epithelial_cell,human_cervical_cancer_real,Epithelial cell,"Cervical
Epithelial cell",CACCCACACGTCACCC-1,0.0508688012857381,0.4161577420088775,1176,1606,False,False,0.08697642209613901,0.023207628329883167,0.1576366674249815,0.0
human_cervical_cancer_real_profile_mask_epithelial_cell,human_cervical_cancer_real,Epithelial cell,"Cervical
Epithelial cell",TGGGTGTTAAGTAGAA-1,0.05087134069827158,0.4161827522873002,1177,1605,False,False,0.028896374289354165,0.2002821012726895,0.12304525414819817,0.0
human_cervical_cancer_real_profile_mask_epithelial_cell,human_cervical_cancer_real,Epithelial cell,"Cervical
Epithelial cell",AGCTCTTCGTAACCTT-1,0.05088469084068503,0.4163142357600878,1178,1604,False,False,0.05774086690199033,0.0998469972331035,0.2635248776353547,0.0
human_cervical_cancer_real_profile_mask_epithelial_cell,human_cervical_cancer_real,Epithelial cell,"Cervical
Epithelial cell",AGATAACTTCAGGGCC-1,0.05088582250526507,0.41632538134823255,1179,1603,False,False,0.08365672795011808,0.07819065030699317,0.1791861197435352,0.0
human_cervical_cancer_real_profile_mask_epithelial_cell,human_cervical_cancer_real,Epithelial cell,"Cervical
Epithelial cell",AGATGAGGGTTGCGAT-1,0.05089109887009092,0.41637734744338806,1180,1602,False,False,0.2246801806802131,0.11474193788894642,0.11029308829703623,0.10569434751740626
human_cervical_cancer_real_profile_mask_epithelial_cell,human_cervical_cancer_real,Epithelial cell,"Cervical
Epithelial cell",GACTGCAAATCGAGCT-1,0.050898120842760054,0.4164465057582407,1181,1601,False,False,0.12457559091938225,0.10605232861197773,0.0,0.15379981921177277
human_cervical_cancer_real_profile_mask_epithelial_cell,human_cervical_cancer_real,Epithelial cell,"Cervical
Epithelial cell",TGCGCAAAGCATTTGG-1,0.05090770238274767,0.41654087285285357,1182,1600,False,False,0.28620239530148406,0.1850066742449763,0.0855330045210045,0.09025158848808844
human_cervical_cancer_real_profile_mask_epithelial_cell,human_cervical_cancer_real,Epithelial cell,"Cervical
Epithelial cell",CTGGGATAAATAATGG-1,0.05090945871667488,0.4165581707120802,1183,1599,False,False,0.12580004753194898,0.09259917762604891,0.27700281510281605,0.3013721432114401
human_cervical_cancer_real_profile_mask_epithelial_cell,human_cervical_cancer_real,Epithelial cell,"Cervical
Epithelial cell",GTAATCTGATTCTTCG-1,0.050925304582297944,0.4167142341739461,1184,1598,False,False,0.07875068674344049,0.10503034323152359,0.23213373305953025,0.0
human_cervical_cancer_real_profile_mask_epithelial_cell,human_cervical_cancer_real,Epithelial cell,"Cervical
Epithelial cell",GTGAAACGGCGCCACC-1,0.050944705870034926,0.41690531443430645,1185,1597,False,False,0.0,0.07222571325022399,0.1616602049001535,0.11123578847952108
human_cervical_cancer_real_profile_mask_epithelial_cell,human_cervical_cancer_real,Epithelial cell,"Cervical
Epithelial cell",ATAACGCCGGAGGGTC-1,0.05095173776679118,0.41697457048994707,1186,1596,False,False,0.10233194165561234,0.10233194165561234,0.12284203503923656,0.21177135607022157
human_cervical_cancer_real_profile_mask_epithelial_cell,human_cervical_cancer_real,Epithelial cell,"Cervical
Epithelial cell",AAGCGGCGTCATGGGT-1,0.050956564012882545,0.4170221034358114,1187,1595,False,False,0.12799712807122707,0.07481991222076417,0.08267054894965796,0.0
human_cervical_cancer_real_profile_mask_epithelial_cell,human_cervical_cancer_real,Epithelial cell,"Cervical
Epithelial cell",TGCGCGATTAACGGAG-1,0.050958980709601545,0.4170459051052954,1188,1594,False,False,0.08645324224595116,0.10876097963381832,0.4232462835679395,0.0
human_cervical_cancer_real_profile_mask_epithelial_cell,human_cervical_cancer_real,Epithelial cell,"Cervical
Epithelial cell",TCATTTAAGTCTCCGA-1,0.050964529729827866,0.41710055654101263,1189,1593,False,False,0.145313457264708,0.10243865583919833,0.0700906805487729,0.0
human_cervical_cancer_real_profile_mask_epithelial_cell,human_cervical_cancer_real,Epithelial cell,"Cervical
Epithelial cell",CTTTAGGAACACTGTT-1,0.050974144069823514,0.4171952466777946,1190,1592,False,False,0.03711374212948167,0.13178225888460438,0.11309440124063075,0.4898419636591261
human_cervical_cancer_real_profile_mask_epithelial_cell,human_cervical_cancer_real,Epithelial cell,"Cervical
Epithelial cell",AGGAGACATCCACAGT-1,0.05098929279125576,0.4173444440751345,1191,1591,False,False,0.16841038412909148,0.12545400154072764,0.16308255037303696,0.0
human_cervical_cancer_real_profile_mask_epithelial_cell,human_cervical_cancer_real,Epithelial cell,"Cervical
Epithelial cell",CTCTTGTCCCGCTTGG-1,0.0509944640389767,0.4173953748883001,1192,1590,False,False,0.08720792131697783,0.05772905290667808,0.130472772719518,0.0
human_cervical_cancer_real_profile_mask_epithelial_cell,human_cervical_cancer_real,Epithelial cell,"Cervical
Epithelial cell",AGTGGCGGCAATTTGA-1,0.05100079395912021,0.417457717285644,1193,1589,False,False,0.023469580908283084,0.4404432345639343,0.1853076935158421,0.7844362625275998
human_cervical_cancer_real_profile_mask_epithelial_cell,human_cervical_cancer_real,Epithelial cell,"Cervical
Epithelial cell",TGTATCCTTATTCCAT-1,0.05103887036163988,0.41783272584206954,1194,1588,False,False,0.02267828638932558,0.06758763624203892,0.11200229200037493,0.0
human_cervical_cancer_real_profile_mask_epithelial_cell,human_cervical_cancer_real,Epithelial cell,"Cervical
Epithelial cell",TGAATGAGATACAGCA-1,0.051053836507557133,0.41798012508160604,1195,1587,False,False,0.24684832883537886,0.1257121586931141,0.10286719628262503,0.0
human_cervical_cancer_real_profile_mask_epithelial_cell,human_cervical_cancer_real,Epithelial cell,"Cervical
Epithelial cell",CCCGCCATGCTCCCGT-1,0.05108820173053612,0.4183185828089067,1196,1586,False,False,0.02629533578764342,0.0297859527825305,0.1883490694248594,0.0
human_cervical_cancer_real_profile_mask_epithelial_cell,human_cervical_cancer_real,Epithelial cell,"Cervical
Epithelial cell",GTCAATGCTATAATTT-1,0.0510988477019767,0.41842343332307014,1197,1585,False,False,0.08880260970295834,0.13958019438306496,0.18559751702186014,0.0
human_cervical_cancer_real_profile_mask_epithelial_cell,human_cervical_cancer_real,Epithelial cell,"Cervical
Epithelial cell",GCCAGGCGTTCGCATG-1,0.05110388019845725,0.41847299759688544,1198,1584,False,False,0.055866732442698415,0.12083962764396391,0.05812689359248,0.0
human_cervical_cancer_real_profile_mask_epithelial_cell,human_cervical_cancer_real,Epithelial cell,"Cervical
Epithelial cell",CGGCTCTTCGTCGAAC-1,0.051110353724119206,0.41853675434260795,1199,1583,False,False,0.10734166712507308,0.09502609564245884,0.23244507788532517,0.0
human_cervical_cancer_real_profile_mask_epithelial_cell,human_cervical_cancer_real,Epithelial cell,"Cervical
Epithelial cell",TGAAAGGACCTGACTC-1,0.05112966374049342,0.4187269356855357,1200,1582,False,False,0.1277096365709066,0.11980391665634833,0.10140453662461499,0.16682122586499093
human_cervical_cancer_real_profile_mask_epithelial_cell,human_cervical_cancer_real,Epithelial cell,"Cervical
Epithelial cell",GTGCTCAAGTACTGTC-1,0.05113683390568217,0.41879755352542686,1201,1581,False,False,0.09990774304691516,0.1711924102671252,0.32195036904921576,0.06287951572022767
human_cervical_cancer_real_profile_mask_epithelial_cell,human_cervical_cancer_real,Epithelial cell,"Cervical
Epithelial cell",GGAGTGCCGCCCTGGA-1,0.0511642913879794,0.41906797799092216,1202,1580,False,False,0.05202864764856525,0.021668762967355166,0.10495344093332366,0.14002046609182808
human_cervical_cancer_real_profile_mask_epithelial_cell,human_cervical_cancer_real,Epithelial cell,"Cervical
Epithelial cell",ATAAACGGACCCGTAA-1,0.051166471414233146,0.41908944872986514,1203,1579,False,False,0.10915662611000916,0.10500679238428959,0.17885443498594517,0.09542720914075886
human_cervical_cancer_real_profile_mask_epithelial_cell,human_cervical_cancer_real,Epithelial cell,"Cervical
Epithelial cell",ACCACAAGTTTCTATC-1,0.051173888209740066,0.419162495593337,1204,1578,False,False,0.06286338526427858,0.06644640361493508,0.05535908407528103,0.10050156905179677
human_cervical_cancer_real_profile_mask_epithelial_cell,human_cervical_cancer_real,Epithelial cell,"Cervical
Epithelial cell",CTGGTAACGAGCTCTT-1,0.05118623622719473,0.41928410929352833,1205,1577,False,False,0.09302575202326727,0.09630999486746333,0.0,0.0
human_cervical_cancer_real_profile_mask_epithelial_cell,human_cervical_cancer_real,Epithelial cell,"Cervical
Epithelial cell",GGCAATAGTCAATGAG-1,0.05119143909589144,0.419335351536758,1206,1576,False,False,0.11200229200037493,0.1756062367640993,0.13241232608646075,0.13052576278955375
human_cervical_cancer_real_profile_mask_epithelial_cell,human_cervical_cancer_real,Epithelial cell,"Cervical
Epithelial cell",ATTTACAGTTTACTGG-1,0.05121156056297165,0.4195335247312718,1207,1575,False,False,0.1035476574011635,0.06321314280951558,0.10307285048724776,0.0
human_cervical_cancer_real_profile_mask_epithelial_cell,human_cervical_cancer_real,Epithelial cell,"Cervical
Epithelial cell",AAATACCTATAAGCAT-1,0.05122801573152788,0.419695589122802,1208,1574,False,False,0.09158643733186592,0.12068021642473749,0.08285219882002907,0.17846867174619152
human_cervical_cancer_real_profile_mask_epithelial_cell,human_cervical_cancer_real,Epithelial cell,"Cervical
Epithelial cell",ATCTAATATCCTACGG-1,0.05124052001895227,0.4198187419015796,1209,1573,False,False,0.12335399168999515,0.10036694846607566,0.2707338520286274,0.10787456623172668
human_cervical_cancer_real_profile_mask_epithelial_cell,human_cervical_cancer_real,Epithelial cell,"Cervical
Epithelial cell",ATCCAACGCAGTCATA-1,0.05126315668144293,0.4200416868638441,1210,1572,False,False,0.1366488589112932,0.07656856819469482,0.08505556871033883,0.0
human_cervical_cancer_real_profile_mask_epithelial_cell,human_cervical_cancer_real,Epithelial cell,"Cervical
Epithelial cell",TGTGGCTCCCACCAAC-1,0.05127400961830465,0.4201485757481968,1211,1571,False,False,0.08915235775974792,0.026183782972429168,0.14084167880489099,0.0
human_cervical_cancer_real_profile_mask_epithelial_cell,human_cervical_cancer_real,Epithelial cell,"Cervical
Epithelial cell",GGGCAGAGCAATCGTT-1,0.051282822868995784,0.42023537608122175,1212,1570,False,False,0.053708292814169,0.04038382053320033,0.19721547125036795,0.0
human_cervical_cancer_real_profile_mask_epithelial_cell,human_cervical_cancer_real,Epithelial cell,"Cervical
Epithelial cell",ACACCTTAAGTAGGGC-1,0.051285177822009,0.42025856964656655,1213,1569,False,False,0.8377881917528239,0.09706419719338483,0.06740029617228975,0.0
human_cervical_cancer_real_profile_mask_epithelial_cell,human_cervical_cancer_real,Epithelial cell,"Cervical
Epithelial cell",TCTGCACCATTAGTAA-1,0.05128792844277452,0.4202856600819621,1214,1568,False,False,0.26413009549672606,0.06577348536819576,0.0,0.0
human_cervical_cancer_real_profile_mask_epithelial_cell,human_cervical_cancer_real,Epithelial cell,"Cervical
Epithelial cell",GTCTATCTGAGTTTCT-1,0.05128951723464565,0.4203013078455801,1215,1567,False,False,0.1672346687632219,0.1241917501964557,1.166681847119454,0.0
human_cervical_cancer_real_profile_mask_epithelial_cell,human_cervical_cancer_real,Epithelial cell,"Cervical
Epithelial cell",GCGGAGAGGGAGAACG-1,0.051304195682184264,0.4204458735886064,1216,1566,False,False,0.11846853700383818,0.11467350063908908,0.5934687499557386,0.10590298485624831
human_cervical_cancer_real_profile_mask_epithelial_cell,human_cervical_cancer_real,Epithelial cell,"Cervical
Epithelial cell",CGTTCTTCGCACACCT-1,0.051313609814264464,0.42053859190881987,1217,1565,False,False,0.09433958409278143,0.10562411504058783,0.04870364975664525,0.0
human_cervical_cancer_real_profile_mask_epithelial_cell,human_cervical_cancer_real,Epithelial cell,"Cervical
Epithelial cell",CTCGCACCTATATAGT-1,0.05131679851164851,0.4205699968925825,1218,1564,False,False,0.07066333145384149,0.034224076285585506,0.4494240382185769,0.08533111704159103
human_cervical_cancer_real_profile_mask_epithelial_cell,human_cervical_cancer_real,Epithelial cell,"Cervical
Epithelial cell",GACTTTCGAGCGGTTC-1,0.051322984316940254,0.42063091992520324,1219,1563,False,False,0.059987470500703,0.059987470500703,0.14427922727488027,0.0
human_cervical_cancer_real_profile_mask_epithelial_cell,human_cervical_cancer_real,Epithelial cell,"Cervical
Epithelial cell",GAAGTCTCCCTAGCGA-1,0.051331218837834605,0.420712020438621,1220,1562,False,False,0.1466111201219422,0.0888772655144315,0.1235170565912615,0.709298920357657
human_cervical_cancer_real_profile_mask_epithelial_cell,human_cervical_cancer_real,Epithelial cell,"Cervical
Epithelial cell",CGGCCCAGGTATATCC-1,0.05133592926628038,0.4207584127145374,1221,1561,False,False,0.08706466576015542,0.14071503749189074,0.10302135848496453,0.0
human_cervical_cancer_real_profile_mask_epithelial_cell,human_cervical_cancer_real,Epithelial cell,"Cervical
Epithelial cell",GGTGATAAGGAGCAGT-1,0.05134385150609973,0.42083643762029826,1222,1560,False,False,0.1608921791272571,0.1889606478489613,0.12596432131365032,0.2672048728408932
human_cervical_cancer_real_profile_mask_epithelial_cell,human_cervical_cancer_real,Epithelial cell,"Cervical
Epithelial cell",TTATTAGAGCGTGTTC-1,0.05135199697687444,0.420916661092961,1223,1559,False,False,0.1351490637663715,0.17618697896712415,0.10841793833885048,0.07342727177373269
human_cervical_cancer_real_profile_mask_epithelial_cell,human_cervical_cancer_real,Epithelial cell,"Cervical
Epithelial cell",TTGAATTCACGTGAGG-1,0.05135538139295482,0.42094999367967245,1224,1558,False,False,0.06111125768333225,0.15539402105847083,0.29594754797258893,0.6277330529666086
human_cervical_cancer_real_profile_mask_epithelial_cell,human_cervical_cancer_real,Epithelial cell,"Cervical
Epithelial cell",GATTAACCGAAAGCCC-1,0.0513677648713515,0.4210719566291572,1225,1557,False,False,0.0969580325256245,0.04969362197095817,0.1687892437136097,0.0
human_cervical_cancer_real_profile_mask_epithelial_cell,human_cervical_cancer_real,Epithelial cell,"Cervical
Epithelial cell",TTCGTTCAACGAAGTT-1,0.05136830400242898,0.42107726644714705,1226,1556,False,False,0.10562411504058783,0.0530630891672065,0.0493029903251291,0.0
human_cervical_cancer_real_profile_mask_epithelial_cell,human_cervical_cancer_real,Epithelial cell,"Cervical
Epithelial cell",GAATCGACATGGTCAC-1,0.05138332542072481,0.42122521005572916,1227,1555,False,False,0.09187813733407334,0.10759361931464104,0.11921058845837594,0.0
human_cervical_cancer_real_profile_mask_epithelial_cell,human_cervical_cancer_real,Epithelial cell,"Cervical
Epithelial cell",TAGTCTGTGACGTTGC-1,0.05138352908485675,0.42122721591203544,1228,1554,False,False,0.08311273867265617,0.08807300317502216,0.10740362443389023,0.0
human_cervical_cancer_real_profile_mask_epithelial_cell,human_cervical_cancer_real,Epithelial cell,"Cervical
Epithelial cell",TCTGATTGGAAATGGA-1,0.0513961189346615,0.4213512113813673,1229,1553,False,False,0.14236369638232335,0.14026866646266317,0.25157127470757057,0.0
human_cervical_cancer_real_profile_mask_epithelial_cell,human_cervical_cancer_real,Epithelial cell,"Cervical
Epithelial cell",CGAGATTTCGCTCGGG-1,0.05139636475061225,0.4213536323843701,1230,1552,False,False,0.06553129011871876,0.085276140446968,0.23479454617365528,0.0
human_cervical_cancer_real_profile_mask_epithelial_cell,human_cervical_cancer_real,Epithelial cell,"Cervical
Epithelial cell",GCAGGTAGAGTATGGT-1,0.05140166229211791,0.4214058070453459,1231,1551,False,False,0.10974899104259886,0.6912267621426822,0.5114647282265149,0.11676480737455618
human_cervical_cancer_real_profile_mask_epithelial_cell,human_cervical_cancer_real,Epithelial cell,"Cervical
Epithelial cell",CCTATGGGTTACCGTC-1,0.051402124789866895,0.4214103621136223,1232,1550,False,False,0.08693089698844834,0.1370774221346425,0.079489995544851,0.0731992148108335
human_cervical_cancer_real_profile_mask_epithelial_cell,human_cervical_cancer_real,Epithelial cell,"Cervical
Epithelial cell",AGACCCACCGCTGATC-1,0.051407770070830354,0.42146596160634303,1233,1549,False,False,0.1485507221797415,0.06912700160943876,0.10858381879347898,0.11209324637512993
human_cervical_cancer_real_profile_mask_epithelial_cell,human_cervical_cancer_real,Epithelial cell,"Cervical
Epithelial cell",TCCGCGGCCCAATGAA-1,0.051408793187174465,0.4214760381198231,1234,1548,False,False,0.10230791516546502,0.0457512647424045,0.19357484759880256,0.0
human_cervical_cancer_real_profile_mask_epithelial_cell,human_cervical_cancer_real,Epithelial cell,"Cervical
Epithelial cell",TGAGAGATTTACCACG-1,0.05142341576377427,0.4216200535986773,1235,1547,False,False,0.09492998621469192,0.07121533623834075,0.1141478835585251,0.43061343353441744
human_cervical_cancer_real_profile_mask_epithelial_cell,human_cervical_cancer_real,Epithelial cell,"Cervical
Epithelial cell",ACTCTTCAGCTCCCGC-1,0.05144618133262827,0.4218442681396318,1236,1546,False,False,0.093848906420855,0.2105232779197136,0.08846047973205162,0.0
human_cervical_cancer_real_profile_mask_epithelial_cell,human_cervical_cancer_real,Epithelial cell,"Cervical
Epithelial cell",GGCGTCCTATCCGCTG-1,0.05145186970227077,0.42190029200603946,1237,1545,False,False,0.09509131195250277,0.07474389069448416,0.08373123314538526,0.0
human_cervical_cancer_real_profile_mask_epithelial_cell,human_cervical_cancer_real,Epithelial cell,"Cervical
Epithelial cell",TTGTAAGGCCAGTTGG-1,0.05145590027210524,0.42193998846040953,1238,1544,False,False,0.8731321790842352,0.20371892162025024,0.1329931810924646,0.10014067729031564
human_cervical_cancer_real_profile_mask_epithelial_cell,human_cervical_cancer_real,Epithelial cell,"Cervical
Epithelial cell",TGGAGGGAAACACCTC-1,0.05145598203339785,0.4219407937146427,1239,1543,False,False,0.09339980296123732,0.09821825510795341,0.14902061229488073,0.0
human_cervical_cancer_real_profile_mask_epithelial_cell,human_cervical_cancer_real,Epithelial cell,"Cervical
Epithelial cell",TGCCTTGGCCAGGCAA-1,0.05145813914209762,0.4219620387421669,1240,1542,False,False,0.15287228540574163,0.11281502400445459,0.11464595717456655,0.13788295751393853
human_cervical_cancer_real_profile_mask_epithelial_cell,human_cervical_cancer_real,Epithelial cell,"Cervical
Epithelial cell",TGGTTTAAACGTGGGT-1,0.05147518131599614,0.42212988445786276,1241,1541,False,False,0.11386257748618382,0.08019190592477835,0.13500543514318628,0.0
human_cervical_cancer_real_profile_mask_epithelial_cell,human_cervical_cancer_real,Epithelial cell,"Cervical
Epithelial cell",TGATGGCTGTTTCTGA-1,0.05147743742941107,0.4221521045674025,1242,1540,False,False,0.15143250746108466,0.15143250746108466,0.2143676528465335,0.0
human_cervical_cancer_real_profile_mask_epithelial_cell,human_cervical_cancer_real,Epithelial cell,"Cervical
Epithelial cell",TATACACGCAAAGTAT-1,0.05151065730763417,0.42247928197263773,1243,1539,False,False,0.1700745805673605,0.14663349719411833,0.050732216003849785,0.0
human_cervical_cancer_real_profile_mask_epithelial_cell,human_cervical_cancer_real,Epithelial cell,"Cervical
Epithelial cell",GTGTTACTATGCGTCC-1,0.05151742479755869,0.422545933926585,1244,1538,False,False,0.1609550296776111,0.05287171820745408,0.17668870228283035,0.12509714295543584
human_cervical_cancer_real_profile_mask_epithelial_cell,human_cervical_cancer_real,Epithelial cell,"Cervical
Epithelial cell",ATGGCTGGAAATGGCC-1,0.05152500983541213,0.42262063778271697,1245,1537,False,False,0.053728967670606996,0.08905578734896141,0.10970046929009136,0.0
human_cervical_cancer_real_profile_mask_epithelial_cell,human_cervical_cancer_real,Epithelial cell,"Cervical
Epithelial cell",ACTGTCCAGGATTATA-1,0.0515591066110063,0.4229564516135465,1246,1536,False,False,0.16760519974619809,0.17368329629757065,0.1386202232660812,0.12088726278999405
human_cervical_cancer_real_profile_mask_epithelial_cell,human_cervical_cancer_real,Epithelial cell,"Cervical
Epithelial cell",GTATCTTTCATAACCA-1,0.05156826175146097,0.42304661916558883,1247,1535,False,False,0.1664789797681685,0.11225432261864483,0.11489947330015346,0.09674182704611484
human_cervical_cancer_real_profile_mask_epithelial_cell,human_cervical_cancer_real,Epithelial cell,"Cervical
Epithelial cell",GCTAGACCGTCTACTG-1,0.05157246868605677,0.42308805260901705,1248,1534,False,False,0.08868861571488516,0.13351909524323827,0.13681798918497365,0.0
human_cervical_cancer_real_profile_mask_epithelial_cell,human_cervical_cancer_real,Epithelial cell,"Cervical
Epithelial cell",TTCGCACTGTACGACA-1,0.05158403539978143,0.42320197137049226,1249,1533,False,False,0.04979470086671033,0.17416902483888524,0.16237947724797738,0.0
human_cervical_cancer_real_profile_mask_epithelial_cell,human_cervical_cancer_real,Epithelial cell,"Cervical
Epithelial cell",GTGATCCTTGTCATGA-1,0.05159538212253359,0.4233137234751521,1250,1532,False,False,0.02297406679421675,0.114640266117691,0.14470953648729612,0.07519355629602158
human_cervical_cancer_real_profile_mask_epithelial_cell,human_cervical_cancer_real,Epithelial cell,"Cervical
Epithelial cell",GTTTGGCCGCTCAGCG-1,0.05160027168224674,0.42336187998701375,1251,1531,False,False,0.04372128920757934,0.11257601934646498,0.08182053860708884,0.0
human_cervical_cancer_real_profile_mask_epithelial_cell,human_cervical_cancer_real,Epithelial cell,"Cervical
Epithelial cell",GGTCGGTAATTAGACA-1,0.05160302324076182,0.4233889796581585,1252,1530,False,False,0.09910370573864519,0.07115797601744574,0.11799092983466358,0.0
human_cervical_cancer_real_profile_mask_epithelial_cell,human_cervical_cancer_real,Epithelial cell,"Cervical
Epithelial cell",TGGAAGACGAACACCA-1,0.05160545414915704,0.42341292129622754,1253,1529,False,False,0.11536829122443817,0.10538531996784559,0.09394084284421833,0.0
human_cervical_cancer_real_profile_mask_epithelial_cell,human_cervical_cancer_real,Epithelial cell,"Cervical
Epithelial cell",AATAGTCCGTCCCGAC-1,0.05160933285913161,0.4234511221064959,1254,1528,False,False,0.17122501988691566,0.2045245518447407,0.15492375450559806,0.0
human_cervical_cancer_real_profile_mask_epithelial_cell,human_cervical_cancer_real,Epithelial cell,"Cervical
Epithelial cell",CCGGGTTCGAGGTTAC-1,0.05160990840190383,0.42345679053759466,1255,1527,False,False,0.03479802857359417,0.03479802857359417,0.10012151196220635,0.0
human_cervical_cancer_real_profile_mask_epithelial_cell,human_cervical_cancer_real,Epithelial cell,"Cervical
Epithelial cell",ATATTTAACCCTCAAG-1,0.05161828765145914,0.4235393164610467,1256,1526,False,False,0.11112376034497032,0.11441005672652767,0.1382834183602245,0.13107130295336297
human_cervical_cancer_real_profile_mask_epithelial_cell,human_cervical_cancer_real,Epithelial cell,"Cervical
Epithelial cell",ACGATCATCTTGTAAA-1,0.051624128375905874,0.4235968408461857,1257,1525,False,False,0.13944477710052386,0.07342727177373269,0.14355626990442558,0.0
human_cervical_cancer_real_profile_mask_epithelial_cell,human_cervical_cancer_real,Epithelial cell,"Cervical
Epithelial cell",TCCTACATCCACGGCC-1,0.05163865816596853,0.42373994248489083,1258,1524,False,False,0.06912700160943876,0.1058318281124569,0.10339297459938548,0.16068784435688702
human_cervical_cancer_real_profile_mask_epithelial_cell,human_cervical_cancer_real,Epithelial cell,"Cervical
Epithelial cell",ACGCCGCTAGACGACC-1,0.051647283100511324,0.4238248881215089,1259,1523,False,False,0.14424156784734857,0.6842557415464751,0.49803878917478717,0.10914492156718526
human_cervical_cancer_real_profile_mask_epithelial_cell,human_cervical_cancer_real,Epithelial cell,"Cervical
Epithelial cell",TTCAACGACCCGACCG-1,0.05166417537517105,0.42399125750295497,1260,1522,False,False,0.025417079061770917,0.18414383406016274,0.2169603201230444,0.0
human_cervical_cancer_real_profile_mask_epithelial_cell,human_cervical_cancer_real,Epithelial cell,"Cervical
Epithelial cell",GCGCATCCAGTCAGCA-1,0.05167809651681495,0.4241283646582063,1261,1521,False,False,0.14662993748913308,0.12131380636422391,0.0,0.2833752322642873
human_cervical_cancer_real_profile_mask_epithelial_cell,human_cervical_cancer_real,Epithelial cell,"Cervical
Epithelial cell",CCCTCATTCTGGAATT-1,0.051679653609237326,0.42414370021889203,1262,1520,False,False,0.13644652775434532,0.02678274969037325,0.12456689194337235,0.0
human_cervical_cancer_real_profile_mask_epithelial_cell,human_cervical_cancer_real,Epithelial cell,"Cervical
Epithelial cell",TACGGGATGCTAGCAG-1,0.051684577806277464,0.4241921978683909,1263,1519,False,False,0.21212688734255478,0.13630173590843284,0.058439362546799246,0.098026449477464
human_cervical_cancer_real_profile_mask_epithelial_cell,human_cervical_cancer_real,Epithelial cell,"Cervical
Epithelial cell",CCCAGTTAAGGCGCCG-1,0.05168549470619356,0.4242012282728191,1264,1518,False,False,0.12560798892242125,0.23616159787806795,0.11378341870779568,0.1304521283095653
human_cervical_cancer_real_profile_mask_epithelial_cell,human_cervical_cancer_real,Epithelial cell,"Cervical
Epithelial cell",GAGATCTTCCATGACA-1,0.05168841140161267,0.4242299543516047,1265,1517,False,False,0.14966259448333608,0.08296745632353676,0.0,0.19399792599438764
human_cervical_cancer_real_profile_mask_epithelial_cell,human_cervical_cancer_real,Epithelial cell,"Cervical
Epithelial cell",GAAACTCTAATGAAGG-1,0.051700059019360325,0.4243446699241982,1266,1516,False,False,0.11656907498357692,0.07213386787375477,0.0,0.0
human_cervical_cancer_real_profile_mask_epithelial_cell,human_cervical_cancer_real,Epithelial cell,"Cervical
Epithelial cell",TACCGGCTCACTGCCC-1,0.05170203596062546,0.42436414051072735,1267,1515,False,False,0.1112622013681135,0.11682870049235765,0.1495051962537022,0.10209496012584497
human_cervical_cancer_real_profile_mask_epithelial_cell,human_cervical_cancer_real,Epithelial cell,"Cervical
Epithelial cell",AAGTCTAGTAGCTGCC-1,0.05170374584685016,0.4243809809137682,1268,1514,False,False,0.09043573320659816,0.1114812368345795,0.2135284396009422,0.0
human_cervical_cancer_real_profile_mask_epithelial_cell,human_cervical_cancer_real,Epithelial cell,"Cervical
Epithelial cell",TGACCCACGTTAGACA-1,0.05172922745163734,0.4246319452694925,1269,1513,False,False,0.13104367940859055,0.14323633545785278,0.109046949789112,0.05751252390844159
human_cervical_cancer_real_profile_mask_epithelial_cell,human_cervical_cancer_real,Epithelial cell,"Cervical
Epithelial cell",ATAGCAACTAGGGAAG-1,0.05174987982616627,0.42483534728875766,1270,1512,False,False,0.10462916696213999,0.168778830608149,0.10922607245364223,0.0
human_cervical_cancer_real_profile_mask_epithelial_cell,human_cervical_cancer_real,Epithelial cell,"Cervical
Epithelial cell",AATATCAAGGTCGGAT-1,0.051759844204344416,0.42493348489706595,1271,1511,False,False,0.017120217002180502,0.27817757321765163,0.1399515669460407,0.0
human_cervical_cancer_real_profile_mask_epithelial_cell,human_cervical_cancer_real,Epithelial cell,"Cervical
Epithelial cell",TCACGGTCATCGCACA-1,0.051763475514048814,0.42496924910061634,1272,1510,False,False,0.20371892162025024,0.10462916696213999,0.22964712457741998,0.08341860860901179
human_cervical_cancer_real_profile_mask_epithelial_cell,human_cervical_cancer_real,Epithelial cell,"Cervical
Epithelial cell",CCACAGCTGAAATCAT-1,0.0517702879547465,0.4250363437677256,1273,1509,False,False,0.060356547480081756,0.041822155158685835,0.08550764470684133,0.0
human_cervical_cancer_real_profile_mask_epithelial_cell,human_cervical_cancer_real,Epithelial cell,"Cervical
Epithelial cell",GAGTACGGGTATACAA-1,0.05177057366311092,0.42503915766489575,1274,1508,False,False,0.11748244037494968,0.09529484009322875,0.06313178148563278,0.0
human_cervical_cancer_real_profile_mask_epithelial_cell,human_cervical_cancer_real,Epithelial cell,"Cervical
Epithelial cell",AGTCTTCTCCTCAAAT-1,0.05177331591651601,0.42506616569146194,1275,1507,False,False,0.07734735104127033,0.12161782734140077,0.09356814377218733,0.08393843746574596
human_cervical_cancer_real_profile_mask_epithelial_cell,human_cervical_cancer_real,Epithelial cell,"Cervical
Epithelial cell",CACTCAGCTCTTGAGG-1,0.051774806325275896,0.4250808444951446,1276,1506,False,False,0.08965796260540825,0.31565467309010686,0.13193628401547114,0.0
human_cervical_cancer_real_profile_mask_epithelial_cell,human_cervical_cancer_real,Epithelial cell,"Cervical
Epithelial cell",CTTGCCCAGGCTCTAC-1,0.05178678159937153,0.42519878710406317,1277,1505,False,False,0.065461031144886,0.13199575227895008,0.10996868480048416,0.0
human_cervical_cancer_real_profile_mask_epithelial_cell,human_cervical_cancer_real,Epithelial cell,"Cervical
Epithelial cell",TCTTGGTAACACCAAA-1,0.05179736123537456,0.4253029842908367,1278,1504,False,False,0.06760718820453718,0.06127979285138133,0.14475141217199028,0.0674796725878786
human_cervical_cancer_real_profile_mask_epithelial_cell,human_cervical_cancer_real,Epithelial cell,"Cervical
Epithelial cell",TATACACAGACGCCTT-1,0.051803867700397375,0.4253670654511926,1279,1503,False,False,0.089283909134189,0.0675225783509915,0.19104997144241193,0.13903901588202583
human_cervical_cancer_real_profile_mask_epithelial_cell,human_cervical_cancer_real,Epithelial cell,"Cervical
Epithelial cell",GTGAGGAGCGGTTGAG-1,0.05181011950202403,0.4254286384714342,1280,1502,False,False,0.06100872638885626,0.14649355783849258,0.3559395001903029,0.0
human_cervical_cancer_real_profile_mask_epithelial_cell,human_cervical_cancer_real,Epithelial cell,"Cervical
Epithelial cell",CTTTAACTTTCAAAGG-1,0.051810747159902554,0.42543482017609585,1281,1501,False,False,0.17510833540629675,0.17766725109780776,0.11084720904651633,0.07814405332869148
human_cervical_cancer_real_profile_mask_epithelial_cell,human_cervical_cancer_real,Epithelial cell,"Cervical
Epithelial cell",TCCGATAATTGCCATA-1,0.05181835737259869,0.42550977197533146,1282,1500,False,False,0.10409550723051773,0.11150097062429558,0.13591341600788584,0.08794235846004703
human_cervical_cancer_real_profile_mask_epithelial_cell,human_cervical_cancer_real,Epithelial cell,"Cervical
Epithelial cell",TGGGCACAAACAGAAC-1,0.05182220306863932,0.4255476476365078,1283,1499,False,False,0.07837897754460475,0.05774086690199033,0.059757931003494115,0.0
human_cervical_cancer_real_profile_mask_epithelial_cell,human_cervical_cancer_real,Epithelial cell,"Cervical
Epithelial cell",CTCATCACTTAGTGAT-1,0.05183675818766232,0.42569099873619737,1284,1498,False,False,0.15797817278312257,0.028834567420821,0.10398978510840685,0.0
human_cervical_cancer_real_profile_mask_epithelial_cell,human_cervical_cancer_real,Epithelial cell,"Cervical
Epithelial cell",AATTCGATTCGAGGAT-1,0.05183719008663812,0.4256952524419237,1285,1497,False,False,0.19849710662325493,0.11464534200464567,0.147299383889455,0.12104242371894669
human_cervical_cancer_real_profile_mask_epithelial_cell,human_cervical_cancer_real,Epithelial cell,"Cervical
Epithelial cell",AATTAACGGATTTCCA-1,0.05184208923043684,0.42574350334595096,1286,1496,False,False,0.09810367865847208,0.13736759279437025,0.10209741337818716,0.11796795614437393
human_cervical_cancer_real_profile_mask_epithelial_cell,human_cervical_cancer_real,Epithelial cell,"Cervical
Epithelial cell",CAATTTCGTATAAGGG-1,0.05184230988550133,0.42574567654330486,1287,1495,False,False,0.17208401210048338,0.1277096365709066,0.1263321671071262,0.14228006919194042
human_cervical_cancer_real_profile_mask_epithelial_cell,human_cervical_cancer_real,Epithelial cell,"Cervical
Epithelial cell",GTTGCACGGAGTTTCG-1,0.05184469701705823,0.42576918703011335,1288,1494,False,False,0.1818850704648635,0.15764108044563774,0.10844132275543951,0.07460917819462574
human_cervical_cancer_real_profile_mask_epithelial_cell,human_cervical_cancer_real,Epithelial cell,"Cervical
Epithelial cell",TGGGCCACAAGAGCGC-1,0.05184657151421874,0.4257876486606159,1289,1493,False,False,0.10683564783114112,0.020801344365624166,0.1120604333804575,0.09163045603174065
human_cervical_cancer_real_profile_mask_epithelial_cell,human_cervical_cancer_real,Epithelial cell,"Cervical
Epithelial cell",CGCGAAGTGGCATACT-1,0.051850605310748,0.42582737689420025,1290,1492,False,False,0.029654271721449667,0.098829987577093,0.12371920913693213,0.0
human_cervical_cancer_real_profile_mask_epithelial_cell,human_cervical_cancer_real,Epithelial cell,"Cervical
Epithelial cell",GTTGGATTTGCGTTGG-1,0.05186112681179867,0.4259310015188849,1291,1491,False,False,0.08559867770301524,0.08559867770301524,0.11086965111626981,0.0
human_cervical_cancer_real_profile_mask_epithelial_cell,human_cervical_cancer_real,Epithelial cell,"Cervical
Epithelial cell",CAATCCTGCCGTGGAG-1,0.05186139168398995,0.42593361020383186,1292,1490,False,False,0.040062785074390664,0.12907506815491074,0.0873170475863621,0.0
human_cervical_cancer_real_profile_mask_epithelial_cell,human_cervical_cancer_real,Epithelial cell,"Cervical
Epithelial cell",CGCTATTCAATGTATG-1,0.05186298553538697,0.4259493077979322,1293,1489,False,False,0.18306573693823566,0.10882175435296083,0.34531032053843624,0.0
human_cervical_cancer_real_profile_mask_epithelial_cell,human_cervical_cancer_real,Epithelial cell,"Cervical
Epithelial cell",TCCCGTCGCGTCATAG-1,0.05187032164739653,0.42602156002220837,1294,1488,False,False,0.09920441974372192,0.10148409425629966,0.13144894438931598,0.0
human_cervical_cancer_real_profile_mask_epithelial_cell,human_cervical_cancer_real,Epithelial cell,"Cervical
Epithelial cell",TCAGGGTGTAACGTAA-1,0.05188022503941322,0.42611909698731365,1295,1487,False,False,0.034224076285585506,0.06851857389686158,0.1718353452598624,0.10246162526688396
human_cervical_cancer_real_profile_mask_epithelial_cell,human_cervical_cancer_real,Epithelial cell,"Cervical
Epithelial cell",GAGCATCATCCCTGGG-1,0.05190256949067952,0.42633916400675353,1296,1486,False,False,0.024213774427675416,0.11636238286737607,0.1842082471721439,0.0
human_cervical_cancer_real_profile_mask_epithelial_cell,human_cervical_cancer_real,Epithelial cell,"Cervical
Epithelial cell",CAAGCGGCACATAATT-1,0.051910751906295856,0.4264197513434057,1297,1485,False,False,0.0814604004742475,0.07875325814311201,0.4763065520001378,0.14301924928760654
human_cervical_cancer_real_profile_mask_epithelial_cell,human_cervical_cancer_real,Epithelial cell,"Cervical
Epithelial cell",AACTCAAGTTAATTGC-1,0.05191114623970779,0.4264236350717459,1298,1484,False,False,0.653616136026744,0.12053901902258264,0.11899038484089272,0.0
human_cervical_cancer_real_profile_mask_epithelial_cell,human_cervical_cancer_real,Epithelial cell,"Cervical
Epithelial cell",CACGTTCGTGCTCTAG-1,0.05191371474437884,0.4264489318740992,1299,1483,False,False,0.0817879996573214,0.0817879996573214,0.18224503487488403,0.3497082393662367
human_cervical_cancer_real_profile_mask_epithelial_cell,human_cervical_cancer_real,Epithelial cell,"Cervical
Epithelial cell",AGGATTGCTTACGACA-1,0.05191658116845699,0.4264771628382795,1300,1482,False,False,0.10562090142439058,0.17547939556102118,0.1032217446335038,0.0
human_cervical_cancer_real_profile_mask_epithelial_cell,human_cervical_cancer_real,Epithelial cell,"Cervical
Epithelial cell",CAAGATATTATAACGT-1,0.05191971350907919,0.42650801277307465,1301,1481,False,False,0.017396076840263168,0.16707904661867776,0.1319717118395715,0.27372988858143044
human_cervical_cancer_real_profile_mask_epithelial_cell,human_cervical_cancer_real,Epithelial cell,"Cervical
Epithelial cell",AGCAAAGGCCGCTAGT-1,0.05191974230756884,0.4265082964049127,1302,1480,False,False,0.15539402105847083,0.11731740595683458,0.10766814502477953,0.0
human_cervical_cancer_real_profile_mask_epithelial_cell,human_cervical_cancer_real,Epithelial cell,"Cervical
Epithelial cell",CAGATCATTTAAAGTC-1,0.0519199253299762,0.42651009896408937,1303,1479,False,False,0.11943292249666825,0.1220057345803882,0.0770092581934556,0.0
human_cervical_cancer_real_profile_mask_epithelial_cell,human_cervical_cancer_real,Epithelial cell,"Cervical
Epithelial cell",CGCATCCATCAGCCAG-1,0.051928401668967734,0.42659358110627305,1304,1478,False,False,0.8395160298595824,0.08000450116822551,0.10610965866882022,0.0
human_cervical_cancer_real_profile_mask_epithelial_cell,human_cervical_cancer_real,Epithelial cell,"Cervical
Epithelial cell",TCAAGCTGCCTTGAAA-1,0.051930611909013595,0.4266153494161475,1305,1477,False,False,0.15050292228621734,0.10753993856992607,0.1387201131921991,0.0
human_cervical_cancer_real_profile_mask_epithelial_cell,human_cervical_cancer_real,Epithelial cell,"Cervical
Epithelial cell",GGCCCGGAGCATGTCT-1,0.05194413155011469,0.42674850225510313,1306,1476,False,False,0.1350821542112716,0.1093474290839395,0.14875850036132568,0.0
human_cervical_cancer_real_profile_mask_epithelial_cell,human_cervical_cancer_real,Epithelial cell,"Cervical
Epithelial cell",TCGTCCGCTGGCGTCT-1,0.05195516039676049,0.426857123647514,1307,1475,False,False,0.18984987234461975,0.18984987234461975,0.4013955500588864,0.0
human_cervical_cancer_real_profile_mask_epithelial_cell,human_cervical_cancer_real,Epithelial cell,"Cervical
Epithelial cell",TAGATGGTTCCTTACT-1,0.05196294453342847,0.42693378839685237,1308,1474,False,False,0.1331508964010111,0.11935729757313705,0.12371404849413217,0.0
human_cervical_cancer_real_profile_mask_epithelial_cell,human_cervical_cancer_real,Epithelial cell,"Cervical
Epithelial cell",GAAGTGCTGGATAGCT-1,0.051969524978061246,0.4269985981708614,1309,1473,False,False,0.07601082291084334,0.24684832883537886,0.11188506154799266,0.09709051524054582
human_cervical_cancer_real_profile_mask_epithelial_cell,human_cervical_cancer_real,Epithelial cell,"Cervical
Epithelial cell",CGTGCCCTCCCGAAGA-1,0.051973070940479864,0.42703352180229054,1310,1472,False,False,0.12044326406338059,0.04586175232709792,0.07704787535816059,0.15421930059882977
human_cervical_cancer_real_profile_mask_epithelial_cell,human_cervical_cancer_real,Epithelial cell,"Cervical
Epithelial cell",ATTCAGGACCTATTTC-1,0.05197566157077646,0.4270590365164828,1311,1471,False,False,0.0,0.05202864764856525,0.08599810151942028,0.09320877022459342
human_cervical_cancer_real_profile_mask_epithelial_cell,human_cervical_cancer_real,Epithelial cell,"Cervical
Epithelial cell",CTCCTAAGTTATGTCT-1,0.05199149407149713,0.4272149683495071,1312,1470,False,False,0.112204927242766,0.1331508964010111,0.0,0.0
human_cervical_cancer_real_profile_mask_epithelial_cell,human_cervical_cancer_real,Epithelial cell,"Cervical
Epithelial cell",GAGATGGCTTTAATCA-1,0.05203231464920044,0.42761700385979645,1313,1469,False,False,0.15340283920204278,0.15340283920204278,0.126255386532861,0.17537989809292778
human_cervical_cancer_real_profile_mask_epithelial_cell,human_cervical_cancer_real,Epithelial cell,"Cervical
Epithelial cell",CCGCTCCAGGGCGATC-1,0.05204169763005442,0.42770941537643603,1314,1468,False,False,0.12573741440779698,0.17211482301237305,0.08448580642772065,0.0
human_cervical_cancer_real_profile_mask_epithelial_cell,human_cervical_cancer_real,Epithelial cell,"Cervical
Epithelial cell",CCATAGGTTGGCGTGG-1,0.05205844006080736,0.4278743089685885,1315,1467,False,False,0.085276140446968,0.10234950666526649,0.05587486077727051,0.09276559392206142
human_cervical_cancer_real_profile_mask_epithelial_cell,human_cervical_cancer_real,Epithelial cell,"Cervical
Epithelial cell",CAGAGTGATTTAACGT-1,0.05206129580961539,0.42790243479369666,1316,1466,False,False,0.1553023285959117,0.0946624146518675,0.2670839674615089,0.0
human_cervical_cancer_real_profile_mask_epithelial_cell,human_cervical_cancer_real,Epithelial cell,"Cervical
Epithelial cell",AATAAGTCCTCGAGAC-1,0.052068367178760316,0.4279720796067438,1317,1465,False,False,0.15909716081170502,0.28326706163296256,0.09466559584025722,0.0
human_cervical_cancer_real_profile_mask_epithelial_cell,human_cervical_cancer_real,Epithelial cell,"Cervical
Epithelial cell",CCGTAAGTTGGTCCCA-1,0.05209502973587472,0.4282346749779563,1318,1464,False,False,0.25536650030010655,0.05233090248863567,0.180851549338933,0.1838003038015689
human_cervical_cancer_real_profile_mask_epithelial_cell,human_cervical_cancer_real,Epithelial cell,"Cervical
Epithelial cell",CGTCGTCCTTCGCGAA-1,0.05210078058193763,0.4282913141648953,1319,1463,False,False,0.06986568677919666,0.12130398162869692,0.13570371804460685,0.1896929592451078
human_cervical_cancer_real_profile_mask_epithelial_cell,human_cervical_cancer_real,Epithelial cell,"Cervical
Epithelial cell",AAAGTGTGATTTATCT-1,0.05210121440203821,0.4282955867914803,1320,1462,False,False,0.11540653063380985,0.1372345131222271,0.4595662250216182,0.364204595971689
human_cervical_cancer_real_profile_mask_epithelial_cell,human_cervical_cancer_real,Epithelial cell,"Cervical
Epithelial cell",GCCTACGTTCTGTGCA-1,0.052102584903539736,0.428309084647256,1321,1461,False,False,0.12236120452092893,0.1582971116642845,0.15061520246257906,0.12712509002802816
human_cervical_cancer_real_profile_mask_epithelial_cell,human_cervical_cancer_real,Epithelial cell,"Cervical
Epithelial cell",CTTGTGCTCACCGATT-1,0.052112974907520634,0.4284114141777866,1322,1460,False,False,0.10818200824246325,0.06104624198897624,0.15421750602644552,0.0
human_cervical_cancer_real_profile_mask_epithelial_cell,human_cervical_cancer_real,Epithelial cell,"Cervical
Epithelial cell",GAAGAACGGTGCAGGT-1,0.052124901800488364,0.4285288802885138,1323,1459,False,False,0.08739860492570249,0.10201001414661041,0.10119335383236824,0.0
human_cervical_cancer_real_profile_mask_epithelial_cell,human_cervical_cancer_real,Epithelial cell,"Cervical
Epithelial cell",GCGAGAGGCCATGTAA-1,0.052126534923385696,0.42854496466150255,1324,1458,False,False,0.10298758710017157,0.10298758710017157,0.13236215513969837,0.0
human_cervical_cancer_real_profile_mask_epithelial_cell,human_cervical_cancer_real,Epithelial cell,"Cervical
Epithelial cell",TGAAACTTATGCAAGC-1,0.05213130555784595,0.42859194989707594,1325,1457,False,False,0.20876200673147716,0.048251026684690834,0.08068629461415953,0.0
human_cervical_cancer_real_profile_mask_epithelial_cell,human_cervical_cancer_real,Epithelial cell,"Cervical
Epithelial cell",TTGCACAATTCAGAAA-1,0.05213842262222322,0.4286620447553475,1326,1456,False,False,0.10533295860624155,0.1183689694731466,0.11893183090359406,0.0714375588387875
human_cervical_cancer_real_profile_mask_epithelial_cell,human_cervical_cancer_real,Epithelial cell,"Cervical
Epithelial cell",AAGGAGCGGTTGGTGC-1,0.05214106216987336,0.4286880412489339,1327,1455,False,False,0.10630727453081183,0.11706528821426083,0.042445025964093004,0.09420404088113887
human_cervical_cancer_real_profile_mask_epithelial_cell,human_cervical_cancer_real,Epithelial cell,"Cervical
Epithelial cell",GGAAAGGGAATTGAGC-1,0.05215866060488998,0.428861365493721,1328,1454,False,False,0.1417823880524184,0.1417823880524184,0.08618562417147234,0.0
human_cervical_cancer_real_profile_mask_epithelial_cell,human_cervical_cancer_real,Epithelial cell,"Cervical
Epithelial cell",GCGCTGATCCAGACTC-1,0.05216033084059303,0.42887781538495134,1329,1453,False,False,0.03724854160251858,0.06504424103890158,0.12894881231914812,0.12056043132928686
human_cervical_cancer_real_profile_mask_epithelial_cell,human_cervical_cancer_real,Epithelial cell,"Cervical
Epithelial cell",ACATCGATCGTTTACC-1,0.052166013639309096,0.4289337843841725,1330,1452,False,False,0.7471050406978534,0.1122612926728309,0.08624512535693044,0.10173995078996896
human_cervical_cancer_real_profile_mask_epithelial_cell,human_cervical_cancer_real,Epithelial cell,"Cervical
Epithelial cell",TCGGAATGACCATCAA-1,0.05217032819938064,0.42897627781414416,1331,1451,False,False,0.117725160484204,0.13582913685293513,0.14447872986454213,0.0
human_cervical_cancer_real_profile_mask_epithelial_cell,human_cervical_cancer_real,Epithelial cell,"Cervical
Epithelial cell",TCGCTTTAAACGTTTG-1,0.05217385370134177,0.4290109999337151,1332,1450,False,False,0.069299512089081,0.04033453667754916,0.09762749758620598,0.11095428080438687
human_cervical_cancer_real_profile_mask_epithelial_cell,human_cervical_cancer_real,Epithelial cell,"Cervical
Epithelial cell",CACGCAGCGAGGCTTT-1,0.05217691808623355,0.42904118058310825,1333,1449,False,False,0.12557202525818487,0.052651521436759,0.08167394677651293,0.0
human_cervical_cancer_real_profile_mask_epithelial_cell,human_cervical_cancer_real,Epithelial cell,"Cervical
Epithelial cell",CGTATTGTTTCCTAAT-1,0.05218462150541901,0.4291170503585365,1334,1448,False,False,0.10482011843042009,0.14215522084532398,0.09546664351719837,0.0
human_cervical_cancer_real_profile_mask_epithelial_cell,human_cervical_cancer_real,Epithelial cell,"Cervical
Epithelial cell",TGAGATTAGGCCCTAA-1,0.052195840346841584,0.42922754297990406,1335,1447,False,False,0.12035082035543132,0.0,0.1199060166596345,0.14054665791278492
human_cervical_cancer_real_profile_mask_epithelial_cell,human_cervical_cancer_real,Epithelial cell,"Cervical
Epithelial cell",CGATCCGACCCAGTGC-1,0.052198726423021986,0.4292559674945779,1336,1446,False,False,0.03876371441432925,0.110252696961277,0.13831462941596853,0.0
human_cervical_cancer_real_profile_mask_epithelial_cell,human_cervical_cancer_real,Epithelial cell,"Cervical
Epithelial cell",CAATATGTAGATTTAC-1,0.052203911446351774,0.42930703398156894,1337,1445,False,False,0.07036115453072159,0.11299252663684609,0.086448261242124,0.0
human_cervical_cancer_real_profile_mask_epithelial_cell,human_cervical_cancer_real,Epithelial cell,"Cervical
Epithelial cell",AGTACGGGCACCTGGC-1,0.05220984658177963,0.42936548820575254,1338,1444,False,False,0.021238581578844583,0.07983851429966049,0.11210859854468493,0.08915535915745436
human_cervical_cancer_real_profile_mask_epithelial_cell,human_cervical_cancer_real,Epithelial cell,"Cervical
Epithelial cell",CGGTCTATCAACCCGT-1,0.05222339844277373,0.4294989583734149,1339,1443,False,False,0.11045633257152984,0.16058026763619918,0.10954265275507515,0.0894024641304211
human_cervical_cancer_real_profile_mask_epithelial_cell,human_cervical_cancer_real,Epithelial cell,"Cervical
Epithelial cell",GGCAAGGCGAAATAGC-1,0.052224078051637014,0.42950565173523186,1340,1442,False,False,0.12439544810107467,0.09399087043551434,0.08946100090125375,0.46773096826440896
human_cervical_cancer_real_profile_mask_epithelial_cell,human_cervical_cancer_real,Epithelial cell,"Cervical
Epithelial cell",CGATGGACCCTACGCC-1,0.052226176263032914,0.429526316692386,1341,1441,False,False,0.18662075048349983,0.11445160115479408,0.10192373172810366,0.14319731578269582
human_cervical_cancer_real_profile_mask_epithelial_cell,human_cervical_cancer_real,Epithelial cell,"Cervical
Epithelial cell",TGCAGGATCGGCAAAG-1,0.05223584305075094,0.42962152337861476,1342,1440,False,False,0.12588877408748547,0.10280954251112598,0.2138509321752733,0.07437934257304923
human_cervical_cancer_real_profile_mask_epithelial_cell,human_cervical_cancer_real,Epithelial cell,"Cervical
Epithelial cell",GCTAAGTAGTTTCTCT-1,0.05224710465708458,0.429732437184929,1343,1439,False,False,0.21893508200470607,0.17191799008915692,0.11997211290712391,0.12008162965388171
human_cervical_cancer_real_profile_mask_epithelial_cell,human_cervical_cancer_real,Epithelial cell,"Cervical
Epithelial cell",CCTAGTTAGTCGCATG-1,0.052259368822312316,0.4298532250376008,1344,1438,False,False,0.04798105478103799,0.057459072476174836,0.5271221661760687,0.0
human_cervical_cancer_real_profile_mask_epithelial_cell,human_cervical_cancer_real,Epithelial cell,"Cervical
Epithelial cell",CACCGATACACCGAGC-1,0.052267280984051985,0.429931150685925,1345,1437,False,False,0.15694027040536057,0.0963464918440715,0.225482486212731,0.0
human_cervical_cancer_real_profile_mask_epithelial_cell,human_cervical_cancer_real,Epithelial cell,"Cervical
Epithelial cell",ACCGATGGTAGCATCG-1,0.052270956116794394,0.4299673464957495,1346,1436,False,False,0.054816675554139334,0.1554508769614271,0.08683657413313134,0.5339497078420763
human_cervical_cancer_real_profile_mask_epithelial_cell,human_cervical_cancer_real,Epithelial cell,"Cervical
Epithelial cell",GCAGCGGTGGGCATTA-1,0.0522869147429644,0.4301245205186751,1347,1435,False,False,0.16445445883246973,0.1962226226062869,0.10557745008110651,0.0
human_cervical_cancer_real_profile_mask_epithelial_cell,human_cervical_cancer_real,Epithelial cell,"Cervical
Epithelial cell",TCTAGTTATCAGAAGA-1,0.052288240064546174,0.4301375734044598,1348,1434,False,False,0.9289726159266856,0.15378192532891538,0.08588289583477467,0.10502257557396762
human_cervical_cancer_real_profile_mask_epithelial_cell,human_cervical_cancer_real,Epithelial cell,"Cervical
Epithelial cell",GGATGTCCTTACCGCA-1,0.052302098649507335,0.4302740644486886,1349,1433,False,False,0.06092204883103542,0.1100342382422535,0.25971101360874616,0.0
human_cervical_cancer_real_profile_mask_epithelial_cell,human_cervical_cancer_real,Epithelial cell,"Cervical
Epithelial cell",AAGACTGCAAGCTACT-1,0.05231671687405771,0.43041803706488596,1350,1432,False,False,0.11634358797811042,0.09766199651052491,0.15408073014165438,0.16642324501420624
human_cervical_cancer_real_profile_mask_epithelial_cell,human_cervical_cancer_real,Epithelial cell,"Cervical
Epithelial cell",CGCTATTCTTAGGCTC-1,0.052342567851539366,0.43067263931473293,1351,1431,False,False,0.03825116565711633,0.11221440501731582,0.1501122072555015,0.056589960559685286
human_cervical_cancer_real_profile_mask_epithelial_cell,human_cervical_cancer_real,Epithelial cell,"Cervical
Epithelial cell",GATTCCGCGTTTCCGT-1,0.052350732965065455,0.4307530562457938,1352,1430,False,False,0.07882555902723466,0.15141892503534174,0.08641534278411188,0.12314103286852499
human_cervical_cancer_real_profile_mask_epithelial_cell,human_cervical_cancer_real,Epithelial cell,"Cervical
Epithelial cell",CAGTACATTCTCTAAA-1,0.05235590405385081,0.4308039854936276,1353,1429,False,False,0.12211470553318667,0.138676283367108,0.1298017146696126,0.0
human_cervical_cancer_real_profile_mask_epithelial_cell,human_cervical_cancer_real,Epithelial cell,"Cervical
Epithelial cell",GTTCGTCTGGGTCCCT-1,0.05235791914655447,0.4308238318277311,1354,1428,False,False,0.10979779653610683,0.11477929796001726,0.16919144271063877,0.0
human_cervical_cancer_real_profile_mask_epithelial_cell,human_cervical_cancer_real,Epithelial cell,"Cervical
Epithelial cell",ATGCCATTTGCGACCA-1,0.05238570040744161,0.4310974451381163,1355,1427,False,False,0.10869225994503107,0.18127666989419458,0.10412649293685043,0.36753965124461174
human_cervical_cancer_real_profile_mask_epithelial_cell,human_cervical_cancer_real,Epithelial cell,"Cervical
Epithelial cell",AGTCAACACCACCATC-1,0.052389101513706,0.4311309421038499,1356,1426,False,False,0.07579827281954309,0.13300281112855697,0.0947075334082129,0.0
human_cervical_cancer_real_profile_mask_epithelial_cell,human_cervical_cancer_real,Epithelial cell,"Cervical
Epithelial cell",GAGACTGATGGGTAGA-1,0.052434579733088835,0.43157885000141855,1357,1425,False,False,0.06963607473454209,0.11592678394138908,0.10727916035924263,0.0748863101584274
human_cervical_cancer_real_profile_mask_epithelial_cell,human_cervical_cancer_real,Epithelial cell,"Cervical
Epithelial cell",AAACGGGTTGGTATCC-1,0.05243701708141235,0.431602855065338,1358,1424,False,False,0.08751159523128585,0.09121804604617341,0.06877700552790288,0.0
human_cervical_cancer_real_profile_mask_epithelial_cell,human_cervical_cancer_real,Epithelial cell,"Cervical
Epithelial cell",GAAGGGTCATTAAGAC-1,0.05245859732764734,0.43181539554848136,1359,1423,False,False,0.39653841434602644,0.1947511258921242,0.11250162889403865,0.0
human_cervical_cancer_real_profile_mask_epithelial_cell,human_cervical_cancer_real,Epithelial cell,"Cervical
Epithelial cell",AGTTGACATCGGCTGG-1,0.052466580354190974,0.4318940191332197,1360,1422,False,False,0.0,0.06018027147857583,0.08754459991805226,0.0
human_cervical_cancer_real_profile_mask_epithelial_cell,human_cervical_cancer_real,Epithelial cell,"Cervical
Epithelial cell",AGGTTACACCATGCCG-1,0.052474798453008745,0.43197495790816365,1361,1421,False,False,0.016935966794193333,0.08401987575777133,0.08476310745849439,0.0
human_cervical_cancer_real_profile_mask_epithelial_cell,human_cervical_cancer_real,Epithelial cell,"Cervical
Epithelial cell",CAATTAAGGGTGATGA-1,0.05250572400862228,0.4322795388874539,1362,1420,False,False,0.14071503749189074,0.25919773602107915,0.08137372230324645,0.11415402253047167
human_cervical_cancer_real_profile_mask_epithelial_cell,human_cervical_cancer_real,Epithelial cell,"Cervical
Epithelial cell",TGTGGCGGGCTTCTGG-1,0.05250613620833719,0.4322835985782287,1363,1419,False,False,0.10979699303631577,0.12903432485507776,0.13057527046199602,0.0
human_cervical_cancer_real_profile_mask_epithelial_cell,human_cervical_cancer_real,Epithelial cell,"Cervical
Epithelial cell",TCGTGTACTATGGATG-1,0.0525062914801328,0.4322851278259536,1364,1418,False,False,0.04114539403367833,0.11934923506108358,0.11327900504042852,0.16019745941772198
human_cervical_cancer_real_profile_mask_epithelial_cell,human_cervical_cancer_real,Epithelial cell,"Cervical
Epithelial cell",ACTCTTGTATAGTAAC-1,0.05250742881201449,0.4322963292304694,1365,1417,False,False,0.13734521148856865,0.07263512937642684,0.07762352981738506,0.15310530548724083
human_cervical_cancer_real_profile_mask_epithelial_cell,human_cervical_cancer_real,Epithelial cell,"Cervical
Epithelial cell",GACACGAGTTAGAGGA-1,0.052508833990055646,0.43231016861008154,1366,1416,False,False,0.07115797601744574,0.13962764528808932,0.15986900842821877,0.0
human_cervical_cancer_real_profile_mask_epithelial_cell,human_cervical_cancer_real,Epithelial cell,"Cervical
Epithelial cell",ATTTAACTCGTATTAC-1,0.05251224803315988,0.4323437929887353,1367,1415,False,False,0.09305909024127776,0.14204388063867493,0.29224348553313095,0.0
human_cervical_cancer_real_profile_mask_epithelial_cell,human_cervical_cancer_real,Epithelial cell,"Cervical
Epithelial cell",ATTACGACTCCACAGT-1,0.05252864825691643,0.43250531623749344,1368,1414,False,False,0.17874092377140663,0.019491580642493168,0.08748239119383568,0.0
human_cervical_cancer_real_profile_mask_epithelial_cell,human_cervical_cancer_real,Epithelial cell,"Cervical
Epithelial cell",TGGCCAAACTGAAGTA-1,0.052528681441959095,0.4325056430718087,1369,1413,False,False,0.13095543428624834,0.16684427752832667,0.39908190457515474,0.17759848342030868
human_cervical_cancer_real_profile_mask_epithelial_cell,human_cervical_cancer_real,Epithelial cell,"Cervical
Epithelial cell",GACACTGGAACCCGAT-1,0.05253627764290647,0.4325804568715137,1370,1412,False,False,0.12065577452017617,0.807386478430452,0.17147800640622662,0.0
human_cervical_cancer_real_profile_mask_epithelial_cell,human_cervical_cancer_real,Epithelial cell,"Cervical
Epithelial cell",TTGCTGGCCGGGCTTC-1,0.052568144667356945,0.43289431023070585,1371,1411,False,False,0.1732082034205971,0.08868861571488516,0.08531978579103637,0.0
human_cervical_cancer_real_profile_mask_epithelial_cell,human_cervical_cancer_real,Epithelial cell,"Cervical
Epithelial cell",TGACTATAATCCTTTC-1,0.052575418977449516,0.43296595377752983,1372,1410,False,False,0.15556294620822494,0.13776621373313158,0.0,0.10110088421112431
human_cervical_cancer_real_profile_mask_epithelial_cell,human_cervical_cancer_real,Epithelial cell,"Cervical
Epithelial cell",GACTCGCGGGAATGAC-1,0.05258125603732457,0.4330234420708733,1373,1409,False,False,0.12774013090184766,0.12368112640961208,0.3493140498756468,0.21720746666130916
human_cervical_cancer_real_profile_mask_epithelial_cell,human_cervical_cancer_real,Epithelial cell,"Cervical
Epithelial cell",ACAACAGCATGAGCTA-1,0.052581423352881886,0.4330250899357309,1374,1408,False,False,0.06419043880981158,0.14402842881053776,0.04473817935111509,0.11021899575963273
human_cervical_cancer_real_profile_mask_epithelial_cell,human_cervical_cancer_real,Epithelial cell,"Cervical
Epithelial cell",TAATAGTGACGACCAG-1,0.052586635661828265,0.4330764251545089,1375,1407,False,False,0.04374113564446,0.09089729834307025,0.3997613296958803,0.20647829874548676
human_cervical_cancer_real_profile_mask_epithelial_cell,human_cervical_cancer_real,Epithelial cell,"Cervical
Epithelial cell",GGTTTAGCCTTTCTTG-1,0.05259581895521099,0.4331668699803537,1376,1406,False,False,0.193045460015454,0.1519552085895162,0.046413462087403795,0.0
human_cervical_cancer_real_profile_mask_epithelial_cell,human_cervical_cancer_real,Epithelial cell,"Cervical
Epithelial cell",AGAGAACCGTCTAGGA-1,0.052595949388621895,0.43316815459869723,1377,1405,False,False,0.6781307797124625,0.11317669154530051,0.09484294964021167,0.13700317735164577
human_cervical_cancer_real_profile_mask_epithelial_cell,human_cervical_cancer_real,Epithelial cell,"Cervical
Epithelial cell",GTGCCCGTTCGGATTC-1,0.052596524085508904,0.43317381469880434,1378,1404,False,False,0.14368272945475877,0.11968060883710016,0.09543351558774897,0.45236733106437543
human_cervical_cancer_real_profile_mask_epithelial_cell,human_cervical_cancer_real,Epithelial cell,"Cervical
Epithelial cell",AACTTTCTCGATCATG-1,0.05261266604924188,0.4333327943848251,1379,1403,False,False,0.1474283063067369,0.10172292578402543,0.33378223311441685,0.0
human_cervical_cancer_real_profile_mask_epithelial_cell,human_cervical_cancer_real,Epithelial cell,"Cervical
Epithelial cell",GTTCGCCATAAGTGCC-1,0.052613709087395814,0.43334306710510645,1380,1402,False,False,0.12060360606109778,0.08117751470572916,0.07913014977371283,0.112251797505125
human_cervical_cancer_real_profile_mask_epithelial_cell,human_cervical_cancer_real,Epithelial cell,"Cervical
Epithelial cell",GCTAGGCACCACGGAG-1,0.05261382812826876,0.43334423952011847,1381,1401,False,False,0.22641491752307724,0.1396840423501894,0.09732134037606052,0.27163502201108936
human_cervical_cancer_real_profile_mask_epithelial_cell,human_cervical_cancer_real,Epithelial cell,"Cervical
Epithelial cell",GTGTACCTTGGCTACG-1,0.05261804543589855,0.4333857751259424,1382,1400,False,False,0.1503517999408876,0.1503517999408876,0.6260351358264773,0.12380270606267436
human_cervical_cancer_real_profile_mask_epithelial_cell,human_cervical_cancer_real,Epithelial cell,"Cervical
Epithelial cell",CCAATTGAATGTTAAT-1,0.05261958679529835,0.4334009557345399,1383,1399,False,False,0.05114532993395634,0.06977360735461326,0.14025853484686904,0.06726842204214609
human_cervical_cancer_real_profile_mask_epithelial_cell,human_cervical_cancer_real,Epithelial cell,"Cervical
Epithelial cell",TTAAGGATACGGAGGT-1,0.052636750815646054,0.4335700014969311,1384,1398,False,False,0.04068538576448608,0.212298591599617,0.09426724944095013,0.0
human_cervical_cancer_real_profile_mask_epithelial_cell,human_cervical_cancer_real,Epithelial cell,"Cervical
Epithelial cell",TTGAACGACGTGCTGA-1,0.052641499416950295,0.4336167697313835,1385,1397,False,False,0.04298072940546008,0.0969580325256245,0.1646952619279852,0.0
human_cervical_cancer_real_profile_mask_epithelial_cell,human_cervical_cancer_real,Epithelial cell,"Cervical
Epithelial cell",TGAGATCAAATACTCA-1,0.05264519782269269,0.4336531947533591,1386,1396,False,False,0.10793102700851814,0.08291859350325918,0.10267680762854328,0.0
human_cervical_cancer_real_profile_mask_epithelial_cell,human_cervical_cancer_real,Epithelial cell,"Cervical
Epithelial cell",GCTCATTACTGCATGT-1,0.05265456315541232,0.43374543245627295,1387,1395,False,False,0.0916474227596885,0.17510882769375868,0.35603003462093086,0.23750319651711901
human_cervical_cancer_real_profile_mask_epithelial_cell,human_cervical_cancer_real,Epithelial cell,"Cervical
Epithelial cell",ACGATGCATATGTTAT-1,0.052663538310302384,0.43383382735852977,1388,1394,False,False,0.1134386012765364,0.1664789797681685,0.19213561825939396,0.0
human_cervical_cancer_real_profile_mask_epithelial_cell,human_cervical_cancer_real,Epithelial cell,"Cervical
Epithelial cell",CGTCTTGAGTGTGACG-1,0.052667035208053097,0.43386826775968856,1389,1393,False,False,0.10036694846607566,0.0955775390840755,0.1621060003894315,0.0
human_cervical_cancer_real_profile_mask_epithelial_cell,human_cervical_cancer_real,Epithelial cell,"Cervical
Epithelial cell",TTCATGGCGCAACAGG-1,0.052713857974969525,0.43432941789644613,1390,1392,False,False,0.06405752027845717,0.12681425187380585,0.11250636498728787,0.15124669634339494
human_cervical_cancer_real_profile_mask_epithelial_cell,human_cervical_cancer_real,Epithelial cell,"Cervical
Epithelial cell",CCTCTAATCTGCCAAG-1,0.05273717501009063,0.4345590637427514,1391,1391,False,False,0.1492283981277711,0.12195438664530646,0.19037587560462424,0.09165051404855189
human_cervical_cancer_real_profile_mask_epithelial_cell,human_cervical_cancer_real,Epithelial cell,"Cervical
Epithelial cell",GTATCAAACGTTAGCT-1,0.05274327809413174,0.434619172066662,1392,1390,False,False,0.10244177207596117,0.16148921997709356,0.15295219847376376,0.0
human_cervical_cancer_real_profile_mask_epithelial_cell,human_cervical_cancer_real,Epithelial cell,"Cervical
Epithelial cell",CCGGAATGGTTTCAGT-1,0.05274347216644595,0.4346210834546497,1393,1389,False,False,0.5491998051302784,0.0999756089973675,0.09403840337522391,0.0
human_cervical_cancer_real_profile_mask_epithelial_cell,human_cervical_cancer_real,Epithelial cell,"Cervical
Epithelial cell",TTACTGTCTAGAGCTC-1,0.052749136020261,0.4346768658684923,1394,1388,False,False,0.20556435691096234,0.07646939241647699,0.12016726021561568,0.0
human_cervical_cancer_real_profile_mask_epithelial_cell,human_cervical_cancer_real,Epithelial cell,"Cervical
Epithelial cell",GTCTTGTAGCTATTCA-1,0.05274951699800547,0.4346806180589444,1395,1387,False,False,0.08888777780953484,0.08942497180229075,0.3872759116529839,0.0
human_cervical_cancer_real_profile_mask_epithelial_cell,human_cervical_cancer_real,Epithelial cell,"Cervical
Epithelial cell",TGGAGTGATGCGATGA-1,0.05276402654203467,0.4348235202976203,1396,1386,False,False,0.0189698999535405,0.057230659592445755,0.04200585418909042,0.0
human_cervical_cancer_real_profile_mask_epithelial_cell,human_cervical_cancer_real,Epithelial cell,"Cervical
Epithelial cell",TACGAGAACTTCACGT-1,0.05276916355876488,0.43487411397509107,1397,1385,False,False,0.08305853711556907,0.09177144177267234,0.775524914764845,0.0
human_cervical_cancer_real_profile_mask_epithelial_cell,human_cervical_cancer_real,Epithelial cell,"Cervical
Epithelial cell",GAGTATGCCCGCCTTG-1,0.05277069513158345,0.4348891981971747,1398,1384,False,False,0.18843180248214794,0.09085986067351202,0.11108190858267505,0.0
human_cervical_cancer_real_profile_mask_epithelial_cell,human_cervical_cancer_real,Epithelial cell,"Cervical
Epithelial cell",TCTACCGTCCACAAGC-1,0.05278777077866151,0.435057373585001,1399,1383,False,False,0.10006379795086975,0.16002236626022723,0.09612973327526798,0.09068436367797199
human_cervical_cancer_real_profile_mask_epithelial_cell,human_cervical_cancer_real,Epithelial cell,"Cervical
Epithelial cell",GAGACTTCGCGACCGA-1,0.052793935182368856,0.4351180858367512,1400,1382,False,False,0.14062156074985943,0.20684647991046423,0.3657804123287536,0.0
human_cervical_cancer_real_profile_mask_epithelial_cell,human_cervical_cancer_real,Epithelial cell,"Cervical
Epithelial cell",CGAGAGGGTAGCCGCG-1,0.05279570072064513,0.43513547434817784,1401,1381,False,False,0.2894814423872706,0.07596470764044974,0.1712091124103486,0.0
human_cervical_cancer_real_profile_mask_epithelial_cell,human_cervical_cancer_real,Epithelial cell,"Cervical
Epithelial cell",GTCTAGTGAGCCGCTT-1,0.05280537600108218,0.43523076467787314,1402,1380,False,False,0.06949856176483825,0.11041313589428307,0.09268600893263318,0.0
human_cervical_cancer_real_profile_mask_epithelial_cell,human_cervical_cancer_real,Epithelial cell,"Cervical
Epithelial cell",ATGAAGCCAAGGAGCC-1,0.05281741292786123,0.4353493144944658,1403,1379,False,False,0.16990192058972914,0.09012858455888224,0.1789692512985046,0.08688759102037572
human_cervical_cancer_real_profile_mask_epithelial_cell,human_cervical_cancer_real,Epithelial cell,"Cervical
Epithelial cell",GAGATCTGTCACTCCG-1,0.05281906335863931,0.43536556933007553,1404,1378,False,False,0.0842193032247345,0.2077079841576094,0.20111606628087692,0.13275576571756412
human_cervical_cancer_real_profile_mask_epithelial_cell,human_cervical_cancer_real,Epithelial cell,"Cervical
Epithelial cell",CGCGGGAATTAGGCAG-1,0.05282408126481339,0.43541498990623545,1405,1377,False,False,0.12159476802681674,0.05117669701487325,0.08257793592345783,0.10090104610910003
human_cervical_cancer_real_profile_mask_epithelial_cell,human_cervical_cancer_real,Epithelial cell,"Cervical
Epithelial cell",GATCCGGGAATTAACA-1,0.05282971522169786,0.4354704778698665,1406,1376,False,False,0.112816782467237,0.24594134322716854,0.08919179077218688,0.2092841333213679
human_cervical_cancer_real_profile_mask_epithelial_cell,human_cervical_cancer_real,Epithelial cell,"Cervical
Epithelial cell",GCGAAGAATCTGACGG-1,0.05283545673702731,0.4355270251598653,1407,1375,False,False,0.12375215816614217,0.14190509653338498,0.142057094251062,0.12379169053821365
human_cervical_cancer_real_profile_mask_epithelial_cell,human_cervical_cancer_real,Epithelial cell,"Cervical
Epithelial cell",AATATCGAATCAATGC-1,0.05283849450622381,0.43555694367542214,1408,1374,False,False,0.06925871038292433,0.21062082677811972,0.10809270826201134,0.0
human_cervical_cancer_real_profile_mask_epithelial_cell,human_cervical_cancer_real,Epithelial cell,"Cervical
Epithelial cell",GCGCGTCATTGGTACA-1,0.05283923269505,0.4355642139821675,1409,1373,False,False,0.7646788220417935,0.1745039919078933,0.2902442087768555,0.30255193087983706
human_cervical_cancer_real_profile_mask_epithelial_cell,human_cervical_cancer_real,Epithelial cell,"Cervical
Epithelial cell",CCTCATGCAGCTACGA-1,0.052850675824107754,0.43567691557751187,1410,1372,False,False,0.14403461057326616,0.2150689489431032,0.08769421213956102,0.0
human_cervical_cancer_real_profile_mask_epithelial_cell,human_cervical_cancer_real,Epithelial cell,"Cervical
Epithelial cell",ACGGCGGGTTGCCCTG-1,0.052855819959710164,0.43572757936764595,1411,1371,False,False,0.11191109873031299,0.076753063583625,0.3164970104171322,0.0
human_cervical_cancer_real_profile_mask_epithelial_cell,human_cervical_cancer_real,Epithelial cell,"Cervical
Epithelial cell",CCTCGAAGTGGACGGG-1,0.05286539916881268,0.43582192350573457,1412,1370,False,False,0.12102405517568515,0.12142755549702251,0.0538326866132985,0.09988763526591131
human_cervical_cancer_real_profile_mask_epithelial_cell,human_cervical_cancer_real,Epithelial cell,"Cervical
Epithelial cell",AGCAGTCGAAGCATGC-1,0.05286774498924348,0.43584502712569795,1413,1369,False,False,0.046653365864367836,0.15741758081948748,0.12349075856152537,0.0
human_cervical_cancer_real_profile_mask_epithelial_cell,human_cervical_cancer_real,Epithelial cell,"Cervical
Epithelial cell",ACGATCATACATAGAG-1,0.05286949768392704,0.4358622891425809,1414,1368,False,False,0.17791587686184454,0.10466903983531207,0.28384024105983535,0.1030586488471918
human_cervical_cancer_real_profile_mask_epithelial_cell,human_cervical_cancer_real,Epithelial cell,"Cervical
Epithelial cell",GCAAACCCTACATTAT-1,0.052871464750458716,0.4358816624743986,1415,1367,False,False,0.10491883976777233,0.7299087229688423,0.2399615535772353,0.12216941413791886
human_cervical_cancer_real_profile_mask_epithelial_cell,human_cervical_cancer_real,Epithelial cell,"Cervical
Epithelial cell",TATCCATATCATGCGA-1,0.05287346586823209,0.43590137117159083,1416,1366,False,False,0.10977036128008483,0.08397737267104127,0.0488278084328523,0.0
human_cervical_cancer_real_profile_mask_epithelial_cell,human_cervical_cancer_real,Epithelial cell,"Cervical
Epithelial cell",AGTCACTCCGCCTCAT-1,0.052875288166268165,0.4359193187010491,1417,1365,False,False,0.4404432345639343,0.17993320323424503,0.08782256701064191,0.0
human_cervical_cancer_real_profile_mask_epithelial_cell,human_cervical_cancer_real,Epithelial cell,"Cervical
Epithelial cell",TCGCACCAGGAGGCAG-1,0.05287676325959294,0.43593384666539736,1418,1364,False,False,0.23148771755385097,0.1284000746630452,0.10652161919043819,0.29724330143657096
human_cervical_cancer_real_profile_mask_epithelial_cell,human_cervical_cancer_real,Epithelial cell,"Cervical
Epithelial cell",GCAACAGCAGTATGCG-1,0.05288395632183999,0.43600469001484854,1419,1363,False,False,0.667664326560644,0.06692037831460582,0.0,0.0
human_cervical_cancer_real_profile_mask_epithelial_cell,human_cervical_cancer_real,Epithelial cell,"Cervical
Epithelial cell",ACCGCAATAACTGCCT-1,0.05288638569730088,0.43602861655528613,1420,1362,False,False,0.08729383664920874,0.08729383664920874,0.8432701009120877,0.3774654299801695
human_cervical_cancer_real_profile_mask_epithelial_cell,human_cervical_cancer_real,Epithelial cell,"Cervical
Epithelial cell",CAGGCCGTTTGGGTGT-1,0.05288928699307148,0.43605719096533274,1421,1361,False,False,0.33429479911158116,0.1354601310459369,0.06220120683034491,0.0
human_cervical_cancer_real_profile_mask_epithelial_cell,human_cervical_cancer_real,Epithelial cell,"Cervical
Epithelial cell",TTCTGCGGGTTAGCGG-1,0.05290382863230596,0.4362004093046852,1422,1360,False,False,0.13239728179866878,0.10628770219456059,0.08145180453083546,0.41516093170972057
human_cervical_cancer_real_profile_mask_epithelial_cell,human_cervical_cancer_real,Epithelial cell,"Cervical
Epithelial cell",TGGCAATGGGACGGCG-1,0.05290798604460925,0.43624135501076966,1423,1359,False,False,0.16717314865481125,0.11593848188302384,0.20447976876756416,0.0
human_cervical_cancer_real_profile_mask_epithelial_cell,human_cervical_cancer_real,Epithelial cell,"Cervical
Epithelial cell",CGATAGTCGTACTGCA-1,0.052924011801512426,0.4363991901938278,1424,1358,False,False,0.1333797584332084,0.12769201022664825,0.11171159057494992,0.0
human_cervical_cancer_real_profile_mask_epithelial_cell,human_cervical_cancer_real,Epithelial cell,"Cervical
Epithelial cell",TTGTTGTGTGTCAAGA-1,0.052930475023122224,0.43646284545654584,1425,1357,False,False,0.12681425187380585,0.048268946205899506,0.10864557054893534,0.1237133859913669
human_cervical_cancer_real_profile_mask_epithelial_cell,human_cervical_cancer_real,Epithelial cell,"Cervical
Epithelial cell",CGTTGTCGGCAATTGA-1,0.05293652484579628,0.43652242921754997,1426,1356,False,False,0.09167717464635826,0.09167717464635826,0.10969842182536366,0.0
human_cervical_cancer_real_profile_mask_epithelial_cell,human_cervical_cancer_real,Epithelial cell,"Cervical
Epithelial cell",TTGCGTGAACGCTTAG-1,0.05294626648362586,0.4366183730908664,1427,1355,False,False,0.2079632539518904,0.14585502766525682,0.13664803635872336,0.15715990797361343
human_cervical_cancer_real_profile_mask_epithelial_cell,human_cervical_cancer_real,Epithelial cell,"Cervical
Epithelial cell",ATAGAGTACTGGGACA-1,0.052952699825315246,0.4366817340709034,1428,1354,False,False,0.5505420318691268,0.289712248233483,0.15486816911816645,0.10871633226253104
human_cervical_cancer_real_profile_mask_epithelial_cell,human_cervical_cancer_real,Epithelial cell,"Cervical
Epithelial cell",TCTCCAACGTAGGTTA-1,0.0529533072646087,0.4366877166458706,1429,1353,False,False,0.028851088763967834,0.071181846860125,0.13258633885512403,0.07920375028559869
human_cervical_cancer_real_profile_mask_epithelial_cell,human_cervical_cancer_real,Epithelial cell,"Cervical
Epithelial cell",TAGGTGAGCCCTACTC-1,0.05295859913245179,0.43673983542782757,1430,1352,False,False,0.1605837334929229,0.1414116356031188,0.1493674381488794,0.0
human_cervical_cancer_real_profile_mask_epithelial_cell,human_cervical_cancer_real,Epithelial cell,"Cervical
Epithelial cell",CCCAGGTCTGAAGGCT-1,0.05296141005965455,0.43676751981192824,1431,1351,False,False,0.0,0.16040425453011065,0.1420744413064894,0.0
human_cervical_cancer_real_profile_mask_epithelial_cell,human_cervical_cancer_real,Epithelial cell,"Cervical
Epithelial cell",GCTGAACTCTCCAGGG-1,0.052965651255920135,0.43680929069320446,1432,1350,False,False,0.16700062285820375,0.07648967848500775,0.12530050870081932,0.0
human_cervical_cancer_real_profile_mask_epithelial_cell,human_cervical_cancer_real,Epithelial cell,"Cervical
Epithelial cell",CGAGTTTATCGGACTG-1,0.0529668280811781,0.4368208810618304,1433,1349,False,False,0.17634689909229057,0.04496260981172367,0.06531663259185573,0.5086218359587736
human_cervical_cancer_real_profile_mask_epithelial_cell,human_cervical_cancer_real,Epithelial cell,"Cervical
Epithelial cell",GGTGGACTGCTCTGGC-1,0.052975204578294084,0.43690337987693634,1434,1348,False,False,0.1596602801121765,0.1279918204051251,0.11355348189742859,0.33786550473331634
human_cervical_cancer_real_profile_mask_epithelial_cell,human_cervical_cancer_real,Epithelial cell,"Cervical
Epithelial cell",GGCACTCCACTGGGCA-1,0.05298594422346371,0.43700915296906356,1435,1347,False,False,0.08799519429290008,0.07704700411621732,0.09572156146146008,0.0
human_cervical_cancer_real_profile_mask_epithelial_cell,human_cervical_cancer_real,Epithelial cell,"Cervical
Epithelial cell",GATGGTGCCCTAGGCA-1,0.05300018206401601,0.43714937924252456,1436,1346,False,False,0.04061440711032967,0.14556537827223645,0.1024144728414763,0.0
human_cervical_cancer_real_profile_mask_epithelial_cell,human_cervical_cancer_real,Epithelial cell,"Cervical
Epithelial cell",GTATTAAGGCGTCTAA-1,0.05300036120812264,0.4371511436049216,1437,1345,False,False,0.1366901160997745,0.11456761863509775,0.05428573598212538,0.0
human_cervical_cancer_real_profile_mask_epithelial_cell,human_cervical_cancer_real,Epithelial cell,"Cervical
Epithelial cell",AACCGAGCTTGGTCAT-1,0.05300258973926833,0.43717309206098864,1438,1344,False,False,0.10064596057158325,0.16068625855474955,0.22718668965696587,0.08894630806232813
human_cervical_cancer_real_profile_mask_epithelial_cell,human_cervical_cancer_real,Epithelial cell,"Cervical
Epithelial cell",GCACAAGTGTCGGAAG-1,0.05300901479467657,0.4372363714307335,1439,1343,False,False,0.11098277920302059,0.09055889290820467,0.13591892105189685,0.0
human_cervical_cancer_real_profile_mask_epithelial_cell,human_cervical_cancer_real,Epithelial cell,"Cervical
Epithelial cell",TATAAGTGAGGATAGC-1,0.05302305555502564,0.4373746566919765,1440,1342,False,False,0.027799922522537,0.05667907843590733,0.5318949200488963,0.0
human_cervical_cancer_real_profile_mask_epithelial_cell,human_cervical_cancer_real,Epithelial cell,"Cervical
Epithelial cell",CGACTTTGTATAGCCT-1,0.05304528282172199,0.43759356957884327,1441,1341,False,False,0.6336522578363329,0.1488092634819166,0.12371782669758237,0.0
human_cervical_cancer_real_profile_mask_epithelial_cell,human_cervical_cancer_real,Epithelial cell,"Cervical
Epithelial cell",CTTAGGTCCCAATCGT-1,0.053071544848499554,0.43785222018916753,1442,1340,False,False,0.12683680002327052,0.2312109909374274,0.09423657134950962,0.0
human_cervical_cancer_real_profile_mask_epithelial_cell,human_cervical_cancer_real,Epithelial cell,"Cervical
Epithelial cell",TCTTCCCATGGGCACA-1,0.053085209966806754,0.437986805810462,1443,1339,False,False,0.11782871907666576,0.15104997258991096,0.09204361862086198,0.0
human_cervical_cancer_real_profile_mask_epithelial_cell,human_cervical_cancer_real,Epithelial cell,"Cervical
Epithelial cell",ATCGCTTTACGTCTCA-1,0.05308713874570159,0.43800580205330936,1444,1338,False,False,0.06825672396006592,0.16700062285820375,0.1556116614529181,0.0
human_cervical_cancer_real_profile_mask_epithelial_cell,human_cervical_cancer_real,Epithelial cell,"Cervical
Epithelial cell",GGAAAGTGCCCATGCC-1,0.05310545391800188,0.43818618533194154,1445,1337,False,False,0.0,0.07767738663921508,0.07907510806080537,0.13369489757859504
human_cervical_cancer_real_profile_mask_epithelial_cell,human_cervical_cancer_real,Epithelial cell,"Cervical
Epithelial cell",ACTCTCTGACTTAGGT-1,0.053131095666156015,0.43843872691473795,1446,1336,False,False,0.08761938619509275,0.12484327486274775,0.11595383724563059,0.09446432443634722
human_cervical_cancer_real_profile_mask_epithelial_cell,human_cervical_cancer_real,Epithelial cell,"Cervical
Epithelial cell",TTGATGTGTAGTCCCG-1,0.05313626293288138,0.43848961851969837,1447,1335,False,False,0.039152348920541084,0.11316919874608608,0.42174275559546737,0.08668584929731317
human_cervical_cancer_real_profile_mask_epithelial_cell,human_cervical_cancer_real,Epithelial cell,"Cervical
Epithelial cell",TATGGCCCGGCCTCGC-1,0.0531385879720981,0.43851251746872183,1448,1334,False,False,0.12142755549702251,0.09933305578572052,0.06950811374332407,0.0
human_cervical_cancer_real_profile_mask_epithelial_cell,human_cervical_cancer_real,Epithelial cell,"Cervical
Epithelial cell",GGGCTCATCGAACCCA-1,0.053145370187107056,0.4385793144477317,1449,1333,False,False,0.10500679238428959,0.1203682536096625,0.109755994187306,0.2088906713212495
human_cervical_cancer_real_profile_mask_epithelial_cell,human_cervical_cancer_real,Epithelial cell,"Cervical
Epithelial cell",TCGCATTCAATGACTT-1,0.05314934187358174,0.4386184309690647,1450,1332,False,False,0.01505735617954425,0.13239728179866878,0.07210161202000992,0.0
human_cervical_cancer_real_profile_mask_epithelial_cell,human_cervical_cancer_real,Epithelial cell,"Cervical
Epithelial cell",GTTCACAGGAGTCTAG-1,0.053158390623130124,0.4387075506936459,1451,1331,False,False,0.22812160617090624,0.1070192469485995,0.06108627138774787,0.0
human_cervical_cancer_real_profile_mask_epithelial_cell,human_cervical_cancer_real,Epithelial cell,"Cervical
Epithelial cell",GGACCAACAGGATAAC-1,0.05316530683149178,0.43877566735231144,1452,1330,False,False,0.17571338647656473,0.1488091370095299,0.049668278869100996,0.07392277918131035
human_cervical_cancer_real_profile_mask_epithelial_cell,human_cervical_cancer_real,Epithelial cell,"Cervical
Epithelial cell",ATAGGCTAGCTTCGCA-1,0.053168188720136546,0.43880405062459915,1453,1329,False,False,0.0,0.0921452966327025,0.23919364753237463,0.8889529465446935
human_cervical_cancer_real_profile_mask_epithelial_cell,human_cervical_cancer_real,Epithelial cell,"Cervical
Epithelial cell",AGCCAAGCTTTGTGTC-1,0.05317155578056543,0.4388372122782029,1454,1328,False,False,0.12524684841933073,0.13780934207925707,0.12611907300274447,0.0
human_cervical_cancer_real_profile_mask_epithelial_cell,human_cervical_cancer_real,Epithelial cell,"Cervical
Epithelial cell",ACTGTCTTCTTTAGAA-1,0.053177574288205624,0.43889648762231714,1455,1327,False,False,0.08968061610207809,0.08350751914999183,0.1138794816917962,0.08280841500349165
human_cervical_cancer_real_profile_mask_epithelial_cell,human_cervical_cancer_real,Epithelial cell,"Cervical
Epithelial cell",TCCGCTGTCATCCCGG-1,0.05318096411430104,0.4389298734914238,1456,1326,False,False,0.1274947954377881,0.16458646247365794,0.08645271427562314,0.1526274731923553
human_cervical_cancer_real_profile_mask_epithelial_cell,human_cervical_cancer_real,Epithelial cell,"Cervical
Epithelial cell",CATAGTAGCATAGTAG-1,0.053194828925644706,0.43906642585832395,1457,1325,False,False,0.07672656964056893,0.12926127543465643,0.08613412563862236,0.10406901840482567
human_cervical_cancer_real_profile_mask_epithelial_cell,human_cervical_cancer_real,Epithelial cell,"Cervical
Epithelial cell",AGTTGACGGTCCTTGC-1,0.05320044197658171,0.4391217079225353,1458,1324,False,False,0.13476261058662725,0.09490621052255974,0.08648908821224575,0.0
human_cervical_cancer_real_profile_mask_epithelial_cell,human_cervical_cancer_real,Epithelial cell,"Cervical
Epithelial cell",AGCAGCCAGATGAATA-1,0.05321496015600859,0.4392646952098975,1459,1323,False,False,0.05468931307248467,0.1035194952302574,0.13128000599253264,0.0
human_cervical_cancer_real_profile_mask_epithelial_cell,human_cervical_cancer_real,Epithelial cell,"Cervical
Epithelial cell",GACCAGAGCCCTGTAG-1,0.053227185510423415,0.43938510082091936,1460,1322,False,False,0.08870825644952601,0.19665127000472526,0.12454664980823958,0.0
human_cervical_cancer_real_profile_mask_epithelial_cell,human_cervical_cancer_real,Epithelial cell,"Cervical
Epithelial cell",TCAGGTTCTTTGAGAA-1,0.053247534537122714,0.4395855152146696,1461,1321,False,False,0.12621643628238494,0.0645700322413567,0.25343172427281796,0.0
human_cervical_cancer_real_profile_mask_epithelial_cell,human_cervical_cancer_real,Epithelial cell,"Cervical
Epithelial cell",TCAGTACTGACCCGCG-1,0.05326083940705311,0.43971655280582467,1462,1320,False,False,0.09460832466734509,0.09460832466734509,0.13017788364849764,0.0
human_cervical_cancer_real_profile_mask_epithelial_cell,human_cervical_cancer_real,Epithelial cell,"Cervical
Epithelial cell",GCCTTCAGCCCTACCG-1,0.053282683468776355,0.4399316915666116,1463,1319,False,False,0.047595241636195995,0.10264445230463676,0.17272075254525812,0.0
human_cervical_cancer_real_profile_mask_epithelial_cell,human_cervical_cancer_real,Epithelial cell,"Cervical
Epithelial cell",GTGATTCGCCGCTCAA-1,0.053291270978283026,0.44001626860987936,1464,1318,False,False,0.2203111696768111,0.2083547202439072,0.19153415384384173,0.0
human_cervical_cancer_real_profile_mask_epithelial_cell,human_cervical_cancer_real,Epithelial cell,"Cervical
Epithelial cell",CACTCCTCTCGGTCGG-1,0.05329293254897793,0.4400326331607944,1465,1317,False,False,0.03623367759513366,0.06211157025302175,0.11334483201646454,0.14275195909576707
human_cervical_cancer_real_profile_mask_epithelial_cell,human_cervical_cancer_real,Epithelial cell,"Cervical
Epithelial cell",CGGTTATCCAACAGTG-1,0.053295177373774996,0.4400547420904955,1466,1316,False,False,0.06644640361493508,0.14081567517347773,0.0,0.0
human_cervical_cancer_real_profile_mask_epithelial_cell,human_cervical_cancer_real,Epithelial cell,"Cervical
Epithelial cell",ACACGAGACTCCTTCT-1,0.0533331242948796,0.44042847540463625,1467,1315,False,False,0.21059469475474762,0.1751017093880666,0.10546082783523063,0.12302379396135625
human_cervical_cancer_real_profile_mask_epithelial_cell,human_cervical_cancer_real,Epithelial cell,"Cervical
Epithelial cell",GTAGTCGCGGGAATCA-1,0.05335169453073805,0.4406113707645159,1468,1314,False,False,0.9101642764188618,0.07311138100988443,0.07752766511878266,0.13497167044222758
human_cervical_cancer_real_profile_mask_epithelial_cell,human_cervical_cancer_real,Epithelial cell,"Cervical
Epithelial cell",GTAGGTGATCCGTGTA-1,0.05335491464524841,0.44064308517066103,1469,1313,False,False,0.10605232861197773,0.17493138621832696,0.08261985349119533,0.10464396923958175
human_cervical_cancer_real_profile_mask_epithelial_cell,human_cervical_cancer_real,Epithelial cell,"Cervical
Epithelial cell",AACGTGCGAAAGTCTC-1,0.05336081238496835,0.4407011710903434,1470,1312,False,False,0.12416995352826143,0.06147569155848542,0.6026214695853365,0.16842743812290067
human_cervical_cancer_real_profile_mask_epithelial_cell,human_cervical_cancer_real,Epithelial cell,"Cervical
Epithelial cell",CGTACCTGATAGGCCT-1,0.05339917480439812,0.44107899658275745,1471,1311,False,False,0.11479930754253424,0.12633701043302248,0.2518524621534854,0.07848272702018172
human_cervical_cancer_real_profile_mask_epithelial_cell,human_cervical_cancer_real,Epithelial cell,"Cervical
Epithelial cell",GTGACGAGGGTGACCC-1,0.053446503332948994,0.4415451278870592,1472,1310,False,False,0.0457512647424045,0.09839722856865167,0.07210012369214844,0.0
human_cervical_cancer_real_profile_mask_epithelial_cell,human_cervical_cancer_real,Epithelial cell,"Cervical
Epithelial cell",AGTCGTATAAAGCAGA-1,0.05344673851702379,0.4415474441783721,1473,1309,False,False,0.029092176635393752,0.13305457793989758,0.09443841440695507,0.10111071582125727
human_cervical_cancer_real_profile_mask_epithelial_cell,human_cervical_cancer_real,Epithelial cell,"Cervical
Epithelial cell",AGTTTATGTAAAGACA-1,0.05345868285294178,0.44166508208199895,1474,1308,False,False,0.097209471227985,0.06661777269793091,0.2904477259254862,0.0
human_cervical_cancer_real_profile_mask_epithelial_cell,human_cervical_cancer_real,Epithelial cell,"Cervical
Epithelial cell",TTACGGTGTCACCGAG-1,0.05346221893458764,0.4416999083992366,1475,1307,False,False,0.0672645171342,0.11333591055966989,0.09075819262629208,0.0
human_cervical_cancer_real_profile_mask_epithelial_cell,human_cervical_cancer_real,Epithelial cell,"Cervical
Epithelial cell",GACTAAGTAGGCTCAC-1,0.05346930703956129,0.4417697180408536,1476,1306,False,False,0.10844462336118164,0.046816633968786665,0.3376091394395572,0.0
human_cervical_cancer_real_profile_mask_epithelial_cell,human_cervical_cancer_real,Epithelial cell,"Cervical
Epithelial cell",TCAAACAACCGCGTCG-1,0.05347242583480537,0.44180043456932977,1477,1305,False,False,0.21824322745071817,0.07036367307535159,0.09397076650841092,0.09390903021582965
human_cervical_cancer_real_profile_mask_epithelial_cell,human_cervical_cancer_real,Epithelial cell,"Cervical
Epithelial cell",AGGGCTGCAGTTACAG-1,0.05348226114170383,0.44189730097471275,1478,1304,False,False,0.07766437940903174,0.15286645060820056,0.0949221351714392,0.07614921550622437
human_cervical_cancer_real_profile_mask_epithelial_cell,human_cervical_cancer_real,Epithelial cell,"Cervical
Epithelial cell",AGTGAGCCTCGCCGCC-1,0.05349059519888356,0.44197938180549823,1479,1303,False,False,0.09702513238181425,0.1287018767117161,0.0820241940954545,0.0
human_cervical_cancer_real_profile_mask_epithelial_cell,human_cervical_cancer_real,Epithelial cell,"Cervical
Epithelial cell",AAGAGGCATGGATCGC-1,0.05349421804587868,0.44201506266114343,1480,1302,False,False,0.063124478546533,0.0,0.17389228672171864,0.33684619374451663
human_cervical_cancer_real_profile_mask_epithelial_cell,human_cervical_cancer_real,Epithelial cell,"Cervical
Epithelial cell",TCTTTAGCAGGCGAAC-1,0.05350408218574614,0.4421122130379461,1481,1301,False,False,0.12330897919745167,0.1450755878552997,0.11643503209486869,0.0
human_cervical_cancer_real_profile_mask_epithelial_cell,human_cervical_cancer_real,Epithelial cell,"Cervical
Epithelial cell",AGTTACTCTATCGTGG-1,0.05350963357472345,0.44216688780312285,1482,1300,False,False,0.10373129053959017,0.14384897722168433,0.05385749466551335,0.1060421395062173
human_cervical_cancer_real_profile_mask_epithelial_cell,human_cervical_cancer_real,Epithelial cell,"Cervical
Epithelial cell",GAAAGAACAGCGTTAT-1,0.05351361579899291,0.4422061081095549,1483,1299,False,False,0.043177418074070335,0.06925871038292433,0.15492189681183,0.0
human_cervical_cancer_real_profile_mask_epithelial_cell,human_cervical_cancer_real,Epithelial cell,"Cervical
Epithelial cell",AAGATTGGCGGAACGT-1,0.05353305252980102,0.44239753744320104,1484,1298,False,False,0.11164660892868415,0.09509131195250277,0.2903287839140208,0.10215403394281461
human_cervical_cancer_real_profile_mask_epithelial_cell,human_cervical_cancer_real,Epithelial cell,"Cervical
Epithelial cell",CTATTCATGTGTCCCA-1,0.05354493834970378,0.44251459903171025,1485,1297,False,False,0.08355863182036583,0.09873149763361984,0.27064193800415665,0.08635587692639093
human_cervical_cancer_real_profile_mask_epithelial_cell,human_cervical_cancer_real,Epithelial cell,"Cervical
Epithelial cell",CTCATTAACGTTGCCC-1,0.053562365264281826,0.44268623399841933,1486,1296,False,False,0.8031741344341204,0.8031741344341204,0.7553812906308041,0.0
human_cervical_cancer_real_profile_mask_epithelial_cell,human_cervical_cancer_real,Epithelial cell,"Cervical
Epithelial cell",ATCTGCACCTCTGCGA-1,0.05356847648133571,0.44274642242310563,1487,1295,False,False,0.0642338703974536,0.09994350118367593,0.0,0.0
human_cervical_cancer_real_profile_mask_epithelial_cell,human_cervical_cancer_real,Epithelial cell,"Cervical
Epithelial cell",TATTGACATTTCTGCC-1,0.05358192472171551,0.44287887204748094,1488,1294,False,False,0.15174522433430465,0.06111125768333225,0.2599060049253901,0.0
human_cervical_cancer_real_profile_mask_epithelial_cell,human_cervical_cancer_real,Epithelial cell,"Cervical
Epithelial cell",GAGCACGGCGCCTCTT-1,0.05358298888855403,0.44288935286088504,1489,1293,False,False,0.022905916991793583,0.085594555464011,0.07740364286989308,0.0
human_cervical_cancer_real_profile_mask_epithelial_cell,human_cervical_cancer_real,Epithelial cell,"Cervical
Epithelial cell",CCTGGCTAGACCCGCC-1,0.05360040239165388,0.4430608557400348,1490,1292,False,False,0.1290858679389969,0.1290858679389969,0.12527851743877785,0.0
human_cervical_cancer_real_profile_mask_epithelial_cell,human_cervical_cancer_real,Epithelial cell,"Cervical
Epithelial cell",CCACGAGAAGAGAATC-1,0.053604023102830016,0.4430965155603315,1491,1291,False,False,0.1241917501964557,0.07080311328299717,0.09030630758187624,0.09770066124732196
human_cervical_cancer_real_profile_mask_epithelial_cell,human_cervical_cancer_real,Epithelial cell,"Cervical
Epithelial cell",GAACCCTCTGTGTTCT-1,0.053611190263388606,0.4431671038080883,1492,1290,False,False,0.0218505855451695,0.11895021578505299,0.16260609174711002,0.10398289594552547
human_cervical_cancer_real_profile_mask_epithelial_cell,human_cervical_cancer_real,Epithelial cell,"Cervical
Epithelial cell",ATTAATTCGGTCACTC-1,0.053611312311379465,0.4431683058397362,1493,1289,False,False,0.1056756369776681,0.114780302924977,0.041587201541747505,0.12908795716738766
human_cervical_cancer_real_profile_mask_epithelial_cell,human_cervical_cancer_real,Epithelial cell,"Cervical
Epithelial cell",GGAGCAACATTTCAAG-1,0.05361231285548753,0.44317816004278,1494,1288,False,False,0.022105417499616666,0.09858986468562818,0.06663731926437434,0.0
human_cervical_cancer_real_profile_mask_epithelial_cell,human_cervical_cancer_real,Epithelial cell,"Cervical
Epithelial cell",CGGTGGGCTCCAGCCT-1,0.053621117682976414,0.44326487741699827,1495,1287,False,False,0.0,0.09847970624475733,0.09314535470221755,0.13382975488389556
human_cervical_cancer_real_profile_mask_epithelial_cell,human_cervical_cancer_real,Epithelial cell,"Cervical
Epithelial cell",CACCCTTTCCTCGCTC-1,0.05362967260854343,0.44334913354612066,1496,1286,False,False,0.08946100090125375,0.07062320794206425,0.0,0.0
human_cervical_cancer_real_profile_mask_epithelial_cell,human_cervical_cancer_real,Epithelial cell,"Cervical
Epithelial cell",GGAAACTAAATGGGCC-1,0.05363157472977129,0.44336786724175903,1497,1285,False,False,0.17048143522395406,0.2144816459331706,0.19109112068116446,0.0
human_cervical_cancer_real_profile_mask_epithelial_cell,human_cervical_cancer_real,Epithelial cell,"Cervical
Epithelial cell",TTCTTGGAGTAATGAG-1,0.05364003215838008,0.44345116313852906,1498,1284,False,False,0.06694633796659608,0.06694633796659608,0.07396553641854656,0.07748096318539432
human_cervical_cancer_real_profile_mask_epithelial_cell,human_cervical_cancer_real,Epithelial cell,"Cervical
Epithelial cell",GCTTGCAGCACAATTG-1,0.05364934610566699,0.4435428947543214,1499,1283,False,False,0.079882715747607,0.1234675421832863,0.1097613396079522,0.0
human_cervical_cancer_real_profile_mask_epithelial_cell,human_cervical_cancer_real,Epithelial cell,"Cervical
Epithelial cell",GAGGGCCATAATATTA-1,0.05365631916220311,0.4436115713018008,1500,1282,False,False,0.1333753200169638,0.1319833196916238,0.11318322809776057,0.0
human_cervical_cancer_real_profile_mask_epithelial_cell,human_cervical_cancer_real,Epithelial cell,"Cervical
Epithelial cell",CGCCGTTCAGCATAGT-1,0.0536592121643744,0.44364006402947986,1501,1281,False,False,0.09433847709882527,0.20543893433353358,0.06683326274517352,0.0
human_cervical_cancer_real_profile_mask_epithelial_cell,human_cervical_cancer_real,Epithelial cell,"Cervical
Epithelial cell",TGTACGAACAAATCCG-1,0.0536761926841406,0.4438073025232317,1502,1280,False,False,0.08817627520996793,0.13096499490482635,0.12258603659303426,0.10031409234623868
human_cervical_cancer_real_profile_mask_epithelial_cell,human_cervical_cancer_real,Epithelial cell,"Cervical
Epithelial cell",TCCTTACGACGGTCCG-1,0.05367813761913211,0.44382645788495817,1503,1279,False,False,0.07142217054249467,0.07142217054249467,0.32766943472502413,0.0
human_cervical_cancer_real_profile_mask_epithelial_cell,human_cervical_cancer_real,Epithelial cell,"Cervical
Epithelial cell",ATCTACCATCTGCTCC-1,0.05368739332064892,0.44391761584723494,1504,1278,False,False,0.0493187438366485,0.23588265597486277,0.10980796948484321,0.0
human_cervical_cancer_real_profile_mask_epithelial_cell,human_cervical_cancer_real,Epithelial cell,"Cervical
Epithelial cell",CCTGTCGCCCGTAAAT-1,0.05369139116842246,0.44395699002712474,1505,1277,False,False,0.03843917487789266,0.05047255757708816,0.2041181915678332,0.11876906710956986
human_cervical_cancer_real_profile_mask_epithelial_cell,human_cervical_cancer_real,Epithelial cell,"Cervical
Epithelial cell",GACGAGGCTAATAAAC-1,0.05370583514232168,0.44409924647580573,1506,1276,False,False,0.14498662972619558,0.12124898422637982,0.1023464490832235,0.0
human_cervical_cancer_real_profile_mask_epithelial_cell,human_cervical_cancer_real,Epithelial cell,"Cervical
Epithelial cell",GGAGGATTGAAAGGAG-1,0.05371681626875309,0.4442073978792594,1507,1275,False,False,0.1168085695599239,0.0951967230081275,0.08703787323305444,0.0
human_cervical_cancer_real_profile_mask_epithelial_cell,human_cervical_cancer_real,Epithelial cell,"Cervical
Epithelial cell",GAATAGACGCGACCCA-1,0.053719605046697254,0.4442348641187628,1508,1274,False,False,0.10188859723510459,0.03217284772844183,0.08216830306704502,0.4549109522842648
human_cervical_cancer_real_profile_mask_epithelial_cell,human_cervical_cancer_real,Epithelial cell,"Cervical
Epithelial cell",AACGATATGTCAACTG-1,0.05372526190738337,0.444290577658368,1509,1273,False,False,0.03670664710771917,0.06865602080404784,0.03675485420256412,0.06503128323897328
human_cervical_cancer_real_profile_mask_epithelial_cell,human_cervical_cancer_real,Epithelial cell,"Cervical
Epithelial cell",AGTATTTGGCACGACC-1,0.05372832120416503,0.4443207081957572,1510,1272,False,False,0.11590169636336367,0.13898815912476792,0.15395136935783305,0.0
human_cervical_cancer_real_profile_mask_epithelial_cell,human_cervical_cancer_real,Epithelial cell,"Cervical
Epithelial cell",CTAGTATTCGGAATTA-1,0.0537385850245006,0.44442179496322337,1511,1271,False,False,0.08004464534679766,0.12669102435258114,0.15386674320181354,0.11168510782046252
human_cervical_cancer_real_profile_mask_epithelial_cell,human_cervical_cancer_real,Epithelial cell,"Cervical
Epithelial cell",GAAGTTTCCACTCAAT-1,0.053758759129785734,0.4446204865832168,1512,1270,False,False,0.18329068405446966,0.7804303611061889,0.09884013305114504,0.0
human_cervical_cancer_real_profile_mask_epithelial_cell,human_cervical_cancer_real,Epithelial cell,"Cervical
Epithelial cell",GACAAACATATGCAGG-1,0.05375891104989351,0.44462198282069043,1513,1269,False,False,0.11397354695002067,0.05468791268196575,0.1312722517428015,0.09068548524821249
human_cervical_cancer_real_profile_mask_epithelial_cell,human_cervical_cancer_real,Epithelial cell,"Cervical
Epithelial cell",ATCGCACGCCGGGAGA-1,0.05376008400627832,0.4446335350853874,1514,1268,False,False,0.16986680185997588,0.08074321455332018,0.10384532305023551,0.11546578370725488
human_cervical_cancer_real_profile_mask_epithelial_cell,human_cervical_cancer_real,Epithelial cell,"Cervical
Epithelial cell",TACTCGTTTGAATCAA-1,0.0537623989142063,0.44465633425292644,1515,1267,False,False,0.1779022095497595,0.2734376759213466,0.1768825615211252,0.0
human_cervical_cancer_real_profile_mask_epithelial_cell,human_cervical_cancer_real,Epithelial cell,"Cervical
Epithelial cell",TCTTAGAGCTCCAATT-1,0.0537837963828046,0.44486707458760133,1516,1266,False,False,0.1609959232173484,0.09984258185982059,0.11890178270382706,0.0
human_cervical_cancer_real_profile_mask_epithelial_cell,human_cervical_cancer_real,Epithelial cell,"Cervical
Epithelial cell",ACATCCCGGCCATACG-1,0.053787014291157995,0.44489876726565025,1517,1265,False,False,0.060305067914349246,0.14880630567661474,0.1328510559571136,0.0
human_cervical_cancer_real_profile_mask_epithelial_cell,human_cervical_cancer_real,Epithelial cell,"Cervical
Epithelial cell",GAAATGGCGGTGTTAG-1,0.05378839350001712,0.44491235087883435,1518,1264,False,False,0.14841992579993585,0.08559453169164018,0.05695693955704389,0.16922376704403608
human_cervical_cancer_real_profile_mask_epithelial_cell,human_cervical_cancer_real,Epithelial cell,"Cervical
Epithelial cell",GTTCGTCTAAAGAACT-1,0.05380339318206262,0.44506008041047324,1519,1263,False,False,0.09064537677255809,0.14965554378108706,0.09537850947626555,0.0
human_cervical_cancer_real_profile_mask_epithelial_cell,human_cervical_cancer_real,Epithelial cell,"Cervical
Epithelial cell",ATCTTTCGTATAACCA-1,0.05381069599219532,0.4451320046497524,1520,1262,False,False,0.17816462126291607,0.09990774304691516,0.153400523800272,0.0
human_cervical_cancer_real_profile_mask_epithelial_cell,human_cervical_cancer_real,Epithelial cell,"Cervical
Epithelial cell",ATTCTCGTCTCTTTAG-1,0.05383033538192017,0.4453254299394969,1521,1261,False,False,0.10818653612714234,0.07744208234563749,0.10877057063323166,0.0
human_cervical_cancer_real_profile_mask_epithelial_cell,human_cervical_cancer_real,Epithelial cell,"Cervical
Epithelial cell",GGTCGGTCGTCCACAG-1,0.05383376976302527,0.4453592546239527,1522,1260,False,False,0.18470809586714262,0.2964330064990541,0.09388405446430732,0.0
human_cervical_cancer_real_profile_mask_epithelial_cell,human_cervical_cancer_real,Epithelial cell,"Cervical
Epithelial cell",GGGCTGGTTAGTCGCG-1,0.05383801050625418,0.4454010210433413,1523,1259,False,False,0.06421395602253475,0.07061194992536658,0.13646454960407514,0.10347975817488676
human_cervical_cancer_real_profile_mask_epithelial_cell,human_cervical_cancer_real,Epithelial cell,"Cervical
Epithelial cell",TAGAATTAAGGGCAAC-1,0.05383982931145454,0.44541893417240475,1524,1258,False,False,0.10868631488115509,0.0883034857452025,0.14089581300333034,0.0
human_cervical_cancer_real_profile_mask_epithelial_cell,human_cervical_cancer_real,Epithelial cell,"Cervical
Epithelial cell",CAACCTGAACCTGCCA-1,0.053842641992550996,0.4454466358303311,1525,1257,False,False,0.16567149880399645,0.1558881202404379,0.19834140482647092,0.0
human_cervical_cancer_real_profile_mask_epithelial_cell,human_cervical_cancer_real,Epithelial cell,"Cervical
Epithelial cell",CACTAAAGTTGCCTAT-1,0.053861876629597134,0.44563607477400013,1526,1256,False,False,0.07257924952200234,0.15819759853299795,0.0,0.023108965176664168
human_cervical_cancer_real_profile_mask_epithelial_cell,human_cervical_cancer_real,Epithelial cell,"Cervical
Epithelial cell",GCACTAGTCGCGCTAT-1,0.05386707351489518,0.4456872580876685,1527,1255,False,False,0.0,0.07276348894411767,0.33143966972594074,0.0
human_cervical_cancer_real_profile_mask_epithelial_cell,human_cervical_cancer_real,Epithelial cell,"Cervical
Epithelial cell",GATGGCGCACACATTA-1,0.05387631821564011,0.44577830770505694,1528,1254,False,False,0.0,0.023870542516519086,0.27368184157716696,0.0
human_cervical_cancer_real_profile_mask_epithelial_cell,human_cervical_cancer_real,Epithelial cell,"Cervical
Epithelial cell",AGCCACTCCCGTGCTT-1,0.05387873543651781,0.4458021145368983,1529,1253,False,False,0.055945963105110755,0.14688285841075333,0.34008088334500736,0.07451187913495408
human_cervical_cancer_real_profile_mask_epithelial_cell,human_cervical_cancer_real,Epithelial cell,"Cervical
Epithelial cell",GAAATCGCGCGCAACT-1,0.053912088456229856,0.4461306032319158,1530,1252,False,False,0.14461120109939257,0.10575761454239666,0.08662319752559029,0.09426797964984321
human_cervical_cancer_real_profile_mask_epithelial_cell,human_cervical_cancer_real,Epithelial cell,"Cervical
Epithelial cell",GAAGGCTACCATTGTT-1,0.05391711162286376,0.446180075617525,1531,1251,False,False,0.09544900653978158,0.065461031144886,0.15082031471397545,0.0
human_cervical_cancer_real_profile_mask_epithelial_cell,human_cervical_cancer_real,Epithelial cell,"Cervical
Epithelial cell",ATTAGATTGATAGCGG-1,0.053918488447898476,0.4461936357527939,1532,1250,False,False,0.04720822080570475,0.025337586009111915,0.10036397909836993,0.14656933801136274
human_cervical_cancer_real_profile_mask_epithelial_cell,human_cervical_cancer_real,Epithelial cell,"Cervical
Epithelial cell",TGACACTTCTCTTTGC-1,0.05391856228697079,0.44619436298231363,1533,1249,False,False,0.2865431445663525,0.21406072869661316,0.10716163258307936,0.09705498313973795
human_cervical_cancer_real_profile_mask_epithelial_cell,human_cervical_cancer_real,Epithelial cell,"Cervical
Epithelial cell",ATCATCCAATATTTGT-1,0.05392162386301949,0.44622451596784884,1534,1248,False,False,0.17766725109780776,0.24759783282841813,0.14488607970338194,0.1531527852690545
human_cervical_cancer_real_profile_mask_epithelial_cell,human_cervical_cancer_real,Epithelial cell,"Cervical
Epithelial cell",GTGATGCACAACATCT-1,0.053922079724532966,0.4462290056768756,1535,1247,False,False,0.03874410594969,0.20591199755796039,0.12133015143873714,0.0
human_cervical_cancer_real_profile_mask_epithelial_cell,human_cervical_cancer_real,Epithelial cell,"Cervical
Epithelial cell",GTGGTGGCCAAGTGAA-1,0.053926668479880764,0.4462741996134057,1536,1246,False,False,0.1773878431298632,0.14498662972619558,0.07706271694959585,0.11070683494448734
human_cervical_cancer_real_profile_mask_epithelial_cell,human_cervical_cancer_real,Epithelial cell,"Cervical
Epithelial cell",GGAAGGACACCGTATA-1,0.05392785840469328,0.44628591899750364,1537,1245,False,False,0.21427492523036124,0.1361275952780874,0.11817565212098194,0.0
human_cervical_cancer_real_profile_mask_epithelial_cell,human_cervical_cancer_real,Epithelial cell,"Cervical
Epithelial cell",GTAACTTGCGGCAGTC-1,0.05393389789989054,0.44634540104479775,1538,1244,False,False,0.12028815297252024,0.2944629980600816,0.11552272914401966,0.0
human_cervical_cancer_real_profile_mask_epithelial_cell,human_cervical_cancer_real,Epithelial cell,"Cervical
Epithelial cell",CACCATCGGAGGAGAC-1,0.053939437510275995,0.4463999598044583,1539,1243,False,False,0.0980497968608215,0.14966329612219226,0.12373286055037855,0.0
human_cervical_cancer_real_profile_mask_epithelial_cell,human_cervical_cancer_real,Epithelial cell,"Cervical
Epithelial cell",ATTGTACAACTCGGCT-1,0.053945209757780464,0.4464568097708611,1540,1242,False,False,0.07863846022820534,0.18855233858808262,0.13101423757420785,0.0
human_cervical_cancer_real_profile_mask_epithelial_cell,human_cervical_cancer_real,Epithelial cell,"Cervical
Epithelial cell",GATCGCTACCCGATTT-1,0.053958912449441114,0.44659176544626006,1541,1241,False,False,0.07700676308963109,0.17743579853189792,0.107252825394623,0.0
human_cervical_cancer_real_profile_mask_epithelial_cell,human_cervical_cancer_real,Epithelial cell,"Cervical
Epithelial cell",GATAGGTAACGTTGAC-1,0.05395906241539229,0.4465932424375498,1542,1240,False,False,0.16092729667212438,0.10006379795086975,0.1517828799493537,0.07278941324629601
human_cervical_cancer_real_profile_mask_epithelial_cell,human_cervical_cancer_real,Epithelial cell,"Cervical
Epithelial cell",TCACCCTCTTAAGATT-1,0.053960119734342754,0.44660365580717126,1543,1239,False,False,0.06667053751064284,0.06667053751064284,0.1396343873613773,0.08569482109601574
human_cervical_cancer_real_profile_mask_epithelial_cell,human_cervical_cancer_real,Epithelial cell,"Cervical
Epithelial cell",CTGAAAGAGATCCGAC-1,0.05396619070177971,0.44666344781965095,1544,1238,False,False,0.05513395810231817,0.16349045048366184,0.08309678763418396,0.10244748353697689
human_cervical_cancer_real_profile_mask_epithelial_cell,human_cervical_cancer_real,Epithelial cell,"Cervical
Epithelial cell",TTGGATCGACTTCTGG-1,0.05396664648453787,0.44666793675302885,1545,1237,False,False,0.09851992452018835,0.1081498024449245,0.18793505074770492,0.0
human_cervical_cancer_real_profile_mask_epithelial_cell,human_cervical_cancer_real,Epithelial cell,"Cervical
Epithelial cell",AAACTGCTGGCTCCAA-1,0.053972613705722955,0.44672670698483674,1546,1236,False,False,0.08705350168828756,0.11063944437244701,0.10994990018119234,0.14672537136493982
human_cervical_cancer_real_profile_mask_epithelial_cell,human_cervical_cancer_real,Epithelial cell,"Cervical
Epithelial cell",GAGTGTGCGGTACCCA-1,0.053973838107712835,0.4467387659292833,1547,1235,False,False,0.08602289770411392,0.21469277633236347,0.0518318799439305,0.28728147148544386
human_cervical_cancer_real_profile_mask_epithelial_cell,human_cervical_cancer_real,Epithelial cell,"Cervical
Epithelial cell",GATGTTCAATCCACGA-1,0.05398826217589038,0.4468808263296127,1548,1234,False,False,0.17493138621832696,0.11103566231776434,0.0963141614798697,0.0
human_cervical_cancer_real_profile_mask_epithelial_cell,human_cervical_cancer_real,Epithelial cell,"Cervical
Epithelial cell",ACGGCACTTGCTTGGG-1,0.05400177952641264,0.4470139566090143,1549,1233,False,False,0.14607052289777334,0.09204640135540215,0.11937678327215645,0.06325010086146667
human_cervical_cancer_real_profile_mask_epithelial_cell,human_cervical_cancer_real,Epithelial cell,"Cervical
Epithelial cell",CGGTGTACTTGATCCC-1,0.054014235823278946,0.4471366367362618,1550,1232,False,False,0.04829222946285134,0.0730081176262505,0.12091735533372991,0.0
human_cervical_cancer_real_profile_mask_epithelial_cell,human_cervical_cancer_real,Epithelial cell,"Cervical
Epithelial cell",AGCGCTAGAGCGATGT-1,0.05402820361627614,0.44727420335342377,1551,1231,False,False,0.052423386021323,0.08603358410089083,0.25499654299944585,0.0
human_cervical_cancer_real_profile_mask_epithelial_cell,human_cervical_cancer_real,Epithelial cell,"Cervical
Epithelial cell",ATAATAGCTGTTGAAT-1,0.054032399639494036,0.4473155293323909,1552,1230,False,False,0.11181898788876317,0.10774006681034108,0.10738077829521649,0.11060844245494622
human_cervical_cancer_real_profile_mask_epithelial_cell,human_cervical_cancer_real,Epithelial cell,"Cervical
Epithelial cell",GTTCGCTGAGACGTCT-1,0.05403624864830177,0.44735343762049434,1553,1229,False,False,0.09757961081723072,0.135705295248139,0.0824823720653385,0.0
human_cervical_cancer_real_profile_mask_epithelial_cell,human_cervical_cancer_real,Epithelial cell,"Cervical
Epithelial cell",CGGGAATATAGTATAC-1,0.054045664438882514,0.44744617227502126,1554,1228,False,False,0.6842557415464751,0.15550375882195483,0.0911321667743985,0.0
human_cervical_cancer_real_profile_mask_epithelial_cell,human_cervical_cancer_real,Epithelial cell,"Cervical
Epithelial cell",GCGCTGCTTTGCATTT-1,0.05404972764781421,0.447486190186775,1555,1227,False,False,0.110252696961277,0.0876998101688738,0.0,0.7493618838826284
human_cervical_cancer_real_profile_mask_epithelial_cell,human_cervical_cancer_real,Epithelial cell,"Cervical
Epithelial cell",TTAAACAGAGTCCCGC-1,0.05405778760612519,0.4475655714605045,1556,1226,False,False,0.10815191853561999,0.0642338703974536,0.09755807615580338,0.0
human_cervical_cancer_real_profile_mask_epithelial_cell,human_cervical_cancer_real,Epithelial cell,"Cervical
Epithelial cell",GACACAAGGGAAGAAA-1,0.054061093502241836,0.4475981307163259,1557,1225,False,False,0.1011728838560104,0.1011728838560104,0.05207692706970812,0.12246505974123752
human_cervical_cancer_real_profile_mask_epithelial_cell,human_cervical_cancer_real,Epithelial cell,"Cervical
Epithelial cell",AGTAGGTAACATACAT-1,0.05406656607909415,0.4476520292731619,1558,1224,False,False,0.09379281369720367,0.06702253837691642,0.08791012224306916,0.0
human_cervical_cancer_real_profile_mask_epithelial_cell,human_cervical_cancer_real,Epithelial cell,"Cervical
Epithelial cell",GGGCGTACATTTATAT-1,0.05407676805228943,0.44775250691777857,1559,1223,False,False,0.8794149351147377,0.2494259627569403,0.1340520254285568,0.09686045847858242
human_cervical_cancer_real_profile_mask_epithelial_cell,human_cervical_cancer_real,Epithelial cell,"Cervical
Epithelial cell",CGGTCCATGAGACTCC-1,0.05408286369479577,0.44781254195117254,1560,1222,False,False,0.074830671381584,0.09354043111591151,0.15874766925414002,0.0
human_cervical_cancer_real_profile_mask_epithelial_cell,human_cervical_cancer_real,Epithelial cell,"Cervical
Epithelial cell",TTCTTGTAACCTAATG-1,0.05409992307408568,0.4479805571200878,1561,1221,False,False,0.2272594791858764,0.2272594791858764,0.2910288433700398,0.0
human_cervical_cancer_real_profile_mask_epithelial_cell,human_cervical_cancer_real,Epithelial cell,"Cervical
Epithelial cell",CTCGTCTGTGCCTTCG-1,0.05410438471773923,0.4480244991533441,1562,1220,False,False,0.14536267938757783,0.1779022095497595,0.07425595394717803,0.14623799542234958
human_cervical_cancer_real_profile_mask_epithelial_cell,human_cervical_cancer_real,Epithelial cell,"Cervical
Epithelial cell",ACACGGGAACTTAGGG-1,0.05410520219602364,0.44803255036961087,1563,1219,False,False,0.1325297626349782,0.1818846362256265,0.045336961688296214,0.12062324206006983
human_cervical_cancer_real_profile_mask_epithelial_cell,human_cervical_cancer_real,Epithelial cell,"Cervical
Epithelial cell",CTTAGCCTTCCACATG-1,0.05413110780939816,0.4482876907198548,1564,1218,False,False,0.09905147762836108,0.09905147762836108,0.09327471094459297,0.07047528288703157
human_cervical_cancer_real_profile_mask_epithelial_cell,human_cervical_cancer_real,Epithelial cell,"Cervical
Epithelial cell",CCTCGCGCTGTGCGAT-1,0.05414902451235635,0.44846414953601493,1565,1217,False,False,0.045243875002979,0.06931154261078726,0.23617347031881084,0.0
human_cervical_cancer_real_profile_mask_epithelial_cell,human_cervical_cancer_real,Epithelial cell,"Cervical
Epithelial cell",TTGCTCCCATACCGGA-1,0.05414967559779056,0.4484705619750227,1566,1216,False,False,0.14282987461683525,0.1351490637663715,0.14165694913591098,0.08251822887032478
human_cervical_cancer_real_profile_mask_epithelial_cell,human_cervical_cancer_real,Epithelial cell,"Cervical
Epithelial cell",TTGGGCGGCGGTTGCC-1,0.05416259264598823,0.4485977799703516,1567,1215,False,False,0.021242306772787416,0.20158340295982582,0.12402574272103635,0.15595099448333402
human_cervical_cancer_real_profile_mask_epithelial_cell,human_cervical_cancer_real,Epithelial cell,"Cervical
Epithelial cell",TTGAATATGGACTTTC-1,0.05418333657989276,0.44880208374364283,1568,1214,False,False,0.078080280314553,0.19002785379636183,0.2288734780601524,0.13721901762998528
human_cervical_cancer_real_profile_mask_epithelial_cell,human_cervical_cancer_real,Epithelial cell,"Cervical
Epithelial cell",GAGCTGTCGTCTCGGA-1,0.05418418947378782,0.44881048376274146,1569,1213,False,False,0.08170272529295924,0.06116015536116417,0.0805241082500642,0.0
human_cervical_cancer_real_profile_mask_epithelial_cell,human_cervical_cancer_real,Epithelial cell,"Cervical
Epithelial cell",AAGTTTACTAATGGCA-1,0.0541874471951481,0.4488425685528926,1570,1212,False,False,0.13881781793406212,0.12533672807609025,0.34363023796623565,0.0
human_cervical_cancer_real_profile_mask_epithelial_cell,human_cervical_cancer_real,Epithelial cell,"Cervical
Epithelial cell",AATCCAAGGGCCTGAG-1,0.054190336644399185,0.4488710262884141,1571,1211,False,False,0.044611985472720835,0.0,0.12661649275531825,0.0
human_cervical_cancer_real_profile_mask_epithelial_cell,human_cervical_cancer_real,Epithelial cell,"Cervical
Epithelial cell",GACGGTCAATAGAAGC-1,0.05419448488763941,0.4489118816898248,1572,1210,False,False,1.2123641077182892,0.1398165517020881,0.4271012727695083,0.0
human_cervical_cancer_real_profile_mask_epithelial_cell,human_cervical_cancer_real,Epithelial cell,"Cervical
Epithelial cell",ACTGCGGACACACCGT-1,0.05419531493953563,0.4489200567416355,1573,1209,False,False,0.080580303811894,0.17462848220241836,0.12675781422018353,0.0
human_cervical_cancer_real_profile_mask_epithelial_cell,human_cervical_cancer_real,Epithelial cell,"Cervical
Epithelial cell",CACTCAAGAGCTATGG-1,0.05419827633315682,0.44894922304604973,1574,1208,False,False,0.15839299985936614,0.12662040471011834,0.12707970100980281,0.13653359725261252
human_cervical_cancer_real_profile_mask_epithelial_cell,human_cervical_cancer_real,Epithelial cell,"Cervical
Epithelial cell",TTGGATTGGGTACCAC-1,0.0542286026139631,0.4492479018611255,1575,1207,False,False,0.12005465272427558,0.05656309872373392,0.1005767272732288,0.10984630935316879
human_cervical_cancer_real_profile_mask_epithelial_cell,human_cervical_cancer_real,Epithelial cell,"Cervical
Epithelial cell",TACCTCACGCTTGTAC-1,0.05423490697100295,0.44930999249144393,1576,1206,False,False,0.02875914733276517,0.143194318166428,0.07521039715865865,0.09674123933467449
human_cervical_cancer_real_profile_mask_epithelial_cell,human_cervical_cancer_real,Epithelial cell,"Cervical
Epithelial cell",GAAATACCTGCTGGCT-1,0.05423750689439709,0.4493355987319061,1577,1205,False,False,0.13492057006836017,0.09727683412721566,0.19216267584149083,0.0
human_cervical_cancer_real_profile_mask_epithelial_cell,human_cervical_cancer_real,Epithelial cell,"Cervical
Epithelial cell",CCGAAGGGCGTACCGC-1,0.05424001048576311,0.44936025621323106,1578,1204,False,False,0.9430252046169826,0.14571699456150317,0.08116756176439749,0.0
human_cervical_cancer_real_profile_mask_epithelial_cell,human_cervical_cancer_real,Epithelial cell,"Cervical
Epithelial cell",CCACTATCCGGGTCAC-1,0.05425668094655858,0.44952444098448485,1579,1203,False,False,0.10816223220922501,0.06966237024270824,0.08217021147029771,0.0
human_cervical_cancer_real_profile_mask_epithelial_cell,human_cervical_cancer_real,Epithelial cell,"Cervical
Epithelial cell",CTCTCACAATCGATGA-1,0.05426855657520832,0.4496414022009308,1580,1202,False,False,0.0876998101688738,0.08642193655484941,0.06953686482127834,0.16528735023131294
human_cervical_cancer_real_profile_mask_epithelial_cell,human_cervical_cancer_real,Epithelial cell,"Cervical
Epithelial cell",GCAGATTAGGGATATC-1,0.054270398022400294,0.44965953832744215,1581,1201,False,False,0.10920823608570042,0.2332355996084909,0.11987408305345425,0.10188797583088828
human_cervical_cancer_real_profile_mask_epithelial_cell,human_cervical_cancer_real,Epithelial cell,"Cervical
Epithelial cell",CTTTGCATCGCTCTTG-1,0.05427460827599933,0.4497010044592162,1582,1200,False,False,0.026127653514807916,0.05954315942246,0.09782277396836694,0.0
human_cervical_cancer_real_profile_mask_epithelial_cell,human_cervical_cancer_real,Epithelial cell,"Cervical
Epithelial cell",AACATATCAACTGGTG-1,0.05429832879749663,0.44993462417998076,1583,1199,False,False,1.1972492384103817,0.11569208241185341,0.27921314456946267,1.0407167793267857
human_cervical_cancer_real_profile_mask_epithelial_cell,human_cervical_cancer_real,Epithelial cell,"Cervical
Epithelial cell",TTGCAAGAAGACTCCT-1,0.05430544262154854,0.45000468712479264,1584,1198,False,False,0.18451407027107347,0.18451407027107347,0.11483654737755512,0.0
human_cervical_cancer_real_profile_mask_epithelial_cell,human_cervical_cancer_real,Epithelial cell,"Cervical
Epithelial cell",TGAGGAGTGCCAGCTT-1,0.05431355047227752,0.45008454008348586,1585,1197,False,False,0.04605425935517675,0.09705694970046523,0.08129264610216823,0.0
human_cervical_cancer_real_profile_mask_epithelial_cell,human_cervical_cancer_real,Epithelial cell,"Cervical
Epithelial cell",TAGAAAGGTGGCGCTA-1,0.054316274738801164,0.4501113709600589,1586,1196,False,False,0.026302529066475667,0.12220642689150084,0.05552160964229799,0.23574615285288683
human_cervical_cancer_real_profile_mask_epithelial_cell,human_cervical_cancer_real,Epithelial cell,"Cervical
Epithelial cell",TAGGTCGCCGGAACTG-1,0.05432462081642126,0.4501935701782889,1587,1195,False,False,0.046816633968786665,0.08156867367253391,0.12083962764396391,0.0
human_cervical_cancer_real_profile_mask_epithelial_cell,human_cervical_cancer_real,Epithelial cell,"Cervical
Epithelial cell",TCCGATGACTGAGCTC-1,0.05432896107216226,0.4502363166809058,1588,1194,False,False,0.12571440046454124,0.1833610359278655,0.13741096353331736,0.06686469243366869
human_cervical_cancer_real_profile_mask_epithelial_cell,human_cervical_cancer_real,Epithelial cell,"Cervical
Epithelial cell",AACATAGCGTGTATCG-1,0.05433735058969665,0.45031894373208414,1589,1193,False,False,0.1639830126458655,0.12975068278661667,0.11519620249710273,0.0
human_cervical_cancer_real_profile_mask_epithelial_cell,human_cervical_cancer_real,Epithelial cell,"Cervical
Epithelial cell",TCTGGAGCGTAAGAGT-1,0.05434421352230713,0.45038653568617626,1590,1192,False,False,0.1065320473966286,0.1065320473966286,0.22813885688258911,0.0
human_cervical_cancer_real_profile_mask_epithelial_cell,human_cervical_cancer_real,Epithelial cell,"Cervical
Epithelial cell",TCGGGCCGTCGTGGTA-1,0.0543562335879109,0.4505049194396803,1591,1191,False,False,0.02711881403843167,0.06636276883804675,0.1461251634646962,0.4629073329328838
human_cervical_cancer_real_profile_mask_epithelial_cell,human_cervical_cancer_real,Epithelial cell,"Cervical
Epithelial cell",GTCGTGTCTGGTCATC-1,0.054370013964119376,0.4506406402180882,1592,1190,False,False,0.04668203925825692,0.0,0.23631592218575387,0.0
human_cervical_cancer_real_profile_mask_epithelial_cell,human_cervical_cancer_real,Epithelial cell,"Cervical
Epithelial cell",GACCCGTCGCCGGCTA-1,0.05440347170665115,0.4509701603118423,1593,1189,False,False,0.03890481122990933,0.10520944177482727,0.0,0.0
human_cervical_cancer_real_profile_mask_epithelial_cell,human_cervical_cancer_real,Epithelial cell,"Cervical
Epithelial cell",CAAGCACCAAATGCCT-1,0.05441517499899227,0.45108542421483316,1594,1188,False,False,0.08036921602400733,0.021770796410363665,0.06740962479190395,0.09582418370318148
human_cervical_cancer_real_profile_mask_epithelial_cell,human_cervical_cancer_real,Epithelial cell,"Cervical
Epithelial cell",TATTTGTTACCCTTTA-1,0.054415658892450855,0.45109019000612016,1595,1187,False,False,0.025447041687456665,0.15050292228621734,0.10798814527296977,0.06361527344070676
human_cervical_cancer_real_profile_mask_epithelial_cell,human_cervical_cancer_real,Epithelial cell,"Cervical
Epithelial cell",CCGCCTGCGAATTGGT-1,0.05441620283326488,0.451095547194456,1596,1186,False,False,0.24556576924466272,0.1093953992144095,0.07902637667264195,0.0
human_cervical_cancer_real_profile_mask_epithelial_cell,human_cervical_cancer_real,Epithelial cell,"Cervical
Epithelial cell",GTTATCACCTTCTGAA-1,0.054417258028161046,0.45110593964459766,1597,1185,False,False,0.08284647169534441,0.09579455933020574,0.06133023418191198,0.0
human_cervical_cancer_real_profile_mask_epithelial_cell,human_cervical_cancer_real,Epithelial cell,"Cervical
Epithelial cell",TGGCAGATTACGATCA-1,0.05442839105744327,0.4512155871155638,1598,1184,False,False,0.0799204402574814,0.08822727156120308,0.0,0.06572635416332367
human_cervical_cancer_real_profile_mask_epithelial_cell,human_cervical_cancer_real,Epithelial cell,"Cervical
Epithelial cell",GCGGACCGCGTTGTGG-1,0.054431753508200904,0.4512487033692335,1599,1183,False,False,0.10439893791356773,0.09286659096394294,0.28939033247581863,0.0
human_cervical_cancer_real_profile_mask_epithelial_cell,human_cervical_cancer_real,Epithelial cell,"Cervical
Epithelial cell",CGTTCAGACCCGCGAA-1,0.05443193326945739,0.4512504738098433,1600,1182,False,False,0.1266847615568795,0.060982847149517086,0.12151903252775761,0.0
human_cervical_cancer_real_profile_mask_epithelial_cell,human_cervical_cancer_real,Epithelial cell,"Cervical
Epithelial cell",ATTACAACTACCGGCC-1,0.05443742360893189,0.4513045473079779,1601,1181,False,False,0.13646379630254366,0.15944673306914808,0.518878103497881,0.0
human_cervical_cancer_real_profile_mask_epithelial_cell,human_cervical_cancer_real,Epithelial cell,"Cervical
Epithelial cell",TTACAACTACGCATCC-1,0.05444100090549015,0.4513397795444668,1602,1180,False,False,0.07557950510629624,0.09258507177896165,0.2261244287373878,0.09820234137642568
human_cervical_cancer_real_profile_mask_epithelial_cell,human_cervical_cancer_real,Epithelial cell,"Cervical
Epithelial cell",TATTCAATTCTAATCC-1,0.0544446970630019,0.4513761824239691,1603,1179,False,False,0.106947475909314,0.16444625103236749,0.11441703032797566,0.08087485163633315
human_cervical_cancer_real_profile_mask_epithelial_cell,human_cervical_cancer_real,Epithelial cell,"Cervical
Epithelial cell",GCGAAACTTAACTGGA-1,0.05447220351786332,0.4516470892126195,1604,1178,False,False,0.09020450223357217,0.043008819902575664,0.11168424273058326,0.1507889120299466
human_cervical_cancer_real_profile_mask_epithelial_cell,human_cervical_cancer_real,Epithelial cell,"Cervical
Epithelial cell",GGATTCAGTACGGTGG-1,0.054475524003485556,0.4516797921582085,1605,1177,False,False,0.049179963545336165,0.12635534933739165,0.39260272737650326,0.0
human_cervical_cancer_real_profile_mask_epithelial_cell,human_cervical_cancer_real,Epithelial cell,"Cervical
Epithelial cell",TTGACCATGTTCTCCG-1,0.05448751115582931,0.45179785175414233,1606,1176,False,False,0.11377199591122118,0.07903246415997825,0.17610888548781742,0.09786951512521204
human_cervical_cancer_real_profile_mask_epithelial_cell,human_cervical_cancer_real,Epithelial cell,"Cervical
Epithelial cell",CCGAAAGTGGTGAGCA-1,0.054498789375325846,0.4519089291809098,1607,1175,False,False,0.02178040421232925,0.26294005988209956,0.25074014762417185,0.0
human_cervical_cancer_real_profile_mask_epithelial_cell,human_cervical_cancer_real,Epithelial cell,"Cervical
Epithelial cell",GTCTCGATCTGCTTTC-1,0.05449916759279021,0.45191265418579313,1608,1174,False,False,0.06577348536819576,0.21706057992775835,0.26944737633695587,0.10640632537894104
human_cervical_cancer_real_profile_mask_epithelial_cell,human_cervical_cancer_real,Epithelial cell,"Cervical
Epithelial cell",CATGAACCGACATTTG-1,0.054503002056874854,0.4519504192251848,1609,1173,False,False,0.02175359721674825,0.10051866517868033,0.0,0.0
human_cervical_cancer_real_profile_mask_epithelial_cell,human_cervical_cancer_real,Epithelial cell,"Cervical
Epithelial cell",CTTACACTGGGAAATA-1,0.05450713921710104,0.45199116547171697,1610,1172,False,False,0.028611398677622,0.11772702129623218,0.3401631818335663,0.0
human_cervical_cancer_real_profile_mask_epithelial_cell,human_cervical_cancer_real,Epithelial cell,"Cervical
Epithelial cell",ATAGGGATATCCTTGA-1,0.054511883785394906,0.45203789398567845,1611,1171,False,False,0.1405819092768966,0.057433310614864994,0.07898309531156553,0.10510640515800952
human_cervical_cancer_real_profile_mask_epithelial_cell,human_cervical_cancer_real,Epithelial cell,"Cervical
Epithelial cell",GAACGATAAGTTAAAG-1,0.05452119122520444,0.45212956151033995,1612,1170,False,False,0.11085072359931318,0.15032029067742667,0.05202803946682525,0.0
human_cervical_cancer_real_profile_mask_epithelial_cell,human_cervical_cancer_real,Epithelial cell,"Cervical
Epithelial cell",TCCTGCAGCCGCCAAT-1,0.05452185417869708,0.45213609083600625,1613,1169,False,False,0.149750790404979,0.24175675994211981,0.1789544300924306,0.0
human_cervical_cancer_real_profile_mask_epithelial_cell,human_cervical_cancer_real,Epithelial cell,"Cervical
Epithelial cell",ATTGAAGATCTTAGTG-1,0.05453764038220735,0.4522915666950181,1614,1168,False,False,0.12197062867296475,0.08814146115922157,0.12717488909005625,0.1692810236003971
human_cervical_cancer_real_profile_mask_epithelial_cell,human_cervical_cancer_real,Epithelial cell,"Cervical
Epithelial cell",CACTCGAGCTGAACAA-1,0.05455267565956674,0.4524396467993581,1615,1167,False,False,0.12392611979142633,0.11635942487535232,0.11346211347940728,0.1802055173226131
human_cervical_cancer_real_profile_mask_epithelial_cell,human_cervical_cancer_real,Epithelial cell,"Cervical
Epithelial cell",GGGATTTACCGCACCT-1,0.05455312499393827,0.4524440722235807,1616,1166,False,False,0.05748847794224699,0.09987593886122985,0.09442282478671846,0.3120787123333491
human_cervical_cancer_real_profile_mask_epithelial_cell,human_cervical_cancer_real,Epithelial cell,"Cervical
Epithelial cell",TAACATACAATGTGGG-1,0.0545541873796742,0.45245453549518283,1617,1165,False,False,0.1360853867263243,0.08140750185176325,0.0784766333565596,0.12113317647877625
human_cervical_cancer_real_profile_mask_epithelial_cell,human_cervical_cancer_real,Epithelial cell,"Cervical
Epithelial cell",CGCAAACACGAGTTAC-1,0.054556078950951784,0.4524731652860045,1618,1164,False,False,0.47449734679436417,0.06107876849185317,0.24166401324336959,0.0
human_cervical_cancer_real_profile_mask_epithelial_cell,human_cervical_cancer_real,Epithelial cell,"Cervical
Epithelial cell",CTCACACGCAAGCCTA-1,0.0545830138656738,0.45273844306486327,1619,1163,False,False,0.20824051205111047,0.10428116768638883,0.1000408783326615,0.0
human_cervical_cancer_real_profile_mask_epithelial_cell,human_cervical_cancer_real,Epithelial cell,"Cervical
Epithelial cell",GTTCATCGTTTGGCTG-1,0.05458436664977166,0.45275176642469045,1620,1162,False,False,0.11569208241185341,0.08452723723281118,0.12123397826531683,0.0
human_cervical_cancer_real_profile_mask_epithelial_cell,human_cervical_cancer_real,Epithelial cell,"Cervical
Epithelial cell",CTACCCTAAGGTCATA-1,0.0545896235320273,0.45280354063904715,1621,1161,False,False,0.12057411507934418,0.10083531908057232,0.10820580474249025,0.11016433794842079
human_cervical_cancer_real_profile_mask_epithelial_cell,human_cervical_cancer_real,Epithelial cell,"Cervical
Epithelial cell",CGAGAGCTTTCACTAC-1,0.05461160271985076,0.45302001023574356,1622,1160,False,False,0.0923537497412025,0.0923537497412025,0.17404077738029783,0.0
human_cervical_cancer_real_profile_mask_epithelial_cell,human_cervical_cancer_real,Epithelial cell,"Cervical
Epithelial cell",TTCCAATCAGAGCTAG-1,0.05461623471858456,0.4530656300696454,1623,1159,False,False,0.11470942655732766,0.2024887897318682,0.2951887064435524,0.1674930641030134
human_cervical_cancer_real_profile_mask_epithelial_cell,human_cervical_cancer_real,Epithelial cell,"Cervical
Epithelial cell",AGTACAGAAGCTTATA-1,0.054617312128407265,0.45307624131113766,1624,1158,False,False,0.18437828153658817,0.10403053941696133,0.10454160093857183,0.1713818711289483
human_cervical_cancer_real_profile_mask_epithelial_cell,human_cervical_cancer_real,Epithelial cell,"Cervical
Epithelial cell",TAGATCCGAAGTCGCA-1,0.054626085550217016,0.4531626493757148,1625,1157,False,False,0.09539130175409508,0.13129136206728106,0.06941599689124407,0.0
human_cervical_cancer_real_profile_mask_epithelial_cell,human_cervical_cancer_real,Epithelial cell,"Cervical
Epithelial cell",TTGCCGCTTTCTAGTA-1,0.054627872891226455,0.45318025261886374,1626,1156,False,False,0.10830533945853575,0.06024565963499059,0.10979648341985142,0.08007674970350658
human_cervical_cancer_real_profile_mask_epithelial_cell,human_cervical_cancer_real,Epithelial cell,"Cervical
Epithelial cell",TGAGCAGTCGTGAAGT-1,0.05463999523945503,0.45329964373800474,1627,1155,False,False,0.08599267709879042,0.041381305370469836,0.08138841157588296,0.0
human_cervical_cancer_real_profile_mask_epithelial_cell,human_cervical_cancer_real,Epithelial cell,"Cervical
Epithelial cell",TGGGTGCACAAGCCAT-1,0.05464405422415471,0.45333962004595546,1628,1154,False,False,0.08855897421191751,0.08855897421191751,0.08433009805685464,0.6135701405170144
human_cervical_cancer_real_profile_mask_epithelial_cell,human_cervical_cancer_real,Epithelial cell,"Cervical
Epithelial cell",ATTGCCTTTATGTTTG-1,0.05464920984736083,0.4533903969757088,1629,1153,False,False,0.08524159898962418,0.028264892687751834,0.18158723542171637,0.0
human_cervical_cancer_real_profile_mask_epithelial_cell,human_cervical_cancer_real,Epithelial cell,"Cervical
Epithelial cell",AATGTTAAGACCCTGA-1,0.05465429218339875,0.45344045211156003,1630,1152,False,False,0.072919615777088,0.072919615777088,0.15799258382211942,0.0
human_cervical_cancer_real_profile_mask_epithelial_cell,human_cervical_cancer_real,Epithelial cell,"Cervical
Epithelial cell",ATGTAGCGCGCGTAGG-1,0.054655061677532396,0.4534480307394015,1631,1151,False,False,0.10101935625326901,0.080265313298978,0.10731172137551613,0.0
human_cervical_cancer_real_profile_mask_epithelial_cell,human_cervical_cancer_real,Epithelial cell,"Cervical
Epithelial cell",ACTTATTAGGATCGGT-1,0.05467943485531212,0.45368807837021313,1632,1150,False,False,0.027706214788292,0.19002385543759873,0.1796913620134965,0.0
human_cervical_cancer_real_profile_mask_epithelial_cell,human_cervical_cancer_real,Epithelial cell,"Cervical
Epithelial cell",GTCCGGCTGAATTGCG-1,0.05468494058247695,0.4537423034193125,1633,1149,False,False,0.0676676412368865,0.046579236001260495,0.15451279695113807,0.08754044016668452
human_cervical_cancer_real_profile_mask_epithelial_cell,human_cervical_cancer_real,Epithelial cell,"Cervical
Epithelial cell",CCTCACCAATCTTGAC-1,0.05468547506366938,0.45374756744130895,1634,1148,False,False,0.0,0.13109139358903193,0.055790735220183636,0.0
human_cervical_cancer_real_profile_mask_epithelial_cell,human_cervical_cancer_real,Epithelial cell,"Cervical
Epithelial cell",TTCCGGTATCTGTGTC-1,0.05468623121783322,0.45375501468586604,1635,1147,False,False,0.6484512109589924,0.09757961081723072,0.09118402920334691,0.0
human_cervical_cancer_real_profile_mask_epithelial_cell,human_cervical_cancer_real,Epithelial cell,"Cervical
Epithelial cell",CGTAGCGAATTGTCAG-1,0.05470007651036192,0.45389137481499836,1636,1146,False,False,0.05468791268196575,0.7649935547844471,0.1543763867616373,0.03149020780262375
human_cervical_cancer_real_profile_mask_epithelial_cell,human_cervical_cancer_real,Epithelial cell,"Cervical
Epithelial cell",ATCTGTAATTGTACCC-1,0.0547043074263965,0.453933044447881,1637,1145,False,False,0.027514065995722498,0.04829238306583334,0.06013972874591167,0.07203651193919422
human_cervical_cancer_real_profile_mask_epithelial_cell,human_cervical_cancer_real,Epithelial cell,"Cervical
Epithelial cell",TCCAGGCGAGTACGGT-1,0.054706979699668826,0.45395936325102193,1638,1144,False,False,0.10521102269498467,0.1352480180319298,0.08690611926244148,0.06567292264446184
human_cervical_cancer_real_profile_mask_epithelial_cell,human_cervical_cancer_real,Epithelial cell,"Cervical
Epithelial cell",CTACTATCTTTCAGAG-1,0.05471173523202631,0.45400619974833795,1639,1143,False,False,0.08029479899605384,0.17876633887231383,0.10415490232680415,0.16538270105690864
human_cervical_cancer_real_profile_mask_epithelial_cell,human_cervical_cancer_real,Epithelial cell,"Cervical
Epithelial cell",GATCTTGGAGGGCATA-1,0.054742455378031414,0.45430875768039586,1640,1142,False,False,0.018623718373526253,0.053943667880867005,0.08575139408209745,0.1263608745096884
human_cervical_cancer_real_profile_mask_epithelial_cell,human_cervical_cancer_real,Epithelial cell,"Cervical
Epithelial cell",AGCCATATAGTATGTG-1,0.054760602628293326,0.454487487121033,1641,1141,False,False,0.11712861710690659,0.027767020386790082,0.11228328754408538,0.0
human_cervical_cancer_real_profile_mask_epithelial_cell,human_cervical_cancer_real,Epithelial cell,"Cervical
Epithelial cell",TAGGGTGTTTCAAGAG-1,0.05476840581630547,0.454564339504092,1642,1140,False,False,0.022872950906776084,0.2203111696768111,0.0741526932618572,0.10575814384096144
human_cervical_cancer_real_profile_mask_epithelial_cell,human_cervical_cancer_real,Epithelial cell,"Cervical
Epithelial cell",AACCTTTAAATACGGT-1,0.054820841889207696,0.4550807742169967,1643,1139,False,False,0.12786515106883722,0.1071876621859935,0.16745805573349992,0.10321754956464112
human_cervical_cancer_real_profile_mask_epithelial_cell,human_cervical_cancer_real,Epithelial cell,"Cervical
Epithelial cell",TGCAACCCATCTGCGG-1,0.05482459341811474,0.45511772244074483,1644,1138,False,False,0.10920379186661182,0.10364693133206108,0.12329351075950451,0.0
human_cervical_cancer_real_profile_mask_epithelial_cell,human_cervical_cancer_real,Epithelial cell,"Cervical
Epithelial cell",CCCGTCAGCGTCTGAC-1,0.05482877355220956,0.45515889193021414,1645,1137,False,False,0.107788188030743,0.09723769161118566,0.18859251845980465,0.11760543568183437
human_cervical_cancer_real_profile_mask_epithelial_cell,human_cervical_cancer_real,Epithelial cell,"Cervical
Epithelial cell",TCGAAATTTAGGACCA-1,0.054830290395863575,0.4551738310870508,1646,1136,False,False,0.12070529730831032,0.12571440046454124,0.0,0.02321768286848125
human_cervical_cancer_real_profile_mask_epithelial_cell,human_cervical_cancer_real,Epithelial cell,"Cervical
Epithelial cell",TCTAGGTGGCGACGCT-1,0.054841845400308856,0.45528763452565757,1647,1135,False,False,0.12402574272103635,0.05647304973305725,0.145605789983938,0.0
human_cervical_cancer_real_profile_mask_epithelial_cell,human_cervical_cancer_real,Epithelial cell,"Cervical
Epithelial cell",CGAACCCGCATGCGTC-1,0.05484410548469953,0.45530989374471875,1648,1134,False,False,0.09134720288871724,0.06990631171271726,0.08675769817172022,0.0
human_cervical_cancer_real_profile_mask_epithelial_cell,human_cervical_cancer_real,Epithelial cell,"Cervical
Epithelial cell",TCGTTAGGAGTCCCTA-1,0.05484814178939338,0.4553496466808254,1649,1133,False,False,0.016574671119354418,0.05388362774318584,0.09609599522898246,0.0
human_cervical_cancer_real_profile_mask_epithelial_cell,human_cervical_cancer_real,Epithelial cell,"Cervical
Epithelial cell",TTGTAATCCGTACTCG-1,0.054853950409994016,0.4554068548801857,1650,1132,False,False,0.08967167713270176,0.14841992579993585,0.6998569581975621,0.06748729248636219
human_cervical_cancer_real_profile_mask_epithelial_cell,human_cervical_cancer_real,Epithelial cell,"Cervical
Epithelial cell",CGGAGCTTATAACACC-1,0.05485849199985371,0.45545158429117144,1651,1131,False,False,0.081585226402025,0.10741323482503816,0.09986100262350157,0.0
human_cervical_cancer_real_profile_mask_epithelial_cell,human_cervical_cancer_real,Epithelial cell,"Cervical
Epithelial cell",GGTCGGATAAACGGCG-1,0.05486317725978533,0.455497728686313,1652,1130,False,False,0.04956791162721783,0.03157075174879,0.11581547936712464,0.0
human_cervical_cancer_real_profile_mask_epithelial_cell,human_cervical_cancer_real,Epithelial cell,"Cervical
Epithelial cell",TTCTTAGTGAACGGTG-1,0.05487594716663568,0.4556234975094355,1653,1129,False,False,0.05656309872373392,0.028959353017815832,0.1516303814562995,0.0
human_cervical_cancer_real_profile_mask_epithelial_cell,human_cervical_cancer_real,Epithelial cell,"Cervical
Epithelial cell",GATGACGATGATCGCG-1,0.05488059678034105,0.4556692908304481,1654,1128,False,False,0.17067442201054017,0.17067442201054017,0.0768691262196198,0.0
human_cervical_cancer_real_profile_mask_epithelial_cell,human_cervical_cancer_real,Epithelial cell,"Cervical
Epithelial cell",AATATCGAGGGTTCTC-1,0.05488518067177721,0.45571443686307017,1655,1127,False,False,0.1240163239120665,0.08007340309972566,0.16837018301658416,0.0
human_cervical_cancer_real_profile_mask_epithelial_cell,human_cervical_cancer_real,Epithelial cell,"Cervical
Epithelial cell",GCGCTATGCCGAGGCA-1,0.05491480604200052,0.4560062125190103,1656,1126,False,False,0.09987593886122985,0.0545727945732365,0.2400943518528762,0.0
human_cervical_cancer_real_profile_mask_epithelial_cell,human_cervical_cancer_real,Epithelial cell,"Cervical
Epithelial cell",AAGCTCGTGCCAAGTC-1,0.05491856856671585,0.45604326903876113,1657,1125,False,False,0.14629508017285814,0.09687687520180625,0.1531117133925705,0.1329940315098168
human_cervical_cancer_real_profile_mask_epithelial_cell,human_cervical_cancer_real,Epithelial cell,"Cervical
Epithelial cell",GCGCCTCCCACTCCGA-1,0.05493955064186604,0.45624991822808053,1658,1124,False,False,0.5780811972280533,0.18221500755947603,0.14742766468412727,0.0
human_cervical_cancer_real_profile_mask_epithelial_cell,human_cervical_cancer_real,Epithelial cell,"Cervical
Epithelial cell",CCTCACCTTAGCATCG-1,0.054940508378811176,0.4562593508300456,1659,1123,False,False,0.1517117248328971,0.18497939242254133,0.1646315257626479,0.13637187784865823
human_cervical_cancer_real_profile_mask_epithelial_cell,human_cervical_cancer_real,Epithelial cell,"Cervical
Epithelial cell",CGCAGAAACATTTGCG-1,0.054977101121050996,0.456619747047517,1660,1122,False,False,0.04992672256991075,0.11509230003402084,0.0742469530597287,0.0
human_cervical_cancer_real_profile_mask_epithelial_cell,human_cervical_cancer_real,Epithelial cell,"Cervical
Epithelial cell",AAGCCGCTTTACCTTG-1,0.05498022738891458,0.45665053717265863,1661,1121,False,False,0.10172292578402543,0.15255334965572706,0.17429064525650212,0.0
human_cervical_cancer_real_profile_mask_epithelial_cell,human_cervical_cancer_real,Epithelial cell,"Cervical
Epithelial cell",CCTGAATATTTACATA-1,0.054992848170779346,0.45677483728703056,1662,1120,False,False,0.07954070106487741,0.08829681050439916,0.2799622930785913,0.07276431734874135
human_cervical_cancer_real_profile_mask_epithelial_cell,human_cervical_cancer_real,Epithelial cell,"Cervical
Epithelial cell",ACACCACATAATTAGC-1,0.0550023896029536,0.4568688093660381,1663,1119,False,False,0.0,0.19204670615743033,0.13888249885818088,0.0
human_cervical_cancer_real_profile_mask_epithelial_cell,human_cervical_cancer_real,Epithelial cell,"Cervical
Epithelial cell",CCGGAGGTCTTATGGT-1,0.05500442654200495,0.45688887086141644,1664,1118,False,False,0.12118672962960785,0.18751989592104384,0.12751231354624365,0.0
human_cervical_cancer_real_profile_mask_epithelial_cell,human_cervical_cancer_real,Epithelial cell,"Cervical
Epithelial cell",GGAGGGCTTGGTTGGC-1,0.055007672391530905,0.4569208387277209,1665,1117,False,False,1.2306737735755955,0.07457848319372534,0.14662993748913308,0.09264514582000592
human_cervical_cancer_real_profile_mask_epithelial_cell,human_cervical_cancer_real,Epithelial cell,"Cervical
Epithelial cell",CTAGTGAAGGACAGGA-1,0.055009702599519525,0.4569408339299111,1666,1116,False,False,0.7163134606267649,0.10733119753764593,0.13496806486534332,0.0
human_cervical_cancer_real_profile_mask_epithelial_cell,human_cervical_cancer_real,Epithelial cell,"Cervical
Epithelial cell",CATAAGAAGCTTGGCT-1,0.05505041348661259,0.457341789114469,1667,1115,False,False,0.14688285841075333,0.11953892617548947,0.1270058083672957,0.1113801064253397
human_cervical_cancer_real_profile_mask_epithelial_cell,human_cervical_cancer_real,Epithelial cell,"Cervical
Epithelial cell",ATCGACTCTTTCCGTT-1,0.05505689259008943,0.4574056007952213,1668,1114,False,False,0.02456651112623775,0.10533295860624155,0.1306229947752401,0.09869229200322782
human_cervical_cancer_real_profile_mask_epithelial_cell,human_cervical_cancer_real,Epithelial cell,"Cervical
Epithelial cell",CCGAGCTGTGCTTGTC-1,0.05505740069438381,0.45741060503525816,1669,1113,False,False,0.12950772078930042,0.16891570910781842,0.0865076332360091,0.0
human_cervical_cancer_real_profile_mask_epithelial_cell,human_cervical_cancer_real,Epithelial cell,"Cervical
Epithelial cell",GGGCCGGCCGAAGTAC-1,0.05507962732150926,0.4576295116230909,1670,1112,False,False,0.1334853229458583,0.09362454770596135,0.10099144654183502,0.312488109657435
human_cervical_cancer_real_profile_mask_epithelial_cell,human_cervical_cancer_real,Epithelial cell,"Cervical
Epithelial cell",GGGAGAACTCACAGTA-1,0.05508103173031476,0.4576433434266209,1671,1111,False,False,0.0909036561680236,0.10835908499775024,0.17112262167708936,0.09740697578798224
human_cervical_cancer_real_profile_mask_epithelial_cell,human_cervical_cancer_real,Epithelial cell,"Cervical
Epithelial cell",ACTTACCGGGCGCGCA-1,0.05508194925962477,0.45765238002985165,1672,1110,False,False,0.14904982861638366,0.12967485740154067,0.07988044540368443,0.0
human_cervical_cancer_real_profile_mask_epithelial_cell,human_cervical_cancer_real,Epithelial cell,"Cervical
Epithelial cell",GCTATCATACTCATGG-1,0.05508635872138083,0.45769580813172916,1673,1109,False,False,0.13046205548959258,0.14839847837084857,0.0846449875563779,0.18494543601938054
human_cervical_cancer_real_profile_mask_epithelial_cell,human_cervical_cancer_real,Epithelial cell,"Cervical
Epithelial cell",GTAAGTAGGGTATACC-1,0.05508949016213426,0.457726649203857,1674,1108,False,False,0.09893411269906557,0.11620957271691101,0.2884994055598062,0.0
human_cervical_cancer_real_profile_mask_epithelial_cell,human_cervical_cancer_real,Epithelial cell,"Cervical
Epithelial cell",CACATATTAGCAGGAT-1,0.055093311752739675,0.45776428745435727,1675,1107,False,False,0.17368329629757065,0.13216010768032108,0.06355647162947446,0.19878028813293905
human_cervical_cancer_real_profile_mask_epithelial_cell,human_cervical_cancer_real,Epithelial cell,"Cervical
Epithelial cell",CAACCTACCGAGCAGT-1,0.05509391670485754,0.4577702455335195,1676,1106,False,False,0.29649887283698795,0.18541182220047986,0.138221834898048,0.0
human_cervical_cancer_real_profile_mask_epithelial_cell,human_cervical_cancer_real,Epithelial cell,"Cervical
Epithelial cell",CCAGCTACGCCTCATA-1,0.05510656000147003,0.45789476739213425,1677,1105,False,False,0.11150097062429558,0.10869225994503107,0.14845916691354963,0.0
human_cervical_cancer_real_profile_mask_epithelial_cell,human_cervical_cancer_real,Epithelial cell,"Cervical
Epithelial cell",CCCGACCATAGTCCGC-1,0.05512077963968282,0.45803481439358923,1678,1104,False,False,0.17234167258429192,0.1637195224339908,0.09557964591988145,0.12098377039763235
human_cervical_cancer_real_profile_mask_epithelial_cell,human_cervical_cancer_real,Epithelial cell,"Cervical
Epithelial cell",CGTTTACAAGGCAGCT-1,0.05512091321955839,0.4580361300009731,1679,1103,False,False,0.12119012717248459,0.15556069173504866,0.09162969580392671,0.0
human_cervical_cancer_real_profile_mask_epithelial_cell,human_cervical_cancer_real,Epithelial cell,"Cervical
Epithelial cell",ACAAGGAAATCCGCCC-1,0.05513785358664545,0.4582029730372435,1680,1102,False,False,0.5145956411020863,0.09471076016162373,0.2129440040146012,0.13626613508773242
human_cervical_cancer_real_profile_mask_epithelial_cell,human_cervical_cancer_real,Epithelial cell,"Cervical
Epithelial cell",TGTGACTACGCCAGTC-1,0.0551482275910753,0.4583051449906885,1681,1101,False,False,0.11103972378806727,0.1812439921164432,0.12922273464692668,0.10583233258260863
human_cervical_cancer_real_profile_mask_epithelial_cell,human_cervical_cancer_real,Epithelial cell,"Cervical
Epithelial cell",CCAGGGACGTGGCCTC-1,0.05515331604012209,0.4583552603326117,1682,1100,False,False,0.07515080303486758,0.07515080303486758,0.14652328520634875,0.1538071207889235
human_cervical_cancer_real_profile_mask_epithelial_cell,human_cervical_cancer_real,Epithelial cell,"Cervical
Epithelial cell",CGACAGTTCGCGTTAT-1,0.05516180988002155,0.458438914838511,1683,1099,False,False,0.13428063195790158,0.11712274495440518,0.09349313139526877,0.0
human_cervical_cancer_real_profile_mask_epithelial_cell,human_cervical_cancer_real,Epithelial cell,"Cervical
Epithelial cell",CTCATGGCTCACAATC-1,0.05516256784648478,0.45844637993212245,1684,1098,False,False,0.08363866072684957,0.13610589925204525,0.08935546137100396,0.05677756026851117
human_cervical_cancer_real_profile_mask_epithelial_cell,human_cervical_cancer_real,Epithelial cell,"Cervical
Epithelial cell",CTATGCCCGAATGCAA-1,0.055172929880285534,0.45854843398870637,1685,1097,False,False,0.12097767225318566,0.17471269781958504,0.020801344365624166,0.0
human_cervical_cancer_real_profile_mask_epithelial_cell,human_cervical_cancer_real,Epithelial cell,"Cervical
Epithelial cell",TCTAGCATGCCCAGAA-1,0.05517947578285135,0.4586129035632793,1686,1096,False,False,0.08147486800107549,0.03962810755877342,0.1282934674452735,0.10638568268341815
human_cervical_cancer_real_profile_mask_epithelial_cell,human_cervical_cancer_real,Epithelial cell,"Cervical
Epithelial cell",CGCCATCCGATTATGA-1,0.055189733828098796,0.4587139334528022,1687,1095,False,False,0.07772786277841609,0.10274524525410535,0.11555454173958597,0.07155358981619402
human_cervical_cancer_real_profile_mask_epithelial_cell,human_cervical_cancer_real,Epithelial cell,"Cervical
Epithelial cell",AGCTATTTAATCCAAC-1,0.055194475812424475,0.45876063651766363,1688,1094,False,False,0.11140392478485242,0.24023930685599854,0.061223588750947355,0.10980668862149506
human_cervical_cancer_real_profile_mask_epithelial_cell,human_cervical_cancer_real,Epithelial cell,"Cervical
Epithelial cell",TGTTGTCAAGAAGTCT-1,0.055203596816048896,0.4588504678613831,1689,1093,False,False,0.0760880880248135,0.11471019301862015,0.10668167702735273,0.1738910145391267
human_cervical_cancer_real_profile_mask_epithelial_cell,human_cervical_cancer_real,Epithelial cell,"Cervical
Epithelial cell",TCAGTAGGGACTATAA-1,0.05520447012339342,0.45885906892936523,1690,1092,False,False,0.8775920693884175,0.09702513238181425,0.20840593115402556,0.0
human_cervical_cancer_real_profile_mask_epithelial_cell,human_cervical_cancer_real,Epithelial cell,"Cervical
Epithelial cell",TCGCCGACATATTCGC-1,0.055210470139106314,0.45891816214936837,1691,1091,False,False,0.24646474368584173,0.17415513438657956,0.09608935866261797,0.0
human_cervical_cancer_real_profile_mask_epithelial_cell,human_cervical_cancer_real,Epithelial cell,"Cervical
Epithelial cell",TAGCTAAGTCCGGGAG-1,0.05521277327394085,0.4589408453655442,1692,1090,False,False,0.1276083943512125,0.11523537317263317,0.1163600514392661,0.07432071118836138
human_cervical_cancer_real_profile_mask_epithelial_cell,human_cervical_cancer_real,Epithelial cell,"Cervical
Epithelial cell",TTATGATCTTAACGAA-1,0.05521397834808457,0.4589527139530451,1693,1089,False,False,0.10358153325260791,0.0401100325677725,0.2600228008750544,0.32243591041735925
human_cervical_cancer_real_profile_mask_epithelial_cell,human_cervical_cancer_real,Epithelial cell,"Cervical
Epithelial cell",AAATGGCATGTCTTGT-1,0.05521825482304272,0.4589948322886682,1694,1088,False,False,0.07614053575249298,0.09578250928995476,0.10247994603122136,0.0
human_cervical_cancer_real_profile_mask_epithelial_cell,human_cervical_cancer_real,Epithelial cell,"Cervical
Epithelial cell",GCCTATGCTGGGCCTT-1,0.05522614029845103,0.4590724951074724,1695,1087,False,False,0.10984723907863667,0.23835796240161244,0.09982854123601669,0.0
human_cervical_cancer_real_profile_mask_epithelial_cell,human_cervical_cancer_real,Epithelial cell,"Cervical
Epithelial cell",GCCTATTCCGATATAG-1,0.05523460023283144,0.45915581568319686,1696,1086,False,False,0.03696049258985933,0.032808273386642835,0.48357844556490065,0.0
human_cervical_cancer_real_profile_mask_epithelial_cell,human_cervical_cancer_real,Epithelial cell,"Cervical
Epithelial cell",CTCGAGGTCGAACAGT-1,0.05524048552494651,0.45921377900835797,1697,1085,False,False,0.10912590810213733,0.09508428791226982,0.0,0.08341859807087225
human_cervical_cancer_real_profile_mask_epithelial_cell,human_cervical_cancer_real,Epithelial cell,"Cervical
Epithelial cell",CATGATGCACAATTCT-1,0.055240590756883014,0.4592148154213063,1698,1084,False,False,0.06328499364553167,0.11735014566459594,0.07481731616067183,0.07481737164395867
human_cervical_cancer_real_profile_mask_epithelial_cell,human_cervical_cancer_real,Epithelial cell,"Cervical
Epithelial cell",TAAAGACAACCCTTTA-1,0.05524080890927193,0.4592169639701984,1699,1083,False,False,0.08348445518450727,0.12636443063270908,0.12060686520383078,0.0
human_cervical_cancer_real_profile_mask_epithelial_cell,human_cervical_cancer_real,Epithelial cell,"Cervical
Epithelial cell",TCGTAAGACGACATTG-1,0.055258452911403654,0.4593907369984032,1700,1082,False,False,0.0719360398439095,0.0719360398439095,0.08304926618488767,0.2282162018354447
human_cervical_cancer_real_profile_mask_epithelial_cell,human_cervical_cancer_real,Epithelial cell,"Cervical
Epithelial cell",GTCATGCACCTCCGTT-1,0.05526130303888543,0.45941880745994473,1701,1081,False,False,0.059368803881094084,0.12105514436126848,0.09398562684097762,0.08589303845364707
human_cervical_cancer_real_profile_mask_epithelial_cell,human_cervical_cancer_real,Epithelial cell,"Cervical
Epithelial cell",GACGCCTGTTGCAGGG-1,0.055274421845223326,0.45954801253976446,1702,1080,False,False,0.03597869771208483,0.09725011570888725,0.12264411171564664,0.0
human_cervical_cancer_real_profile_mask_epithelial_cell,human_cervical_cancer_real,Epithelial cell,"Cervical
Epithelial cell",GGCTCGCGTTGAGGTA-1,0.05528083005757796,0.45961112602489845,1703,1079,False,False,0.1508403835505134,0.08305853711556907,0.39024318353809034,0.6952873978220692
human_cervical_cancer_real_profile_mask_epithelial_cell,human_cervical_cancer_real,Epithelial cell,"Cervical
Epithelial cell",CGAACGCCCAGTGCCG-1,0.0552824145024765,0.45962673097586065,1704,1078,False,False,0.048879791491484,0.09608300679170267,0.1941321471759936,0.1324092977402547
human_cervical_cancer_real_profile_mask_epithelial_cell,human_cervical_cancer_real,Epithelial cell,"Cervical
Epithelial cell",CCTCTCTCCCATCTAG-1,0.055298296193589884,0.4597831472773994,1705,1077,False,False,0.07144733642934442,0.47093831773299794,0.42852784481409334,0.0
human_cervical_cancer_real_profile_mask_epithelial_cell,human_cervical_cancer_real,Epithelial cell,"Cervical
Epithelial cell",TCACAGGGAATCGCAA-1,0.055309924078687525,0.4598976685061971,1706,1076,False,False,0.09534042673801325,0.11740043373067444,0.11454700049819432,0.16691050699907703
human_cervical_cancer_real_profile_mask_epithelial_cell,human_cervical_cancer_real,Epithelial cell,"Cervical
Epithelial cell",AGGACGCTCGATGTTG-1,0.05534090508383311,0.46020279559928995,1707,1075,False,False,0.053727670745554165,0.05623439507058374,0.08184197359983088,0.13351570259364587
human_cervical_cancer_real_profile_mask_epithelial_cell,human_cervical_cancer_real,Epithelial cell,"Cervical
Epithelial cell",CAAGTGAACTTTGGTT-1,0.05534274603398249,0.46022092683050625,1708,1074,False,False,0.06040223980272017,0.09550306883270851,0.15812955076150922,0.0
human_cervical_cancer_real_profile_mask_epithelial_cell,human_cervical_cancer_real,Epithelial cell,"Cervical
Epithelial cell",CATACTATGTAATTGT-1,0.05534467705368333,0.4602399451427029,1709,1073,False,False,0.09152217522435917,0.0946917791465696,0.10431317912078407,0.0
human_cervical_cancer_real_profile_mask_epithelial_cell,human_cervical_cancer_real,Epithelial cell,"Cervical
Epithelial cell",CAGTTCAAATTGACAC-1,0.05534949322282911,0.46028737884230003,1710,1072,False,False,0.09287843648994584,0.06568760316651599,0.2684300693363589,0.09032063344128849
human_cervical_cancer_real_profile_mask_epithelial_cell,human_cervical_cancer_real,Epithelial cell,"Cervical
Epithelial cell",GTACTGGAGTTAGACC-1,0.05535810458112853,0.4603721907686122,1711,1071,False,False,0.2080624998933243,0.05253817977426483,0.16373191588460495,0.15895031310539076
human_cervical_cancer_real_profile_mask_epithelial_cell,human_cervical_cancer_real,Epithelial cell,"Cervical
Epithelial cell",GGGAGGATGCCCGAAA-1,0.055372928151933634,0.4605181858080811,1712,1070,False,False,0.07123279645864633,0.1070402640573009,0.0,0.0
human_cervical_cancer_real_profile_mask_epithelial_cell,human_cervical_cancer_real,Epithelial cell,"Cervical
Epithelial cell",TAGCTCGCCTGATAAC-1,0.055377464156091606,0.46056286020636084,1713,1069,False,False,0.10180535244802716,0.05468931307248467,0.13297493122455653,0.0
human_cervical_cancer_real_profile_mask_epithelial_cell,human_cervical_cancer_real,Epithelial cell,"Cervical
Epithelial cell",AGGCCCATTGTACAGG-1,0.05537843244084104,0.4605723966920072,1714,1068,False,False,0.04683416830065633,0.09020450223357217,0.10366713688254298,0.0
human_cervical_cancer_real_profile_mask_epithelial_cell,human_cervical_cancer_real,Epithelial cell,"Cervical
Epithelial cell",TACGTGCAAGGTTCCT-1,0.055381880696474865,0.4606063580245348,1715,1067,False,False,0.04647352787440884,0.05751252390844159,0.17430080096773065,0.0
human_cervical_cancer_real_profile_mask_epithelial_cell,human_cervical_cancer_real,Epithelial cell,"Cervical
Epithelial cell",GTCACAAAGTTTCCAA-1,0.0553840407684743,0.4606276322371358,1716,1066,False,False,0.0480715807207515,0.069299512089081,0.04844628042467206,0.0
human_cervical_cancer_real_profile_mask_epithelial_cell,human_cervical_cancer_real,Epithelial cell,"Cervical
Epithelial cell",CCATGCTCTGCAGGAA-1,0.055386746457443854,0.46065428014627285,1717,1065,False,False,0.02678274969037325,0.022174760637786832,0.32467374946690575,0.0
human_cervical_cancer_real_profile_mask_epithelial_cell,human_cervical_cancer_real,Epithelial cell,"Cervical
Epithelial cell",TATGGCTAGGCTAATT-1,0.055387687509133775,0.46066354841775875,1718,1064,False,False,0.06014466147491217,0.15289735937103824,0.11189798781178076,0.0
human_cervical_cancer_real_profile_mask_epithelial_cell,human_cervical_cancer_real,Epithelial cell,"Cervical
Epithelial cell",ACTCGCGATCTGACGC-1,0.05539588877409336,0.460744321398656,1719,1063,False,False,0.6590028891265488,0.09077439699705965,0.17547865487796496,0.0
human_cervical_cancer_real_profile_mask_epithelial_cell,human_cervical_cancer_real,Epithelial cell,"Cervical
Epithelial cell",TTGTGGCCCTGACAGT-1,0.05541435125476098,0.4609261554944486,1720,1062,False,False,0.02467226155479967,0.19426463204705843,0.3194575630595638,0.08930336916303547
human_cervical_cancer_real_profile_mask_epithelial_cell,human_cervical_cancer_real,Epithelial cell,"Cervical
Epithelial cell",TTAACGAACAAGCAGT-1,0.05542905528775114,0.46107097322460117,1721,1061,False,False,0.07238231295692134,0.20862764942901493,0.0,0.0
human_cervical_cancer_real_profile_mask_epithelial_cell,human_cervical_cancer_real,Epithelial cell,"Cervical
Epithelial cell",ACTTCAGGCTGATCCC-1,0.05543211879434662,0.46110114522379086,1722,1060,False,False,0.5086218359587736,0.10207166888194334,0.47990482278722063,0.1369316693223932
human_cervical_cancer_real_profile_mask_epithelial_cell,human_cervical_cancer_real,Epithelial cell,"Cervical
Epithelial cell",TAGACTACCTAGCGTT-1,0.05543285469336655,0.46110839297859113,1723,1059,False,False,0.23610563404612345,0.044439012367251084,0.15109508187378518,0.0
human_cervical_cancer_real_profile_mask_epithelial_cell,human_cervical_cancer_real,Epithelial cell,"Cervical
Epithelial cell",AATCGAGGTCTCAAGG-1,0.05544054420984741,0.4611841258284477,1724,1058,False,False,0.21776184483610841,0.12036540898198567,0.18020208586002034,0.0
human_cervical_cancer_real_profile_mask_epithelial_cell,human_cervical_cancer_real,Epithelial cell,"Cervical
Epithelial cell",CGTTAGCTCACAACTG-1,0.055440624450441935,0.46118491610556234,1725,1057,False,False,0.04108724210098392,0.08029064221844,0.22928118196526565,0.10643847995648373
human_cervical_cancer_real_profile_mask_epithelial_cell,human_cervical_cancer_real,Epithelial cell,"Cervical
Epithelial cell",TCCATTGTGACCTCGT-1,0.055445579987137034,0.46123372241444044,1726,1056,False,False,0.14549775509812626,0.2238197574594559,0.12211796824278959,0.0
human_cervical_cancer_real_profile_mask_epithelial_cell,human_cervical_cancer_real,Epithelial cell,"Cervical
Epithelial cell",TTACGTAGCGCGTGCT-1,0.05545750049464287,0.4613511256357483,1727,1055,False,False,0.653758108001857,0.1182109500099615,0.08783786307106109,0.0
human_cervical_cancer_real_profile_mask_epithelial_cell,human_cervical_cancer_real,Epithelial cell,"Cervical
Epithelial cell",GAAGTGATTTATCGTG-1,0.05545883564098161,0.4613642752840338,1728,1054,False,False,0.11490096110022267,0.11299387800460649,0.025558377738410836,0.0
human_cervical_cancer_real_profile_mask_epithelial_cell,human_cervical_cancer_real,Epithelial cell,"Cervical
Epithelial cell",ACCGGGCCTTTGTTGA-1,0.05549264906293086,0.4616972984089586,1729,1053,False,False,0.06614000340239058,0.10521102269498467,0.07652936642821419,0.0
human_cervical_cancer_real_profile_mask_epithelial_cell,human_cervical_cancer_real,Epithelial cell,"Cervical
Epithelial cell",CTTCTTACGTCGTATA-1,0.05549762970844699,0.4617463520107033,1730,1052,False,False,0.08357554296040333,0.024252701241452002,0.09169372866484962,0.17789472976245307
human_cervical_cancer_real_profile_mask_epithelial_cell,human_cervical_cancer_real,Epithelial cell,"Cervical
Epithelial cell",TGATCGGTTTGACCCT-1,0.0554976479052051,0.46174653122773907,1731,1051,False,False,0.16517169007324298,0.11758648658340277,0.11516175545129916,0.20209244699730303
human_cervical_cancer_real_profile_mask_epithelial_cell,human_cervical_cancer_real,Epithelial cell,"Cervical
Epithelial cell",GCCGTGGAAGAAATGT-1,0.05550183369216446,0.4617877563913905,1732,1050,False,False,0.1850066742449763,0.11709001995182708,0.14598195907082737,0.0
human_cervical_cancer_real_profile_mask_epithelial_cell,human_cervical_cancer_real,Epithelial cell,"Cervical
Epithelial cell",GGCAAGCCAGGGATAG-1,0.05552019828946842,0.4619686264491839,1733,1049,False,False,0.20511686476357516,0.11546219269285918,0.10015047598888242,0.0
human_cervical_cancer_real_profile_mask_epithelial_cell,human_cervical_cancer_real,Epithelial cell,"Cervical
Epithelial cell",GAGCACCTGTGTCCAG-1,0.05552187080153384,0.4619850987599526,1734,1048,False,False,0.08862786097906208,0.141031685236212,0.16029168061338736,0.12959857696473762
human_cervical_cancer_real_profile_mask_epithelial_cell,human_cervical_cancer_real,Epithelial cell,"Cervical
Epithelial cell",GCATAGAGCACTCAGG-1,0.05553744904784379,0.4621385264808965,1735,1047,False,False,0.10979671912519334,0.14315009820645158,0.10194439193320218,0.12037453614402889
human_cervical_cancer_real_profile_mask_epithelial_cell,human_cervical_cancer_real,Epithelial cell,"Cervical
Epithelial cell",AACCCTGGTGGAACCA-1,0.05555161293062911,0.46227802435583254,1736,1046,False,False,0.11507484396519684,0.15127460448868935,0.33098242540855455,0.0
human_cervical_cancer_real_profile_mask_epithelial_cell,human_cervical_cancer_real,Epithelial cell,"Cervical
Epithelial cell",GGCCCAGCTGGTTTGC-1,0.05555178803833738,0.46227974896437096,1737,1045,False,False,0.14842914491307133,0.14842914491307133,0.1539167606841042,0.15460476333440934
human_cervical_cancer_real_profile_mask_epithelial_cell,human_cervical_cancer_real,Epithelial cell,"Cervical
Epithelial cell",ATCACTTCATCCTCGC-1,0.0555566992261407,0.46232811848792316,1738,1044,False,False,0.08706103748645158,0.08706103748645158,0.08286965515793672,0.09540795967662816
human_cervical_cancer_real_profile_mask_epithelial_cell,human_cervical_cancer_real,Epithelial cell,"Cervical
Epithelial cell",GTAGACAACCGATGAA-1,0.055557203997368826,0.4623330899011098,1739,1043,False,False,0.04060449646228575,0.11297202141597416,0.09746984713723886,0.0
human_cervical_cancer_real_profile_mask_epithelial_cell,human_cervical_cancer_real,Epithelial cell,"Cervical
Epithelial cell",CGGCTTTGTATGATAA-1,0.055572608909278585,0.4624848104785503,1740,1042,False,False,0.04904210417782567,0.11434216150814525,0.5619189459838474,0.0
human_cervical_cancer_real_profile_mask_epithelial_cell,human_cervical_cancer_real,Epithelial cell,"Cervical
Epithelial cell",TGCAATCTAACACGGT-1,0.05558067291748255,0.462564231639045,1741,1041,False,False,0.0,0.14323467481908958,0.2441661132322475,0.0
human_cervical_cancer_real_profile_mask_epithelial_cell,human_cervical_cancer_real,Epithelial cell,"Cervical
Epithelial cell",TCGCTGGGCGGATTGT-1,0.05560155258222231,0.46276987220418664,1742,1040,False,False,0.12355326365510302,0.07765764132486648,0.10343385500581086,0.09937653501581488
human_cervical_cancer_real_profile_mask_epithelial_cell,human_cervical_cancer_real,Epithelial cell,"Cervical
Epithelial cell",ATGACGCCGGCTCTAA-1,0.05560786335434456,0.4628320260156522,1743,1039,False,False,0.0730081176262505,0.1130392397318735,0.11888394545668066,0.08456559560942901
human_cervical_cancer_real_profile_mask_epithelial_cell,human_cervical_cancer_real,Epithelial cell,"Cervical
Epithelial cell",AGTTAAACACTTGCGA-1,0.055610457153310006,0.4628575719375703,1744,1038,False,False,0.10722661521710593,0.13093072032203348,0.12799712807122707,0.0
human_cervical_cancer_real_profile_mask_epithelial_cell,human_cervical_cancer_real,Epithelial cell,"Cervical
Epithelial cell",TCTTACAGAGGTACCG-1,0.0556110356867441,0.462863269823232,1745,1037,False,False,0.057948171442558,0.09555002276837767,0.5745198040587461,0.0
human_cervical_cancer_real_profile_mask_epithelial_cell,human_cervical_cancer_real,Epithelial cell,"Cervical
Epithelial cell",GATAGGATTAATTACA-1,0.055611535645528995,0.4628681938394149,1746,1036,False,False,0.06869616025806842,0.18522925769268442,0.09622559516739007,0.0
human_cervical_cancer_real_profile_mask_epithelial_cell,human_cervical_cancer_real,Epithelial cell,"Cervical
Epithelial cell",TTGAGCAGCCCACGGT-1,0.05563017560666184,0.46305177591265956,1747,1035,False,False,0.06889928110423246,0.13230956741459002,0.10782646221033736,0.0
human_cervical_cancer_real_profile_mask_epithelial_cell,human_cervical_cancer_real,Epithelial cell,"Cervical
Epithelial cell",TTCTTTGGTCGCGACG-1,0.05563080165954318,0.4630579418099539,1748,1034,False,False,0.1635360799010476,0.18968038090693445,0.1392179040062021,0.0
human_cervical_cancer_real_profile_mask_epithelial_cell,human_cervical_cancer_real,Epithelial cell,"Cervical
Epithelial cell",CATAGCGTTGCCCACC-1,0.05563128106997114,0.4630626634485707,1749,1033,False,False,0.12849348668539382,0.01640161199493875,0.25792169599611636,0.0
human_cervical_cancer_real_profile_mask_epithelial_cell,human_cervical_cancer_real,Epithelial cell,"Cervical
Epithelial cell",TCTATCGGTCGCAACA-1,0.0556350616714811,0.46309989800385565,1750,1032,False,False,0.15072195112087491,0.091269238249373,0.10883366474860648,0.07212482268702194
human_cervical_cancer_real_profile_mask_epithelial_cell,human_cervical_cancer_real,Epithelial cell,"Cervical
Epithelial cell",AGTTCCTACAGAATTA-1,0.055635796504651044,0.4631071352612655,1751,1031,False,False,0.12159594276018741,0.08993159857454065,0.10457282119752638,0.0836830511018651
human_cervical_cancer_real_profile_mask_epithelial_cell,human_cervical_cancer_real,Epithelial cell,"Cervical
Epithelial cell",ATAAGGTGGAGAACAT-1,0.05563912297894699,0.4631398971883689,1752,1030,False,False,0.20514431971085267,0.079882715747607,0.22279616716436107,0.10178963093212533
human_cervical_cancer_real_profile_mask_epithelial_cell,human_cervical_cancer_real,Epithelial cell,"Cervical
Epithelial cell",ATAATCTTGGAGAACC-1,0.05564395631712818,0.46318749998312103,1753,1029,False,False,0.8333906206318455,0.034541488761099505,0.12054596939572985,0.15015736965579077
human_cervical_cancer_real_profile_mask_epithelial_cell,human_cervical_cancer_real,Epithelial cell,"Cervical
Epithelial cell",GAGGATAAACAGTGCT-1,0.05564825309393826,0.46322981826852105,1754,1028,False,False,0.05341761324429766,0.07491567360443376,0.2914924132964744,0.0
human_cervical_cancer_real_profile_mask_epithelial_cell,human_cervical_cancer_real,Epithelial cell,"Cervical
Epithelial cell",ACAGATTAGGTTAGTG-1,0.055660795793539136,0.4633533493628405,1755,1027,False,False,0.19020432609792523,0.11846853700383818,0.07581055053070497,0.0
human_cervical_cancer_real_profile_mask_epithelial_cell,human_cervical_cancer_real,Epithelial cell,"Cervical
Epithelial cell",ACCAACACCACACACT-1,0.055665937017070115,0.46340398447243675,1756,1026,False,False,0.10905135041632265,0.10101935625326901,0.49515175446950527,0.0
human_cervical_cancer_real_profile_mask_epithelial_cell,human_cervical_cancer_real,Epithelial cell,"Cervical
Epithelial cell",TCACGCATTGTAGATC-1,0.05566942524211011,0.46343833945741886,1757,1025,False,False,0.045968753987041165,0.12569646990137667,0.13397616963401113,0.05050325519427442
human_cervical_cancer_real_profile_mask_epithelial_cell,human_cervical_cancer_real,Epithelial cell,"Cervical
Epithelial cell",TTGATAGTCAATACAT-1,0.055690372819438554,0.4636446488830663,1758,1024,False,False,0.08726149990383766,0.04592647761650059,0.09200957496632726,0.0
human_cervical_cancer_real_profile_mask_epithelial_cell,human_cervical_cancer_real,Epithelial cell,"Cervical
Epithelial cell",TAATACACAGTAGTAT-1,0.055693775037299005,0.46367815679673624,1759,1023,False,False,0.0714345698804195,0.07954070106487741,0.11563678146679027,0.09533441532493167
human_cervical_cancer_real_profile_mask_epithelial_cell,human_cervical_cancer_real,Epithelial cell,"Cervical
Epithelial cell",CGAGAGATGTGAACCT-1,0.05572179431832151,0.4639541143303532,1760,1022,False,False,0.09111522152023384,0.2165572569080521,0.26965798663367807,0.11575478227510143
human_cervical_cancer_real_profile_mask_epithelial_cell,human_cervical_cancer_real,Epithelial cell,"Cervical
Epithelial cell",TCGTATTTCGTCCGGA-1,0.055727386505695864,0.46400919091258636,1761,1021,False,False,0.03693408070955933,0.011981827154567666,0.12786774603232892,0.0
human_cervical_cancer_real_profile_mask_epithelial_cell,human_cervical_cancer_real,Epithelial cell,"Cervical
Epithelial cell",GGTGATTTCATCTTGT-1,0.05578838485213857,0.4646099541236594,1762,1020,False,False,0.10575761454239666,0.08537753417688966,0.08175237785174796,0.0
human_cervical_cancer_real_profile_mask_epithelial_cell,human_cervical_cancer_real,Epithelial cell,"Cervical
Epithelial cell",CAGGCAGTCTTACCAG-1,0.055857578362365295,0.46529143022610203,1763,1019,False,False,0.0748067687389555,0.12070026569757235,0.13807004650029625,0.09564588317520692
human_cervical_cancer_real_profile_mask_epithelial_cell,human_cervical_cancer_real,Epithelial cell,"Cervical
Epithelial cell",CTCTATTTGGCTGCAG-1,0.055859138549121036,0.4653067962623951,1764,1018,False,False,0.10633126170119032,0.06319079197197217,0.39679400878559395,0.11146700115021571
human_cervical_cancer_real_profile_mask_epithelial_cell,human_cervical_cancer_real,Epithelial cell,"Cervical
Epithelial cell",TCCCAAAGCCCTAAAT-1,0.05585934253430356,0.46530880528067853,1765,1017,False,False,0.07791249022403618,0.09047425159805601,0.07840196200737326,0.0
human_cervical_cancer_real_profile_mask_epithelial_cell,human_cervical_cancer_real,Epithelial cell,"Cervical
Epithelial cell",CATAATGAGCGGGCGA-1,0.055859490341413014,0.4653102610098724,1766,1016,False,False,0.7033910833357613,0.14904982861638366,0.052585434935168755,0.0
human_cervical_cancer_real_profile_mask_epithelial_cell,human_cervical_cancer_real,Epithelial cell,"Cervical
Epithelial cell",CCGGTTTGTAATTGTG-1,0.05586159059542937,0.46533094608447717,1767,1015,False,False,0.6706602368520431,0.08625835309579168,0.0,0.0
human_cervical_cancer_real_profile_mask_epithelial_cell,human_cervical_cancer_real,Epithelial cell,"Cervical
Epithelial cell",TCTGTCATACAAGAGC-1,0.05586639715589567,0.46537828514968715,1768,1014,False,False,0.10396985688617734,0.1534786930317147,0.08163103314139453,0.0
human_cervical_cancer_real_profile_mask_epithelial_cell,human_cervical_cancer_real,Epithelial cell,"Cervical
Epithelial cell",GGGAGTAATGGCTGGC-1,0.055867739348400385,0.4653915041945635,1769,1013,False,False,0.06513350187058184,0.1321364772828555,0.08529330947043753,0.0
human_cervical_cancer_real_profile_mask_epithelial_cell,human_cervical_cancer_real,Epithelial cell,"Cervical
Epithelial cell",GCTTAATGTAACTAAC-1,0.055869960277669266,0.46541337778093017,1770,1012,False,False,0.07930006364177558,0.046964936635741326,0.10649342643416085,0.26895036340062195
human_cervical_cancer_real_profile_mask_epithelial_cell,human_cervical_cancer_real,Epithelial cell,"Cervical
Epithelial cell",CACCGCCGACCAGCGA-1,0.05588085259985499,0.4655206545652031,1771,1011,False,False,0.06523659340119124,0.10942611992976435,0.13321475950730194,0.0
human_cervical_cancer_real_profile_mask_epithelial_cell,human_cervical_cancer_real,Epithelial cell,"Cervical
Epithelial cell",ATGCCGGTCTTGCATA-1,0.05588718548221446,0.4655830261369505,1772,1010,False,False,0.23898747572903148,0.23898747572903148,0.12338403543818804,0.1128468698225039
human_cervical_cancer_real_profile_mask_epithelial_cell,human_cervical_cancer_real,Epithelial cell,"Cervical
Epithelial cell",GTATTCTGAGAAACGA-1,0.055889137436219725,0.46560225062784993,1773,1009,False,False,0.15556069173504866,0.025598930970103583,0.34505524894729633,0.0
human_cervical_cancer_real_profile_mask_epithelial_cell,human_cervical_cancer_real,Epithelial cell,"Cervical
Epithelial cell",GCGTTCGGAGACCGGG-1,0.05590610053797775,0.46576931757435286,1774,1008,False,False,0.021269242712643417,0.14593229790388026,0.2138607174053767,0.14438806819353217
human_cervical_cancer_real_profile_mask_epithelial_cell,human_cervical_cancer_real,Epithelial cell,"Cervical
Epithelial cell",CACCTAATCAGTTTAC-1,0.05590802406995953,0.465788262141171,1775,1007,False,False,0.11302581837151401,0.09892498858874585,0.05999546555812066,0.12125997331794204
human_cervical_cancer_real_profile_mask_epithelial_cell,human_cervical_cancer_real,Epithelial cell,"Cervical
Epithelial cell",CACAGGGCCGTTGTCA-1,0.05590995935158998,0.46580732242844824,1776,1006,False,False,0.6689116768409339,0.127764222315594,0.15112649009054774,0.0
human_cervical_cancer_real_profile_mask_epithelial_cell,human_cervical_cancer_real,Epithelial cell,"Cervical
Epithelial cell",GGATTAAGCTAAGGTC-1,0.05591396158272797,0.4658467397794116,1777,1005,False,False,0.16838717416718565,0.1656943954926481,0.07688062763449272,0.0
human_cervical_cancer_real_profile_mask_epithelial_cell,human_cervical_cancer_real,Epithelial cell,"Cervical
Epithelial cell",ATCTCCCTGCAATCTA-1,0.05591698897980889,0.46587655614161794,1778,1004,False,False,0.18965434212446233,0.08915235775974792,0.11942556225156192,0.09455305659603792
human_cervical_cancer_real_profile_mask_epithelial_cell,human_cervical_cancer_real,Epithelial cell,"Cervical
Epithelial cell",GCTAATACCGAATGCC-1,0.05591826613960167,0.4658891346894461,1779,1003,False,False,0.03257299368469692,0.24858378145197513,0.06521659310594223,0.16177546044345395
human_cervical_cancer_real_profile_mask_epithelial_cell,human_cervical_cancer_real,Epithelial cell,"Cervical
Epithelial cell",ACACAAAGACGGGTGG-1,0.055919277935749766,0.46589909971207916,1780,1002,False,False,0.12179234970742633,0.18039087128110837,0.35862817041920614,0.10160768192920594
human_cervical_cancer_real_profile_mask_epithelial_cell,human_cervical_cancer_real,Epithelial cell,"Cervical
Epithelial cell",GCTACGACTTATTGGG-1,0.05592070711986815,0.46591317552380596,1781,1001,False,False,0.6447957149053581,0.11200229200037493,0.0,0.08974653154607891
human_cervical_cancer_real_profile_mask_epithelial_cell,human_cervical_cancer_real,Epithelial cell,"Cervical
Epithelial cell",TCTTTAAGACTATGAA-1,0.05592122689723214,0.4659182947300869,1782,1000,False,False,0.16453074596204056,0.09774475736184852,0.11405752663459441,0.0
human_cervical_cancer_real_profile_mask_epithelial_cell,human_cervical_cancer_real,Epithelial cell,"Cervical
Epithelial cell",CCATCTTGTTCACAAT-1,0.05593792652982233,0.4660827668098021,1783,999,False,False,0.06347406288775259,0.12456962977887158,0.10760918161854557,0.0
human_cervical_cancer_real_profile_mask_epithelial_cell,human_cervical_cancer_real,Epithelial cell,"Cervical
Epithelial cell",GTTTGACCAAATCCTA-1,0.05594799053753095,0.4661818856538346,1784,998,False,False,0.08865826898035899,0.12849348668539382,0.0,0.06464267779345816
human_cervical_cancer_real_profile_mask_epithelial_cell,human_cervical_cancer_real,Epithelial cell,"Cervical
Epithelial cell",GAAGCTTGCTGACCGC-1,0.0559520496068896,0.46622186279557826,1785,997,False,False,0.1048779844683875,0.653616136026744,0.15017193064794593,0.0
human_cervical_cancer_real_profile_mask_epithelial_cell,human_cervical_cancer_real,Epithelial cell,"Cervical
Epithelial cell",CTGTGCAGGGTAGGTC-1,0.05596107529704141,0.4663107554117551,1786,996,False,False,0.20727319595341712,0.08952775634194185,0.10276946077561135,0.09364599108331541
human_cervical_cancer_real_profile_mask_epithelial_cell,human_cervical_cancer_real,Epithelial cell,"Cervical
Epithelial cell",TCGGAATGCGCTCTGA-1,0.055974560820393676,0.46644357223031785,1787,995,False,False,0.07421420854443034,0.1276083943512125,0.2832325687631896,0.0
human_cervical_cancer_real_profile_mask_epithelial_cell,human_cervical_cancer_real,Epithelial cell,"Cervical
Epithelial cell",TCCGGTTCGTCCGGTC-1,0.055974973992886604,0.4664476415018318,1788,994,False,False,0.10835908499775024,0.16858082842295458,0.11560380155371931,0.0
human_cervical_cancer_real_profile_mask_epithelial_cell,human_cervical_cancer_real,Epithelial cell,"Cervical
Epithelial cell",CTAAACGGGTGTAATC-1,0.05597651039494865,0.4664627732863821,1789,993,False,False,0.05723878179578225,0.0814604004742475,0.13436331113037076,0.0
human_cervical_cancer_real_profile_mask_epithelial_cell,human_cervical_cancer_real,Epithelial cell,"Cervical
Epithelial cell",CCAGTAGTCTGATCCA-1,0.055979554088404125,0.4664927501490426,1790,992,False,False,0.07249800268149093,0.12126828506145124,0.1672880761171139,0.11253979519354823
human_cervical_cancer_real_profile_mask_epithelial_cell,human_cervical_cancer_real,Epithelial cell,"Cervical
Epithelial cell",TAGTGCCCTCCAGAGT-1,0.055983166801557904,0.46652833119806314,1791,991,False,False,0.4487803098431905,0.09521383284936559,0.17573351033703757,0.08233915801759487
human_cervical_cancer_real_profile_mask_epithelial_cell,human_cervical_cancer_real,Epithelial cell,"Cervical
Epithelial cell",ACGAGATATTTGCTTA-1,0.055987956086545485,0.4665755001197746,1792,990,False,False,0.08882772023107893,0.07724861237867925,0.043514431102542085,0.0
human_cervical_cancer_real_profile_mask_epithelial_cell,human_cervical_cancer_real,Epithelial cell,"Cervical
Epithelial cell",GTACTGCATGAAGCGT-1,0.05599556236578315,0.4666504131789906,1793,989,False,False,0.11316539016165267,0.11216785064512326,0.11353590195668689,0.0
human_cervical_cancer_real_profile_mask_epithelial_cell,human_cervical_cancer_real,Epithelial cell,"Cervical
Epithelial cell",TAAGGCAACATAAGAT-1,0.05600053521742216,0.46669939002005373,1794,988,False,False,0.1084581946766158,0.2225358683148088,0.099697092322974,0.07134720159023236
human_cervical_cancer_real_profile_mask_epithelial_cell,human_cervical_cancer_real,Epithelial cell,"Cervical
Epithelial cell",TAGTTAAGATAGGATA-1,0.05600218565246438,0.4667156448976603,1795,987,False,False,0.049862582575719995,0.08771674231028491,0.08764764433259123,0.0
human_cervical_cancer_real_profile_mask_epithelial_cell,human_cervical_cancer_real,Epithelial cell,"Cervical
Epithelial cell",TCTCATGAGATAGGGT-1,0.05600370691607195,0.4667306275859309,1796,986,False,False,0.11189388387139594,0.12701298734523508,0.10782416527850933,0.21185889264926921
human_cervical_cancer_real_profile_mask_epithelial_cell,human_cervical_cancer_real,Epithelial cell,"Cervical
Epithelial cell",TCCTCGGGCTGGGCTT-1,0.05600493830542103,0.4667427553477897,1797,985,False,False,0.25855566005004255,0.057712157194731176,0.16976604607541607,0.1899296635152269
human_cervical_cancer_real_profile_mask_epithelial_cell,human_cervical_cancer_real,Epithelial cell,"Cervical
Epithelial cell",CTACACTAGCTTGTTC-1,0.05601668688578547,0.46685846528546676,1798,984,False,False,0.12996226562723776,0.2116978744477968,0.502976822438208,0.0
human_cervical_cancer_real_profile_mask_epithelial_cell,human_cervical_cancer_real,Epithelial cell,"Cervical
Epithelial cell",ATCAATCTGGGCTGCA-1,0.05602569318957972,0.4669471669684282,1799,983,False,False,0.13491939474824158,0.11601417639393277,0.0,0.08648508240819018
human_cervical_cancer_real_profile_mask_epithelial_cell,human_cervical_cancer_real,Epithelial cell,"Cervical
Epithelial cell",AGTCCCGCCTTTAATT-1,0.05603707642538902,0.4670592786844994,1800,982,False,False,0.03631340976776667,0.08649703943037215,0.08999692203119374,0.0880603460572182
human_cervical_cancer_real_profile_mask_epithelial_cell,human_cervical_cancer_real,Epithelial cell,"Cervical
Epithelial cell",CAGCAGCCCGTTCCTT-1,0.05604111767552467,0.46709908032749187,1801,981,False,False,0.09296697515781821,0.053249470483644576,0.09323884820272707,0.12755335963485223
human_cervical_cancer_real_profile_mask_epithelial_cell,human_cervical_cancer_real,Epithelial cell,"Cervical
Epithelial cell",GACAACGACCATTGAA-1,0.05606477544683995,0.4673320820314897,1802,980,False,False,0.07776071499107483,0.12443398267278069,0.08296314508558159,0.07983174887469496
human_cervical_cancer_real_profile_mask_epithelial_cell,human_cervical_cancer_real,Epithelial cell,"Cervical
Epithelial cell",CAAATTGTCAGCAAGC-1,0.056068952207243776,0.46737321829400197,1803,979,False,False,0.09217468197569509,0.14312642876753098,0.1203531844336447,0.0
human_cervical_cancer_real_profile_mask_epithelial_cell,human_cervical_cancer_real,Epithelial cell,"Cervical
Epithelial cell",TGTTCCGCTTCCATGA-1,0.056069810945303965,0.46738167587137247,1804,978,False,False,0.03157075174879,0.08246117577296008,0.13076187517885057,0.0
human_cervical_cancer_real_profile_mask_epithelial_cell,human_cervical_cancer_real,Epithelial cell,"Cervical
Epithelial cell",TCGCAAAGATGCATTT-1,0.05607338961801985,0.4674169216614234,1805,977,False,False,0.1771415340140707,0.06899890229664708,0.0,0.14427388692365503
human_cervical_cancer_real_profile_mask_epithelial_cell,human_cervical_cancer_real,Epithelial cell,"Cervical
Epithelial cell",GATGTCCGGATCACAT-1,0.05609806244163229,0.46765992045735916,1806,976,False,False,0.1368472595755569,0.137837595172768,0.1444189359920654,0.0
human_cervical_cancer_real_profile_mask_epithelial_cell,human_cervical_cancer_real,Epithelial cell,"Cervical
Epithelial cell",AGTACTCTTATGCCCA-1,0.05610466152885253,0.46772491383930775,1807,975,False,False,0.7299087229688423,0.06280340683474099,0.23633251306811073,0.26896244721133866
human_cervical_cancer_real_profile_mask_epithelial_cell,human_cervical_cancer_real,Epithelial cell,"Cervical
Epithelial cell",CAATGGAATCTACATA-1,0.056132133046158265,0.4679954765334152,1808,974,False,False,0.05231618787433517,0.0522035228760595,0.08249690540578873,0.0
human_cervical_cancer_real_profile_mask_epithelial_cell,human_cervical_cancer_real,Epithelial cell,"Cervical
Epithelial cell",AGATATAATACGACTA-1,0.05615469919513621,0.46821772701907843,1809,973,False,False,0.0566723447319615,0.11579003788587341,0.3472718164997918,0.0
human_cervical_cancer_real_profile_mask_epithelial_cell,human_cervical_cancer_real,Epithelial cell,"Cervical
Epithelial cell",CCGTAGGAAATCCCTG-1,0.056185936980767875,0.4685253831031744,1810,972,False,False,0.18759539385422994,0.12530163558599766,0.10067280629668987,0.0
human_cervical_cancer_real_profile_mask_epithelial_cell,human_cervical_cancer_real,Epithelial cell,"Cervical
Epithelial cell",TGCCTGATCAAACGAT-1,0.05618608572119048,0.46852684802442407,1811,971,False,False,0.11737387034040597,0.09480861532665917,0.14675815714966786,0.13678856434918304
human_cervical_cancer_real_profile_mask_epithelial_cell,human_cervical_cancer_real,Epithelial cell,"Cervical
Epithelial cell",TGTCTACAGTTTCTGT-1,0.05620758276296694,0.4687385690398179,1812,970,False,False,0.11553027960255682,0.1070498890593184,0.07834661660191067,0.0
human_cervical_cancer_real_profile_mask_epithelial_cell,human_cervical_cancer_real,Epithelial cell,"Cervical
Epithelial cell",ACGTACAGATTTCTCT-1,0.05622495909891546,0.4689097058654845,1813,969,False,False,0.07013128486161725,0.10993953410498115,0.046780981945670284,0.0
human_cervical_cancer_real_profile_mask_epithelial_cell,human_cervical_cancer_real,Epithelial cell,"Cervical
Epithelial cell",TTCCAATCTGGCTATC-1,0.05623094776826658,0.46896868733693825,1814,968,False,False,0.10876097963381832,0.24332630795285815,0.09270012149469577,0.0
human_cervical_cancer_real_profile_mask_epithelial_cell,human_cervical_cancer_real,Epithelial cell,"Cervical
Epithelial cell",TATAAATCCACAAGCT-1,0.056232921575880244,0.46898812706062226,1815,967,False,False,0.23072330073880115,0.23072330073880115,0.24773353923032668,0.0
human_cervical_cancer_real_profile_mask_epithelial_cell,human_cervical_cancer_real,Epithelial cell,"Cervical
Epithelial cell",TCCTAGCAAAGAAGCT-1,0.05623886822403121,0.46904669467182214,1816,966,False,False,0.086952308471066,0.1149836392426906,0.19081892345779547,0.0
human_cervical_cancer_real_profile_mask_epithelial_cell,human_cervical_cancer_real,Epithelial cell,"Cervical
Epithelial cell",AACACGCGGCCGCGAA-1,0.056243924296581246,0.46909649114267293,1817,965,False,False,0.041822155158685835,0.0,0.13229722537226832,0.0
human_cervical_cancer_real_profile_mask_epithelial_cell,human_cervical_cancer_real,Epithelial cell,"Cervical
Epithelial cell",CCTATCTATATCGGAA-1,0.05625037595114044,0.4691600324833117,1818,964,False,False,0.09021355508094692,0.06520520108793608,0.09957793360238204,0.15072608977144336
human_cervical_cancer_real_profile_mask_epithelial_cell,human_cervical_cancer_real,Epithelial cell,"Cervical
Epithelial cell",TGCAGAGTACCGAGCA-1,0.05625814219890477,0.469236521047625,1819,963,False,False,0.054703338925114746,0.054703338925114746,0.0,0.0
human_cervical_cancer_real_profile_mask_epithelial_cell,human_cervical_cancer_real,Epithelial cell,"Cervical
Epithelial cell",CCGCTGGTGCCATTCA-1,0.056270979833049725,0.4693629569063207,1820,962,False,False,0.0993165590941819,0.24033174241097627,0.1612563661217484,0.0
human_cervical_cancer_real_profile_mask_epithelial_cell,human_cervical_cancer_real,Epithelial cell,"Cervical
Epithelial cell",AAGCCGAAGCGGTTTA-1,0.05627233635787654,0.4693763171080046,1821,961,False,False,0.20413760628764735,0.13946530872853483,0.06841386766850924,0.0
human_cervical_cancer_real_profile_mask_epithelial_cell,human_cervical_cancer_real,Epithelial cell,"Cervical
Epithelial cell",TCTCGAACGAGGTCAC-1,0.05627414445448174,0.46939412476978265,1822,960,False,False,0.10753993856992607,0.1306342534443151,0.7008890058465003,0.0
human_cervical_cancer_real_profile_mask_epithelial_cell,human_cervical_cancer_real,Epithelial cell,"Cervical
Epithelial cell",CCTACTGCGGCGGCCA-1,0.056279032436243444,0.46944226574064624,1823,959,False,False,0.04586175232709792,0.17234167258429192,0.07107204327021077,0.0
human_cervical_cancer_real_profile_mask_epithelial_cell,human_cervical_cancer_real,Epithelial cell,"Cervical
Epithelial cell",GCTAGCACCTGGGCCA-1,0.05628317239905664,0.4694830395894212,1824,958,False,False,0.889809263212632,0.07650599803973618,0.12437506584368999,0.0
human_cervical_cancer_real_profile_mask_epithelial_cell,human_cervical_cancer_real,Epithelial cell,"Cervical
Epithelial cell",GCGGCTTTAGCAAGTT-1,0.05629404838811993,0.46959015551131583,1825,957,False,False,0.13326537406518552,0.17397754073459126,0.08864026603951293,0.18216462973523925
human_cervical_cancer_real_profile_mask_epithelial_cell,human_cervical_cancer_real,Epithelial cell,"Cervical
Epithelial cell",ACTGCCGTCGTAACTC-1,0.0562987835954561,0.46963679183066337,1826,956,False,False,0.16386437041347246,0.11782871907666576,0.14854797734089187,0.10544039099835567
human_cervical_cancer_real_profile_mask_epithelial_cell,human_cervical_cancer_real,Epithelial cell,"Cervical
Epithelial cell",CCTCGGACCGGGATAG-1,0.05631425862806091,0.4697892030159052,1827,955,False,False,0.10199408876137933,0.16884390825929693,0.12957362060897556,0.5233763323666005
human_cervical_cancer_real_profile_mask_epithelial_cell,human_cervical_cancer_real,Epithelial cell,"Cervical
Epithelial cell",CGCTCGACATAATGAT-1,0.05632123148496773,0.4698578775972667,1828,954,False,False,0.05636411632817066,0.15252917624469656,0.3388703594468513,0.0
human_cervical_cancer_real_profile_mask_epithelial_cell,human_cervical_cancer_real,Epithelial cell,"Cervical
Epithelial cell",GCGATTGTTAACGTTA-1,0.05632359935803711,0.46988119841023185,1829,953,False,False,0.17197517384539743,0.06835588119330734,0.1255230505294456,0.26227324589025136
human_cervical_cancer_real_profile_mask_epithelial_cell,human_cervical_cancer_real,Epithelial cell,"Cervical
Epithelial cell",CATTTCTAGCAGACTA-1,0.05635156825721268,0.47015665974088733,1830,952,False,False,0.13338040981154478,0.3158587395800229,0.08938273692751618,0.0
human_cervical_cancer_real_profile_mask_epithelial_cell,human_cervical_cancer_real,Epithelial cell,"Cervical
Epithelial cell",GGAGGCCGAAGTCGTC-1,0.056357764835834906,0.47021768887836163,1831,951,False,False,0.14477707023982841,0.17870207178664851,0.15160017869806044,0.0
human_cervical_cancer_real_profile_mask_epithelial_cell,human_cervical_cancer_real,Epithelial cell,"Cervical
Epithelial cell",CGTAGCGCCGACGTTG-1,0.05636038074568392,0.4702434525669273,1832,950,False,False,0.0617523247455455,0.14270874834039357,0.11010805580628497,0.0
human_cervical_cancer_real_profile_mask_epithelial_cell,human_cervical_cancer_real,Epithelial cell,"Cervical
Epithelial cell",CCGCTCTTCCGAACTA-1,0.056377001750287405,0.4704071502518511,1833,949,False,False,0.6935753923324408,0.029634081311672753,0.08252284271881458,0.0
human_cervical_cancer_real_profile_mask_epithelial_cell,human_cervical_cancer_real,Epithelial cell,"Cervical
Epithelial cell",CGCGTGCTATCAACGA-1,0.056378714707308146,0.47042402089868374,1834,948,False,False,0.011981827154567666,0.14108503602162265,0.10779742677865105,0.0
human_cervical_cancer_real_profile_mask_epithelial_cell,human_cervical_cancer_real,Epithelial cell,"Cervical
Epithelial cell",AGTCTGGACATCCTTG-1,0.056388339374757325,0.4705188127489466,1835,947,False,False,0.6513017930798254,0.889809263212632,0.18767704126201595,0.0
human_cervical_cancer_real_profile_mask_epithelial_cell,human_cervical_cancer_real,Epithelial cell,"Cervical
Epithelial cell",ATATTGCTGTCAAAGT-1,0.0564318921100043,0.47094775685323575,1836,946,False,False,0.051151618721485666,0.0,0.13703492742460113,0.0
human_cervical_cancer_real_profile_mask_epithelial_cell,human_cervical_cancer_real,Epithelial cell,"Cervical
Epithelial cell",CATTCCCATTCCGTCG-1,0.056432315385060966,0.47095192562332605,1837,945,False,False,0.09659065409559067,0.11439395709967369,0.09538037683110814,0.0
human_cervical_cancer_real_profile_mask_epithelial_cell,human_cervical_cancer_real,Epithelial cell,"Cervical
Epithelial cell",GCCTCTATACATAGCA-1,0.05643878636271939,0.4710156572741587,1838,944,False,False,0.11186898508522868,0.16092729667212438,0.3139326562516904,0.1937322707343278
human_cervical_cancer_real_profile_mask_epithelial_cell,human_cervical_cancer_real,Epithelial cell,"Cervical
Epithelial cell",GTCCCGCGACGTTATG-1,0.05646696234265431,0.4712931581109516,1839,943,False,False,0.075739864388021,0.1259989629615446,0.1597043360776874,0.21313846367038095
human_cervical_cancer_real_profile_mask_epithelial_cell,human_cervical_cancer_real,Epithelial cell,"Cervical
Epithelial cell",AAGGCTGTGCTCATCG-1,0.05646702083922543,0.47129373423456733,1840,942,False,False,0.07672746316366584,0.13512455886193234,0.05188988922685884,0.0
human_cervical_cancer_real_profile_mask_epithelial_cell,human_cervical_cancer_real,Epithelial cell,"Cervical
Epithelial cell",GAACTTGTGCACGGGA-1,0.05647828469388176,0.4714046701842615,1841,941,False,False,0.2609315557073161,0.04956791162721783,0.1790001465421214,0.0
human_cervical_cancer_real_profile_mask_epithelial_cell,human_cervical_cancer_real,Epithelial cell,"Cervical
Epithelial cell",CCCGCAGCGCGAACTA-1,0.05648610305325504,0.4714816719876928,1842,940,False,False,0.08537753417688966,0.15218561538356307,1.059636641843794,0.14155562239318922
human_cervical_cancer_real_profile_mask_epithelial_cell,human_cervical_cancer_real,Epithelial cell,"Cervical
Epithelial cell",GATGTTTGTGCGAGAT-1,0.056509958777829446,0.47171662330250025,1843,939,False,False,0.1201466475856327,0.0,0.09713172783275077,0.0
human_cervical_cancer_real_profile_mask_epithelial_cell,human_cervical_cancer_real,Epithelial cell,"Cervical
Epithelial cell",ATTTCATTATTTCGCG-1,0.0565133140673737,0.471749669026495,1844,938,False,False,0.21235379385240089,0.06127139165129292,0.09240004881678582,0.11022294767273477
human_cervical_cancer_real_profile_mask_epithelial_cell,human_cervical_cancer_real,Epithelial cell,"Cervical
Epithelial cell",CCCAAACATGCTGCTC-1,0.05651429014353495,0.4717592822485425,1845,937,False,False,0.03284636845617883,0.041821416076025,0.08730729352349097,0.09391752327824544
human_cervical_cancer_real_profile_mask_epithelial_cell,human_cervical_cancer_real,Epithelial cell,"Cervical
Epithelial cell",GTGTATATCAGCGGGC-1,0.05651714020881894,0.47178735209750783,1846,936,False,False,0.107636729543305,0.08679290392308667,0.586785326696642,0.18766393902871198
human_cervical_cancer_real_profile_mask_epithelial_cell,human_cervical_cancer_real,Epithelial cell,"Cervical
Epithelial cell",GTCGCGTAACCCGTTG-1,0.05651839506376848,0.4717997109684098,1847,935,False,False,0.12503025506670756,0.09876328915022467,0.12023513215571771,0.0931748321202825
human_cervical_cancer_real_profile_mask_epithelial_cell,human_cervical_cancer_real,Epithelial cell,"Cervical
Epithelial cell",GCATCCCTAACTTTGA-1,0.0565204921037361,0.47182036438834923,1848,934,False,False,0.15056273810123857,0.09370975914283466,0.2620634553048132,0.0
human_cervical_cancer_real_profile_mask_epithelial_cell,human_cervical_cancer_real,Epithelial cell,"Cervical
Epithelial cell",ATTCCTCCGCCAGTGC-1,0.05652528797499758,0.4718675981772462,1849,933,False,False,0.05035466909594533,0.2212224417807078,0.0978068971458877,0.0
human_cervical_cancer_real_profile_mask_epithelial_cell,human_cervical_cancer_real,Epithelial cell,"Cervical
Epithelial cell",ACACCCAGCATGCAGC-1,0.056527026770476475,0.47188472330302783,1850,932,False,False,0.14077366250364987,0.044860109466909166,0.25431464965960016,0.08020736397854863
human_cervical_cancer_real_profile_mask_epithelial_cell,human_cervical_cancer_real,Epithelial cell,"Cervical
Epithelial cell",TACATAGGCATACACC-1,0.0565291936023063,0.47190606409214514,1851,931,False,False,0.1297995656755024,0.1574296707775874,0.15052515761049373,0.03644379939659025
human_cervical_cancer_real_profile_mask_epithelial_cell,human_cervical_cancer_real,Epithelial cell,"Cervical
Epithelial cell",ATCCACATCGACAGAA-1,0.056532518497791014,0.4719388104697827,1852,930,False,False,0.1656943954926481,0.09669310251848076,0.09341332477734018,0.0
human_cervical_cancer_real_profile_mask_epithelial_cell,human_cervical_cancer_real,Epithelial cell,"Cervical
Epithelial cell",CGTTGTTTCAATTCCC-1,0.05653808508167347,0.47199363488721297,1853,929,False,False,0.03803968298223633,0.11302581837151401,0.22981496122444117,0.0
human_cervical_cancer_real_profile_mask_epithelial_cell,human_cervical_cancer_real,Epithelial cell,"Cervical
Epithelial cell",TCCGATGGTGCGACAT-1,0.056543450343985314,0.47204647651985854,1854,928,False,False,0.08249976210799666,0.13946469842703932,0.12071362865772693,0.10325417863313623
human_cervical_cancer_real_profile_mask_epithelial_cell,human_cervical_cancer_real,Epithelial cell,"Cervical
Epithelial cell",ATGAGGGCAGCGGCTA-1,0.05655314300435879,0.47214193802184007,1855,927,False,False,0.01640161199493875,0.08232569839909991,0.1516775303715786,0.0
human_cervical_cancer_real_profile_mask_epithelial_cell,human_cervical_cancer_real,Epithelial cell,"Cervical
Epithelial cell",TGCATGGCAGTCTTGC-1,0.05656411997849074,0.4722500485299433,1856,926,False,False,0.01983158072862067,0.21323403955788228,0.09646389281909383,0.0
human_cervical_cancer_real_profile_mask_epithelial_cell,human_cervical_cancer_real,Epithelial cell,"Cervical
Epithelial cell",CCTTTAAGGGAGCACT-1,0.056571468859140724,0.47232242651056977,1857,925,False,False,0.02073934775393725,0.09618720590201842,0.13008112118173118,0.0
human_cervical_cancer_real_profile_mask_epithelial_cell,human_cervical_cancer_real,Epithelial cell,"Cervical
Epithelial cell",ACCCGGTTACACTTCC-1,0.05657292749948851,0.4723367924321109,1858,924,False,False,0.17458875495931447,0.10234578711643648,0.25621614812043236,0.0
human_cervical_cancer_real_profile_mask_epithelial_cell,human_cervical_cancer_real,Epithelial cell,"Cervical
Epithelial cell",AGAGCGCTTGTAACGG-1,0.056592005149163176,0.4725246852316156,1859,923,False,False,0.24759783282841813,0.09411478677986367,0.2515569331176428,0.0
human_cervical_cancer_real_profile_mask_epithelial_cell,human_cervical_cancer_real,Epithelial cell,"Cervical
Epithelial cell",ACAGCGCACCCGCAGC-1,0.056601185769623544,0.47261510373226456,1860,922,False,False,0.03339577644570716,0.132963007989384,0.08836062699256525,0.0
human_cervical_cancer_real_profile_mask_epithelial_cell,human_cervical_cancer_real,Epithelial cell,"Cervical
Epithelial cell",AGTTTCGCAGGTCGGA-1,0.05661481839714152,0.47274936935683776,1861,921,False,False,0.19484127796669762,0.08862786097906208,0.16445947015940413,0.0
human_cervical_cancer_real_profile_mask_epithelial_cell,human_cervical_cancer_real,Epithelial cell,"Cervical
Epithelial cell",ACATCGTATGCAATGG-1,0.05661644746202652,0.4727654137630952,1862,920,False,False,0.20447413068178102,0.25536650030010655,0.12310998794749815,0.1275621018371152
human_cervical_cancer_real_profile_mask_epithelial_cell,human_cervical_cancer_real,Epithelial cell,"Cervical
Epithelial cell",TGTCATTTGTTGGGAA-1,0.05661747118292839,0.4727754962307704,1863,919,False,False,0.06223075184596301,0.08851295337387874,0.05941860373851125,0.0
human_cervical_cancer_real_profile_mask_epithelial_cell,human_cervical_cancer_real,Epithelial cell,"Cervical
Epithelial cell",AATGACGTAGGATGTC-1,0.056619168239522476,0.4727922102767781,1864,918,False,False,0.07681257314421916,0.05959279752537392,0.11363323205164937,0.12415162493467387
human_cervical_cancer_real_profile_mask_epithelial_cell,human_cervical_cancer_real,Epithelial cell,"Cervical
Epithelial cell",CTCTGCGAAGCAAGCA-1,0.05662194952951065,0.4728196027685695,1865,917,False,False,0.07564277695764234,0.11272387963798648,0.06357724533433728,0.0
human_cervical_cancer_real_profile_mask_epithelial_cell,human_cervical_cancer_real,Epithelial cell,"Cervical
Epithelial cell",GAGTATGCGCGTGCAT-1,0.0566415733837707,0.4730128750519415,1866,916,False,False,0.07666528823345867,0.18421398876208778,0.147877690925381,0.0
human_cervical_cancer_real_profile_mask_epithelial_cell,human_cervical_cancer_real,Epithelial cell,"Cervical
Epithelial cell",ATTGCGATCAGTAACT-1,0.05664740834062897,0.4730703426330003,1867,915,False,False,0.0664826031310115,0.07199387428904808,0.3878217236736072,0.0
human_cervical_cancer_real_profile_mask_epithelial_cell,human_cervical_cancer_real,Epithelial cell,"Cervical
Epithelial cell",CCACTGTTTGGATTAA-1,0.05665196383742506,0.47311520901123594,1868,914,False,False,0.24418108903247995,0.08705350168828756,0.12448630984285478,0.0
human_cervical_cancer_real_profile_mask_epithelial_cell,human_cervical_cancer_real,Epithelial cell,"Cervical
Epithelial cell",CGCTTTCATACCGGTG-1,0.05665536228517899,0.4731486797937142,1869,913,False,False,0.2081983651863039,0.16979986753659174,0.09066660132496966,0.0
human_cervical_cancer_real_profile_mask_epithelial_cell,human_cervical_cancer_real,Epithelial cell,"Cervical
Epithelial cell",ACTCCCGTAGACTAGG-1,0.05666354293688751,0.4732292497579131,1870,912,False,False,0.13964390066200533,0.21623241408263227,0.1604534231907411,0.0
human_cervical_cancer_real_profile_mask_epithelial_cell,human_cervical_cancer_real,Epithelial cell,"Cervical
Epithelial cell",TCCGGGCTTGACGGGA-1,0.05666891180235519,0.47328212687747917,1871,911,False,False,0.0,0.0,0.10980752594103264,0.0
human_cervical_cancer_real_profile_mask_epithelial_cell,human_cervical_cancer_real,Epithelial cell,"Cervical
Epithelial cell",CAAGGATCGCATGTTC-1,0.0566805800548007,0.4733970456779971,1872,910,False,False,0.08999076303265267,0.10845947090621076,0.09654659328664546,0.030833508910729
human_cervical_cancer_real_profile_mask_epithelial_cell,human_cervical_cancer_real,Epithelial cell,"Cervical
Epithelial cell",CGTGAAGTTAATTCAC-1,0.056703873003300494,0.4736264542989216,1873,909,False,False,0.13140237492872725,0.20514431971085267,0.13382119698185252,0.05244887873629083
human_cervical_cancer_real_profile_mask_epithelial_cell,human_cervical_cancer_real,Epithelial cell,"Cervical
Epithelial cell",CTGCACCTGGAACCGC-1,0.05671095560333179,0.4736962097232189,1874,908,False,False,0.11751108844216267,0.0,0.3209768437886603,0.0
human_cervical_cancer_real_profile_mask_epithelial_cell,human_cervical_cancer_real,Epithelial cell,"Cervical
Epithelial cell",CAAATTGGATTATGCC-1,0.05673373897823369,0.47392059963316513,1875,907,False,False,0.0806727135841284,0.1583678596479219,0.26303091006257423,0.0
human_cervical_cancer_real_profile_mask_epithelial_cell,human_cervical_cancer_real,Epithelial cell,"Cervical
Epithelial cell",TCCATTCCCACTAGAG-1,0.0567456023110933,0.4740374397502897,1876,906,False,False,0.1306342534443151,0.2458975026901466,0.19942366102719913,0.0
human_cervical_cancer_real_profile_mask_epithelial_cell,human_cervical_cancer_real,Epithelial cell,"Cervical
Epithelial cell",ATATAAATGTAGCTGC-1,0.05674633279031104,0.47404463412630254,1877,905,False,False,0.10582574101444166,0.17463901766883733,0.09333783707379996,0.14889500820735266
human_cervical_cancer_real_profile_mask_epithelial_cell,human_cervical_cancer_real,Epithelial cell,"Cervical
Epithelial cell",GTGCGGGACCATCGGC-1,0.05674739824856799,0.47405512765868557,1878,904,False,False,0.07417461367747251,0.0944305754619065,0.07371432021008613,0.0
human_cervical_cancer_real_profile_mask_epithelial_cell,human_cervical_cancer_real,Epithelial cell,"Cervical
Epithelial cell",GTTACGGCCCGACTGC-1,0.05675594491457152,0.474139302440654,1879,903,False,False,0.18374325442621472,0.11748244037494968,0.09416411433319431,0.0
human_cervical_cancer_real_profile_mask_epithelial_cell,human_cervical_cancer_real,Epithelial cell,"Cervical
Epithelial cell",AGGACATCGCACGTCG-1,0.05678694394875394,0.4744446070989219,1880,902,False,False,0.049328921709136164,0.1971153033279093,0.0828519830105374,0.0
human_cervical_cancer_real_profile_mask_epithelial_cell,human_cervical_cancer_real,Epithelial cell,"Cervical
Epithelial cell",CATCGCCCGCGGCCAA-1,0.056787302152559234,0.474448134992395,1881,901,False,False,0.041364678462868745,0.11576501545410958,0.0,0.0
human_cervical_cancer_real_profile_mask_epithelial_cell,human_cervical_cancer_real,Epithelial cell,"Cervical
Epithelial cell",GCTTATGAAGCAGGAA-1,0.05679120549355204,0.47448657838972463,1882,900,False,False,0.641934163671179,0.07986278173871734,0.32270464334837823,0.21112783857641923
human_cervical_cancer_real_profile_mask_epithelial_cell,human_cervical_cancer_real,Epithelial cell,"Cervical
Epithelial cell",AGTCCATTGGCTGATG-1,0.056830252407850605,0.4748711453654629,1883,899,False,False,0.09480861532665917,0.081606468831978,0.26007635960108816,0.08843910897526425
human_cervical_cancer_real_profile_mask_epithelial_cell,human_cervical_cancer_real,Epithelial cell,"Cervical
Epithelial cell",AGTAATGTCTTGCCGC-1,0.05683061323402064,0.4748746990861978,1884,898,False,False,0.082974699065242,0.08105235708121734,0.1036892998981864,0.10997563745873715
human_cervical_cancer_real_profile_mask_epithelial_cell,human_cervical_cancer_real,Epithelial cell,"Cervical
Epithelial cell",CGCCCAGCGTTTCACG-1,0.0568428192128417,0.4749949138700152,1885,897,False,False,0.05309936729572983,0.10530220570629299,0.10512389213327797,0.0
human_cervical_cancer_real_profile_mask_epithelial_cell,human_cervical_cancer_real,Epithelial cell,"Cervical
Epithelial cell",TCCTCTGGCCCATTAG-1,0.056850868786435006,0.4750741928662782,1886,896,False,False,0.05876050191979309,0.08391583965077058,0.10491713981108064,0.0
human_cervical_cancer_real_profile_mask_epithelial_cell,human_cervical_cancer_real,Epithelial cell,"Cervical
Epithelial cell",TATGGATGTGCTACGC-1,0.056866701654977744,0.47523012832192485,1887,895,False,False,0.08680515435995168,0.06888325084034075,0.18660301711353902,0.13240057930069207
human_cervical_cancer_real_profile_mask_epithelial_cell,human_cervical_cancer_real,Epithelial cell,"Cervical
Epithelial cell",GTTACCTACAACTTGC-1,0.05689792441362749,0.4755376364076169,1888,894,False,False,0.18522925769268442,0.06210335787384183,0.2594543195800945,0.11808751078310527
human_cervical_cancer_real_profile_mask_epithelial_cell,human_cervical_cancer_real,Epithelial cell,"Cervical
Epithelial cell",AGGTAGGTACAAAGCT-1,0.05691825933557209,0.47573791188583553,1889,893,False,False,0.07340233015657777,0.023469580908283084,0.14689088772881043,0.0
human_cervical_cancer_real_profile_mask_epithelial_cell,human_cervical_cancer_real,Epithelial cell,"Cervical
Epithelial cell",GACAACGCAGCTTACG-1,0.0569305008648405,0.47585847680047044,1890,892,False,False,0.6423470858032208,0.07043534720454524,0.15612313639810166,0.10053060966455091
human_cervical_cancer_real_profile_mask_epithelial_cell,human_cervical_cancer_real,Epithelial cell,"Cervical
Epithelial cell",AAACGAGACGGTTGAT-1,0.05695369203911419,0.47608688306289765,1891,891,False,False,0.15064684905752676,0.15779582370280992,0.29081216049581066,0.1798735684902904
human_cervical_cancer_real_profile_mask_epithelial_cell,human_cervical_cancer_real,Epithelial cell,"Cervical
Epithelial cell",AGACGAAGTGCCGGTC-1,0.05696524895429123,0.4762007053200039,1892,890,False,False,0.10870947642418351,0.10763747212606459,0.09518222832968835,0.0
human_cervical_cancer_real_profile_mask_epithelial_cell,human_cervical_cancer_real,Epithelial cell,"Cervical
Epithelial cell",TGTATAACAGATCCTG-1,0.05696612970867591,0.47620937973272426,1893,889,False,False,0.0905818572684511,0.11481625840705115,0.08855607854344014,0.11095895167057766
human_cervical_cancer_real_profile_mask_epithelial_cell,human_cervical_cancer_real,Epithelial cell,"Cervical
Epithelial cell",GTCCGGGTTCACATTA-1,0.05697614059352986,0.4763079753780372,1894,888,False,False,0.14390473068365367,0.028896374289354165,0.16282689722932636,0.0
human_cervical_cancer_real_profile_mask_epithelial_cell,human_cervical_cancer_real,Epithelial cell,"Cervical
Epithelial cell",TCCAACTCAGCTATCT-1,0.05697975590793671,0.47634358204639404,1895,887,False,False,0.07686696109698615,0.08221279744179867,0.10830734162867282,0.0
human_cervical_cancer_real_profile_mask_epithelial_cell,human_cervical_cancer_real,Epithelial cell,"Cervical
Epithelial cell",TCTCAAATCAATCGGG-1,0.05698020523723405,0.4763480074206417,1896,886,False,False,0.0738114621341645,0.05326646022183225,0.15995906932336731,0.0
human_cervical_cancer_real_profile_mask_epithelial_cell,human_cervical_cancer_real,Epithelial cell,"Cervical
Epithelial cell",ACGGACTCTCAAAGCG-1,0.0570079576795783,0.4766213369016878,1897,885,False,False,0.14593229790388026,0.08340135531916584,0.11833260932294104,0.12961720440739916
human_cervical_cancer_real_profile_mask_epithelial_cell,human_cervical_cancer_real,Epithelial cell,"Cervical
Epithelial cell",GGGCTATGATCGATGG-1,0.057008354756026954,0.4766252476457693,1898,884,False,False,0.20576855043335301,0.08519013413681133,0.274398796515048,0.0
human_cervical_cancer_real_profile_mask_epithelial_cell,human_cervical_cancer_real,Epithelial cell,"Cervical
Epithelial cell",ATTAATACTACGCGGG-1,0.05702149256602253,0.47675463988965283,1899,883,False,False,0.022008456846414167,0.10761326533494207,0.09209655110127817,0.07744726025387554
human_cervical_cancer_real_profile_mask_epithelial_cell,human_cervical_cancer_real,Epithelial cell,"Cervical
Epithelial cell",CTGGTTCAACGCATCA-1,0.0570228129036122,0.47676764368887575,1900,882,False,False,0.06990631171271726,0.07498676972844283,0.11324269217725609,0.0
human_cervical_cancer_real_profile_mask_epithelial_cell,human_cervical_cancer_real,Epithelial cell,"Cervical
Epithelial cell",TCACTATCGTGCAATC-1,0.057032799296283396,0.4768659981144965,1901,881,False,False,0.07982822602937184,0.1581915417379557,0.22780039848574002,0.0
human_cervical_cancer_real_profile_mask_epithelial_cell,human_cervical_cancer_real,Epithelial cell,"Cervical
Epithelial cell",CGTAGAGAGTAATTAT-1,0.05709347397834044,0.47746357360545943,1902,880,False,False,0.1617648660174785,0.16085379023283508,0.07967503211027052,0.0
human_cervical_cancer_real_profile_mask_epithelial_cell,human_cervical_cancer_real,Epithelial cell,"Cervical
Epithelial cell",CCTTCTTGATCCAGTG-1,0.05709698790071379,0.4774981816794743,1903,879,False,False,0.5625668451250857,0.09145901074722891,0.0803892639175246,0.08654989999809927
human_cervical_cancer_real_profile_mask_epithelial_cell,human_cervical_cancer_real,Epithelial cell,"Cervical
Epithelial cell",TGATTTATTAGCTGTG-1,0.0571024117921199,0.4775516007409354,1904,878,False,False,0.10052417711517998,0.069536300588062,0.21545471542569797,0.0
human_cervical_cancer_real_profile_mask_epithelial_cell,human_cervical_cancer_real,Epithelial cell,"Cervical
Epithelial cell",ACAACGGTCCCTGCGA-1,0.05711455686274302,0.47767121564940024,1905,877,False,False,0.06488305392100589,0.04485471631480025,0.1654715895098067,0.0
human_cervical_cancer_real_profile_mask_epithelial_cell,human_cervical_cancer_real,Epithelial cell,"Cervical
Epithelial cell",GAGGAATGGAGAGGTT-1,0.05711462073171728,0.4776718446849775,1906,876,False,False,0.24999390148961292,0.03284636845617883,0.12635534933739165,0.0
human_cervical_cancer_real_profile_mask_epithelial_cell,human_cervical_cancer_real,Epithelial cell,"Cervical
Epithelial cell",TGGTATCGGTCTGTAT-1,0.05712356310086712,0.47775991668558665,1907,875,False,False,0.08836062699256525,0.04833014288952,0.06913217861415656,0.0
human_cervical_cancer_real_profile_mask_epithelial_cell,human_cervical_cancer_real,Epithelial cell,"Cervical
Epithelial cell",CGCATCATGGCTTCAG-1,0.057129385778425266,0.47781726332973146,1908,874,False,False,0.0,0.07807511846535033,0.07180306045983957,0.0
human_cervical_cancer_real_profile_mask_epithelial_cell,human_cervical_cancer_real,Epithelial cell,"Cervical
Epithelial cell",CAGTGTCCGCAGAATG-1,0.05714646683574253,0.47798549200216084,1909,873,False,False,0.039350014302136166,0.0,0.073584243790393,0.0
human_cervical_cancer_real_profile_mask_epithelial_cell,human_cervical_cancer_real,Epithelial cell,"Cervical
Epithelial cell",TCGTTGGCTCGTCAAT-1,0.05716332034309793,0.47815147957046616,1910,872,False,False,0.025793079035295752,0.13082644444678637,0.1778273893743111,0.0
human_cervical_cancer_real_profile_mask_epithelial_cell,human_cervical_cancer_real,Epithelial cell,"Cervical
Epithelial cell",CACGCACAGCGCAGCT-1,0.05717188147820795,0.4782357968564103,1911,871,False,False,0.09276865551543649,0.025163096872413502,0.11484215774545686,0.07502247803058594
human_cervical_cancer_real_profile_mask_epithelial_cell,human_cervical_cancer_real,Epithelial cell,"Cervical
Epithelial cell",GTGTGAGCCGAGGTGC-1,0.0571750309400083,0.4782668154150217,1912,870,False,False,0.16316147856462274,0.2305821560807871,0.060356547480081756,0.0
human_cervical_cancer_real_profile_mask_epithelial_cell,human_cervical_cancer_real,Epithelial cell,"Cervical
Epithelial cell",GTCCCAACGTAAAGTA-1,0.057197338696577595,0.47848652103410744,1913,869,False,False,0.06116015536116417,0.046737866140894584,0.1543866233546344,0.115357002996984
human_cervical_cancer_real_profile_mask_epithelial_cell,human_cervical_cancer_real,Epithelial cell,"Cervical
Epithelial cell",GTTTCCTGGAGGGTGA-1,0.057204488561268675,0.47855693893755974,1914,868,False,False,0.04481269109839625,0.06905014649952433,0.07445061902685417,0.12999068253023627
human_cervical_cancer_real_profile_mask_epithelial_cell,human_cervical_cancer_real,Epithelial cell,"Cervical
Epithelial cell",TAATAAACAAGGAGAT-1,0.05720699998355236,0.4785816735443728,1915,867,False,False,0.11340311975645424,0.11905216299030591,0.14170311730820065,0.13888945375400477
human_cervical_cancer_real_profile_mask_epithelial_cell,human_cervical_cancer_real,Epithelial cell,"Cervical
Epithelial cell",CCCGCGCAATGCACCC-1,0.05721945958808938,0.47870438624835393,1916,866,False,False,0.025548291359555584,0.1366901160997745,0.3082577601423333,0.0
human_cervical_cancer_real_profile_mask_epithelial_cell,human_cervical_cancer_real,Epithelial cell,"Cervical
Epithelial cell",TGTATACGGATGATGA-1,0.05722120853252916,0.47872161132967017,1917,865,False,False,0.09508428791226982,0.10979671912519334,0.14859170427300258,0.0
human_cervical_cancer_real_profile_mask_epithelial_cell,human_cervical_cancer_real,Epithelial cell,"Cervical
Epithelial cell",AAATCTAGCCCTGCTA-1,0.0572224517381136,0.47873385546779007,1918,864,False,False,0.026643669386345086,0.08739860492570249,0.19900910325388038,0.0
human_cervical_cancer_real_profile_mask_epithelial_cell,human_cervical_cancer_real,Epithelial cell,"Cervical
Epithelial cell",GTCGTTATTCGCTTAT-1,0.05723386498175011,0.47884626272627645,1919,863,False,False,0.08063744975611968,0.08063744975611968,0.12267152722591572,0.11131399561053484
human_cervical_cancer_real_profile_mask_epithelial_cell,human_cervical_cancer_real,Epithelial cell,"Cervical
Epithelial cell",TGCTTCCCAAGCAGTA-1,0.05724460475834991,0.47895203711283896,1920,862,False,False,0.0911321667743985,0.10758037802778835,0.1262896059639834,0.0
human_cervical_cancer_real_profile_mask_epithelial_cell,human_cervical_cancer_real,Epithelial cell,"Cervical
Epithelial cell",TGTACTACTCTCACGG-1,0.05724616977677376,0.4789674507354785,1921,861,False,False,0.16456208747608528,0.1027930517030206,0.15358966639552013,0.0
human_cervical_cancer_real_profile_mask_epithelial_cell,human_cervical_cancer_real,Epithelial cell,"Cervical
Epithelial cell",TTCGGCAACCCGCTGA-1,0.057246769888562435,0.4789733611429926,1922,860,False,False,0.078872318351599,0.10920379186661182,0.04741903099721851,0.12997169136417175
human_cervical_cancer_real_profile_mask_epithelial_cell,human_cervical_cancer_real,Epithelial cell,"Cervical
Epithelial cell",CCGCCGTTGAGGATAA-1,0.057265051989148545,0.4791534187034642,1923,859,False,False,0.11591488352073481,0.14314119619032625,0.268309927441165,0.0
human_cervical_cancer_real_profile_mask_epithelial_cell,human_cervical_cancer_real,Epithelial cell,"Cervical
Epithelial cell",ATGAGGAGTGTTAATC-1,0.05726884195940574,0.47919074553008106,1924,858,False,False,0.11879662860138217,0.10931856312132225,0.1489283179209164,0.0
human_cervical_cancer_real_profile_mask_epithelial_cell,human_cervical_cancer_real,Epithelial cell,"Cervical
Epithelial cell",GGTCACGTTAGATTCA-1,0.057269481124671374,0.4791970405692056,1925,857,False,False,0.07916608435728226,0.1159564936950236,0.1167685337091528,0.0
human_cervical_cancer_real_profile_mask_epithelial_cell,human_cervical_cancer_real,Epithelial cell,"Cervical
Epithelial cell",CGTCTGGAAGGGCCCG-1,0.057271979286118845,0.4792216445721087,1926,856,False,False,0.10224891151215208,0.08941382624900657,0.10747150548587667,0.12158073372389007
human_cervical_cancer_real_profile_mask_epithelial_cell,human_cervical_cancer_real,Epithelial cell,"Cervical
Epithelial cell",CCGAACCTTCCCGGCC-1,0.057283646268440944,0.47933655086337906,1927,855,False,False,0.10275079827864834,0.1537489806167911,0.3214321484258639,0.12803271294658267
human_cervical_cancer_real_profile_mask_epithelial_cell,human_cervical_cancer_real,Epithelial cell,"Cervical
Epithelial cell",GCGGGCGAGCCTTACC-1,0.05729645030261681,0.4794626558012139,1928,854,False,False,0.2212224417807078,0.16028939435762324,0.18659909226593288,0.0
human_cervical_cancer_real_profile_mask_epithelial_cell,human_cervical_cancer_real,Epithelial cell,"Cervical
Epithelial cell",ACTCTCTTATACACGA-1,0.05731846193242476,0.47967944491396125,1929,853,False,False,0.02504927949610772,0.09430339165368701,0.24421081359278424,0.0
human_cervical_cancer_real_profile_mask_epithelial_cell,human_cervical_cancer_real,Epithelial cell,"Cervical
Epithelial cell",ACACACTTTCTACACG-1,0.05732246454552025,0.47971886602676456,1930,852,False,False,0.057762823059973746,0.22861520386564244,0.27383603774553755,0.08698788738004574
human_cervical_cancer_real_profile_mask_epithelial_cell,human_cervical_cancer_real,Epithelial cell,"Cervical
Epithelial cell",CTAGCATAGTATAATG-1,0.05735522496025256,0.48004151824765967,1931,851,False,False,0.22979281433842183,0.016108889038122,0.2832477159772855,0.1192643359606312
human_cervical_cancer_real_profile_mask_epithelial_cell,human_cervical_cancer_real,Epithelial cell,"Cervical
Epithelial cell",GCGTCGCCAGGGTGAT-1,0.05737542738269224,0.48024048875889663,1932,850,False,False,0.11063944437244701,0.05717272712476075,0.11675706255533061,0.14794011138450763
human_cervical_cancer_real_profile_mask_epithelial_cell,human_cervical_cancer_real,Epithelial cell,"Cervical
Epithelial cell",ACAAGGGCAGGCTCTG-1,0.057376236353064415,0.48024845618206125,1933,849,False,False,0.25985509179920024,0.14091764525378053,0.289075419488841,0.1444307830016804
human_cervical_cancer_real_profile_mask_epithelial_cell,human_cervical_cancer_real,Epithelial cell,"Cervical
Epithelial cell",TGGGCAATAGTTGGGT-1,0.05737692230090577,0.4802552119754857,1934,848,False,False,0.03889780158286283,0.21893026662992685,0.05684168386783824,0.0
human_cervical_cancer_real_profile_mask_epithelial_cell,human_cervical_cancer_real,Epithelial cell,"Cervical
Epithelial cell",GACATCCGTCGAACTG-1,0.05737692837473278,0.4802552717956617,1935,847,False,False,0.07036367307535159,0.10905910094180099,0.18520136775489152,0.0
human_cervical_cancer_real_profile_mask_epithelial_cell,human_cervical_cancer_real,Epithelial cell,"Cervical
Epithelial cell",GGGAGTTAATGAGGCG-1,0.05739007950367689,0.48038479521579436,1936,846,False,False,0.0955775390840755,0.1279429831205276,0.2594431245974008,0.17106939815553043
human_cervical_cancer_real_profile_mask_epithelial_cell,human_cervical_cancer_real,Epithelial cell,"Cervical
Epithelial cell",TCGTTCGTTATTATGT-1,0.057390217255163,0.4803861519087206,1937,845,False,False,0.026179474865490916,0.12229867103137142,0.08097322296427892,0.0
human_cervical_cancer_real_profile_mask_epithelial_cell,human_cervical_cancer_real,Epithelial cell,"Cervical
Epithelial cell",GATGCTACAAGCGCCT-1,0.057402936347036145,0.48051142026304916,1938,844,False,False,0.06601713239620459,0.09043573320659816,0.15466363926777815,0.0
human_cervical_cancer_real_profile_mask_epithelial_cell,human_cervical_cancer_real,Epithelial cell,"Cervical
Epithelial cell",CCATAAACAACCCGAC-1,0.05740735835227611,0.48055497190374546,1939,843,False,False,0.16908176665150634,0.06725927541884776,0.05788873287792442,0.13638066517062242
human_cervical_cancer_real_profile_mask_epithelial_cell,human_cervical_cancer_real,Epithelial cell,"Cervical
Epithelial cell",GAAATACTAAACGTTT-1,0.05741183250688748,0.4805990371554763,1940,842,False,False,0.025011143870388833,0.11154967821950974,0.0978255520113213,0.0
human_cervical_cancer_real_profile_mask_epithelial_cell,human_cervical_cancer_real,Epithelial cell,"Cervical
Epithelial cell",GTTGCGCTAACATTAC-1,0.05742332198047907,0.48071219519091435,1941,841,False,False,0.039708454437057665,0.0900218463613811,0.1065255797399896,0.0
human_cervical_cancer_real_profile_mask_epithelial_cell,human_cervical_cancer_real,Epithelial cell,"Cervical
Epithelial cell",CGCTGAGGACGTCCAA-1,0.05743044970150764,0.48078239500488434,1942,840,False,False,0.032748727775173334,0.1854165815305768,0.09524155067678527,0.0
human_cervical_cancer_real_profile_mask_epithelial_cell,human_cervical_cancer_real,Epithelial cell,"Cervical
Epithelial cell",GAAATTCACATCGCTG-1,0.0574312873075104,0.48079064445591335,1943,839,False,False,0.06679940323375874,0.10466049657088633,0.10111547372074492,0.0
human_cervical_cancer_real_profile_mask_epithelial_cell,human_cervical_cancer_real,Epithelial cell,"Cervical
Epithelial cell",AGGTTGAGGCACGCTT-1,0.05745389510326757,0.48101330511421697,1944,838,False,False,0.03965951859824958,0.07080046552109907,0.3883193668338672,0.07368246981794248
human_cervical_cancer_real_profile_mask_epithelial_cell,human_cervical_cancer_real,Epithelial cell,"Cervical
Epithelial cell",TGCGGTGAAATTTCAT-1,0.0574877565124896,0.4813468008583154,1945,837,False,False,0.127777072955048,0.020805945546014917,0.1527808091436578,0.0
human_cervical_cancer_real_profile_mask_epithelial_cell,human_cervical_cancer_real,Epithelial cell,"Cervical
Epithelial cell",TGCGACACCCTAGTGC-1,0.05752874036136227,0.4817504444009154,1946,836,False,False,0.16536083630424792,0.09419442810270091,0.11738720711221391,0.0
human_cervical_cancer_real_profile_mask_epithelial_cell,human_cervical_cancer_real,Epithelial cell,"Cervical
Epithelial cell",TGGCGATCAAGTTATG-1,0.057531466383086406,0.48177729256418467,1947,835,False,False,0.11895021578505299,0.18329068405446966,0.22544030070154114,0.0
human_cervical_cancer_real_profile_mask_epithelial_cell,human_cervical_cancer_real,Epithelial cell,"Cervical
Epithelial cell",CCGCACAAAGACCAAC-1,0.0575463598884387,0.4819239763781137,1948,834,False,False,0.15032029067742667,0.08112142852450281,0.11762732879984743,0.11199628075256873
human_cervical_cancer_real_profile_mask_epithelial_cell,human_cervical_cancer_real,Epithelial cell,"Cervical
Epithelial cell",GATCGACACTATCTGA-1,0.05755016948743059,0.4819614965250805,1949,833,False,False,0.08449221460483874,0.19473288072553843,0.40885774814597475,0.13135327174832237
human_cervical_cancer_real_profile_mask_epithelial_cell,human_cervical_cancer_real,Epithelial cell,"Cervical
Epithelial cell",GCAGGACTATAGAATA-1,0.05755582378555886,0.48201718482645267,1950,832,False,False,0.6519073738928398,0.14504978941051275,0.06328499364553167,0.0
human_cervical_cancer_real_profile_mask_epithelial_cell,human_cervical_cancer_real,Epithelial cell,"Cervical
Epithelial cell",GTGTCGTATAGCGTTC-1,0.057559584250754664,0.4820542210623166,1951,831,False,False,1.094488644239719,0.1351811126565827,0.33022138111088045,0.1863791626189764
human_cervical_cancer_real_profile_mask_epithelial_cell,human_cervical_cancer_real,Epithelial cell,"Cervical
Epithelial cell",TGCCACCTGGCGAAAC-1,0.057565805992823856,0.48211549803065973,1952,830,False,False,0.094964267411742,0.2403820739044416,0.12567638421555494,0.095815014898137
human_cervical_cancer_real_profile_mask_epithelial_cell,human_cervical_cancer_real,Epithelial cell,"Cervical
Epithelial cell",CCGACTCGCATAGTCT-1,0.057583528143196706,0.48229004072871656,1953,829,False,False,0.20802252456179818,0.2979769351427242,0.14978299137786638,0.0
human_cervical_cancer_real_profile_mask_epithelial_cell,human_cervical_cancer_real,Epithelial cell,"Cervical
Epithelial cell",TGGAGCTAAAGTTCCC-1,0.05759869351697338,0.4824394021324024,1954,828,False,False,0.13230956741459002,0.14641656664169067,0.09141469229612938,0.0
human_cervical_cancer_real_profile_mask_epithelial_cell,human_cervical_cancer_real,Epithelial cell,"Cervical
Epithelial cell",AGTGAGGGTTTCTGAC-1,0.057605299337003806,0.48250446182474954,1955,827,False,False,0.0,0.1833070565883221,0.0897037169986833,0.0
human_cervical_cancer_real_profile_mask_epithelial_cell,human_cervical_cancer_real,Epithelial cell,"Cervical
Epithelial cell",CACAGCACCCACGGCA-1,0.057608871639154534,0.4825396448720968,1956,826,False,False,0.09347491292916367,0.05915528153792926,0.0,0.08697348014059975
human_cervical_cancer_real_profile_mask_epithelial_cell,human_cervical_cancer_real,Epithelial cell,"Cervical
Epithelial cell",TTAGTTCAAGTGTTCG-1,0.05761135069370684,0.48256406069416613,1957,825,False,False,0.07922564493032051,0.09413034294272875,0.1286327045343505,0.0
human_cervical_cancer_real_profile_mask_epithelial_cell,human_cervical_cancer_real,Epithelial cell,"Cervical
Epithelial cell",ACACATTTCCGTAGAC-1,0.05762341114915976,0.48268284224100205,1958,824,False,False,0.06311611872751642,0.11125891476989651,0.11094348433990714,0.0
human_cervical_cancer_real_profile_mask_epithelial_cell,human_cervical_cancer_real,Epithelial cell,"Cervical
Epithelial cell",TACTGAACAGATTTAG-1,0.05763464960939602,0.48279352808500925,1959,823,False,False,0.08936252006230808,0.1416720682730814,0.06289072252990473,0.0
human_cervical_cancer_real_profile_mask_epithelial_cell,human_cervical_cancer_real,Epithelial cell,"Cervical
Epithelial cell",TGAATACCGACGCGTA-1,0.05765692296527185,0.4830128948970244,1960,822,False,False,0.17833125372968067,0.13326537406518552,0.10235509153307291,0.13609273483020173
human_cervical_cancer_real_profile_mask_epithelial_cell,human_cervical_cancer_real,Epithelial cell,"Cervical
Epithelial cell",GACCACACTTCCCTTT-1,0.05766614693245772,0.4831037403128197,1961,821,False,False,0.05396622049509617,0.28761467230944776,0.1123744670966999,0.14746596137424156
human_cervical_cancer_real_profile_mask_epithelial_cell,human_cervical_cancer_real,Epithelial cell,"Cervical
Epithelial cell",CATTACGTCGGCCCGT-1,0.05770036870933073,0.48344078526177037,1962,820,False,False,0.19016161720745278,0.10059069483913068,0.0,0.09190056379235326
human_cervical_cancer_real_profile_mask_epithelial_cell,human_cervical_cancer_real,Epithelial cell,"Cervical
Epithelial cell",TGCCGAAAGCGTATTC-1,0.05771166059381629,0.4835519972728859,1963,819,False,False,0.08612994505141826,0.12516361568810333,0.07252488384293412,0.0
human_cervical_cancer_real_profile_mask_epithelial_cell,human_cervical_cancer_real,Epithelial cell,"Cervical
Epithelial cell",ACGTTAATGTCGAAGA-1,0.0577184888087578,0.48361924729806505,1964,818,False,False,0.04924822376573591,0.12027485507863685,0.31948411474012617,0.07304501945989042
human_cervical_cancer_real_profile_mask_epithelial_cell,human_cervical_cancer_real,Epithelial cell,"Cervical
Epithelial cell",CAGCAGTCCAGACTAT-1,0.05772175999118372,0.4836514646641546,1965,817,False,False,0.025875353839976502,0.13493350327044898,0.14396446513612118,0.0
human_cervical_cancer_real_profile_mask_epithelial_cell,human_cervical_cancer_real,Epithelial cell,"Cervical
Epithelial cell",ATTGACCGGCGATGAC-1,0.05772379087744639,0.4836714665465602,1966,816,False,False,0.06947675889271175,0.0257208640780615,0.21610467036873232,0.0
human_cervical_cancer_real_profile_mask_epithelial_cell,human_cervical_cancer_real,Epithelial cell,"Cervical
Epithelial cell",CCAAAGTCCCGCTAAC-1,0.057764296763403174,0.48407040270686436,1967,815,False,False,0.10367068167325585,0.11737387034040597,0.1296555469196477,0.0
human_cervical_cancer_real_profile_mask_epithelial_cell,human_cervical_cancer_real,Epithelial cell,"Cervical
Epithelial cell",GTCCTACGAATAGTCT-1,0.057765992860595104,0.48408710730386967,1968,814,False,False,0.11709001995182708,0.08648718461151908,0.0,0.0
human_cervical_cancer_real_profile_mask_epithelial_cell,human_cervical_cancer_real,Epithelial cell,"Cervical
Epithelial cell",TTCAGCTGGCGTGCCC-1,0.05780922042760604,0.48451284887686064,1969,813,False,False,0.06390634396727066,0.03597869771208483,0.141302149227245,0.0
human_cervical_cancer_real_profile_mask_epithelial_cell,human_cervical_cancer_real,Epithelial cell,"Cervical
Epithelial cell",GACGGGATGTCTTATG-1,0.057819972744062684,0.48461874676651956,1970,812,False,False,0.6916622377108504,0.6916622377108504,0.22342263874793838,0.0
human_cervical_cancer_real_profile_mask_epithelial_cell,human_cervical_cancer_real,Epithelial cell,"Cervical
Epithelial cell",TGCCTAATTGAAGATT-1,0.05784280246822245,0.4848435931630857,1971,811,False,False,0.15669808967240556,0.05118835533290733,0.2661874738536295,0.0
human_cervical_cancer_real_profile_mask_epithelial_cell,human_cervical_cancer_real,Epithelial cell,"Cervical
Epithelial cell",GATGATTTGAAACTGG-1,0.057851251904601046,0.4849268103456257,1972,810,False,False,0.06723852257623908,0.10440666900536641,0.08896283642215987,0.0
human_cervical_cancer_real_profile_mask_epithelial_cell,human_cervical_cancer_real,Epithelial cell,"Cervical
Epithelial cell",GAGTGCACGGACAACA-1,0.05787232797264863,0.4851343852563481,1973,809,False,False,0.18586865229724697,0.06963607473454209,0.09041764135497102,0.0
human_cervical_cancer_real_profile_mask_epithelial_cell,human_cervical_cancer_real,Epithelial cell,"Cervical
Epithelial cell",TGCACAGTGAAGTTAT-1,0.05787345088388902,0.4851454446342144,1974,808,False,False,0.21188812013531091,0.2567240779169292,0.10243544791107582,0.0
human_cervical_cancer_real_profile_mask_epithelial_cell,human_cervical_cancer_real,Epithelial cell,"Cervical
Epithelial cell",CCATTGTTTCCTCCAT-1,0.05788839043874723,0.48529258198255304,1975,807,False,False,0.13367486684822694,0.20564975066910696,0.3514354477172675,0.0
human_cervical_cancer_real_profile_mask_epithelial_cell,human_cervical_cancer_real,Epithelial cell,"Cervical
Epithelial cell",CATGGCAGGAAGATCG-1,0.05789097358924189,0.4853180230293413,1976,806,False,False,0.11580564986662058,0.05376368232667799,0.12417188318667013,0.10589373188291232
human_cervical_cancer_real_profile_mask_epithelial_cell,human_cervical_cancer_real,Epithelial cell,"Cervical
Epithelial cell",CATATACTACTGATAA-1,0.057917644928264504,0.48558070489219957,1977,805,False,False,0.055037857117287,0.08029321108314551,0.07882778138163041,0.10154528458642341
human_cervical_cancer_real_profile_mask_epithelial_cell,human_cervical_cancer_real,Epithelial cell,"Cervical
Epithelial cell",AATCGGGACACTACGA-1,0.05792028639704478,0.4856067203066974,1978,804,False,False,0.10808605238842434,0.08355863182036583,0.021364580552524083,0.0
human_cervical_cancer_real_profile_mask_epithelial_cell,human_cervical_cancer_real,Epithelial cell,"Cervical
Epithelial cell",CCGGCGCATATTGGAT-1,0.05792117374278381,0.48561545963663993,1979,803,False,False,0.20185264652789905,0.10945753701807308,0.12978677703889702,0.025880208855583915
human_cervical_cancer_real_profile_mask_epithelial_cell,human_cervical_cancer_real,Epithelial cell,"Cervical
Epithelial cell",GATCGCGGGCTCTCCA-1,0.05793073123577485,0.4857095898961298,1980,802,False,False,0.4757182221793365,0.169605288788269,0.0,0.0
human_cervical_cancer_real_profile_mask_epithelial_cell,human_cervical_cancer_real,Epithelial cell,"Cervical
Epithelial cell",CTGGCTGATTCATCCT-1,0.05793663725131444,0.4857677573230705,1981,801,False,False,0.11911251379928285,0.12304737575574692,0.10541908652190345,0.3810241247045852
human_cervical_cancer_real_profile_mask_epithelial_cell,human_cervical_cancer_real,Epithelial cell,"Cervical
Epithelial cell",CAAACTATTGAGCTTC-1,0.05796282874657934,0.48602571327951477,1982,800,False,False,0.09222434191562433,0.13330105502459721,0.09757961081723072,0.0
human_cervical_cancer_real_profile_mask_epithelial_cell,human_cervical_cancer_real,Epithelial cell,"Cervical
Epithelial cell",CCTCGCCAGCAAATTA-1,0.05796465563488555,0.4860437060178284,1983,799,False,False,0.038461577821975165,0.10275079827864834,0.27000398250717866,0.10803030848225367
human_cervical_cancer_real_profile_mask_epithelial_cell,human_cervical_cancer_real,Epithelial cell,"Cervical
Epithelial cell",TAGACGAAACGCCAAT-1,0.057981287642264644,0.486207512067375,1984,798,False,False,0.05118835533290733,0.1724147315645826,0.18998824066353281,0.0
human_cervical_cancer_real_profile_mask_epithelial_cell,human_cervical_cancer_real,Epithelial cell,"Cervical
Epithelial cell",GATAAGGCAGATGCAA-1,0.05799132164299091,0.48630633537731316,1985,797,False,False,0.08872023461525583,0.15911718605951095,0.0,0.0
human_cervical_cancer_real_profile_mask_epithelial_cell,human_cervical_cancer_real,Epithelial cell,"Cervical
Epithelial cell",CCGCCGGTCAACACAC-1,0.0580104364730372,0.4864945943605056,1986,796,False,False,0.05450333532592475,0.0249187330416375,0.26423233133452684,0.0
human_cervical_cancer_real_profile_mask_epithelial_cell,human_cervical_cancer_real,Epithelial cell,"Cervical
Epithelial cell",TAGACGCCCGTACCGG-1,0.058021023496222804,0.4865988643024894,1987,795,False,False,0.09774475736184852,0.08007604672434424,0.10932897691726198,0.10424081044794992
human_cervical_cancer_real_profile_mask_epithelial_cell,human_cervical_cancer_real,Epithelial cell,"Cervical
Epithelial cell",TATCACCATGTAAAGT-1,0.058045263216611964,0.486837597532253,1988,794,False,False,0.07095251565754075,0.04247111860043892,0.11876382099612144,0.0
human_cervical_cancer_real_profile_mask_epithelial_cell,human_cervical_cancer_real,Epithelial cell,"Cervical
Epithelial cell",TTATTAGGGAAGCATC-1,0.05805554723879488,0.48693888326456636,1989,793,False,False,0.061572959553458,0.11791969777627907,0.06813912477111818,0.14369591631603965
human_cervical_cancer_real_profile_mask_epithelial_cell,human_cervical_cancer_real,Epithelial cell,"Cervical
Epithelial cell",TGGACTGTTCGCTCAA-1,0.05809813184585209,0.48735829242514095,1990,792,False,False,0.1493878354765124,0.020291772306410834,0.08919368232780048,0.09595430222767674
human_cervical_cancer_real_profile_mask_epithelial_cell,human_cervical_cancer_real,Epithelial cell,"Cervical
Epithelial cell",GGGCGGCAAATGAATT-1,0.05809915392014378,0.487368358675609,1991,791,False,False,0.12493060305816885,0.05341761324429766,0.23577311779995738,0.0
human_cervical_cancer_real_profile_mask_epithelial_cell,human_cervical_cancer_real,Epithelial cell,"Cervical
Epithelial cell",GGTTAGGCTTGGAGAA-1,0.05810409822436223,0.4874170543575746,1992,790,False,False,0.042485659762947006,0.026277472799418,0.21636109320063343,0.0
human_cervical_cancer_real_profile_mask_epithelial_cell,human_cervical_cancer_real,Epithelial cell,"Cervical
Epithelial cell",CGGCGCCATCAATCCC-1,0.05812775229726544,0.4876500196364881,1993,789,False,False,0.11727798993413349,0.11727798993413349,0.1469106532792564,0.0
human_cervical_cancer_real_profile_mask_epithelial_cell,human_cervical_cancer_real,Epithelial cell,"Cervical
Epithelial cell",GGGACTGCATAGATAG-1,0.058134959830238746,0.4877210055058678,1994,788,False,False,0.1983507792540541,0.05687470327540333,0.2283608596199434,0.08690660647133606
human_cervical_cancer_real_profile_mask_epithelial_cell,human_cervical_cancer_real,Epithelial cell,"Cervical
Epithelial cell",TTATCTGTATCATAAC-1,0.0581351068381475,0.4877224533638585,1995,787,False,False,0.021558497523167835,0.1732082034205971,0.07228093937451359,0.11025480511112282
human_cervical_cancer_real_profile_mask_epithelial_cell,human_cervical_cancer_real,Epithelial cell,"Cervical
Epithelial cell",TGCGTAAGAACCTGAT-1,0.0581416888697048,0.4877872787672399,1996,786,False,False,0.10385154554479874,0.1423463756925062,0.16152670272261055,0.0
human_cervical_cancer_real_profile_mask_epithelial_cell,human_cervical_cancer_real,Epithelial cell,"Cervical
Epithelial cell",CGCGCCCGACTTAATA-1,0.05815994580393594,0.4879670884682021,1997,785,False,False,0.09145901074722891,0.08391439867103691,0.14362451166333542,0.08804793010427067
human_cervical_cancer_real_profile_mask_epithelial_cell,human_cervical_cancer_real,Epithelial cell,"Cervical
Epithelial cell",CCTCTGTACTATTCTA-1,0.058160032946120516,0.48796794671800187,1998,784,False,False,0.05467818509452475,0.06594270272949941,0.18516143492517706,0.0
human_cervical_cancer_real_profile_mask_epithelial_cell,human_cervical_cancer_real,Epithelial cell,"Cervical
Epithelial cell",ATAAATATTAGCAGCT-1,0.058162646696236754,0.4879936891356959,1999,783,False,False,0.24856965991364538,0.24856965991364538,0.11149195798741585,0.0
human_cervical_cancer_real_profile_mask_epithelial_cell,human_cervical_cancer_real,Epithelial cell,"Cervical
Epithelial cell",TCTGAAGCACGTGGTC-1,0.05817297534076945,0.4880954143465805,2000,782,False,False,0.21893026662992685,0.11881740611595083,0.10631242766028698,0.12068104428110371
human_cervical_cancer_real_profile_mask_epithelial_cell,human_cervical_cancer_real,Epithelial cell,"Cervical
Epithelial cell",CGCGCAAGGAACTACA-1,0.05819513381248392,0.48831364968238844,2001,781,False,False,0.052276909184876076,0.09608043814554551,0.06858141559553332,0.0
human_cervical_cancer_real_profile_mask_epithelial_cell,human_cervical_cancer_real,Epithelial cell,"Cervical
Epithelial cell",ATACTACCCGTACCAC-1,0.05821120423940185,0.4884719248134627,2002,780,False,False,0.034541488761099505,0.09719015971653543,0.09249606061224565,0.0
human_cervical_cancer_real_profile_mask_epithelial_cell,human_cervical_cancer_real,Epithelial cell,"Cervical
Epithelial cell",ATACGTTATGCACGGA-1,0.058223973936678074,0.4885976915725223,2003,779,False,False,0.15729600444217656,0.15729600444217656,0.12888726931220845,0.0
human_cervical_cancer_real_profile_mask_epithelial_cell,human_cervical_cancer_real,Epithelial cell,"Cervical
Epithelial cell",TCCGCCTGTCTACAAG-1,0.058225353192377934,0.48861127564703355,2004,778,False,False,0.1140134517928651,0.12494605018783407,0.9419012305364179,0.1637077921685006
human_cervical_cancer_real_profile_mask_epithelial_cell,human_cervical_cancer_real,Epithelial cell,"Cervical
Epithelial cell",TGGTAGAATATATGGG-1,0.058229872105861905,0.4886557817219276,2005,777,False,False,0.11953892617548947,0.09025080338200207,0.10275472435210602,0.0
human_cervical_cancer_real_profile_mask_epithelial_cell,human_cervical_cancer_real,Epithelial cell,"Cervical
Epithelial cell",GTGACCGCACACTACG-1,0.058234660415064504,0.48870294103328477,2006,776,False,False,0.10192373172810366,0.16101541789498916,0.48096368279061075,0.600920875408636
human_cervical_cancer_real_profile_mask_epithelial_cell,human_cervical_cancer_real,Epithelial cell,"Cervical
Epithelial cell",TAAAGCGTTAGGAGAA-1,0.05826545230488671,0.48900620555902025,2007,775,False,False,0.12759583230376842,0.09030370699494115,0.41345901298143745,0.20151278951004556
human_cervical_cancer_real_profile_mask_epithelial_cell,human_cervical_cancer_real,Epithelial cell,"Cervical
Epithelial cell",GCCCAGTTGGTATGCC-1,0.05827113542209491,0.48906217769502086,2008,774,False,False,0.11337620448603207,0.09799740710895967,0.24166056499516927,0.0
human_cervical_cancer_real_profile_mask_epithelial_cell,human_cervical_cancer_real,Epithelial cell,"Cervical
Epithelial cell",AGACCCGCCCTCCTCG-1,0.05827955666536588,0.4891451172080361,2009,773,False,False,0.1697737862595423,0.08978699411403926,0.14364295878348848,0.1649541422624475
human_cervical_cancer_real_profile_mask_epithelial_cell,human_cervical_cancer_real,Epithelial cell,"Cervical
Epithelial cell",GCATGAGGGACGCGGC-1,0.05829673042087277,0.4893142588504935,2010,772,False,False,0.16207063367676844,0.15669808967240556,0.34351255608246783,0.2152539736437268
human_cervical_cancer_real_profile_mask_epithelial_cell,human_cervical_cancer_real,Epithelial cell,"Cervical
Epithelial cell",GGGTGGTCCAGCCTGT-1,0.058296810575101915,0.48931504827700895,2011,771,False,False,0.11741786961906618,0.1932536474781731,0.07999866725564347,0.0
human_cervical_cancer_real_profile_mask_epithelial_cell,human_cervical_cancer_real,Epithelial cell,"Cervical
Epithelial cell",CTTGTCGTACGTGTCA-1,0.05830736663772584,0.48941901329324417,2012,770,False,False,0.044159683223534,0.14477707023982841,0.11106015409136506,0.0
human_cervical_cancer_real_profile_mask_epithelial_cell,human_cervical_cancer_real,Epithelial cell,"Cervical
Epithelial cell",GCTAACTGAAGTCTGA-1,0.058311309040650725,0.4894578414054574,2013,769,False,False,0.28219128334879423,0.07493221276702666,0.08372992008767591,0.0
human_cervical_cancer_real_profile_mask_epithelial_cell,human_cervical_cancer_real,Epithelial cell,"Cervical
Epithelial cell",TAACTATCGAAGGTCC-1,0.05832925084141522,0.48963454740600176,2014,768,False,False,0.059961624865207196,0.15069062852193374,0.1581295049025627,0.0
human_cervical_cancer_real_profile_mask_epithelial_cell,human_cervical_cancer_real,Epithelial cell,"Cervical
Epithelial cell",AACGTGATGAAGGACA-1,0.058333470402898685,0.4896761052096794,2015,767,False,False,0.061480153860661746,0.104436603518693,0.09212619760474942,0.0
human_cervical_cancer_real_profile_mask_epithelial_cell,human_cervical_cancer_real,Epithelial cell,"Cervical
Epithelial cell",GTCGTCAATTATAAGG-1,0.0583415490207376,0.4897556702581926,2016,766,False,False,0.02005405538187792,0.19714701538506044,0.0,0.0
human_cervical_cancer_real_profile_mask_epithelial_cell,human_cervical_cancer_real,Epithelial cell,"Cervical
Epithelial cell",TATTTAGTCTAGATCG-1,0.05834306497541408,0.489770600659628,2017,765,False,False,0.06508536496403217,0.10010024677908791,0.10407254162357697,0.08277295045293832
human_cervical_cancer_real_profile_mask_epithelial_cell,human_cervical_cancer_real,Epithelial cell,"Cervical
Epithelial cell",ACGTGCGCCTCGTGCA-1,0.058364183533421744,0.48997859404734767,2018,764,False,False,0.02323461142121617,0.025548291359555584,0.05911542972331751,0.07003444558822824
human_cervical_cancer_real_profile_mask_epithelial_cell,human_cervical_cancer_real,Epithelial cell,"Cervical
Epithelial cell",ACGGAATTTAGCAAAT-1,0.05836800531542594,0.49001623418290474,2019,763,False,False,0.0770092581934556,0.1578113439284269,0.20402614215562329,0.0
human_cervical_cancer_real_profile_mask_epithelial_cell,human_cervical_cancer_real,Epithelial cell,"Cervical
Epithelial cell",ACCCTTCATCTGCGAA-1,0.05837660270839675,0.49010090856687105,2020,762,False,False,0.12136059157771578,0.0905818572684511,0.0982709925383284,0.07623100271992217
human_cervical_cancer_real_profile_mask_epithelial_cell,human_cervical_cancer_real,Epithelial cell,"Cervical
Epithelial cell",CAAGCAACGTCGGAGT-1,0.05837720535757385,0.4901068439647285,2021,761,False,False,0.12562785852369657,0.06851724623696308,0.11437288090297608,0.0
human_cervical_cancer_real_profile_mask_epithelial_cell,human_cervical_cancer_real,Epithelial cell,"Cervical
Epithelial cell",CAGTAGCGAGGTAGTA-1,0.05838935949441201,0.49022654816493294,2022,760,False,False,0.2210276395957399,0.14607052289777334,0.08701628947261494,0.0
human_cervical_cancer_real_profile_mask_epithelial_cell,human_cervical_cancer_real,Epithelial cell,"Cervical
Epithelial cell",ACCATATCCGCAATAA-1,0.05839164076476245,0.49024901604121124,2023,759,False,False,0.09471076016162373,0.12786515106883722,0.21161785821662965,0.2080624998933243
human_cervical_cancer_real_profile_mask_epithelial_cell,human_cervical_cancer_real,Epithelial cell,"Cervical
Epithelial cell",AGCGACCAACGATATT-1,0.0584113519005767,0.49044314794701277,2024,758,False,False,0.7156193777128571,0.3216112503574375,0.09127060480127414,0.08436552651685508
human_cervical_cancer_real_profile_mask_epithelial_cell,human_cervical_cancer_real,Epithelial cell,"Cervical
Epithelial cell",CTGCCAAGGTTGGAAG-1,0.0584412895415233,0.49073799910865734,2025,757,False,False,0.11085273100725447,0.2080915352685435,0.33144795794642795,0.09170165368868795
human_cervical_cancer_real_profile_mask_epithelial_cell,human_cervical_cancer_real,Epithelial cell,"Cervical
Epithelial cell",CCCTACTTGAACAATG-1,0.058442740004886716,0.4907522844963534,2026,756,False,False,0.22653842140558775,0.20819501658603587,0.13092927086005893,0.0
human_cervical_cancer_real_profile_mask_epithelial_cell,human_cervical_cancer_real,Epithelial cell,"Cervical
Epithelial cell",CATCTAGTGAAGGGAA-1,0.05844305575537677,0.4907553942737386,2027,755,False,False,0.7854856708547276,0.11759235651715902,0.12650180216794646,0.0
human_cervical_cancer_real_profile_mask_epithelial_cell,human_cervical_cancer_real,Epithelial cell,"Cervical
Epithelial cell",CGATTCGCCTGGCTGC-1,0.058453021771047005,0.49085354800945136,2028,754,False,False,0.0,0.08720792131697783,0.06006355851775733,0.10691265680118707
human_cervical_cancer_real_profile_mask_epithelial_cell,human_cervical_cancer_real,Epithelial cell,"Cervical
Epithelial cell",AGGTAACCTCCTATTC-1,0.05847164839831842,0.4910369987595721,2029,753,False,False,0.0709287235570215,0.13822491480786808,0.06857500824825982,0.0
human_cervical_cancer_real_profile_mask_epithelial_cell,human_cervical_cancer_real,Epithelial cell,"Cervical
Epithelial cell",AATCGCGCAGAGGACT-1,0.05849940411696269,0.49131036050838656,2030,752,False,False,0.08814146115922157,0.10180535244802716,0.2857259768262634,0.0
human_cervical_cancer_real_profile_mask_epithelial_cell,human_cervical_cancer_real,Epithelial cell,"Cervical
Epithelial cell",CGCGGCTCAACTTGAA-1,0.05849955422689466,0.4913118389177206,2031,751,False,False,0.09985291420886784,0.09756157608088059,0.44208819981403585,0.8811611707210554
human_cervical_cancer_real_profile_mask_epithelial_cell,human_cervical_cancer_real,Epithelial cell,"Cervical
Epithelial cell",CGCCTTTAGCATGCTC-1,0.05851903570679629,0.4915037089782173,2032,750,False,False,0.08074321455332018,0.1784300444419232,0.12410223722032337,0.0
human_cervical_cancer_real_profile_mask_epithelial_cell,human_cervical_cancer_real,Epithelial cell,"Cervical
Epithelial cell",TCATGCAGGTTCTCAT-1,0.058523321321136655,0.49154591732619207,2033,749,False,False,0.03615383992411217,0.1035476574011635,0.08971990504557939,0.10736515398735515
human_cervical_cancer_real_profile_mask_epithelial_cell,human_cervical_cancer_real,Epithelial cell,"Cervical
Epithelial cell",CTTACACGGTATTCCA-1,0.05852493151624193,0.4915617758869288,2034,748,False,False,0.11441005672652767,0.11181898788876317,0.12895282437834402,0.0
human_cervical_cancer_real_profile_mask_epithelial_cell,human_cervical_cancer_real,Epithelial cell,"Cervical
Epithelial cell",TATCCTGCATGGGAAT-1,0.05852903678317723,0.4916022080214077,2035,747,False,False,0.0639782140820125,0.02754156450771675,0.251198243495457,0.0
human_cervical_cancer_real_profile_mask_epithelial_cell,human_cervical_cancer_real,Epithelial cell,"Cervical
Epithelial cell",TAGAAACCACTAAGTA-1,0.0585298797796004,0.49161051056184757,2036,746,False,False,0.1581915417379557,0.14758457844135375,0.16948849876772928,0.0
human_cervical_cancer_real_profile_mask_epithelial_cell,human_cervical_cancer_real,Epithelial cell,"Cervical
Epithelial cell",TAAGGAACTTGTGGGA-1,0.05853197181384507,0.4916311146812016,2037,745,False,False,0.0566455968471785,0.08740221574985733,0.1300334658148658,0.0
human_cervical_cancer_real_profile_mask_epithelial_cell,human_cervical_cancer_real,Epithelial cell,"Cervical
Epithelial cell",CCATCCATACCAAGTC-1,0.05853232722954019,0.49163461511501194,2038,744,False,False,0.10836488959482174,0.10825709622092526,0.22821028079875177,0.0
human_cervical_cancer_real_profile_mask_epithelial_cell,human_cervical_cancer_real,Epithelial cell,"Cervical
Epithelial cell",ACTCAGACCTGCTTCT-1,0.05855660276736945,0.49187370110516304,2039,743,False,False,0.11481759477980392,0.0469983673576015,0.09697743926148138,0.0
human_cervical_cancer_real_profile_mask_epithelial_cell,human_cervical_cancer_real,Epithelial cell,"Cervical
Epithelial cell",AAAGGGATGTAGCAAG-1,0.0585591618957907,0.4918989055622927,2040,742,False,False,0.06725927541884776,0.11630304676393541,0.11826977621147133,0.09505840486900012
human_cervical_cancer_real_profile_mask_epithelial_cell,human_cervical_cancer_real,Epithelial cell,"Cervical
Epithelial cell",TCGTGTTCGACCACAA-1,0.058560379311587654,0.49191089570081353,2041,741,False,False,0.0,0.151740185223633,0.2265953973629511,0.0
human_cervical_cancer_real_profile_mask_epithelial_cell,human_cervical_cancer_real,Epithelial cell,"Cervical
Epithelial cell",GCTCTATGTTACGTGC-1,0.05857298869641075,0.49203508356749764,2042,740,False,False,0.02797423903960108,0.17397128760352137,0.768522399531989,0.0
human_cervical_cancer_real_profile_mask_epithelial_cell,human_cervical_cancer_real,Epithelial cell,"Cervical
Epithelial cell",TTCGGTGGAGACGCCC-1,0.058587695086872116,0.4921799245160169,2043,739,False,False,0.06737162001194977,0.02153814844316675,0.11642738013954602,0.0
human_cervical_cancer_real_profile_mask_epithelial_cell,human_cervical_cancer_real,Epithelial cell,"Cervical
Epithelial cell",AGGAGAGTCTGGCTAC-1,0.05859649198353448,0.4922665637807603,2044,738,False,False,0.11882607620547907,0.11882607620547907,0.0,0.0
human_cervical_cancer_real_profile_mask_epithelial_cell,human_cervical_cancer_real,Epithelial cell,"Cervical
Epithelial cell",GGCGAGCATCGAGGAC-1,0.05861013489561653,0.4924009306964028,2045,737,False,False,0.105099840714205,0.024816015488776665,0.13119946881690467,0.0
human_cervical_cancer_real_profile_mask_epithelial_cell,human_cervical_cancer_real,Epithelial cell,"Cervical
Epithelial cell",AGCTGAAGTAAACCAA-1,0.058626589767905225,0.49256299217004024,2046,736,False,False,0.056184463778045,0.11753269971662057,0.0819717617987783,0.08412273598061833
human_cervical_cancer_real_profile_mask_epithelial_cell,human_cervical_cancer_real,Epithelial cell,"Cervical
Epithelial cell",TCGGAGTACATGAGTA-1,0.05864099749120238,0.492704891592189,2047,735,False,False,0.12975068278661667,0.06110673882366875,0.12971022020778936,0.12900630487904824
human_cervical_cancer_real_profile_mask_epithelial_cell,human_cervical_cancer_real,Epithelial cell,"Cervical
Epithelial cell",TATGTCTCATTGTGCC-1,0.05864101147911657,0.4927050293569767,2048,734,False,False,0.2106258899095523,0.22641491752307724,0.11010497030518542,0.24271268710888405
human_cervical_cancer_real_profile_mask_epithelial_cell,human_cervical_cancer_real,Epithelial cell,"Cervical
Epithelial cell",CACATCTCACCGACGA-1,0.058641685041122465,0.4927116631642373,2049,733,False,False,0.048353560269478665,0.0907360431766889,0.10206619520695304,0.1648378096338007
human_cervical_cancer_real_profile_mask_epithelial_cell,human_cervical_cancer_real,Epithelial cell,"Cervical
Epithelial cell",TCAGCAAATGCATCTC-1,0.058657009869313194,0.4928625950096055,2050,732,False,False,0.06720070938782434,0.08805746087121984,0.07714221141602741,0.1272113398507196
human_cervical_cancer_real_profile_mask_epithelial_cell,human_cervical_cancer_real,Epithelial cell,"Cervical
Epithelial cell",CTACACTCGCAGATGG-1,0.05865764896694667,0.4928688893826314,2051,731,False,False,0.9889517937351243,0.023624578756417085,0.29287686767464627,0.0
human_cervical_cancer_real_profile_mask_epithelial_cell,human_cervical_cancer_real,Epithelial cell,"Cervical
Epithelial cell",ACCAGCCCGGTCTTTG-1,0.058673516647469136,0.493025167696043,2052,730,False,False,0.25301528429366726,0.20333642003164693,0.09210854734292959,0.0
human_cervical_cancer_real_profile_mask_epithelial_cell,human_cervical_cancer_real,Epithelial cell,"Cervical
Epithelial cell",CGTGTGTTAAACCCTG-1,0.058688796218588905,0.49317565381156997,2053,729,False,False,0.2059935279500282,0.025447041687456665,0.06874050221693087,0.0
human_cervical_cancer_real_profile_mask_epithelial_cell,human_cervical_cancer_real,Epithelial cell,"Cervical
Epithelial cell",ACACTCCAATGTCACT-1,0.05870780044785553,0.49336282350491417,2054,728,False,False,0.09370975914283466,0.7163134606267649,0.35533905344031375,0.0
human_cervical_cancer_real_profile_mask_epithelial_cell,human_cervical_cancer_real,Epithelial cell,"Cervical
Epithelial cell",CCGGAGCGTACTTTCT-1,0.058708896869282795,0.49337362198873785,2055,727,False,False,0.028087561425883915,0.12530018023620268,0.17516519637514572,0.0
human_cervical_cancer_real_profile_mask_epithelial_cell,human_cervical_cancer_real,Epithelial cell,"Cervical
Epithelial cell",TTCCTCGAGGGTGTCT-1,0.05871714831539541,0.49345488919599345,2056,726,False,False,0.7806880565205001,0.0480578721084155,0.10903960180981676,0.08249318462728725
human_cervical_cancer_real_profile_mask_epithelial_cell,human_cervical_cancer_real,Epithelial cell,"Cervical
Epithelial cell",ACCAAACACCCAGCGA-1,0.058729617264916247,0.4935776939372643,2057,725,False,False,0.11281502400445459,0.245536308375728,0.34324794790857904,0.0
human_cervical_cancer_real_profile_mask_epithelial_cell,human_cervical_cancer_real,Epithelial cell,"Cervical
Epithelial cell",CTAACGAAACTTGCTG-1,0.05873147217624373,0.49359596266994876,2058,724,False,False,0.08674773775031422,0.13491939474824158,0.12273684230272,0.0
human_cervical_cancer_real_profile_mask_epithelial_cell,human_cervical_cancer_real,Epithelial cell,"Cervical
Epithelial cell",GCGGTCCCTAGACGCA-1,0.058737796346504396,0.4936582484375923,2059,723,False,False,0.034496964361004495,0.0,0.33088879957085987,0.0
human_cervical_cancer_real_profile_mask_epithelial_cell,human_cervical_cancer_real,Epithelial cell,"Cervical
Epithelial cell",TGTTTAATACTTCATC-1,0.058751701848336224,0.49379520155877105,2060,722,False,False,0.1382973261065293,0.06902921021432042,0.13262931038777673,0.0
human_cervical_cancer_real_profile_mask_epithelial_cell,human_cervical_cancer_real,Epithelial cell,"Cervical
Epithelial cell",TAAGCCCTTACGACCA-1,0.058795564398256304,0.49422719697950906,2061,721,False,False,0.11738791224769449,0.20802252456179818,0.13891538440017523,0.0
human_cervical_cancer_real_profile_mask_epithelial_cell,human_cervical_cancer_real,Epithelial cell,"Cervical
Epithelial cell",CTCTGGACGCCTGGTG-1,0.0588004122356092,0.4942749425743445,2062,720,False,False,0.06164492100254375,0.082974699065242,1.0101726679740082,0.1597940411840763
human_cervical_cancer_real_profile_mask_epithelial_cell,human_cervical_cancer_real,Epithelial cell,"Cervical
Epithelial cell",ATCCAGGATTCGTGAA-1,0.058807673199394325,0.49434645467546573,2063,719,False,False,0.1081476895757816,0.07457608105173916,0.09602054195943185,0.0
human_cervical_cancer_real_profile_mask_epithelial_cell,human_cervical_cancer_real,Epithelial cell,"Cervical
Epithelial cell",TCCGAGAAGGCTAAGC-1,0.05882283143641485,0.49449574579035205,2064,718,False,False,0.03719130825225567,0.12146892788520601,0.14984452207722948,0.0
human_cervical_cancer_real_profile_mask_epithelial_cell,human_cervical_cancer_real,Epithelial cell,"Cervical
Epithelial cell",CCCGAGTTTCTCCGTA-1,0.0588396667771262,0.4946615544382104,2065,717,False,False,0.12447567827978402,0.0909036561680236,0.18783408707632787,0.0
human_cervical_cancer_real_profile_mask_epithelial_cell,human_cervical_cancer_real,Epithelial cell,"Cervical
Epithelial cell",ACAGTATACCGTGGGA-1,0.05884538799955063,0.4947179018665492,2066,716,False,False,0.12303805050443659,0.12864147862170533,0.10416650310981991,0.0
human_cervical_cancer_real_profile_mask_epithelial_cell,human_cervical_cancer_real,Epithelial cell,"Cervical
Epithelial cell",ATGTTACGAGCAATAC-1,0.05885660144154727,0.494828341309812,2067,715,False,False,0.9076473549077659,0.11751108844216267,0.14289078332151786,0.0
human_cervical_cancer_real_profile_mask_epithelial_cell,human_cervical_cancer_real,Epithelial cell,"Cervical
Epithelial cell",CACCCAAATCTTATGT-1,0.05886197220650171,0.4948812371371272,2068,714,False,False,0.6766202995298222,0.15079924022368785,0.0,0.0
human_cervical_cancer_real_profile_mask_epithelial_cell,human_cervical_cancer_real,Epithelial cell,"Cervical
Epithelial cell",CATGCATGGAGACCCT-1,0.05887294568364688,0.4949893132039524,2069,713,False,False,0.05948113556792209,0.21720746666130916,0.15077556102348577,0.0
human_cervical_cancer_real_profile_mask_epithelial_cell,human_cervical_cancer_real,Epithelial cell,"Cervical
Epithelial cell",CATCATCTACCCGGAC-1,0.058882723182396374,0.4950856102658822,2070,712,False,False,0.08066328715715267,0.11191531775155816,0.06722119301778039,0.0
human_cervical_cancer_real_profile_mask_epithelial_cell,human_cervical_cancer_real,Epithelial cell,"Cervical
Epithelial cell",GTGTATGACTTTAAAG-1,0.05890128934531548,0.49526846551201686,2071,711,False,False,0.11993252073601507,0.16573640377223534,0.08726747739411927,0.0
human_cervical_cancer_real_profile_mask_epithelial_cell,human_cervical_cancer_real,Epithelial cell,"Cervical
Epithelial cell",TAATCAGGAATGCTGC-1,0.05891053482031036,0.4953595227548724,2072,710,False,False,0.09681074603521583,0.02456651112623775,0.18168924699738312,0.0
human_cervical_cancer_real_profile_mask_epithelial_cell,human_cervical_cancer_real,Epithelial cell,"Cervical
Epithelial cell",ACCCTTGCCTGGGTCG-1,0.05891733028252064,0.4954264502035043,2073,709,False,False,0.2198225071698894,0.21427492523036124,0.12125768875891361,0.0
human_cervical_cancer_real_profile_mask_epithelial_cell,human_cervical_cancer_real,Epithelial cell,"Cervical
Epithelial cell",CGGAGTTTGAGAGACA-1,0.058938534511953786,0.4956352873557466,2074,708,False,False,0.8642983253901639,0.1369813998210075,0.08451022551578906,0.0
human_cervical_cancer_real_profile_mask_epithelial_cell,human_cervical_cancer_real,Epithelial cell,"Cervical
Epithelial cell",AAACGAAGAACATACC-1,0.05893869248602864,0.4956368432177988,2075,707,False,False,0.029307909010252084,0.1368472595755569,0.12643088892501333,0.0
human_cervical_cancer_real_profile_mask_epithelial_cell,human_cervical_cancer_real,Epithelial cell,"Cervical
Epithelial cell",GTCGGATGTAGCGCGC-1,0.05894350725982851,0.49568426317485154,2076,706,False,False,0.06667345889709408,0.10409550723051773,0.09036469993939529,0.10983930362444523
human_cervical_cancer_real_profile_mask_epithelial_cell,human_cervical_cancer_real,Epithelial cell,"Cervical
Epithelial cell",CTGGCGACATAAGTCC-1,0.05894455041181705,0.49569453701627214,2077,705,False,False,0.07972122962947242,0.15448196896141003,0.12913400045698473,0.10655774901260097
human_cervical_cancer_real_profile_mask_epithelial_cell,human_cervical_cancer_real,Epithelial cell,"Cervical
Epithelial cell",TTGAGGCATTTAACTC-1,0.05896312139338603,0.4958774397205387,2078,704,False,False,0.1916295145397851,0.2609315557073161,0.23357920274490188,0.0
human_cervical_cancer_real_profile_mask_epithelial_cell,human_cervical_cancer_real,Epithelial cell,"Cervical
Epithelial cell",GTTACGAAATCCACGC-1,0.05898040579701704,0.49604767111913245,2079,703,False,False,0.02467692124596925,0.27285064010162735,0.10743893601736813,0.0
human_cervical_cancer_real_profile_mask_epithelial_cell,human_cervical_cancer_real,Epithelial cell,"Cervical
Epithelial cell",GGGAAGACGGTCTGTC-1,0.05900426442378313,0.4962826510171736,2080,702,False,False,0.024888911744359418,0.029092176635393752,0.126186391019129,0.18232039856050045
human_cervical_cancer_real_profile_mask_epithelial_cell,human_cervical_cancer_real,Epithelial cell,"Cervical
Epithelial cell",GGCAAGCCCATAGTGG-1,0.059009853896317646,0.4963377008613722,2081,701,False,False,0.11900671683598775,0.11900671683598775,0.08408982515379844,0.0
human_cervical_cancer_real_profile_mask_epithelial_cell,human_cervical_cancer_real,Epithelial cell,"Cervical
Epithelial cell",TTCAAGCCGAGCTGAG-1,0.05901301190797443,0.49636880362618757,2082,700,False,False,0.022903899961083253,0.1846754718749993,0.1510051547071615,0.0
human_cervical_cancer_real_profile_mask_epithelial_cell,human_cervical_cancer_real,Epithelial cell,"Cervical
Epithelial cell",AAGTTCAGTCTGCGTA-1,0.05903830480525043,0.49661790943103334,2083,699,False,False,0.057230659592445755,0.17424449147824264,0.05717272712476075,0.08352947804389868
human_cervical_cancer_real_profile_mask_epithelial_cell,human_cervical_cancer_real,Epithelial cell,"Cervical
Epithelial cell",TGAATGTCAGCCGGCC-1,0.05904646857428749,0.4966983131204312,2084,698,False,False,0.13092889171804817,0.16567149880399645,0.11175494346678887,0.0
human_cervical_cancer_real_profile_mask_epithelial_cell,human_cervical_cancer_real,Epithelial cell,"Cervical
Epithelial cell",GGATTCCGCTATACCC-1,0.059049467844792515,0.4967278524683735,2085,697,False,False,0.08009963183688257,0.19020432609792523,0.28574890251790364,0.09862807715345263
human_cervical_cancer_real_profile_mask_epithelial_cell,human_cervical_cancer_real,Epithelial cell,"Cervical
Epithelial cell",TCCACTTTATCTAGGT-1,0.05905592751899971,0.496791472793276,2086,696,False,False,0.13321475950730194,0.07869318471521518,0.0,0.16289953570380733
human_cervical_cancer_real_profile_mask_epithelial_cell,human_cervical_cancer_real,Epithelial cell,"Cervical
Epithelial cell",TTCCATCATGCGGTGA-1,0.059063394582760595,0.4968650147409498,2087,695,False,False,0.28729129008248555,0.29331660041452445,0.25863793355129505,0.0
human_cervical_cancer_real_profile_mask_epithelial_cell,human_cervical_cancer_real,Epithelial cell,"Cervical
Epithelial cell",CCATGCCTGTTTAGTA-1,0.05908033185278418,0.4970318272747246,2088,694,False,False,0.7184897243631239,0.10492969183703141,0.35782932418382934,0.0
human_cervical_cancer_real_profile_mask_epithelial_cell,human_cervical_cancer_real,Epithelial cell,"Cervical
Epithelial cell",TTGTCGTTCAGTTACC-1,0.05909742014125218,0.497200127165631,2089,693,False,False,0.11273530685680816,0.0454691323543225,0.3006491627793769,0.07966713128978098
human_cervical_cancer_real_profile_mask_epithelial_cell,human_cervical_cancer_real,Epithelial cell,"Cervical
Epithelial cell",AGAGTATAGTGTTACG-1,0.05909982094658617,0.4972237723233397,2090,692,False,False,0.1277529852673121,0.11621083708362834,0.035953306963853696,0.0
human_cervical_cancer_real_profile_mask_epithelial_cell,human_cervical_cancer_real,Epithelial cell,"Cervical
Epithelial cell",GGGTCACGTGCTTATG-1,0.059106894188237606,0.49729343557841177,2091,691,False,False,0.18963453185887982,0.15706404129787035,0.7804303611061889,0.0
human_cervical_cancer_real_profile_mask_epithelial_cell,human_cervical_cancer_real,Epithelial cell,"Cervical
Epithelial cell",TCATCCCAGAGGGTGG-1,0.059112548811537734,0.49734912708235085,2092,690,False,False,0.05863260239710267,0.08383694875806408,0.07024836176015584,0.0
human_cervical_cancer_real_profile_mask_epithelial_cell,human_cervical_cancer_real,Epithelial cell,"Cervical
Epithelial cell",CTATGGGAAGCGGAAT-1,0.05911932428778547,0.4974158576923513,2093,689,False,False,0.07455812665466068,0.02617297395041117,0.1345479291754491,0.0
human_cervical_cancer_real_profile_mask_epithelial_cell,human_cervical_cancer_real,Epithelial cell,"Cervical
Epithelial cell",GACTAAGATCATGCAC-1,0.05912098011598309,0.4974321656863052,2094,688,False,False,0.07155092349087241,0.09391899869973173,0.08601576342620468,0.09109185584673121
human_cervical_cancer_real_profile_mask_epithelial_cell,human_cervical_cancer_real,Epithelial cell,"Cervical
Epithelial cell",GGCCACAAGCGATGGC-1,0.059121171099734096,0.49743404665551516,2095,687,False,False,0.050536595220828,0.17816462126291607,0.12159476802681674,0.0
human_cervical_cancer_real_profile_mask_epithelial_cell,human_cervical_cancer_real,Epithelial cell,"Cervical
Epithelial cell",TCGCTAAACCGCTATC-1,0.05913178820460427,0.4975386128673238,2096,686,False,False,0.10621482628992333,0.18603764986725121,0.0,0.10008694417390766
human_cervical_cancer_real_profile_mask_epithelial_cell,human_cervical_cancer_real,Epithelial cell,"Cervical
Epithelial cell",CAGCTCGTGCTTGTGT-1,0.05915660728052622,0.49778305207947104,2097,685,False,False,0.07133890259776107,0.02797423903960108,0.10943965575327673,0.0
human_cervical_cancer_real_profile_mask_epithelial_cell,human_cervical_cancer_real,Epithelial cell,"Cervical
Epithelial cell",CCTACTGCTTACACTT-1,0.059158656110605626,0.4978032306877322,2098,684,False,False,0.141031685236212,0.25637511157136494,0.17976372056295048,0.12076507520325006
human_cervical_cancer_real_profile_mask_epithelial_cell,human_cervical_cancer_real,Epithelial cell,"Cervical
Epithelial cell",TGCACGAGTCGGCAGC-1,0.059170532556523464,0.4979201999533243,2099,683,False,False,0.16478588632278476,0.12800007755960835,0.11636187892279995,0.0
human_cervical_cancer_real_profile_mask_epithelial_cell,human_cervical_cancer_real,Epithelial cell,"Cervical
Epithelial cell",AGAGGTATCTCGGTCC-1,0.05917391201249749,0.497953483688721,2100,682,False,False,0.07907818099920667,0.14010717885275217,0.24734443357563987,0.0
human_cervical_cancer_real_profile_mask_epithelial_cell,human_cervical_cancer_real,Epithelial cell,"Cervical
Epithelial cell",TTAACCAACCCTCCCT-1,0.05917429569582448,0.49795726252603384,2101,681,False,False,0.18945971245181942,0.15735686484701442,0.03228638353487425,0.05885431840625519
human_cervical_cancer_real_profile_mask_epithelial_cell,human_cervical_cancer_real,Epithelial cell,"Cervical
Epithelial cell",TACGACGCTTGCTGCG-1,0.05920753979508706,0.4982846784805135,2102,680,False,False,0.08535717923401218,0.1543763867616373,0.13640257150045956,0.0
human_cervical_cancer_real_profile_mask_epithelial_cell,human_cervical_cancer_real,Epithelial cell,"Cervical
Epithelial cell",CGTGGAAGCCTCGTAC-1,0.059211584245558765,0.49832451164311714,2103,679,False,False,0.0,0.13567585148241898,0.054749022051392565,0.0
human_cervical_cancer_real_profile_mask_epithelial_cell,human_cervical_cancer_real,Epithelial cell,"Cervical
Epithelial cell",ATAGTCTTTGACGTGC-1,0.059214715565364465,0.4983553515240496,2104,678,False,False,0.08389150075607316,0.20511686476357516,0.08366710847757988,0.0
human_cervical_cancer_real_profile_mask_epithelial_cell,human_cervical_cancer_real,Epithelial cell,"Cervical
Epithelial cell",GAACGACCGAATGATA-1,0.059237811883788336,0.49858282356598965,2105,677,False,False,0.20543893433353358,0.0976545145691874,0.10380896781968088,0.1070011882244021
human_cervical_cancer_real_profile_mask_epithelial_cell,human_cervical_cancer_real,Epithelial cell,"Cervical
Epithelial cell",ATTATGCCATAGGGAG-1,0.05923928282151727,0.4985973106025219,2106,676,False,False,0.13946469842703932,0.20576855043335301,0.17827681241711044,0.10631819236387159
human_cervical_cancer_real_profile_mask_epithelial_cell,human_cervical_cancer_real,Epithelial cell,"Cervical
Epithelial cell",ACTATATGCTGTGTTC-1,0.05923939671771756,0.49859843234845447,2107,675,False,False,0.02793303665757925,0.074992358461541,0.20016991359589922,0.0
human_cervical_cancer_real_profile_mask_epithelial_cell,human_cervical_cancer_real,Epithelial cell,"Cervical
Epithelial cell",CGCCGTCTACCCATCG-1,0.05928865778723854,0.4990835969476967,2108,674,False,False,0.22356790621073536,0.1403382694407754,0.0809634755436229,0.0
human_cervical_cancer_real_profile_mask_epithelial_cell,human_cervical_cancer_real,Epithelial cell,"Cervical
Epithelial cell",TTAAGATAGGATTGAC-1,0.059315706943746625,0.49934999987610856,2109,673,False,False,0.15660069560993486,0.07721078813313166,0.14088613900853247,0.0
human_cervical_cancer_real_profile_mask_epithelial_cell,human_cervical_cancer_real,Epithelial cell,"Cervical
Epithelial cell",TCTTGATGCGTAGCGA-1,0.059315888636777496,0.4993517893424633,2110,672,False,False,0.14364086125538258,0.1451207271785165,0.11204018421802457,0.08305694396385947
human_cervical_cancer_real_profile_mask_epithelial_cell,human_cervical_cancer_real,Epithelial cell,"Cervical
Epithelial cell",TTACGGATGGTTCGAG-1,0.059317319398222566,0.4993658806890349,2111,671,False,False,0.11423664791133659,0.08256034243388209,0.10482760688768854,0.0
human_cervical_cancer_real_profile_mask_epithelial_cell,human_cervical_cancer_real,Epithelial cell,"Cervical
Epithelial cell",GGCGGAGTAATATTAG-1,0.0593176570945742,0.4993692066077918,2112,670,False,False,0.115264081945304,0.10433345336371617,0.06916945356564158,0.0
human_cervical_cancer_real_profile_mask_epithelial_cell,human_cervical_cancer_real,Epithelial cell,"Cervical
Epithelial cell",CTATCGACGAAATACA-1,0.0593512459299949,0.49970001781498574,2113,669,False,False,0.1279606414469374,0.07579827281954309,0.11800845691113444,0.0
human_cervical_cancer_real_profile_mask_epithelial_cell,human_cervical_cancer_real,Epithelial cell,"Cervical
Epithelial cell",CGGTTGGGCAGGGTCC-1,0.05936102052562015,0.4997962862844972,2114,668,False,False,0.10422125526386582,0.025063636946375166,0.11077899051807334,0.14771548338471918
human_cervical_cancer_real_profile_mask_epithelial_cell,human_cervical_cancer_real,Epithelial cell,"Cervical
Epithelial cell",GTCACTCTCCAAATCT-1,0.05936765065412322,0.4998615853872044,2115,667,False,False,0.048686453769147334,0.028616398565521416,0.07867355920425555,0.0
human_cervical_cancer_real_profile_mask_epithelial_cell,human_cervical_cancer_real,Epithelial cell,"Cervical
Epithelial cell",ACATCGTTAACCTAGT-1,0.05937797138713799,0.49996323267878146,2116,666,False,False,0.05695119217827534,0.19576043398444534,0.09857456330195372,0.0
human_cervical_cancer_real_profile_mask_epithelial_cell,human_cervical_cancer_real,Epithelial cell,"Cervical
Epithelial cell",TGGACCAATCTAAGAT-1,0.059384121253582986,0.5000238017552996,2117,665,False,False,0.17078479728471682,0.10406022749339451,0.07003777167788214,0.11597573816816963
human_cervical_cancer_real_profile_mask_epithelial_cell,human_cervical_cancer_real,Epithelial cell,"Cervical
Epithelial cell",GTGCAACAAATGTGGC-1,0.05938727639846435,0.5000548762856905,2118,664,False,False,0.07329684927989341,0.04472648016463291,0.11171394080640851,0.16561048855859972
human_cervical_cancer_real_profile_mask_epithelial_cell,human_cervical_cancer_real,Epithelial cell,"Cervical
Epithelial cell",GGAGGCGAAGAACCGC-1,0.05939158320298045,0.5000972933324047,2119,663,False,False,0.1484912105381274,0.14953546481075491,0.2582911249603743,0.0
human_cervical_cancer_real_profile_mask_epithelial_cell,human_cervical_cancer_real,Epithelial cell,"Cervical
Epithelial cell",CACTTCGCCACAGGCT-1,0.05940802050934492,0.5002591818019911,2120,662,False,False,0.17674873835825503,0.17978509318232633,0.20715404714378322,0.0
human_cervical_cancer_real_profile_mask_epithelial_cell,human_cervical_cancer_real,Epithelial cell,"Cervical
Epithelial cell",TATGGTCTGAGTAACA-1,0.05941519322931675,0.5003298248035429,2121,661,False,False,0.12042248996280619,0.10905234023393934,0.18857678010724796,0.09083250065647776
human_cervical_cancer_real_profile_mask_epithelial_cell,human_cervical_cancer_real,Epithelial cell,"Cervical
Epithelial cell",ATCAGGTCGCCATTGC-1,0.05943789673265761,0.5005534280709277,2122,660,False,False,0.026277472799418,0.071015429880108,0.21082529118921434,0.0
human_cervical_cancer_real_profile_mask_epithelial_cell,human_cervical_cancer_real,Epithelial cell,"Cervical
Epithelial cell",CGTTGAATACCGCGCT-1,0.059447355464112964,0.5006465856434389,2123,659,False,False,0.13736759279437025,0.078872318351599,0.097248509245054,0.11691504484915499
human_cervical_cancer_real_profile_mask_epithelial_cell,human_cervical_cancer_real,Epithelial cell,"Cervical
Epithelial cell",CATGAACCTCTTATCA-1,0.05944929984364862,0.5006657355345672,2124,658,False,False,0.04020529718647925,0.0,0.24330465639392887,0.0
human_cervical_cancer_real_profile_mask_epithelial_cell,human_cervical_cancer_real,Epithelial cell,"Cervical
Epithelial cell",TGTGGCAAAGCGTATG-1,0.05945060907920989,0.500678629991642,2125,657,False,False,0.09699701974025374,0.08352947804389868,0.0,0.2381945252863805
human_cervical_cancer_real_profile_mask_epithelial_cell,human_cervical_cancer_real,Epithelial cell,"Cervical
Epithelial cell",AGACATAGATCCTTCC-1,0.059455786260288836,0.5007296192415263,2126,656,False,False,0.05164472491939825,0.13597861513223625,0.24262747623906836,0.0
human_cervical_cancer_real_profile_mask_epithelial_cell,human_cervical_cancer_real,Epithelial cell,"Cervical
Epithelial cell",TAGTGAGAAGTGGTTG-1,0.05948848838352414,0.5010516973585487,2127,655,False,False,0.04058315990411484,0.08880000019927058,0.13742666045987093,0.0
human_cervical_cancer_real_profile_mask_epithelial_cell,human_cervical_cancer_real,Epithelial cell,"Cervical
Epithelial cell",TATATTCGCGTCGATA-1,0.059491644763264975,0.5010827840508781,2128,654,False,False,0.09354764526202904,0.24388803037457454,0.05594108762220639,0.0
human_cervical_cancer_real_profile_mask_epithelial_cell,human_cervical_cancer_real,Epithelial cell,"Cervical
Epithelial cell",GTTCGGGCGTACCATT-1,0.05949761179285747,0.5011415523957204,2129,653,False,False,0.04629700793124625,0.10836488959482174,0.15806601939100975,0.0
human_cervical_cancer_real_profile_mask_epithelial_cell,human_cervical_cancer_real,Epithelial cell,"Cervical
Epithelial cell",TGATGTCAATTAAGTG-1,0.05950590839115317,0.5012232642997929,2130,652,False,False,0.583876594960675,0.08774171880160958,0.0,0.0
human_cervical_cancer_real_profile_mask_epithelial_cell,human_cervical_cancer_real,Epithelial cell,"Cervical
Epithelial cell",GTAAGTCCACACTCTA-1,0.05951675315288638,0.5013300726685785,2131,651,False,False,0.14571699456150317,0.08676624884223226,0.3623123204505797,0.0
human_cervical_cancer_real_profile_mask_epithelial_cell,human_cervical_cancer_real,Epithelial cell,"Cervical
Epithelial cell",GAATAGCCCTGCGGTC-1,0.0595360242858767,0.5015198710551161,2132,650,False,False,0.27817757321765163,0.09539130175409508,0.14143616396814143,0.0
human_cervical_cancer_real_profile_mask_epithelial_cell,human_cervical_cancer_real,Epithelial cell,"Cervical
Epithelial cell",TCCACAATGGTTTACG-1,0.05954785208184879,0.5016363611749718,2133,649,False,False,0.07302489594917158,0.17674873835825503,0.0749353257824317,0.0
human_cervical_cancer_real_profile_mask_epithelial_cell,human_cervical_cancer_real,Epithelial cell,"Cervical
Epithelial cell",ATGCCGGTTGATGGGA-1,0.05956722229571861,0.5018271353936554,2134,648,False,False,0.06953686482127834,0.15584925407064107,0.1500029094812683,0.10186797521461885
human_cervical_cancer_real_profile_mask_epithelial_cell,human_cervical_cancer_real,Epithelial cell,"Cervical
Epithelial cell",TAAGGCTGAATCCCTC-1,0.05959658890744831,0.5021163625775045,2135,647,False,False,0.062148977805780665,0.06838836433315558,0.3333601533467762,0.09160878579297504
human_cervical_cancer_real_profile_mask_epithelial_cell,human_cervical_cancer_real,Epithelial cell,"Cervical
Epithelial cell",AGTAGCTAGACGCCGA-1,0.05960163782690673,0.5021660885986703,2136,646,False,False,0.4488250571523098,0.10815191853561999,0.49155609824300883,0.0
human_cervical_cancer_real_profile_mask_epithelial_cell,human_cervical_cancer_real,Epithelial cell,"Cervical
Epithelial cell",ACTCCCTAGAATAGTA-1,0.05961278341714564,0.5022758597805419,2137,645,False,False,0.19769253161168177,0.14424156784734857,0.11139558347356332,0.0
human_cervical_cancer_real_profile_mask_epithelial_cell,human_cervical_cancer_real,Epithelial cell,"Cervical
Epithelial cell",TACTACGTGCAATGCG-1,0.05962191041299144,0.5023657501407163,2138,644,False,False,0.10983697199568092,0.10983697199568092,0.13179013043842383,0.0
human_cervical_cancer_real_profile_mask_epithelial_cell,human_cervical_cancer_real,Epithelial cell,"Cervical
Epithelial cell",GTCTCCGCCTCAATAC-1,0.05963179701718482,0.5024631217651652,2139,643,False,False,0.044654684234229164,0.07758951388621599,0.14695013202381485,0.0
human_cervical_cancer_real_profile_mask_epithelial_cell,human_cervical_cancer_real,Epithelial cell,"Cervical
Epithelial cell",GTACTGAGGTCGTAAC-1,0.0596412135886005,0.5025558641100137,2140,642,False,False,0.11903623368115301,0.14574909975268502,0.23337483468146944,0.0
human_cervical_cancer_real_profile_mask_epithelial_cell,human_cervical_cancer_real,Epithelial cell,"Cervical
Epithelial cell",TGCAAGAATGACGTAA-1,0.05964355302981943,0.5025789049021132,2141,641,False,False,0.16109132608933746,0.1653898049791606,0.11286569004451641,0.080530417942541
human_cervical_cancer_real_profile_mask_epithelial_cell,human_cervical_cancer_real,Epithelial cell,"Cervical
Epithelial cell",GCATTTCCAAGGCTCC-1,0.0596489036529693,0.5026316023559332,2142,640,False,False,0.3158587395800229,0.07770723709037458,0.10750776077928827,0.0
human_cervical_cancer_real_profile_mask_epithelial_cell,human_cervical_cancer_real,Epithelial cell,"Cervical
Epithelial cell",GGATACTCATGAATTG-1,0.05977416761229627,0.5038653075762489,2143,639,False,False,0.07034944852161201,0.09124196411529084,0.144257111243178,0.0
human_cervical_cancer_real_profile_mask_epithelial_cell,human_cervical_cancer_real,Epithelial cell,"Cervical
Epithelial cell",ACCCAACGCCCGTGGC-1,0.05977643037755431,0.5038875931987552,2144,638,False,False,0.11620957271691101,0.13863502306456477,0.09999838917338867,0.11527488514028468
human_cervical_cancer_real_profile_mask_epithelial_cell,human_cervical_cancer_real,Epithelial cell,"Cervical
Epithelial cell",TACGACTGCCTCTTAG-1,0.05978142028993112,0.503936738068367,2145,637,False,False,0.10348209599322683,0.2338907494583174,0.10246399598364478,0.09311780507375192
human_cervical_cancer_real_profile_mask_epithelial_cell,human_cervical_cancer_real,Epithelial cell,"Cervical
Epithelial cell",GTAGACGTCGTTACAT-1,0.05979684751767979,0.5040886784310283,2146,636,False,False,0.1675950784330455,0.16282989854882426,0.10902695962124821,0.0
human_cervical_cancer_real_profile_mask_epithelial_cell,human_cervical_cancer_real,Epithelial cell,"Cervical
Epithelial cell",ATGATCGGGAATAGAC-1,0.05981130133070079,0.5042310317836869,2147,635,False,False,0.05549732199608726,0.05085000432192684,0.11138038802586665,0.05382680786251862
human_cervical_cancer_real_profile_mask_epithelial_cell,human_cervical_cancer_real,Epithelial cell,"Cervical
Epithelial cell",GTTCGTTGCGGACCAG-1,0.059818510541835165,0.5043020341810135,2148,634,False,False,1.2820458640733043,0.3138178241115428,0.16560863026112554,0.0
human_cervical_cancer_real_profile_mask_epithelial_cell,human_cervical_cancer_real,Epithelial cell,"Cervical
Epithelial cell",AATTTGGTTCCAAAGA-1,0.05982201186014997,0.5043365181196193,2149,633,False,False,0.10963103180080334,0.15970734436454836,0.1486344937541893,0.0
human_cervical_cancer_real_profile_mask_epithelial_cell,human_cervical_cancer_real,Epithelial cell,"Cervical
Epithelial cell",GGACGTCCATAGTTGG-1,0.059842520812424124,0.5045385075954413,2150,632,False,False,0.27177685253997835,0.08004464534679766,0.7838324509353334,0.0
human_cervical_cancer_real_profile_mask_epithelial_cell,human_cervical_cancer_real,Epithelial cell,"Cervical
Epithelial cell",AATTAAAGGTCGGCGT-1,0.059854536451880574,0.5046568477565099,2151,631,False,False,0.0723396136262595,0.17111140903911645,0.11041561496965493,0.0
human_cervical_cancer_real_profile_mask_epithelial_cell,human_cervical_cancer_real,Epithelial cell,"Cervical
Epithelial cell",CAGACGAACCTGATAC-1,0.05988795282948954,0.5049859604535836,2152,630,False,False,0.06854146485463909,0.03751959289510209,0.1369905269193059,0.0
human_cervical_cancer_real_profile_mask_epithelial_cell,human_cervical_cancer_real,Epithelial cell,"Cervical
Epithelial cell",ATAAGTTACCGCGACG-1,0.05993359772928657,0.5054355099605842,2153,629,False,False,0.057459072476174836,0.6741090124070935,0.5385485294941729,0.0
human_cervical_cancer_real_profile_mask_epithelial_cell,human_cervical_cancer_real,Epithelial cell,"Cervical
Epithelial cell",GCGTCCAGCTCGTGGC-1,0.05994566205836827,0.5055543296581865,2154,628,False,False,0.06859096539129667,0.19740716919411486,0.13820812041935285,0.0
human_cervical_cancer_real_profile_mask_epithelial_cell,human_cervical_cancer_real,Epithelial cell,"Cervical
Epithelial cell",AACTAGCGTATCGCAC-1,0.05995543082886834,0.5056505407569475,2155,627,False,False,0.050740688326657166,0.08516954427491724,0.06272914669330325,0.0
human_cervical_cancer_real_profile_mask_epithelial_cell,human_cervical_cancer_real,Epithelial cell,"Cervical
Epithelial cell",GAGGGCGCAGCTCTGC-1,0.059977981425302036,0.5058726380680253,2156,626,False,False,0.08642193655484941,0.10385154554479874,0.0,0.2552340582064694
human_cervical_cancer_real_profile_mask_epithelial_cell,human_cervical_cancer_real,Epithelial cell,"Cervical
Epithelial cell",CGTCGCATGTGAGCCA-1,0.05998569621509394,0.505948619830785,2157,625,False,False,0.15141892503534174,0.1107075999269166,0.14140232004975298,0.23027643974809311
human_cervical_cancer_real_profile_mask_epithelial_cell,human_cervical_cancer_real,Epithelial cell,"Cervical
Epithelial cell",CGGGCAGCTAAACCGC-1,0.059990535137672635,0.5059962776253981,2158,624,False,False,0.06839981361091958,0.05885554152594809,0.29960182626096904,0.07293259059760687
human_cervical_cancer_real_profile_mask_epithelial_cell,human_cervical_cancer_real,Epithelial cell,"Cervical
Epithelial cell",GCCCTGAGGATGGGCT-1,0.06000113802052534,0.5061007037667724,2159,623,False,False,0.021327383214116917,0.17431592668910925,0.13652522704115724,0.07763479375688741
human_cervical_cancer_real_profile_mask_epithelial_cell,human_cervical_cancer_real,Epithelial cell,"Cervical
Epithelial cell",AGCCCTAAGCGAAGTT-1,0.0600096781799735,0.5061848144666906,2160,622,False,False,0.03891834367418467,0.8279662743716133,0.0752108075476284,0.11401897962050239
human_cervical_cancer_real_profile_mask_epithelial_cell,human_cervical_cancer_real,Epithelial cell,"Cervical
Epithelial cell",AGTACGTGGCCTGTCT-1,0.060025552852507706,0.5063411616433365,2161,621,False,False,0.6912267621426822,0.09590864505390526,0.17988010039625685,0.0
human_cervical_cancer_real_profile_mask_epithelial_cell,human_cervical_cancer_real,Epithelial cell,"Cervical
Epithelial cell",GGAGAAGTCATTGGCA-1,0.06003128082416271,0.5063975755437957,2162,620,False,False,0.0,0.09956551866308701,0.08216467274668734,0.0
human_cervical_cancer_real_profile_mask_epithelial_cell,human_cervical_cancer_real,Epithelial cell,"Cervical
Epithelial cell",ACATCCTGGTAACTGT-1,0.06003749267684162,0.5064587551130747,2163,619,False,False,0.18776690559248063,0.06614000340239058,0.11903529487782086,0.0
human_cervical_cancer_real_profile_mask_epithelial_cell,human_cervical_cancer_real,Epithelial cell,"Cervical
Epithelial cell",AGGGTTTAGTTCGGGA-1,0.06005339682752582,0.5066153926154274,2164,618,False,False,0.08648718461151908,0.11817053548513608,0.11069294829117737,0.11246187022010065
human_cervical_cancer_real_profile_mask_epithelial_cell,human_cervical_cancer_real,Epithelial cell,"Cervical
Epithelial cell",GAGCTAAGGGCATATC-1,0.06005583110664821,0.5066393674512631,2165,617,False,False,0.0653234944265815,0.04580901534948609,0.1615024873052099,0.1529991052064841
human_cervical_cancer_real_profile_mask_epithelial_cell,human_cervical_cancer_real,Epithelial cell,"Cervical
Epithelial cell",AGAGGCTTCGGAAACC-1,0.06008830924446848,0.506959239570828,2166,616,False,False,0.12712509002802816,0.19401884640326364,0.32517132116585973,0.0
human_cervical_cancer_real_profile_mask_epithelial_cell,human_cervical_cancer_real,Epithelial cell,"Cervical
Epithelial cell",TGCGGCATAGTTCAAC-1,0.060139149189561314,0.5074599542696016,2167,615,False,False,0.15401681644379975,0.12588877408748547,0.08523744344523707,0.0
human_cervical_cancer_real_profile_mask_epithelial_cell,human_cervical_cancer_real,Epithelial cell,"Cervical
Epithelial cell",TATTCCACTCAGCTCG-1,0.06016318701113184,0.5076966990293545,2168,614,False,False,0.1610292386779252,0.06748991252149215,0.11372592076417878,0.0
human_cervical_cancer_real_profile_mask_epithelial_cell,human_cervical_cancer_real,Epithelial cell,"Cervical
Epithelial cell",AGCCCTTCTAATCCGA-1,0.0601733209443343,0.5077965065586821,2169,613,False,False,0.10538531996784559,0.10512074201287742,0.10006682227690564,0.13171811676380638
human_cervical_cancer_real_profile_mask_epithelial_cell,human_cervical_cancer_real,Epithelial cell,"Cervical
Epithelial cell",TCTATCATGCAGTTAC-1,0.06017428086362215,0.5078059606542006,2170,612,False,False,0.15025040251297384,0.09641401227458175,0.0740607944413211,0.0
human_cervical_cancer_real_profile_mask_epithelial_cell,human_cervical_cancer_real,Epithelial cell,"Cervical
Epithelial cell",TCATCCTCAGCTGCTT-1,0.060186826593600744,0.5079295215942381,2171,611,False,False,0.0480362123593095,0.052480779583862,0.1329381277639749,0.0
human_cervical_cancer_real_profile_mask_epithelial_cell,human_cervical_cancer_real,Epithelial cell,"Cervical
Epithelial cell",AACCCAGAGACGGAGA-1,0.06019519968615264,0.5080119868783227,2172,610,False,False,0.10078630169645734,0.10992950683035026,0.15435616443864517,0.0
human_cervical_cancer_real_profile_mask_epithelial_cell,human_cervical_cancer_real,Epithelial cell,"Cervical
Epithelial cell",ACCATCGTATATGGTA-1,0.06022750700937373,0.5083301766715118,2173,609,False,False,0.11246896304681,0.09391907382783551,0.1803778452263443,0.0
human_cervical_cancer_real_profile_mask_epithelial_cell,human_cervical_cancer_real,Epithelial cell,"Cervical
Epithelial cell",CGTATTAAGAGATCTA-1,0.06023549500458801,0.5084088491919132,2174,608,False,False,0.13113418972353025,0.1363680403271154,0.30381505109181245,0.11230946511392689
human_cervical_cancer_real_profile_mask_epithelial_cell,human_cervical_cancer_real,Epithelial cell,"Cervical
Epithelial cell",ATTATCTCGACAGATC-1,0.06024640359484433,0.5085162861978789,2175,607,False,False,0.11285083206593681,0.07013128486161725,0.10521650161616079,0.0
human_cervical_cancer_real_profile_mask_epithelial_cell,human_cervical_cancer_real,Epithelial cell,"Cervical
Epithelial cell",TATTTATACCGAGTAG-1,0.06027044875006492,0.508753103185609,2176,606,False,False,0.1615030465901617,0.06457847808718625,0.12381643670843319,0.09959896978900606
human_cervical_cancer_real_profile_mask_epithelial_cell,human_cervical_cancer_real,Epithelial cell,"Cervical
Epithelial cell",GCAAGTGCACAGAGAA-1,0.060283656815597046,0.5088831873653268,2177,605,False,False,0.1329409760737671,0.07930006364177558,0.06678650586268772,0.0
human_cervical_cancer_real_profile_mask_epithelial_cell,human_cervical_cancer_real,Epithelial cell,"Cervical
Epithelial cell",CTAGTCACGTCTTAAG-1,0.06031101719086458,0.509152655438815,2178,604,False,False,0.8541340263826526,0.12175081075155807,0.44675636987152967,0.12064873676315538
human_cervical_cancer_real_profile_mask_epithelial_cell,human_cervical_cancer_real,Epithelial cell,"Cervical
Epithelial cell",ATCTTGACCTGCAACG-1,0.060317296983429025,0.5092145041374422,2179,603,False,False,0.15976941105526707,0.16179192874295376,0.3649720268245213,0.15550375882195483
human_cervical_cancer_real_profile_mask_epithelial_cell,human_cervical_cancer_real,Epithelial cell,"Cervical
Epithelial cell",GTGAAACGTGCTCCAC-1,0.06031811060455257,0.5092225173651325,2180,602,False,False,0.2703136487373864,0.0,0.08098257932340709,0.0
human_cervical_cancer_real_profile_mask_epithelial_cell,human_cervical_cancer_real,Epithelial cell,"Cervical
Epithelial cell",GTCAATTGTACTGAAG-1,0.060326860020878434,0.5093086890034387,2181,601,False,False,0.04753006548303717,0.23135403694252038,0.11070226207509062,0.0
human_cervical_cancer_real_profile_mask_epithelial_cell,human_cervical_cancer_real,Epithelial cell,"Cervical
Epithelial cell",CTCGGTCCGTAGCCTG-1,0.060328711144993045,0.5093269204364537,2182,600,False,False,0.03939236713841917,0.03987778579041783,0.13590270056436768,0.0
human_cervical_cancer_real_profile_mask_epithelial_cell,human_cervical_cancer_real,Epithelial cell,"Cervical
Epithelial cell",CACTACTCAGTTCTGT-1,0.060329464187816574,0.5093343370379046,2183,599,False,False,0.07108004023463084,0.1517117248328971,0.12164862469287795,0.0
human_cervical_cancer_real_profile_mask_epithelial_cell,human_cervical_cancer_real,Epithelial cell,"Cervical
Epithelial cell",CCAACGCTTGCCAGGG-1,0.06034327746321237,0.5094703818352831,2184,598,False,False,0.4907471624513621,0.082424253361473,0.17313141242492744,0.0
human_cervical_cancer_real_profile_mask_epithelial_cell,human_cervical_cancer_real,Epithelial cell,"Cervical
Epithelial cell",AAACAATCTACTAGCA-1,0.060358171773486416,0.509617073576761,2185,597,False,False,0.07913264239790392,0.1220201157609399,0.12519057810414316,0.0
human_cervical_cancer_real_profile_mask_epithelial_cell,human_cervical_cancer_real,Epithelial cell,"Cervical
Epithelial cell",ACCCGGATGACGCATC-1,0.06036110979488291,0.5096460096917755,2186,596,False,False,0.0927691109080681,0.10199408876137933,0.11712536685267076,0.0
human_cervical_cancer_real_profile_mask_epithelial_cell,human_cervical_cancer_real,Epithelial cell,"Cervical
Epithelial cell",TCCCGGGTGTGCTGCT-1,0.06036400427275653,0.5096745169534169,2187,595,False,False,0.08274422141853925,0.17534723970949714,0.4636250363884415,0.0
human_cervical_cancer_real_profile_mask_epithelial_cell,human_cervical_cancer_real,Epithelial cell,"Cervical
Epithelial cell",GTGCGCTTACAAATGA-1,0.06037168223983886,0.5097501360550466,2188,594,False,False,0.29240119154981553,0.29240119154981553,0.11735371505700783,0.0
human_cervical_cancer_real_profile_mask_epithelial_cell,human_cervical_cancer_real,Epithelial cell,"Cervical
Epithelial cell",TGGTCGTTTGATAGAT-1,0.060375690008373444,0.5097896079429662,2189,593,False,False,0.10763747212606459,0.07095251565754075,0.0302696147031515,0.0
human_cervical_cancer_real_profile_mask_epithelial_cell,human_cervical_cancer_real,Epithelial cell,"Cervical
Epithelial cell",TCTGGGAACCTTTGAA-1,0.060377205129854276,0.5098045301383876,2190,592,False,False,0.06767709866605166,0.15121540761695285,0.0,0.0
human_cervical_cancer_real_profile_mask_epithelial_cell,human_cervical_cancer_real,Epithelial cell,"Cervical
Epithelial cell",GAGTGTCAACCAGAAA-1,0.060383516702563485,0.5098666918347093,2191,591,False,False,0.2115252310982352,0.07666528823345867,0.12019953192644177,0.11010499250963929
human_cervical_cancer_real_profile_mask_epithelial_cell,human_cervical_cancer_real,Epithelial cell,"Cervical
Epithelial cell",CGTGCATTGTCGACGC-1,0.06039838728392522,0.5100131498738267,2192,590,False,False,0.15835271855752459,0.12250842467210145,0.1344662077854544,0.0
human_cervical_cancer_real_profile_mask_epithelial_cell,human_cervical_cancer_real,Epithelial cell,"Cervical
Epithelial cell",CTTCATTGTCAGTGGA-1,0.060399263787955314,0.5100217824254669,2193,589,False,False,0.12154335147367332,0.059664133771693745,0.11722346547050819,0.08482386027736123
human_cervical_cancer_real_profile_mask_epithelial_cell,human_cervical_cancer_real,Epithelial cell,"Cervical
Epithelial cell",AAATTACACGACTCTG-1,0.06041651984186528,0.5101917346120748,2194,588,False,False,0.0658796603964445,0.12979692836548276,0.10490050864334786,0.11824554416657486
human_cervical_cancer_real_profile_mask_epithelial_cell,human_cervical_cancer_real,Epithelial cell,"Cervical
Epithelial cell",CAGCCTCCTGCAGAGG-1,0.06042280544865228,0.5102536405740741,2195,587,False,False,0.06568760316651599,0.12119012717248459,0.12611498870870683,0.11507057822190489
human_cervical_cancer_real_profile_mask_epithelial_cell,human_cervical_cancer_real,Epithelial cell,"Cervical
Epithelial cell",TCCTTTCTTACGCTTA-1,0.060424313556495704,0.5102684936932732,2196,586,False,False,0.1220201157609399,0.07249800268149093,0.1008182313157573,0.0632381596982229
human_cervical_cancer_real_profile_mask_epithelial_cell,human_cervical_cancer_real,Epithelial cell,"Cervical
Epithelial cell",GCGGGCAGACGGGTGA-1,0.06042545692148928,0.510279754516968,2197,585,False,False,0.07749533766794357,0.04764106008117767,0.0990638385542209,0.0
human_cervical_cancer_real_profile_mask_epithelial_cell,human_cervical_cancer_real,Epithelial cell,"Cervical
Epithelial cell",TAATATTGAAATTCGC-1,0.06042636061450007,0.5102886548486433,2198,584,False,False,0.11360980333663684,0.16717314865481125,0.1934326543062099,0.0
human_cervical_cancer_real_profile_mask_epithelial_cell,human_cervical_cancer_real,Epithelial cell,"Cervical
Epithelial cell",AGCCACAGGTTACCCG-1,0.06044116241123028,0.5104344354386409,2199,583,False,False,0.115213031230084,0.049668278869100996,0.10002153198820164,0.0
human_cervical_cancer_real_profile_mask_epithelial_cell,human_cervical_cancer_real,Epithelial cell,"Cervical
Epithelial cell",CAATACGAGAGTCTGA-1,0.0604512245275663,0.5105335356548393,2200,582,False,False,0.0974330011680519,0.11732629408489358,0.10895484165295041,0.0
human_cervical_cancer_real_profile_mask_epithelial_cell,human_cervical_cancer_real,Epithelial cell,"Cervical
Epithelial cell",TCCTATCATAGGTAAC-1,0.060452787465930406,0.5105489287912944,2201,581,False,False,0.8040180697261992,0.15792344339785852,0.4391270767641088,0.0
human_cervical_cancer_real_profile_mask_epithelial_cell,human_cervical_cancer_real,Epithelial cell,"Cervical
Epithelial cell",GGGTTCAGACGAACAA-1,0.06047865846737228,0.510803728254006,2202,580,False,False,0.07982962046928767,0.08771631360275332,0.09804516994902077,0.0
human_cervical_cancer_real_profile_mask_epithelial_cell,human_cervical_cancer_real,Epithelial cell,"Cervical
Epithelial cell",TAGGTGTTCCACAGAT-1,0.06049822272260316,0.5109964135558247,2203,579,False,False,0.8516945748770225,0.09732769211353424,0.4559661333566588,0.0
human_cervical_cancer_real_profile_mask_epithelial_cell,human_cervical_cancer_real,Epithelial cell,"Cervical
Epithelial cell",CGCTACCGCCCTATGA-1,0.060518361901935984,0.5111947611955551,2204,578,False,False,0.23623670293945923,0.2865431445663525,0.09795666085630776,0.0
human_cervical_cancer_real_profile_mask_epithelial_cell,human_cervical_cancer_real,Epithelial cell,"Cervical
Epithelial cell",CTAATTTCAACAACAC-1,0.06051911445698896,0.51120217299303,2205,577,False,False,0.059336507544510995,0.051151618721485666,0.5664971099465071,0.0
human_cervical_cancer_real_profile_mask_epithelial_cell,human_cervical_cancer_real,Epithelial cell,"Cervical
Epithelial cell",ATTAATGAACCAGTCG-1,0.06052430110977513,0.511253255528283,2206,576,False,False,0.02551345412461825,0.21282046034299673,0.33574743214857805,0.09655143945337524
human_cervical_cancer_real_profile_mask_epithelial_cell,human_cervical_cancer_real,Epithelial cell,"Cervical
Epithelial cell",TTGCACGGAGCAGCAC-1,0.060528794949659986,0.5112975146572056,2207,575,False,False,0.09716856702770009,0.048353560269478665,0.08946298108419778,0.08911817475963305
human_cervical_cancer_real_profile_mask_epithelial_cell,human_cervical_cancer_real,Epithelial cell,"Cervical
Epithelial cell",TTCGCACTCGCGTGCT-1,0.060531370205101326,0.5113228779468437,2208,574,False,False,0.020858592896196834,0.172498658518474,0.3885864163302697,0.0
human_cervical_cancer_real_profile_mask_epithelial_cell,human_cervical_cancer_real,Epithelial cell,"Cervical
Epithelial cell",CCTCCCGACAATCCCT-1,0.06053438256578741,0.5113525462179399,2209,573,False,False,0.018809431958295833,0.10717021797545775,0.05534591855045715,0.0
human_cervical_cancer_real_profile_mask_epithelial_cell,human_cervical_cancer_real,Epithelial cell,"Cervical
Epithelial cell",ACACGGCACTATGCAT-1,0.060534699398773886,0.5113556666566638,2210,572,False,False,0.07946852885232741,0.09668410181596933,0.09892716785053568,0.0
human_cervical_cancer_real_profile_mask_epithelial_cell,human_cervical_cancer_real,Epithelial cell,"Cervical
Epithelial cell",ATCAAACACTGTTCCA-1,0.060567827765426095,0.511681942778694,2211,571,False,False,0.08516954427491724,0.08866383855265633,0.14927348265084694,0.0
human_cervical_cancer_real_profile_mask_epithelial_cell,human_cervical_cancer_real,Epithelial cell,"Cervical
Epithelial cell",TACGCCTCCATTCCGA-1,0.060574704776903444,0.5117496733933526,2212,570,False,False,0.09799740710895967,0.06469864350603234,0.14830135278958453,0.0
human_cervical_cancer_real_profile_mask_epithelial_cell,human_cervical_cancer_real,Epithelial cell,"Cervical
Epithelial cell",ATCTAGCTTGTGAGGG-1,0.060586814878007204,0.5118689438924693,2213,569,False,False,0.03356233298279766,0.03356233298279766,0.1476426269773405,0.0
human_cervical_cancer_real_profile_mask_epithelial_cell,human_cervical_cancer_real,Epithelial cell,"Cervical
Epithelial cell",CTGCCTAGCCACCAAG-1,0.060586991853470475,0.5118706868962357,2214,568,False,False,0.3212473468684887,0.13133464908333348,0.131882197014243,0.0
human_cervical_cancer_real_profile_mask_epithelial_cell,human_cervical_cancer_real,Epithelial cell,"Cervical
Epithelial cell",ACTGTACGATACACAT-1,0.06059335437198921,0.5119333503498986,2215,567,False,False,0.061443180431731755,0.08645409578177807,0.2893537174311771,0.14370961728458734
human_cervical_cancer_real_profile_mask_epithelial_cell,human_cervical_cancer_real,Epithelial cell,"Cervical
Epithelial cell",TTAATGCGAGGTAACT-1,0.06060579691409552,0.5120558950086578,2216,566,False,False,0.2821895974588467,0.17462175605548425,0.12083250532165615,0.0
human_cervical_cancer_real_profile_mask_epithelial_cell,human_cervical_cancer_real,Epithelial cell,"Cervical
Epithelial cell",TATCGATGATTAAACG-1,0.060612600048108936,0.5121228980156836,2217,565,False,False,0.023831339446719835,0.0,0.10441259340445115,0.11085699760100179
human_cervical_cancer_real_profile_mask_epithelial_cell,human_cervical_cancer_real,Epithelial cell,"Cervical
Epithelial cell",TAACCGCCCGCAGTGC-1,0.06061464646360455,0.5121430528430853,2218,564,False,False,0.037066791019208664,0.21304356394883578,0.12463570756028038,0.0
human_cervical_cancer_real_profile_mask_epithelial_cell,human_cervical_cancer_real,Epithelial cell,"Cervical
Epithelial cell",GGGATGGTCGTAACCG-1,0.060619349909110914,0.5121893763451192,2219,563,False,False,0.08326707139496507,0.12908795716738766,0.06590815739307011,0.0
human_cervical_cancer_real_profile_mask_epithelial_cell,human_cervical_cancer_real,Epithelial cell,"Cervical
Epithelial cell",GTTGGATTGAGAACAC-1,0.060629384280308764,0.5122882033037742,2220,562,False,False,0.16068625855474955,0.17937858380539107,0.14131644084508607,0.07646630999385712
human_cervical_cancer_real_profile_mask_epithelial_cell,human_cervical_cancer_real,Epithelial cell,"Cervical
Epithelial cell",GCTTGATGATAATCAG-1,0.0606310857624608,0.5123049609364126,2221,561,False,False,0.14953546481075491,0.02471035820833992,0.25449909117618474,0.0
human_cervical_cancer_real_profile_mask_epithelial_cell,human_cervical_cancer_real,Epithelial cell,"Cervical
Epithelial cell",ATCAGTAGGCAGGGAT-1,0.060645713918358934,0.5124490313649069,2222,560,False,False,0.07350645573089275,0.11093809937582567,0.12019214119145409,0.13390918196405768
human_cervical_cancer_real_profile_mask_epithelial_cell,human_cervical_cancer_real,Epithelial cell,"Cervical
Epithelial cell",TCCGAATGGTCCTGAG-1,0.06065836212116793,0.5125736015438866,2223,559,False,False,0.06650106336717633,0.16161134404724073,0.11527891530885777,0.0
human_cervical_cancer_real_profile_mask_epithelial_cell,human_cervical_cancer_real,Epithelial cell,"Cervical
Epithelial cell",TAGTTTATTCTTGCTT-1,0.06068537909158651,0.5128396874765172,2224,558,False,False,0.053710387698007,0.025893859955439667,0.15439991953102955,0.09302575202326727
human_cervical_cancer_real_profile_mask_epithelial_cell,human_cervical_cancer_real,Epithelial cell,"Cervical
Epithelial cell",GCAACCACCAGACCGG-1,0.060686861017480845,0.5128542827337786,2225,557,False,True,0.27403949959687934,0.12503025506670756,0.0,0.18497939242254133
human_cervical_cancer_real_profile_mask_epithelial_cell,human_cervical_cancer_real,Epithelial cell,"Cervical
Epithelial cell",AACCGTTGTGTTTGCT-1,0.060711665929499455,0.5130985824478485,2226,556,False,True,0.08430455225279615,0.12403463850072576,0.09856086008855867,0.0
human_cervical_cancer_real_profile_mask_epithelial_cell,human_cervical_cancer_real,Epithelial cell,"Cervical
Epithelial cell",AAATGATTCGATCAGC-1,0.06073777770819988,0.5133557532882684,2227,555,False,True,0.12383107996348758,0.09897308852214182,0.08934450368313605,0.0
human_cervical_cancer_real_profile_mask_epithelial_cell,human_cervical_cancer_real,Epithelial cell,"Cervical
Epithelial cell",CTGCGGTAGTCACGTG-1,0.06075538284166672,0.5135291435050482,2228,554,False,True,0.041381305370469836,0.0,0.11085149349374693,0.0
human_cervical_cancer_real_profile_mask_epithelial_cell,human_cervical_cancer_real,Epithelial cell,"Cervical
Epithelial cell",AACACGACTGTACTGA-1,0.06077965452286786,0.5137681915118698,2229,553,False,True,0.06746310450040699,0.108740402546497,0.13259068183747139,0.0
human_cervical_cancer_real_profile_mask_epithelial_cell,human_cervical_cancer_real,Epithelial cell,"Cervical
Epithelial cell",CGCTTTCCGCCAAGGT-1,0.06078983081735842,0.5138684162509242,2230,552,False,True,0.24187250341689706,0.06250506357454651,0.082182380347112,0.15757271109146115
human_cervical_cancer_real_profile_mask_epithelial_cell,human_cervical_cancer_real,Epithelial cell,"Cervical
Epithelial cell",GAAGCCTGCACATTCC-1,0.06079643107917409,0.5139334212012802,2231,551,False,True,0.050111105489824,0.07837897754460475,0.13747298398331262,0.0
human_cervical_cancer_real_profile_mask_epithelial_cell,human_cervical_cancer_real,Epithelial cell,"Cervical
Epithelial cell",GTGCGGGTCTCCAAAT-1,0.06079934519451673,0.5139621218692946,2232,550,False,True,0.0486825254493015,0.16813621884218416,0.11112376034497032,0.09365463222038148
human_cervical_cancer_real_profile_mask_epithelial_cell,human_cervical_cancer_real,Epithelial cell,"Cervical
Epithelial cell",TGATACATTTAGCCGT-1,0.060807286253681994,0.5140403321238616,2233,549,False,True,0.15289735937103824,0.15556294620822494,0.32509700611944425,0.0
human_cervical_cancer_real_profile_mask_epithelial_cell,human_cervical_cancer_real,Epithelial cell,"Cervical
Epithelial cell",CTAAGTACAGGGCTAC-1,0.06082146659580191,0.5141799921042198,2234,548,False,True,0.1011658758218954,0.10823864116267759,0.27097845673978094,0.0
human_cervical_cancer_real_profile_mask_epithelial_cell,human_cervical_cancer_real,Epithelial cell,"Cervical
Epithelial cell",GAATTATAGTGAAAGG-1,0.06082292374817266,0.5141943433709069,2235,547,False,True,0.058892883820853587,0.07905003363185291,0.14985853601527527,0.11033333639156034
human_cervical_cancer_real_profile_mask_epithelial_cell,human_cervical_cancer_real,Epithelial cell,"Cervical
Epithelial cell",CGACATGCGATCTTCT-1,0.060826792055638595,0.5142324417284884,2236,546,False,True,0.05719956946584225,0.1445595788938426,0.0895728129911601,0.0
human_cervical_cancer_real_profile_mask_epithelial_cell,human_cervical_cancer_real,Epithelial cell,"Cervical
Epithelial cell",GTGATCATAGATCTGC-1,0.060836570286566666,0.514328746001531,2237,545,False,True,0.17534723970949714,0.07126030391494717,0.08883428094284555,0.11753337179059126
human_cervical_cancer_real_profile_mask_epithelial_cell,human_cervical_cancer_real,Epithelial cell,"Cervical
Epithelial cell",GCGAAGCCATACCCGT-1,0.06083695632923913,0.5143325480756697,2238,544,False,True,0.17993320323424503,0.15073602669556224,0.2849171791405078,0.10414101265013047
human_cervical_cancer_real_profile_mask_epithelial_cell,human_cervical_cancer_real,Epithelial cell,"Cervical
Epithelial cell",CATGCTGGCTCCAATT-1,0.060843878886213225,0.5144007272608302,2239,543,False,True,0.05392771522998617,0.13644652775434532,0.1373044663593897,0.0
human_cervical_cancer_real_profile_mask_epithelial_cell,human_cervical_cancer_real,Epithelial cell,"Cervical
Epithelial cell",CCCAAGACAGAGTATG-1,0.06085675598792599,0.5145275518294525,2240,542,False,True,0.0,0.11349141738602048,0.12628371421102577,0.0
human_cervical_cancer_real_profile_mask_epithelial_cell,human_cervical_cancer_real,Epithelial cell,"Cervical
Epithelial cell",CTATCGGGTCTCAACA-1,0.06086480970958365,0.5146068716793551,2241,541,False,True,0.11267588750395933,0.06524509526057692,0.4058554301521503,0.13920750956127753
human_cervical_cancer_real_profile_mask_epithelial_cell,human_cervical_cancer_real,Epithelial cell,"Cervical
Epithelial cell",CGTCAAATGGTCGCAG-1,0.06086698753810613,0.5146283207731853,2242,540,False,True,0.0760211888985875,0.17098678928159022,0.27997775531455477,0.0
human_cervical_cancer_real_profile_mask_epithelial_cell,human_cervical_cancer_real,Epithelial cell,"Cervical
Epithelial cell",AAATAACCATACGGGA-1,0.060878072768990404,0.5147374974851766,2243,539,False,True,0.10735915859091216,0.15530507472733213,0.27320871025005544,0.10562166019533346
human_cervical_cancer_real_profile_mask_epithelial_cell,human_cervical_cancer_real,Epithelial cell,"Cervical
Epithelial cell",GAGGTACATCCATCTT-1,0.060880628696383415,0.5147626704158779,2244,538,False,True,0.08736718433715891,0.055633122737600085,0.16243800484691023,0.0
human_cervical_cancer_real_profile_mask_epithelial_cell,human_cervical_cancer_real,Epithelial cell,"Cervical
Epithelial cell",AGCGCGGGTGCCAATG-1,0.06090999295078738,0.515051874382793,2245,537,False,True,0.12582207561505793,0.11741786961906618,0.12537595197574197,0.1646413646409986
human_cervical_cancer_real_profile_mask_epithelial_cell,human_cervical_cancer_real,Epithelial cell,"Cervical
Epithelial cell",GTCTTGAGGAGCAGTG-1,0.060931807250657014,0.5152667200237203,2246,536,False,True,0.13848040162074923,0.14303193436818543,0.11664935057829975,0.0
human_cervical_cancer_real_profile_mask_epithelial_cell,human_cervical_cancer_real,Epithelial cell,"Cervical
Epithelial cell",AATGACTGTCAGCCGG-1,0.06093899724157218,0.5153375331241024,2247,535,False,True,0.9937724767934607,0.14126604080043492,0.10950596201584269,0.26489055616952106
human_cervical_cancer_real_profile_mask_epithelial_cell,human_cervical_cancer_real,Epithelial cell,"Cervical
Epithelial cell",GTGACGCAGGTTTCAT-1,0.0609420629489659,0.515367726798611,2248,534,False,True,0.060982847149517086,0.026127653514807916,0.20914293140158094,0.33482092537759767
human_cervical_cancer_real_profile_mask_epithelial_cell,human_cervical_cancer_real,Epithelial cell,"Cervical
Epithelial cell",GTAGTCTACGATATTG-1,0.060945609793594056,0.5154026591187845,2249,533,False,True,0.16183498521056278,0.08733222954893284,0.15020888866567253,0.19955325297814538
human_cervical_cancer_real_profile_mask_epithelial_cell,human_cervical_cancer_real,Epithelial cell,"Cervical
Epithelial cell",TACTGTTTCTCTGGTA-1,0.06095975249806276,0.5155419484117796,2250,532,False,True,0.07666748060363575,0.07673142597904817,0.0962741942350161,0.0
human_cervical_cancer_real_profile_mask_epithelial_cell,human_cervical_cancer_real,Epithelial cell,"Cervical
Epithelial cell",ATACTAGCATGACCCT-1,0.060970508451994344,0.5156478821263625,2251,531,False,True,0.09238401930326458,0.15498094791353417,0.06816099627721205,0.11877596882988053
human_cervical_cancer_real_profile_mask_epithelial_cell,human_cervical_cancer_real,Epithelial cell,"Cervical
Epithelial cell",ACCCGTGTCATCAGTA-1,0.06097587609508091,0.5157007472068874,2252,530,False,True,0.14485840367736885,0.05967316764266976,0.09515509078159154,0.0
human_cervical_cancer_real_profile_mask_epithelial_cell,human_cervical_cancer_real,Epithelial cell,"Cervical
Epithelial cell",CGTTTAAGCGGAGCAC-1,0.061024824814476006,0.5161828355184015,2253,529,False,True,0.09308247570414302,0.10367068167325585,0.20070070521891867,0.0
human_cervical_cancer_real_profile_mask_epithelial_cell,human_cervical_cancer_real,Epithelial cell,"Cervical
Epithelial cell",ATGTTTGTAAGATCAT-1,0.06105966957136013,0.5165260161004264,2254,528,False,True,0.08198488764634916,0.14245379016214674,0.0,0.0
human_cervical_cancer_real_profile_mask_epithelial_cell,human_cervical_cancer_real,Epithelial cell,"Cervical
Epithelial cell",CCGAGGGATGTTAGGC-1,0.06106955841034259,0.5166234097349648,2255,527,False,True,0.058602016160843165,0.09224398554189482,0.12628910943627505,0.0
human_cervical_cancer_real_profile_mask_epithelial_cell,human_cervical_cancer_real,Epithelial cell,"Cervical
Epithelial cell",GTAGCGCTGTTGTAGT-1,0.06109220171618979,0.5168464201266129,2256,526,False,True,0.12911551263405735,0.08519130978290684,0.0819549415742907,0.0
human_cervical_cancer_real_profile_mask_epithelial_cell,human_cervical_cancer_real,Epithelial cell,"Cervical
Epithelial cell",AGTGCTTGCACGAATA-1,0.06112509289043498,0.517170360177579,2257,525,False,True,0.06977328155647192,0.059007897589079004,0.26679538115321144,0.4981122093671496
human_cervical_cancer_real_profile_mask_epithelial_cell,human_cervical_cancer_real,Epithelial cell,"Cervical
Epithelial cell",AAACAAGTATCTCCCA-1,0.06113442355878935,0.5172622564765598,2258,524,False,True,0.7649935547844471,0.09624690771454857,0.057976082515501334,0.0
human_cervical_cancer_real_profile_mask_epithelial_cell,human_cervical_cancer_real,Epithelial cell,"Cervical
Epithelial cell",TCAACCATGTTCGGGC-1,0.06113493110843745,0.5172672552539719,2259,523,False,True,0.06481540880170375,0.1933819654652599,0.10335432282291596,0.1154204280382478
human_cervical_cancer_real_profile_mask_epithelial_cell,human_cervical_cancer_real,Epithelial cell,"Cervical
Epithelial cell",ACAAGGATGCTTTAGG-1,0.061138411883147385,0.5173015368618139,2260,522,False,True,0.1292953088101009,0.14512926971553325,0.19922600834778342,0.0
human_cervical_cancer_real_profile_mask_epithelial_cell,human_cervical_cancer_real,Epithelial cell,"Cervical
Epithelial cell",GCGCTTAAATAATTGG-1,0.06114815773575484,0.5173975222458209,2261,521,False,True,0.06390133733023916,0.058394887972003755,0.08414639552660942,0.0
human_cervical_cancer_real_profile_mask_epithelial_cell,human_cervical_cancer_real,Epithelial cell,"Cervical
Epithelial cell",GGTCTGAGAATCTGGA-1,0.06114891522345775,0.5174049826241965,2262,520,False,True,0.09386194053678608,0.03843917487789266,0.07877705988811604,0.17564235595142874
human_cervical_cancer_real_profile_mask_epithelial_cell,human_cervical_cancer_real,Epithelial cell,"Cervical
Epithelial cell",CTATGTCTATTGAAAC-1,0.06115217654878917,0.517437102909298,2263,519,False,True,0.10027944261884657,0.0965988183821105,0.190883844231022,0.0
human_cervical_cancer_real_profile_mask_epithelial_cell,human_cervical_cancer_real,Epithelial cell,"Cervical
Epithelial cell",TGTAACTTGTCAACCT-1,0.061156223334860024,0.5174769590748538,2264,518,False,True,0.24958227469611755,0.20446143422618743,0.29973622495026075,0.0
human_cervical_cancer_real_profile_mask_epithelial_cell,human_cervical_cancer_real,Epithelial cell,"Cervical
Epithelial cell",ATATTCCCACAGGTCA-1,0.061165236821245736,0.5175657314980396,2265,517,False,True,0.21282046034299673,0.10722661521710593,0.07473803694227325,0.0
human_cervical_cancer_real_profile_mask_epithelial_cell,human_cervical_cancer_real,Epithelial cell,"Cervical
Epithelial cell",ACGATACATAGAACTA-1,0.061168480329450395,0.5175976763050354,2266,516,False,True,0.082400268585031,0.14903664928725643,0.3094836895814914,0.0769814592815817
human_cervical_cancer_real_profile_mask_epithelial_cell,human_cervical_cancer_real,Epithelial cell,"Cervical
Epithelial cell",AACTGGTGTGGGCCTT-1,0.06117156805200673,0.5176280868034508,2267,515,False,True,0.06639902235086717,0.12996226562723776,0.08516955895892449,0.0
human_cervical_cancer_real_profile_mask_epithelial_cell,human_cervical_cancer_real,Epithelial cell,"Cervical
Epithelial cell",ATGCACTACCGCATTG-1,0.06118816321915769,0.51779153001933,2268,514,False,True,0.026609121186416583,0.12620275533459333,0.2330649683633162,0.0
human_cervical_cancer_real_profile_mask_epithelial_cell,human_cervical_cancer_real,Epithelial cell,"Cervical
Epithelial cell",TCGTATAGTGCAATTA-1,0.061202153274331005,0.5179293158931964,2269,513,False,True,0.06584522014324817,0.07799760994121334,0.06409906996920477,0.0
human_cervical_cancer_real_profile_mask_epithelial_cell,human_cervical_cancer_real,Epithelial cell,"Cervical
Epithelial cell",CATGTCTCATTTATGG-1,0.06120534711755137,0.5179607715574992,2270,512,False,True,0.7960442907255424,0.16882346954980157,0.37022584567364875,0.31190172566331786
human_cervical_cancer_real_profile_mask_epithelial_cell,human_cervical_cancer_real,Epithelial cell,"Cervical
Epithelial cell",GAAACAGCCATGCAGT-1,0.061212087903966296,0.5180271605127407,2271,511,False,True,0.12519057810414316,0.035814469605607836,0.10876699603529091,0.0
human_cervical_cancer_real_profile_mask_epithelial_cell,human_cervical_cancer_real,Epithelial cell,"Cervical
Epithelial cell",TACCTACTCCCAGTAT-1,0.06121949143228131,0.5181000767097064,2272,510,False,True,0.15706404129787035,0.09382088580397276,0.18821569614966605,0.0
human_cervical_cancer_real_profile_mask_epithelial_cell,human_cervical_cancer_real,Epithelial cell,"Cervical
Epithelial cell",TACGCAGTTCTTTCCT-1,0.061231057759693314,0.5182139916664484,2273,509,False,True,0.09676672435620884,0.12139518332482652,0.4360017176811259,0.0
human_cervical_cancer_real_profile_mask_epithelial_cell,human_cervical_cancer_real,Epithelial cell,"Cervical
Epithelial cell",GCTCGCTCATGTCCAA-1,0.06123599950567919,0.5182626621527799,2274,508,False,True,0.45824350421853544,0.09542045552677059,0.12589273200655046,0.0
human_cervical_cancer_real_profile_mask_epithelial_cell,human_cervical_cancer_real,Epithelial cell,"Cervical
Epithelial cell",TACGCCATATTCTAAT-1,0.06127205834697669,0.5186178000630478,2275,507,False,True,0.08391583965077058,0.18188077683541704,0.09002574716140026,0.07927227880017425
human_cervical_cancer_real_profile_mask_epithelial_cell,human_cervical_cancer_real,Epithelial cell,"Cervical
Epithelial cell",TTAATTGCTTTGGGTG-1,0.0612858970950049,0.5187540957364144,2276,506,False,True,0.16039720323972143,0.05323874025564642,0.11365576881226515,0.1344265690305932
human_cervical_cancer_real_profile_mask_epithelial_cell,human_cervical_cancer_real,Epithelial cell,"Cervical
Epithelial cell",AGCTGCATTTGAGGTG-1,0.06128715444707,0.5187664792010185,2277,505,False,True,0.11361493052596167,0.10524944728783624,0.03719767245603333,0.0
human_cervical_cancer_real_profile_mask_epithelial_cell,human_cervical_cancer_real,Epithelial cell,"Cervical
Epithelial cell",TCTGCGAATCGTTCGC-1,0.06129280772275911,0.5188221574325466,2278,504,False,True,0.1257121586931141,0.21824322745071817,0.13801566997711753,0.0
human_cervical_cancer_real_profile_mask_epithelial_cell,human_cervical_cancer_real,Epithelial cell,"Cervical
Epithelial cell",TAAGATTTAGCGGGAG-1,0.06131742333069243,0.5190645927201724,2279,503,False,True,0.0,0.15860773611683796,0.16651312022208106,0.0
human_cervical_cancer_real_profile_mask_epithelial_cell,human_cervical_cancer_real,Epithelial cell,"Cervical
Epithelial cell",TCAACTGCAGAGTCAG-1,0.06133505967306862,0.5192382903086382,2280,502,False,True,0.0480578721084155,0.16596428032283708,0.23997612957275868,0.0
human_cervical_cancer_real_profile_mask_epithelial_cell,human_cervical_cancer_real,Epithelial cell,"Cervical
Epithelial cell",TTCTGACCGGGCTCAA-1,0.06133768609177235,0.5192641574972768,2281,501,False,True,0.169605288788269,0.11084700857562632,0.1013566914319888,0.15652959633509908
human_cervical_cancer_real_profile_mask_epithelial_cell,human_cervical_cancer_real,Epithelial cell,"Cervical
Epithelial cell",GTTAGAGTGTGCCGCT-1,0.061344385143225225,0.5193301354113791,2282,500,False,True,0.7262968666601378,0.11164660892868415,0.16556574123961867,0.0
human_cervical_cancer_real_profile_mask_epithelial_cell,human_cervical_cancer_real,Epithelial cell,"Cervical
Epithelial cell",ATACGTACTTAGCCAC-1,0.06134439301328967,0.5193302129224177,2283,499,False,True,0.16002236626022723,0.047595241636195995,0.10482011843042009,0.19826759584732895
human_cervical_cancer_real_profile_mask_epithelial_cell,human_cervical_cancer_real,Epithelial cell,"Cervical
Epithelial cell",CGGAGCAATTTAATCG-1,0.061346366601522886,0.5193496504854578,2284,498,False,True,0.1128928123242189,0.06923491777690959,0.10286109539989824,0.0
human_cervical_cancer_real_profile_mask_epithelial_cell,human_cervical_cancer_real,Epithelial cell,"Cervical
Epithelial cell",GTGCCGCTTCAAAGGT-1,0.06135484386293412,0.5194331417124094,2285,497,False,True,0.07121533623834075,0.14478596800951002,0.10829638297473092,0.0
human_cervical_cancer_real_profile_mask_epithelial_cell,human_cervical_cancer_real,Epithelial cell,"Cervical
Epithelial cell",TATTCCGGCAGTCCTA-1,0.061355532646768116,0.5194399254370835,2286,496,False,True,0.043050496703029,0.25657474957289766,0.09435738561591735,0.0
human_cervical_cancer_real_profile_mask_epithelial_cell,human_cervical_cancer_real,Epithelial cell,"Cervical
Epithelial cell",TTAAACCGGTAGCGAC-1,0.06135737507264696,0.5194580712025294,2287,495,False,True,0.14108503602162265,0.08622406526694701,0.10907635701704452,0.0
human_cervical_cancer_real_profile_mask_epithelial_cell,human_cervical_cancer_real,Epithelial cell,"Cervical
Epithelial cell",GTACTAAGATTTGGAG-1,0.06137133389702519,0.5195955494891605,2288,494,False,True,0.10774006681034108,0.0,0.0980606946420104,0.0898288964308199
human_cervical_cancer_real_profile_mask_epithelial_cell,human_cervical_cancer_real,Epithelial cell,"Cervical
Epithelial cell",CGAGCGTTGATCAGCC-1,0.061384472053062536,0.5197249451411555,2289,493,False,True,0.10595728382990009,0.06827194472438007,0.08779434020789972,0.0
human_cervical_cancer_real_profile_mask_epithelial_cell,human_cervical_cancer_real,Epithelial cell,"Cervical
Epithelial cell",AGGCTTCCCGAAGAAG-1,0.06138534836329894,0.5197335757841519,2290,492,False,True,0.16884390825929693,0.09700597035697792,0.10730363024449632,0.0
human_cervical_cancer_real_profile_mask_epithelial_cell,human_cervical_cancer_real,Epithelial cell,"Cervical
Epithelial cell",GGATCAAAGGACGAGG-1,0.061408824037266434,0.5199647840397407,2291,491,False,True,0.10813827884534108,0.10569434751740626,0.3179676625636557,0.0
human_cervical_cancer_real_profile_mask_epithelial_cell,human_cervical_cancer_real,Epithelial cell,"Cervical
Epithelial cell",AGCCCTGTCGCACCGT-1,0.06142676037317144,0.5201414362177353,2292,490,False,True,0.12002794601663383,0.12002794601663383,0.0908417370189647,0.0
human_cervical_cancer_real_profile_mask_epithelial_cell,human_cervical_cancer_real,Epithelial cell,"Cervical
Epithelial cell",CGCAATTAGGGTAATA-1,0.0614371181068318,0.5202434479229064,2293,489,False,True,0.05179275974621551,0.08137423644376325,0.04693097026839304,0.09060475184095744
human_cervical_cancer_real_profile_mask_epithelial_cell,human_cervical_cancer_real,Epithelial cell,"Cervical
Epithelial cell",GTGGTCAGCGAAGTAT-1,0.061447440418565834,0.5203451107630436,2294,488,False,True,0.18442074204726935,0.10405246427330309,0.058502650690984564,0.0
human_cervical_cancer_real_profile_mask_epithelial_cell,human_cervical_cancer_real,Epithelial cell,"Cervical
Epithelial cell",CCGGGACCCGCAGAGA-1,0.06144825902383326,0.5203531730787905,2295,487,False,True,0.13566362293470532,0.1370266033882449,0.15476782895571023,0.0
human_cervical_cancer_real_profile_mask_epithelial_cell,human_cervical_cancer_real,Epithelial cell,"Cervical
Epithelial cell",TCTTTCTCTTAAGGAG-1,0.06146197842353159,0.5204882933090497,2296,486,False,True,0.11735014566459594,0.1895712577266117,0.10359465861169875,0.0
human_cervical_cancer_real_profile_mask_epithelial_cell,human_cervical_cancer_real,Epithelial cell,"Cervical
Epithelial cell",CACAGGGCCATATAGT-1,0.06146998842426434,0.5205671825583742,2297,485,False,True,0.08233541979964425,0.14262991515047568,0.13955280183700575,0.0
human_cervical_cancer_real_profile_mask_epithelial_cell,human_cervical_cancer_real,Epithelial cell,"Cervical
Epithelial cell",AACTTTAGCTGCTGAG-1,0.06150139870842242,0.5208765375535829,2298,484,False,True,0.1460865167816011,0.06095884609433717,0.08939069861153258,0.0
human_cervical_cancer_real_profile_mask_epithelial_cell,human_cervical_cancer_real,Epithelial cell,"Cervical
Epithelial cell",AGATGACTCGCCCACG-1,0.06150175777521849,0.5208800739465178,2299,483,False,True,0.072559202226352,0.0806727135841284,0.38300917955164715,0.09352969856770751
human_cervical_cancer_real_profile_mask_epithelial_cell,human_cervical_cancer_real,Epithelial cell,"Cervical
Epithelial cell",CGCTGTGACGCCGCAC-1,0.061505749028532765,0.5209193831786055,2300,482,False,True,0.07744469160301884,0.18306573693823566,0.11509073376072891,0.10725697175729412
human_cervical_cancer_real_profile_mask_epithelial_cell,human_cervical_cancer_real,Epithelial cell,"Cervical
Epithelial cell",TTAGTAAACCTGCTCT-1,0.061539217007453996,0.5212490040889647,2301,481,False,True,0.08034768345893233,0.12375215816614217,0.12449171612619783,0.0
human_cervical_cancer_real_profile_mask_epithelial_cell,human_cervical_cancer_real,Epithelial cell,"Cervical
Epithelial cell",GTTAACATCACTTAAA-1,0.06155865528705962,0.5214404486764762,2302,480,False,True,0.12126828506145124,0.15356382334322247,0.3639476814721718,0.16719922333332712
human_cervical_cancer_real_profile_mask_epithelial_cell,human_cervical_cancer_real,Epithelial cell,"Cervical
Epithelial cell",CAAACGAGTATCGCAG-1,0.06156269287020348,0.5214802142038378,2303,479,False,True,0.14883360939232868,0.11839884451424508,0.25558421236405715,0.0
human_cervical_cancer_real_profile_mask_epithelial_cell,human_cervical_cancer_real,Epithelial cell,"Cervical
Epithelial cell",GAGTAGATACTAGTTG-1,0.06156675138025184,0.5215201858370216,2304,478,False,True,0.14823636934392084,0.21616549311557337,0.14257678584715436,0.0
human_cervical_cancer_real_profile_mask_epithelial_cell,human_cervical_cancer_real,Epithelial cell,"Cervical
Epithelial cell",GCTCTAAACCCTGACG-1,0.06158390647814422,0.5216891437235404,2305,477,False,True,0.02919619131477717,0.16986680185997588,0.05496475341517513,0.07413570076504923
human_cervical_cancer_real_profile_mask_epithelial_cell,human_cervical_cancer_real,Epithelial cell,"Cervical
Epithelial cell",TCACTCGTGCAACGGC-1,0.06159162685719147,0.5217651805340051,2306,476,False,True,0.11145306120194108,0.11145306120194108,0.1792540757143877,0.17178908109745883
human_cervical_cancer_real_profile_mask_epithelial_cell,human_cervical_cancer_real,Epithelial cell,"Cervical
Epithelial cell",GTTGTCGTGTTAGTTG-1,0.06159937349158045,0.5218414759292401,2307,475,False,True,0.023193076123413918,0.15056273810123857,0.0,0.0
human_cervical_cancer_real_profile_mask_epithelial_cell,human_cervical_cancer_real,Epithelial cell,"Cervical
Epithelial cell",TGAGCTTTAATGACGC-1,0.06160715471579253,0.5219181119942541,2308,474,False,True,0.05704600267153325,0.11943292249666825,0.07767738663921508,0.10381149885462462
human_cervical_cancer_real_profile_mask_epithelial_cell,human_cervical_cancer_real,Epithelial cell,"Cervical
Epithelial cell",GTTTGAGCGGTTATGT-1,0.061616346310453804,0.5220086385780981,2309,473,False,True,0.09983422706205951,0.09699701974025374,0.3092845184410118,0.0
human_cervical_cancer_real_profile_mask_epithelial_cell,human_cervical_cancer_real,Epithelial cell,"Cervical
Epithelial cell",ATGGGAACGGAAGCGG-1,0.06165944699790068,0.5224331305340294,2310,472,False,True,0.38158523967502994,0.11816425138083801,0.0654149239778699,0.0
human_cervical_cancer_real_profile_mask_epithelial_cell,human_cervical_cancer_real,Epithelial cell,"Cervical
Epithelial cell",GGGCCTATTTAAGTAT-1,0.06166039690474214,0.5224424860185233,2311,471,False,True,0.062228729726848495,0.027514957528579336,0.10341336658016777,0.0
human_cervical_cancer_real_profile_mask_epithelial_cell,human_cervical_cancer_real,Epithelial cell,"Cervical
Epithelial cell",GGGAGCGACCGTAGTG-1,0.06166191561470435,0.5224574435563386,2312,470,False,True,0.09549932234284234,0.09466530408345109,0.23398986019745885,0.0
human_cervical_cancer_real_profile_mask_epithelial_cell,human_cervical_cancer_real,Epithelial cell,"Cervical
Epithelial cell",TCAGGGTGCACGAAAC-1,0.06167677313077949,0.5226037729174837,2313,469,False,True,0.09928865068880757,0.16769787365576805,0.11249229996885833,0.0
human_cervical_cancer_real_profile_mask_epithelial_cell,human_cervical_cancer_real,Epithelial cell,"Cervical
Epithelial cell",CTTCGTAGATAGGTGA-1,0.06168360735390445,0.5226710821163256,2314,468,False,True,0.0357564642738585,0.18280697627303796,0.10864104226060108,0.0
human_cervical_cancer_real_profile_mask_epithelial_cell,human_cervical_cancer_real,Epithelial cell,"Cervical
Epithelial cell",CAGCTTAGTAGGTAGC-1,0.061687363619094736,0.5227080769869895,2315,467,False,True,0.09170555159180024,0.16323533149902536,0.0901025769839377,0.0
human_cervical_cancer_real_profile_mask_epithelial_cell,human_cervical_cancer_real,Epithelial cell,"Cervical
Epithelial cell",GTATCAGCTTGGGTTC-1,0.06176026840892567,0.5234261049040672,2316,466,False,True,0.056175441759777664,0.0,0.06212884746286925,0.0
human_cervical_cancer_real_profile_mask_epithelial_cell,human_cervical_cancer_real,Epithelial cell,"Cervical
Epithelial cell",CAATCCCTATACCAGC-1,0.061763924574599866,0.5234621139101917,2317,465,False,True,0.026086982094913915,0.11085273100725447,0.3365581467746436,0.0
human_cervical_cancer_real_profile_mask_epithelial_cell,human_cervical_cancer_real,Epithelial cell,"Cervical
Epithelial cell",ACTGATTTAGTGATTC-1,0.06176507631151983,0.5234734571876853,2318,464,False,True,0.09727683412721566,0.20612493135433352,0.29318515453457056,0.0
human_cervical_cancer_real_profile_mask_epithelial_cell,human_cervical_cancer_real,Epithelial cell,"Cervical
Epithelial cell",GAAGCAAGGCAATGTT-1,0.06176861136308379,0.5235082733598068,2319,463,False,True,0.05577642872657075,0.06338694605140008,0.08616224456876238,0.0
human_cervical_cancer_real_profile_mask_epithelial_cell,human_cervical_cancer_real,Epithelial cell,"Cervical
Epithelial cell",ACCACAACTCAGAACA-1,0.06179064149156536,0.5237252446631088,2320,462,False,True,0.0,0.061781006293707835,0.10608169938388343,0.0
human_cervical_cancer_real_profile_mask_epithelial_cell,human_cervical_cancer_real,Epithelial cell,"Cervical
Epithelial cell",CAGACCTGTAAGTGTT-1,0.061801996082850266,0.5238370742637218,2321,461,False,True,1.0343692575542973,0.11479930754253424,0.2047531435937157,0.0
human_cervical_cancer_real_profile_mask_epithelial_cell,human_cervical_cancer_real,Epithelial cell,"Cervical
Epithelial cell",CGAAACATAGATGGCA-1,0.06180853680009831,0.5239014927689077,2322,460,False,True,0.245536308375728,0.17458875495931447,0.3903265161148037,0.0
human_cervical_cancer_real_profile_mask_epithelial_cell,human_cervical_cancer_real,Epithelial cell,"Cervical
Epithelial cell",TCCCTTAGATTACTCG-1,0.06181289497064087,0.5239444157116143,2323,459,False,True,0.14726732368112286,0.09046284801948559,0.1984521381269652,0.10225888675804393
human_cervical_cancer_real_profile_mask_epithelial_cell,human_cervical_cancer_real,Epithelial cell,"Cervical
Epithelial cell",GTACTTGGGCACTTCT-1,0.061815284012857415,0.5239679450162119,2324,458,False,True,0.023193117866674752,0.05614173904867767,0.12589484538100584,0.0
human_cervical_cancer_real_profile_mask_epithelial_cell,human_cervical_cancer_real,Epithelial cell,"Cervical
Epithelial cell",GTGATCACTAACGCCT-1,0.061840952748963736,0.5242207523991449,2325,457,False,True,0.18221500755947603,0.2198225071698894,0.09701832745108227,0.0
human_cervical_cancer_real_profile_mask_epithelial_cell,human_cervical_cancer_real,Epithelial cell,"Cervical
Epithelial cell",AGCTCGTTGATGGAAA-1,0.061852234694454784,0.5243318665226518,2326,456,False,True,0.3123692200231999,0.18975397861492502,0.16396400866425964,0.0
human_cervical_cancer_real_profile_mask_epithelial_cell,human_cervical_cancer_real,Epithelial cell,"Cervical
Epithelial cell",GCTTGGATCGATTAGG-1,0.06185444867274397,0.5243536716499023,2327,455,False,True,0.0232100560358155,0.17072525624608254,0.24399793007904322,0.0
human_cervical_cancer_real_profile_mask_epithelial_cell,human_cervical_cancer_real,Epithelial cell,"Cervical
Epithelial cell",CAAGAGGGCGGAGTAC-1,0.061861810433384526,0.5244261764835494,2328,454,False,True,0.1351811126565827,0.10199967775449933,0.11429020166216043,0.36525475090721554
human_cervical_cancer_real_profile_mask_epithelial_cell,human_cervical_cancer_real,Epithelial cell,"Cervical
Epithelial cell",CGTAAACGCTTGAGTG-1,0.061864023199124284,0.5244479696685895,2329,453,False,True,0.091487059596554,0.04762493193648925,0.15575165884567893,0.0
human_cervical_cancer_real_profile_mask_epithelial_cell,human_cervical_cancer_real,Epithelial cell,"Cervical
Epithelial cell",CACATTCTTTCGATGG-1,0.06189898193705608,0.5247922728321956,2330,452,False,True,0.07537631692145949,0.11447317869886833,0.3172720591785337,0.1237543056096346
human_cervical_cancer_real_profile_mask_epithelial_cell,human_cervical_cancer_real,Epithelial cell,"Cervical
Epithelial cell",GAGCGAGGGAGTACCG-1,0.06190391675780366,0.5248408751129341,2331,451,False,True,0.0,0.23265358729038968,0.17625652012328968,0.15221222339097643
human_cervical_cancer_real_profile_mask_epithelial_cell,human_cervical_cancer_real,Epithelial cell,"Cervical
Epithelial cell",TCGCTACTGGCTTTGA-1,0.06191096968004073,0.5249103382452596,2332,450,False,True,0.16693772212407249,0.20744263736794175,0.1260761648637818,0.27326695042845495
human_cervical_cancer_real_profile_mask_epithelial_cell,human_cervical_cancer_real,Epithelial cell,"Cervical
Epithelial cell",TGTTTCGGTACTTCTC-1,0.06201065236038802,0.5258920974342576,2333,449,False,True,0.06260434182173674,0.101385626805572,0.11330545476250926,0.07968599235813456
human_cervical_cancer_real_profile_mask_epithelial_cell,human_cervical_cancer_real,Epithelial cell,"Cervical
Epithelial cell",ATATCTCCCTCGTTAA-1,0.0620331579035677,0.5261137510228555,2334,448,False,True,0.1287018767117161,0.07619510664675475,0.10256849904823488,0.11023923490352226
human_cervical_cancer_real_profile_mask_epithelial_cell,human_cervical_cancer_real,Epithelial cell,"Cervical
Epithelial cell",ATCCTGCTGCAGATAG-1,0.062041361940218934,0.526194551301712,2335,447,False,True,0.11195251257071882,0.03657735271379058,0.08347986848180233,0.0
human_cervical_cancer_real_profile_mask_epithelial_cell,human_cervical_cancer_real,Epithelial cell,"Cervical
Epithelial cell",GTGCCTCAGTGTACGG-1,0.06204162963538206,0.526197187789669,2336,446,False,True,0.1156565703482695,0.1112622013681135,0.10242450793724853,0.0
human_cervical_cancer_real_profile_mask_epithelial_cell,human_cervical_cancer_real,Epithelial cell,"Cervical
Epithelial cell",ATCCTACCTAAGCTCT-1,0.06205352195861607,0.5263143134284745,2337,445,False,True,0.07998243993639509,0.1031607858040644,0.32229720155614616,0.0
human_cervical_cancer_real_profile_mask_epithelial_cell,human_cervical_cancer_real,Epithelial cell,"Cervical
Epithelial cell",CAGATACTAACATAGT-1,0.062055601053990814,0.5263347901149144,2338,444,False,True,0.1662803213851353,0.09364513328541633,0.22973611270971783,0.08177727696179843
human_cervical_cancer_real_profile_mask_epithelial_cell,human_cervical_cancer_real,Epithelial cell,"Cervical
Epithelial cell",AACTCCTAATCCCATG-1,0.06205780601005932,0.526356506383719,2339,443,False,True,0.12018563157601199,0.1058766995845363,0.08536603626268664,0.0
human_cervical_cancer_real_profile_mask_epithelial_cell,human_cervical_cancer_real,Epithelial cell,"Cervical
Epithelial cell",GTTCCAGTCTGACCAT-1,0.06206614212988655,0.5264386075291985,2340,442,False,True,0.033021718862976085,0.08794769579869484,0.09285911803797044,0.0
human_cervical_cancer_real_profile_mask_epithelial_cell,human_cervical_cancer_real,Epithelial cell,"Cervical
Epithelial cell",GCGATTCTGGAAGCAG-1,0.06209739279301455,0.5267463904417496,2341,441,False,True,0.06902921021432042,0.11073388597810817,0.07115905338371224,0.0
human_cervical_cancer_real_profile_mask_epithelial_cell,human_cervical_cancer_real,Epithelial cell,"Cervical
Epithelial cell",AGCTCTTCCCAGTGCA-1,0.062111267116960196,0.5268830364967846,2342,440,False,True,0.03690942407508442,0.20694383666406352,0.23628662948246862,0.16861585026811374
human_cervical_cancer_real_profile_mask_epithelial_cell,human_cervical_cancer_real,Epithelial cell,"Cervical
Epithelial cell",CAGCCTCTCCTCAAGA-1,0.06212269483002199,0.5269955862623864,2343,439,False,True,0.13133500136946757,0.13154504464384517,0.1753290680477419,0.10802001803006642
human_cervical_cancer_real_profile_mask_epithelial_cell,human_cervical_cancer_real,Epithelial cell,"Cervical
Epithelial cell",CTTCGATTGCGCAAGC-1,0.0621405037630491,0.527170983669285,2344,438,False,True,0.05059654615824775,0.14641341308794625,0.0975227268030144,0.0
human_cervical_cancer_real_profile_mask_epithelial_cell,human_cervical_cancer_real,Epithelial cell,"Cervical
Epithelial cell",GTACGAGATTGCGACA-1,0.06215285443732166,0.5272926235360619,2345,437,False,True,0.0999238525440955,0.11509335838033358,0.11578786171435315,0.10908978697455465
human_cervical_cancer_real_profile_mask_epithelial_cell,human_cervical_cancer_real,Epithelial cell,"Cervical
Epithelial cell",TATTACCATCCTGCTT-1,0.06218097986727795,0.5275696265139904,2346,436,False,True,0.07323380413769066,0.1596602801121765,0.6702636017142353,0.0
human_cervical_cancer_real_profile_mask_epithelial_cell,human_cervical_cancer_real,Epithelial cell,"Cervical
Epithelial cell",ACAGCGACATTCTCAT-1,0.06218653884080738,0.5276243759782394,2347,435,False,True,0.05438913770671883,0.057299790392211336,0.08503055706287296,0.0
human_cervical_cancer_real_profile_mask_epithelial_cell,human_cervical_cancer_real,Epithelial cell,"Cervical
Epithelial cell",TCTTAGAGTGAACTCT-1,0.062190611591828156,0.5276644878685419,2348,434,False,True,0.09440667258197882,0.1575801619131666,0.13966393569193858,0.05268299153074858
human_cervical_cancer_real_profile_mask_epithelial_cell,human_cervical_cancer_real,Epithelial cell,"Cervical
Epithelial cell",AACGATAGAAGGGCCG-1,0.06220490328659298,0.527805244543752,2349,433,False,True,0.06969147312184425,0.1292499709215184,0.3453270987212118,0.0
human_cervical_cancer_real_profile_mask_epithelial_cell,human_cervical_cancer_real,Epithelial cell,"Cervical
Epithelial cell",TCACTCAGCGCATTAG-1,0.062231332174891074,0.5280655385471963,2350,432,False,True,0.3151396127610553,0.19858517434092834,0.04366368175659837,0.0
human_cervical_cancer_real_profile_mask_epithelial_cell,human_cervical_cancer_real,Epithelial cell,"Cervical
Epithelial cell",ACAAATGGTAGTGTTT-1,0.06223611224066515,0.5281126166703103,2351,431,False,True,0.08708019552035175,0.09898669393180165,0.14871543502465245,0.12535343741104651
human_cervical_cancer_real_profile_mask_epithelial_cell,human_cervical_cancer_real,Epithelial cell,"Cervical
Epithelial cell",CTAACTGATAATCGCC-1,0.06229181211186008,0.5286611960241269,2352,430,False,True,0.07164104352273767,0.17597070875573345,0.23445868825239174,0.0
human_cervical_cancer_real_profile_mask_epithelial_cell,human_cervical_cancer_real,Epithelial cell,"Cervical
Epithelial cell",GCCACTCAGAGCGCGA-1,0.062296760705232754,0.5287099339493041,2353,429,False,True,0.1526853022324494,0.1526853022324494,0.16942078033614505,0.0
human_cervical_cancer_real_profile_mask_epithelial_cell,human_cervical_cancer_real,Epithelial cell,"Cervical
Epithelial cell",ACATCTCAACGCGTAA-1,0.06230620665288926,0.528802965616172,2354,428,False,True,0.2979769351427242,0.27431403448884323,0.15544512001618868,0.0
human_cervical_cancer_real_profile_mask_epithelial_cell,human_cervical_cancer_real,Epithelial cell,"Cervical
Epithelial cell",TTGGTCACACTCGTAA-1,0.06230669508351802,0.5288077760933412,2355,427,False,True,0.025359996755495252,0.26656244666834245,0.11900090206788422,0.0
human_cervical_cancer_real_profile_mask_epithelial_cell,human_cervical_cancer_real,Epithelial cell,"Cervical
Epithelial cell",TTATGCGTCCCGGTCC-1,0.06231937915205204,0.528932699508259,2356,426,False,True,0.09318250709198006,0.18442074204726935,0.10738461079553364,0.0
human_cervical_cancer_real_profile_mask_epithelial_cell,human_cervical_cancer_real,Epithelial cell,"Cervical
Epithelial cell",ACCGTTCCCGCTCTGA-1,0.06233687909868615,0.5291050537563106,2357,425,False,True,0.0393340267270785,0.04138219901613042,0.13329715781317159,0.0
human_cervical_cancer_real_profile_mask_epithelial_cell,human_cervical_cancer_real,Epithelial cell,"Cervical
Epithelial cell",AACGCTGTTGCTGAAA-1,0.06233814586246455,0.5291175299154126,2358,424,False,True,0.0,0.10395450730901976,0.15286008926917657,0.0
human_cervical_cancer_real_profile_mask_epithelial_cell,human_cervical_cancer_real,Epithelial cell,"Cervical
Epithelial cell",ACAAGGACAAGAGGTT-1,0.0623553709748736,0.5292871773639983,2359,423,False,True,0.08360617147204667,0.02426698398159992,0.1063979105754861,0.0
human_cervical_cancer_real_profile_mask_epithelial_cell,human_cervical_cancer_real,Epithelial cell,"Cervical
Epithelial cell",CGACACGCTCCGACAG-1,0.06238238653155184,0.5295532493729207,2360,422,False,True,0.42727235708521705,0.7960442907255424,0.5222609818756576,0.07195060802234317
human_cervical_cancer_real_profile_mask_epithelial_cell,human_cervical_cancer_real,Epithelial cell,"Cervical
Epithelial cell",AACCCTACTGTCAATA-1,0.062385242618828475,0.5295813785315533,2361,421,False,True,0.0946917791465696,0.1012484260867339,0.08670627867092098,0.35517556867928235
human_cervical_cancer_real_profile_mask_epithelial_cell,human_cervical_cancer_real,Epithelial cell,"Cervical
Epithelial cell",GACCGTGCTGACGGTG-1,0.06238923755356699,0.5296207240214149,2362,420,False,True,0.08559453169164018,0.14326944208493642,0.09656584954191591,0.0
human_cervical_cancer_real_profile_mask_epithelial_cell,human_cervical_cancer_real,Epithelial cell,"Cervical
Epithelial cell",AAGAAATCACCAGATT-1,0.06239721057069629,0.5296992490249909,2363,419,False,True,0.27375475700282464,0.1875555100464484,0.16833690432916099,0.0
human_cervical_cancer_real_profile_mask_epithelial_cell,human_cervical_cancer_real,Epithelial cell,"Cervical
Epithelial cell",CACGTCTATGATGTGG-1,0.062419036012673575,0.5299142044028006,2364,418,False,True,0.183111303106879,0.16990192058972914,0.07003818152201689,0.0
human_cervical_cancer_real_profile_mask_epithelial_cell,human_cervical_cancer_real,Epithelial cell,"Cervical
Epithelial cell",CCACACTGAGATATTA-1,0.062419913753669724,0.5299228491371268,2365,417,False,True,0.15591713054769257,0.20676839064605437,0.3098538779856575,0.0
human_cervical_cancer_real_profile_mask_epithelial_cell,human_cervical_cancer_real,Epithelial cell,"Cervical
Epithelial cell",TAGAGGTTCTACTTGT-1,0.062423974112772715,0.5299628389813615,2366,416,False,True,0.07417721333802758,0.15789450566070304,0.08834827194686914,0.0
human_cervical_cancer_real_profile_mask_epithelial_cell,human_cervical_cancer_real,Epithelial cell,"Cervical
Epithelial cell",AACTCCAGAGCGTGTT-1,0.062435244880776126,0.5300738430195342,2367,415,False,True,0.08891412449434492,0.08891412449434492,0.2674413081031716,0.0
human_cervical_cancer_real_profile_mask_epithelial_cell,human_cervical_cancer_real,Epithelial cell,"Cervical
Epithelial cell",ACTCCGGCCGACCACT-1,0.062436161697379096,0.5300828726034243,2368,414,False,True,0.05157049659068467,0.39653841434602644,0.10950489313794445,0.0
human_cervical_cancer_real_profile_mask_epithelial_cell,human_cervical_cancer_real,Epithelial cell,"Cervical
Epithelial cell",ATTGGGAATATCTTGG-1,0.062436353784366724,0.5300847644382399,2369,413,False,True,0.0944305754619065,0.2468925298993062,0.11853949647905962,0.0
human_cervical_cancer_real_profile_mask_epithelial_cell,human_cervical_cancer_real,Epithelial cell,"Cervical
Epithelial cell",TATTCGTGCCAGAATA-1,0.062448525375732596,0.5302046405453684,2370,412,False,True,0.15031090053255086,0.18183197247460953,0.20832214512768973,0.14502006860006492
human_cervical_cancer_real_profile_mask_epithelial_cell,human_cervical_cancer_real,Epithelial cell,"Cervical
Epithelial cell",CCCAACCACACTAACA-1,0.06245086723251306,0.5302277051279571,2371,411,False,True,0.06835640208264,0.1156565703482695,0.1412344600205867,0.0
human_cervical_cancer_real_profile_mask_epithelial_cell,human_cervical_cancer_real,Epithelial cell,"Cervical
Epithelial cell",CAGAACTTAGCCCTCT-1,0.06245259438851823,0.5302447156183754,2372,410,False,True,0.03538046702333158,0.8027213252049091,0.3630773659015599,0.32944655193656025
human_cervical_cancer_real_profile_mask_epithelial_cell,human_cervical_cancer_real,Epithelial cell,"Cervical
Epithelial cell",GTTATATTATCTCCCT-1,0.062452781975469183,0.5302465631330308,2373,409,False,True,0.08774171880160958,0.24642514320949063,0.07268195637461372,0.0
human_cervical_cancer_real_profile_mask_epithelial_cell,human_cervical_cancer_real,Epithelial cell,"Cervical
Epithelial cell",ATAAACCATTGGACGG-1,0.0624747822046076,0.5304632399623601,2374,408,False,True,0.025346601997258248,0.13761181132956668,0.3154829094434994,0.0
human_cervical_cancer_real_profile_mask_epithelial_cell,human_cervical_cancer_real,Epithelial cell,"Cervical
Epithelial cell",ATACGCCGATCTACCG-1,0.06249145579019835,0.5306274555092358,2375,407,False,True,0.09970732771803124,0.20370634168482943,0.1069784099561691,0.0
human_cervical_cancer_real_profile_mask_epithelial_cell,human_cervical_cancer_real,Epithelial cell,"Cervical
Epithelial cell",CACGCGGAACTGTTGC-1,0.06250052243555089,0.5307167514868041,2376,406,False,True,0.1417607400945379,0.14067567376895085,0.2752665948441106,0.12088205821887575
human_cervical_cancer_real_profile_mask_epithelial_cell,human_cervical_cancer_real,Epithelial cell,"Cervical
Epithelial cell",AGCACTTAAGGACGCC-1,0.06252523803320477,0.5309601715576101,2377,405,False,True,0.08344346858153824,0.07434239966199975,0.12717836774787386,0.0
human_cervical_cancer_real_profile_mask_epithelial_cell,human_cervical_cancer_real,Epithelial cell,"Cervical
Epithelial cell",TCACTACGACCAATGC-1,0.06253541208730166,0.5310603742313764,2378,404,False,True,0.21323403955788228,0.10925268537807326,0.11226429245179927,0.0
human_cervical_cancer_real_profile_mask_epithelial_cell,human_cervical_cancer_real,Epithelial cell,"Cervical
Epithelial cell",AACGATAATGCCGTAG-1,0.06254591660016305,0.5311638315420315,2379,403,False,True,0.12482238807947618,0.6706602368520431,0.1756067264399283,0.13392973381835674
human_cervical_cancer_real_profile_mask_epithelial_cell,human_cervical_cancer_real,Epithelial cell,"Cervical
Epithelial cell",CTTAACTTCGAAGTAC-1,0.06255488010239106,0.5312521116790351,2380,402,False,True,0.0965988183821105,0.082400268585031,0.12427845076963649,0.0
human_cervical_cancer_real_profile_mask_epithelial_cell,human_cervical_cancer_real,Epithelial cell,"Cervical
Epithelial cell",CGCGTTCATGAAATAC-1,0.06257980462670812,0.5314975894359978,2381,401,False,True,0.14517837910336465,0.0413626992552205,0.11126357066804891,0.1649472932444044
human_cervical_cancer_real_profile_mask_epithelial_cell,human_cervical_cancer_real,Epithelial cell,"Cervical
Epithelial cell",TTATAGATGCACATTA-1,0.0625878654022312,0.531576978758322,2382,400,False,True,0.12028004701775126,0.06601713239620459,0.18199927596537047,0.0
human_cervical_cancer_real_profile_mask_epithelial_cell,human_cervical_cancer_real,Epithelial cell,"Cervical
Epithelial cell",ACTTGGGACCCGGTGG-1,0.06259010029898901,0.5315989899083111,2383,399,False,True,0.148343977935179,0.16755744235333747,0.3694213548643947,0.2688916471019424
human_cervical_cancer_real_profile_mask_epithelial_cell,human_cervical_cancer_real,Epithelial cell,"Cervical
Epithelial cell",CACAATGAGCTGCTAT-1,0.06259295515964873,0.5316271069861849,2384,398,False,True,0.17174885524543101,0.15072861769551277,0.08954255311797482,0.0
human_cervical_cancer_real_profile_mask_epithelial_cell,human_cervical_cancer_real,Epithelial cell,"Cervical
Epithelial cell",TTATCCGGGATCTATA-1,0.06259739731099596,0.5316708570427531,2385,397,False,True,0.15121540761695285,0.11189388387139594,0.12128806066451989,0.0
human_cervical_cancer_real_profile_mask_epithelial_cell,human_cervical_cancer_real,Epithelial cell,"Cervical
Epithelial cell",GCCCGCGCGTTTGACA-1,0.06261398373167154,0.5318342141159588,2386,396,False,True,0.07001889336580959,0.045805478865188,0.18600554428696459,0.0
human_cervical_cancer_real_profile_mask_epithelial_cell,human_cervical_cancer_real,Epithelial cell,"Cervical
Epithelial cell",TAATTGGAATCGGGAA-1,0.06261513184552084,0.5318455217103938,2387,395,False,True,0.132963007989384,0.1509370483382234,0.12414742644842187,0.11754205804338744
human_cervical_cancer_real_profile_mask_epithelial_cell,human_cervical_cancer_real,Epithelial cell,"Cervical
Epithelial cell",AGACTAGCCTTCCAGA-1,0.06262718497417824,0.5319642310967622,2388,394,False,True,0.1288145640336124,0.122834447241197,0.09648764091132697,0.05003669394887517
human_cervical_cancer_real_profile_mask_epithelial_cell,human_cervical_cancer_real,Epithelial cell,"Cervical
Epithelial cell",TGTCCCGACATAGCAC-1,0.0626303898123781,0.5319957950489052,2389,393,False,True,0.04420708903990391,0.1271572031804045,0.11353246987251696,0.0
human_cervical_cancer_real_profile_mask_epithelial_cell,human_cervical_cancer_real,Epithelial cell,"Cervical
Epithelial cell",ACGTTCCGCGCTCCGT-1,0.06267104449760205,0.5323961967100099,2390,392,False,True,0.08218233053539917,0.18374325442621472,0.08363432353171696,0.0
human_cervical_cancer_real_profile_mask_epithelial_cell,human_cervical_cancer_real,Epithelial cell,"Cervical
Epithelial cell",GCAGACCCAGCACGTA-1,0.06267232746524526,0.532408832458452,2391,391,False,True,0.08224557906604467,0.12058691222213042,0.18899041808723432,0.0
human_cervical_cancer_real_profile_mask_epithelial_cell,human_cervical_cancer_real,Epithelial cell,"Cervical
Epithelial cell",TAAAGAGCCCGAAACC-1,0.06267254399178107,0.5324109649945702,2392,390,False,True,0.05735069400861358,0.12005465272427558,0.1049707637407796,0.0
human_cervical_cancer_real_profile_mask_epithelial_cell,human_cervical_cancer_real,Epithelial cell,"Cervical
Epithelial cell",CTGTTACCCAATCTAG-1,0.06273676039828306,0.5330434223778198,2393,389,False,True,0.067120421757688,0.1257419777923726,0.10856591182166891,0.12903432485507776
human_cervical_cancer_real_profile_mask_epithelial_cell,human_cervical_cancer_real,Epithelial cell,"Cervical
Epithelial cell",AGCGACATCCCATTCA-1,0.0627614420181067,0.5332865078062693,2394,388,False,True,0.07087699337762833,0.09847519719704069,0.16908176665150634,0.11482104401334856
human_cervical_cancer_real_profile_mask_epithelial_cell,human_cervical_cancer_real,Epithelial cell,"Cervical
Epithelial cell",GCCCACCAAGGCTGTC-1,0.06276872436171771,0.5333582304739648,2395,387,False,True,0.14190509653338498,0.128019011617789,0.0808368320930081,0.0
human_cervical_cancer_real_profile_mask_epithelial_cell,human_cervical_cancer_real,Epithelial cell,"Cervical
Epithelial cell",CACTCTTCTGCTAGCC-1,0.0627995467353297,0.5336617952297967,2396,386,False,True,0.054136126027790006,0.123166129847755,0.19533764025477496,0.0
human_cervical_cancer_real_profile_mask_epithelial_cell,human_cervical_cancer_real,Epithelial cell,"Cervical
Epithelial cell",TTCTGCCGCGCCTAGA-1,0.06280282302177215,0.5336940628645499,2397,385,False,True,0.1323263796194209,0.18770758527897344,0.15537518317964658,0.1155491204472653
human_cervical_cancer_real_profile_mask_epithelial_cell,human_cervical_cancer_real,Epithelial cell,"Cervical
Epithelial cell",AAACGGGCGTACGGGT-1,0.06280862798625027,0.5337512350553292,2398,384,False,True,0.05253817977426483,0.14650563682079742,0.11836309069036252,0.0
human_cervical_cancer_real_profile_mask_epithelial_cell,human_cervical_cancer_real,Epithelial cell,"Cervical
Epithelial cell",CACCTAATAGAGTCGT-1,0.06283782042028406,0.5340387467901866,2399,383,False,True,0.055832409204137005,0.20098826366486983,0.4024855605499446,0.0
human_cervical_cancer_real_profile_mask_epithelial_cell,human_cervical_cancer_real,Epithelial cell,"Cervical
Epithelial cell",CATTTATCGTTCAAGA-1,0.06286076234380669,0.5342646982207978,2400,382,False,True,0.10998131322390811,0.15231063529339975,0.0,0.0
human_cervical_cancer_real_profile_mask_epithelial_cell,human_cervical_cancer_real,Epithelial cell,"Cervical
Epithelial cell",AACCTTTACGACGTCT-1,0.06286494118318842,0.5343058549588396,2401,381,False,True,0.23835796240161244,0.1389890874784891,0.3822498024323583,0.1696175565929227
human_cervical_cancer_real_profile_mask_epithelial_cell,human_cervical_cancer_real,Epithelial cell,"Cervical
Epithelial cell",TTGTTTGTGTAAATTC-1,0.0628700140656693,0.5343558169880804,2402,380,False,True,0.07860964792931466,0.04068538576448608,0.17383747905384198,0.0
human_cervical_cancer_real_profile_mask_epithelial_cell,human_cervical_cancer_real,Epithelial cell,"Cervical
Epithelial cell",GCACACACTGGTAGCC-1,0.06287402797936391,0.5343953493987238,2403,379,False,True,0.07905003363185291,0.07901532311393375,0.2148478749661892,0.0
human_cervical_cancer_real_profile_mask_epithelial_cell,human_cervical_cancer_real,Epithelial cell,"Cervical
Epithelial cell",TACAACGCACAACTCA-1,0.06287507306944297,0.5344056423280961,2404,378,False,True,0.0454691323543225,0.151942582570992,0.3210471585159993,0.0
human_cervical_cancer_real_profile_mask_epithelial_cell,human_cervical_cancer_real,Epithelial cell,"Cervical
Epithelial cell",ACGTATTACTCCGATC-1,0.06288999715646255,0.5345526273361019,2405,377,False,True,0.11759235651715902,0.021327383214116917,0.39673326194538383,0.0
human_cervical_cancer_real_profile_mask_epithelial_cell,human_cervical_cancer_real,Epithelial cell,"Cervical
Epithelial cell",GCCTAGCGATCTGACC-1,0.06289561624775,0.5346079688907837,2406,376,False,True,0.07736800644516026,0.11712861710690659,0.24039762859703126,0.0
human_cervical_cancer_real_profile_mask_epithelial_cell,human_cervical_cancer_real,Epithelial cell,"Cervical
Epithelial cell",CTGGATTTACACTTGA-1,0.06295032644362077,0.5351468010865158,2407,375,False,True,0.09077439699705965,0.13812250078601052,0.1384912441096846,0.0
human_cervical_cancer_real_profile_mask_epithelial_cell,human_cervical_cancer_real,Epithelial cell,"Cervical
Epithelial cell",CAACGACCCGTTTACA-1,0.06298837907722894,0.5355215755466352,2408,374,False,True,0.024783841155783002,0.0,0.1170944978437857,0.06516982577083182
human_cervical_cancer_real_profile_mask_epithelial_cell,human_cervical_cancer_real,Epithelial cell,"Cervical
Epithelial cell",ACAAATCGCACCGAAT-1,0.06300324265027758,0.5356679645619686,2409,373,False,True,0.06260997528971725,0.11490096110022267,0.3661222969703423,0.15330700943316136
human_cervical_cancer_real_profile_mask_epithelial_cell,human_cervical_cancer_real,Epithelial cell,"Cervical
Epithelial cell",CTAGTTACAACCCGGT-1,0.06300840335314278,0.5357187915204928,2410,372,False,True,0.12545400154072764,0.1206269402221559,0.13717486983363242,0.1478507544890892
human_cervical_cancer_real_profile_mask_epithelial_cell,human_cervical_cancer_real,Epithelial cell,"Cervical
Epithelial cell",AGCATCGTCGATAATT-1,0.06301144835147142,0.5357487812346459,2411,371,False,True,0.07882078415407492,0.0,0.049417635030201336,0.1092670117751579
human_cervical_cancer_real_profile_mask_epithelial_cell,human_cervical_cancer_real,Epithelial cell,"Cervical
Epithelial cell",CACCCACGAGGCAATT-1,0.06302219262058363,0.5358545998672632,2412,370,False,True,0.0362584939353485,0.0653168377329085,0.09053511953770911,0.1111691776576432
human_cervical_cancer_real_profile_mask_epithelial_cell,human_cervical_cancer_real,Epithelial cell,"Cervical
Epithelial cell",CAGTGAATAAATGACT-1,0.06302918268939385,0.5359234439659798,2413,369,False,True,0.12533672807609025,0.026302529066475667,0.4833019216561596,0.1170623351476764
human_cervical_cancer_real_profile_mask_epithelial_cell,human_cervical_cancer_real,Epithelial cell,"Cervical
Epithelial cell",CTGAGCAAGTAACAAG-1,0.06311826447670865,0.5368007966110327,2414,368,False,True,0.08740221574985733,0.019319460136678582,0.07199513163999728,0.0
human_cervical_cancer_real_profile_mask_epithelial_cell,human_cervical_cancer_real,Epithelial cell,"Cervical
Epithelial cell",CCGACGTAAACACAAC-1,0.06317043173609467,0.5373145838214953,2415,367,False,True,0.08947781762862318,0.08249976210799666,0.12894948986007848,0.0
human_cervical_cancer_real_profile_mask_epithelial_cell,human_cervical_cancer_real,Epithelial cell,"Cervical
Epithelial cell",GAACCTTTAACGATCC-1,0.06320342438048414,0.5376395232361043,2416,366,False,True,0.1325994270616235,0.049328921709136164,0.11037047074183645,0.15264437829616154
human_cervical_cancer_real_profile_mask_epithelial_cell,human_cervical_cancer_real,Epithelial cell,"Cervical
Epithelial cell",ACCTCCGCCCTCGCTG-1,0.06325917447012554,0.5381885971835766,2417,365,False,True,0.06608824086366408,0.05413825017732267,0.13763739828363222,0.0
human_cervical_cancer_real_profile_mask_epithelial_cell,human_cervical_cancer_real,Epithelial cell,"Cervical
Epithelial cell",TTAATCAGTACGTCAG-1,0.06328535828361853,0.5384464774834461,2418,364,False,True,0.0653168377329085,0.14196380963837474,0.2667940759091271,0.09012297579606203
human_cervical_cancer_real_profile_mask_epithelial_cell,human_cervical_cancer_real,Epithelial cell,"Cervical
Epithelial cell",TTGAGAAGTTTAGCAT-1,0.06331543981831965,0.5387427458322614,2419,363,False,True,0.09341358221980949,0.07508121804420008,0.2071331456623893,0.15091463686072057
human_cervical_cancer_real_profile_mask_epithelial_cell,human_cervical_cancer_real,Epithelial cell,"Cervical
Epithelial cell",GGATGACGCGAGTTTA-1,0.06332774192598686,0.5388639073741085,2420,362,False,True,0.15255334965572706,0.13295684064157853,0.06244555921056475,0.0
human_cervical_cancer_real_profile_mask_epithelial_cell,human_cervical_cancer_real,Epithelial cell,"Cervical
Epithelial cell",CATGGAAATGGGACCA-1,0.06337740338058195,0.539353015303569,2421,361,False,True,0.08876934128931925,0.1405819092768966,0.6311154432383631,0.0
human_cervical_cancer_real_profile_mask_epithelial_cell,human_cervical_cancer_real,Epithelial cell,"Cervical
Epithelial cell",CGAGATGTTGCCTATA-1,0.06339584935939663,0.5395346868751828,2422,360,False,True,0.10473408104297982,0.2160359795632901,0.14666759908809623,0.0
human_cervical_cancer_real_profile_mask_epithelial_cell,human_cervical_cancer_real,Epithelial cell,"Cervical
Epithelial cell",AGGGACAGCACGGCGG-1,0.06340212958872098,0.5395965398753901,2423,359,False,True,0.148572453810781,0.23858105696055323,0.08527016094721192,0.0
human_cervical_cancer_real_profile_mask_epithelial_cell,human_cervical_cancer_real,Epithelial cell,"Cervical
Epithelial cell",CAATGGATCTCTACCA-1,0.0634507108824096,0.5400750094683631,2424,358,False,True,0.1115613286844159,0.06986568677919666,0.09595377032006737,0.20040956074978494
human_cervical_cancer_real_profile_mask_epithelial_cell,human_cervical_cancer_real,Epithelial cell,"Cervical
Epithelial cell",GAATGTATGGCAGGTC-1,0.06345074858177743,0.5400753807635635,2425,357,False,True,0.0645700322413567,0.273462182827667,0.37730752073444423,0.17164685083262432
human_cervical_cancer_real_profile_mask_epithelial_cell,human_cervical_cancer_real,Epithelial cell,"Cervical
Epithelial cell",TAGTCGATCACGGGTT-1,0.06346475444694383,0.5402133223475887,2426,356,False,True,0.13582913685293513,0.13547606639177007,0.13481148577257326,0.0
human_cervical_cancer_real_profile_mask_epithelial_cell,human_cervical_cancer_real,Epithelial cell,"Cervical
Epithelial cell",CGCTGGTGACTACCCT-1,0.06347399052329203,0.5403042870246373,2427,355,False,True,0.10764065562908585,0.07636952369607992,0.0938522709449396,0.0
human_cervical_cancer_real_profile_mask_epithelial_cell,human_cervical_cancer_real,Epithelial cell,"Cervical
Epithelial cell",TTGACGCTCCATGAGC-1,0.06349891806896732,0.5405497945384865,2428,354,False,True,0.15928781199897235,0.10731319768805476,0.30415172746081265,0.0
human_cervical_cancer_real_profile_mask_epithelial_cell,human_cervical_cancer_real,Epithelial cell,"Cervical
Epithelial cell",CTGTACTTCTTAGCAT-1,0.06350017376411135,0.540562161684333,2429,353,False,True,0.07457608105173916,0.7619680954785637,0.11790254531140916,0.0
human_cervical_cancer_real_profile_mask_epithelial_cell,human_cervical_cancer_real,Epithelial cell,"Cervical
Epithelial cell",GCTCAATGTAATACCG-1,0.06350246704301535,0.5405847478309845,2430,352,False,True,0.12437626130139393,0.11969520726628957,0.1168031650500673,0.0
human_cervical_cancer_real_profile_mask_epithelial_cell,human_cervical_cancer_real,Epithelial cell,"Cervical
Epithelial cell",TTGCTGATCATGTTCG-1,0.0635064474943355,0.5406239506759151,2431,351,False,True,0.10560411825406342,0.08935826090468932,0.30782283823311024,0.0802108212593417
human_cervical_cancer_real_profile_mask_epithelial_cell,human_cervical_cancer_real,Epithelial cell,"Cervical
Epithelial cell",ACAGCATAGAGCCAGT-1,0.06351059763304344,0.540664824745492,2432,350,False,True,0.09561268361137024,0.09238401930326458,0.11285083206593681,0.0
human_cervical_cancer_real_profile_mask_epithelial_cell,human_cervical_cancer_real,Epithelial cell,"Cervical
Epithelial cell",CCAAGACTTCTGCGAA-1,0.06352324861010848,0.5407894222476874,2433,349,False,True,0.11091067433982324,0.14972313209220056,0.1279429831205276,0.08118493989330779
human_cervical_cancer_real_profile_mask_epithelial_cell,human_cervical_cancer_real,Epithelial cell,"Cervical
Epithelial cell",AGTGATTCAAGCAGGA-1,0.06353835705971442,0.5409382230140839,2434,348,False,True,0.10520944177482727,0.11405186647965557,0.1748848028634649,0.21558084305541392
human_cervical_cancer_real_profile_mask_epithelial_cell,human_cervical_cancer_real,Epithelial cell,"Cervical
Epithelial cell",AAACAGAGCGACTCCT-1,0.06358005115644894,0.5413488616772245,2435,347,False,True,0.10931249320535276,0.14453839252396788,0.10368232422568296,0.0
human_cervical_cancer_real_profile_mask_epithelial_cell,human_cervical_cancer_real,Epithelial cell,"Cervical
Epithelial cell",TGCTATACAAACGGAC-1,0.06360888555658978,0.5416328471920491,2436,346,False,True,0.06827194472438007,0.1134386012765364,0.05793797273041338,0.0
human_cervical_cancer_real_profile_mask_epithelial_cell,human_cervical_cancer_real,Epithelial cell,"Cervical
Epithelial cell",ATGTGCATCCGACGCA-1,0.063610492926571,0.5416486779285792,2437,345,False,True,0.10512074201287742,0.10979779653610683,0.10934825386497543,0.08811476839491947
human_cervical_cancer_real_profile_mask_epithelial_cell,human_cervical_cancer_real,Epithelial cell,"Cervical
Epithelial cell",ACGTAGATTGCTGATG-1,0.06361654970999857,0.5417083302449601,2438,344,False,True,0.040923761555695666,0.8955278995408273,0.1793271018467184,0.09435490918690499
human_cervical_cancer_real_profile_mask_epithelial_cell,human_cervical_cancer_real,Epithelial cell,"Cervical
Epithelial cell",CTAGGCGGCAGAGAAT-1,0.06364122332021586,0.5419513367880445,2439,343,False,True,0.15101650964313068,0.18418140080544193,0.15261413453603373,0.0
human_cervical_cancer_real_profile_mask_epithelial_cell,human_cervical_cancer_real,Epithelial cell,"Cervical
Epithelial cell",CACATAAGGCGACCGT-1,0.06364876335838225,0.5420255974492693,2440,342,False,True,0.1470047483697501,0.09970732771803124,0.12902848788304863,0.0
human_cervical_cancer_real_profile_mask_epithelial_cell,human_cervical_cancer_real,Epithelial cell,"Cervical
Epithelial cell",AGGCCACCCGTTATGA-1,0.06365550417870648,0.5420919867384782,2441,341,False,True,0.11434216150814525,0.078210715084577,0.27130374750303893,0.0
human_cervical_cancer_real_profile_mask_epithelial_cell,human_cervical_cancer_real,Epithelial cell,"Cervical
Epithelial cell",TCAACGAGGAGACAAA-1,0.06367967654915879,0.5423300566492063,2442,340,False,True,0.06469864350603234,0.06438051967535399,0.22507670208732097,0.0
human_cervical_cancer_real_profile_mask_epithelial_cell,human_cervical_cancer_real,Epithelial cell,"Cervical
Epithelial cell",CCGTATTAGCGCAGTT-1,0.06368252313689743,0.5423580922483692,2443,339,False,True,0.1298701906964695,0.1751267316644232,0.15964572263614346,0.0
human_cervical_cancer_real_profile_mask_epithelial_cell,human_cervical_cancer_real,Epithelial cell,"Cervical
Epithelial cell",AGTGTGGTCTATTGTG-1,0.06372248988335252,0.5427517185077148,2444,338,False,True,0.0,0.10416609403490883,0.07070088960558024,0.0
human_cervical_cancer_real_profile_mask_epithelial_cell,human_cervical_cancer_real,Epithelial cell,"Cervical
Epithelial cell",GGTATTGCCGAGTTTA-1,0.06376085714600783,0.5431295917003026,2445,337,False,True,0.025106574874121167,0.038499687436797506,0.0,0.02479393429725375
human_cervical_cancer_real_profile_mask_epithelial_cell,human_cervical_cancer_real,Epithelial cell,"Cervical
Epithelial cell",GATCCTCTTGCGCTTA-1,0.06376413938679842,0.543161917978503,2446,336,False,True,0.06036532861824642,0.13493903382156933,0.07864735297548366,0.0
human_cervical_cancer_real_profile_mask_epithelial_cell,human_cervical_cancer_real,Epithelial cell,"Cervical
Epithelial cell",GACGTGAGACTCCATG-1,0.0638207850304579,0.5437198120979794,2447,335,False,True,0.9315136640193687,0.082779104006151,0.09892252660685842,0.0
human_cervical_cancer_real_profile_mask_epithelial_cell,human_cervical_cancer_real,Epithelial cell,"Cervical
Epithelial cell",GTTTGGTAGGGTCAAC-1,0.0638364814205073,0.5438744033982073,2448,334,False,True,0.09099482698388076,0.11797215803631858,0.13455598015257728,0.0
human_cervical_cancer_real_profile_mask_epithelial_cell,human_cervical_cancer_real,Epithelial cell,"Cervical
Epithelial cell",GACTACAATTGCTCGT-1,0.06384062031943727,0.5439151667689621,2449,333,False,True,0.06890933441092142,0.07160341534696059,0.10266163674443902,0.0
human_cervical_cancer_real_profile_mask_epithelial_cell,human_cervical_cancer_real,Epithelial cell,"Cervical
Epithelial cell",ACAAATTCAGATCTGA-1,0.06386880341163816,0.5441927376533544,2450,332,False,True,0.07914063611251233,0.04886127697036759,0.1366635096107703,0.0
human_cervical_cancer_real_profile_mask_epithelial_cell,human_cervical_cancer_real,Epithelial cell,"Cervical
Epithelial cell",CAGCTCACTGAGACAT-1,0.06390158341663953,0.5445155828157575,2451,331,False,True,0.10628770219456059,0.09167663001886342,0.3826549179948419,0.10120257380543908
human_cervical_cancer_real_profile_mask_epithelial_cell,human_cervical_cancer_real,Epithelial cell,"Cervical
Epithelial cell",ACGGAGCGCAAATTAC-1,0.06390637749720031,0.5445627989683223,2452,330,False,True,0.07869318471521518,0.13321475950730194,0.1310492955987662,0.08396133279422759
human_cervical_cancer_real_profile_mask_epithelial_cell,human_cervical_cancer_real,Epithelial cell,"Cervical
Epithelial cell",TTGCAGGTCATGAAGT-1,0.06392141237519489,0.5447108751393804,2453,329,False,True,0.06668530961564258,0.09538802794778593,0.14749764291698095,0.0
human_cervical_cancer_real_profile_mask_epithelial_cell,human_cervical_cancer_real,Epithelial cell,"Cervical
Epithelial cell",CAAACGTGGTCTTGCG-1,0.06395056683914829,0.5449980129128316,2454,328,False,True,0.1488091370095299,0.27177685253997835,0.1958987660427828,0.0
human_cervical_cancer_real_profile_mask_epithelial_cell,human_cervical_cancer_real,Epithelial cell,"Cervical
Epithelial cell",ACTCGTCAGTAATCCC-1,0.06396533701694425,0.5451434820928717,2455,327,False,True,0.09302741377001891,0.05292074219639142,0.35522704249997866,0.20446421709112744
human_cervical_cancer_real_profile_mask_epithelial_cell,human_cervical_cancer_real,Epithelial cell,"Cervical
Epithelial cell",TGTACCTACACGAGGG-1,0.06406192470148739,0.5460947591503694,2456,326,False,True,0.105372179692915,0.06845780290432299,0.24410284883319425,0.0
human_cervical_cancer_real_profile_mask_epithelial_cell,human_cervical_cancer_real,Epithelial cell,"Cervical
Epithelial cell",CAACTCCTTGATCCCG-1,0.06406512079517615,0.5461262369791848,2457,325,False,True,0.13813066916330208,0.0,0.15583146107213328,0.0
human_cervical_cancer_real_profile_mask_epithelial_cell,human_cervical_cancer_real,Epithelial cell,"Cervical
Epithelial cell",GCCGCACTCCGTTTCA-1,0.06407755718048477,0.5462487210006028,2458,324,False,True,0.14130556269831043,0.13140723175450283,0.40113760071844,0.0
human_cervical_cancer_real_profile_mask_epithelial_cell,human_cervical_cancer_real,Epithelial cell,"Cervical
Epithelial cell",TTGGTTCGCTCAAAGG-1,0.06409521186610448,0.5464225992488164,2459,323,False,True,0.14924864365783275,0.14075249468112386,0.2611123056709216,0.0
human_cervical_cancer_real_profile_mask_epithelial_cell,human_cervical_cancer_real,Epithelial cell,"Cervical
Epithelial cell",GGTCCCATAACATAGA-1,0.06410402829238089,0.546509430857686,2460,322,False,True,0.06338694605140008,0.08422598764517325,0.0,0.0
human_cervical_cancer_real_profile_mask_epithelial_cell,human_cervical_cancer_real,Epithelial cell,"Cervical
Epithelial cell",AATCGTGAGCCGAGCA-1,0.06410642408775277,0.5465330266730585,2461,321,False,True,0.16949911482836025,0.10933456389437167,0.1113160279738201,0.05485852275608154
human_cervical_cancer_real_profile_mask_epithelial_cell,human_cervical_cancer_real,Epithelial cell,"Cervical
Epithelial cell",GCCCGTAATACCTTCT-1,0.06414169906447417,0.546880444423236,2462,320,False,True,0.4170515798757227,0.1462018783996099,0.37970008093553603,0.10553675483028814
human_cervical_cancer_real_profile_mask_epithelial_cell,human_cervical_cancer_real,Epithelial cell,"Cervical
Epithelial cell",GGGCGTCACCACGTAA-1,0.0641598819752247,0.5470595250784698,2463,319,False,True,0.135705295248139,0.09928865068880757,0.1579429380621909,0.0
human_cervical_cancer_real_profile_mask_epithelial_cell,human_cervical_cancer_real,Epithelial cell,"Cervical
Epithelial cell",GGTTTCAATCGGTCAG-1,0.06420321293960188,0.5474862849960125,2464,318,False,True,0.07739363874115673,0.12871793586249294,0.27485181941062437,0.2124146538344828
human_cervical_cancer_real_profile_mask_epithelial_cell,human_cervical_cancer_real,Epithelial cell,"Cervical
Epithelial cell",GCACTGTGCAAATGTA-1,0.0642045222329427,0.5474991800221491,2465,317,False,True,0.0492547797234475,0.041051921698484165,0.06636646803192267,0.0
human_cervical_cancer_real_profile_mask_epithelial_cell,human_cervical_cancer_real,Epithelial cell,"Cervical
Epithelial cell",GTTACTTTGGGCCTAG-1,0.06426607690046991,0.5481054223529132,2466,316,False,True,0.23402827291800177,0.16453074596204056,0.20544601646795227,0.0
human_cervical_cancer_real_profile_mask_epithelial_cell,human_cervical_cancer_real,Epithelial cell,"Cervical
Epithelial cell",TCCAGATGTACGCCAA-1,0.0642849004198672,0.5482908122629074,2467,315,False,True,0.8729403441582922,0.08590390534362441,0.28113897334673005,0.0
human_cervical_cancer_real_profile_mask_epithelial_cell,human_cervical_cancer_real,Epithelial cell,"Cervical
Epithelial cell",TTCGGCTAGAGATGGT-1,0.06428723363058951,0.5483137916918164,2468,314,False,True,0.04485471631480025,0.10243986107380132,0.31575743239858406,0.0
human_cervical_cancer_real_profile_mask_epithelial_cell,human_cervical_cancer_real,Epithelial cell,"Cervical
Epithelial cell",GAAATTGTCTCTATAA-1,0.06429983182259465,0.5484378693221802,2469,313,False,True,0.17463901766883733,0.08947781762862318,0.34755042044744683,0.0
human_cervical_cancer_real_profile_mask_epithelial_cell,human_cervical_cancer_real,Epithelial cell,"Cervical
Epithelial cell",TCGCCGGTCGATCCGT-1,0.0643485490715257,0.5489176779171551,2470,312,False,True,0.05072553185385766,0.19934864961810558,0.0986287084764043,0.07593681205481415
human_cervical_cancer_real_profile_mask_epithelial_cell,human_cervical_cancer_real,Epithelial cell,"Cervical
Epithelial cell",TTGATCTAACTTTGTC-1,0.06437615410572914,0.5491895555983872,2471,311,False,True,0.10709056114406774,0.16340626978548636,0.14685439542574075,0.48971753506465626
human_cervical_cancer_real_profile_mask_epithelial_cell,human_cervical_cancer_real,Epithelial cell,"Cervical
Epithelial cell",ATGGATCCGGCGTCCG-1,0.0643908863054502,0.5493346507382842,2472,310,False,True,0.08676230960315316,0.12028632870004526,0.12028815297252024,0.0787260211897238
human_cervical_cancer_real_profile_mask_epithelial_cell,human_cervical_cancer_real,Epithelial cell,"Cervical
Epithelial cell",ATAATACCGTTAGCCG-1,0.0644233019511061,0.549653907382258,2473,309,False,True,0.6324440506322758,0.11431204117215558,0.4080564391963328,0.0
human_cervical_cancer_real_profile_mask_epithelial_cell,human_cervical_cancer_real,Epithelial cell,"Cervical
Epithelial cell",ATAAAGGTCAAGTACG-1,0.06442519649581267,0.5496725664579185,2474,308,False,True,0.22861520386564244,0.10984723907863667,0.11728748495194401,0.0
human_cervical_cancer_real_profile_mask_epithelial_cell,human_cervical_cancer_real,Epithelial cell,"Cervical
Epithelial cell",CGTCAGTGCGCACAAG-1,0.06443074388442017,0.5497272018240762,2475,307,False,True,0.02321768286848125,0.07287810037749992,0.11064070458415293,0.0
human_cervical_cancer_real_profile_mask_epithelial_cell,human_cervical_cancer_real,Epithelial cell,"Cervical
Epithelial cell",AAAGGCTCTCGCGCCG-1,0.0644409401580362,0.5498276233344248,2476,306,False,True,0.02433099165128075,0.1818850704648635,0.11047092637777668,0.0
human_cervical_cancer_real_profile_mask_epithelial_cell,human_cervical_cancer_real,Epithelial cell,"Cervical
Epithelial cell",CGCTAGAGACCGCTGC-1,0.06444480334356034,0.5498656712467995,2477,305,False,True,0.17210069903311218,0.16404208701867257,0.14082380880965956,0.0
human_cervical_cancer_real_profile_mask_epithelial_cell,human_cervical_cancer_real,Epithelial cell,"Cervical
Epithelial cell",GAATTTCTCGCTGCAG-1,0.06450164425479253,0.5504254885261785,2478,304,False,True,0.233025469110896,0.195526185787036,0.1428994785277512,0.0
human_cervical_cancer_real_profile_mask_epithelial_cell,human_cervical_cancer_real,Epithelial cell,"Cervical
Epithelial cell",GGCTGGCTAGCTTAAA-1,0.06454127392729968,0.550815794996724,2479,303,False,True,0.08766743336162433,0.10123237451663065,0.0,0.0
human_cervical_cancer_real_profile_mask_epithelial_cell,human_cervical_cancer_real,Epithelial cell,"Cervical
Epithelial cell",ACATAATAAGGCGGTG-1,0.06458870073478833,0.5512828942349728,2480,302,False,True,0.12548289737160226,0.06299322463868175,0.05149019985127138,0.0929725218791725
human_cervical_cancer_real_profile_mask_epithelial_cell,human_cervical_cancer_real,Epithelial cell,"Cervical
Epithelial cell",GATATTTCCTACATGG-1,0.06459075825400716,0.5513031584212145,2481,301,False,True,0.07086311115932574,0.10895071454318066,0.18189387747460287,0.12830893476165545
human_cervical_cancer_real_profile_mask_epithelial_cell,human_cervical_cancer_real,Epithelial cell,"Cervical
Epithelial cell",TATGATTCTGCTTGGT-1,0.06461842164042224,0.5515756108042883,2482,300,False,True,0.072771464686341,0.025106574874121167,0.12005637501567072,0.0
human_cervical_cancer_real_profile_mask_epithelial_cell,human_cervical_cancer_real,Epithelial cell,"Cervical
Epithelial cell",AACGTAGTCTACCCAT-1,0.06463029518554796,0.5516925515004307,2483,299,False,True,0.16205514654207556,0.027121474849966583,0.2573509030679413,0.0
human_cervical_cancer_real_profile_mask_epithelial_cell,human_cervical_cancer_real,Epithelial cell,"Cervical
Epithelial cell",CCAAGGAACAGAGAGG-1,0.0646366809844854,0.5517554442393106,2484,298,False,True,0.08035030851813257,0.0,0.1729945538325421,0.0
human_cervical_cancer_real_profile_mask_epithelial_cell,human_cervical_cancer_real,Epithelial cell,"Cervical
Epithelial cell",ACCGACACATCTCCCA-1,0.06467873860332102,0.5521696631749912,2485,297,False,True,0.12903432485507776,0.09441235275067,0.11382771693972248,0.0
human_cervical_cancer_real_profile_mask_epithelial_cell,human_cervical_cancer_real,Epithelial cell,"Cervical
Epithelial cell",CTTGTTTATGTAGCCA-1,0.06473089248114171,0.5526833185925015,2486,296,False,True,0.1389890874784891,0.15909716081170502,0.10522765062876897,0.0
human_cervical_cancer_real_profile_mask_epithelial_cell,human_cervical_cancer_real,Epithelial cell,"Cervical
Epithelial cell",TGTACTGTGCCAAAGT-1,0.06476748237114435,0.5530436867187334,2487,295,False,True,0.07713875184526807,0.09021355508094692,0.10079344412577565,0.0
human_cervical_cancer_real_profile_mask_epithelial_cell,human_cervical_cancer_real,Epithelial cell,"Cervical
Epithelial cell",GGCATCAACGAGCACG-1,0.06481553782003133,0.5535169773481771,2488,294,False,True,0.018124919754460248,0.12047743263777208,0.12466772168557937,0.0
human_cervical_cancer_real_profile_mask_epithelial_cell,human_cervical_cancer_real,Epithelial cell,"Cervical
Epithelial cell",ATAGTTCCACCCACTC-1,0.06482333006512729,0.5535937219561594,2489,293,False,True,0.9463325413929816,0.01912478032298933,0.13961287590297206,0.0
human_cervical_cancer_real_profile_mask_epithelial_cell,human_cervical_cancer_real,Epithelial cell,"Cervical
Epithelial cell",TCCTTTAAATCCGCTT-1,0.06482637179028981,0.5536236794334094,2490,292,False,True,0.8545884468376648,0.1269952471874232,0.12134250418003413,0.0
human_cervical_cancer_real_profile_mask_epithelial_cell,human_cervical_cancer_real,Epithelial cell,"Cervical
Epithelial cell",AAACGTGTTCGCCCTA-1,0.0648522347591438,0.5538783997844142,2491,291,False,True,0.20591199755796039,0.13744560096635883,0.11432994734204087,0.0
human_cervical_cancer_real_profile_mask_epithelial_cell,human_cervical_cancer_real,Epithelial cell,"Cervical
Epithelial cell",GACCTTCCACGTCTAC-1,0.0648610102119123,0.5539648278515878,2492,290,False,True,0.056824978272076665,0.13813461039425728,0.09094061967032956,0.12331233357071558
human_cervical_cancer_real_profile_mask_epithelial_cell,human_cervical_cancer_real,Epithelial cell,"Cervical
Epithelial cell",TGCTCGGCGAAACCCA-1,0.06491642834821178,0.554510632442311,2493,289,False,True,0.07578709572101874,0.16078746154947235,0.13221002001034787,0.05675953443983583
human_cervical_cancer_real_profile_mask_epithelial_cell,human_cervical_cancer_real,Epithelial cell,"Cervical
Epithelial cell",ATGGAACCTTTGCACA-1,0.06496667543379259,0.5550055081601134,2494,288,False,True,0.0747496977076,0.12236120452092893,0.2801595534953,0.0
human_cervical_cancer_real_profile_mask_epithelial_cell,human_cervical_cancer_real,Epithelial cell,"Cervical
Epithelial cell",TAAGGGCCTGTCCGAT-1,0.06497500682695898,0.5550875627534465,2495,287,False,True,0.2045245518447407,0.16565355220117803,0.0,0.0
human_cervical_cancer_real_profile_mask_epithelial_cell,human_cervical_cancer_real,Epithelial cell,"Cervical
Epithelial cell",CTTCCTGCATATTTAC-1,0.06497721041642267,0.5551092655627733,2496,286,False,True,0.25657474957289766,0.27375475700282464,0.4395267747951007,0.0
human_cervical_cancer_real_profile_mask_epithelial_cell,human_cervical_cancer_real,Epithelial cell,"Cervical
Epithelial cell",CAGGCGCCATGCTAGG-1,0.0649882216846164,0.5552177138277483,2497,285,False,True,0.10340379443751282,0.10536985302230567,0.1458590520208109,0.12954293587628032
human_cervical_cancer_real_profile_mask_epithelial_cell,human_cervical_cancer_real,Epithelial cell,"Cervical
Epithelial cell",CATGCGTTAGACAGAA-1,0.0649923460673733,0.5552583342309759,2498,284,False,True,0.11265560806622324,0.2252352656877167,0.0843249126423482,0.09450416672852135
human_cervical_cancer_real_profile_mask_epithelial_cell,human_cervical_cancer_real,Epithelial cell,"Cervical
Epithelial cell",TGCTCCACAGTTCTTA-1,0.06499346002452516,0.5552693054214194,2499,283,False,True,0.8019899011912306,0.08029479899605384,0.12861812331864433,0.21075538498894691
human_cervical_cancer_real_profile_mask_epithelial_cell,human_cervical_cancer_real,Epithelial cell,"Cervical
Epithelial cell",TCAGACGCTATAGAAG-1,0.06501879230811408,0.555518799135925,2500,282,False,True,0.11605608272826558,0.07786303519650625,0.12265022546060296,0.07606103900602436
human_cervical_cancer_real_profile_mask_epithelial_cell,human_cervical_cancer_real,Epithelial cell,"Cervical
Epithelial cell",GATTGACACTCTGCTC-1,0.06508765746866384,0.5561970413735534,2501,281,False,True,0.5703531084480759,0.22528017264460487,0.13123481238324833,0.0
human_cervical_cancer_real_profile_mask_epithelial_cell,human_cervical_cancer_real,Epithelial cell,"Cervical
Epithelial cell",CGGGCCTTCTTTGTAA-1,0.0651630821204965,0.5569398870189123,2502,280,False,True,0.0970121287733954,0.0970121287733954,0.09387182829597639,0.0
human_cervical_cancer_real_profile_mask_epithelial_cell,human_cervical_cancer_real,Epithelial cell,"Cervical
Epithelial cell",AGAAGGTTGTAGGTCG-1,0.0651653435081582,0.5569621590736867,2503,279,False,True,0.07289814716213115,0.11369724877812316,0.09829394450953371,0.27491226711482086
human_cervical_cancer_real_profile_mask_epithelial_cell,human_cervical_cancer_real,Epithelial cell,"Cervical
Epithelial cell",TACCAGCTAGGTTTAA-1,0.06518383397762038,0.5571442688267566,2504,278,False,True,0.20694383666406352,0.09575069878382034,0.10395263868134343,0.0
human_cervical_cancer_real_profile_mask_epithelial_cell,human_cervical_cancer_real,Epithelial cell,"Cervical
Epithelial cell",ACTTATCTGATCTATA-1,0.06519148734985127,0.557219645697526,2505,277,False,True,1.0787282782933691,0.21339653688845636,0.3154963081116694,0.0
human_cervical_cancer_real_profile_mask_epithelial_cell,human_cervical_cancer_real,Epithelial cell,"Cervical
Epithelial cell",TTAGCTGATTTGCCGT-1,0.06521780099184475,0.5574788046580706,2506,276,False,True,0.14997037088467077,0.11651347902579874,0.07948065900965694,0.42121267062364215
human_cervical_cancer_real_profile_mask_epithelial_cell,human_cervical_cancer_real,Epithelial cell,"Cervical
Epithelial cell",TACGATGTTGATCATC-1,0.06524181568421311,0.5577153216219148,2507,275,False,True,0.1114812368345795,0.09810367865847208,0.11097587073481713,0.0
human_cervical_cancer_real_profile_mask_epithelial_cell,human_cervical_cancer_real,Epithelial cell,"Cervical
Epithelial cell",CCAGATGTAAATGGGT-1,0.06524530861164067,0.5577497229199795,2508,274,False,True,0.11931135525691541,0.08867186263903284,0.15408912990179588,0.0
human_cervical_cancer_real_profile_mask_epithelial_cell,human_cervical_cancer_real,Epithelial cell,"Cervical
Epithelial cell",CCCTGGTATGGGCGGC-1,0.06524934679603202,0.557789494368934,2509,273,False,True,0.10518750151063641,0.22532169758715614,0.35561459813371726,0.0
human_cervical_cancer_real_profile_mask_epithelial_cell,human_cervical_cancer_real,Epithelial cell,"Cervical
Epithelial cell",CGATAATACTCAGGTT-1,0.0652507369809802,0.5578031860839092,2510,272,False,True,0.048268946205899506,0.08712393516034433,0.14044494108605984,0.0
human_cervical_cancer_real_profile_mask_epithelial_cell,human_cervical_cancer_real,Epithelial cell,"Cervical
Epithelial cell",TTCTTAGTGGCTCAGA-1,0.06526656823176233,0.5579591056064835,2511,271,False,True,0.20098826366486983,0.12457559091938225,0.0996977488451116,0.08180395325247433
human_cervical_cancer_real_profile_mask_epithelial_cell,human_cervical_cancer_real,Epithelial cell,"Cervical
Epithelial cell",GTGGACGTGCTGAGAC-1,0.06531563362949376,0.5584423430647547,2512,270,False,True,0.14196380963837474,0.07160276156305526,0.14775460575411303,0.0
human_cervical_cancer_real_profile_mask_epithelial_cell,human_cervical_cancer_real,Epithelial cell,"Cervical
Epithelial cell",AACCTCGCTTTAGCCC-1,0.06531571063262306,0.5584431014565787,2513,269,False,True,0.07599618045920509,0.17112262167708936,0.20420897782909922,0.08121092434537869
human_cervical_cancer_real_profile_mask_epithelial_cell,human_cervical_cancer_real,Epithelial cell,"Cervical
Epithelial cell",CCGCATGTGGTACGAT-1,0.06532202823892913,0.558505322576856,2514,268,False,True,0.06147569155848542,0.03778695430875734,0.3673853559998482,0.12285458995010877
human_cervical_cancer_real_profile_mask_epithelial_cell,human_cervical_cancer_real,Epithelial cell,"Cervical
Epithelial cell",GCCCGATCTGTGGTCG-1,0.0653785472395548,0.5590619694088224,2515,267,False,True,0.8250994367044375,0.22812160617090624,0.3737010744697304,0.1072112740123905
human_cervical_cancer_real_profile_mask_epithelial_cell,human_cervical_cancer_real,Epithelial cell,"Cervical
Epithelial cell",ACCAGTGCGGGAGACG-1,0.0653903408528597,0.5591781228689143,2516,266,False,True,0.09590864505390526,0.1413307340770457,0.11469263395056527,0.0
human_cervical_cancer_real_profile_mask_epithelial_cell,human_cervical_cancer_real,Epithelial cell,"Cervical
Epithelial cell",CGTGTCCCATTCGCGA-1,0.06564843805135495,0.5617200819674711,2517,265,False,True,0.6415498545492342,0.045253443311632995,0.26229136424878635,0.0
human_cervical_cancer_real_profile_mask_epithelial_cell,human_cervical_cancer_real,Epithelial cell,"Cervical
Epithelial cell",TCGATAGGCTAGTCGC-1,0.06566493274520337,0.5618825356374465,2518,264,False,True,0.07212140194866132,0.069320410241997,0.11483099051704422,0.0
human_cervical_cancer_real_profile_mask_epithelial_cell,human_cervical_cancer_real,Epithelial cell,"Cervical
Epithelial cell",AATCATGTAAAGACTC-1,0.0656964068029307,0.5621925187286034,2519,263,False,True,0.17145568706720649,0.1072015639862071,0.09240095635329813,0.0
human_cervical_cancer_real_profile_mask_epithelial_cell,human_cervical_cancer_real,Epithelial cell,"Cervical
Epithelial cell",TACCAGAAGTAGGTTC-1,0.06570233046569376,0.5622508599602988,2520,262,False,True,0.1932536474781731,0.08699049325769834,0.10219538814376782,0.0
human_cervical_cancer_real_profile_mask_epithelial_cell,human_cervical_cancer_real,Epithelial cell,"Cervical
Epithelial cell",ATGCGAGTCCCACCAC-1,0.0657034391886453,0.5622617795999185,2521,261,False,True,0.13711476057118865,0.12261311069277975,0.09164840806947216,0.0
human_cervical_cancer_real_profile_mask_epithelial_cell,human_cervical_cancer_real,Epithelial cell,"Cervical
Epithelial cell",GAAGCGTGAGGAATTT-1,0.06571318526026475,0.5623577671409407,2522,260,False,True,0.018873326233512667,0.09803169360173883,0.133412753225327,0.0
human_cervical_cancer_real_profile_mask_epithelial_cell,human_cervical_cancer_real,Epithelial cell,"Cervical
Epithelial cell",CACGTTTCGTACACAC-1,0.06573518890703742,0.5625744776300173,2523,259,False,True,0.08342932550333333,0.11562544389667817,0.1878323595087119,0.0
human_cervical_cancer_real_profile_mask_epithelial_cell,human_cervical_cancer_real,Epithelial cell,"Cervical
Epithelial cell",CATATAGGTACAGTCA-1,0.06574765757587396,0.5626972796068722,2524,258,False,True,0.10118504958232868,0.03696049258985933,0.13172341060446421,0.0
human_cervical_cancer_real_profile_mask_epithelial_cell,human_cervical_cancer_real,Epithelial cell,"Cervical
Epithelial cell",AACAACTGGTAGTTGC-1,0.06577515783641233,0.5629681253886,2525,257,False,True,0.019319460136678582,0.04816640941810183,0.09119346190346203,0.0
human_cervical_cancer_real_profile_mask_epithelial_cell,human_cervical_cancer_real,Epithelial cell,"Cervical
Epithelial cell",GATATCTCATGCAATA-1,0.06584839741006798,0.5636894505394108,2526,256,False,True,0.11370957099236566,0.1233155662006188,0.17244386447298057,0.0
human_cervical_cancer_real_profile_mask_epithelial_cell,human_cervical_cancer_real,Epithelial cell,"Cervical
Epithelial cell",TGCTCTTGAGAGTTTG-1,0.06596738449157329,0.564861335767947,2527,255,False,True,0.11100778637234673,0.0,0.28704641833133704,0.0
human_cervical_cancer_real_profile_mask_epithelial_cell,human_cervical_cancer_real,Epithelial cell,"Cervical
Epithelial cell",GACTAGGCCGTTAGGT-1,0.06597066817721658,0.5648936762762765,2528,254,False,True,0.047786468133689,0.14282312492706822,0.156521887816452,0.14539265115204034
human_cervical_cancer_real_profile_mask_epithelial_cell,human_cervical_cancer_real,Epithelial cell,"Cervical
Epithelial cell",GGTGAAACCGGGAATG-1,0.0660077180504962,0.5652585747061416,2529,253,False,True,0.03671289170183967,0.04225511614890717,0.10017616504322059,0.0
human_cervical_cancer_real_profile_mask_epithelial_cell,human_cervical_cancer_real,Epithelial cell,"Cervical
Epithelial cell",GACTAACACAGCACCT-1,0.06603294948331784,0.565507075157152,2530,252,False,True,0.10051866517868033,0.15928781199897235,0.16127144888624764,0.0
human_cervical_cancer_real_profile_mask_epithelial_cell,human_cervical_cancer_real,Epithelial cell,"Cervical
Epithelial cell",CCCTTCTCGTACGCGA-1,0.066036347963006,0.5655405462541455,2531,251,False,True,0.11999484533710976,0.06890933441092142,0.08626962809847265,0.0
human_cervical_cancer_real_profile_mask_epithelial_cell,human_cervical_cancer_real,Epithelial cell,"Cervical
Epithelial cell",TCTATGCTATAACGAC-1,0.06608414387109601,0.5660112807067142,2532,250,False,True,0.08303088837051992,0.08303088837051992,0.33786655097973767,0.0
human_cervical_cancer_real_profile_mask_epithelial_cell,human_cervical_cancer_real,Epithelial cell,"Cervical
Epithelial cell",TAGGAACAGCCTCCAG-1,0.06609966462481348,0.5661641421920718,2533,249,False,True,0.19576043398444534,0.23584862401304207,0.13997226408491226,0.0
human_cervical_cancer_real_profile_mask_epithelial_cell,human_cervical_cancer_real,Epithelial cell,"Cervical
Epithelial cell",ATATCGTTCCTCGAAC-1,0.06616703351333478,0.5668276478795987,2534,248,False,True,0.11945628281140201,0.09509493798038933,0.17207451331950024,0.0
human_cervical_cancer_real_profile_mask_epithelial_cell,human_cervical_cancer_real,Epithelial cell,"Cervical
Epithelial cell",GCCTATTTGCTACACA-1,0.06617153130489177,0.5668719459279246,2535,247,False,True,0.0,0.08704180540114742,0.13338415625807093,0.0
human_cervical_cancer_real_profile_mask_epithelial_cell,human_cervical_cancer_real,Epithelial cell,"Cervical
Epithelial cell",TGTAGTGATCTATAAT-1,0.06617604420445737,0.5669163927726735,2536,246,False,True,0.112979866269273,0.023422430699564668,0.359050924033684,0.0
human_cervical_cancer_real_profile_mask_epithelial_cell,human_cervical_cancer_real,Epithelial cell,"Cervical
Epithelial cell",ACCCGGAAACTCCCAG-1,0.06618033180921187,0.566958620723927,2537,245,False,True,0.18635653394576643,0.725980455048144,0.08883139417634443,0.14206385000885657
human_cervical_cancer_real_profile_mask_epithelial_cell,human_cervical_cancer_real,Epithelial cell,"Cervical
Epithelial cell",GTATAGGACTCAGTAG-1,0.06619576571632836,0.5671106268706414,2538,244,False,True,0.065850084649394,0.20931686850495196,0.1026094916861441,0.09407042204680328
human_cervical_cancer_real_profile_mask_epithelial_cell,human_cervical_cancer_real,Epithelial cell,"Cervical
Epithelial cell",AACTAGGCTTGGGTGT-1,0.06621543661712602,0.5673043625080328,2539,243,False,True,0.13473144998446743,0.2679843178251931,0.1364646538145733,0.0
human_cervical_cancer_real_profile_mask_epithelial_cell,human_cervical_cancer_real,Epithelial cell,"Cervical
Epithelial cell",ACGCATTCGTGAGTAC-1,0.06625125068571068,0.5676570896899855,2540,242,False,True,0.10444881480399665,0.07711438588938457,0.10670287269021465,0.09271714674221991
human_cervical_cancer_real_profile_mask_epithelial_cell,human_cervical_cancer_real,Epithelial cell,"Cervical
Epithelial cell",CTCTCGATGTGCGCCT-1,0.0662693904248409,0.5678357451546567,2541,241,False,True,0.16651022119288994,0.18662075048349983,0.2678516147019009,0.0
human_cervical_cancer_real_profile_mask_epithelial_cell,human_cervical_cancer_real,Epithelial cell,"Cervical
Epithelial cell",AGAGTAAACTTCACTA-1,0.0662769832152613,0.567910525364613,2542,240,False,True,0.10825709622092526,0.097209471227985,0.16246549659476797,0.0
human_cervical_cancer_real_profile_mask_epithelial_cell,human_cervical_cancer_real,Epithelial cell,"Cervical
Epithelial cell",TAACTCATCCGCGCGG-1,0.06635722110367419,0.5687007758271877,2543,239,False,True,0.1254965685478796,0.11916269949501718,0.2951697309202167,0.0
human_cervical_cancer_real_profile_mask_epithelial_cell,human_cervical_cancer_real,Epithelial cell,"Cervical
Epithelial cell",TTCTAACCGAAGCTTA-1,0.06637677329072891,0.5688933422714196,2544,238,False,True,0.1398165517020881,0.09266175768366809,0.12502055872926274,0.31134484009201807
human_cervical_cancer_real_profile_mask_epithelial_cell,human_cervical_cancer_real,Epithelial cell,"Cervical
Epithelial cell",GAAATATGCTTGAATG-1,0.06638185039291497,0.5689433458598793,2545,237,False,True,0.22659099854713655,0.14666759908809623,0.304867988271401,0.1926138561154394
human_cervical_cancer_real_profile_mask_epithelial_cell,human_cervical_cancer_real,Epithelial cell,"Cervical
Epithelial cell",TTCTAGGCCAATTGTG-1,0.06642452723631657,0.5693636634418402,2546,236,False,True,0.26467208205685355,0.0709287235570215,0.28555461646590447,0.07176527684657434
human_cervical_cancer_real_profile_mask_epithelial_cell,human_cervical_cancer_real,Epithelial cell,"Cervical
Epithelial cell",GGTGGAGGTTGATACG-1,0.06644041332425382,0.5695201230470122,2547,235,False,True,0.075843110834179,0.07666748060363575,0.15218561538356307,0.0
human_cervical_cancer_real_profile_mask_epithelial_cell,human_cervical_cancer_real,Epithelial cell,"Cervical
Epithelial cell",CTGTTCATCTCACGGG-1,0.0664864193131626,0.5699732288644196,2548,234,False,True,0.025880208855583915,0.14155423985226934,0.20717476791573006,0.0
human_cervical_cancer_real_profile_mask_epithelial_cell,human_cervical_cancer_real,Epithelial cell,"Cervical
Epithelial cell",CCTGCTATTTGAGAAG-1,0.06650536500927803,0.5701598220738768,2549,233,False,True,0.09035686465449949,0.09035686465449949,0.20694934991588715,0.07888349245807039
human_cervical_cancer_real_profile_mask_epithelial_cell,human_cervical_cancer_real,Epithelial cell,"Cervical
Epithelial cell",CCATAGTCAGTAACCC-1,0.06653481826531647,0.5704499026040241,2550,232,False,True,0.13531083696835802,0.063124478546533,0.3032064047199176,0.0
human_cervical_cancer_real_profile_mask_epithelial_cell,human_cervical_cancer_real,Epithelial cell,"Cervical
Epithelial cell",CGGGATCAATGTAAGA-1,0.06658340790407022,0.5709284543862433,2551,231,False,True,0.09849255959164542,0.08676230960315316,0.11285273503795196,0.09461366520982906
human_cervical_cancer_real_profile_mask_epithelial_cell,human_cervical_cancer_real,Epithelial cell,"Cervical
Epithelial cell",CGGCAATAAGATCGCC-1,0.066619941029151,0.5712882634436032,2552,230,False,True,0.143194318166428,0.17208401210048338,0.14576988656090464,0.0
human_cervical_cancer_real_profile_mask_epithelial_cell,human_cervical_cancer_real,Epithelial cell,"Cervical
Epithelial cell",CACACGTTTCAATGGG-1,0.06667314620274278,0.5718122729093797,2553,229,False,True,0.19172961126936305,0.14938787627373917,0.14049661819815815,0.0
human_cervical_cancer_real_profile_mask_epithelial_cell,human_cervical_cancer_real,Epithelial cell,"Cervical
Epithelial cell",GAGTCCGCTTACCGGA-1,0.06672564353947592,0.5723293110002108,2554,228,False,True,0.12451492038249924,0.029323102471211834,0.15580085127654053,0.0921512031590229
human_cervical_cancer_real_profile_mask_epithelial_cell,human_cervical_cancer_real,Epithelial cell,"Cervical
Epithelial cell",TTCAATTAGCCATAAT-1,0.0668277106024541,0.573334553602273,2555,227,False,True,0.22101950295388337,0.05467818509452475,0.13947410712852024,0.0
human_cervical_cancer_real_profile_mask_epithelial_cell,human_cervical_cancer_real,Epithelial cell,"Cervical
Epithelial cell",TTGACAGGAGCTCCCG-1,0.06685059884797846,0.5735599763666419,2556,226,False,True,0.11630304676393541,0.15190078143222127,0.13654858180689564,0.0
human_cervical_cancer_real_profile_mask_epithelial_cell,human_cervical_cancer_real,Epithelial cell,"Cervical
Epithelial cell",GGCGAACCGTTCTGAT-1,0.06687390476439815,0.5737895127065892,2557,225,False,True,0.2066588951801109,0.22101950295388337,0.15740779668994345,0.0
human_cervical_cancer_real_profile_mask_epithelial_cell,human_cervical_cancer_real,Epithelial cell,"Cervical
Epithelial cell",GCGCGATGGGTCAAGT-1,0.06693491926518194,0.5743904350192509,2558,224,False,True,0.06747291995836584,0.06095680556766283,0.6938694030854412,0.0
human_cervical_cancer_real_profile_mask_epithelial_cell,human_cervical_cancer_real,Epithelial cell,"Cervical
Epithelial cell",TCTGTGGCTACATTTC-1,0.06695273113731451,0.5745658613729412,2559,223,False,True,0.1112435570824306,0.08003756663673248,0.39645815897338943,0.0
human_cervical_cancer_real_profile_mask_epithelial_cell,human_cervical_cancer_real,Epithelial cell,"Cervical
Epithelial cell",AAATTGGTGAGAAGCA-1,0.06700468105420646,0.5750775080110397,2560,222,False,True,0.12621167666631736,0.18463546729526867,0.12340634289239526,0.0
human_cervical_cancer_real_profile_mask_epithelial_cell,human_cervical_cancer_real,Epithelial cell,"Cervical
Epithelial cell",AGTGATATGAGTAGTT-1,0.06704087348657482,0.5754339616389522,2561,221,False,True,0.25876605374984024,0.14247381938020676,0.3567646183681449,0.0
human_cervical_cancer_real_profile_mask_epithelial_cell,human_cervical_cancer_real,Epithelial cell,"Cervical
Epithelial cell",CCCGTTTCGCAGATGT-1,0.06704416436223987,0.5754663729606859,2562,220,False,True,0.26294005988209956,0.07557950510629624,0.11750043476629206,0.0
human_cervical_cancer_real_profile_mask_epithelial_cell,human_cervical_cancer_real,Epithelial cell,"Cervical
Epithelial cell",ACCCTGGTAACGCCCT-1,0.06705476435190007,0.5755707706074579,2563,219,False,True,0.12632439520300334,0.10621486474905877,0.08816109537380976,0.0
human_cervical_cancer_real_profile_mask_epithelial_cell,human_cervical_cancer_real,Epithelial cell,"Cervical
Epithelial cell",CAACTCCAACGTTTAG-1,0.06708347649600228,0.5758535520416045,2564,218,False,True,0.6538320615880088,0.19040584550417824,0.1443572550062939,0.0
human_cervical_cancer_real_profile_mask_epithelial_cell,human_cervical_cancer_real,Epithelial cell,"Cervical
Epithelial cell",TCTGATGTATTCTGTC-1,0.06716034982098698,0.5766106654431464,2565,217,False,True,0.14314119619032625,0.14966259448333608,0.1458233997574581,0.1660272552220185
human_cervical_cancer_real_profile_mask_epithelial_cell,human_cervical_cancer_real,Epithelial cell,"Cervical
Epithelial cell",TCTAGTGATATCGTGG-1,0.0671808742339422,0.5768128071888075,2566,216,False,True,0.8328500788557375,0.12162697310831519,0.15477555501725904,0.0
human_cervical_cancer_real_profile_mask_epithelial_cell,human_cervical_cancer_real,Epithelial cell,"Cervical
Epithelial cell",GGTCAAGACTACTTCG-1,0.06721409168825196,0.5771399607212978,2567,215,False,True,0.023624578756417085,0.05144826477854267,0.18043789732874718,0.0
human_cervical_cancer_real_profile_mask_epithelial_cell,human_cervical_cancer_real,Epithelial cell,"Cervical
Epithelial cell",AGGATATAGGGATTTA-1,0.0672163129808485,0.577161837886022,2568,214,False,True,0.10577799744906355,0.0834720412167841,0.21342695291945413,0.0
human_cervical_cancer_real_profile_mask_epithelial_cell,human_cervical_cancer_real,Epithelial cell,"Cervical
Epithelial cell",TACCGCGGACTTGCAG-1,0.06723629038908084,0.5773585922673863,2569,213,False,True,0.9955199425166694,0.089885543840424,0.10791410524683097,0.0
human_cervical_cancer_real_profile_mask_epithelial_cell,human_cervical_cancer_real,Epithelial cell,"Cervical
Epithelial cell",GGCGCTCCTCATCAAT-1,0.06723855985067796,0.577380943841093,2570,212,False,True,0.08619675226493959,0.10763283410999441,0.3153889890469649,0.0
human_cervical_cancer_real_profile_mask_epithelial_cell,human_cervical_cancer_real,Epithelial cell,"Cervical
Epithelial cell",TTCTTATCCGCTGGGT-1,0.06724382614188884,0.577432810722784,2571,211,False,True,0.08586388102005008,0.06421395602253475,0.12633701043302248,0.0
human_cervical_cancer_real_profile_mask_epithelial_cell,human_cervical_cancer_real,Epithelial cell,"Cervical
Epithelial cell",TTGCTGAAGGAACCAC-1,0.06732225617787742,0.5782052559284803,2572,210,False,True,0.10761950675447075,0.025494674107979582,0.047324027460994636,0.08982319083863342
human_cervical_cancer_real_profile_mask_epithelial_cell,human_cervical_cancer_real,Epithelial cell,"Cervical
Epithelial cell",TGCAGTTTCCTCCCAT-1,0.06733500113327981,0.5783307790086791,2573,209,False,True,0.11894964132276506,0.08965544716273259,0.35331879516856557,0.5557569718449913
human_cervical_cancer_real_profile_mask_epithelial_cell,human_cervical_cancer_real,Epithelial cell,"Cervical
Epithelial cell",CACACGCGCTGTCTTA-1,0.06736155283123647,0.5785922825453179,2574,208,False,True,0.11084700857562632,0.2475615407076912,0.3225893503746781,0.10396592460492754
human_cervical_cancer_real_profile_mask_epithelial_cell,human_cervical_cancer_real,Epithelial cell,"Cervical
Epithelial cell",ATAGTGAAGCGTTCTC-1,0.0673840691062895,0.5788140418304645,2575,207,False,True,0.16598146605249978,0.10813231552808432,0.1970482124289874,0.0
human_cervical_cancer_real_profile_mask_epithelial_cell,human_cervical_cancer_real,Epithelial cell,"Cervical
Epithelial cell",TCGGACGCCCAGCCCA-1,0.06739509091197321,0.5789225938775366,2576,206,False,True,0.02063993774035542,0.08255695347103867,0.09436781674801666,0.18915873099112782
human_cervical_cancer_real_profile_mask_epithelial_cell,human_cervical_cancer_real,Epithelial cell,"Cervical
Epithelial cell",AATTTGGGACATAGTA-1,0.06740320799879476,0.5790025378010667,2577,205,False,True,0.1062703132465099,0.09676672435620884,0.10048695832227093,0.0
human_cervical_cancer_real_profile_mask_epithelial_cell,human_cervical_cancer_real,Epithelial cell,"Cervical
Epithelial cell",ACTTGCCATATTGTAC-1,0.06740377127780309,0.5790080854482654,2578,204,False,True,0.06943548189632734,0.0820603173410137,0.2277054394991902,0.0
human_cervical_cancer_real_profile_mask_epithelial_cell,human_cervical_cancer_real,Epithelial cell,"Cervical
Epithelial cell",GTCCGGACCTGAAATT-1,0.06744009656379452,0.5793658475308139,2579,203,False,True,0.4879845767946739,0.16841038412909148,0.29753145760912586,0.0
human_cervical_cancer_real_profile_mask_epithelial_cell,human_cervical_cancer_real,Epithelial cell,"Cervical
Epithelial cell",CGCTTTCTTGCATTCG-1,0.0674517968050056,0.5794810813837005,2580,202,False,True,0.07749169415638767,0.17945861695517998,0.10513142748232528,0.18140365626647284
human_cervical_cancer_real_profile_mask_epithelial_cell,human_cervical_cancer_real,Epithelial cell,"Cervical
Epithelial cell",TAACGCTTTGAGAGCG-1,0.06746491789266838,0.5796103089319335,2581,201,False,True,0.13093072032203348,0.05066506164949133,0.18629131566955237,0.0
human_cervical_cancer_real_profile_mask_epithelial_cell,human_cervical_cancer_real,Epithelial cell,"Cervical
Epithelial cell",GTTCTTCCCTCGATGT-1,0.06752767973872695,0.5802284405759844,2582,200,False,True,0.12293051346693801,0.15269346346152093,0.13446000186628276,0.0
human_cervical_cancer_real_profile_mask_epithelial_cell,human_cervical_cancer_real,Epithelial cell,"Cervical
Epithelial cell",CTAGCAACTAATTTAC-1,0.06753329534384483,0.5802837477959254,2583,199,False,True,0.057942119442317246,0.07860964792931466,0.09215674779771392,0.0
human_cervical_cancer_real_profile_mask_epithelial_cell,human_cervical_cancer_real,Epithelial cell,"Cervical
Epithelial cell",TTGGTATGGCTTGTGT-1,0.06761687589134491,0.581106919587091,2584,198,False,True,0.082483501613705,0.082483501613705,0.12027836332757864,0.0
human_cervical_cancer_real_profile_mask_epithelial_cell,human_cervical_cancer_real,Epithelial cell,"Cervical
Epithelial cell",TACCGAATAATTGTAA-1,0.06767504029424141,0.5816797717296828,2585,197,False,True,0.07700785332691867,0.1457819574135114,0.08219046799583915,0.0
human_cervical_cancer_real_profile_mask_epithelial_cell,human_cervical_cancer_real,Epithelial cell,"Cervical
Epithelial cell",CACGACTAAAGTTCTG-1,0.06772523526899803,0.582174134216096,2586,196,False,True,0.11272387963798648,0.22053854399457576,0.10288609425779424,0.0
human_cervical_cancer_real_profile_mask_epithelial_cell,human_cervical_cancer_real,Epithelial cell,"Cervical
Epithelial cell",ATGCATTCCGTGATGG-1,0.06772656374760315,0.5821872181949118,2587,195,False,True,0.2408243609855022,0.2609390558864329,0.1910400384758854,0.0
human_cervical_cancer_real_profile_mask_epithelial_cell,human_cervical_cancer_real,Epithelial cell,"Cervical
Epithelial cell",AGTATAATACTAGGCA-1,0.06773099759410366,0.5822308864583384,2588,194,False,True,0.12756529824436233,0.12756529824436233,0.10097476729893488,0.0
human_cervical_cancer_real_profile_mask_epithelial_cell,human_cervical_cancer_real,Epithelial cell,"Cervical
Epithelial cell",GTGACTTCAGTAGTGC-1,0.06785163668949679,0.5834190421142855,2589,193,False,True,0.10395450730901976,0.09306877974151459,0.23790931046722627,0.0
human_cervical_cancer_real_profile_mask_epithelial_cell,human_cervical_cancer_real,Epithelial cell,"Cervical
Epithelial cell",CTCCGGCCTAATATGC-1,0.06788235058820599,0.5837215385176995,2590,192,False,True,0.065008641791166,0.10373129053959017,0.0733168662759141,0.09426532506666216
human_cervical_cancer_real_profile_mask_epithelial_cell,human_cervical_cancer_real,Epithelial cell,"Cervical
Epithelial cell",CGGAAATTTCACATCC-1,0.06788828241803978,0.5837799601856021,2591,191,False,True,0.047608784877406246,0.2408243609855022,0.1629508011200365,0.0
human_cervical_cancer_real_profile_mask_epithelial_cell,human_cervical_cancer_real,Epithelial cell,"Cervical
Epithelial cell",GAACTTAGCGCCCGGT-1,0.06788947247008319,0.5837916808227773,2592,190,False,True,0.018467742641767832,0.08505488666166,0.17402264272072712,0.0
human_cervical_cancer_real_profile_mask_epithelial_cell,human_cervical_cancer_real,Epithelial cell,"Cervical
Epithelial cell",CGGTTCCGGCTTCTTG-1,0.06794468019027883,0.584335413058075,2593,189,False,True,0.12632263854972783,0.28432618022140704,0.18210376084318636,0.0
human_cervical_cancer_real_profile_mask_epithelial_cell,human_cervical_cancer_real,Epithelial cell,"Cervical
Epithelial cell",TATGGGTACGTATCGT-1,0.067973218412414,0.5846164815618637,2594,188,False,True,0.46190543059289996,0.15567874988612232,0.11377121218822925,0.14690716153787128
human_cervical_cancer_real_profile_mask_epithelial_cell,human_cervical_cancer_real,Epithelial cell,"Cervical
Epithelial cell",GGTCGGCCAGGAGCTT-1,0.06801602666266325,0.585038093349395,2595,187,False,True,0.725980455048144,0.13033944102920017,0.2606501690851574,0.3668572213166767
human_cervical_cancer_real_profile_mask_epithelial_cell,human_cervical_cancer_real,Epithelial cell,"Cervical
Epithelial cell",CACAGCTAGGGAGTGA-1,0.0680345842330474,0.5852208639689914,2596,186,False,True,0.04847657243973775,0.06513350187058184,0.07019628200588542,0.09888553917760147
human_cervical_cancer_real_profile_mask_epithelial_cell,human_cervical_cancer_real,Epithelial cell,"Cervical
Epithelial cell",CGAATGACGCATAATG-1,0.06807633398534504,0.5856320507751026,2597,185,False,True,0.08733222954893284,0.022905916991793583,0.19606419879509338,0.0
human_cervical_cancer_real_profile_mask_epithelial_cell,human_cervical_cancer_real,Epithelial cell,"Cervical
Epithelial cell",TCCCAGCTTTAGTCTG-1,0.06821286589136415,0.5869767322469357,2598,184,False,True,0.17397128760352137,0.062148977805780665,0.11119840786124408,0.05750096676224123
human_cervical_cancer_real_profile_mask_epithelial_cell,human_cervical_cancer_real,Epithelial cell,"Cervical
Epithelial cell",CTGTTCACTGCCTGTG-1,0.06826666432453352,0.587506584633867,2599,183,False,True,0.10584791693190157,0.15101650964313068,0.25858344607136297,0.09065683504255836
human_cervical_cancer_real_profile_mask_epithelial_cell,human_cervical_cancer_real,Epithelial cell,"Cervical
Epithelial cell",GGGAACCACCTGTTTC-1,0.06830186499521654,0.5878532705554488,2600,182,False,True,0.06307371506747282,0.05201588085455775,0.09369857575713621,0.0
human_cervical_cancer_real_profile_mask_epithelial_cell,human_cervical_cancer_real,Epithelial cell,"Cervical
Epithelial cell",GAACCATCTGGGAGAC-1,0.06834353192259336,0.5882636416318182,2601,181,False,True,0.10428116768638883,0.13648158799628582,0.12541233186621425,0.0
human_cervical_cancer_real_profile_mask_epithelial_cell,human_cervical_cancer_real,Epithelial cell,"Cervical
Epithelial cell",AACATCGATACGTCTA-1,0.06834558981856168,0.5882839095286069,2602,180,False,True,0.23853688833168335,0.10559405957596425,0.35315691418496725,0.0
human_cervical_cancer_real_profile_mask_epithelial_cell,human_cervical_cancer_real,Epithelial cell,"Cervical
Epithelial cell",GTCCTTCTAGTGGGTT-1,0.06843151625134447,0.5891301855784524,2603,179,False,True,0.2421710930437671,0.13910094306132476,0.12360260028463592,0.0
human_cervical_cancer_real_profile_mask_epithelial_cell,human_cervical_cancer_real,Epithelial cell,"Cervical
Epithelial cell",GCCTCCGACAATTCAC-1,0.06844954111437171,0.5893077096462821,2604,178,False,True,0.10196005599836142,0.11067566318376333,0.1380624624194471,0.0
human_cervical_cancer_real_profile_mask_epithelial_cell,human_cervical_cancer_real,Epithelial cell,"Cervical
Epithelial cell",CTCTGTGCCTGCTATG-1,0.0684545878374665,0.5893574140358047,2605,177,False,True,0.28326706163296256,0.29291270246993556,0.10267870746557703,0.0
human_cervical_cancer_real_profile_mask_epithelial_cell,human_cervical_cancer_real,Epithelial cell,"Cervical
Epithelial cell",GGAATAACCTCAAGAA-1,0.06846027741475642,0.5894134497961439,2606,176,False,True,0.064184430893328,0.05392771522998617,0.08419119393288402,0.0
human_cervical_cancer_real_profile_mask_epithelial_cell,human_cervical_cancer_real,Epithelial cell,"Cervical
Epithelial cell",TACAATGAAACCAGCA-1,0.06847227758243464,0.589531637578079,2607,175,False,True,0.11564738523362289,0.1064611732466915,0.0,0.0
human_cervical_cancer_real_profile_mask_epithelial_cell,human_cervical_cancer_real,Epithelial cell,"Cervical
Epithelial cell",ATAATAGTGTAGGGAC-1,0.06850585595904314,0.589862345778061,2608,174,False,True,0.043536464390939916,0.04783630774226917,0.24487677145864914,0.0
human_cervical_cancer_real_profile_mask_epithelial_cell,human_cervical_cancer_real,Epithelial cell,"Cervical
Epithelial cell",ATGTTGATTAGAGACT-1,0.06868920407670466,0.591668112824779,2609,173,False,True,0.12130398162869692,0.10422125526386582,0.09728215475633469,0.0
human_cervical_cancer_real_profile_mask_epithelial_cell,human_cervical_cancer_real,Epithelial cell,"Cervical
Epithelial cell",GATGCGTCCTGCATTC-1,0.06876490944715281,0.5924137232240483,2610,172,False,True,0.13876060465977422,0.07810243607074409,0.09370530123420519,0.09221424269146383
human_cervical_cancer_real_profile_mask_epithelial_cell,human_cervical_cancer_real,Epithelial cell,"Cervical
Epithelial cell",CTAGACTGCATTTCGT-1,0.06880739483331297,0.5928321551734655,2611,171,False,True,0.02056924564180108,0.2688666070486126,0.19085513940012874,0.0
human_cervical_cancer_real_profile_mask_epithelial_cell,human_cervical_cancer_real,Epithelial cell,"Cervical
Epithelial cell",TCGGTGACCGCTCCGG-1,0.06884035591947728,0.5931567837760315,2612,170,False,True,0.17797154630106488,0.08708019552035175,0.21420080109166625,0.0
human_cervical_cancer_real_profile_mask_epithelial_cell,human_cervical_cancer_real,Epithelial cell,"Cervical
Epithelial cell",AGGCGTCTATGGACGG-1,0.06885443968281338,0.5932954925669941,2613,169,False,True,0.21929122076167606,0.08311273867265617,0.1192466058022148,0.0
human_cervical_cancer_real_profile_mask_epithelial_cell,human_cervical_cancer_real,Epithelial cell,"Cervical
Epithelial cell",CAGTGGTTGCACATGA-1,0.06885699354640157,0.5933206451716032,2614,168,False,True,0.0,0.1039295682659265,0.36954503191350285,0.0
human_cervical_cancer_real_profile_mask_epithelial_cell,human_cervical_cancer_real,Epithelial cell,"Cervical
Epithelial cell",ATCGTTAGCTAGCGGA-1,0.06886596449146597,0.593408998611943,2615,167,False,True,0.10169843903654166,0.3130090653933704,0.1734274382808171,0.0
human_cervical_cancer_real_profile_mask_epithelial_cell,human_cervical_cancer_real,Epithelial cell,"Cervical
Epithelial cell",GCGGTTCCCTATCATG-1,0.06890640064603758,0.5938072479986981,2616,166,False,True,0.053604930174288336,0.08366014937973501,0.0,0.0
human_cervical_cancer_real_profile_mask_epithelial_cell,human_cervical_cancer_real,Epithelial cell,"Cervical
Epithelial cell",CAGTTCCGCGGGTCGA-1,0.0689428008865823,0.5941657482969648,2617,165,False,True,0.2190444405450969,0.10739277819389326,0.4488460619117406,0.0
human_cervical_cancer_real_profile_mask_epithelial_cell,human_cervical_cancer_real,Epithelial cell,"Cervical
Epithelial cell",TCCTCTACGAGATGGC-1,0.06899398789530192,0.5946698811713289,2618,164,False,True,0.07580388459858217,0.13104367940859055,0.13244729076434697,0.0
human_cervical_cancer_real_profile_mask_epithelial_cell,human_cervical_cancer_real,Epithelial cell,"Cervical
Epithelial cell",ATCCTGCGTGGAATGG-1,0.06899559471291349,0.5946857064676563,2619,163,False,True,0.158262092121786,0.7646788220417935,0.0,0.0
human_cervical_cancer_real_profile_mask_epithelial_cell,human_cervical_cancer_real,Epithelial cell,"Cervical
Epithelial cell",CACAAGAAAGATATTA-1,0.06910706915031932,0.5957836008348649,2620,162,False,True,0.0550001636123795,0.098447482556683,0.1459877837294408,0.0
human_cervical_cancer_real_profile_mask_epithelial_cell,human_cervical_cancer_real,Epithelial cell,"Cervical
Epithelial cell",GCTAGTTTCATTGAGG-1,0.06913113631999364,0.59602063463952,2621,161,False,True,0.1971153033279093,0.07986188233936883,0.11484387758945225,0.0
human_cervical_cancer_real_profile_mask_epithelial_cell,human_cervical_cancer_real,Epithelial cell,"Cervical
Epithelial cell",GCTCCGGACGTTGATA-1,0.06914550863712142,0.5961621853518226,2622,160,False,True,0.11764059489538194,0.18776690559248063,0.11829756391678142,0.0
human_cervical_cancer_real_profile_mask_epithelial_cell,human_cervical_cancer_real,Epithelial cell,"Cervical
Epithelial cell",CTGGTCCTAACTTGGC-1,0.06919118367262793,0.596612031660731,2623,159,False,True,0.021668762967355166,0.08179917520976775,0.0850450970333779,0.0
human_cervical_cancer_real_profile_mask_epithelial_cell,human_cervical_cancer_real,Epithelial cell,"Cervical
Epithelial cell",GGGTGACACCTTAACT-1,0.06925153422910477,0.5972064148893506,2624,158,False,True,0.7903116887484575,0.151312288484407,0.0,0.0
human_cervical_cancer_real_profile_mask_epithelial_cell,human_cervical_cancer_real,Epithelial cell,"Cervical
Epithelial cell",TCTGCATACCTTGCTT-1,0.06925972581805041,0.597287092572694,2625,157,False,True,0.05460772501987958,0.0,0.09622297829598443,0.0
human_cervical_cancer_real_profile_mask_epithelial_cell,human_cervical_cancer_real,Epithelial cell,"Cervical
Epithelial cell",GGCGTACCCTATATAA-1,0.06932973495041168,0.5979766016104726,2626,156,False,True,0.29291270246993556,0.1867775358045271,0.11085273100725447,0.0
human_cervical_cancer_real_profile_mask_epithelial_cell,human_cervical_cancer_real,Epithelial cell,"Cervical
Epithelial cell",TATTCCGAGCTGTTAT-1,0.06936236958640675,0.5982980150561799,2627,155,False,True,0.9185896541080758,0.5780811972280533,0.15882993192809974,0.5078209990687745
human_cervical_cancer_real_profile_mask_epithelial_cell,human_cervical_cancer_real,Epithelial cell,"Cervical
Epithelial cell",GCGAGTTCTGCAAAGA-1,0.06939000191879156,0.5985701615929475,2628,154,False,True,0.13369246788449937,0.21275095592168589,0.1337948859758084,0.0918621074791974
human_cervical_cancer_real_profile_mask_epithelial_cell,human_cervical_cancer_real,Epithelial cell,"Cervical
Epithelial cell",CTGCGTTACGATATAA-1,0.06949629517739893,0.5996170273373551,2629,153,False,True,0.06384329277279542,0.042485659762947006,0.1996400489011162,0.14571565537132763
human_cervical_cancer_real_profile_mask_epithelial_cell,human_cervical_cancer_real,Epithelial cell,"Cervical
Epithelial cell",TATATTACAAATGTCG-1,0.06958192702070026,0.6004604020212925,2630,152,False,True,0.0,0.17307476531702368,0.08364784272990766,0.14178062375398232
human_cervical_cancer_real_profile_mask_epithelial_cell,human_cervical_cancer_real,Epithelial cell,"Cervical
Epithelial cell",AGTCGTCGACCACCAA-1,0.06961376825935382,0.600774001420188,2631,151,False,True,0.08541436516760251,0.05025679951002433,0.32651913275201117,0.0
human_cervical_cancer_real_profile_mask_epithelial_cell,human_cervical_cancer_real,Epithelial cell,"Cervical
Epithelial cell",CTCACATTTACTAAAT-1,0.0696265941541528,0.6009003216598942,2632,150,False,True,0.05667907843590733,0.051496465511690834,0.101942575818434,0.0
human_cervical_cancer_real_profile_mask_epithelial_cell,human_cervical_cancer_real,Epithelial cell,"Cervical
Epithelial cell",TTGGCTCGCATGAGAC-1,0.06969903973519517,0.6016138269011542,2633,149,False,True,0.14421281025460259,0.08562402581229299,0.1200345496388219,0.0
human_cervical_cancer_real_profile_mask_epithelial_cell,human_cervical_cancer_real,Epithelial cell,"Cervical
Epithelial cell",AAATTTACCGAAATCC-1,0.06971365529715053,0.601757773293868,2634,148,False,True,0.13776621373313158,0.24958227469611755,0.06396881743144128,0.0
human_cervical_cancer_real_profile_mask_epithelial_cell,human_cervical_cancer_real,Epithelial cell,"Cervical
Epithelial cell",CGATACCTCGCGGACA-1,0.0697542580354309,0.6021576633376183,2635,147,False,True,0.023827314423166917,0.09769868145139,0.19440590967818044,0.0
human_cervical_cancer_real_profile_mask_epithelial_cell,human_cervical_cancer_real,Epithelial cell,"Cervical
Epithelial cell",TATACTCATGCGGCAA-1,0.06991106926819395,0.6037020727392001,2636,146,False,True,0.16796422822581833,0.158262092121786,0.21696104080532783,0.0
human_cervical_cancer_real_profile_mask_epithelial_cell,human_cervical_cancer_real,Epithelial cell,"Cervical
Epithelial cell",CCGCTTCGCGGTTAAC-1,0.06993147664734141,0.6039030618371214,2637,145,False,True,0.10961739769423726,0.13964390066200533,0.05837590584392125,0.0
human_cervical_cancer_real_profile_mask_epithelial_cell,human_cervical_cancer_real,Epithelial cell,"Cervical
Epithelial cell",ATTCTGAGTATGAACT-1,0.06995594806814723,0.6041440770481916,2638,144,False,True,0.2609390558864329,0.09972973012582326,0.11281493964721884,0.0
human_cervical_cancer_real_profile_mask_epithelial_cell,human_cervical_cancer_real,Epithelial cell,"Cervical
Epithelial cell",TATGATCTTCTCTTTA-1,0.07003252185050171,0.6048982403010349,2639,143,False,True,0.9296318207794305,0.9296318207794305,0.15436138992706389,0.0
human_cervical_cancer_real_profile_mask_epithelial_cell,human_cervical_cancer_real,Epithelial cell,"Cervical
Epithelial cell",CGTGGCCGAATATCTA-1,0.07012958625293345,0.6058542124787487,2640,142,False,True,0.7882014829955384,0.18555885130132502,0.3751022143373393,0.0
human_cervical_cancer_real_profile_mask_epithelial_cell,human_cervical_cancer_real,Epithelial cell,"Cervical
Epithelial cell",TATAGATGGTCGCAGT-1,0.07015514651510743,0.6061059515188214,2641,141,False,True,0.12333134155547906,0.11739372346326667,0.12832765504003135,0.0
human_cervical_cancer_real_profile_mask_epithelial_cell,human_cervical_cancer_real,Epithelial cell,"Cervical
Epithelial cell",TGATCTCCGGCGCCAG-1,0.07019440643208695,0.6064926163247802,2642,140,False,True,0.11621083708362834,0.029579237227282083,0.0595629713570464,0.12134081082597774
human_cervical_cancer_real_profile_mask_epithelial_cell,human_cervical_cancer_real,Epithelial cell,"Cervical
Epithelial cell",AACGGCCATCTCCGGT-1,0.0702510667042475,0.6070506545180846,2643,139,False,True,0.30483584164157157,0.1466111201219422,0.344979749805591,0.0
human_cervical_cancer_real_profile_mask_epithelial_cell,human_cervical_cancer_real,Epithelial cell,"Cervical
Epithelial cell",TTGGATATCGTCTACG-1,0.07028189484913726,0.6073542761143322,2644,138,False,True,0.0707397067708895,0.21878526501687162,0.08792799255533752,0.0
human_cervical_cancer_real_profile_mask_epithelial_cell,human_cervical_cancer_real,Epithelial cell,"Cervical
Epithelial cell",TAGAATAGCCGATGAA-1,0.0703298773472496,0.6078268482629617,2645,137,False,True,0.0,0.19840942359326,0.11295556731465185,0.0
human_cervical_cancer_real_profile_mask_epithelial_cell,human_cervical_cancer_real,Epithelial cell,"Cervical
Epithelial cell",ACTGTAGCACTTTGGA-1,0.07059543905868058,0.6104423241865129,2646,136,False,True,0.7895149715513186,0.0889925990961775,0.07155092349087241,0.0
human_cervical_cancer_real_profile_mask_epithelial_cell,human_cervical_cancer_real,Epithelial cell,"Cervical
Epithelial cell",GAGCCACGGTAGTAGG-1,0.07068676510480815,0.6113417801869757,2647,135,False,True,0.06041694514598217,0.06170032030499392,0.08293785520719522,0.0
human_cervical_cancer_real_profile_mask_epithelial_cell,human_cervical_cancer_real,Epithelial cell,"Cervical
Epithelial cell",GTCTGGGCGGTCGAGA-1,0.07074434431693545,0.6119088688768494,2648,134,False,True,0.147304892161736,0.15174522433430465,0.08260198366653279,0.0
human_cervical_cancer_real_profile_mask_epithelial_cell,human_cervical_cancer_real,Epithelial cell,"Cervical
Epithelial cell",CGAAGACTGCCCGGGA-1,0.07078181031946439,0.6122778656988616,2649,133,False,True,0.26392930863467085,0.1872992574570961,0.1635667233708179,0.0
human_cervical_cancer_real_profile_mask_epithelial_cell,human_cervical_cancer_real,Epithelial cell,"Cervical
Epithelial cell",CTCTTCTATTGACTGG-1,0.07079422562782275,0.61240014213668,2650,132,False,True,0.8027213252049091,0.20097999085772472,0.44352080440181646,0.08882992973122826
human_cervical_cancer_real_profile_mask_epithelial_cell,human_cervical_cancer_real,Epithelial cell,"Cervical
Epithelial cell",TCTTACGGCATCCGAC-1,0.0708115120632405,0.6125703935460249,2651,131,False,True,0.04926752410425783,0.22260932603471534,0.3564320728354063,0.0
human_cervical_cancer_real_profile_mask_epithelial_cell,human_cervical_cancer_real,Epithelial cell,"Cervical
Epithelial cell",ATATCTTAGGGCCTTC-1,0.07083133105109937,0.6127655876698115,2652,130,False,True,0.14215522084532398,0.10340379443751282,0.32959989289831704,0.08413726563032335
human_cervical_cancer_real_profile_mask_epithelial_cell,human_cervical_cancer_real,Epithelial cell,"Cervical
Epithelial cell",AGTTTGGCACGGGTTG-1,0.07083909915100486,0.6128420944755745,2653,129,False,True,0.114780302924977,0.086952308471066,0.08226526053792833,0.0
human_cervical_cancer_real_profile_mask_epithelial_cell,human_cervical_cancer_real,Epithelial cell,"Cervical
Epithelial cell",CCTTCGTATAGAATCC-1,0.07084708136090499,0.6129207100173182,2654,128,False,True,0.06963472895584198,0.178574532873585,0.11174672056496518,0.0
human_cervical_cancer_real_profile_mask_epithelial_cell,human_cervical_cancer_real,Epithelial cell,"Cervical
Epithelial cell",GCTATACGTCTCGGAC-1,0.07090447885952753,0.6134860090391928,2655,127,False,True,0.08146036241750425,0.0918289612376289,0.23920355132619953,0.0
human_cervical_cancer_real_profile_mask_epithelial_cell,human_cervical_cancer_real,Epithelial cell,"Cervical
Epithelial cell",AGCTTATAGAGACCTG-1,0.07104814458687439,0.6149009504058922,2656,126,False,True,0.11304398244481349,0.17005896373064608,0.12620275533459333,0.0
human_cervical_cancer_real_profile_mask_epithelial_cell,human_cervical_cancer_real,Epithelial cell,"Cervical
Epithelial cell",TTCGTACTCCAGAACG-1,0.07110118098256227,0.6154232976043875,2657,125,False,True,0.8022760409223417,0.2037706045806189,0.4225872857666749,0.0
human_cervical_cancer_real_profile_mask_epithelial_cell,human_cervical_cancer_real,Epithelial cell,"Cervical
Epithelial cell",AAGTAGAAGACCGGGT-1,0.0712643764615672,0.6170305844525925,2658,124,False,True,0.025893859955439667,0.04917708749378783,0.31297027555599183,0.0
human_cervical_cancer_real_profile_mask_epithelial_cell,human_cervical_cancer_real,Epithelial cell,"Cervical
Epithelial cell",GGGCCCGTCTTAAACA-1,0.0713952140336002,0.6183191833161269,2659,123,False,True,0.27285064010162735,0.21212688734255478,0.14575342082760984,0.0
human_cervical_cancer_real_profile_mask_epithelial_cell,human_cervical_cancer_real,Epithelial cell,"Cervical
Epithelial cell",GTTATAATACGGTGAA-1,0.071430409343621,0.6186658164413816,2660,122,False,True,0.1582971116642845,0.17002111551698232,0.12679194600730878,0.0
human_cervical_cancer_real_profile_mask_epithelial_cell,human_cervical_cancer_real,Epithelial cell,"Cervical
Epithelial cell",GGCGCGTTCGAGTTTA-1,0.07145565293566554,0.618914436646684,2661,121,False,True,0.16282327657524615,0.14569161281095416,0.196305568865742,0.06661624407778134
human_cervical_cancer_real_profile_mask_epithelial_cell,human_cervical_cancer_real,Epithelial cell,"Cervical
Epithelial cell",AAGCGCAGGGCTTTGA-1,0.07146609384011235,0.6190172674879735,2662,120,False,True,0.11125891476989651,0.12711927964968192,0.22700064639688264,0.2061422564983781
human_cervical_cancer_real_profile_mask_epithelial_cell,human_cervical_cancer_real,Epithelial cell,"Cervical
Epithelial cell",TGCAAACCCACATCAA-1,0.07149862849681585,0.6193376962532141,2663,119,False,True,0.08775133858121384,0.2057824615775393,0.1366901160997745,0.0
human_cervical_cancer_real_profile_mask_epithelial_cell,human_cervical_cancer_real,Epithelial cell,"Cervical
Epithelial cell",TAAGTAACATCTTGAC-1,0.07158065708163278,0.6201455830056966,2664,118,False,True,0.18497939242254133,0.06419043880981158,0.4659290640646168,0.0
human_cervical_cancer_real_profile_mask_epithelial_cell,human_cervical_cancer_real,Epithelial cell,"Cervical
Epithelial cell",GCATGCTAATAACGAT-1,0.07165921865401467,0.6209193236928383,2665,117,False,True,0.09632898617665041,0.07749533766794357,0.11872718279975403,0.0
human_cervical_cancer_real_profile_mask_epithelial_cell,human_cervical_cancer_real,Epithelial cell,"Cervical
Epithelial cell",TCGAAGAACCGAGCAC-1,0.0719132392170679,0.6234211326440331,2666,116,False,True,0.071552583437934,0.20413760628764735,0.21856956140332442,0.0
human_cervical_cancer_real_profile_mask_epithelial_cell,human_cervical_cancer_real,Epithelial cell,"Cervical
Epithelial cell",CTACGAACTAGGTCGA-1,0.07191665631807305,0.6234547871394766,2667,115,False,True,0.19849295267109193,0.14067845642730592,0.14964247266448513,0.0
human_cervical_cancer_real_profile_mask_epithelial_cell,human_cervical_cancer_real,Epithelial cell,"Cervical
Epithelial cell",ACGCGGGCCAAGGACA-1,0.07212397262333652,0.6254966131318396,2668,114,False,True,0.16800339197725153,0.09222434191562433,0.10164594129730488,0.11170036458221776
human_cervical_cancer_real_profile_mask_epithelial_cell,human_cervical_cancer_real,Epithelial cell,"Cervical
Epithelial cell",AATAGCTACCGCGTGC-1,0.07233312764852291,0.6275565483902661,2669,113,False,True,0.11631632695500657,0.11938472337410773,0.21647634120196244,0.0
human_cervical_cancer_real_profile_mask_epithelial_cell,human_cervical_cancer_real,Epithelial cell,"Cervical
Epithelial cell",TGACCCAGCATTCCCG-1,0.07243350883840492,0.6285451870908494,2670,112,False,True,0.05623439507058374,0.08699918470734223,0.3505907681455575,0.0
human_cervical_cancer_real_profile_mask_epithelial_cell,human_cervical_cancer_real,Epithelial cell,"Cervical
Epithelial cell",ATAGGAATCTAAGCTT-1,0.07243447790038655,0.6285547312313345,2671,111,False,True,0.1292499709215184,0.16217684440798852,0.08592102317294545,0.0
human_cervical_cancer_real_profile_mask_epithelial_cell,human_cervical_cancer_real,Epithelial cell,"Cervical
Epithelial cell",TACAAGCTGTTCACTG-1,0.07261283924866525,0.630311384363299,2672,110,False,True,0.27431403448884323,0.3926361689597223,0.15673618313162604,0.0
human_cervical_cancer_real_profile_mask_epithelial_cell,human_cervical_cancer_real,Epithelial cell,"Cervical
Epithelial cell",GCGCAAGAGCGCGCTG-1,0.07273169063283619,0.6314819331299294,2673,109,False,True,0.8416690269126819,0.1500543092570439,0.1882834073681055,0.2480304221540151
human_cervical_cancer_real_profile_mask_epithelial_cell,human_cervical_cancer_real,Epithelial cell,"Cervical
Epithelial cell",CAGGATCCGCCCGACC-1,0.07278029460152143,0.6319606260454114,2674,108,False,True,0.2758874404753358,0.2925201740639321,0.137549712479428,0.0
human_cervical_cancer_real_profile_mask_epithelial_cell,human_cervical_cancer_real,Epithelial cell,"Cervical
Epithelial cell",TAAATGAATCCGTTTC-1,0.0728668178645891,0.6328127801837514,2675,107,False,True,0.142197176806566,0.1534518223328581,0.3604446889893467,0.0
human_cervical_cancer_real_profile_mask_epithelial_cell,human_cervical_cancer_real,Epithelial cell,"Cervical
Epithelial cell",AGGCATTGTCGTAGGG-1,0.07290904909564278,0.6332287089991203,2676,106,False,True,1.0789349580809795,0.10760878456746958,0.24486592500143492,0.0
human_cervical_cancer_real_profile_mask_epithelial_cell,human_cervical_cancer_real,Epithelial cell,"Cervical
Epithelial cell",CACGGCGCGCCAAAGG-1,0.07299501740702649,0.634075397504782,2677,105,False,True,0.07786782238706708,0.1940969312960064,0.44828613981409987,0.15862104100927235
human_cervical_cancer_real_profile_mask_epithelial_cell,human_cervical_cancer_real,Epithelial cell,"Cervical
Epithelial cell",TTAGCAACATGGATGT-1,0.07315853759367592,0.6356858823479908,2678,104,False,True,0.058121104254601,0.10230791516546502,0.09122720480134566,0.0
human_cervical_cancer_real_profile_mask_epithelial_cell,human_cervical_cancer_real,Epithelial cell,"Cervical
Epithelial cell",ATACCAGCAAATTGCT-1,0.07317938262261699,0.6358911817905472,2679,103,False,True,0.16349045048366184,0.11877745825840016,0.15720492725653337,0.0
human_cervical_cancer_real_profile_mask_epithelial_cell,human_cervical_cancer_real,Epithelial cell,"Cervical
Epithelial cell",ACCGGTCTGAGTACGG-1,0.07320692535366045,0.636162445857663,2680,102,False,True,0.10646702355771917,0.0770092581934556,0.10742692753570281,0.0
human_cervical_cancer_real_profile_mask_epithelial_cell,human_cervical_cancer_real,Epithelial cell,"Cervical
Epithelial cell",TTCCTCGGACTAACCA-1,0.07330737117654981,0.6371517211186665,2681,101,False,True,0.1112859401343366,0.7838324509353334,0.18575166078533215,0.0
human_cervical_cancer_real_profile_mask_epithelial_cell,human_cervical_cancer_real,Epithelial cell,"Cervical
Epithelial cell",CTTTCTGTGCGGGCTT-1,0.07338804684547268,0.6379462832132814,2682,100,False,True,0.13154504464384517,0.15911227520802054,0.2605102160072926,0.11637299350421834
human_cervical_cancer_real_profile_mask_epithelial_cell,human_cervical_cancer_real,Epithelial cell,"Cervical
Epithelial cell",TATCACAGCACGGGCA-1,0.07367152702297267,0.6407382353175964,2683,99,False,True,0.11877745825840016,0.2210276395957399,0.11331652737326538,0.0
human_cervical_cancer_real_profile_mask_epithelial_cell,human_cervical_cancer_real,Epithelial cell,"Cervical
Epithelial cell",TCGTAAGCTCCGAGGA-1,0.0737177715871112,0.6411936908252738,2684,98,False,True,0.17005896373064608,0.127368077003483,0.07601270066481648,0.11054377614976207
human_cervical_cancer_real_profile_mask_epithelial_cell,human_cervical_cancer_real,Epithelial cell,"Cervical
Epithelial cell",TCGCTGCCAATGCTGT-1,0.0737525093703965,0.6415358178409895,2685,97,False,True,0.13305457793989758,0.13469702256883906,0.10342871326819145,0.0
human_cervical_cancer_real_profile_mask_epithelial_cell,human_cervical_cancer_real,Epithelial cell,"Cervical
Epithelial cell",GCACTCCCACAGTCCC-1,0.07376194693682743,0.6416287669624724,2686,96,False,True,0.4350576255048999,0.3223182568460388,0.20147980075343566,0.0
human_cervical_cancer_real_profile_mask_epithelial_cell,human_cervical_cancer_real,Epithelial cell,"Cervical
Epithelial cell",CGCGGGAATTCCTTTC-1,0.07377024147503482,0.6417104585770561,2687,95,False,True,0.0960220792479725,0.1133104780429301,0.09121858502207734,0.0
human_cervical_cancer_real_profile_mask_epithelial_cell,human_cervical_cancer_real,Epithelial cell,"Cervical
Epithelial cell",ATGTGTAGTTTAGTCA-1,0.0737754355337811,0.6417616140524566,2688,94,False,True,0.09595538674232583,0.09156518692423575,0.08618760755442524,0.0
human_cervical_cancer_real_profile_mask_epithelial_cell,human_cervical_cancer_real,Epithelial cell,"Cervical
Epithelial cell",ACCAGGAGTGTGATCT-1,0.07385489505101688,0.6425441984585718,2689,93,False,True,0.02900786775900125,0.27403949959687934,0.31019615190521377,0.0
human_cervical_cancer_real_profile_mask_epithelial_cell,human_cervical_cancer_real,Epithelial cell,"Cervical
Epithelial cell",GGCAGCGGTAATCCTA-1,0.07410264482828768,0.6449842474175325,2690,92,False,True,0.1363680403271154,0.7045398565917314,0.37002717497364285,0.0
human_cervical_cancer_real_profile_mask_epithelial_cell,human_cervical_cancer_real,Epithelial cell,"Cervical
Epithelial cell",GCAGATCCATAAGACT-1,0.07416029434261177,0.6455520285027898,2691,91,False,True,1.2394612295956284,0.12060940392521009,0.31997277834386567,0.0
human_cervical_cancer_real_profile_mask_epithelial_cell,human_cervical_cancer_real,Epithelial cell,"Cervical
Epithelial cell",TAATAGAACAGAGTTA-1,0.07432625109265335,0.6471865106792513,2692,90,False,True,0.9561398187216799,0.08619675226493959,0.5631833701505566,0.0
human_cervical_cancer_real_profile_mask_epithelial_cell,human_cervical_cancer_real,Epithelial cell,"Cervical
Epithelial cell",AGGCTATGGTTAGCTT-1,0.0743632691011116,0.647551095277455,2693,89,False,True,0.06196293961998849,0.044654684234229164,0.13000648776280177,0.0
human_cervical_cancer_real_profile_mask_epithelial_cell,human_cervical_cancer_real,Epithelial cell,"Cervical
Epithelial cell",CACCGCGTCCACTCTA-1,0.07440205570565103,0.6479330985029296,2694,88,False,True,0.1534786930317147,0.08876934128931925,0.3015120832585595,0.09464619653993471
human_cervical_cancer_real_profile_mask_epithelial_cell,human_cervical_cancer_real,Epithelial cell,"Cervical
Epithelial cell",CACGATTGGTCGTTAA-1,0.07443938805711375,0.6483007790164123,2695,87,False,True,0.24033174241097627,0.20634696082138332,0.20064336095670948,0.0
human_cervical_cancer_real_profile_mask_epithelial_cell,human_cervical_cancer_real,Epithelial cell,"Cervical
Epithelial cell",TGTGAGACTAGCCCAA-1,0.0745106350856714,0.649002479900975,2696,86,False,True,0.147604669347683,0.16478588632278476,0.1203414610693823,0.0
human_cervical_cancer_real_profile_mask_epithelial_cell,human_cervical_cancer_real,Epithelial cell,"Cervical
Epithelial cell",TTGAACGAATCCTTTG-1,0.0745145256615721,0.6490407975769011,2697,85,False,True,1.0261148964651974,0.043219728615047664,0.31573300947992194,0.0
human_cervical_cancer_real_profile_mask_epithelial_cell,human_cervical_cancer_real,Epithelial cell,"Cervical
Epithelial cell",TGAGTAAATTAGCGTA-1,0.074535359881911,0.6492459905672187,2698,84,False,True,0.15944673306914808,0.1112859401343366,0.2287554531863879,0.0
human_cervical_cancer_real_profile_mask_epithelial_cell,human_cervical_cancer_real,Epithelial cell,"Cervical
Epithelial cell",ATCGTTCACTTTCGCC-1,0.07457420444638557,0.6496285646310648,2699,83,False,True,0.016847735418412668,0.274296911299102,0.11055128360258461,0.0
human_cervical_cancer_real_profile_mask_epithelial_cell,human_cervical_cancer_real,Epithelial cell,"Cervical
Epithelial cell",CGGGTGTACCCATTTA-1,0.07462105838488589,0.6500900217718958,2700,82,False,True,0.09441235275067,0.0253428053375755,0.3182168165366857,0.16637150412420906
human_cervical_cancer_real_profile_mask_epithelial_cell,human_cervical_cancer_real,Epithelial cell,"Cervical
Epithelial cell",AACCAGTATCACTCTT-1,0.07470557386750369,0.6509224015933808,2701,81,False,True,0.7768129693311691,0.14243726909226226,0.12591265292727766,0.0
human_cervical_cancer_real_profile_mask_epithelial_cell,human_cervical_cancer_real,Epithelial cell,"Cervical
Epithelial cell",CAGCCCTCACAGGCAG-1,0.07476550112491252,0.6515126158154261,2702,80,False,True,0.5333824228361904,0.3877409883516808,0.14548764753819285,0.0
human_cervical_cancer_real_profile_mask_epithelial_cell,human_cervical_cancer_real,Epithelial cell,"Cervical
Epithelial cell",GCGTGTATGTCGTATT-1,0.07481017461035058,0.6519525980137435,2703,79,False,True,0.07025935481755834,0.1425913353152075,0.12122734529363197,0.0
human_cervical_cancer_real_profile_mask_epithelial_cell,human_cervical_cancer_real,Epithelial cell,"Cervical
Epithelial cell",TCGGGCACTTCTGGAT-1,0.07481241823327404,0.6519746951063787,2704,78,False,True,0.047035192895228,0.8642983253901639,0.14265353825094584,0.0
human_cervical_cancer_real_profile_mask_epithelial_cell,human_cervical_cancer_real,Epithelial cell,"Cervical
Epithelial cell",CGTTGAGTAATTGCGT-1,0.0748330142742272,0.6521775423050323,2705,77,False,True,0.023434511445021834,0.023434511445021834,0.12524452288367297,0.0
human_cervical_cancer_real_profile_mask_epithelial_cell,human_cervical_cancer_real,Epithelial cell,"Cervical
Epithelial cell",CACCGGAGATATCTCC-1,0.07483597183990555,0.6522066709086339,2706,76,False,True,1.0485669833879236,0.2821895974588467,0.13384080196572637,0.0
human_cervical_cancer_real_profile_mask_epithelial_cell,human_cervical_cancer_real,Epithelial cell,"Cervical
Epithelial cell",CATTCACTGACAGCTA-1,0.07488818220131904,0.6527208826242502,2707,75,False,True,0.06095680556766283,0.13599787408995825,0.1265275837920788,0.0
human_cervical_cancer_real_profile_mask_epithelial_cell,human_cervical_cancer_real,Epithelial cell,"Cervical
Epithelial cell",CATGTAGGAGCGCCAA-1,0.0749672245643946,0.6534993585440306,2708,74,False,True,0.7400917492730085,0.11738720711221391,0.1167253848391155,0.0
human_cervical_cancer_real_profile_mask_epithelial_cell,human_cervical_cancer_real,Epithelial cell,"Cervical
Epithelial cell",GATACGATGGGAGTCA-1,0.07498854140347543,0.6537093047711493,2709,73,False,True,0.18039087128110837,0.2328852802415551,0.2548108393967365,0.0
human_cervical_cancer_real_profile_mask_epithelial_cell,human_cervical_cancer_real,Epithelial cell,"Cervical
Epithelial cell",CTGTGGTCGGGAGATA-1,0.07499606952367305,0.6537834480541564,2710,72,False,True,0.8667774188702864,0.025152926096150083,0.12062609915889771,0.0
human_cervical_cancer_real_profile_mask_epithelial_cell,human_cervical_cancer_real,Epithelial cell,"Cervical
Epithelial cell",AGTAACGTTCATCCTG-1,0.07511878777950096,0.6549920810373097,2711,71,False,True,1.2830260794464756,0.20141379186774755,0.35143038837719837,0.0
human_cervical_cancer_real_profile_mask_epithelial_cell,human_cervical_cancer_real,Epithelial cell,"Cervical
Epithelial cell",AGACCATGGGATACAA-1,0.0751414607778156,0.6552153838654436,2712,70,False,True,0.3403009495656913,0.08715725441371551,0.21584264448860135,0.0
human_cervical_cancer_real_profile_mask_epithelial_cell,human_cervical_cancer_real,Epithelial cell,"Cervical
Epithelial cell",TGCAGTGAGGCTCGGG-1,0.07526059156364458,0.6563886844154757,2713,69,False,True,0.13109139358903193,0.3151396127610553,0.30109988397356496,0.0
human_cervical_cancer_real_profile_mask_epithelial_cell,human_cervical_cancer_real,Epithelial cell,"Cervical
Epithelial cell",CCATCTCACCAGTGAA-1,0.07532836945622491,0.6570562183202607,2714,68,False,True,0.1537489806167911,0.17769478077735684,0.13845633878271196,0.0
human_cervical_cancer_real_profile_mask_epithelial_cell,human_cervical_cancer_real,Epithelial cell,"Cervical
Epithelial cell",CCGCCACCACAATCCA-1,0.0753976852251352,0.6577388985294308,2715,67,False,True,0.1872992574570961,0.24736562460440092,0.06999715734881934,0.0
human_cervical_cancer_real_profile_mask_epithelial_cell,human_cervical_cancer_real,Epithelial cell,"Cervical
Epithelial cell",TCTACGGGCTCAGTTG-1,0.0754241266374307,0.6579993158797744,2716,66,False,True,0.15498094791353417,0.06286338526427858,0.41939503772242986,0.0
human_cervical_cancer_real_profile_mask_epithelial_cell,human_cervical_cancer_real,Epithelial cell,"Cervical
Epithelial cell",TCGGCTTGTATCGACG-1,0.07545880568055977,0.6583408643728427,2717,65,False,True,0.2327225426621759,0.21791717944429437,0.14788793641132694,0.0
human_cervical_cancer_real_profile_mask_epithelial_cell,human_cervical_cancer_real,Epithelial cell,"Cervical
Epithelial cell",ATTCAACCATTTAAGG-1,0.07564320800905021,0.6601570141777775,2718,64,False,True,0.09884013305114504,0.2106258899095523,0.12431125582211638,0.0
human_cervical_cancer_real_profile_mask_epithelial_cell,human_cervical_cancer_real,Epithelial cell,"Cervical
Epithelial cell",CCTGTTTGAAGACACG-1,0.07583194135286178,0.6620158194778735,2719,63,False,True,0.104436603518693,0.1596841349478525,0.098183165340348,0.0
human_cervical_cancer_real_profile_mask_epithelial_cell,human_cervical_cancer_real,Epithelial cell,"Cervical
Epithelial cell",GTGGACGCATTTGTCC-1,0.0758665050094143,0.6623562315465256,2720,62,False,True,0.14402842881053776,0.065985585427881,0.10106960381377768,0.0941181141578115
human_cervical_cancer_real_profile_mask_epithelial_cell,human_cervical_cancer_real,Epithelial cell,"Cervical
Epithelial cell",CATCCTCTCAAAGATC-1,0.07588089676914334,0.662497973745979,2721,61,False,True,1.0808173687904423,0.16533312461046537,0.0,0.0
human_cervical_cancer_real_profile_mask_epithelial_cell,human_cervical_cancer_real,Epithelial cell,"Cervical
Epithelial cell",TCTGAACTCGTACCCG-1,0.07589485542806106,0.6626354504030152,2722,60,False,True,0.07895507225924057,0.022451540329025667,0.11400609703852374,0.3199316316670785
human_cervical_cancer_real_profile_mask_epithelial_cell,human_cervical_cancer_real,Epithelial cell,"Cervical
Epithelial cell",CCTCGACCCACTGCCT-1,0.07617823385395042,0.6654264003715693,2723,59,False,True,0.41388998276358235,0.26153014672318753,0.07565126336658254,0.0
human_cervical_cancer_real_profile_mask_epithelial_cell,human_cervical_cancer_real,Epithelial cell,"Cervical
Epithelial cell",TCGCTGTGCGTAAATC-1,0.07618596160143425,0.6655025097526179,2724,58,False,True,0.10739277819389326,0.07461071897355825,0.1081983813716604,0.0
human_cervical_cancer_real_profile_mask_epithelial_cell,human_cervical_cancer_real,Epithelial cell,"Cervical
Epithelial cell",CCCTCGGGAGCCTTGT-1,0.07621439415152276,0.6657825375088819,2725,57,False,True,0.2160359795632901,0.1470047483697501,0.39124641479347516,0.0
human_cervical_cancer_real_profile_mask_epithelial_cell,human_cervical_cancer_real,Epithelial cell,"Cervical
Epithelial cell",ACTGTTTAGTGTAGGC-1,0.07623812152829727,0.6660162247462038,2726,56,False,True,0.1370266033882449,0.064876239432227,0.0,0.0
human_cervical_cancer_real_profile_mask_epithelial_cell,human_cervical_cancer_real,Epithelial cell,"Cervical
Epithelial cell",TTGCCGGTGATCCCTC-1,0.07637204917442264,0.6673352572680658,2727,55,False,True,0.14766295705670793,0.24150498457056918,0.09047231222023483,0.0
human_cervical_cancer_real_profile_mask_epithelial_cell,human_cervical_cancer_real,Epithelial cell,"Cervical
Epithelial cell",TGACCCAACTCACATT-1,0.07658726697138114,0.6694549038211457,2728,54,False,True,0.3223182568460388,0.26502301364781716,0.09473411948272915,0.0
human_cervical_cancer_real_profile_mask_epithelial_cell,human_cervical_cancer_real,Epithelial cell,"Cervical
Epithelial cell",GAGCCAGCTACCTGTG-1,0.07660322268826275,0.6696120491909431,2729,53,False,True,0.7797309477973501,0.7797309477973501,0.31579206799740833,0.0
human_cervical_cancer_real_profile_mask_epithelial_cell,human_cervical_cancer_real,Epithelial cell,"Cervical
Epithelial cell",GTTCAATCTATGTCAA-1,0.07662650326751448,0.6698413359890704,2730,52,False,True,0.12440816075019458,0.12440816075019458,0.14536267938757783,0.0
human_cervical_cancer_real_profile_mask_epithelial_cell,human_cervical_cancer_real,Epithelial cell,"Cervical
Epithelial cell",AGGATAAAGTCGGGAT-1,0.07680136161080903,0.6715634885706853,2731,51,False,True,0.09750807628926719,0.10188859723510459,0.40544362569036624,0.11493220755613541
human_cervical_cancer_real_profile_mask_epithelial_cell,human_cervical_cancer_real,Epithelial cell,"Cervical
Epithelial cell",GGCTTTCAATAAGGGT-1,0.07696144438077118,0.6731401188324623,2732,50,False,True,0.15483717341694772,0.2125747628081372,0.2358384715957759,0.0
human_cervical_cancer_real_profile_mask_epithelial_cell,human_cervical_cancer_real,Epithelial cell,"Cervical
Epithelial cell",CGCGAGAGGGACTTGT-1,0.07708306152402057,0.6743379071293739,2733,49,False,True,0.8130847921435364,0.25028814205514777,0.23913170727685687,0.16408789033184962
human_cervical_cancer_real_profile_mask_epithelial_cell,human_cervical_cancer_real,Epithelial cell,"Cervical
Epithelial cell",TGAAACCTCAACTCAC-1,0.0772455705608148,0.6759384333151877,2734,48,False,True,0.21339653688845636,0.10905135041632265,0.0794843191362821,0.0
human_cervical_cancer_real_profile_mask_epithelial_cell,human_cervical_cancer_real,Epithelial cell,"Cervical
Epithelial cell",CTTTACCGAATAGTAG-1,0.07729369361213306,0.6764123897504453,2735,47,False,True,0.1818846362256265,0.11874420387365274,0.2549445086717325,0.14638946745846662
human_cervical_cancer_real_profile_mask_epithelial_cell,human_cervical_cancer_real,Epithelial cell,"Cervical
Epithelial cell",CGTCACGTCCATTGGT-1,0.07758010214459068,0.6792331827665244,2736,46,False,True,0.2682699301144779,0.18407303726024069,0.11850481531883476,0.0
human_cervical_cancer_real_profile_mask_epithelial_cell,human_cervical_cancer_real,Epithelial cell,"Cervical
Epithelial cell",AGCTCCTTCGCACATC-1,0.07759633658750399,0.6793930732655847,2737,45,False,True,0.672676657129957,0.10562090142439058,0.37424751444010645,0.0
human_cervical_cancer_real_profile_mask_epithelial_cell,human_cervical_cancer_real,Epithelial cell,"Cervical
Epithelial cell",TCAGTTACGGAATGAT-1,0.0778287815360358,0.6816823873506614,2738,44,False,True,0.13587245740623674,0.26392930863467085,0.11004564415115516,0.0
human_cervical_cancer_real_profile_mask_epithelial_cell,human_cervical_cancer_real,Epithelial cell,"Cervical
Epithelial cell",CGGCTGCAAGATTAAG-1,0.07792281980625664,0.6826085556236767,2739,43,False,True,0.2417903057966962,0.25740119426677327,0.09649959304871379,0.0
human_cervical_cancer_real_profile_mask_epithelial_cell,human_cervical_cancer_real,Epithelial cell,"Cervical
Epithelial cell",CATGTAAGAGACATTT-1,0.07792659094419263,0.682645696973696,2740,42,False,True,0.12734409107125383,0.10705356423855641,0.3043501159921472,0.0
human_cervical_cancer_real_profile_mask_epithelial_cell,human_cervical_cancer_real,Epithelial cell,"Cervical
Epithelial cell",CTGGCGGGAATAAGTA-1,0.07801466244540306,0.6835130994683013,2741,41,False,True,0.08568146324765233,0.2090065456404791,0.1227941822241187,0.0
human_cervical_cancer_real_profile_mask_epithelial_cell,human_cervical_cancer_real,Epithelial cell,"Cervical
Epithelial cell",GAATTCACCCGGGTGT-1,0.07818068276400388,0.6851482077215992,2742,40,False,True,0.4753152089584983,0.11191996061129167,0.23527073327428782,0.0
human_cervical_cancer_real_profile_mask_epithelial_cell,human_cervical_cancer_real,Epithelial cell,"Cervical
Epithelial cell",GTTTGGGTTTCGCCCG-1,0.07835043375382103,0.686820058774499,2743,39,False,True,0.06755781769254925,0.029488835567976584,0.21908562818235167,0.0
human_cervical_cancer_real_profile_mask_epithelial_cell,human_cervical_cancer_real,Epithelial cell,"Cervical
Epithelial cell",GGACCTACGGTAACGT-1,0.07836199994485872,0.6869339723881117,2744,38,False,True,0.015541370159106166,0.22919133886934243,0.3335147043549141,0.1013814199623299
human_cervical_cancer_real_profile_mask_epithelial_cell,human_cervical_cancer_real,Epithelial cell,"Cervical
Epithelial cell",GACGGACCGCGTTCCT-1,0.07841976906754727,0.6875029314775166,2745,37,False,True,0.14010717885275217,0.23853688833168335,0.0,0.0
human_cervical_cancer_real_profile_mask_epithelial_cell,human_cervical_cancer_real,Epithelial cell,"Cervical
Epithelial cell",TCCAGGGTATATACGA-1,0.07844603667636182,0.6877616370644535,2746,36,False,True,0.19392056648284897,0.2115252310982352,0.24496829231143435,0.0
human_cervical_cancer_real_profile_mask_epithelial_cell,human_cervical_cancer_real,Epithelial cell,"Cervical
Epithelial cell",TCGGCTAACTTCCCTT-1,0.07862116375250737,0.6894864363540515,2747,35,False,True,0.23135403694252038,0.1916295145397851,0.242448284602866,0.0
human_cervical_cancer_real_profile_mask_epithelial_cell,human_cervical_cancer_real,Epithelial cell,"Cervical
Epithelial cell",TTCTTGAGCCGCGCTA-1,0.07876680640825962,0.6909208481806264,2748,34,False,True,0.12131380636422391,0.14905342950451445,0.45336928348111843,0.0
human_cervical_cancer_real_profile_mask_epithelial_cell,human_cervical_cancer_real,Epithelial cell,"Cervical
Epithelial cell",GCTAGCAGGGAGTGGG-1,0.07904282104449968,0.6936392733321424,2749,33,False,True,0.8089663387643573,0.39435511777328663,0.2306531061220631,0.0
human_cervical_cancer_real_profile_mask_epithelial_cell,human_cervical_cancer_real,Epithelial cell,"Cervical
Epithelial cell",AAGGAGAACTTATAAG-1,0.07915941943416084,0.6947876327068441,2750,32,False,True,0.23750319651711901,0.257613612521977,0.12118331903157857,0.0
human_cervical_cancer_real_profile_mask_epithelial_cell,human_cervical_cancer_real,Epithelial cell,"Cervical
Epithelial cell",ATACCTAACCAAGAAA-1,0.07921297004576286,0.6953150443377671,2751,31,False,True,0.08675887742518208,0.1334853229458583,0.15031090053255086,0.05390767489918624
human_cervical_cancer_real_profile_mask_epithelial_cell,human_cervical_cancer_real,Epithelial cell,"Cervical
Epithelial cell",GCCGGAAACACATCTT-1,0.07977572727452548,0.7008575526108979,2752,30,False,True,0.06665508666860374,0.23750319651711901,0.17856447593383637,0.0
human_cervical_cancer_real_profile_mask_epithelial_cell,human_cervical_cancer_real,Epithelial cell,"Cervical
Epithelial cell",ACAGGCTTGCCCGACT-1,0.079906364488575,0.7021441781798671,2753,29,False,True,0.13414028315166818,0.04089799588519334,0.1653645049542521,0.0
human_cervical_cancer_real_profile_mask_epithelial_cell,human_cervical_cancer_real,Epithelial cell,"Cervical
Epithelial cell",TTGTGAACCTAATCCG-1,0.08002819709736533,0.7033440885633238,2754,28,False,True,0.13822491480786808,0.13368037427201676,0.2738298262026883,0.0
human_cervical_cancer_real_profile_mask_epithelial_cell,human_cervical_cancer_real,Epithelial cell,"Cervical
Epithelial cell",AGAGCGTACAAGCTCG-1,0.08056971663031261,0.7086774300790278,2755,27,False,True,0.08749745493701067,0.07340233015657777,0.4691916619212886,0.0
human_cervical_cancer_real_profile_mask_epithelial_cell,human_cervical_cancer_real,Epithelial cell,"Cervical
Epithelial cell",GCGACGATAGTTGTAC-1,0.08061601066752451,0.7091333728392972,2756,26,False,True,0.15782115248776168,0.10444881480399665,0.1325993198701154,0.0
human_cervical_cancer_real_profile_mask_epithelial_cell,human_cervical_cancer_real,Epithelial cell,"Cervical
Epithelial cell",CTCAAGACATTAGCGC-1,0.08085270695550031,0.7114645577042341,2757,25,False,True,0.07650599803973618,0.2857259768262634,0.16599199370135606,0.0
human_cervical_cancer_real_profile_mask_epithelial_cell,human_cervical_cancer_real,Epithelial cell,"Cervical
Epithelial cell",TGTGGAGGAAGCTTAA-1,0.08126227833094597,0.7154983623731435,2758,24,False,True,0.2817014174910944,0.2758874404753358,0.057918774925514976,0.0
human_cervical_cancer_real_profile_mask_epithelial_cell,human_cervical_cancer_real,Epithelial cell,"Cervical
Epithelial cell",GGCCGGCGTCTGCTAT-1,0.08126613037859637,0.7155363005903349,2759,23,False,True,0.17974140535662825,0.38169343616944446,0.07605743642862461,0.11923346608601659
human_cervical_cancer_real_profile_mask_epithelial_cell,human_cervical_cancer_real,Epithelial cell,"Cervical
Epithelial cell",TGCGAGCCCTTCCGCG-1,0.0813133519209311,0.7160013782040614,2760,22,False,True,0.435582483554981,0.2242734631382125,0.17067852108667647,0.0
human_cervical_cancer_real_profile_mask_epithelial_cell,human_cervical_cancer_real,Epithelial cell,"Cervical
Epithelial cell",AAAGGGCAGCTTGAAT-1,0.08160124224323685,0.718836765137504,2761,21,False,True,0.18731512509528878,0.13331988957080518,0.3316708926879825,0.0
human_cervical_cancer_real_profile_mask_epithelial_cell,human_cervical_cancer_real,Epithelial cell,"Cervical
Epithelial cell",ATGGTGCTCAAAGCCA-1,0.08178229740641776,0.7206199492327661,2762,20,False,True,1.2099747957217457,0.25792169599611636,0.15727761568461765,0.0
human_cervical_cancer_real_profile_mask_epithelial_cell,human_cervical_cancer_real,Epithelial cell,"Cervical
Epithelial cell",CGGTATAGGTATTAGC-1,0.08196198022097975,0.7223896172802811,2763,19,False,True,0.11590431169085486,0.22151849030817566,0.4914357405343516,0.0
human_cervical_cancer_real_profile_mask_epithelial_cell,human_cervical_cancer_real,Epithelial cell,"Cervical
Epithelial cell",GTCGGAAGGATACCAG-1,0.0824938945729656,0.7276283588651042,2764,18,False,True,0.13910094306132476,0.3118981027206796,0.1465418640119892,0.0
human_cervical_cancer_real_profile_mask_epithelial_cell,human_cervical_cancer_real,Epithelial cell,"Cervical
Epithelial cell",TGCCTGACATCGGTCA-1,0.08427205493198436,0.7451411832183069,2765,17,False,True,0.9087300247376263,0.1491881091429071,0.22021678431450942,0.0
human_cervical_cancer_real_profile_mask_epithelial_cell,human_cervical_cancer_real,Epithelial cell,"Cervical
Epithelial cell",CTATTGTGTTTGGTCA-1,0.08434341982616382,0.7458440449430163,2766,16,False,True,0.18510908106091167,0.07599618045920509,0.1715686626022999,0.0
human_cervical_cancer_real_profile_mask_epithelial_cell,human_cervical_cancer_real,Epithelial cell,"Cervical
Epithelial cell",CTGTCACGCCAGGCGC-1,0.08458874084183567,0.7482601734073698,2767,15,False,True,0.1315513681278236,0.3559785251538541,0.21656726251103756,0.0
human_cervical_cancer_real_profile_mask_epithelial_cell,human_cervical_cancer_real,Epithelial cell,"Cervical
Epithelial cell",ACTGAAACGCCGTTAG-1,0.08515500292643154,0.7538372004595746,2768,14,False,True,0.09283702970763699,0.0801366583204017,0.1408916968848056,0.0
human_cervical_cancer_real_profile_mask_epithelial_cell,human_cervical_cancer_real,Epithelial cell,"Cervical
Epithelial cell",CAGCAGTCTGTGCTGC-1,0.08521466344409107,0.7544247876033848,2769,13,False,True,0.09069943172558766,0.08435167696765933,0.14922133579823613,0.10173281627561732
human_cervical_cancer_real_profile_mask_epithelial_cell,human_cervical_cancer_real,Epithelial cell,"Cervical
Epithelial cell",ATGCCAATCGCTCTGC-1,0.08588140479859148,0.7609914193310349,2770,12,False,True,0.0888772655144315,0.076710620006513,0.11216102174436707,0.0
human_cervical_cancer_real_profile_mask_epithelial_cell,human_cervical_cancer_real,Epithelial cell,"Cervical
Epithelial cell",GAGGCATTTGCAGCAG-1,0.08611745351885945,0.7633162264025031,2771,11,False,True,0.12892910653709036,0.24418108903247995,0.37963893226847945,0.0
human_cervical_cancer_real_profile_mask_epithelial_cell,human_cervical_cancer_real,Epithelial cell,"Cervical
Epithelial cell",TGGGAAATGCCTTTCC-1,0.08654942178212165,0.7675706145302664,2772,10,False,True,0.9301005330870515,0.047787599906571665,0.3669994653213522,0.0
human_cervical_cancer_real_profile_mask_epithelial_cell,human_cervical_cancer_real,Epithelial cell,"Cervical
Epithelial cell",TCCGAAGTAGTCACCA-1,0.08675616213054922,0.769606768013482,2773,9,False,True,0.2242734631382125,0.3123692200231999,0.16874435446953534,0.0
human_cervical_cancer_real_profile_mask_epithelial_cell,human_cervical_cancer_real,Epithelial cell,"Cervical
Epithelial cell",CTGAATCCGAGACCTC-1,0.0870345709137366,0.7723487727452938,2774,8,False,True,0.9472523561485537,0.8667774188702864,0.19914109819089515,0.0
human_cervical_cancer_real_profile_mask_epithelial_cell,human_cervical_cancer_real,Epithelial cell,"Cervical
Epithelial cell",AAATGTGGGTGCTCCT-1,0.08773762793471107,0.7792730718143643,2775,7,False,True,0.09749281434022551,0.054516001507089754,0.28262909761298555,0.0
human_cervical_cancer_real_profile_mask_epithelial_cell,human_cervical_cancer_real,Epithelial cell,"Cervical
Epithelial cell",CTCACTGTGATACTTA-1,0.08900312507613002,0.7917367560061433,2776,6,False,True,0.045673034836016084,0.06346456648109183,0.11169264640332989,0.08736202952575119
human_cervical_cancer_real_profile_mask_epithelial_cell,human_cervical_cancer_real,Epithelial cell,"Cervical
Epithelial cell",CGCAATTCTACAATAA-1,0.0897968960518463,0.7995544826829772,2777,5,False,True,0.7624935642516667,0.14838784094887122,0.08355254555631203,0.0
human_cervical_cancer_real_profile_mask_epithelial_cell,human_cervical_cancer_real,Epithelial cell,"Cervical
Epithelial cell",ATACCAGGTGAGCGAT-1,0.0903430649958378,0.8049336155237158,2778,4,False,True,0.18961370620564447,0.28729129008248555,0.1311706261675292,0.0
human_cervical_cancer_real_profile_mask_epithelial_cell,human_cervical_cancer_real,Epithelial cell,"Cervical
Epithelial cell",ATTCCTAAGACGTGGA-1,0.09041785343586305,0.8056701952181,2779,3,False,True,0.09156518692423575,0.08766743336162433,0.26084150742844947,0.0
human_cervical_cancer_real_profile_mask_epithelial_cell,human_cervical_cancer_real,Epithelial cell,"Cervical
Epithelial cell",CACACAGGGATAGATT-1,0.09385394460706056,0.8395117218484536,2780,2,False,True,0.0387129888909075,0.07987801820049026,0.33369312611712476,0.0
human_cervical_cancer_real_profile_mask_epithelial_cell,human_cervical_cancer_real,Epithelial cell,"Cervical
Epithelial cell",TGCAATTTGGGCACGG-1,0.11014908287492478,1.0,2781,1,False,True,0.8955278995408273,0.7033910833357613,0.3919236693517367,0.0
