barcode,tissue,row,col,imagerow,imagecol,pxl_col_in_fullres,pxl_row_in_fullres,total_CTA_objects,Tumor_count,Immune_cells_count,Stroma_count,Tumor_fraction,Immune_cells_fraction,Stroma_fraction,dominant_CTA_class,dominant_CTA_fraction,CTA_mapped,unmatched_reason,Tumor_endpoint_status,Immune_cells_endpoint_status,Stroma_endpoint_status,primary_endpoint_status_endpoint,primary_endpoint_class,primary_endpoint_status_score,baseline_anchor_run,svtuner_condition,reference_supported_status,reference_unrepresented_score,withheld_score,withheld_binary,supported_assignment_score,svtuner_immune_score,svtuner_nonimmune_score,svtuner_dominant_label,svtuner_dominant_fraction,baseline_immune_score_from_phase5,baseline_nonimmune_score_from_phase5,baseline_dominant_label_from_phase5,baseline_dominant_fraction_from_phase5,score_parse_status,svtuner_output_available,_merge,audit_endpoint_class,audit_y_true
AAACAAGTATCTCCCA-1,1,50,102,8711,10218,34060.0,29036.6666666667,15,8,3,4,0.5333333333333333,0.2,0.2666666666666666,Tumor,0.5333333333333333,True,,ambiguous,negative,ambiguous,negative,Immune cells,negative,baseline_immune_all_dropout,svtuner_immune_all_dropout,available_nonimmune_reference_assignment_retained,0.4627085903986989,0.4627085903986989,False,0.5372914096013011,,1.0,PVL,1.0,0.0,1.0,PVL,1.0,ok,True,both,negative,0
AAACATTTCCCGGATT-1,1,61,97,10380,9784,32613.3333333333,34600.0,28,26,1,1,0.9285714285714286,0.0357142857142857,0.0357142857142857,Tumor,0.9285714285714286,True,,positive,negative,negative,negative,Immune cells,negative,baseline_immune_all_dropout,svtuner_immune_all_dropout,available_nonimmune_reference_assignment_retained,0.3266732162307853,0.3266732162307853,False,0.6733267837692147,,1.0,PVL,0.6666666666666666,0.0,1.0,PVL,0.6666666666666666,ok,True,both,negative,0
AAACCCGAACGAAATC-1,1,45,115,7952,11351,37836.6666666667,26506.6666666667,27,27,0,0,1.0,0.0,0.0,Tumor,1.0,True,,positive,negative,negative,negative,Immune cells,negative,baseline_immune_all_dropout,svtuner_immune_all_dropout,available_nonimmune_reference_assignment_retained,0.2502161971521193,0.2502161971521193,False,0.7497838028478807,,1.0,Fibroblasts,0.8333333333333334,0.0,1.0,Fibroblasts,0.8333333333333334,ok,True,both,negative,0
AAACCGGAAATGTTAA-1,1,54,124,9317,12137,40456.6666666667,31056.6666666667,17,0,11,6,0.0,0.6470588235294118,0.3529411764705882,Immune cells,0.6470588235294118,True,,negative,positive,ambiguous,positive,Immune cells,positive,baseline_immune_all_dropout,svtuner_immune_all_dropout,reference_unrepresented_withheld_by_stage3b,0.5950410920006314,0.5950410920006314,True,0.4049589079993686,,0.0,__withheld_reference_unrepresented__,0.0,0.0,1.0,Fibroblasts,1.0,ok,True,both,positive,1
AAACCGTTCGTCCAGG-1,1,52,42,9018,4988,16626.6666666667,30060.0,15,8,3,4,0.5333333333333333,0.2,0.2666666666666666,Tumor,0.5333333333333333,True,,ambiguous,negative,ambiguous,negative,Immune cells,negative,baseline_immune_all_dropout,svtuner_immune_all_dropout,available_nonimmune_reference_assignment_retained,0.3163801226472523,0.3163801226472523,False,0.6836198773527478,,1.0,PVL,0.8,0.0,1.0,PVL,0.8,ok,True,both,negative,0
AAACTCGGTTCGCAAT-1,1,66,70,11140,7430,24766.6666666667,37133.3333333333,21,18,2,1,0.8571428571428571,0.0952380952380952,0.0476190476190476,Tumor,0.8571428571428571,True,,positive,negative,negative,negative,Immune cells,negative,baseline_immune_all_dropout,svtuner_immune_all_dropout,available_nonimmune_reference_assignment_retained,0.3258913163557778,0.3258913163557778,False,0.6741086836442223,,1.0,Endothelial cells,1.0,0.0,1.0,Endothelial cells,1.0,ok,True,both,negative,0
AAACTCGTGATATAAG-1,1,23,113,4615,11175,37250.0,15383.3333333333,27,19,4,4,0.7037037037037037,0.1481481481481481,0.1481481481481481,Tumor,0.7037037037037037,True,,positive,negative,negative,negative,Immune cells,negative,baseline_immune_all_dropout,svtuner_immune_all_dropout,available_nonimmune_reference_assignment_retained,0.441733391076362,0.441733391076362,False,0.558266608923638,,1.0,Fibroblasts,1.0,0.0,1.0,Fibroblasts,1.0,ok,True,both,negative,0
AAACTGCTGGCTCCAA-1,1,45,67,7955,7167,23890.0,26516.6666666667,29,29,0,0,1.0,0.0,0.0,Tumor,1.0,True,,positive,negative,negative,negative,Immune cells,negative,baseline_immune_all_dropout,svtuner_immune_all_dropout,available_nonimmune_reference_assignment_retained,0.4174139534160724,0.4174139534160724,False,0.5825860465839277,,1.0,PVL,1.0,0.0,1.0,PVL,1.0,ok,True,both,negative,0
AAAGCTTGCCTACATA-1,1,26,122,5069,11960,39866.6666666667,16896.6666666667,27,27,0,0,1.0,0.0,0.0,Tumor,1.0,True,,positive,negative,negative,negative,Immune cells,negative,baseline_immune_all_dropout,svtuner_immune_all_dropout,available_nonimmune_reference_assignment_retained,0.4833476452817187,0.4833476452817187,False,0.5166523547182813,,1.0,Fibroblasts,0.6666666666666666,0.0,1.0,Fibroblasts,0.6666666666666666,ok,True,both,negative,0
AAAGGCCCTATAATAC-1,1,66,22,11143,3245,10816.6666666667,37143.3333333333,17,0,14,3,0.0,0.8235294117647058,0.1764705882352941,Immune cells,0.8235294117647058,True,,negative,positive,negative,positive,Immune cells,positive,baseline_immune_all_dropout,svtuner_immune_all_dropout,available_nonimmune_reference_assignment_retained,0.4356568428155712,0.4356568428155712,False,0.5643431571844288,,1.0,Fibroblasts,0.5,0.0,1.0,Fibroblasts,0.5,ok,True,both,positive,1
AAAGGCTACGGACCAT-1,1,62,54,10534,6035,20116.6666666667,35113.3333333333,21,21,0,0,1.0,0.0,0.0,Tumor,1.0,True,,positive,negative,negative,negative,Immune cells,negative,baseline_immune_all_dropout,svtuner_immune_all_dropout,available_nonimmune_reference_assignment_retained,0.4314014159172244,0.4314014159172244,False,0.5685985840827756,,1.0,PVL,1.0,0.0,1.0,PVL,1.0,ok,True,both,negative,0
AAAGGCTCTCGCGCCG-1,1,55,55,9472,6121,20403.3333333333,31573.3333333333,20,15,2,3,0.75,0.1,0.15,Tumor,0.75,True,,positive,negative,negative,negative,Immune cells,negative,baseline_immune_all_dropout,svtuner_immune_all_dropout,available_nonimmune_reference_assignment_retained,0.5268495820094544,0.5268495820094544,False,0.4731504179905456,,1.0,PVL,1.0,0.0,1.0,PVL,1.0,ok,True,both,negative,0
AAAGTGTGATTTATCT-1,1,44,94,7801,9520,31733.3333333333,26003.3333333333,28,28,0,0,1.0,0.0,0.0,Tumor,1.0,True,,positive,negative,negative,negative,Immune cells,negative,baseline_immune_all_dropout,svtuner_immune_all_dropout,available_nonimmune_reference_assignment_retained,0.2012972989471451,0.2012972989471451,False,0.7987027010528549,,1.0,Epithelial cells,1.0,0.0,1.0,Epithelial cells,1.0,ok,True,both,negative,0
AAAGTTGACTCCCGTA-1,1,42,96,7498,9695,32316.6666666667,24993.3333333333,33,33,0,0,1.0,0.0,0.0,Tumor,1.0,True,,positive,negative,negative,negative,Immune cells,negative,baseline_immune_all_dropout,svtuner_immune_all_dropout,available_nonimmune_reference_assignment_retained,0.3207056822524031,0.3207056822524031,False,0.679294317747597,,1.0,Endothelial cells,1.0,0.0,1.0,Endothelial cells,1.0,ok,True,both,negative,0
AAATAAGGTAGTGCCC-1,1,31,115,5828,11350,37833.3333333333,19426.6666666667,22,22,0,0,1.0,0.0,0.0,Tumor,1.0,True,,positive,negative,negative,negative,Immune cells,negative,baseline_immune_all_dropout,svtuner_immune_all_dropout,available_nonimmune_reference_assignment_retained,0.4030755187052081,0.4030755187052081,False,0.5969244812947919,,1.0,PVL,1.0,0.0,1.0,PVL,1.0,ok,True,both,negative,0
AAATACCTATAAGCAT-1,1,47,69,8258,7341,24470.0,27526.6666666667,11,8,1,2,0.7272727272727273,0.0909090909090909,0.1818181818181818,Tumor,0.7272727272727273,True,,positive,negative,negative,negative,Immune cells,negative,baseline_immune_all_dropout,svtuner_immune_all_dropout,available_nonimmune_reference_assignment_retained,0.3192330817905252,0.3192330817905252,False,0.6807669182094749,,1.0,Fibroblasts,1.0,0.0,1.0,Fibroblasts,1.0,ok,True,both,negative,0
AAATAGCTTAGACTTT-1,1,36,106,6587,10566,35220.0,21956.6666666667,20,20,0,0,1.0,0.0,0.0,Tumor,1.0,True,,positive,negative,negative,negative,Immune cells,negative,baseline_immune_all_dropout,svtuner_immune_all_dropout,available_nonimmune_reference_assignment_retained,0.3156875895371691,0.3156875895371691,False,0.6843124104628309,,1.0,Endothelial cells,0.3333333333333333,0.0,1.0,Endothelial cells,0.3333333333333333,ok,True,both,negative,0
AAATAGGGTGCTATTG-1,1,53,79,9167,8214,27380.0,30556.6666666667,13,13,0,0,1.0,0.0,0.0,Tumor,1.0,True,,positive,negative,negative,negative,Immune cells,negative,baseline_immune_all_dropout,svtuner_immune_all_dropout,available_nonimmune_reference_assignment_retained,0.2518333574926191,0.2518333574926191,False,0.748166642507381,,1.0,Epithelial cells,1.0,0.0,1.0,Epithelial cells,1.0,ok,True,both,negative,0
AAATCCGATACACGCC-1,1,65,87,10987,8912,29706.6666666667,36623.3333333333,22,22,0,0,1.0,0.0,0.0,Tumor,1.0,True,,positive,negative,negative,negative,Immune cells,negative,baseline_immune_all_dropout,svtuner_immune_all_dropout,available_nonimmune_reference_assignment_retained,0.4083049364218691,0.4083049364218691,False,0.5916950635781308,,1.0,Epithelial cells,1.0,0.0,1.0,Epithelial cells,1.0,ok,True,both,negative,0
AAATCGTGTACCACAA-1,1,44,56,7803,6207,20690.0,26010.0,21,18,0,3,0.8571428571428571,0.0,0.1428571428571428,Tumor,0.8571428571428571,True,,positive,negative,negative,negative,Immune cells,negative,baseline_immune_all_dropout,svtuner_immune_all_dropout,available_nonimmune_reference_assignment_retained,0.2830137426188406,0.2830137426188406,False,0.7169862573811594,,1.0,Fibroblasts,1.0,0.0,1.0,Fibroblasts,1.0,ok,True,both,negative,0
AAATCTAGCCCTGCTA-1,1,53,101,9166,10132,33773.3333333333,30553.3333333333,26,26,0,0,1.0,0.0,0.0,Tumor,1.0,True,,positive,negative,negative,negative,Immune cells,negative,baseline_immune_all_dropout,svtuner_immune_all_dropout,available_nonimmune_reference_assignment_retained,0.3346618490553181,0.3346618490553181,False,0.6653381509446818,,1.0,Epithelial cells,1.0,0.0,1.0,Epithelial cells,1.0,ok,True,both,negative,0
AAATGATTCGATCAGC-1,1,21,111,4311,11000,36666.6666666667,14370.0,15,1,3,11,0.0666666666666666,0.2,0.7333333333333333,Stroma,0.7333333333333333,True,,negative,negative,positive,negative,Immune cells,negative,baseline_immune_all_dropout,svtuner_immune_all_dropout,available_nonimmune_reference_assignment_retained,0.5332780099000323,0.5332780099000323,False,0.4667219900999677,,1.0,Endothelial cells,1.0,0.0,1.0,Endothelial cells,1.0,ok,True,both,negative,0
AAATGGTCAATGTGCC-1,1,33,51,6135,5771,19236.6666666667,20450.0,24,23,1,0,0.9583333333333334,0.0416666666666666,0.0,Tumor,0.9583333333333334,True,,positive,negative,negative,negative,Immune cells,negative,baseline_immune_all_dropout,svtuner_immune_all_dropout,available_nonimmune_reference_assignment_retained,0.4323098636021479,0.4323098636021479,False,0.5676901363978522,,1.0,Epithelial cells,0.5,0.0,1.0,Epithelial cells,0.5,ok,True,both,negative,0
AAATTAACGGGTAGCT-1,1,34,58,6286,6381,21270.0,20953.3333333333,16,0,2,14,0.0,0.125,0.875,Stroma,0.875,True,,negative,negative,positive,negative,Immune cells,negative,baseline_immune_all_dropout,svtuner_immune_all_dropout,reference_unrepresented_withheld_by_stage3b,0.5867026183096373,0.5867026183096373,True,0.4132973816903627,,0.0,__withheld_reference_unrepresented__,0.0,0.0,1.0,Epithelial cells,1.0,ok,True,both,negative,0
AAATTCCAGGTCCAAA-1,1,35,115,6435,11350,37833.3333333333,21450.0,18,18,0,0,1.0,0.0,0.0,Tumor,1.0,True,,positive,negative,negative,negative,Immune cells,negative,baseline_immune_all_dropout,svtuner_immune_all_dropout,available_nonimmune_reference_assignment_retained,0.4168134167262526,0.4168134167262526,False,0.5831865832737474,,1.0,Fibroblasts,1.0,0.0,1.0,Fibroblasts,1.0,ok,True,both,negative,0
AAATTGATAGTCCTTT-1,1,55,31,9473,4029,13430.0,31576.6666666667,29,29,0,0,1.0,0.0,0.0,Tumor,1.0,True,,positive,negative,negative,negative,Immune cells,negative,baseline_immune_all_dropout,svtuner_immune_all_dropout,available_nonimmune_reference_assignment_retained,0.1549799482835233,0.1549799482835233,False,0.8450200517164768,,1.0,Fibroblasts,0.5555555555555556,0.0,1.0,Fibroblasts,0.5555555555555556,ok,True,both,negative,0
AAATTTGCGGGTGTGG-1,1,47,33,8260,4203,14010.0,27533.3333333333,23,19,2,2,0.8260869565217391,0.0869565217391304,0.0869565217391304,Tumor,0.8260869565217391,True,,positive,negative,negative,negative,Immune cells,negative,baseline_immune_all_dropout,svtuner_immune_all_dropout,available_nonimmune_reference_assignment_retained,0.2756158025650965,0.2756158025650965,False,0.7243841974349035,,1.0,PVL,1.0,0.0,1.0,PVL,1.0,ok,True,both,negative,0
AACAATACATTGTCGA-1,1,61,37,10383,4553,15176.6666666667,34610.0,24,24,0,0,1.0,0.0,0.0,Tumor,1.0,True,,positive,negative,negative,negative,Immune cells,negative,baseline_immune_all_dropout,svtuner_immune_all_dropout,available_nonimmune_reference_assignment_retained,0.1771052917730832,0.1771052917730832,False,0.8228947082269168,,1.0,Epithelial cells,1.0,0.0,1.0,Epithelial cells,1.0,ok,True,both,negative,0
AACAGCTGTGTGGCAA-1,1,59,31,10080,4029,13430.0,33600.0,12,7,1,4,0.5833333333333334,0.0833333333333333,0.3333333333333333,Tumor,0.5833333333333334,True,,ambiguous,negative,ambiguous,negative,Immune cells,negative,baseline_immune_all_dropout,svtuner_immune_all_dropout,available_nonimmune_reference_assignment_retained,0.4596496427566042,0.4596496427566042,False,0.5403503572433959,,1.0,PVL,1.0,0.0,1.0,PVL,1.0,ok,True,both,negative,0
AACAGGTAGTATGGAT-1,1,49,113,8559,11177,37256.6666666667,28530.0,17,9,0,8,0.5294117647058824,0.0,0.4705882352941176,Tumor,0.5294117647058824,True,,ambiguous,negative,ambiguous,negative,Immune cells,negative,baseline_immune_all_dropout,svtuner_immune_all_dropout,available_nonimmune_reference_assignment_retained,0.4438547418564736,0.4438547418564736,False,0.5561452581435264,,1.0,Endothelial cells,1.0,0.0,1.0,Endothelial cells,1.0,ok,True,both,negative,0
AACATATCAACTGGTG-1,1,27,99,5222,9955,33183.3333333333,17406.6666666667,29,28,1,0,0.9655172413793104,0.0344827586206896,0.0,Tumor,0.9655172413793104,True,,positive,negative,negative,negative,Immune cells,negative,baseline_immune_all_dropout,svtuner_immune_all_dropout,available_nonimmune_reference_assignment_retained,0.2797593659628166,0.2797593659628166,False,0.7202406340371834,,1.0,Epithelial cells,0.5714285714285714,0.0,1.0,Epithelial cells,0.5714285714285714,ok,True,both,negative,0
AACCCGACAACCCGTG-1,1,67,43,11293,5076,16920.0,37643.3333333333,27,27,0,0,1.0,0.0,0.0,Tumor,1.0,True,,positive,negative,negative,negative,Immune cells,negative,baseline_immune_all_dropout,svtuner_immune_all_dropout,available_nonimmune_reference_assignment_retained,0.2256125960233019,0.2256125960233019,False,0.7743874039766981,,1.0,Fibroblasts,1.0,0.0,1.0,Fibroblasts,1.0,ok,True,both,negative,0
AACCCGAGCAGAATCG-1,1,57,113,9772,11178,37260.0,32573.3333333333,13,10,2,1,0.7692307692307693,0.1538461538461538,0.0769230769230769,Tumor,0.7692307692307693,True,,positive,negative,negative,negative,Immune cells,negative,baseline_immune_all_dropout,svtuner_immune_all_dropout,available_nonimmune_reference_assignment_retained,0.4944578731802415,0.4944578731802415,False,0.5055421268197585,,1.0,Endothelial cells,1.0,0.0,1.0,Endothelial cells,1.0,ok,True,both,negative,0
AACCCTACTGTCAATA-1,1,40,96,7194,9694,32313.3333333333,23980.0,27,26,1,0,0.9629629629629628,0.037037037037037,0.0,Tumor,0.9629629629629628,True,,positive,negative,negative,negative,Immune cells,negative,baseline_immune_all_dropout,svtuner_immune_all_dropout,available_nonimmune_reference_assignment_retained,0.2195498631485627,0.2195498631485627,False,0.7804501368514373,,1.0,Endothelial cells,1.0,0.0,1.0,Endothelial cells,1.0,ok,True,both,negative,0
AACCGCTAAGGGATGC-1,1,46,92,8105,9346,31153.3333333333,27016.6666666667,20,16,4,0,0.8,0.2,0.0,Tumor,0.8,True,,positive,negative,negative,negative,Immune cells,negative,baseline_immune_all_dropout,svtuner_immune_all_dropout,available_nonimmune_reference_assignment_retained,0.2627639760800961,0.2627639760800961,False,0.7372360239199038,,1.0,PVL,0.5714285714285714,0.0,1.0,PVL,0.5714285714285714,ok,True,both,negative,0
AACCTCGCTTTAGCCC-1,1,62,82,10533,8476,28253.3333333333,35110.0,16,10,3,3,0.625,0.1875,0.1875,Tumor,0.625,True,,positive,negative,negative,negative,Immune cells,negative,baseline_immune_all_dropout,svtuner_immune_all_dropout,available_nonimmune_reference_assignment_retained,0.4411932872374313,0.4411932872374313,False,0.5588067127625687,,1.0,PVL,1.0,0.0,1.0,PVL,1.0,ok,True,both,negative,0
AACCTGTCACGGAATT-1,1,36,118,6587,11612,38706.6666666667,21956.6666666667,25,25,0,0,1.0,0.0,0.0,Tumor,1.0,True,,positive,negative,negative,negative,Immune cells,negative,baseline_immune_all_dropout,svtuner_immune_all_dropout,available_nonimmune_reference_assignment_retained,0.5498575170601477,0.5498575170601477,False,0.4501424829398522,,1.0,Epithelial cells,0.5,0.0,1.0,Epithelial cells,0.5,ok,True,both,negative,0
AACCTTTAAATACGGT-1,1,54,68,9320,7255,24183.3333333333,31066.6666666667,18,16,0,2,0.8888888888888888,0.0,0.1111111111111111,Tumor,0.8888888888888888,True,,positive,negative,negative,negative,Immune cells,negative,baseline_immune_all_dropout,svtuner_immune_all_dropout,available_nonimmune_reference_assignment_retained,0.3860778543055367,0.3860778543055367,False,0.6139221456944632,,1.0,PVL,0.6,0.0,1.0,PVL,0.6,ok,True,both,negative,0
AACGATAATGCCGTAG-1,1,53,73,9168,7690,25633.3333333333,30560.0,21,21,0,0,1.0,0.0,0.0,Tumor,1.0,True,,positive,negative,negative,negative,Immune cells,negative,baseline_immune_all_dropout,svtuner_immune_all_dropout,available_nonimmune_reference_assignment_retained,0.2047810036907424,0.2047810036907424,False,0.7952189963092576,,1.0,Epithelial cells,1.0,0.0,1.0,Epithelial cells,1.0,ok,True,both,negative,0
AACGCGACCTTGGGCG-1,1,67,53,11293,5948,19826.6666666667,37643.3333333333,30,30,0,0,1.0,0.0,0.0,Tumor,1.0,True,,positive,negative,negative,negative,Immune cells,negative,baseline_immune_all_dropout,svtuner_immune_all_dropout,available_nonimmune_reference_assignment_retained,0.2777182267564221,0.2777182267564221,False,0.7222817732435779,,1.0,PVL,0.6666666666666666,0.0,1.0,PVL,0.6666666666666666,ok,True,both,negative,0
AACGCTGTTGCTGAAA-1,1,54,94,9318,9521,31736.6666666667,31060.0,24,22,1,1,0.9166666666666666,0.0416666666666666,0.0416666666666666,Tumor,0.9166666666666666,True,,positive,negative,negative,negative,Immune cells,negative,baseline_immune_all_dropout,svtuner_immune_all_dropout,available_nonimmune_reference_assignment_retained,0.3670443646399939,0.3670443646399939,False,0.6329556353600061,,1.0,PVL,1.0,0.0,1.0,PVL,1.0,ok,True,both,negative,0
AACGGACGTACGTATA-1,1,50,92,8712,9347,31156.6666666667,29040.0,20,20,0,0,1.0,0.0,0.0,Tumor,1.0,True,,positive,negative,negative,negative,Immune cells,negative,baseline_immune_all_dropout,svtuner_immune_all_dropout,available_nonimmune_reference_assignment_retained,0.2731230951684573,0.2731230951684573,False,0.7268769048315427,,1.0,Epithelial cells,1.0,0.0,1.0,Epithelial cells,1.0,ok,True,both,negative,0
AACGGCCATCTCCGGT-1,1,47,39,8259,4726,15753.3333333333,27530.0,24,17,1,6,0.7083333333333334,0.0416666666666666,0.25,Tumor,0.7083333333333334,True,,positive,negative,ambiguous,negative,Immune cells,negative,baseline_immune_all_dropout,svtuner_immune_all_dropout,reference_unrepresented_withheld_by_stage3b,0.3628547381871657,0.3628547381871657,True,0.6371452618128344,,0.0,__withheld_reference_unrepresented__,0.0,0.0,1.0,Endothelial cells,0.6666666666666666,ok,True,both,negative,0
AACGTGCGAAAGTCTC-1,1,36,74,6589,7776,25920.0,21963.3333333333,28,25,3,0,0.8928571428571429,0.1071428571428571,0.0,Tumor,0.8928571428571429,True,,positive,negative,negative,negative,Immune cells,negative,baseline_immune_all_dropout,svtuner_immune_all_dropout,available_nonimmune_reference_assignment_retained,0.2924589466652372,0.2924589466652372,False,0.7075410533347628,,1.0,Endothelial cells,1.0,0.0,1.0,Endothelial cells,1.0,ok,True,both,negative,0
AACTACCCGTTTGTCA-1,1,47,113,8255,11177,37256.6666666667,27516.6666666667,21,21,0,0,1.0,0.0,0.0,Tumor,1.0,True,,positive,negative,negative,negative,Immune cells,negative,baseline_immune_all_dropout,svtuner_immune_all_dropout,available_nonimmune_reference_assignment_retained,0.2101854553590735,0.2101854553590735,False,0.7898145446409265,,1.0,Fibroblasts,0.625,0.0,1.0,Fibroblasts,0.625,ok,True,both,negative,0
AACTCTCAATAGAGCG-1,1,35,93,6436,9432,31440.0,21453.3333333333,26,21,4,1,0.8076923076923077,0.1538461538461538,0.0384615384615384,Tumor,0.8076923076923077,True,,positive,negative,negative,negative,Immune cells,negative,baseline_immune_all_dropout,svtuner_immune_all_dropout,available_nonimmune_reference_assignment_retained,0.3557342780984485,0.3557342780984485,False,0.6442657219015515,,1.0,Fibroblasts,1.0,0.0,1.0,Fibroblasts,1.0,ok,True,both,negative,0
AACTCTCAGTGTGCTC-1,1,53,41,9170,4901,16336.6666666667,30566.6666666667,18,18,0,0,1.0,0.0,0.0,Tumor,1.0,True,,positive,negative,negative,negative,Immune cells,negative,baseline_immune_all_dropout,svtuner_immune_all_dropout,available_nonimmune_reference_assignment_retained,0.2812426595971257,0.2812426595971257,False,0.7187573404028743,,1.0,Epithelial cells,0.6666666666666666,0.0,1.0,Epithelial cells,0.6666666666666666,ok,True,both,negative,0
AACTGAGTTATACTGA-1,1,51,127,8861,12398,41326.6666666667,29536.6666666667,23,23,0,0,1.0,0.0,0.0,Tumor,1.0,True,,positive,negative,negative,negative,Immune cells,negative,baseline_immune_all_dropout,svtuner_immune_all_dropout,available_nonimmune_reference_assignment_retained,0.4250550665985555,0.4250550665985555,False,0.5749449334014445,,1.0,Endothelial cells,1.0,0.0,1.0,Endothelial cells,1.0,ok,True,both,negative,0
AACTTTCTCGATCATG-1,1,22,124,4462,12134,40446.6666666667,14873.3333333333,25,25,0,0,1.0,0.0,0.0,Tumor,1.0,True,,positive,negative,negative,negative,Immune cells,negative,baseline_immune_all_dropout,svtuner_immune_all_dropout,available_nonimmune_reference_assignment_retained,0.4642267211219034,0.4642267211219034,False,0.5357732788780967,,1.0,Fibroblasts,1.0,0.0,1.0,Fibroblasts,1.0,ok,True,both,negative,0
AAGAAATCACCAGATT-1,1,20,126,4159,12308,41026.6666666667,13863.3333333333,24,24,0,0,1.0,0.0,0.0,Tumor,1.0,True,,positive,negative,negative,negative,Immune cells,negative,baseline_immune_all_dropout,svtuner_immune_all_dropout,available_nonimmune_reference_assignment_retained,0.4112807497626961,0.4112807497626961,False,0.588719250237304,,1.0,Endothelial cells,1.0,0.0,1.0,Endothelial cells,1.0,ok,True,both,negative,0
AAGACCCAACTGAACA-1,1,60,54,10231,6035,20116.6666666667,34103.3333333333,24,24,0,0,1.0,0.0,0.0,Tumor,1.0,True,,positive,negative,negative,negative,Immune cells,negative,baseline_immune_all_dropout,svtuner_immune_all_dropout,available_nonimmune_reference_assignment_retained,0.4474397961412922,0.4474397961412922,False,0.5525602038587079,,1.0,Fibroblasts,1.0,0.0,1.0,Fibroblasts,1.0,ok,True,both,negative,0
AAGACTGCAAGCTACT-1,1,36,68,6589,7253,24176.6666666667,21963.3333333333,25,25,0,0,1.0,0.0,0.0,Tumor,1.0,True,,positive,negative,negative,negative,Immune cells,negative,baseline_immune_all_dropout,svtuner_immune_all_dropout,available_nonimmune_reference_assignment_retained,0.2860602592652985,0.2860602592652985,False,0.7139397407347015,,1.0,PVL,0.6666666666666666,0.0,1.0,PVL,0.6666666666666666,ok,True,both,negative,0
AAGAGCTCTTTATCGG-1,1,35,77,6437,8037,26790.0,21456.6666666667,24,23,1,0,0.9583333333333334,0.0416666666666666,0.0,Tumor,0.9583333333333334,True,,positive,negative,negative,negative,Immune cells,negative,baseline_immune_all_dropout,svtuner_immune_all_dropout,available_nonimmune_reference_assignment_retained,0.3550392244948306,0.3550392244948306,False,0.6449607755051694,,1.0,Fibroblasts,1.0,0.0,1.0,Fibroblasts,1.0,ok,True,both,negative,0
AAGAGGCATGGATCGC-1,1,36,80,6589,8299,27663.3333333333,21963.3333333333,20,20,0,0,1.0,0.0,0.0,Tumor,1.0,True,,positive,negative,negative,negative,Immune cells,negative,baseline_immune_all_dropout,svtuner_immune_all_dropout,available_nonimmune_reference_assignment_retained,0.2448378139413149,0.2448378139413149,False,0.7551621860586851,,1.0,Fibroblasts,1.0,0.0,1.0,Fibroblasts,1.0,ok,True,both,negative,0
AAGAGGCCCTTTGGAA-1,1,59,109,10076,10830,36100.0,33586.6666666667,17,15,2,0,0.8823529411764706,0.1176470588235294,0.0,Tumor,0.8823529411764706,True,,positive,negative,negative,negative,Immune cells,negative,baseline_immune_all_dropout,svtuner_immune_all_dropout,available_nonimmune_reference_assignment_retained,0.5503195026088549,0.5503195026088549,False,0.4496804973911451,,1.0,Epithelial cells,1.0,0.0,1.0,Epithelial cells,1.0,ok,True,both,negative,0
AAGATGGCACCGGACC-1,1,59,39,10080,4727,15756.6666666667,33600.0,22,22,0,0,1.0,0.0,0.0,Tumor,1.0,True,,positive,negative,negative,negative,Immune cells,negative,baseline_immune_all_dropout,svtuner_immune_all_dropout,available_nonimmune_reference_assignment_retained,0.1908986409020996,0.1908986409020996,False,0.8091013590979004,,1.0,Epithelial cells,1.0,0.0,1.0,Epithelial cells,1.0,ok,True,both,negative,0
AAGCACCCTGCGTATC-1,1,59,73,10078,7691,25636.6666666667,33593.3333333333,20,20,0,0,1.0,0.0,0.0,Tumor,1.0,True,,positive,negative,negative,negative,Immune cells,negative,baseline_immune_all_dropout,svtuner_immune_all_dropout,available_nonimmune_reference_assignment_retained,0.3195052564249314,0.3195052564249314,False,0.6804947435750686,,1.0,Epithelial cells,1.0,0.0,1.0,Epithelial cells,1.0,ok,True,both,negative,0
AAGCATACTCTCCTGA-1,1,53,69,9168,7342,24473.3333333333,30560.0,20,20,0,0,1.0,0.0,0.0,Tumor,1.0,True,,positive,negative,negative,negative,Immune cells,negative,baseline_immune_all_dropout,svtuner_immune_all_dropout,available_nonimmune_reference_assignment_retained,0.4410217847335484,0.4410217847335484,False,0.5589782152664515,,1.0,Endothelial cells,0.5,0.0,1.0,Endothelial cells,0.5,ok,True,both,negative,0
AAGCCGAAGCGGTTTA-1,1,49,107,8559,10654,35513.3333333333,28530.0,11,6,0,5,0.5454545454545454,0.0,0.4545454545454545,Tumor,0.5454545454545454,True,,ambiguous,negative,ambiguous,negative,Immune cells,negative,baseline_immune_all_dropout,svtuner_immune_all_dropout,available_nonimmune_reference_assignment_retained,0.301784795521142,0.301784795521142,False,0.698215204478858,,1.0,PVL,0.6666666666666666,0.0,1.0,PVL,0.6666666666666666,ok,True,both,negative,0
AAGCCGCTTTACCTTG-1,1,19,125,4007,12221,40736.6666666667,13356.6666666667,31,31,0,0,1.0,0.0,0.0,Tumor,1.0,True,,positive,negative,negative,negative,Immune cells,negative,baseline_immune_all_dropout,svtuner_immune_all_dropout,available_nonimmune_reference_assignment_retained,0.3912486467029938,0.3912486467029938,False,0.6087513532970061,,1.0,PVL,1.0,0.0,1.0,PVL,1.0,ok,True,both,negative,0
AAGCGCAGGGCTTTGA-1,1,67,73,11292,7692,25640.0,37640.0,24,24,0,0,1.0,0.0,0.0,Tumor,1.0,True,,positive,negative,negative,negative,Immune cells,negative,baseline_immune_all_dropout,svtuner_immune_all_dropout,available_nonimmune_reference_assignment_retained,0.4021859061247906,0.4021859061247906,False,0.5978140938752095,,1.0,Fibroblasts,0.8,0.0,1.0,Fibroblasts,0.8,ok,True,both,negative,0
AAGCGTCCCTCATCGA-1,1,57,35,9777,4378,14593.3333333333,32590.0,19,18,0,1,0.9473684210526316,0.0,0.0526315789473684,Tumor,0.9473684210526316,True,,positive,negative,negative,negative,Immune cells,negative,baseline_immune_all_dropout,svtuner_immune_all_dropout,available_nonimmune_reference_assignment_retained,0.3681047279285477,0.3681047279285477,False,0.6318952720714524,,1.0,Endothelial cells,1.0,0.0,1.0,Endothelial cells,1.0,ok,True,both,negative,0
AAGCTAGATCGAGTAA-1,1,50,68,8713,7254,24180.0,29043.3333333333,29,29,0,0,1.0,0.0,0.0,Tumor,1.0,True,,positive,negative,negative,negative,Immune cells,negative,baseline_immune_all_dropout,svtuner_immune_all_dropout,available_nonimmune_reference_assignment_retained,0.4282335369649979,0.4282335369649979,False,0.5717664630350021,,1.0,Endothelial cells,1.0,0.0,1.0,Endothelial cells,1.0,ok,True,both,negative,0
AAGCTCGTGCCAAGTC-1,1,35,73,6437,7689,25630.0,21456.6666666667,21,21,0,0,1.0,0.0,0.0,Tumor,1.0,True,,positive,negative,negative,negative,Immune cells,negative,baseline_immune_all_dropout,svtuner_immune_all_dropout,available_nonimmune_reference_assignment_retained,0.3091764027160726,0.3091764027160726,False,0.6908235972839274,,1.0,PVL,0.6666666666666666,0.0,1.0,PVL,0.6666666666666666,ok,True,both,negative,0
AAGCTCTTTCATGGTG-1,1,57,81,9774,8388,27960.0,32580.0,18,9,3,6,0.5,0.1666666666666666,0.3333333333333333,Tumor,0.5,True,,ambiguous,negative,ambiguous,negative,Immune cells,negative,baseline_immune_all_dropout,svtuner_immune_all_dropout,available_nonimmune_reference_assignment_retained,0.5842590840028654,0.5842590840028654,False,0.4157409159971346,,1.0,Fibroblasts,1.0,0.0,1.0,Fibroblasts,1.0,ok,True,both,negative,0
AAGGATCGATCGCTTG-1,1,39,109,7042,10828,36093.3333333333,23473.3333333333,30,30,0,0,1.0,0.0,0.0,Tumor,1.0,True,,positive,negative,negative,negative,Immune cells,negative,baseline_immune_all_dropout,svtuner_immune_all_dropout,available_nonimmune_reference_assignment_retained,0.468954604473459,0.468954604473459,False,0.5310453955265411,,1.0,PVL,1.0,0.0,1.0,PVL,1.0,ok,True,both,negative,0
AAGGCAGGCTGTCTCC-1,1,42,118,7497,11613,38710.0,24990.0,26,26,0,0,1.0,0.0,0.0,Tumor,1.0,True,,positive,negative,negative,negative,Immune cells,negative,baseline_immune_all_dropout,svtuner_immune_all_dropout,available_nonimmune_reference_assignment_retained,0.44898201610159,0.44898201610159,False,0.55101798389841,,1.0,Endothelial cells,1.0,0.0,1.0,Endothelial cells,1.0,ok,True,both,negative,0
AAGGTGATAAACCAGC-1,1,44,92,7801,9346,31153.3333333333,26003.3333333333,29,28,0,1,0.9655172413793104,0.0,0.0344827586206896,Tumor,0.9655172413793104,True,,positive,negative,negative,negative,Immune cells,negative,baseline_immune_all_dropout,svtuner_immune_all_dropout,available_nonimmune_reference_assignment_retained,0.2775161971991549,0.2775161971991549,False,0.7224838028008451,,1.0,Fibroblasts,1.0,0.0,1.0,Fibroblasts,1.0,ok,True,both,negative,0
AAGTCAATTGTCGTCA-1,1,45,101,7953,10131,33770.0,26510.0,26,26,0,0,1.0,0.0,0.0,Tumor,1.0,True,,positive,negative,negative,negative,Immune cells,negative,baseline_immune_all_dropout,svtuner_immune_all_dropout,available_nonimmune_reference_assignment_retained,0.2189749216008722,0.2189749216008722,False,0.7810250783991278,,1.0,Epithelial cells,1.0,0.0,1.0,Epithelial cells,1.0,ok,True,both,negative,0
AAGTCTAGTAGCTGCC-1,1,21,125,4311,12221,40736.6666666667,14370.0,29,29,0,0,1.0,0.0,0.0,Tumor,1.0,True,,positive,negative,negative,negative,Immune cells,negative,baseline_immune_all_dropout,svtuner_immune_all_dropout,available_nonimmune_reference_assignment_retained,0.3885463401536914,0.3885463401536914,False,0.6114536598463086,,1.0,Epithelial cells,1.0,0.0,1.0,Epithelial cells,1.0,ok,True,both,negative,0
AAGTGAGTCGGGTTTA-1,1,62,48,10534,5512,18373.3333333333,35113.3333333333,20,20,0,0,1.0,0.0,0.0,Tumor,1.0,True,,positive,negative,negative,negative,Immune cells,negative,baseline_immune_all_dropout,svtuner_immune_all_dropout,available_nonimmune_reference_assignment_retained,0.3168945716531468,0.3168945716531468,False,0.6831054283468532,,1.0,Endothelial cells,0.5,0.0,1.0,Endothelial cells,0.5,ok,True,both,negative,0
AAGTGCCTTGACTGTA-1,1,44,104,7801,10392,34640.0,26003.3333333333,30,30,0,0,1.0,0.0,0.0,Tumor,1.0,True,,positive,negative,negative,negative,Immune cells,negative,baseline_immune_all_dropout,svtuner_immune_all_dropout,available_nonimmune_reference_assignment_retained,0.2875925505676449,0.2875925505676449,False,0.7124074494323551,,1.0,PVL,0.8333333333333334,0.0,1.0,PVL,0.8333333333333334,ok,True,both,negative,0
AAGTGCTTCTCTATTG-1,1,69,37,11597,4553,15176.6666666667,38656.6666666667,26,23,3,0,0.8846153846153846,0.1153846153846153,0.0,Tumor,0.8846153846153846,True,,positive,negative,negative,negative,Immune cells,negative,baseline_immune_all_dropout,svtuner_immune_all_dropout,available_nonimmune_reference_assignment_retained,0.2665450766857267,0.2665450766857267,False,0.7334549233142733,,1.0,PVL,0.8333333333333334,0.0,1.0,PVL,0.8333333333333334,ok,True,both,negative,0
AAGTGTTTGGAGACGG-1,1,52,80,9016,8301,27670.0,30053.3333333333,23,22,0,1,0.9565217391304348,0.0,0.0434782608695652,Tumor,0.9565217391304348,True,,positive,negative,negative,negative,Immune cells,negative,baseline_immune_all_dropout,svtuner_immune_all_dropout,available_nonimmune_reference_assignment_retained,0.2693940159441917,0.2693940159441917,False,0.7306059840558083,,1.0,Endothelial cells,1.0,0.0,1.0,Endothelial cells,1.0,ok,True,both,negative,0
AAGTTGTGATGTTATA-1,1,66,106,11138,10569,35230.0,37126.6666666667,10,0,0,10,0.0,0.0,1.0,Stroma,1.0,True,,negative,negative,positive,negative,Immune cells,negative,baseline_immune_all_dropout,svtuner_immune_all_dropout,available_nonimmune_reference_assignment_retained,0.5327963190217894,0.5327963190217894,False,0.4672036809782106,,1.0,Endothelial cells,1.0,0.0,1.0,Endothelial cells,1.0,ok,True,both,negative,0
AAGTTTATGGGCCCAA-1,1,68,70,11443,7430,24766.6666666667,38143.3333333333,17,17,0,0,1.0,0.0,0.0,Tumor,1.0,True,,positive,negative,negative,negative,Immune cells,negative,baseline_immune_all_dropout,svtuner_immune_all_dropout,available_nonimmune_reference_assignment_retained,0.3224458063429397,0.3224458063429397,False,0.6775541936570604,,1.0,Fibroblasts,1.0,0.0,1.0,Fibroblasts,1.0,ok,True,both,negative,0
AATAACACTAGAACAA-1,1,52,38,9018,4639,15463.3333333333,30060.0,15,9,1,5,0.6,0.0666666666666666,0.3333333333333333,Tumor,0.6,True,,positive,negative,ambiguous,negative,Immune cells,negative,baseline_immune_all_dropout,svtuner_immune_all_dropout,available_nonimmune_reference_assignment_retained,0.3545272632265946,0.3545272632265946,False,0.6454727367734054,,1.0,PVL,1.0,0.0,1.0,PVL,1.0,ok,True,both,negative,0
AATAATCTTCGTATCG-1,1,52,122,9013,11962,39873.3333333333,30043.3333333333,23,22,1,0,0.9565217391304348,0.0434782608695652,0.0,Tumor,0.9565217391304348,True,,positive,negative,negative,negative,Immune cells,negative,baseline_immune_all_dropout,svtuner_immune_all_dropout,available_nonimmune_reference_assignment_retained,0.4896256841956006,0.4896256841956006,False,0.5103743158043994,,1.0,Epithelial cells,1.0,0.0,1.0,Epithelial cells,1.0,ok,True,both,negative,0
AATACCGGAGGGCTGT-1,1,67,37,11294,4553,15176.6666666667,37646.6666666667,17,17,0,0,1.0,0.0,0.0,Tumor,1.0,True,,positive,negative,negative,negative,Immune cells,negative,baseline_immune_all_dropout,svtuner_immune_all_dropout,available_nonimmune_reference_assignment_retained,0.3381325021363555,0.3381325021363555,False,0.6618674978636445,,1.0,Fibroblasts,0.8,0.0,1.0,Fibroblasts,0.8,ok,True,both,negative,0
AATAGAACAGAGTGGC-1,1,52,46,9018,5336,17786.6666666667,30060.0,24,24,0,0,1.0,0.0,0.0,Tumor,1.0,True,,positive,negative,negative,negative,Immune cells,negative,baseline_immune_all_dropout,svtuner_immune_all_dropout,available_nonimmune_reference_assignment_retained,0.3109087854574777,0.3109087854574777,False,0.6890912145425223,,1.0,Endothelial cells,0.8333333333333334,0.0,1.0,Endothelial cells,0.8333333333333334,ok,True,both,negative,0
AATAGAATCTGTTTCA-1,1,48,86,8409,8823,29410.0,28030.0,25,20,0,5,0.8,0.0,0.2,Tumor,0.8,True,,positive,negative,negative,negative,Immune cells,negative,baseline_immune_all_dropout,svtuner_immune_all_dropout,available_nonimmune_reference_assignment_retained,0.253481921225324,0.253481921225324,False,0.746518078774676,,1.0,Epithelial cells,1.0,0.0,1.0,Epithelial cells,1.0,ok,True,both,negative,0
AATATCGAATCAATGC-1,1,49,109,8559,10829,36096.6666666667,28530.0,31,31,0,0,1.0,0.0,0.0,Tumor,1.0,True,,positive,negative,negative,negative,Immune cells,negative,baseline_immune_all_dropout,svtuner_immune_all_dropout,available_nonimmune_reference_assignment_retained,0.2491169758774101,0.2491169758774101,False,0.7508830241225899,,1.0,Epithelial cells,1.0,0.0,1.0,Epithelial cells,1.0,ok,True,both,negative,0
AATATCGAGGGTTCTC-1,1,27,101,5222,10129,33763.3333333333,17406.6666666667,28,28,0,0,1.0,0.0,0.0,Tumor,1.0,True,,positive,negative,negative,negative,Immune cells,negative,baseline_immune_all_dropout,svtuner_immune_all_dropout,available_nonimmune_reference_assignment_retained,0.4073154161225298,0.4073154161225298,False,0.5926845838774701,,1.0,PVL,1.0,0.0,1.0,PVL,1.0,ok,True,both,negative,0
AATCAGGTTTCATTTA-1,1,69,33,11597,4205,14016.6666666667,38656.6666666667,22,22,0,0,1.0,0.0,0.0,Tumor,1.0,True,,positive,negative,negative,negative,Immune cells,negative,baseline_immune_all_dropout,svtuner_immune_all_dropout,available_nonimmune_reference_assignment_retained,0.2964310529315009,0.2964310529315009,False,0.7035689470684992,,1.0,Epithelial cells,1.0,0.0,1.0,Epithelial cells,1.0,ok,True,both,negative,0
AATCATGTAAAGACTC-1,1,54,98,9318,9870,32900.0,31060.0,26,25,0,1,0.9615384615384616,0.0,0.0384615384615384,Tumor,0.9615384615384616,True,,positive,negative,negative,negative,Immune cells,negative,baseline_immune_all_dropout,svtuner_immune_all_dropout,available_nonimmune_reference_assignment_retained,0.4681964832210152,0.4681964832210152,False,0.5318035167789847,,1.0,Fibroblasts,0.75,0.0,1.0,Fibroblasts,0.75,ok,True,both,negative,0
AATCGCCTCAGCGCCA-1,1,39,79,7044,8212,27373.3333333333,23480.0,22,17,0,5,0.7727272727272727,0.0,0.2272727272727272,Tumor,0.7727272727272727,True,,positive,negative,ambiguous,negative,Immune cells,negative,baseline_immune_all_dropout,svtuner_immune_all_dropout,available_nonimmune_reference_assignment_retained,0.3059213786837405,0.3059213786837405,False,0.6940786213162595,,1.0,Fibroblasts,1.0,0.0,1.0,Fibroblasts,1.0,ok,True,both,negative,0
AATCGCGCAGAGGACT-1,1,42,114,7497,11264,37546.6666666667,24990.0,22,22,0,0,1.0,0.0,0.0,Tumor,1.0,True,,positive,negative,negative,negative,Immune cells,negative,baseline_immune_all_dropout,svtuner_immune_all_dropout,available_nonimmune_reference_assignment_retained,0.4761747523296968,0.4761747523296968,False,0.5238252476703031,,1.0,Epithelial cells,0.6666666666666666,0.0,1.0,Epithelial cells,0.6666666666666666,ok,True,both,negative,0
AATCGTGAGCCGAGCA-1,1,67,83,11291,8564,28546.6666666667,37636.6666666667,19,19,0,0,1.0,0.0,0.0,Tumor,1.0,True,,positive,negative,negative,negative,Immune cells,negative,baseline_immune_all_dropout,svtuner_immune_all_dropout,available_nonimmune_reference_assignment_retained,0.3493686109404351,0.3493686109404351,False,0.650631389059565,,1.0,Endothelial cells,1.0,0.0,1.0,Endothelial cells,1.0,ok,True,both,negative,0
AATCTATGCCGGAGCC-1,1,26,110,5070,10914,36380.0,16900.0,34,33,1,0,0.9705882352941176,0.0294117647058823,0.0,Tumor,0.9705882352941176,True,,positive,negative,negative,negative,Immune cells,negative,baseline_immune_all_dropout,svtuner_immune_all_dropout,available_nonimmune_reference_assignment_retained,0.6121720272911189,0.6121720272911189,False,0.3878279727088811,,1.0,Fibroblasts,1.0,0.0,1.0,Fibroblasts,1.0,ok,True,both,negative,0
AATCTGCGTTGGGACG-1,1,32,92,5981,9345,31150.0,19936.6666666667,26,26,0,0,1.0,0.0,0.0,Tumor,1.0,True,,positive,negative,negative,negative,Immune cells,negative,baseline_immune_all_dropout,svtuner_immune_all_dropout,available_nonimmune_reference_assignment_retained,0.3152403550539218,0.3152403550539218,False,0.6847596449460782,,1.0,Epithelial cells,1.0,0.0,1.0,Epithelial cells,1.0,ok,True,both,negative,0
AATGACAGCAATGTCT-1,1,48,30,8412,3941,13136.6666666667,28040.0,27,17,1,9,0.6296296296296297,0.037037037037037,0.3333333333333333,Tumor,0.6296296296296297,True,,positive,negative,ambiguous,negative,Immune cells,negative,baseline_immune_all_dropout,svtuner_immune_all_dropout,available_nonimmune_reference_assignment_retained,0.3229480362698699,0.3229480362698699,False,0.6770519637301301,,1.0,PVL,1.0,0.0,1.0,PVL,1.0,ok,True,both,negative,0
AATGACGTAGGATGTC-1,1,44,78,7802,8125,27083.3333333333,26006.6666666667,18,18,0,0,1.0,0.0,0.0,Tumor,1.0,True,,positive,negative,negative,negative,Immune cells,negative,baseline_immune_all_dropout,svtuner_immune_all_dropout,available_nonimmune_reference_assignment_retained,0.288670654135316,0.288670654135316,False,0.711329345864684,,1.0,Epithelial cells,1.0,0.0,1.0,Epithelial cells,1.0,ok,True,both,negative,0
AATGATGCGACTCCTG-1,1,25,101,4919,10129,33763.3333333333,16396.6666666667,32,30,2,0,0.9375,0.0625,0.0,Tumor,0.9375,True,,positive,negative,negative,negative,Immune cells,negative,baseline_immune_all_dropout,svtuner_immune_all_dropout,available_nonimmune_reference_assignment_retained,0.2834600828201785,0.2834600828201785,False,0.7165399171798215,,1.0,Endothelial cells,1.0,0.0,1.0,Endothelial cells,1.0,ok,True,both,negative,0
AATGTGCCCGAGGTGT-1,1,55,27,9474,3680,12266.6666666667,31580.0,10,0,1,9,0.0,0.1,0.9,Stroma,0.9,True,,negative,negative,positive,negative,Immune cells,negative,baseline_immune_all_dropout,svtuner_immune_all_dropout,available_nonimmune_reference_assignment_retained,0.5056934764670837,0.5056934764670837,False,0.4943065235329162,,1.0,PVL,1.0,0.0,1.0,PVL,1.0,ok,True,both,negative,0
AATGTGCTAATCTGAG-1,1,66,32,11142,4117,13723.3333333333,37140.0,14,2,12,0,0.1428571428571428,0.8571428571428571,0.0,Immune cells,0.8571428571428571,True,,negative,positive,negative,positive,Immune cells,positive,baseline_immune_all_dropout,svtuner_immune_all_dropout,available_nonimmune_reference_assignment_retained,0.4091204105774969,0.4091204105774969,False,0.5908795894225032,,1.0,Fibroblasts,1.0,0.0,1.0,Fibroblasts,1.0,ok,True,both,positive,1
AATGTTGTCGTGAGAC-1,1,68,108,11441,10743,35810.0,38136.6666666667,14,14,0,0,1.0,0.0,0.0,Tumor,1.0,True,,positive,negative,negative,negative,Immune cells,negative,baseline_immune_all_dropout,svtuner_immune_all_dropout,available_nonimmune_reference_assignment_retained,0.4239936294032812,0.4239936294032812,False,0.5760063705967188,,1.0,Epithelial cells,1.0,0.0,1.0,Epithelial cells,1.0,ok,True,both,negative,0
AATTAAAGGTCGGCGT-1,1,40,50,7197,5684,18946.6666666667,23990.0,19,1,17,1,0.0526315789473684,0.8947368421052632,0.0526315789473684,Immune cells,0.8947368421052632,True,,negative,positive,negative,positive,Immune cells,positive,baseline_immune_all_dropout,svtuner_immune_all_dropout,reference_unrepresented_withheld_by_stage3b,0.6403685858789566,0.6403685858789566,True,0.3596314141210434,,0.0,__withheld_reference_unrepresented__,0.0,0.0,1.0,Fibroblasts,0.75,ok,True,both,positive,1
AATTAACGGATTTCCA-1,1,58,66,9927,7081,23603.3333333333,33090.0,20,19,1,0,0.95,0.05,0.0,Tumor,0.95,True,,positive,negative,negative,negative,Immune cells,negative,baseline_immune_all_dropout,svtuner_immune_all_dropout,available_nonimmune_reference_assignment_retained,0.3886866875476284,0.3886866875476284,False,0.6113133124523715,,1.0,Endothelial cells,1.0,0.0,1.0,Endothelial cells,1.0,ok,True,both,negative,0
AATTAGCGCTGCAGCG-1,1,51,63,8865,6818,22726.6666666667,29550.0,21,21,0,0,1.0,0.0,0.0,Tumor,1.0,True,,positive,negative,negative,negative,Immune cells,negative,baseline_immune_all_dropout,svtuner_immune_all_dropout,available_nonimmune_reference_assignment_retained,0.4206207805026924,0.4206207805026924,False,0.5793792194973075,,1.0,Endothelial cells,0.5,0.0,1.0,Endothelial cells,0.5,ok,True,both,negative,0
AATTCCAAGCATGTAC-1,1,66,58,11141,6384,21280.0,37136.6666666667,12,9,2,1,0.75,0.1666666666666666,0.0833333333333333,Tumor,0.75,True,,positive,negative,negative,negative,Immune cells,negative,baseline_immune_all_dropout,svtuner_immune_all_dropout,available_nonimmune_reference_assignment_retained,0.4292320001166335,0.4292320001166335,False,0.5707679998833666,,1.0,Epithelial cells,0.5,0.0,1.0,Epithelial cells,0.5,ok,True,both,negative,0
AATTCGATTCGAGGAT-1,1,66,76,11140,7953,26510.0,37133.3333333333,20,20,0,0,1.0,0.0,0.0,Tumor,1.0,True,,positive,negative,negative,negative,Immune cells,negative,baseline_immune_all_dropout,svtuner_immune_all_dropout,available_nonimmune_reference_assignment_retained,0.3753967484615554,0.3753967484615554,False,0.6246032515384445,,1.0,Endothelial cells,0.4,0.0,1.0,Endothelial cells,0.4,ok,True,both,negative,0
AATTCTAGAGTTAGGC-1,1,49,63,8562,6818,22726.6666666667,28540.0,23,22,1,0,0.9565217391304348,0.0434782608695652,0.0,Tumor,0.9565217391304348,True,,positive,negative,negative,negative,Immune cells,negative,baseline_immune_all_dropout,svtuner_immune_all_dropout,available_nonimmune_reference_assignment_retained,0.4057149913461136,0.4057149913461136,False,0.5942850086538864,,1.0,Epithelial cells,1.0,0.0,1.0,Epithelial cells,1.0,ok,True,both,negative,0
AATTGAACGCTCTGGT-1,1,45,83,7954,8561,28536.6666666667,26513.3333333333,23,13,4,6,0.5652173913043478,0.1739130434782608,0.2608695652173913,Tumor,0.5652173913043478,True,,ambiguous,negative,ambiguous,negative,Immune cells,negative,baseline_immune_all_dropout,svtuner_immune_all_dropout,available_nonimmune_reference_assignment_retained,0.3748939627030833,0.3748939627030833,False,0.6251060372969167,,1.0,Endothelial cells,1.0,0.0,1.0,Endothelial cells,1.0,ok,True,both,negative,0
AATTGCAGCAATCGAC-1,1,64,102,10835,10220,34066.6666666667,36116.6666666667,6,0,1,5,0.0,0.1666666666666666,0.8333333333333334,Stroma,0.8333333333333334,True,,negative,negative,positive,negative,Immune cells,negative,baseline_immune_all_dropout,svtuner_immune_all_dropout,available_nonimmune_reference_assignment_retained,0.5427759394685787,0.5427759394685787,False,0.4572240605314213,,1.0,Endothelial cells,1.0,0.0,1.0,Endothelial cells,1.0,ok,True,both,negative,0
ACAAAGCATGACCTAG-1,1,63,97,10683,9784,32613.3333333333,35610.0,18,18,0,0,1.0,0.0,0.0,Tumor,1.0,True,,positive,negative,negative,negative,Immune cells,negative,baseline_immune_all_dropout,svtuner_immune_all_dropout,available_nonimmune_reference_assignment_retained,0.3169843134688961,0.3169843134688961,False,0.6830156865311039,,1.0,PVL,0.8333333333333334,0.0,1.0,PVL,0.8333333333333334,ok,True,both,negative,0
ACAAATCGCACCGAAT-1,1,50,82,8712,8475,28250.0,29040.0,27,27,0,0,1.0,0.0,0.0,Tumor,1.0,True,,positive,negative,negative,negative,Immune cells,negative,baseline_immune_all_dropout,svtuner_immune_all_dropout,available_nonimmune_reference_assignment_retained,0.2787771953569183,0.2787771953569183,False,0.7212228046430817,,1.0,Fibroblasts,1.0,0.0,1.0,Fibroblasts,1.0,ok,True,both,negative,0
ACAAATGGTAGTGTTT-1,1,44,84,7802,8649,28830.0,26006.6666666667,23,22,0,1,0.9565217391304348,0.0,0.0434782608695652,Tumor,0.9565217391304348,True,,positive,negative,negative,negative,Immune cells,negative,baseline_immune_all_dropout,svtuner_immune_all_dropout,available_nonimmune_reference_assignment_retained,0.2632254361319984,0.2632254361319984,False,0.7367745638680017,,1.0,Fibroblasts,1.0,0.0,1.0,Fibroblasts,1.0,ok,True,both,negative,0
ACAAGGAAATCCGCCC-1,1,49,75,8561,7864,26213.3333333333,28536.6666666667,23,23,0,0,1.0,0.0,0.0,Tumor,1.0,True,,positive,negative,negative,negative,Immune cells,negative,baseline_immune_all_dropout,svtuner_immune_all_dropout,available_nonimmune_reference_assignment_retained,0.3104301495471799,0.3104301495471799,False,0.68956985045282,,1.0,Endothelial cells,1.0,0.0,1.0,Endothelial cells,1.0,ok,True,both,negative,0
ACAAGGATGCTTTAGG-1,1,61,87,10381,8912,29706.6666666667,34603.3333333333,27,27,0,0,1.0,0.0,0.0,Tumor,1.0,True,,positive,negative,negative,negative,Immune cells,negative,baseline_immune_all_dropout,svtuner_immune_all_dropout,available_nonimmune_reference_assignment_retained,0.2846603094972779,0.2846603094972779,False,0.7153396905027221,,1.0,PVL,1.0,0.0,1.0,PVL,1.0,ok,True,both,negative,0
ACAAGGGCAGGCTCTG-1,1,44,76,7802,7951,26503.3333333333,26006.6666666667,25,25,0,0,1.0,0.0,0.0,Tumor,1.0,True,,positive,negative,negative,negative,Immune cells,negative,baseline_immune_all_dropout,svtuner_immune_all_dropout,available_nonimmune_reference_assignment_retained,0.2358497371576179,0.2358497371576179,False,0.7641502628423821,,1.0,Epithelial cells,0.7142857142857143,0.0,1.0,Epithelial cells,0.7142857142857143,ok,True,both,negative,0
ACAATGAATACGGAGA-1,1,57,31,9777,4029,13430.0,32590.0,30,30,0,0,1.0,0.0,0.0,Tumor,1.0,True,,positive,negative,negative,negative,Immune cells,negative,baseline_immune_all_dropout,svtuner_immune_all_dropout,available_nonimmune_reference_assignment_retained,0.1323625988322939,0.1323625988322939,False,0.8676374011677062,,1.0,Epithelial cells,0.6666666666666666,0.0,1.0,Epithelial cells,0.6666666666666666,ok,True,both,negative,0
ACAATTGTGTCTCTTT-1,1,51,97,8863,9783,32610.0,29543.3333333333,28,28,0,0,1.0,0.0,0.0,Tumor,1.0,True,,positive,negative,negative,negative,Immune cells,negative,baseline_immune_all_dropout,svtuner_immune_all_dropout,available_nonimmune_reference_assignment_retained,0.3599179918320302,0.3599179918320302,False,0.6400820081679698,,1.0,Epithelial cells,1.0,0.0,1.0,Epithelial cells,1.0,ok,True,both,negative,0
ACAATTTGGCCATATT-1,1,43,123,7648,12049,40163.3333333333,25493.3333333333,31,31,0,0,1.0,0.0,0.0,Tumor,1.0,True,,positive,negative,negative,negative,Immune cells,negative,baseline_immune_all_dropout,svtuner_immune_all_dropout,available_nonimmune_reference_assignment_retained,0.510754915574933,0.510754915574933,False,0.489245084425067,,1.0,Epithelial cells,1.0,0.0,1.0,Epithelial cells,1.0,ok,True,both,negative,0
ACACACCAGGACCAGT-1,1,44,90,7802,9172,30573.3333333333,26006.6666666667,24,24,0,0,1.0,0.0,0.0,Tumor,1.0,True,,positive,negative,negative,negative,Immune cells,negative,baseline_immune_all_dropout,svtuner_immune_all_dropout,available_nonimmune_reference_assignment_retained,0.2442717888637995,0.2442717888637995,False,0.7557282111362005,,1.0,Endothelial cells,0.8333333333333334,0.0,1.0,Endothelial cells,0.8333333333333334,ok,True,both,negative,0
ACACATTTCCGTAGAC-1,1,73,67,12202,7169,23896.6666666667,40673.3333333333,21,1,20,0,0.0476190476190476,0.9523809523809524,0.0,Immune cells,0.9523809523809524,True,,negative,positive,negative,positive,Immune cells,positive,baseline_immune_all_dropout,svtuner_immune_all_dropout,reference_unrepresented_withheld_by_stage3b,0.5249126129131143,0.5249126129131143,True,0.4750873870868857,,0.0,__withheld_reference_unrepresented__,0.0,0.0,1.0,Endothelial cells,1.0,ok,True,both,positive,1
ACACCACATAATTAGC-1,1,31,117,5828,11524,38413.3333333333,19426.6666666667,31,31,0,0,1.0,0.0,0.0,Tumor,1.0,True,,positive,negative,negative,negative,Immune cells,negative,baseline_immune_all_dropout,svtuner_immune_all_dropout,available_nonimmune_reference_assignment_retained,0.4628114945492226,0.4628114945492226,False,0.5371885054507775,,1.0,PVL,1.0,0.0,1.0,PVL,1.0,ok,True,both,negative,0
ACACCTTACTACTTGC-1,1,41,111,7345,11002,36673.3333333333,24483.3333333333,31,31,0,0,1.0,0.0,0.0,Tumor,1.0,True,,positive,negative,negative,negative,Immune cells,negative,baseline_immune_all_dropout,svtuner_immune_all_dropout,available_nonimmune_reference_assignment_retained,0.5122845371797792,0.5122845371797792,False,0.4877154628202208,,1.0,PVL,1.0,0.0,1.0,PVL,1.0,ok,True,both,negative,0
ACACGTAGGCCACAAG-1,1,58,110,9924,10917,36390.0,33080.0,15,6,0,9,0.4,0.0,0.6,Stroma,0.6,True,,ambiguous,negative,positive,negative,Immune cells,negative,baseline_immune_all_dropout,svtuner_immune_all_dropout,available_nonimmune_reference_assignment_retained,0.3896429874456478,0.3896429874456478,False,0.6103570125543523,,1.0,Fibroblasts,1.0,0.0,1.0,Fibroblasts,1.0,ok,True,both,negative,0
ACACTGATCAAGGTGT-1,1,52,48,9017,5511,18370.0,30056.6666666667,27,24,3,0,0.8888888888888888,0.1111111111111111,0.0,Tumor,0.8888888888888888,True,,positive,negative,negative,negative,Immune cells,negative,baseline_immune_all_dropout,svtuner_immune_all_dropout,available_nonimmune_reference_assignment_retained,0.4445268054017326,0.4445268054017326,False,0.5554731945982674,,1.0,PVL,1.0,0.0,1.0,PVL,1.0,ok,True,both,negative,0
ACACTGGGACAGTCGT-1,1,59,115,10076,11353,37843.3333333333,33586.6666666667,17,17,0,0,1.0,0.0,0.0,Tumor,1.0,True,,positive,negative,negative,negative,Immune cells,negative,baseline_immune_all_dropout,svtuner_immune_all_dropout,available_nonimmune_reference_assignment_retained,0.3316875103305984,0.3316875103305984,False,0.6683124896694016,,1.0,Endothelial cells,1.0,0.0,1.0,Endothelial cells,1.0,ok,True,both,negative,0
ACAGCGACATTCTCAT-1,1,59,99,10077,9958,33193.3333333333,33590.0,20,20,0,0,1.0,0.0,0.0,Tumor,1.0,True,,positive,negative,negative,negative,Immune cells,negative,baseline_immune_all_dropout,svtuner_immune_all_dropout,available_nonimmune_reference_assignment_retained,0.4639472748542161,0.4639472748542161,False,0.5360527251457838,,1.0,Epithelial cells,1.0,0.0,1.0,Epithelial cells,1.0,ok,True,both,negative,0
ACAGGCACGGATCCTT-1,1,69,95,11594,9610,32033.3333333333,38646.6666666667,20,20,0,0,1.0,0.0,0.0,Tumor,1.0,True,,positive,negative,negative,negative,Immune cells,negative,baseline_immune_all_dropout,svtuner_immune_all_dropout,available_nonimmune_reference_assignment_retained,0.3990411549413186,0.3990411549413186,False,0.6009588450586814,,1.0,PVL,0.5,0.0,1.0,PVL,0.5,ok,True,both,negative,0
ACAGGCTTGCCCGACT-1,1,53,87,9167,8911,29703.3333333333,30556.6666666667,27,25,1,1,0.925925925925926,0.037037037037037,0.037037037037037,Tumor,0.925925925925926,True,,positive,negative,negative,negative,Immune cells,negative,baseline_immune_all_dropout,svtuner_immune_all_dropout,available_nonimmune_reference_assignment_retained,0.2982843843646232,0.2982843843646232,False,0.7017156156353768,,1.0,Epithelial cells,1.0,0.0,1.0,Epithelial cells,1.0,ok,True,both,negative,0
ACAGGTGGAGGTGAGG-1,1,51,39,8866,4726,15753.3333333333,29553.3333333333,26,25,1,0,0.9615384615384616,0.0384615384615384,0.0,Tumor,0.9615384615384616,True,,positive,negative,negative,negative,Immune cells,negative,baseline_immune_all_dropout,svtuner_immune_all_dropout,available_nonimmune_reference_assignment_retained,0.2711506985094554,0.2711506985094554,False,0.7288493014905446,,1.0,Endothelial cells,1.0,0.0,1.0,Endothelial cells,1.0,ok,True,both,negative,0
ACAGTATACCGTGGGA-1,1,19,119,4008,11698,38993.3333333333,13360.0,38,38,0,0,1.0,0.0,0.0,Tumor,1.0,True,,positive,negative,negative,negative,Immune cells,negative,baseline_immune_all_dropout,svtuner_immune_all_dropout,available_nonimmune_reference_assignment_retained,0.2699962963304178,0.2699962963304178,False,0.7300037036695822,,1.0,Endothelial cells,0.5,0.0,1.0,Endothelial cells,0.5,ok,True,both,negative,0
ACATCCCGGCCATACG-1,1,55,57,9472,6296,20986.6666666667,31573.3333333333,19,3,14,2,0.1578947368421052,0.7368421052631579,0.1052631578947368,Immune cells,0.7368421052631579,True,,negative,positive,negative,positive,Immune cells,positive,baseline_immune_all_dropout,svtuner_immune_all_dropout,available_nonimmune_reference_assignment_retained,0.491042014250013,0.491042014250013,False,0.5089579857499871,,1.0,Endothelial cells,0.6666666666666666,0.0,1.0,Endothelial cells,0.6666666666666666,ok,True,both,positive,1
ACATCCTGGTAACTGT-1,1,42,102,7498,10218,34060.0,24993.3333333333,32,32,0,0,1.0,0.0,0.0,Tumor,1.0,True,,positive,negative,negative,negative,Immune cells,negative,baseline_immune_all_dropout,svtuner_immune_all_dropout,available_nonimmune_reference_assignment_retained,0.2798351297292587,0.2798351297292587,False,0.7201648702707413,,1.0,Epithelial cells,1.0,0.0,1.0,Epithelial cells,1.0,ok,True,both,negative,0
ACATCGATCGTTTACC-1,1,42,62,7500,6730,22433.3333333333,25000.0,29,29,0,0,1.0,0.0,0.0,Tumor,1.0,True,,positive,negative,negative,negative,Immune cells,negative,baseline_immune_all_dropout,svtuner_immune_all_dropout,available_nonimmune_reference_assignment_retained,0.3414477285277709,0.3414477285277709,False,0.6585522714722292,,1.0,Epithelial cells,1.0,0.0,1.0,Epithelial cells,1.0,ok,True,both,negative,0
ACATCGGTCAGCCGCG-1,1,41,37,7349,4551,15170.0,24496.6666666667,24,24,0,0,1.0,0.0,0.0,Tumor,1.0,True,,positive,negative,negative,negative,Immune cells,negative,baseline_immune_all_dropout,svtuner_immune_all_dropout,available_nonimmune_reference_assignment_retained,0.2294503133760128,0.2294503133760128,False,0.7705496866239872,,1.0,Epithelial cells,1.0,0.0,1.0,Epithelial cells,1.0,ok,True,both,negative,0
ACATCGTATGCAATGG-1,1,45,81,7954,8387,27956.6666666667,26513.3333333333,30,30,0,0,1.0,0.0,0.0,Tumor,1.0,True,,positive,negative,negative,negative,Immune cells,negative,baseline_immune_all_dropout,svtuner_immune_all_dropout,available_nonimmune_reference_assignment_retained,0.4698486237708946,0.4698486237708946,False,0.5301513762291055,,1.0,Epithelial cells,1.0,0.0,1.0,Epithelial cells,1.0,ok,True,both,negative,0
ACATGGCGCCAAAGTA-1,1,40,104,7194,10392,34640.0,23980.0,25,25,0,0,1.0,0.0,0.0,Tumor,1.0,True,,positive,negative,negative,negative,Immune cells,negative,baseline_immune_all_dropout,svtuner_immune_all_dropout,available_nonimmune_reference_assignment_retained,0.4814340750011209,0.4814340750011209,False,0.5185659249988791,,1.0,Endothelial cells,0.6666666666666666,0.0,1.0,Endothelial cells,0.6666666666666666,ok,True,both,negative,0
ACATTAGTTTATATCC-1,1,51,61,8865,6644,22146.6666666667,29550.0,14,14,0,0,1.0,0.0,0.0,Tumor,1.0,True,,positive,negative,negative,negative,Immune cells,negative,baseline_immune_all_dropout,svtuner_immune_all_dropout,available_nonimmune_reference_assignment_retained,0.4414896651596693,0.4414896651596693,False,0.5585103348403306,,1.0,Fibroblasts,1.0,0.0,1.0,Fibroblasts,1.0,ok,True,both,negative,0
ACCAACGCTTATTTAT-1,1,53,49,9169,5598,18660.0,30563.3333333333,21,21,0,0,1.0,0.0,0.0,Tumor,1.0,True,,positive,negative,negative,negative,Immune cells,negative,baseline_immune_all_dropout,svtuner_immune_all_dropout,available_nonimmune_reference_assignment_retained,0.4040143461300388,0.4040143461300388,False,0.5959856538699613,,1.0,PVL,1.0,0.0,1.0,PVL,1.0,ok,True,both,negative,0
ACCAATATGCAAGTTA-1,1,56,78,9623,8127,27090.0,32076.6666666667,8,6,1,1,0.75,0.125,0.125,Tumor,0.75,True,,positive,negative,negative,negative,Immune cells,negative,baseline_immune_all_dropout,svtuner_immune_all_dropout,available_nonimmune_reference_assignment_retained,0.3972409067068643,0.3972409067068643,False,0.6027590932931357,,1.0,PVL,0.8,0.0,1.0,PVL,0.8,ok,True,both,negative,0
ACCACAAGTTTCTATC-1,1,30,54,5680,6032,20106.6666666667,18933.3333333333,2,0,0,2,0.0,0.0,1.0,Stroma,1.0,True,,negative,negative,positive,negative,Immune cells,negative,baseline_immune_all_dropout,svtuner_immune_all_dropout,reference_unrepresented_withheld_by_stage3b,0.7275531366523952,0.7275531366523952,True,0.2724468633476048,,0.0,__withheld_reference_unrepresented__,0.0,0.0,1.0,Endothelial cells,1.0,ok,True,both,negative,0
ACCACCAATGTAACAA-1,1,41,107,7346,10653,35510.0,24486.6666666667,20,20,0,0,1.0,0.0,0.0,Tumor,1.0,True,,positive,negative,negative,negative,Immune cells,negative,baseline_immune_all_dropout,svtuner_immune_all_dropout,available_nonimmune_reference_assignment_retained,0.3792027202614583,0.3792027202614583,False,0.6207972797385417,,1.0,Epithelial cells,1.0,0.0,1.0,Epithelial cells,1.0,ok,True,both,negative,0
ACCACCCTCTCTTCTA-1,1,23,121,4614,11872,39573.3333333333,15380.0,28,28,0,0,1.0,0.0,0.0,Tumor,1.0,True,,positive,negative,negative,negative,Immune cells,negative,baseline_immune_all_dropout,svtuner_immune_all_dropout,available_nonimmune_reference_assignment_retained,0.4175096785066824,0.4175096785066824,False,0.5824903214933176,,1.0,PVL,1.0,0.0,1.0,PVL,1.0,ok,True,both,negative,0
ACCACGTGCAGCTATA-1,1,48,76,8409,7951,26503.3333333333,28030.0,21,21,0,0,1.0,0.0,0.0,Tumor,1.0,True,,positive,negative,negative,negative,Immune cells,negative,baseline_immune_all_dropout,svtuner_immune_all_dropout,available_nonimmune_reference_assignment_retained,0.2391915133706588,0.2391915133706588,False,0.7608084866293412,,1.0,Epithelial cells,1.0,0.0,1.0,Epithelial cells,1.0,ok,True,both,negative,0
ACCAGTGCGGGAGACG-1,1,48,94,8408,9521,31736.6666666667,28026.6666666667,30,30,0,0,1.0,0.0,0.0,Tumor,1.0,True,,positive,negative,negative,negative,Immune cells,negative,baseline_immune_all_dropout,svtuner_immune_all_dropout,available_nonimmune_reference_assignment_retained,0.2403074741540623,0.2403074741540623,False,0.7596925258459377,,1.0,Epithelial cells,1.0,0.0,1.0,Epithelial cells,1.0,ok,True,both,negative,0
ACCATATCCGCAATAA-1,1,38,56,6893,6207,20690.0,22976.6666666667,20,15,4,1,0.75,0.2,0.05,Tumor,0.75,True,,positive,negative,negative,negative,Immune cells,negative,baseline_immune_all_dropout,svtuner_immune_all_dropout,reference_unrepresented_withheld_by_stage3b,0.5147144496411318,0.5147144496411318,True,0.4852855503588682,,0.0,__withheld_reference_unrepresented__,0.0,0.0,1.0,Fibroblasts,1.0,ok,True,both,negative,0
ACCATCGTATATGGTA-1,1,42,42,7501,4987,16623.3333333333,25003.3333333333,13,9,0,4,0.6923076923076923,0.0,0.3076923076923077,Tumor,0.6923076923076923,True,,positive,negative,ambiguous,negative,Immune cells,negative,baseline_immune_all_dropout,svtuner_immune_all_dropout,available_nonimmune_reference_assignment_retained,0.2467473713114113,0.2467473713114113,False,0.7532526286885887,,1.0,Endothelial cells,0.3333333333333333,0.0,1.0,Endothelial cells,0.3333333333333333,ok,True,both,negative,0
ACCCATCTTGAGGGTA-1,1,37,37,6743,4550,15166.6666666667,22476.6666666667,18,17,1,0,0.9444444444444444,0.0555555555555555,0.0,Tumor,0.9444444444444444,True,,positive,negative,negative,negative,Immune cells,negative,baseline_immune_all_dropout,svtuner_immune_all_dropout,available_nonimmune_reference_assignment_retained,0.2217464794172833,0.2217464794172833,False,0.7782535205827167,,1.0,Epithelial cells,0.7142857142857143,0.0,1.0,Epithelial cells,0.7142857142857143,ok,True,both,negative,0
ACCCGAGCGAAATTAC-1,1,61,29,10384,3855,12850.0,34613.3333333333,27,19,2,6,0.7037037037037037,0.074074074074074,0.2222222222222222,Tumor,0.7037037037037037,True,,positive,negative,ambiguous,negative,Immune cells,negative,baseline_immune_all_dropout,svtuner_immune_all_dropout,available_nonimmune_reference_assignment_retained,0.3364444136876938,0.3364444136876938,False,0.6635555863123062,,1.0,Fibroblasts,1.0,0.0,1.0,Fibroblasts,1.0,ok,True,both,negative,0
ACCCGGAAACTCCCAG-1,1,57,65,9775,6993,23310.0,32583.3333333333,23,22,1,0,0.9565217391304348,0.0434782608695652,0.0,Tumor,0.9565217391304348,True,,positive,negative,negative,negative,Immune cells,negative,baseline_immune_all_dropout,svtuner_immune_all_dropout,available_nonimmune_reference_assignment_retained,0.4525325859130791,0.4525325859130791,False,0.5474674140869209,,1.0,Endothelial cells,1.0,0.0,1.0,Endothelial cells,1.0,ok,True,both,negative,0
ACCCGGAGCACCACAA-1,1,59,123,10075,12050,40166.6666666667,33583.3333333333,3,2,0,1,0.6666666666666666,0.0,0.3333333333333333,Tumor,0.6666666666666666,True,,positive,negative,ambiguous,negative,Immune cells,negative,baseline_immune_all_dropout,svtuner_immune_all_dropout,available_nonimmune_reference_assignment_retained,0.4488173739582721,0.4488173739582721,False,0.5511826260417279,,1.0,Fibroblasts,1.0,0.0,1.0,Fibroblasts,1.0,ok,True,both,negative,0
ACCCGGTTACACTTCC-1,1,42,48,7500,5510,18366.6666666667,25000.0,18,4,13,1,0.2222222222222222,0.7222222222222222,0.0555555555555555,Immune cells,0.7222222222222222,True,,ambiguous,positive,negative,positive,Immune cells,positive,baseline_immune_all_dropout,svtuner_immune_all_dropout,reference_unrepresented_withheld_by_stage3b,0.6318077639073857,0.6318077639073857,True,0.3681922360926143,,0.0,__withheld_reference_unrepresented__,0.0,0.0,1.0,Fibroblasts,1.0,ok,True,both,positive,1
ACCCTATGCCATATCG-1,1,56,40,9625,4814,16046.6666666667,32083.3333333333,26,26,0,0,1.0,0.0,0.0,Tumor,1.0,True,,positive,negative,negative,negative,Immune cells,negative,baseline_immune_all_dropout,svtuner_immune_all_dropout,available_nonimmune_reference_assignment_retained,0.3183822556667764,0.3183822556667764,False,0.6816177443332236,,1.0,Endothelial cells,1.0,0.0,1.0,Endothelial cells,1.0,ok,True,both,negative,0
ACCCTCCCTTGCTATT-1,1,48,84,8409,8649,28830.0,28030.0,27,27,0,0,1.0,0.0,0.0,Tumor,1.0,True,,positive,negative,negative,negative,Immune cells,negative,baseline_immune_all_dropout,svtuner_immune_all_dropout,available_nonimmune_reference_assignment_retained,0.4041606028803799,0.4041606028803799,False,0.5958393971196201,,1.0,Epithelial cells,0.75,0.0,1.0,Epithelial cells,0.75,ok,True,both,negative,0
ACCCTGGTAACGCCCT-1,1,21,115,4311,11349,37830.0,14370.0,20,20,0,0,1.0,0.0,0.0,Tumor,1.0,True,,positive,negative,negative,negative,Immune cells,negative,baseline_immune_all_dropout,svtuner_immune_all_dropout,available_nonimmune_reference_assignment_retained,0.4217172839631204,0.4217172839631204,False,0.5782827160368795,,1.0,PVL,1.0,0.0,1.0,PVL,1.0,ok,True,both,negative,0
ACCCTTGCCTGGGTCG-1,1,16,126,3552,12308,41026.6666666667,11840.0,39,38,1,0,0.9743589743589745,0.0256410256410256,0.0,Tumor,0.9743589743589745,True,,positive,negative,negative,negative,Immune cells,negative,baseline_immune_all_dropout,svtuner_immune_all_dropout,available_nonimmune_reference_assignment_retained,0.3873114994560271,0.3873114994560271,False,0.6126885005439728,,1.0,PVL,1.0,0.0,1.0,PVL,1.0,ok,True,both,negative,0
ACCGAGTCTCCTTATT-1,1,71,79,11898,8215,27383.3333333333,39660.0,30,28,0,2,0.9333333333333332,0.0,0.0666666666666666,Tumor,0.9333333333333332,True,,positive,negative,negative,negative,Immune cells,negative,baseline_immune_all_dropout,svtuner_immune_all_dropout,available_nonimmune_reference_assignment_retained,0.3410930893030997,0.3410930893030997,False,0.6589069106969003,,1.0,Epithelial cells,0.8,0.0,1.0,Epithelial cells,0.8,ok,True,both,negative,0
ACCGATAGGCATAACC-1,1,60,118,10227,11614,38713.3333333333,34090.0,20,0,20,0,0.0,1.0,0.0,Immune cells,1.0,True,,negative,positive,negative,positive,Immune cells,positive,baseline_immune_all_dropout,svtuner_immune_all_dropout,reference_unrepresented_withheld_by_stage3b,0.6321985641706641,0.6321985641706641,True,0.3678014358293359,,0.0,__withheld_reference_unrepresented__,0.0,0.0,1.0,Fibroblasts,0.75,ok,True,both,positive,1
ACCGATATTTAATCAT-1,1,54,120,9317,11788,39293.3333333333,31056.6666666667,10,0,2,8,0.0,0.2,0.8,Stroma,0.8,True,,negative,negative,positive,negative,Immune cells,negative,baseline_immune_all_dropout,svtuner_immune_all_dropout,available_nonimmune_reference_assignment_retained,0.4388447706368713,0.4388447706368713,False,0.5611552293631288,,1.0,PVL,1.0,0.0,1.0,PVL,1.0,ok,True,both,negative,0
ACCGCAATAACTGCCT-1,1,51,79,8864,8213,27376.6666666667,29546.6666666667,27,27,0,0,1.0,0.0,0.0,Tumor,1.0,True,,positive,negative,negative,negative,Immune cells,negative,baseline_immune_all_dropout,svtuner_immune_all_dropout,available_nonimmune_reference_assignment_retained,0.2894978968521163,0.2894978968521163,False,0.7105021031478838,,1.0,Fibroblasts,1.0,0.0,1.0,Fibroblasts,1.0,ok,True,both,negative,0
ACCGCGGTGGAAGTCG-1,1,44,106,7801,10567,35223.3333333333,26003.3333333333,24,24,0,0,1.0,0.0,0.0,Tumor,1.0,True,,positive,negative,negative,negative,Immune cells,negative,baseline_immune_all_dropout,svtuner_immune_all_dropout,available_nonimmune_reference_assignment_retained,0.5692827368555399,0.5692827368555399,False,0.4307172631444601,,1.0,Endothelial cells,1.0,0.0,1.0,Endothelial cells,1.0,ok,True,both,negative,0
ACCGGGCCTTTGTTGA-1,1,46,98,8105,9869,32896.6666666667,27016.6666666667,28,28,0,0,1.0,0.0,0.0,Tumor,1.0,True,,positive,negative,negative,negative,Immune cells,negative,baseline_immune_all_dropout,svtuner_immune_all_dropout,available_nonimmune_reference_assignment_retained,0.2973996652176158,0.2973996652176158,False,0.7026003347823842,,1.0,Endothelial cells,0.6666666666666666,0.0,1.0,Endothelial cells,0.6666666666666666,ok,True,both,negative,0
ACCGTGACCACGTGGG-1,1,61,39,10383,4727,15756.6666666667,34610.0,17,13,3,1,0.7647058823529411,0.1764705882352941,0.0588235294117647,Tumor,0.7647058823529411,True,,positive,negative,negative,negative,Immune cells,negative,baseline_immune_all_dropout,svtuner_immune_all_dropout,available_nonimmune_reference_assignment_retained,0.2134848001992289,0.2134848001992289,False,0.7865151998007711,,1.0,Epithelial cells,1.0,0.0,1.0,Epithelial cells,1.0,ok,True,both,negative,0
ACCTAAGTACCTTTCA-1,1,50,30,8715,3941,13136.6666666667,29050.0,27,23,1,3,0.8518518518518519,0.037037037037037,0.1111111111111111,Tumor,0.8518518518518519,True,,positive,negative,negative,negative,Immune cells,negative,baseline_immune_all_dropout,svtuner_immune_all_dropout,available_nonimmune_reference_assignment_retained,0.2092318767329616,0.2092318767329616,False,0.7907681232670384,,1.0,PVL,1.0,0.0,1.0,PVL,1.0,ok,True,both,negative,0
ACCTACAGTATGTGGT-1,1,41,113,7345,11177,37256.6666666667,24483.3333333333,25,25,0,0,1.0,0.0,0.0,Tumor,1.0,True,,positive,negative,negative,negative,Immune cells,negative,baseline_immune_all_dropout,svtuner_immune_all_dropout,available_nonimmune_reference_assignment_retained,0.4766676054060511,0.4766676054060511,False,0.523332394593949,,1.0,Epithelial cells,1.0,0.0,1.0,Epithelial cells,1.0,ok,True,both,negative,0
ACCTCCGTTATTCACC-1,1,34,112,6283,11089,36963.3333333333,20943.3333333333,29,29,0,0,1.0,0.0,0.0,Tumor,1.0,True,,positive,negative,negative,negative,Immune cells,negative,baseline_immune_all_dropout,svtuner_immune_all_dropout,available_nonimmune_reference_assignment_retained,0.4999708134635819,0.4999708134635819,False,0.5000291865364181,,1.0,Epithelial cells,1.0,0.0,1.0,Epithelial cells,1.0,ok,True,both,negative,0
ACGACTCTAGGGCCGA-1,1,71,93,11897,9436,31453.3333333333,39656.6666666667,11,0,1,10,0.0,0.0909090909090909,0.9090909090909092,Stroma,0.9090909090909092,True,,negative,negative,positive,negative,Immune cells,negative,baseline_immune_all_dropout,svtuner_immune_all_dropout,available_nonimmune_reference_assignment_retained,0.5103737140628681,0.5103737140628681,False,0.4896262859371318,,1.0,Fibroblasts,1.0,0.0,1.0,Fibroblasts,1.0,ok,True,both,negative,0
ACGAGTACGGATGCCC-1,1,28,104,5374,10391,34636.6666666667,17913.3333333333,23,23,0,0,1.0,0.0,0.0,Tumor,1.0,True,,positive,negative,negative,negative,Immune cells,negative,baseline_immune_all_dropout,svtuner_immune_all_dropout,available_nonimmune_reference_assignment_retained,0.2819925745513276,0.2819925745513276,False,0.7180074254486724,,1.0,Fibroblasts,1.0,0.0,1.0,Fibroblasts,1.0,ok,True,both,negative,0
ACGATCATCTTGTAAA-1,1,36,102,6587,10217,34056.6666666667,21956.6666666667,31,30,1,0,0.967741935483871,0.032258064516129,0.0,Tumor,0.967741935483871,True,,positive,negative,negative,negative,Immune cells,negative,baseline_immune_all_dropout,svtuner_immune_all_dropout,available_nonimmune_reference_assignment_retained,0.3506298304169739,0.3506298304169739,False,0.6493701695830261,,1.0,Endothelial cells,1.0,0.0,1.0,Endothelial cells,1.0,ok,True,both,negative,0
ACGATGCATATGTTAT-1,1,37,43,6742,5073,16910.0,22473.3333333333,18,13,0,5,0.7222222222222222,0.0,0.2777777777777778,Tumor,0.7222222222222222,True,,positive,negative,ambiguous,negative,Immune cells,negative,baseline_immune_all_dropout,svtuner_immune_all_dropout,available_nonimmune_reference_assignment_retained,0.39975689797851,0.39975689797851,False,0.60024310202149,,1.0,Endothelial cells,1.0,0.0,1.0,Endothelial cells,1.0,ok,True,both,negative,0
ACGCAAACTAATAGAT-1,1,63,47,10686,5425,18083.3333333333,35620.0,29,29,0,0,1.0,0.0,0.0,Tumor,1.0,True,,positive,negative,negative,negative,Immune cells,negative,baseline_immune_all_dropout,svtuner_immune_all_dropout,available_nonimmune_reference_assignment_retained,0.3293187355912745,0.3293187355912745,False,0.6706812644087254,,1.0,Epithelial cells,1.0,0.0,1.0,Epithelial cells,1.0,ok,True,both,negative,0
ACGCAATCACTACAGC-1,1,25,109,4918,10826,36086.6666666667,16393.3333333333,22,22,0,0,1.0,0.0,0.0,Tumor,1.0,True,,positive,negative,negative,negative,Immune cells,negative,baseline_immune_all_dropout,svtuner_immune_all_dropout,available_nonimmune_reference_assignment_retained,0.444049009519285,0.444049009519285,False,0.555950990480715,,1.0,Endothelial cells,0.5,0.0,1.0,Endothelial cells,0.5,ok,True,both,negative,0
ACGCATACGTTTACTA-1,1,56,102,9621,10219,34063.3333333333,32070.0,12,10,0,2,0.8333333333333334,0.0,0.1666666666666666,Tumor,0.8333333333333334,True,,positive,negative,negative,negative,Immune cells,negative,baseline_immune_all_dropout,svtuner_immune_all_dropout,available_nonimmune_reference_assignment_retained,0.4002494775836075,0.4002494775836075,False,0.5997505224163925,,1.0,Endothelial cells,1.0,0.0,1.0,Endothelial cells,1.0,ok,True,both,negative,0
ACGCATTCGTGAGTAC-1,1,33,61,6135,6642,22140.0,20450.0,12,0,0,12,0.0,0.0,1.0,Stroma,1.0,True,,negative,negative,positive,negative,Immune cells,negative,baseline_immune_all_dropout,svtuner_immune_all_dropout,reference_unrepresented_withheld_by_stage3b,0.4858401118406523,0.4858401118406523,True,0.5141598881593477,,0.0,__withheld_reference_unrepresented__,0.0,0.0,1.0,Endothelial cells,0.6666666666666666,ok,True,both,negative,0
ACGCCACTCGAAACAG-1,1,75,71,12505,7518,25060.0,41683.3333333333,11,8,0,3,0.7272727272727273,0.0,0.2727272727272727,Tumor,0.7272727272727273,True,,positive,negative,ambiguous,negative,Immune cells,negative,baseline_immune_all_dropout,svtuner_immune_all_dropout,available_nonimmune_reference_assignment_retained,0.5368209542594535,0.5368209542594535,False,0.4631790457405464,,1.0,Fibroblasts,1.0,0.0,1.0,Fibroblasts,1.0,ok,True,both,negative,0
ACGCCGCTAGACGACC-1,1,43,71,7651,7515,25050.0,25503.3333333333,27,27,0,0,1.0,0.0,0.0,Tumor,1.0,True,,positive,negative,negative,negative,Immune cells,negative,baseline_immune_all_dropout,svtuner_immune_all_dropout,available_nonimmune_reference_assignment_retained,0.3916556236760748,0.3916556236760748,False,0.6083443763239251,,1.0,Endothelial cells,1.0,0.0,1.0,Endothelial cells,1.0,ok,True,both,negative,0
ACGCGAAGTCAGACGA-1,1,49,59,8562,6469,21563.3333333333,28540.0,24,19,1,4,0.7916666666666666,0.0416666666666666,0.1666666666666666,Tumor,0.7916666666666666,True,,positive,negative,negative,negative,Immune cells,negative,baseline_immune_all_dropout,svtuner_immune_all_dropout,available_nonimmune_reference_assignment_retained,0.438128199641462,0.438128199641462,False,0.561871800358538,,1.0,PVL,1.0,0.0,1.0,PVL,1.0,ok,True,both,negative,0
ACGCGCTACACAGGGT-1,1,41,31,7350,4028,13426.6666666667,24500.0,31,30,1,0,0.967741935483871,0.032258064516129,0.0,Tumor,0.967741935483871,True,,positive,negative,negative,negative,Immune cells,negative,baseline_immune_all_dropout,svtuner_immune_all_dropout,available_nonimmune_reference_assignment_retained,0.232750901662824,0.232750901662824,False,0.767249098337176,,1.0,Epithelial cells,0.7142857142857143,0.0,1.0,Epithelial cells,0.7142857142857143,ok,True,both,negative,0
ACGCGGGCCAAGGACA-1,1,34,62,6286,6730,22433.3333333333,20953.3333333333,20,16,2,2,0.8,0.1,0.1,Tumor,0.8,True,,positive,negative,negative,negative,Immune cells,negative,baseline_immune_all_dropout,svtuner_immune_all_dropout,available_nonimmune_reference_assignment_retained,0.2840368296527269,0.2840368296527269,False,0.7159631703472731,,1.0,PVL,1.0,0.0,1.0,PVL,1.0,ok,True,both,negative,0
ACGCTAGTGATACACT-1,1,28,100,5374,10042,33473.3333333333,17913.3333333333,25,25,0,0,1.0,0.0,0.0,Tumor,1.0,True,,positive,negative,negative,negative,Immune cells,negative,baseline_immune_all_dropout,svtuner_immune_all_dropout,available_nonimmune_reference_assignment_retained,0.3859425292016445,0.3859425292016445,False,0.6140574707983555,,1.0,Epithelial cells,0.8,0.0,1.0,Epithelial cells,0.8,ok,True,both,negative,0
ACGGACTCTCAAAGCG-1,1,61,75,10381,7866,26220.0,34603.3333333333,20,18,0,2,0.9,0.0,0.1,Tumor,0.9,True,,positive,negative,negative,negative,Immune cells,negative,baseline_immune_all_dropout,svtuner_immune_all_dropout,available_nonimmune_reference_assignment_retained,0.2386986471667792,0.2386986471667792,False,0.7613013528332209,,1.0,Epithelial cells,1.0,0.0,1.0,Epithelial cells,1.0,ok,True,both,negative,0
ACGGATGGTGCGGATA-1,1,57,79,9774,8214,27380.0,32580.0,18,18,0,0,1.0,0.0,0.0,Tumor,1.0,True,,positive,negative,negative,negative,Immune cells,negative,baseline_immune_all_dropout,svtuner_immune_all_dropout,available_nonimmune_reference_assignment_retained,0.3908138814499849,0.3908138814499849,False,0.6091861185500151,,1.0,Epithelial cells,1.0,0.0,1.0,Epithelial cells,1.0,ok,True,both,negative,0
ACGGCACTTGCTTGGG-1,1,52,60,9017,6557,21856.6666666667,30056.6666666667,21,21,0,0,1.0,0.0,0.0,Tumor,1.0,True,,positive,negative,negative,negative,Immune cells,negative,baseline_immune_all_dropout,svtuner_immune_all_dropout,available_nonimmune_reference_assignment_retained,0.4767798233815187,0.4767798233815187,False,0.5232201766184813,,1.0,PVL,1.0,0.0,1.0,PVL,1.0,ok,True,both,negative,0
ACGGCCAACATGGACT-1,1,53,55,9169,6121,20403.3333333333,30563.3333333333,14,14,0,0,1.0,0.0,0.0,Tumor,1.0,True,,positive,negative,negative,negative,Immune cells,negative,baseline_immune_all_dropout,svtuner_immune_all_dropout,available_nonimmune_reference_assignment_retained,0.3468752197043223,0.3468752197043223,False,0.6531247802956777,,1.0,PVL,0.6,0.0,1.0,PVL,0.6,ok,True,both,negative,0
ACGGCGACGATGGGAA-1,1,49,77,8561,8039,26796.6666666667,28536.6666666667,33,33,0,0,1.0,0.0,0.0,Tumor,1.0,True,,positive,negative,negative,negative,Immune cells,negative,baseline_immune_all_dropout,svtuner_immune_all_dropout,available_nonimmune_reference_assignment_retained,0.4384263402432222,0.4384263402432222,False,0.5615736597567778,,1.0,Epithelial cells,1.0,0.0,1.0,Epithelial cells,1.0,ok,True,both,negative,0
ACGGGCGTATGCGACA-1,1,24,118,4766,11611,38703.3333333333,15886.6666666667,28,28,0,0,1.0,0.0,0.0,Tumor,1.0,True,,positive,negative,negative,negative,Immune cells,negative,baseline_immune_all_dropout,svtuner_immune_all_dropout,available_nonimmune_reference_assignment_retained,0.3746309964524303,0.3746309964524303,False,0.6253690035475696,,1.0,PVL,1.0,0.0,1.0,PVL,1.0,ok,True,both,negative,0
ACGGTACAGTTCAATG-1,1,71,97,11897,9784,32613.3333333333,39656.6666666667,10,2,7,1,0.2,0.7,0.1,Immune cells,0.7,True,,negative,positive,negative,positive,Immune cells,positive,baseline_immune_all_dropout,svtuner_immune_all_dropout,available_nonimmune_reference_assignment_retained,0.5928132487121357,0.5928132487121357,False,0.4071867512878643,,1.0,PVL,1.0,0.0,1.0,PVL,1.0,ok,True,both,positive,1
ACGTACTTTGGCACGG-1,1,70,32,11749,4118,13726.6666666667,39163.3333333333,23,18,1,4,0.782608695652174,0.0434782608695652,0.1739130434782608,Tumor,0.782608695652174,True,,positive,negative,negative,negative,Immune cells,negative,baseline_immune_all_dropout,svtuner_immune_all_dropout,available_nonimmune_reference_assignment_retained,0.2523681480796317,0.2523681480796317,False,0.7476318519203683,,1.0,Fibroblasts,0.8571428571428571,0.0,1.0,Fibroblasts,0.8571428571428571,ok,True,both,negative,0
ACGTATTACTCCGATC-1,1,41,97,7346,9782,32606.6666666667,24486.6666666667,23,23,0,0,1.0,0.0,0.0,Tumor,1.0,True,,positive,negative,negative,negative,Immune cells,negative,baseline_immune_all_dropout,svtuner_immune_all_dropout,available_nonimmune_reference_assignment_retained,0.3133494090421516,0.3133494090421516,False,0.6866505909578484,,1.0,PVL,1.0,0.0,1.0,PVL,1.0,ok,True,both,negative,0
ACGTTAATGTCGAAGA-1,1,41,69,7348,7341,24470.0,24493.3333333333,28,28,0,0,1.0,0.0,0.0,Tumor,1.0,True,,positive,negative,negative,negative,Immune cells,negative,baseline_immune_all_dropout,svtuner_immune_all_dropout,available_nonimmune_reference_assignment_retained,0.419578563045571,0.419578563045571,False,0.5804214369544289,,1.0,PVL,0.75,0.0,1.0,PVL,0.75,ok,True,both,negative,0
ACGTTAGATTTGCCCG-1,1,39,39,7046,4725,15750.0,23486.6666666667,25,25,0,0,1.0,0.0,0.0,Tumor,1.0,True,,positive,negative,negative,negative,Immune cells,negative,baseline_immune_all_dropout,svtuner_immune_all_dropout,available_nonimmune_reference_assignment_retained,0.1821961702370272,0.1821961702370272,False,0.8178038297629728,,1.0,Epithelial cells,1.0,0.0,1.0,Epithelial cells,1.0,ok,True,both,negative,0
ACGTTCGCAATCAATT-1,1,33,113,6132,11176,37253.3333333333,20440.0,26,26,0,0,1.0,0.0,0.0,Tumor,1.0,True,,positive,negative,negative,negative,Immune cells,negative,baseline_immune_all_dropout,svtuner_immune_all_dropout,available_nonimmune_reference_assignment_retained,0.5868705924090033,0.5868705924090033,False,0.4131294075909967,,1.0,Endothelial cells,1.0,0.0,1.0,Endothelial cells,1.0,ok,True,both,negative,0
ACGTTCGTTCAGGAAA-1,1,60,44,10231,5163,17210.0,34103.3333333333,27,27,0,0,1.0,0.0,0.0,Tumor,1.0,True,,positive,negative,negative,negative,Immune cells,negative,baseline_immune_all_dropout,svtuner_immune_all_dropout,available_nonimmune_reference_assignment_retained,0.2755169410361661,0.2755169410361661,False,0.7244830589638339,,1.0,Epithelial cells,0.8571428571428571,0.0,1.0,Epithelial cells,0.8571428571428571,ok,True,both,negative,0
ACGTTCTGTACAAGTC-1,1,65,95,10987,9610,32033.3333333333,36623.3333333333,20,17,0,3,0.85,0.0,0.15,Tumor,0.85,True,,positive,negative,negative,negative,Immune cells,negative,baseline_immune_all_dropout,svtuner_immune_all_dropout,available_nonimmune_reference_assignment_retained,0.2847430385247655,0.2847430385247655,False,0.7152569614752344,,1.0,PVL,1.0,0.0,1.0,PVL,1.0,ok,True,both,negative,0
ACTACAAAGAGAGGTG-1,1,71,49,11900,5600,18666.6666666667,39666.6666666667,20,19,1,0,0.95,0.05,0.0,Tumor,0.95,True,,positive,negative,negative,negative,Immune cells,negative,baseline_immune_all_dropout,svtuner_immune_all_dropout,available_nonimmune_reference_assignment_retained,0.203033990692717,0.203033990692717,False,0.796966009307283,,1.0,Fibroblasts,0.75,0.0,1.0,Fibroblasts,0.75,ok,True,both,negative,0
ACTAGTTGCGATCGTC-1,1,50,104,8711,10393,34643.3333333333,29036.6666666667,25,25,0,0,1.0,0.0,0.0,Tumor,1.0,True,,positive,negative,negative,negative,Immune cells,negative,baseline_immune_all_dropout,svtuner_immune_all_dropout,available_nonimmune_reference_assignment_retained,0.2992029512512297,0.2992029512512297,False,0.7007970487487702,,1.0,Epithelial cells,1.0,0.0,1.0,Epithelial cells,1.0,ok,True,both,negative,0
ACTATCCAGGGCATGG-1,1,38,108,6890,10740,35800.0,22966.6666666667,29,29,0,0,1.0,0.0,0.0,Tumor,1.0,True,,positive,negative,negative,negative,Immune cells,negative,baseline_immune_all_dropout,svtuner_immune_all_dropout,available_nonimmune_reference_assignment_retained,0.2980277670469488,0.2980277670469488,False,0.7019722329530512,,1.0,PVL,1.0,0.0,1.0,PVL,1.0,ok,True,both,negative,0
ACTATCTGCCCGCGTA-1,1,53,113,9166,11178,37260.0,30553.3333333333,20,19,0,1,0.95,0.0,0.05,Tumor,0.95,True,,positive,negative,negative,negative,Immune cells,negative,baseline_immune_all_dropout,svtuner_immune_all_dropout,available_nonimmune_reference_assignment_retained,0.3981284396274732,0.3981284396274732,False,0.6018715603725269,,1.0,PVL,1.0,0.0,1.0,PVL,1.0,ok,True,both,negative,0
ACTATTTCCGGGCCCA-1,1,59,41,10080,4901,16336.6666666667,33600.0,22,21,0,1,0.9545454545454546,0.0,0.0454545454545454,Tumor,0.9545454545454546,True,,positive,negative,negative,negative,Immune cells,negative,baseline_immune_all_dropout,svtuner_immune_all_dropout,available_nonimmune_reference_assignment_retained,0.2837536835265283,0.2837536835265283,False,0.7162463164734717,,1.0,Fibroblasts,1.0,0.0,1.0,Fibroblasts,1.0,ok,True,both,negative,0
ACTCAAGTGCAAGGCT-1,1,60,86,10229,8824,29413.3333333333,34096.6666666667,19,18,0,1,0.9473684210526316,0.0,0.0526315789473684,Tumor,0.9473684210526316,True,,positive,negative,negative,negative,Immune cells,negative,baseline_immune_all_dropout,svtuner_immune_all_dropout,available_nonimmune_reference_assignment_retained,0.4807623918804067,0.4807623918804067,False,0.5192376081195933,,1.0,Epithelial cells,0.6666666666666666,0.0,1.0,Epithelial cells,0.6666666666666666,ok,True,both,negative,0
ACTCCAATATCATCAT-1,1,63,29,10687,3855,12850.0,35623.3333333333,16,16,0,0,1.0,0.0,0.0,Tumor,1.0,True,,positive,negative,negative,negative,Immune cells,negative,baseline_immune_all_dropout,svtuner_immune_all_dropout,available_nonimmune_reference_assignment_retained,0.2426205727949873,0.2426205727949873,False,0.7573794272050127,,1.0,Fibroblasts,1.0,0.0,1.0,Fibroblasts,1.0,ok,True,both,negative,0
ACTCCCGAATTCGTTT-1,1,32,104,5980,10391,34636.6666666667,19933.3333333333,25,22,0,3,0.88,0.0,0.12,Tumor,0.88,True,,positive,negative,negative,negative,Immune cells,negative,baseline_immune_all_dropout,svtuner_immune_all_dropout,available_nonimmune_reference_assignment_retained,0.6233256814674821,0.6233256814674821,False,0.3766743185325178,,1.0,Fibroblasts,1.0,0.0,1.0,Fibroblasts,1.0,ok,True,both,negative,0
ACTCCCGTAGACTAGG-1,1,21,123,4311,12047,40156.6666666667,14370.0,24,24,0,0,1.0,0.0,0.0,Tumor,1.0,True,,positive,negative,negative,negative,Immune cells,negative,baseline_immune_all_dropout,svtuner_immune_all_dropout,available_nonimmune_reference_assignment_retained,0.4010401249682585,0.4010401249682585,False,0.5989598750317415,,1.0,Epithelial cells,1.0,0.0,1.0,Epithelial cells,1.0,ok,True,both,negative,0
ACTCCCTAATGCTAAA-1,1,57,69,9775,7342,24473.3333333333,32583.3333333333,11,5,1,5,0.4545454545454545,0.0909090909090909,0.4545454545454545,Tumor,0.4545454545454545,True,,ambiguous,negative,ambiguous,negative,Immune cells,negative,baseline_immune_all_dropout,svtuner_immune_all_dropout,available_nonimmune_reference_assignment_retained,0.4050831077180277,0.4050831077180277,False,0.5949168922819723,,1.0,Endothelial cells,1.0,0.0,1.0,Endothelial cells,1.0,ok,True,both,negative,0
ACTCCCTAGAATAGTA-1,1,48,70,8409,7428,24760.0,28030.0,32,28,4,0,0.875,0.125,0.0,Tumor,0.875,True,,positive,negative,negative,negative,Immune cells,negative,baseline_immune_all_dropout,svtuner_immune_all_dropout,available_nonimmune_reference_assignment_retained,0.2532241387449478,0.2532241387449478,False,0.7467758612550521,,1.0,Epithelial cells,1.0,0.0,1.0,Epithelial cells,1.0,ok,True,both,negative,0
ACTCCGGCCGACCACT-1,1,70,90,11746,9174,30580.0,39153.3333333333,14,14,0,0,1.0,0.0,0.0,Tumor,1.0,True,,positive,negative,negative,negative,Immune cells,negative,baseline_immune_all_dropout,svtuner_immune_all_dropout,available_nonimmune_reference_assignment_retained,0.6418678113598977,0.6418678113598977,False,0.3581321886401023,,1.0,Endothelial cells,1.0,0.0,1.0,Endothelial cells,1.0,ok,True,both,negative,0
ACTCGCCGTTCGATAA-1,1,67,111,11290,11005,36683.3333333333,37633.3333333333,22,4,18,0,0.1818181818181818,0.8181818181818182,0.0,Immune cells,0.8181818181818182,True,,negative,positive,negative,positive,Immune cells,positive,baseline_immune_all_dropout,svtuner_immune_all_dropout,available_nonimmune_reference_assignment_retained,0.6758716823193439,0.6758716823193439,False,0.3241283176806561,,1.0,Epithelial cells,1.0,0.0,1.0,Epithelial cells,1.0,ok,True,both,positive,1
ACTCGCGATCTGACGC-1,1,42,126,7496,12310,41033.3333333333,24986.6666666667,29,29,0,0,1.0,0.0,0.0,Tumor,1.0,True,,positive,negative,negative,negative,Immune cells,negative,baseline_immune_all_dropout,svtuner_immune_all_dropout,available_nonimmune_reference_assignment_retained,0.4679759879229719,0.4679759879229719,False,0.5320240120770281,,1.0,Epithelial cells,1.0,0.0,1.0,Epithelial cells,1.0,ok,True,both,negative,0
ACTCGTCAGTAATCCC-1,1,36,78,6589,8125,27083.3333333333,21963.3333333333,24,24,0,0,1.0,0.0,0.0,Tumor,1.0,True,,positive,negative,negative,negative,Immune cells,negative,baseline_immune_all_dropout,svtuner_immune_all_dropout,available_nonimmune_reference_assignment_retained,0.3299660093126542,0.3299660093126542,False,0.6700339906873458,,1.0,PVL,1.0,0.0,1.0,PVL,1.0,ok,True,both,negative,0
ACTCTCTGACTTAGGT-1,1,42,78,7499,8125,27083.3333333333,24996.6666666667,21,21,0,0,1.0,0.0,0.0,Tumor,1.0,True,,positive,negative,negative,negative,Immune cells,negative,baseline_immune_all_dropout,svtuner_immune_all_dropout,available_nonimmune_reference_assignment_retained,0.353889427463351,0.353889427463351,False,0.6461105725366489,,1.0,Endothelial cells,0.6,0.0,1.0,Endothelial cells,0.6,ok,True,both,negative,0
ACTCTTCAGCTCCCGC-1,1,36,126,6586,12309,41030.0,21953.3333333333,21,17,1,3,0.8095238095238095,0.0476190476190476,0.1428571428571428,Tumor,0.8095238095238095,True,,positive,negative,negative,negative,Immune cells,negative,baseline_immune_all_dropout,svtuner_immune_all_dropout,available_nonimmune_reference_assignment_retained,0.3566346016109901,0.3566346016109901,False,0.64336539838901,,1.0,PVL,1.0,0.0,1.0,PVL,1.0,ok,True,both,negative,0
ACTCTTGTATAGTAAC-1,1,36,70,6589,7427,24756.6666666667,21963.3333333333,26,25,1,0,0.9615384615384616,0.0384615384615384,0.0,Tumor,0.9615384615384616,True,,positive,negative,negative,negative,Immune cells,negative,baseline_immune_all_dropout,svtuner_immune_all_dropout,available_nonimmune_reference_assignment_retained,0.2930624147133825,0.2930624147133825,False,0.7069375852866175,,1.0,Fibroblasts,1.0,0.0,1.0,Fibroblasts,1.0,ok,True,both,negative,0
ACTGAAACGCCGTTAG-1,1,57,93,9774,9434,31446.6666666667,32580.0,30,30,0,0,1.0,0.0,0.0,Tumor,1.0,True,,positive,negative,negative,negative,Immune cells,negative,baseline_immune_all_dropout,svtuner_immune_all_dropout,available_nonimmune_reference_assignment_retained,0.1890739592895583,0.1890739592895583,False,0.8109260407104417,,1.0,Epithelial cells,1.0,0.0,1.0,Epithelial cells,1.0,ok,True,both,negative,0
ACTGAATGGCGAAAGT-1,1,47,83,8257,8562,28540.0,27523.3333333333,10,10,0,0,1.0,0.0,0.0,Tumor,1.0,True,,positive,negative,negative,negative,Immune cells,negative,baseline_immune_all_dropout,svtuner_immune_all_dropout,available_nonimmune_reference_assignment_retained,0.2468159023962919,0.2468159023962919,False,0.7531840976037081,,1.0,PVL,1.0,0.0,1.0,PVL,1.0,ok,True,both,negative,0
ACTGCGGACACACCGT-1,1,37,119,6738,11699,38996.6666666667,22460.0,25,25,0,0,1.0,0.0,0.0,Tumor,1.0,True,,positive,negative,negative,negative,Immune cells,negative,baseline_immune_all_dropout,svtuner_immune_all_dropout,available_nonimmune_reference_assignment_retained,0.5278450227913853,0.5278450227913853,False,0.4721549772086146,,1.0,Fibroblasts,1.0,0.0,1.0,Fibroblasts,1.0,ok,True,both,negative,0
ACTGGGATGCCAGTGC-1,1,73,53,12203,5949,19830.0,40676.6666666667,15,14,0,1,0.9333333333333332,0.0,0.0666666666666666,Tumor,0.9333333333333332,True,,positive,negative,negative,negative,Immune cells,negative,baseline_immune_all_dropout,svtuner_immune_all_dropout,available_nonimmune_reference_assignment_retained,0.4909925791498321,0.4909925791498321,False,0.5090074208501679,,1.0,Fibroblasts,1.0,0.0,1.0,Fibroblasts,1.0,ok,True,both,negative,0
ACTGTCCAGGATTATA-1,1,33,55,6135,6119,20396.6666666667,20450.0,16,0,14,2,0.0,0.875,0.125,Immune cells,0.875,True,,negative,positive,negative,positive,Immune cells,positive,baseline_immune_all_dropout,svtuner_immune_all_dropout,available_nonimmune_reference_assignment_retained,0.6758210441538555,0.6758210441538555,False,0.3241789558461445,,1.0,Endothelial cells,1.0,0.0,1.0,Endothelial cells,1.0,ok,True,both,positive,1
ACTTACGCATCCACGC-1,1,58,78,9926,8127,27090.0,33086.6666666667,24,24,0,0,1.0,0.0,0.0,Tumor,1.0,True,,positive,negative,negative,negative,Immune cells,negative,baseline_immune_all_dropout,svtuner_immune_all_dropout,available_nonimmune_reference_assignment_retained,0.4413107242137193,0.4413107242137193,False,0.5586892757862807,,1.0,Fibroblasts,0.5,0.0,1.0,Fibroblasts,0.5,ok,True,both,negative,0
ACTTATACTTACCCGG-1,1,36,90,6588,9171,30570.0,21960.0,26,26,0,0,1.0,0.0,0.0,Tumor,1.0,True,,positive,negative,negative,negative,Immune cells,negative,baseline_immune_all_dropout,svtuner_immune_all_dropout,available_nonimmune_reference_assignment_retained,0.240104586621548,0.240104586621548,False,0.759895413378452,,1.0,Epithelial cells,1.0,0.0,1.0,Epithelial cells,1.0,ok,True,both,negative,0
ACTTCAGGCTGATCCC-1,1,51,81,8864,8388,27960.0,29546.6666666667,27,27,0,0,1.0,0.0,0.0,Tumor,1.0,True,,positive,negative,negative,negative,Immune cells,negative,baseline_immune_all_dropout,svtuner_immune_all_dropout,available_nonimmune_reference_assignment_retained,0.355214441060022,0.355214441060022,False,0.644785558939978,,1.0,PVL,1.0,0.0,1.0,PVL,1.0,ok,True,both,negative,0
ACTTCCATGCGGGACA-1,1,61,85,10381,8737,29123.3333333333,34603.3333333333,28,26,1,1,0.9285714285714286,0.0357142857142857,0.0357142857142857,Tumor,0.9285714285714286,True,,positive,negative,negative,negative,Immune cells,negative,baseline_immune_all_dropout,svtuner_immune_all_dropout,available_nonimmune_reference_assignment_retained,0.3547534482938974,0.3547534482938974,False,0.6452465517061026,,1.0,PVL,0.8,0.0,1.0,PVL,0.8,ok,True,both,negative,0
ACTTCGCTAGCGAGTG-1,1,31,127,5828,12396,41320.0,19426.6666666667,24,24,0,0,1.0,0.0,0.0,Tumor,1.0,True,,positive,negative,negative,negative,Immune cells,negative,baseline_immune_all_dropout,svtuner_immune_all_dropout,available_nonimmune_reference_assignment_retained,0.4215851836724895,0.4215851836724895,False,0.5784148163275105,,1.0,Fibroblasts,1.0,0.0,1.0,Fibroblasts,1.0,ok,True,both,negative,0
ACTTGACTCCCTCTTT-1,1,42,72,7499,7602,25340.0,24996.6666666667,24,19,0,5,0.7916666666666666,0.0,0.2083333333333333,Tumor,0.7916666666666666,True,,positive,negative,ambiguous,negative,Immune cells,negative,baseline_immune_all_dropout,svtuner_immune_all_dropout,available_nonimmune_reference_assignment_retained,0.4974972301868302,0.4974972301868302,False,0.5025027698131699,,1.0,PVL,1.0,0.0,1.0,PVL,1.0,ok,True,both,negative,0
ACTTGTGGATGGAACG-1,1,52,108,9014,10742,35806.6666666667,30046.6666666667,20,18,0,2,0.9,0.0,0.1,Tumor,0.9,True,,positive,negative,negative,negative,Immune cells,negative,baseline_immune_all_dropout,svtuner_immune_all_dropout,available_nonimmune_reference_assignment_retained,0.420641335698542,0.420641335698542,False,0.579358664301458,,1.0,Endothelial cells,1.0,0.0,1.0,Endothelial cells,1.0,ok,True,both,negative,0
ACTTTACCCTCATGAA-1,1,32,106,5980,10565,35216.6666666667,19933.3333333333,28,27,0,1,0.9642857142857144,0.0,0.0357142857142857,Tumor,0.9642857142857144,True,,positive,negative,negative,negative,Immune cells,negative,baseline_immune_all_dropout,svtuner_immune_all_dropout,available_nonimmune_reference_assignment_retained,0.5244342057940846,0.5244342057940846,False,0.4755657942059154,,1.0,PVL,0.6666666666666666,0.0,1.0,PVL,0.6666666666666666,ok,True,both,negative,0
ACTTTGTCGACGCACT-1,1,56,120,9620,11788,39293.3333333333,32066.6666666667,12,0,8,4,0.0,0.6666666666666666,0.3333333333333333,Immune cells,0.6666666666666666,True,,negative,positive,ambiguous,positive,Immune cells,positive,baseline_immune_all_dropout,svtuner_immune_all_dropout,reference_unrepresented_withheld_by_stage3b,0.6556926497939365,0.6556926497939365,True,0.3443073502060635,,0.0,__withheld_reference_unrepresented__,0.0,0.0,1.0,PVL,1.0,ok,True,both,positive,1
AGAAATTATGACTCGC-1,1,53,115,9166,11352,37840.0,30553.3333333333,19,19,0,0,1.0,0.0,0.0,Tumor,1.0,True,,positive,negative,negative,negative,Immune cells,negative,baseline_immune_all_dropout,svtuner_immune_all_dropout,available_nonimmune_reference_assignment_retained,0.2931691326006643,0.2931691326006643,False,0.7068308673993358,,1.0,Epithelial cells,0.5714285714285714,0.0,1.0,Epithelial cells,0.5714285714285714,ok,True,both,negative,0
AGAACCCAGCGTGACA-1,1,44,124,7800,12136,40453.3333333333,26000.0,28,28,0,0,1.0,0.0,0.0,Tumor,1.0,True,,positive,negative,negative,negative,Immune cells,negative,baseline_immune_all_dropout,svtuner_immune_all_dropout,available_nonimmune_reference_assignment_retained,0.3970435349213065,0.3970435349213065,False,0.6029564650786935,,1.0,Epithelial cells,0.75,0.0,1.0,Epithelial cells,0.75,ok,True,both,negative,0
AGAAGGTTGCCGAATT-1,1,42,44,7501,5161,17203.3333333333,25003.3333333333,24,24,0,0,1.0,0.0,0.0,Tumor,1.0,True,,positive,negative,negative,negative,Immune cells,negative,baseline_immune_all_dropout,svtuner_immune_all_dropout,available_nonimmune_reference_assignment_retained,0.2330705195503778,0.2330705195503778,False,0.7669294804496222,,1.0,Epithelial cells,0.7142857142857143,0.0,1.0,Epithelial cells,0.7142857142857143,ok,True,both,negative,0
AGAAGGTTGTAGGTCG-1,1,64,78,10836,8127,27090.0,36120.0,14,10,2,2,0.7142857142857143,0.1428571428571428,0.1428571428571428,Tumor,0.7142857142857143,True,,positive,negative,negative,negative,Immune cells,negative,baseline_immune_all_dropout,svtuner_immune_all_dropout,available_nonimmune_reference_assignment_retained,0.337019694478849,0.337019694478849,False,0.662980305521151,,1.0,Epithelial cells,0.8,0.0,1.0,Epithelial cells,0.8,ok,True,both,negative,0
AGAATTATGGATTCGA-1,1,32,98,5981,9868,32893.3333333333,19936.6666666667,29,29,0,0,1.0,0.0,0.0,Tumor,1.0,True,,positive,negative,negative,negative,Immune cells,negative,baseline_immune_all_dropout,svtuner_immune_all_dropout,available_nonimmune_reference_assignment_retained,0.2405104430113007,0.2405104430113007,False,0.7594895569886992,,1.0,Epithelial cells,1.0,0.0,1.0,Epithelial cells,1.0,ok,True,both,negative,0
AGACCCACCGCTGATC-1,1,49,65,8561,6993,23310.0,28536.6666666667,22,22,0,0,1.0,0.0,0.0,Tumor,1.0,True,,positive,negative,negative,negative,Immune cells,negative,baseline_immune_all_dropout,svtuner_immune_all_dropout,available_nonimmune_reference_assignment_retained,0.4636482221770491,0.4636482221770491,False,0.536351777822951,,1.0,Epithelial cells,1.0,0.0,1.0,Epithelial cells,1.0,ok,True,both,negative,0
AGACCGCTCCGCGGTT-1,1,51,111,8862,11003,36676.6666666667,29540.0,12,0,0,12,0.0,0.0,1.0,Stroma,1.0,True,,negative,negative,positive,negative,Immune cells,negative,baseline_immune_all_dropout,svtuner_immune_all_dropout,available_nonimmune_reference_assignment_retained,0.5557942115389911,0.5557942115389911,False,0.4442057884610089,,1.0,Endothelial cells,1.0,0.0,1.0,Endothelial cells,1.0,ok,True,both,negative,0
AGACGAAGTGCCGGTC-1,1,49,97,8560,9782,32606.6666666667,28533.3333333333,31,29,2,0,0.935483870967742,0.064516129032258,0.0,Tumor,0.935483870967742,True,,positive,negative,negative,negative,Immune cells,negative,baseline_immune_all_dropout,svtuner_immune_all_dropout,available_nonimmune_reference_assignment_retained,0.2173562147195472,0.2173562147195472,False,0.7826437852804529,,1.0,Epithelial cells,1.0,0.0,1.0,Epithelial cells,1.0,ok,True,both,negative,0
AGACGACGATGCCGCT-1,1,53,33,9170,4203,14010.0,30566.6666666667,24,24,0,0,1.0,0.0,0.0,Tumor,1.0,True,,positive,negative,negative,negative,Immune cells,negative,baseline_immune_all_dropout,svtuner_immune_all_dropout,available_nonimmune_reference_assignment_retained,0.2906818406156249,0.2906818406156249,False,0.7093181593843751,,1.0,Endothelial cells,0.6666666666666666,0.0,1.0,Endothelial cells,0.6666666666666666,ok,True,both,negative,0
AGACGCCCACTTCGCC-1,1,60,120,10227,11789,39296.6666666667,34090.0,12,0,9,3,0.0,0.75,0.25,Immune cells,0.75,True,,negative,positive,ambiguous,positive,Immune cells,positive,baseline_immune_all_dropout,svtuner_immune_all_dropout,reference_unrepresented_withheld_by_stage3b,0.4417939672922145,0.4417939672922145,True,0.5582060327077856,,0.0,__withheld_reference_unrepresented__,0.0,0.0,1.0,Endothelial cells,0.5,ok,True,both,positive,1
AGACTGTTACCGGGTC-1,1,63,45,10686,5250,17500.0,35620.0,21,18,3,0,0.8571428571428571,0.1428571428571428,0.0,Tumor,0.8571428571428571,True,,positive,negative,negative,negative,Immune cells,negative,baseline_immune_all_dropout,svtuner_immune_all_dropout,available_nonimmune_reference_assignment_retained,0.4294671126520103,0.4294671126520103,False,0.5705328873479897,,1.0,Fibroblasts,1.0,0.0,1.0,Fibroblasts,1.0,ok,True,both,negative,0
AGAGAAACACCAGAAA-1,1,68,34,11445,4292,14306.6666666667,38150.0,19,3,14,2,0.1578947368421052,0.7368421052631579,0.1052631578947368,Immune cells,0.7368421052631579,True,,negative,positive,negative,positive,Immune cells,positive,baseline_immune_all_dropout,svtuner_immune_all_dropout,available_nonimmune_reference_assignment_retained,0.4836497856690991,0.4836497856690991,False,0.5163502143309009,,1.0,Endothelial cells,1.0,0.0,1.0,Endothelial cells,1.0,ok,True,both,positive,1
AGAGAAGGAGTACAAT-1,1,58,34,9928,4291,14303.3333333333,33093.3333333333,29,29,0,0,1.0,0.0,0.0,Tumor,1.0,True,,positive,negative,negative,negative,Immune cells,negative,baseline_immune_all_dropout,svtuner_immune_all_dropout,available_nonimmune_reference_assignment_retained,0.3192730104657528,0.3192730104657528,False,0.6807269895342472,,1.0,Epithelial cells,1.0,0.0,1.0,Epithelial cells,1.0,ok,True,both,negative,0
AGAGCCGCCGAGATTT-1,1,58,112,9924,11091,36970.0,33080.0,21,20,1,0,0.9523809523809524,0.0476190476190476,0.0,Tumor,0.9523809523809524,True,,positive,negative,negative,negative,Immune cells,negative,baseline_immune_all_dropout,svtuner_immune_all_dropout,available_nonimmune_reference_assignment_retained,0.3284450547100449,0.3284450547100449,False,0.6715549452899551,,1.0,Epithelial cells,1.0,0.0,1.0,Epithelial cells,1.0,ok,True,both,negative,0
AGAGCGCTTGTAACGG-1,1,19,127,4007,12395,41316.6666666667,13356.6666666667,22,22,0,0,1.0,0.0,0.0,Tumor,1.0,True,,positive,negative,negative,negative,Immune cells,negative,baseline_immune_all_dropout,svtuner_immune_all_dropout,available_nonimmune_reference_assignment_retained,0.4862237403076356,0.4862237403076356,False,0.5137762596923644,,1.0,PVL,1.0,0.0,1.0,PVL,1.0,ok,True,both,negative,0
AGAGGCTTCGGAAACC-1,1,51,101,8863,10131,33770.0,29543.3333333333,23,23,0,0,1.0,0.0,0.0,Tumor,1.0,True,,positive,negative,negative,negative,Immune cells,negative,baseline_immune_all_dropout,svtuner_immune_all_dropout,available_nonimmune_reference_assignment_retained,0.2698045407637451,0.2698045407637451,False,0.730195459236255,,1.0,Epithelial cells,1.0,0.0,1.0,Epithelial cells,1.0,ok,True,both,negative,0
AGAGTAAACTTCACTA-1,1,48,106,8408,10567,35223.3333333333,28026.6666666667,27,27,0,0,1.0,0.0,0.0,Tumor,1.0,True,,positive,negative,negative,negative,Immune cells,negative,baseline_immune_all_dropout,svtuner_immune_all_dropout,available_nonimmune_reference_assignment_retained,0.2191280438504187,0.2191280438504187,False,0.7808719561495813,,1.0,Fibroblasts,1.0,0.0,1.0,Fibroblasts,1.0,ok,True,both,negative,0
AGAGTATAGTGTTACG-1,1,28,122,5373,11960,39866.6666666667,17910.0,25,25,0,0,1.0,0.0,0.0,Tumor,1.0,True,,positive,negative,negative,negative,Immune cells,negative,baseline_immune_all_dropout,svtuner_immune_all_dropout,available_nonimmune_reference_assignment_retained,0.4147588100737698,0.4147588100737698,False,0.5852411899262302,,1.0,Epithelial cells,1.0,0.0,1.0,Epithelial cells,1.0,ok,True,both,negative,0
AGATAACTTCAGGGCC-1,1,32,44,5984,5160,17200.0,19946.6666666667,30,8,22,0,0.2666666666666666,0.7333333333333333,0.0,Immune cells,0.7333333333333333,True,,ambiguous,positive,negative,positive,Immune cells,positive,baseline_immune_all_dropout,svtuner_immune_all_dropout,available_nonimmune_reference_assignment_retained,0.3946987041475963,0.3946987041475963,False,0.6053012958524038,,1.0,Endothelial cells,0.5,0.0,1.0,Endothelial cells,0.5,ok,True,both,positive,1
AGATACCAATAGAACC-1,1,64,110,10834,10917,36390.0,36113.3333333333,23,3,19,1,0.1304347826086956,0.8260869565217391,0.0434782608695652,Immune cells,0.8260869565217391,True,,negative,positive,negative,positive,Immune cells,positive,baseline_immune_all_dropout,svtuner_immune_all_dropout,available_nonimmune_reference_assignment_retained,0.3365758451785216,0.3365758451785216,False,0.6634241548214783,,1.0,Endothelial cells,1.0,0.0,1.0,Endothelial cells,1.0,ok,True,both,positive,1
AGATACCGGTGTTCAC-1,1,40,38,7198,4638,15460.0,23993.3333333333,26,26,0,0,1.0,0.0,0.0,Tumor,1.0,True,,positive,negative,negative,negative,Immune cells,negative,baseline_immune_all_dropout,svtuner_immune_all_dropout,available_nonimmune_reference_assignment_retained,0.232837267737718,0.232837267737718,False,0.767162732262282,,1.0,Endothelial cells,1.0,0.0,1.0,Endothelial cells,1.0,ok,True,both,negative,0
AGATACTCAAGATCGA-1,1,46,82,8105,8474,28246.6666666667,27016.6666666667,26,22,2,2,0.8461538461538461,0.0769230769230769,0.0769230769230769,Tumor,0.8461538461538461,True,,positive,negative,negative,negative,Immune cells,negative,baseline_immune_all_dropout,svtuner_immune_all_dropout,available_nonimmune_reference_assignment_retained,0.3837430938677908,0.3837430938677908,False,0.6162569061322092,,1.0,Epithelial cells,1.0,0.0,1.0,Epithelial cells,1.0,ok,True,both,negative,0
AGATATAATACGACTA-1,1,64,72,10837,7604,25346.6666666667,36123.3333333333,23,19,4,0,0.8260869565217391,0.1739130434782608,0.0,Tumor,0.8260869565217391,True,,positive,negative,negative,negative,Immune cells,negative,baseline_immune_all_dropout,svtuner_immune_all_dropout,available_nonimmune_reference_assignment_retained,0.487407534899722,0.487407534899722,False,0.512592465100278,,1.0,Endothelial cells,1.0,0.0,1.0,Endothelial cells,1.0,ok,True,both,negative,0
AGATGATGGAGTCTGG-1,1,34,106,6284,10566,35220.0,20946.6666666667,23,23,0,0,1.0,0.0,0.0,Tumor,1.0,True,,positive,negative,negative,negative,Immune cells,negative,baseline_immune_all_dropout,svtuner_immune_all_dropout,available_nonimmune_reference_assignment_retained,0.4485106839271749,0.4485106839271749,False,0.5514893160728251,,1.0,Fibroblasts,1.0,0.0,1.0,Fibroblasts,1.0,ok,True,both,negative,0
AGATTATAGGACGTTT-1,1,36,54,6590,6032,20106.6666666667,21966.6666666667,21,1,19,1,0.0476190476190476,0.9047619047619048,0.0476190476190476,Immune cells,0.9047619047619048,True,,negative,positive,negative,positive,Immune cells,positive,baseline_immune_all_dropout,svtuner_immune_all_dropout,available_nonimmune_reference_assignment_retained,0.5417418920247886,0.5417418920247886,False,0.4582581079752114,,1.0,Fibroblasts,1.0,0.0,1.0,Fibroblasts,1.0,ok,True,both,positive,1
AGCAAAGGCCGCTAGT-1,1,60,72,10230,7604,25346.6666666667,34100.0,11,8,2,1,0.7272727272727273,0.1818181818181818,0.0909090909090909,Tumor,0.7272727272727273,True,,positive,negative,negative,negative,Immune cells,negative,baseline_immune_all_dropout,svtuner_immune_all_dropout,available_nonimmune_reference_assignment_retained,0.4141164682450247,0.4141164682450247,False,0.5858835317549753,,1.0,PVL,1.0,0.0,1.0,PVL,1.0,ok,True,both,negative,0
AGCACTACCTCACCAG-1,1,53,81,9167,8388,27960.0,30556.6666666667,17,17,0,0,1.0,0.0,0.0,Tumor,1.0,True,,positive,negative,negative,negative,Immune cells,negative,baseline_immune_all_dropout,svtuner_immune_all_dropout,available_nonimmune_reference_assignment_retained,0.3710982597164521,0.3710982597164521,False,0.628901740283548,,1.0,Endothelial cells,1.0,0.0,1.0,Endothelial cells,1.0,ok,True,both,negative,0
AGCAGAAGGAGAAAGA-1,1,64,68,10837,7256,24186.6666666667,36123.3333333333,18,18,0,0,1.0,0.0,0.0,Tumor,1.0,True,,positive,negative,negative,negative,Immune cells,negative,baseline_immune_all_dropout,svtuner_immune_all_dropout,available_nonimmune_reference_assignment_retained,0.1950100373529231,0.1950100373529231,False,0.8049899626470769,,1.0,PVL,0.625,0.0,1.0,PVL,0.625,ok,True,both,negative,0
AGCAGCCAGATGAATA-1,1,56,58,9624,6383,21276.6666666667,32080.0,11,2,1,8,0.1818181818181818,0.0909090909090909,0.7272727272727273,Stroma,0.7272727272727273,True,,negative,negative,positive,negative,Immune cells,negative,baseline_immune_all_dropout,svtuner_immune_all_dropout,available_nonimmune_reference_assignment_retained,0.5154210061787272,0.5154210061787272,False,0.4845789938212728,,1.0,PVL,1.0,0.0,1.0,PVL,1.0,ok,True,both,negative,0
AGCATATCAATATGCT-1,1,51,95,8863,9608,32026.6666666667,29543.3333333333,26,26,0,0,1.0,0.0,0.0,Tumor,1.0,True,,positive,negative,negative,negative,Immune cells,negative,baseline_immune_all_dropout,svtuner_immune_all_dropout,available_nonimmune_reference_assignment_retained,0.2477603539108487,0.2477603539108487,False,0.7522396460891513,,1.0,Epithelial cells,1.0,0.0,1.0,Epithelial cells,1.0,ok,True,both,negative,0
AGCCAAGCTTTGTGTC-1,1,64,58,10837,6384,21280.0,36123.3333333333,15,12,1,2,0.8,0.0666666666666666,0.1333333333333333,Tumor,0.8,True,,positive,negative,negative,negative,Immune cells,negative,baseline_immune_all_dropout,svtuner_immune_all_dropout,available_nonimmune_reference_assignment_retained,0.3469916978291091,0.3469916978291091,False,0.6530083021708909,,1.0,PVL,1.0,0.0,1.0,PVL,1.0,ok,True,both,negative,0
AGCCACAGGTTACCCG-1,1,63,89,10684,9086,30286.6666666667,35613.3333333333,29,25,0,4,0.8620689655172413,0.0,0.1379310344827586,Tumor,0.8620689655172413,True,,positive,negative,negative,negative,Immune cells,negative,baseline_immune_all_dropout,svtuner_immune_all_dropout,available_nonimmune_reference_assignment_retained,0.5026555472356753,0.5026555472356753,False,0.4973444527643247,,1.0,Fibroblasts,1.0,0.0,1.0,Fibroblasts,1.0,ok,True,both,negative,0
AGCCATATAGTATGTG-1,1,71,65,11899,6995,23316.6666666667,39663.3333333333,15,0,13,2,0.0,0.8666666666666667,0.1333333333333333,Immune cells,0.8666666666666667,True,,negative,positive,negative,positive,Immune cells,positive,baseline_immune_all_dropout,svtuner_immune_all_dropout,reference_unrepresented_withheld_by_stage3b,0.6233151195998355,0.6233151195998355,True,0.3766848804001644,,0.0,__withheld_reference_unrepresented__,0.0,0.0,1.0,PVL,1.0,ok,True,both,positive,1
AGCCCGCAACAAGCAG-1,1,68,54,11444,6035,20116.6666666667,38146.6666666667,21,21,0,0,1.0,0.0,0.0,Tumor,1.0,True,,positive,negative,negative,negative,Immune cells,negative,baseline_immune_all_dropout,svtuner_immune_all_dropout,available_nonimmune_reference_assignment_retained,0.18692157233984,0.18692157233984,False,0.81307842766016,,1.0,Fibroblasts,0.625,0.0,1.0,Fibroblasts,0.625,ok,True,both,negative,0
AGCCCGGCATTAGAGG-1,1,64,26,10839,3594,11980.0,36130.0,35,35,0,0,1.0,0.0,0.0,Tumor,1.0,True,,positive,negative,negative,negative,Immune cells,negative,baseline_immune_all_dropout,svtuner_immune_all_dropout,available_nonimmune_reference_assignment_retained,0.1606504941467292,0.1606504941467292,False,0.8393495058532708,,1.0,Epithelial cells,1.0,0.0,1.0,Epithelial cells,1.0,ok,True,both,negative,0
AGCCCGGTAGCCTGTA-1,1,61,49,10383,5599,18663.3333333333,34610.0,28,28,0,0,1.0,0.0,0.0,Tumor,1.0,True,,positive,negative,negative,negative,Immune cells,negative,baseline_immune_all_dropout,svtuner_immune_all_dropout,available_nonimmune_reference_assignment_retained,0.4090443324536148,0.4090443324536148,False,0.5909556675463852,,1.0,PVL,1.0,0.0,1.0,PVL,1.0,ok,True,both,negative,0
AGCCCTCCCTGGTGGC-1,1,67,29,11294,3856,12853.3333333333,37646.6666666667,18,12,0,6,0.6666666666666666,0.0,0.3333333333333333,Tumor,0.6666666666666666,True,,positive,negative,ambiguous,negative,Immune cells,negative,baseline_immune_all_dropout,svtuner_immune_all_dropout,available_nonimmune_reference_assignment_retained,0.4704004373241411,0.4704004373241411,False,0.529599562675859,,1.0,Fibroblasts,1.0,0.0,1.0,Fibroblasts,1.0,ok,True,both,negative,0
AGCCCTGTCGCACCGT-1,1,41,121,7345,11874,39580.0,24483.3333333333,30,30,0,0,1.0,0.0,0.0,Tumor,1.0,True,,positive,negative,negative,negative,Immune cells,negative,baseline_immune_all_dropout,svtuner_immune_all_dropout,available_nonimmune_reference_assignment_retained,0.6138840764243918,0.6138840764243918,False,0.3861159235756082,,1.0,Endothelial cells,1.0,0.0,1.0,Endothelial cells,1.0,ok,True,both,negative,0
AGCCCTTGGACATCCC-1,1,57,117,9772,11527,38423.3333333333,32573.3333333333,13,10,2,1,0.7692307692307693,0.1538461538461538,0.0769230769230769,Tumor,0.7692307692307693,True,,positive,negative,negative,negative,Immune cells,negative,baseline_immune_all_dropout,svtuner_immune_all_dropout,available_nonimmune_reference_assignment_retained,0.5025547098859038,0.5025547098859038,False,0.4974452901140962,,1.0,Fibroblasts,0.6666666666666666,0.0,1.0,Fibroblasts,0.6666666666666666,ok,True,both,negative,0
AGCGACAGGAACGGTC-1,1,51,37,8866,4552,15173.3333333333,29553.3333333333,25,25,0,0,1.0,0.0,0.0,Tumor,1.0,True,,positive,negative,negative,negative,Immune cells,negative,baseline_immune_all_dropout,svtuner_immune_all_dropout,available_nonimmune_reference_assignment_retained,0.2472458654485661,0.2472458654485661,False,0.7527541345514339,,1.0,Epithelial cells,1.0,0.0,1.0,Epithelial cells,1.0,ok,True,both,negative,0
AGCGCTAGAGCGATGT-1,1,40,122,7193,11961,39870.0,23976.6666666667,24,24,0,0,1.0,0.0,0.0,Tumor,1.0,True,,positive,negative,negative,negative,Immune cells,negative,baseline_immune_all_dropout,svtuner_immune_all_dropout,available_nonimmune_reference_assignment_retained,0.4630953317954211,0.4630953317954211,False,0.5369046682045788,,1.0,Endothelial cells,0.6666666666666666,0.0,1.0,Endothelial cells,0.6666666666666666,ok,True,both,negative,0
AGCGGACACTTCGTAG-1,1,62,62,10534,6732,22440.0,35113.3333333333,19,19,0,0,1.0,0.0,0.0,Tumor,1.0,True,,positive,negative,negative,negative,Immune cells,negative,baseline_immune_all_dropout,svtuner_immune_all_dropout,available_nonimmune_reference_assignment_retained,0.2774956515477423,0.2774956515477423,False,0.7225043484522577,,1.0,Epithelial cells,0.8333333333333334,0.0,1.0,Epithelial cells,0.8333333333333334,ok,True,both,negative,0
AGCGGGTCTGACACTC-1,1,66,66,11140,7081,23603.3333333333,37133.3333333333,16,16,0,0,1.0,0.0,0.0,Tumor,1.0,True,,positive,negative,negative,negative,Immune cells,negative,baseline_immune_all_dropout,svtuner_immune_all_dropout,available_nonimmune_reference_assignment_retained,0.5117999595247016,0.5117999595247016,False,0.4882000404752984,,1.0,Epithelial cells,1.0,0.0,1.0,Epithelial cells,1.0,ok,True,both,negative,0
AGCGTGGTATTCTACT-1,1,45,71,7954,7515,25050.0,26513.3333333333,21,21,0,0,1.0,0.0,0.0,Tumor,1.0,True,,positive,negative,negative,negative,Immune cells,negative,baseline_immune_all_dropout,svtuner_immune_all_dropout,available_nonimmune_reference_assignment_retained,0.4048011750176179,0.4048011750176179,False,0.5951988249823821,,1.0,PVL,0.75,0.0,1.0,PVL,0.75,ok,True,both,negative,0
AGCTAACAAGCAATGT-1,1,61,33,10384,4204,14013.3333333333,34613.3333333333,25,25,0,0,1.0,0.0,0.0,Tumor,1.0,True,,positive,negative,negative,negative,Immune cells,negative,baseline_immune_all_dropout,svtuner_immune_all_dropout,available_nonimmune_reference_assignment_retained,0.1764955665682635,0.1764955665682635,False,0.8235044334317365,,1.0,Epithelial cells,1.0,0.0,1.0,Epithelial cells,1.0,ok,True,both,negative,0
AGCTAAGTACGCAGGC-1,1,64,86,10836,8825,29416.6666666667,36120.0,18,16,0,2,0.8888888888888888,0.0,0.1111111111111111,Tumor,0.8888888888888888,True,,positive,negative,negative,negative,Immune cells,negative,baseline_immune_all_dropout,svtuner_immune_all_dropout,available_nonimmune_reference_assignment_retained,0.3497799052422665,0.3497799052422665,False,0.6502200947577335,,1.0,PVL,1.0,0.0,1.0,PVL,1.0,ok,True,both,negative,0
AGCTCCATATATGTTC-1,1,57,109,9773,10829,36096.6666666667,32576.6666666667,16,11,0,5,0.6875,0.0,0.3125,Tumor,0.6875,True,,positive,negative,ambiguous,negative,Immune cells,negative,baseline_immune_all_dropout,svtuner_immune_all_dropout,available_nonimmune_reference_assignment_retained,0.4570292347050192,0.4570292347050192,False,0.5429707652949808,,1.0,Endothelial cells,1.0,0.0,1.0,Endothelial cells,1.0,ok,True,both,negative,0
AGCTCCTTCGCACATC-1,1,52,86,9015,8824,29413.3333333333,30050.0,17,17,0,0,1.0,0.0,0.0,Tumor,1.0,True,,positive,negative,negative,negative,Immune cells,negative,baseline_immune_all_dropout,svtuner_immune_all_dropout,available_nonimmune_reference_assignment_retained,0.48801254502574,0.48801254502574,False,0.51198745497426,,1.0,PVL,1.0,0.0,1.0,PVL,1.0,ok,True,both,negative,0
AGCTCGTTGATGGAAA-1,1,16,124,3552,12133,40443.3333333333,11840.0,31,26,5,0,0.8387096774193549,0.1612903225806451,0.0,Tumor,0.8387096774193549,True,,positive,negative,negative,negative,Immune cells,negative,baseline_immune_all_dropout,svtuner_immune_all_dropout,available_nonimmune_reference_assignment_retained,0.4403034219197083,0.4403034219197083,False,0.5596965780802917,,1.0,Fibroblasts,1.0,0.0,1.0,Fibroblasts,1.0,ok,True,both,negative,0
AGCTCTAGACGTTCCA-1,1,38,76,6892,7951,26503.3333333333,22973.3333333333,32,32,0,0,1.0,0.0,0.0,Tumor,1.0,True,,positive,negative,negative,negative,Immune cells,negative,baseline_immune_all_dropout,svtuner_immune_all_dropout,available_nonimmune_reference_assignment_retained,0.2636862139350809,0.2636862139350809,False,0.7363137860649192,,1.0,Epithelial cells,1.0,0.0,1.0,Epithelial cells,1.0,ok,True,both,negative,0
AGCTCTTCGTAACCTT-1,1,39,107,7042,10653,35510.0,23473.3333333333,26,26,0,0,1.0,0.0,0.0,Tumor,1.0,True,,positive,negative,negative,negative,Immune cells,negative,baseline_immune_all_dropout,svtuner_immune_all_dropout,available_nonimmune_reference_assignment_retained,0.4593347374512613,0.4593347374512613,False,0.5406652625487387,,1.0,Fibroblasts,0.6666666666666666,0.0,1.0,Fibroblasts,0.6666666666666666,ok,True,both,negative,0
AGCTCTTTACTCAGTT-1,1,41,45,7349,5248,17493.3333333333,24496.6666666667,20,20,0,0,1.0,0.0,0.0,Tumor,1.0,True,,positive,negative,negative,negative,Immune cells,negative,baseline_immune_all_dropout,svtuner_immune_all_dropout,available_nonimmune_reference_assignment_retained,0.2547478659908793,0.2547478659908793,False,0.7452521340091207,,1.0,PVL,1.0,0.0,1.0,PVL,1.0,ok,True,both,negative,0
AGCTGTAACCTCAATC-1,1,54,28,9322,3767,12556.6666666667,31073.3333333333,22,22,0,0,1.0,0.0,0.0,Tumor,1.0,True,,positive,negative,negative,negative,Immune cells,negative,baseline_immune_all_dropout,svtuner_immune_all_dropout,available_nonimmune_reference_assignment_retained,0.3110159776143333,0.3110159776143333,False,0.6889840223856667,,1.0,Endothelial cells,1.0,0.0,1.0,Endothelial cells,1.0,ok,True,both,negative,0
AGGAAGCTGTCCGCCG-1,1,61,65,10382,6994,23313.3333333333,34606.6666666667,20,20,0,0,1.0,0.0,0.0,Tumor,1.0,True,,positive,negative,negative,negative,Immune cells,negative,baseline_immune_all_dropout,svtuner_immune_all_dropout,available_nonimmune_reference_assignment_retained,0.3679108087061267,0.3679108087061267,False,0.6320891912938733,,1.0,PVL,1.0,0.0,1.0,PVL,1.0,ok,True,both,negative,0
AGGACAGTCGAATCCC-1,1,43,85,7650,8736,29120.0,25500.0,19,19,0,0,1.0,0.0,0.0,Tumor,1.0,True,,positive,negative,negative,negative,Immune cells,negative,baseline_immune_all_dropout,svtuner_immune_all_dropout,available_nonimmune_reference_assignment_retained,0.2816411231694283,0.2816411231694283,False,0.7183588768305718,,1.0,Fibroblasts,1.0,0.0,1.0,Fibroblasts,1.0,ok,True,both,negative,0
AGGACGACCCATTAGA-1,1,43,45,7652,5248,17493.3333333333,25506.6666666667,21,16,1,4,0.7619047619047619,0.0476190476190476,0.1904761904761904,Tumor,0.7619047619047619,True,,positive,negative,negative,negative,Immune cells,negative,baseline_immune_all_dropout,svtuner_immune_all_dropout,available_nonimmune_reference_assignment_retained,0.4152938078567916,0.4152938078567916,False,0.5847061921432084,,1.0,Endothelial cells,1.0,0.0,1.0,Endothelial cells,1.0,ok,True,both,negative,0
AGGAGACATCCACAGT-1,1,24,122,4766,11960,39866.6666666667,15886.6666666667,25,25,0,0,1.0,0.0,0.0,Tumor,1.0,True,,positive,negative,negative,negative,Immune cells,negative,baseline_immune_all_dropout,svtuner_immune_all_dropout,available_nonimmune_reference_assignment_retained,0.5585623328545745,0.5585623328545745,False,0.4414376671454255,,1.0,Fibroblasts,1.0,0.0,1.0,Fibroblasts,1.0,ok,True,both,negative,0
AGGAGAGTCTGGCTAC-1,1,26,126,5069,12309,41030.0,16896.6666666667,19,19,0,0,1.0,0.0,0.0,Tumor,1.0,True,,positive,negative,negative,negative,Immune cells,negative,baseline_immune_all_dropout,svtuner_immune_all_dropout,available_nonimmune_reference_assignment_retained,0.4558443015390366,0.4558443015390366,False,0.5441556984609635,,1.0,Fibroblasts,0.6666666666666666,0.0,1.0,Fibroblasts,0.6666666666666666,ok,True,both,negative,0
AGGAGGCCTTCGCGCG-1,1,52,98,9015,9870,32900.0,30050.0,25,25,0,0,1.0,0.0,0.0,Tumor,1.0,True,,positive,negative,negative,negative,Immune cells,negative,baseline_immune_all_dropout,svtuner_immune_all_dropout,available_nonimmune_reference_assignment_retained,0.28402981309914,0.28402981309914,False,0.71597018690086,,1.0,Epithelial cells,1.0,0.0,1.0,Epithelial cells,1.0,ok,True,both,negative,0
AGGATAAAGTCGGGAT-1,1,53,65,9168,6993,23310.0,30560.0,20,20,0,0,1.0,0.0,0.0,Tumor,1.0,True,,positive,negative,negative,negative,Immune cells,negative,baseline_immune_all_dropout,svtuner_immune_all_dropout,available_nonimmune_reference_assignment_retained,0.3424076703642379,0.3424076703642379,False,0.6575923296357621,,1.0,Endothelial cells,1.0,0.0,1.0,Endothelial cells,1.0,ok,True,both,negative,0
AGGATATAGGGATTTA-1,1,46,96,8105,9695,32316.6666666667,27016.6666666667,23,23,0,0,1.0,0.0,0.0,Tumor,1.0,True,,positive,negative,negative,negative,Immune cells,negative,baseline_immune_all_dropout,svtuner_immune_all_dropout,available_nonimmune_reference_assignment_retained,0.2716561935811869,0.2716561935811869,False,0.728343806418813,,1.0,PVL,1.0,0.0,1.0,PVL,1.0,ok,True,both,negative,0
AGGATTGCTTACGACA-1,1,30,120,5676,11786,39286.6666666667,18920.0,19,19,0,0,1.0,0.0,0.0,Tumor,1.0,True,,positive,negative,negative,negative,Immune cells,negative,baseline_immune_all_dropout,svtuner_immune_all_dropout,available_nonimmune_reference_assignment_retained,0.4287287747171113,0.4287287747171113,False,0.5712712252828887,,1.0,Epithelial cells,1.0,0.0,1.0,Epithelial cells,1.0,ok,True,both,negative,0
AGGCACGTGACTGTCC-1,1,57,115,9772,11352,37840.0,32573.3333333333,12,1,9,2,0.0833333333333333,0.75,0.1666666666666666,Immune cells,0.75,True,,negative,positive,negative,positive,Immune cells,positive,baseline_immune_all_dropout,svtuner_immune_all_dropout,available_nonimmune_reference_assignment_retained,0.3927044599320413,0.3927044599320413,False,0.6072955400679587,,1.0,Fibroblasts,1.0,0.0,1.0,Fibroblasts,1.0,ok,True,both,positive,1
AGGCAGGGAGCGTACT-1,1,59,49,10079,5599,18663.3333333333,33596.6666666667,24,24,0,0,1.0,0.0,0.0,Tumor,1.0,True,,positive,negative,negative,negative,Immune cells,negative,baseline_immune_all_dropout,svtuner_immune_all_dropout,available_nonimmune_reference_assignment_retained,0.3609406667474953,0.3609406667474953,False,0.6390593332525047,,1.0,Endothelial cells,1.0,0.0,1.0,Endothelial cells,1.0,ok,True,both,negative,0
AGGCATTGTCGTAGGG-1,1,49,99,8560,9957,33190.0,28533.3333333333,13,6,1,6,0.4615384615384615,0.0769230769230769,0.4615384615384615,Tumor,0.4615384615384615,True,,ambiguous,negative,ambiguous,negative,Immune cells,negative,baseline_immune_all_dropout,svtuner_immune_all_dropout,available_nonimmune_reference_assignment_retained,0.3904844027194269,0.3904844027194269,False,0.609515597280573,,1.0,Fibroblasts,0.6,0.0,1.0,Fibroblasts,0.6,ok,True,both,negative,0
AGGCCACATTGGTTAC-1,1,46,126,8103,12310,41033.3333333333,27010.0,32,32,0,0,1.0,0.0,0.0,Tumor,1.0,True,,positive,negative,negative,negative,Immune cells,negative,baseline_immune_all_dropout,svtuner_immune_all_dropout,available_nonimmune_reference_assignment_retained,0.6602225566959622,0.6602225566959622,False,0.3397774433040378,,1.0,Fibroblasts,1.0,0.0,1.0,Fibroblasts,1.0,ok,True,both,negative,0
AGGCCTATCATACCAA-1,1,72,52,12051,5861,19536.6666666667,40170.0,26,25,1,0,0.9615384615384616,0.0384615384615384,0.0,Tumor,0.9615384615384616,True,,positive,negative,negative,negative,Immune cells,negative,baseline_immune_all_dropout,svtuner_immune_all_dropout,available_nonimmune_reference_assignment_retained,0.3356107138558194,0.3356107138558194,False,0.6643892861441806,,1.0,PVL,1.0,0.0,1.0,PVL,1.0,ok,True,both,negative,0
AGGCCTGAGAATCTCG-1,1,62,88,10532,8999,29996.6666666667,35106.6666666667,21,17,2,2,0.8095238095238095,0.0952380952380952,0.0952380952380952,Tumor,0.8095238095238095,True,,positive,negative,negative,negative,Immune cells,negative,baseline_immune_all_dropout,svtuner_immune_all_dropout,available_nonimmune_reference_assignment_retained,0.3620201262617263,0.3620201262617263,False,0.6379798737382737,,1.0,PVL,1.0,0.0,1.0,PVL,1.0,ok,True,both,negative,0
AGGCGATAACTGGCGT-1,1,58,122,9924,11963,39876.6666666667,33080.0,23,23,0,0,1.0,0.0,0.0,Tumor,1.0,True,,positive,negative,negative,negative,Immune cells,negative,baseline_immune_all_dropout,svtuner_immune_all_dropout,available_nonimmune_reference_assignment_retained,0.2990185473720806,0.2990185473720806,False,0.7009814526279194,,1.0,Epithelial cells,0.6666666666666666,0.0,1.0,Epithelial cells,0.6666666666666666,ok,True,both,negative,0
AGGGACCGGCTGCGTT-1,1,36,110,6587,10915,36383.3333333333,21956.6666666667,22,22,0,0,1.0,0.0,0.0,Tumor,1.0,True,,positive,negative,negative,negative,Immune cells,negative,baseline_immune_all_dropout,svtuner_immune_all_dropout,available_nonimmune_reference_assignment_retained,0.3839137596197265,0.3839137596197265,False,0.6160862403802735,,1.0,Endothelial cells,1.0,0.0,1.0,Endothelial cells,1.0,ok,True,both,negative,0
AGGGACTCTACGCGAC-1,1,55,53,9472,5947,19823.3333333333,31573.3333333333,21,21,0,0,1.0,0.0,0.0,Tumor,1.0,True,,positive,negative,negative,negative,Immune cells,negative,baseline_immune_all_dropout,svtuner_immune_all_dropout,available_nonimmune_reference_assignment_retained,0.4778740728950324,0.4778740728950324,False,0.5221259271049676,,1.0,PVL,0.6666666666666666,0.0,1.0,PVL,0.6666666666666666,ok,True,both,negative,0
AGGGAGACATACTTCG-1,1,29,113,5525,11175,37250.0,18416.6666666667,30,29,1,0,0.9666666666666668,0.0333333333333333,0.0,Tumor,0.9666666666666668,True,,positive,negative,negative,negative,Immune cells,negative,baseline_immune_all_dropout,svtuner_immune_all_dropout,available_nonimmune_reference_assignment_retained,0.4226531576394075,0.4226531576394075,False,0.5773468423605925,,1.0,Fibroblasts,0.75,0.0,1.0,Fibroblasts,0.75,ok,True,both,negative,0
AGGGCTGCAGTTACAG-1,1,35,65,6438,6991,23303.3333333333,21460.0,26,26,0,0,1.0,0.0,0.0,Tumor,1.0,True,,positive,negative,negative,negative,Immune cells,negative,baseline_immune_all_dropout,svtuner_immune_all_dropout,available_nonimmune_reference_assignment_retained,0.2902229682502935,0.2902229682502935,False,0.7097770317497065,,1.0,Endothelial cells,1.0,0.0,1.0,Endothelial cells,1.0,ok,True,both,negative,0
AGGGTCGATGCGAACT-1,1,37,97,6739,9781,32603.3333333333,22463.3333333333,18,17,0,1,0.9444444444444444,0.0,0.0555555555555555,Tumor,0.9444444444444444,True,,positive,negative,negative,negative,Immune cells,negative,baseline_immune_all_dropout,svtuner_immune_all_dropout,available_nonimmune_reference_assignment_retained,0.3621582107395626,0.3621582107395626,False,0.6378417892604373,,1.0,Endothelial cells,1.0,0.0,1.0,Endothelial cells,1.0,ok,True,both,negative,0
AGGGTGCCGTTCTTTA-1,1,65,33,10990,4204,14013.3333333333,36633.3333333333,33,33,0,0,1.0,0.0,0.0,Tumor,1.0,True,,positive,negative,negative,negative,Immune cells,negative,baseline_immune_all_dropout,svtuner_immune_all_dropout,available_nonimmune_reference_assignment_retained,0.1733224412815014,0.1733224412815014,False,0.8266775587184986,,1.0,Epithelial cells,1.0,0.0,1.0,Epithelial cells,1.0,ok,True,both,negative,0
AGGGTGCTCTCGAGGG-1,1,34,92,6285,9345,31150.0,20950.0,24,23,0,1,0.9583333333333334,0.0,0.0416666666666666,Tumor,0.9583333333333334,True,,positive,negative,negative,negative,Immune cells,negative,baseline_immune_all_dropout,svtuner_immune_all_dropout,available_nonimmune_reference_assignment_retained,0.2869268638928343,0.2869268638928343,False,0.7130731361071657,,1.0,Endothelial cells,0.8,0.0,1.0,Endothelial cells,0.8,ok,True,both,negative,0
AGGGTTCAGACGGTCC-1,1,69,45,11596,5251,17503.3333333333,38653.3333333333,28,28,0,0,1.0,0.0,0.0,Tumor,1.0,True,,positive,negative,negative,negative,Immune cells,negative,baseline_immune_all_dropout,svtuner_immune_all_dropout,available_nonimmune_reference_assignment_retained,0.3855849845575557,0.3855849845575557,False,0.6144150154424444,,1.0,Epithelial cells,1.0,0.0,1.0,Epithelial cells,1.0,ok,True,both,negative,0
AGGGTTCCCTTTGGTT-1,1,30,88,5678,8996,29986.6666666667,18926.6666666667,22,2,20,0,0.0909090909090909,0.9090909090909092,0.0,Immune cells,0.9090909090909092,True,,negative,positive,negative,positive,Immune cells,positive,baseline_immune_all_dropout,svtuner_immune_all_dropout,reference_unrepresented_withheld_by_stage3b,0.5321255279457946,0.5321255279457946,True,0.4678744720542054,,0.0,__withheld_reference_unrepresented__,0.0,0.0,1.0,Fibroblasts,1.0,ok,True,both,positive,1
AGGGTTTAGTTCGGGA-1,1,33,63,6134,6817,22723.3333333333,20446.6666666667,16,0,3,13,0.0,0.1875,0.8125,Stroma,0.8125,True,,negative,negative,positive,negative,Immune cells,negative,baseline_immune_all_dropout,svtuner_immune_all_dropout,reference_unrepresented_withheld_by_stage3b,0.5382493136336719,0.5382493136336719,True,0.4617506863663281,,0.0,__withheld_reference_unrepresented__,0.0,0.0,1.0,Endothelial cells,1.0,ok,True,both,negative,0
AGGTAGATCGAGATAT-1,1,63,35,10687,4378,14593.3333333333,35623.3333333333,21,20,0,1,0.9523809523809524,0.0,0.0476190476190476,Tumor,0.9523809523809524,True,,positive,negative,negative,negative,Immune cells,negative,baseline_immune_all_dropout,svtuner_immune_all_dropout,available_nonimmune_reference_assignment_retained,0.3260627216521147,0.3260627216521147,False,0.6739372783478853,,1.0,PVL,1.0,0.0,1.0,PVL,1.0,ok,True,both,negative,0
AGGTATAATTGATAGT-1,1,35,109,6435,10827,36090.0,21450.0,22,22,0,0,1.0,0.0,0.0,Tumor,1.0,True,,positive,negative,negative,negative,Immune cells,negative,baseline_immune_all_dropout,svtuner_immune_all_dropout,available_nonimmune_reference_assignment_retained,0.3344631290347277,0.3344631290347277,False,0.6655368709652723,,1.0,Fibroblasts,0.8,0.0,1.0,Fibroblasts,0.8,ok,True,both,negative,0
AGGTATGCGGACATTA-1,1,38,124,6890,12135,40450.0,22966.6666666667,18,18,0,0,1.0,0.0,0.0,Tumor,1.0,True,,positive,negative,negative,negative,Immune cells,negative,baseline_immune_all_dropout,svtuner_immune_all_dropout,available_nonimmune_reference_assignment_retained,0.4259278716339996,0.4259278716339996,False,0.5740721283660004,,1.0,Endothelial cells,1.0,0.0,1.0,Endothelial cells,1.0,ok,True,both,negative,0
AGGTGGTGACCTTCGC-1,1,64,56,10837,6209,20696.6666666667,36123.3333333333,23,23,0,0,1.0,0.0,0.0,Tumor,1.0,True,,positive,negative,negative,negative,Immune cells,negative,baseline_immune_all_dropout,svtuner_immune_all_dropout,available_nonimmune_reference_assignment_retained,0.4191428476521891,0.4191428476521891,False,0.5808571523478109,,1.0,PVL,1.0,0.0,1.0,PVL,1.0,ok,True,both,negative,0
AGGTTACACCATGCCG-1,1,43,115,7649,11351,37836.6666666667,25496.6666666667,23,23,0,0,1.0,0.0,0.0,Tumor,1.0,True,,positive,negative,negative,negative,Immune cells,negative,baseline_immune_all_dropout,svtuner_immune_all_dropout,available_nonimmune_reference_assignment_retained,0.635796020411356,0.635796020411356,False,0.364203979588644,,1.0,Fibroblasts,1.0,0.0,1.0,Fibroblasts,1.0,ok,True,both,negative,0
AGGTTTCACACACCTT-1,1,41,67,7348,7166,23886.6666666667,24493.3333333333,31,28,0,3,0.9032258064516128,0.0,0.0967741935483871,Tumor,0.9032258064516128,True,,positive,negative,negative,negative,Immune cells,negative,baseline_immune_all_dropout,svtuner_immune_all_dropout,available_nonimmune_reference_assignment_retained,0.3558985501481843,0.3558985501481843,False,0.6441014498518157,,1.0,Fibroblasts,1.0,0.0,1.0,Fibroblasts,1.0,ok,True,both,negative,0
AGTACAGAAGCTTATA-1,1,71,77,11898,8041,26803.3333333333,39660.0,20,20,0,0,1.0,0.0,0.0,Tumor,1.0,True,,positive,negative,negative,negative,Immune cells,negative,baseline_immune_all_dropout,svtuner_immune_all_dropout,available_nonimmune_reference_assignment_retained,0.3521172259054503,0.3521172259054503,False,0.6478827740945496,,1.0,Endothelial cells,1.0,0.0,1.0,Endothelial cells,1.0,ok,True,both,negative,0
AGTACTCTTATGCCCA-1,1,56,88,9622,8998,29993.3333333333,32073.3333333333,31,31,0,0,1.0,0.0,0.0,Tumor,1.0,True,,positive,negative,negative,negative,Immune cells,negative,baseline_immune_all_dropout,svtuner_immune_all_dropout,available_nonimmune_reference_assignment_retained,0.2563212811469655,0.2563212811469655,False,0.7436787188530345,,1.0,Endothelial cells,0.5714285714285714,0.0,1.0,Endothelial cells,0.5714285714285714,ok,True,both,negative,0
AGTAGAAGGCGCCTCA-1,1,70,62,11747,6733,22443.3333333333,39156.6666666667,26,26,0,0,1.0,0.0,0.0,Tumor,1.0,True,,positive,negative,negative,negative,Immune cells,negative,baseline_immune_all_dropout,svtuner_immune_all_dropout,available_nonimmune_reference_assignment_retained,0.251981667051821,0.251981667051821,False,0.748018332948179,,1.0,Endothelial cells,0.6666666666666666,0.0,1.0,Endothelial cells,0.6666666666666666,ok,True,both,negative,0
AGTATACACAGCGACA-1,1,64,48,10838,5512,18373.3333333333,36126.6666666667,18,1,15,2,0.0555555555555555,0.8333333333333334,0.1111111111111111,Immune cells,0.8333333333333334,True,,negative,positive,negative,positive,Immune cells,positive,baseline_immune_all_dropout,svtuner_immune_all_dropout,available_nonimmune_reference_assignment_retained,0.5369071841530824,0.5369071841530824,False,0.4630928158469176,,1.0,Fibroblasts,1.0,0.0,1.0,Fibroblasts,1.0,ok,True,both,positive,1
AGTATGCTGGAGACCA-1,1,58,26,9929,3593,11976.6666666667,33096.6666666667,20,2,0,18,0.1,0.0,0.9,Stroma,0.9,True,,negative,negative,positive,negative,Immune cells,negative,baseline_immune_all_dropout,svtuner_immune_all_dropout,available_nonimmune_reference_assignment_retained,0.3501831899795559,0.3501831899795559,False,0.6498168100204441,,1.0,PVL,0.8,0.0,1.0,PVL,0.8,ok,True,both,negative,0
AGTATTTGGCACGACC-1,1,58,52,9927,5860,19533.3333333333,33090.0,20,20,0,0,1.0,0.0,0.0,Tumor,1.0,True,,positive,negative,negative,negative,Immune cells,negative,baseline_immune_all_dropout,svtuner_immune_all_dropout,available_nonimmune_reference_assignment_retained,0.4567375702988622,0.4567375702988622,False,0.5432624297011378,,1.0,Fibroblasts,0.6666666666666666,0.0,1.0,Fibroblasts,0.6666666666666666,ok,True,both,negative,0
AGTCAAATGATGTGAT-1,1,67,35,11294,4379,14596.6666666667,37646.6666666667,17,16,0,1,0.9411764705882352,0.0,0.0588235294117647,Tumor,0.9411764705882352,True,,positive,negative,negative,negative,Immune cells,negative,baseline_immune_all_dropout,svtuner_immune_all_dropout,available_nonimmune_reference_assignment_retained,0.2542838997262596,0.2542838997262596,False,0.7457161002737405,,1.0,Epithelial cells,1.0,0.0,1.0,Epithelial cells,1.0,ok,True,both,negative,0
AGTCAACACCACCATC-1,1,41,47,7349,5423,18076.6666666667,24496.6666666667,24,24,0,0,1.0,0.0,0.0,Tumor,1.0,True,,positive,negative,negative,negative,Immune cells,negative,baseline_immune_all_dropout,svtuner_immune_all_dropout,available_nonimmune_reference_assignment_retained,0.3083237922756686,0.3083237922756686,False,0.6916762077243315,,1.0,Fibroblasts,0.6666666666666666,0.0,1.0,Fibroblasts,0.6666666666666666,ok,True,both,negative,0
AGTCAAGATGACACTT-1,1,48,90,8408,9172,30573.3333333333,28026.6666666667,22,22,0,0,1.0,0.0,0.0,Tumor,1.0,True,,positive,negative,negative,negative,Immune cells,negative,baseline_immune_all_dropout,svtuner_immune_all_dropout,available_nonimmune_reference_assignment_retained,0.2072019476526659,0.2072019476526659,False,0.7927980523473341,,1.0,Epithelial cells,1.0,0.0,1.0,Epithelial cells,1.0,ok,True,both,negative,0
AGTCACTAGCTCTCGA-1,1,55,99,9470,9957,33190.0,31566.6666666667,30,30,0,0,1.0,0.0,0.0,Tumor,1.0,True,,positive,negative,negative,negative,Immune cells,negative,baseline_immune_all_dropout,svtuner_immune_all_dropout,available_nonimmune_reference_assignment_retained,0.2133255122639847,0.2133255122639847,False,0.7866744877360153,,1.0,Epithelial cells,1.0,0.0,1.0,Epithelial cells,1.0,ok,True,both,negative,0
AGTCCATTGGCTGATG-1,1,42,100,7498,10043,33476.6666666667,24993.3333333333,35,35,0,0,1.0,0.0,0.0,Tumor,1.0,True,,positive,negative,negative,negative,Immune cells,negative,baseline_immune_all_dropout,svtuner_immune_all_dropout,available_nonimmune_reference_assignment_retained,0.4431497739706146,0.4431497739706146,False,0.5568502260293854,,1.0,Epithelial cells,1.0,0.0,1.0,Epithelial cells,1.0,ok,True,both,negative,0
AGTCCCTCGCAGAAAG-1,1,24,124,4766,12134,40446.6666666667,15886.6666666667,26,26,0,0,1.0,0.0,0.0,Tumor,1.0,True,,positive,negative,negative,negative,Immune cells,negative,baseline_immune_all_dropout,svtuner_immune_all_dropout,available_nonimmune_reference_assignment_retained,0.4114590188092765,0.4114590188092765,False,0.5885409811907235,,1.0,Endothelial cells,1.0,0.0,1.0,Endothelial cells,1.0,ok,True,both,negative,0
AGTCGACGGTCTCAAG-1,1,38,90,6891,9171,30570.0,22970.0,26,26,0,0,1.0,0.0,0.0,Tumor,1.0,True,,positive,negative,negative,negative,Immune cells,negative,baseline_immune_all_dropout,svtuner_immune_all_dropout,available_nonimmune_reference_assignment_retained,0.2327032129367749,0.2327032129367749,False,0.7672967870632251,,1.0,Epithelial cells,1.0,0.0,1.0,Epithelial cells,1.0,ok,True,both,negative,0
AGTCGGTTGCGTGAGA-1,1,40,112,7194,11089,36963.3333333333,23980.0,31,31,0,0,1.0,0.0,0.0,Tumor,1.0,True,,positive,negative,negative,negative,Immune cells,negative,baseline_immune_all_dropout,svtuner_immune_all_dropout,available_nonimmune_reference_assignment_retained,0.5251535081346012,0.5251535081346012,False,0.4748464918653988,,1.0,PVL,1.0,0.0,1.0,PVL,1.0,ok,True,both,negative,0
AGTCGTATAAAGCAGA-1,1,65,81,10988,8389,27963.3333333333,36626.6666666667,18,18,0,0,1.0,0.0,0.0,Tumor,1.0,True,,positive,negative,negative,negative,Immune cells,negative,baseline_immune_all_dropout,svtuner_immune_all_dropout,available_nonimmune_reference_assignment_retained,0.3631321096501078,0.3631321096501078,False,0.6368678903498922,,1.0,PVL,0.8,0.0,1.0,PVL,0.8,ok,True,both,negative,0
AGTCGTCGACCACCAA-1,1,57,91,9774,9260,30866.6666666667,32580.0,30,30,0,0,1.0,0.0,0.0,Tumor,1.0,True,,positive,negative,negative,negative,Immune cells,negative,baseline_immune_all_dropout,svtuner_immune_all_dropout,available_nonimmune_reference_assignment_retained,0.2984750113137876,0.2984750113137876,False,0.7015249886862124,,1.0,PVL,1.0,0.0,1.0,PVL,1.0,ok,True,both,negative,0
AGTCGTGGGCATTACG-1,1,51,29,8867,3854,12846.6666666667,29556.6666666667,18,18,0,0,1.0,0.0,0.0,Tumor,1.0,True,,positive,negative,negative,negative,Immune cells,negative,baseline_immune_all_dropout,svtuner_immune_all_dropout,available_nonimmune_reference_assignment_retained,0.2065800418610039,0.2065800418610039,False,0.7934199581389961,,1.0,Epithelial cells,1.0,0.0,1.0,Epithelial cells,1.0,ok,True,both,negative,0
AGTCTCACAAGACTAC-1,1,54,30,9322,3942,13140.0,31073.3333333333,20,17,3,0,0.85,0.15,0.0,Tumor,0.85,True,,positive,negative,negative,negative,Immune cells,negative,baseline_immune_all_dropout,svtuner_immune_all_dropout,available_nonimmune_reference_assignment_retained,0.3169708104962329,0.3169708104962329,False,0.6830291895037671,,1.0,PVL,0.6666666666666666,0.0,1.0,PVL,0.6666666666666666,ok,True,both,negative,0
AGTCTTTAAAGTGTCC-1,1,67,77,11291,8040,26800.0,37636.6666666667,7,3,0,4,0.4285714285714285,0.0,0.5714285714285714,Stroma,0.5714285714285714,True,,ambiguous,negative,ambiguous,negative,Immune cells,negative,baseline_immune_all_dropout,svtuner_immune_all_dropout,available_nonimmune_reference_assignment_retained,0.3741641977817971,0.3741641977817971,False,0.6258358022182029,,1.0,Fibroblasts,1.0,0.0,1.0,Fibroblasts,1.0,ok,True,both,negative,0
AGTGAACAAACTTCTC-1,1,44,102,7801,10218,34060.0,26003.3333333333,20,19,1,0,0.95,0.05,0.0,Tumor,0.95,True,,positive,negative,negative,negative,Immune cells,negative,baseline_immune_all_dropout,svtuner_immune_all_dropout,available_nonimmune_reference_assignment_retained,0.355070782080975,0.355070782080975,False,0.644929217919025,,1.0,Endothelial cells,1.0,0.0,1.0,Endothelial cells,1.0,ok,True,both,negative,0
AGTGAAGATGGTGTCC-1,1,21,121,4311,11872,39573.3333333333,14370.0,28,28,0,0,1.0,0.0,0.0,Tumor,1.0,True,,positive,negative,negative,negative,Immune cells,negative,baseline_immune_all_dropout,svtuner_immune_all_dropout,available_nonimmune_reference_assignment_retained,0.4006518649632128,0.4006518649632128,False,0.5993481350367872,,1.0,Fibroblasts,1.0,0.0,1.0,Fibroblasts,1.0,ok,True,both,negative,0
AGTGACCTACTTTACG-1,1,44,52,7804,5859,19530.0,26013.3333333333,23,23,0,0,1.0,0.0,0.0,Tumor,1.0,True,,positive,negative,negative,negative,Immune cells,negative,baseline_immune_all_dropout,svtuner_immune_all_dropout,available_nonimmune_reference_assignment_retained,0.3311570599870618,0.3311570599870618,False,0.6688429400129382,,1.0,PVL,1.0,0.0,1.0,PVL,1.0,ok,True,both,negative,0
AGTGACTGTGACACAA-1,1,66,28,11142,3768,12560.0,37140.0,21,20,0,1,0.9523809523809524,0.0,0.0476190476190476,Tumor,0.9523809523809524,True,,positive,negative,negative,negative,Immune cells,negative,baseline_immune_all_dropout,svtuner_immune_all_dropout,available_nonimmune_reference_assignment_retained,0.2133518269399573,0.2133518269399573,False,0.7866481730600428,,1.0,Epithelial cells,0.5,0.0,1.0,Epithelial cells,0.5,ok,True,both,negative,0
AGTGAGACTTCCAGTA-1,1,35,87,6436,8909,29696.6666666667,21453.3333333333,26,26,0,0,1.0,0.0,0.0,Tumor,1.0,True,,positive,negative,negative,negative,Immune cells,negative,baseline_immune_all_dropout,svtuner_immune_all_dropout,available_nonimmune_reference_assignment_retained,0.2962836009057159,0.2962836009057159,False,0.7037163990942841,,1.0,Endothelial cells,0.8333333333333334,0.0,1.0,Endothelial cells,0.8333333333333334,ok,True,both,negative,0
AGTGAGCCTCGCCGCC-1,1,29,103,5525,10304,34346.6666666667,18416.6666666667,23,23,0,0,1.0,0.0,0.0,Tumor,1.0,True,,positive,negative,negative,negative,Immune cells,negative,baseline_immune_all_dropout,svtuner_immune_all_dropout,available_nonimmune_reference_assignment_retained,0.3957287158454545,0.3957287158454545,False,0.6042712841545455,,1.0,PVL,1.0,0.0,1.0,PVL,1.0,ok,True,both,negative,0
AGTGATTCAAGCAGGA-1,1,33,87,6133,8909,29696.6666666667,20443.3333333333,34,26,6,2,0.7647058823529411,0.1764705882352941,0.0588235294117647,Tumor,0.7647058823529411,True,,positive,negative,negative,negative,Immune cells,negative,baseline_immune_all_dropout,svtuner_immune_all_dropout,available_nonimmune_reference_assignment_retained,0.4321709591027619,0.4321709591027619,False,0.5678290408972382,,1.0,PVL,1.0,0.0,1.0,PVL,1.0,ok,True,both,negative,0
AGTGCACGCTTAAGAA-1,1,52,96,9015,9696,32320.0,30050.0,24,24,0,0,1.0,0.0,0.0,Tumor,1.0,True,,positive,negative,negative,negative,Immune cells,negative,baseline_immune_all_dropout,svtuner_immune_all_dropout,available_nonimmune_reference_assignment_retained,0.3184847281398134,0.3184847281398134,False,0.6815152718601867,,1.0,PVL,1.0,0.0,1.0,PVL,1.0,ok,True,both,negative,0
AGTGCGTAGCTCGTAA-1,1,46,42,8108,4987,16623.3333333333,27026.6666666667,28,18,3,7,0.6428571428571429,0.1071428571428571,0.25,Tumor,0.6428571428571429,True,,positive,negative,ambiguous,negative,Immune cells,negative,baseline_immune_all_dropout,svtuner_immune_all_dropout,reference_unrepresented_withheld_by_stage3b,0.5672729531867788,0.5672729531867788,True,0.4327270468132211,,0.0,__withheld_reference_unrepresented__,0.0,0.0,1.0,Fibroblasts,0.5,ok,True,both,negative,0
AGTGCTAAACACAGCA-1,1,61,91,10380,9260,30866.6666666667,34600.0,13,1,0,12,0.0769230769230769,0.0,0.9230769230769232,Stroma,0.9230769230769232,True,,negative,negative,positive,negative,Immune cells,negative,baseline_immune_all_dropout,svtuner_immune_all_dropout,available_nonimmune_reference_assignment_retained,0.5385957313295456,0.5385957313295456,False,0.4614042686704543,,1.0,PVL,1.0,0.0,1.0,PVL,1.0,ok,True,both,negative,0
AGTGCTTGCACGAATA-1,1,41,89,7347,9084,30280.0,24490.0,25,25,0,0,1.0,0.0,0.0,Tumor,1.0,True,,positive,negative,negative,negative,Immune cells,negative,baseline_immune_all_dropout,svtuner_immune_all_dropout,available_nonimmune_reference_assignment_retained,0.4050183203846645,0.4050183203846645,False,0.5949816796153355,,1.0,Endothelial cells,1.0,0.0,1.0,Endothelial cells,1.0,ok,True,both,negative,0
AGTTAAACACTTGCGA-1,1,40,44,7197,5161,17203.3333333333,23990.0,25,24,1,0,0.96,0.04,0.0,Tumor,0.96,True,,positive,negative,negative,negative,Immune cells,negative,baseline_immune_all_dropout,svtuner_immune_all_dropout,available_nonimmune_reference_assignment_retained,0.1763673958632278,0.1763673958632278,False,0.8236326041367722,,1.0,Endothelial cells,1.0,0.0,1.0,Endothelial cells,1.0,ok,True,both,negative,0
AGTTCCTATTTATGTT-1,1,43,65,7651,6992,23306.6666666667,25503.3333333333,22,20,0,2,0.9090909090909092,0.0,0.0909090909090909,Tumor,0.9090909090909092,True,,positive,negative,negative,negative,Immune cells,negative,baseline_immune_all_dropout,svtuner_immune_all_dropout,available_nonimmune_reference_assignment_retained,0.3932193888370058,0.3932193888370058,False,0.6067806111629942,,1.0,Endothelial cells,1.0,0.0,1.0,Endothelial cells,1.0,ok,True,both,negative,0
AGTTGACGGTCCTTGC-1,1,65,63,10989,6820,22733.3333333333,36630.0,29,29,0,0,1.0,0.0,0.0,Tumor,1.0,True,,positive,negative,negative,negative,Immune cells,negative,baseline_immune_all_dropout,svtuner_immune_all_dropout,available_nonimmune_reference_assignment_retained,0.4141079447659057,0.4141079447659057,False,0.5858920552340943,,1.0,PVL,1.0,0.0,1.0,PVL,1.0,ok,True,both,negative,0
AGTTGGCAAGGCTAGA-1,1,68,106,11441,10569,35230.0,38136.6666666667,16,12,3,1,0.75,0.1875,0.0625,Tumor,0.75,True,,positive,negative,negative,negative,Immune cells,negative,baseline_immune_all_dropout,svtuner_immune_all_dropout,available_nonimmune_reference_assignment_retained,0.6066179431393812,0.6066179431393812,False,0.3933820568606188,,1.0,Endothelial cells,1.0,0.0,1.0,Endothelial cells,1.0,ok,True,both,negative,0
AGTTTATGTAAAGACA-1,1,25,121,4918,11873,39576.6666666667,16393.3333333333,29,29,0,0,1.0,0.0,0.0,Tumor,1.0,True,,positive,negative,negative,negative,Immune cells,negative,baseline_immune_all_dropout,svtuner_immune_all_dropout,available_nonimmune_reference_assignment_retained,0.3318916404899508,0.3318916404899508,False,0.6681083595100492,,1.0,PVL,1.0,0.0,1.0,PVL,1.0,ok,True,both,negative,0
AGTTTGCACCTGCCTC-1,1,58,74,9926,7778,25926.6666666667,33086.6666666667,25,25,0,0,1.0,0.0,0.0,Tumor,1.0,True,,positive,negative,negative,negative,Immune cells,negative,baseline_immune_all_dropout,svtuner_immune_all_dropout,available_nonimmune_reference_assignment_retained,0.3000524218109572,0.3000524218109572,False,0.6999475781890427,,1.0,PVL,0.6666666666666666,0.0,1.0,PVL,0.6666666666666666,ok,True,both,negative,0
AGTTTGGCACGGGTTG-1,1,48,102,8408,10218,34060.0,28026.6666666667,23,23,0,0,1.0,0.0,0.0,Tumor,1.0,True,,positive,negative,negative,negative,Immune cells,negative,baseline_immune_all_dropout,svtuner_immune_all_dropout,available_nonimmune_reference_assignment_retained,0.32836821439298,0.32836821439298,False,0.67163178560702,,1.0,Fibroblasts,0.6,0.0,1.0,Fibroblasts,0.6,ok,True,both,negative,0
AGTTTGGCCAGACCTA-1,1,47,31,8260,4028,13426.6666666667,27533.3333333333,35,34,0,1,0.9714285714285714,0.0,0.0285714285714285,Tumor,0.9714285714285714,True,,positive,negative,negative,negative,Immune cells,negative,baseline_immune_all_dropout,svtuner_immune_all_dropout,available_nonimmune_reference_assignment_retained,0.1996864132402289,0.1996864132402289,False,0.800313586759771,,1.0,Epithelial cells,1.0,0.0,1.0,Epithelial cells,1.0,ok,True,both,negative,0
ATAAACGGACCCGTAA-1,1,47,61,8258,6644,22146.6666666667,27526.6666666667,25,25,0,0,1.0,0.0,0.0,Tumor,1.0,True,,positive,negative,negative,negative,Immune cells,negative,baseline_immune_all_dropout,svtuner_immune_all_dropout,available_nonimmune_reference_assignment_retained,0.3047635402492586,0.3047635402492586,False,0.6952364597507414,,1.0,Epithelial cells,1.0,0.0,1.0,Epithelial cells,1.0,ok,True,both,negative,0
ATAAACGTTGCACCAC-1,1,57,107,9773,10655,35516.6666666667,32576.6666666667,13,13,0,0,1.0,0.0,0.0,Tumor,1.0,True,,positive,negative,negative,negative,Immune cells,negative,baseline_immune_all_dropout,svtuner_immune_all_dropout,available_nonimmune_reference_assignment_retained,0.4361574218694532,0.4361574218694532,False,0.5638425781305467,,1.0,Fibroblasts,1.0,0.0,1.0,Fibroblasts,1.0,ok,True,both,negative,0
ATAAAGGCTCGGTCGT-1,1,34,50,6287,5683,18943.3333333333,20956.6666666667,31,31,0,0,1.0,0.0,0.0,Tumor,1.0,True,,positive,negative,negative,negative,Immune cells,negative,baseline_immune_all_dropout,svtuner_immune_all_dropout,available_nonimmune_reference_assignment_retained,0.2213979772691412,0.2213979772691412,False,0.7786020227308588,,1.0,Epithelial cells,1.0,0.0,1.0,Epithelial cells,1.0,ok,True,both,negative,0
ATAACGCCGGAGGGTC-1,1,35,81,6437,8386,27953.3333333333,21456.6666666667,27,27,0,0,1.0,0.0,0.0,Tumor,1.0,True,,positive,negative,negative,negative,Immune cells,negative,baseline_immune_all_dropout,svtuner_immune_all_dropout,available_nonimmune_reference_assignment_retained,0.4082111014430395,0.4082111014430395,False,0.5917888985569605,,1.0,PVL,1.0,0.0,1.0,PVL,1.0,ok,True,both,negative,0
ATAAGGTGGAGAACAT-1,1,50,72,8713,7603,25343.3333333333,29043.3333333333,18,18,0,0,1.0,0.0,0.0,Tumor,1.0,True,,positive,negative,negative,negative,Immune cells,negative,baseline_immune_all_dropout,svtuner_immune_all_dropout,available_nonimmune_reference_assignment_retained,0.2764622275344308,0.2764622275344308,False,0.7235377724655692,,1.0,Fibroblasts,1.0,0.0,1.0,Fibroblasts,1.0,ok,True,both,negative,0
ATAAGTAGGATTCAGA-1,1,27,103,5222,10303,34343.3333333333,17406.6666666667,23,23,0,0,1.0,0.0,0.0,Tumor,1.0,True,,positive,negative,negative,negative,Immune cells,negative,baseline_immune_all_dropout,svtuner_immune_all_dropout,available_nonimmune_reference_assignment_retained,0.2672406240057512,0.2672406240057512,False,0.7327593759942488,,1.0,PVL,1.0,0.0,1.0,PVL,1.0,ok,True,both,negative,0
ATAAGTAGGGCGACTC-1,1,36,108,6587,10740,35800.0,21956.6666666667,24,24,0,0,1.0,0.0,0.0,Tumor,1.0,True,,positive,negative,negative,negative,Immune cells,negative,baseline_immune_all_dropout,svtuner_immune_all_dropout,available_nonimmune_reference_assignment_retained,0.3435843450126983,0.3435843450126983,False,0.6564156549873017,,1.0,Endothelial cells,1.0,0.0,1.0,Endothelial cells,1.0,ok,True,both,negative,0
ATAAGTTACCGCGACG-1,1,46,52,8107,5859,19530.0,27023.3333333333,28,28,0,0,1.0,0.0,0.0,Tumor,1.0,True,,positive,negative,negative,negative,Immune cells,negative,baseline_immune_all_dropout,svtuner_immune_all_dropout,available_nonimmune_reference_assignment_retained,0.3189887211528733,0.3189887211528733,False,0.6810112788471268,,1.0,Epithelial cells,1.0,0.0,1.0,Epithelial cells,1.0,ok,True,both,negative,0
ATAATAGCTGTTGAAT-1,1,47,63,8258,6818,22726.6666666667,27526.6666666667,27,27,0,0,1.0,0.0,0.0,Tumor,1.0,True,,positive,negative,negative,negative,Immune cells,negative,baseline_immune_all_dropout,svtuner_immune_all_dropout,available_nonimmune_reference_assignment_retained,0.2544142116149395,0.2544142116149395,False,0.7455857883850605,,1.0,Epithelial cells,1.0,0.0,1.0,Epithelial cells,1.0,ok,True,both,negative,0
ATAATCTTGGAGAACC-1,1,61,77,10381,8040,26800.0,34603.3333333333,11,3,0,8,0.2727272727272727,0.0,0.7272727272727273,Stroma,0.7272727272727273,True,,ambiguous,negative,positive,negative,Immune cells,negative,baseline_immune_all_dropout,svtuner_immune_all_dropout,available_nonimmune_reference_assignment_retained,0.4272682042051725,0.4272682042051725,False,0.5727317957948275,,1.0,PVL,1.0,0.0,1.0,PVL,1.0,ok,True,both,negative,0
ATAATTAGCTAAGTAG-1,1,64,64,10837,6907,23023.3333333333,36123.3333333333,30,30,0,0,1.0,0.0,0.0,Tumor,1.0,True,,positive,negative,negative,negative,Immune cells,negative,baseline_immune_all_dropout,svtuner_immune_all_dropout,available_nonimmune_reference_assignment_retained,0.3065384347798636,0.3065384347798636,False,0.6934615652201364,,1.0,Fibroblasts,1.0,0.0,1.0,Fibroblasts,1.0,ok,True,both,negative,0
ATACAGGCCCTCCAAT-1,1,56,72,9623,7604,25346.6666666667,32076.6666666667,15,13,0,2,0.8666666666666667,0.0,0.1333333333333333,Tumor,0.8666666666666667,True,,positive,negative,negative,negative,Immune cells,negative,baseline_immune_all_dropout,svtuner_immune_all_dropout,available_nonimmune_reference_assignment_retained,0.5208820863570038,0.5208820863570038,False,0.4791179136429961,,1.0,Fibroblasts,0.6666666666666666,0.0,1.0,Fibroblasts,0.6666666666666666,ok,True,both,negative,0
ATACCTAACCAAGAAA-1,1,58,64,9927,6906,23020.0,33090.0,19,18,1,0,0.9473684210526316,0.0526315789473684,0.0,Tumor,0.9473684210526316,True,,positive,negative,negative,negative,Immune cells,negative,baseline_immune_all_dropout,svtuner_immune_all_dropout,available_nonimmune_reference_assignment_retained,0.4570443340154461,0.4570443340154461,False,0.5429556659845539,,1.0,Endothelial cells,1.0,0.0,1.0,Endothelial cells,1.0,ok,True,both,negative,0
ATACGAAGGCTTTCCA-1,1,37,123,6738,12048,40160.0,22460.0,31,31,0,0,1.0,0.0,0.0,Tumor,1.0,True,,positive,negative,negative,negative,Immune cells,negative,baseline_immune_all_dropout,svtuner_immune_all_dropout,available_nonimmune_reference_assignment_retained,0.410927631223056,0.410927631223056,False,0.589072368776944,,1.0,PVL,1.0,0.0,1.0,PVL,1.0,ok,True,both,negative,0
ATACGCCGGCGAAACC-1,1,40,78,7195,8125,27083.3333333333,23983.3333333333,25,25,0,0,1.0,0.0,0.0,Tumor,1.0,True,,positive,negative,negative,negative,Immune cells,negative,baseline_immune_all_dropout,svtuner_immune_all_dropout,available_nonimmune_reference_assignment_retained,0.2394840638173359,0.2394840638173359,False,0.7605159361826641,,1.0,Epithelial cells,1.0,0.0,1.0,Epithelial cells,1.0,ok,True,both,negative,0
ATACGTACTTAGCCAC-1,1,55,77,9471,8039,26796.6666666667,31570.0,18,18,0,0,1.0,0.0,0.0,Tumor,1.0,True,,positive,negative,negative,negative,Immune cells,negative,baseline_immune_all_dropout,svtuner_immune_all_dropout,available_nonimmune_reference_assignment_retained,0.3792859388603174,0.3792859388603174,False,0.6207140611396826,,1.0,Endothelial cells,1.0,0.0,1.0,Endothelial cells,1.0,ok,True,both,negative,0
ATACGTCCACTCCTGT-1,1,47,93,8257,9433,31443.3333333333,27523.3333333333,26,26,0,0,1.0,0.0,0.0,Tumor,1.0,True,,positive,negative,negative,negative,Immune cells,negative,baseline_immune_all_dropout,svtuner_immune_all_dropout,available_nonimmune_reference_assignment_retained,0.2455515423228513,0.2455515423228513,False,0.7544484576771486,,1.0,Epithelial cells,1.0,0.0,1.0,Epithelial cells,1.0,ok,True,both,negative,0
ATACGTTATGCACGGA-1,1,63,63,10685,6820,22733.3333333333,35616.6666666667,22,22,0,0,1.0,0.0,0.0,Tumor,1.0,True,,positive,negative,negative,negative,Immune cells,negative,baseline_immune_all_dropout,svtuner_immune_all_dropout,available_nonimmune_reference_assignment_retained,0.4186354494832581,0.4186354494832581,False,0.581364550516742,,1.0,Fibroblasts,1.0,0.0,1.0,Fibroblasts,1.0,ok,True,both,negative,0
ATACTACCCGTACCAC-1,1,59,105,10076,10481,34936.6666666667,33586.6666666667,21,21,0,0,1.0,0.0,0.0,Tumor,1.0,True,,positive,negative,negative,negative,Immune cells,negative,baseline_immune_all_dropout,svtuner_immune_all_dropout,available_nonimmune_reference_assignment_retained,0.3258423914696275,0.3258423914696275,False,0.6741576085303724,,1.0,PVL,1.0,0.0,1.0,PVL,1.0,ok,True,both,negative,0
ATACTGCCTTACACCG-1,1,58,84,9926,8650,28833.3333333333,33086.6666666667,24,24,0,0,1.0,0.0,0.0,Tumor,1.0,True,,positive,negative,negative,negative,Immune cells,negative,baseline_immune_all_dropout,svtuner_immune_all_dropout,available_nonimmune_reference_assignment_retained,0.4204920112773221,0.4204920112773221,False,0.579507988722678,,1.0,Endothelial cells,1.0,0.0,1.0,Endothelial cells,1.0,ok,True,both,negative,0
ATAGACGAAGAGAAAG-1,1,33,45,6135,5247,17490.0,20450.0,20,16,1,3,0.8,0.05,0.15,Tumor,0.8,True,,positive,negative,negative,negative,Immune cells,negative,baseline_immune_all_dropout,svtuner_immune_all_dropout,available_nonimmune_reference_assignment_retained,0.4452815433233184,0.4452815433233184,False,0.5547184566766816,,1.0,Endothelial cells,1.0,0.0,1.0,Endothelial cells,1.0,ok,True,both,negative,0
ATAGCAACTAGGGAAG-1,1,62,98,10532,9871,32903.3333333333,35106.6666666667,27,27,0,0,1.0,0.0,0.0,Tumor,1.0,True,,positive,negative,negative,negative,Immune cells,negative,baseline_immune_all_dropout,svtuner_immune_all_dropout,available_nonimmune_reference_assignment_retained,0.1965524252255587,0.1965524252255587,False,0.8034475747744413,,1.0,Epithelial cells,1.0,0.0,1.0,Epithelial cells,1.0,ok,True,both,negative,0
ATAGGCGGCTATAGAA-1,1,43,33,7653,4202,14006.6666666667,25510.0,23,23,0,0,1.0,0.0,0.0,Tumor,1.0,True,,positive,negative,negative,negative,Immune cells,negative,baseline_immune_all_dropout,svtuner_immune_all_dropout,available_nonimmune_reference_assignment_retained,0.2601272909954992,0.2601272909954992,False,0.7398727090045008,,1.0,PVL,1.0,0.0,1.0,PVL,1.0,ok,True,both,negative,0
ATAGTGAAGCGTTCTC-1,1,41,57,7348,6294,20980.0,24493.3333333333,24,24,0,0,1.0,0.0,0.0,Tumor,1.0,True,,positive,negative,negative,negative,Immune cells,negative,baseline_immune_all_dropout,svtuner_immune_all_dropout,available_nonimmune_reference_assignment_retained,0.2180264175749885,0.2180264175749885,False,0.7819735824250115,,1.0,Epithelial cells,1.0,0.0,1.0,Epithelial cells,1.0,ok,True,both,negative,0
ATAGTTCCACCCACTC-1,1,38,102,6891,10217,34056.6666666667,22970.0,27,27,0,0,1.0,0.0,0.0,Tumor,1.0,True,,positive,negative,negative,negative,Immune cells,negative,baseline_immune_all_dropout,svtuner_immune_all_dropout,available_nonimmune_reference_assignment_retained,0.4836627641092753,0.4836627641092753,False,0.5163372358907248,,1.0,Fibroblasts,1.0,0.0,1.0,Fibroblasts,1.0,ok,True,both,negative,0
ATATAAAGCGCTCGTG-1,1,58,68,9927,7255,24183.3333333333,33090.0,28,28,0,0,1.0,0.0,0.0,Tumor,1.0,True,,positive,negative,negative,negative,Immune cells,negative,baseline_immune_all_dropout,svtuner_immune_all_dropout,available_nonimmune_reference_assignment_retained,0.324974802688623,0.324974802688623,False,0.675025197311377,,1.0,PVL,1.0,0.0,1.0,PVL,1.0,ok,True,both,negative,0
ATATAAATGTAGCTGC-1,1,54,74,9319,7778,25926.6666666667,31063.3333333333,26,26,0,0,1.0,0.0,0.0,Tumor,1.0,True,,positive,negative,negative,negative,Immune cells,negative,baseline_immune_all_dropout,svtuner_immune_all_dropout,available_nonimmune_reference_assignment_retained,0.3575186553713124,0.3575186553713124,False,0.6424813446286877,,1.0,Epithelial cells,1.0,0.0,1.0,Epithelial cells,1.0,ok,True,both,negative,0
ATATAACACGGGCGCA-1,1,66,94,11139,9522,31740.0,37130.0,27,25,2,0,0.925925925925926,0.074074074074074,0.0,Tumor,0.925925925925926,True,,positive,negative,negative,negative,Immune cells,negative,baseline_immune_all_dropout,svtuner_immune_all_dropout,available_nonimmune_reference_assignment_retained,0.2825139626425806,0.2825139626425806,False,0.7174860373574194,,1.0,Fibroblasts,0.8333333333333334,0.0,1.0,Fibroblasts,0.8333333333333334,ok,True,both,negative,0
ATATACGCTCGTGACG-1,1,62,108,10531,10743,35810.0,35103.3333333333,11,5,2,4,0.4545454545454545,0.1818181818181818,0.3636363636363636,Tumor,0.4545454545454545,True,,ambiguous,negative,ambiguous,negative,Immune cells,negative,baseline_immune_all_dropout,svtuner_immune_all_dropout,available_nonimmune_reference_assignment_retained,0.5541540327662517,0.5541540327662517,False,0.4458459672337482,,1.0,PVL,1.0,0.0,1.0,PVL,1.0,ok,True,both,negative,0
ATATCGGTAGGGAGAT-1,1,38,110,6890,10915,36383.3333333333,22966.6666666667,20,20,0,0,1.0,0.0,0.0,Tumor,1.0,True,,positive,negative,negative,negative,Immune cells,negative,baseline_immune_all_dropout,svtuner_immune_all_dropout,available_nonimmune_reference_assignment_retained,0.3541737563150076,0.3541737563150076,False,0.6458262436849924,,1.0,PVL,1.0,0.0,1.0,PVL,1.0,ok,True,both,negative,0
ATATCGTTCCTCGAAC-1,1,58,92,9925,9347,31156.6666666667,33083.3333333333,22,22,0,0,1.0,0.0,0.0,Tumor,1.0,True,,positive,negative,negative,negative,Immune cells,negative,baseline_immune_all_dropout,svtuner_immune_all_dropout,available_nonimmune_reference_assignment_retained,0.2498054906819846,0.2498054906819846,False,0.7501945093180153,,1.0,Epithelial cells,1.0,0.0,1.0,Epithelial cells,1.0,ok,True,both,negative,0
ATATGGGATAGCAACT-1,1,71,55,11899,6123,20410.0,39663.3333333333,9,5,0,4,0.5555555555555556,0.0,0.4444444444444444,Tumor,0.5555555555555556,True,,ambiguous,negative,ambiguous,negative,Immune cells,negative,baseline_immune_all_dropout,svtuner_immune_all_dropout,available_nonimmune_reference_assignment_retained,0.4910624264262199,0.4910624264262199,False,0.5089375735737801,,1.0,Fibroblasts,0.6666666666666666,0.0,1.0,Fibroblasts,0.6666666666666666,ok,True,both,negative,0
ATATGTCTAGAGCGTG-1,1,74,68,12354,7256,24186.6666666667,41180.0,25,0,25,0,0.0,1.0,0.0,Immune cells,1.0,True,,negative,positive,negative,positive,Immune cells,positive,baseline_immune_all_dropout,svtuner_immune_all_dropout,reference_unrepresented_withheld_by_stage3b,0.6713486556795338,0.6713486556795338,True,0.3286513443204661,,0.0,__withheld_reference_unrepresented__,0.0,0.0,1.0,Fibroblasts,1.0,ok,True,both,positive,1
ATATGTCTCCCTAGCC-1,1,35,97,6436,9781,32603.3333333333,21453.3333333333,22,20,2,0,0.9090909090909092,0.0909090909090909,0.0,Tumor,0.9090909090909092,True,,positive,negative,negative,negative,Immune cells,negative,baseline_immune_all_dropout,svtuner_immune_all_dropout,available_nonimmune_reference_assignment_retained,0.3203214542737784,0.3203214542737784,False,0.6796785457262216,,1.0,PVL,0.6666666666666666,0.0,1.0,PVL,0.6666666666666666,ok,True,both,negative,0
ATATTCAGTTAAACCT-1,1,44,40,7804,4813,16043.3333333333,26013.3333333333,27,26,1,0,0.9629629629629628,0.037037037037037,0.0,Tumor,0.9629629629629628,True,,positive,negative,negative,negative,Immune cells,negative,baseline_immune_all_dropout,svtuner_immune_all_dropout,available_nonimmune_reference_assignment_retained,0.2592573372354795,0.2592573372354795,False,0.7407426627645205,,1.0,Epithelial cells,1.0,0.0,1.0,Epithelial cells,1.0,ok,True,both,negative,0
ATATTCCACATAGTGA-1,1,51,77,8864,8039,26796.6666666667,29546.6666666667,16,16,0,0,1.0,0.0,0.0,Tumor,1.0,True,,positive,negative,negative,negative,Immune cells,negative,baseline_immune_all_dropout,svtuner_immune_all_dropout,available_nonimmune_reference_assignment_retained,0.305321829877151,0.305321829877151,False,0.694678170122849,,1.0,PVL,1.0,0.0,1.0,PVL,1.0,ok,True,both,negative,0
ATATTGGAGAGGCCTT-1,1,59,121,10075,11876,39586.6666666667,33583.3333333333,20,0,16,4,0.0,0.8,0.2,Immune cells,0.8,True,,negative,positive,negative,positive,Immune cells,positive,baseline_immune_all_dropout,svtuner_immune_all_dropout,reference_unrepresented_withheld_by_stage3b,0.5431618378923059,0.5431618378923059,True,0.4568381621076941,,0.0,__withheld_reference_unrepresented__,0.0,0.0,1.0,PVL,1.0,ok,True,both,positive,1
ATATTTAACCCTCAAG-1,1,31,55,5831,6119,20396.6666666667,19436.6666666667,6,0,0,6,0.0,0.0,1.0,Stroma,1.0,True,,negative,negative,positive,negative,Immune cells,negative,baseline_immune_all_dropout,svtuner_immune_all_dropout,available_nonimmune_reference_assignment_retained,0.6411100535235876,0.6411100535235876,False,0.3588899464764123,,1.0,Fibroblasts,1.0,0.0,1.0,Fibroblasts,1.0,ok,True,both,negative,0
ATCAAACACTGTTCCA-1,1,47,107,8256,10654,35513.3333333333,27520.0,31,31,0,0,1.0,0.0,0.0,Tumor,1.0,True,,positive,negative,negative,negative,Immune cells,negative,baseline_immune_all_dropout,svtuner_immune_all_dropout,available_nonimmune_reference_assignment_retained,0.2388943831491415,0.2388943831491415,False,0.7611056168508585,,1.0,Epithelial cells,0.7142857142857143,0.0,1.0,Epithelial cells,0.7142857142857143,ok,True,both,negative,0
ATCAAACGAAGGTTTG-1,1,49,33,8563,4203,14010.0,28543.3333333333,29,29,0,0,1.0,0.0,0.0,Tumor,1.0,True,,positive,negative,negative,negative,Immune cells,negative,baseline_immune_all_dropout,svtuner_immune_all_dropout,available_nonimmune_reference_assignment_retained,0.2525245731273572,0.2525245731273572,False,0.7474754268726428,,1.0,Epithelial cells,1.0,0.0,1.0,Epithelial cells,1.0,ok,True,both,negative,0
ATCAAAGAGCCGTGGT-1,1,76,62,12657,6734,22446.6666666667,42190.0,10,8,2,0,0.8,0.2,0.0,Tumor,0.8,True,,positive,negative,negative,negative,Immune cells,negative,baseline_immune_all_dropout,svtuner_immune_all_dropout,available_nonimmune_reference_assignment_retained,0.5969273755980433,0.5969273755980433,False,0.4030726244019567,,1.0,Endothelial cells,1.0,0.0,1.0,Endothelial cells,1.0,ok,True,both,negative,0
ATCAAGATCCCAGGAC-1,1,72,58,12051,6384,21280.0,40170.0,20,17,2,1,0.85,0.1,0.05,Tumor,0.85,True,,positive,negative,negative,negative,Immune cells,negative,baseline_immune_all_dropout,svtuner_immune_all_dropout,available_nonimmune_reference_assignment_retained,0.4190059916657366,0.4190059916657366,False,0.5809940083342634,,1.0,Endothelial cells,1.0,0.0,1.0,Endothelial cells,1.0,ok,True,both,negative,0
ATCAATCTGGGCTGCA-1,1,33,65,6134,6991,23303.3333333333,20446.6666666667,12,0,0,12,0.0,0.0,1.0,Stroma,1.0,True,,negative,negative,positive,negative,Immune cells,negative,baseline_immune_all_dropout,svtuner_immune_all_dropout,reference_unrepresented_withheld_by_stage3b,0.4943525873537769,0.4943525873537769,True,0.5056474126462231,,0.0,__withheld_reference_unrepresented__,0.0,0.0,1.0,Endothelial cells,0.75,ok,True,both,negative,0
ATCACGTGCTAATTAA-1,1,46,36,8108,4464,14880.0,27026.6666666667,19,10,1,8,0.5263157894736842,0.0526315789473684,0.4210526315789473,Tumor,0.5263157894736842,True,,ambiguous,negative,ambiguous,negative,Immune cells,negative,baseline_immune_all_dropout,svtuner_immune_all_dropout,available_nonimmune_reference_assignment_retained,0.2383888314266908,0.2383888314266908,False,0.7616111685733092,,1.0,Fibroblasts,1.0,0.0,1.0,Fibroblasts,1.0,ok,True,both,negative,0
ATCAGACGGCACGCCG-1,1,44,42,7804,4987,16623.3333333333,26013.3333333333,28,28,0,0,1.0,0.0,0.0,Tumor,1.0,True,,positive,negative,negative,negative,Immune cells,negative,baseline_immune_all_dropout,svtuner_immune_all_dropout,available_nonimmune_reference_assignment_retained,0.362290485162483,0.362290485162483,False,0.6377095148375169,,1.0,Endothelial cells,0.75,0.0,1.0,Endothelial cells,0.75,ok,True,both,negative,0
ATCAGCCTCATGCTGC-1,1,57,87,9774,8911,29703.3333333333,32580.0,23,23,0,0,1.0,0.0,0.0,Tumor,1.0,True,,positive,negative,negative,negative,Immune cells,negative,baseline_immune_all_dropout,svtuner_immune_all_dropout,available_nonimmune_reference_assignment_retained,0.3144832384904255,0.3144832384904255,False,0.6855167615095745,,1.0,Endothelial cells,1.0,0.0,1.0,Endothelial cells,1.0,ok,True,both,negative,0
ATCAGGTAGCTGACAG-1,1,33,127,6131,12396,41320.0,20436.6666666667,24,23,1,0,0.9583333333333334,0.0416666666666666,0.0,Tumor,0.9583333333333334,True,,positive,negative,negative,negative,Immune cells,negative,baseline_immune_all_dropout,svtuner_immune_all_dropout,available_nonimmune_reference_assignment_retained,0.444732823897642,0.444732823897642,False,0.555267176102358,,1.0,Fibroblasts,1.0,0.0,1.0,Fibroblasts,1.0,ok,True,both,negative,0
ATCATAGCCCTATGTA-1,1,62,106,10531,10568,35226.6666666667,35103.3333333333,18,15,2,1,0.8333333333333334,0.1111111111111111,0.0555555555555555,Tumor,0.8333333333333334,True,,positive,negative,negative,negative,Immune cells,negative,baseline_immune_all_dropout,svtuner_immune_all_dropout,available_nonimmune_reference_assignment_retained,0.4201252159527764,0.4201252159527764,False,0.5798747840472236,,1.0,PVL,1.0,0.0,1.0,PVL,1.0,ok,True,both,negative,0
ATCATCCAATATTTGT-1,1,39,59,7045,6469,21563.3333333333,23483.3333333333,24,24,0,0,1.0,0.0,0.0,Tumor,1.0,True,,positive,negative,negative,negative,Immune cells,negative,baseline_immune_all_dropout,svtuner_immune_all_dropout,available_nonimmune_reference_assignment_retained,0.2009051493957036,0.2009051493957036,False,0.7990948506042964,,1.0,Epithelial cells,1.0,0.0,1.0,Epithelial cells,1.0,ok,True,both,negative,0
ATCATGGACTACCGAC-1,1,44,126,7800,12310,41033.3333333333,26000.0,22,21,1,0,0.9545454545454546,0.0454545454545454,0.0,Tumor,0.9545454545454546,True,,positive,negative,negative,negative,Immune cells,negative,baseline_immune_all_dropout,svtuner_immune_all_dropout,available_nonimmune_reference_assignment_retained,0.6856700390628727,0.6856700390628727,False,0.3143299609371273,,1.0,PVL,1.0,0.0,1.0,PVL,1.0,ok,True,both,negative,0
ATCCACATCGACAGAA-1,1,62,72,10533,7604,25346.6666666667,35110.0,23,21,0,2,0.9130434782608696,0.0,0.0869565217391304,Tumor,0.9130434782608696,True,,positive,negative,negative,negative,Immune cells,negative,baseline_immune_all_dropout,svtuner_immune_all_dropout,available_nonimmune_reference_assignment_retained,0.3340862831070827,0.3340862831070827,False,0.6659137168929172,,1.0,PVL,1.0,0.0,1.0,PVL,1.0,ok,True,both,negative,0
ATCCAGAGCAACAACC-1,1,50,52,8714,5859,19530.0,29046.6666666667,26,26,0,0,1.0,0.0,0.0,Tumor,1.0,True,,positive,negative,negative,negative,Immune cells,negative,baseline_immune_all_dropout,svtuner_immune_all_dropout,available_nonimmune_reference_assignment_retained,0.4007577747093975,0.4007577747093975,False,0.5992422252906024,,1.0,Fibroblasts,1.0,0.0,1.0,Fibroblasts,1.0,ok,True,both,negative,0
ATCCAGGATTCGTGAA-1,1,40,46,7197,5335,17783.3333333333,23990.0,15,6,2,7,0.4,0.1333333333333333,0.4666666666666667,Stroma,0.4666666666666667,True,,ambiguous,negative,ambiguous,negative,Immune cells,negative,baseline_immune_all_dropout,svtuner_immune_all_dropout,available_nonimmune_reference_assignment_retained,0.2417562508456794,0.2417562508456794,False,0.7582437491543206,,1.0,Endothelial cells,1.0,0.0,1.0,Endothelial cells,1.0,ok,True,both,negative,0
ATCCTACCTAAGCTCT-1,1,44,48,7804,5510,18366.6666666667,26013.3333333333,13,0,12,1,0.0,0.9230769230769232,0.0769230769230769,Immune cells,0.9230769230769232,True,,negative,positive,negative,positive,Immune cells,positive,baseline_immune_all_dropout,svtuner_immune_all_dropout,reference_unrepresented_withheld_by_stage3b,0.59781472898914,0.59781472898914,True,0.40218527101086,,0.0,__withheld_reference_unrepresented__,0.0,0.0,1.0,Fibroblasts,1.0,ok,True,both,positive,1
ATCCTGCGTGGAATGG-1,1,45,47,7956,5423,18076.6666666667,26520.0,20,5,12,3,0.25,0.6,0.15,Immune cells,0.6,True,,ambiguous,positive,negative,positive,Immune cells,positive,baseline_immune_all_dropout,svtuner_immune_all_dropout,reference_unrepresented_withheld_by_stage3b,0.5474748946573759,0.5474748946573759,True,0.4525251053426241,,0.0,__withheld_reference_unrepresented__,0.0,0.0,1.0,Fibroblasts,1.0,ok,True,both,positive,1
ATCCTTCTGAAAGAAC-1,1,48,126,8406,12311,41036.6666666667,28020.0,32,32,0,0,1.0,0.0,0.0,Tumor,1.0,True,,positive,negative,negative,negative,Immune cells,negative,baseline_immune_all_dropout,svtuner_immune_all_dropout,available_nonimmune_reference_assignment_retained,0.3358038806523042,0.3358038806523042,False,0.6641961193476957,,1.0,Fibroblasts,0.6,0.0,1.0,Fibroblasts,0.6,ok,True,both,negative,0
ATCGACCCAATACAGA-1,1,43,63,7651,6818,22726.6666666667,25503.3333333333,29,29,0,0,1.0,0.0,0.0,Tumor,1.0,True,,positive,negative,negative,negative,Immune cells,negative,baseline_immune_all_dropout,svtuner_immune_all_dropout,available_nonimmune_reference_assignment_retained,0.3795248407641822,0.3795248407641822,False,0.6204751592358178,,1.0,Endothelial cells,0.5,0.0,1.0,Endothelial cells,0.5,ok,True,both,negative,0
ATCGCCAGTCAACATT-1,1,45,105,7952,10479,34930.0,26506.6666666667,27,27,0,0,1.0,0.0,0.0,Tumor,1.0,True,,positive,negative,negative,negative,Immune cells,negative,baseline_immune_all_dropout,svtuner_immune_all_dropout,available_nonimmune_reference_assignment_retained,0.5685042320168571,0.5685042320168571,False,0.4314957679831429,,1.0,Endothelial cells,1.0,0.0,1.0,Endothelial cells,1.0,ok,True,both,negative,0
ATCGCTTTACGTCTCA-1,1,35,125,6434,12222,40740.0,21446.6666666667,24,24,0,0,1.0,0.0,0.0,Tumor,1.0,True,,positive,negative,negative,negative,Immune cells,negative,baseline_immune_all_dropout,svtuner_immune_all_dropout,available_nonimmune_reference_assignment_retained,0.4275387812016386,0.4275387812016386,False,0.5724612187983614,,1.0,PVL,1.0,0.0,1.0,PVL,1.0,ok,True,both,negative,0
ATCGGAGACAGACGGC-1,1,52,76,9016,7952,26506.6666666667,30053.3333333333,19,19,0,0,1.0,0.0,0.0,Tumor,1.0,True,,positive,negative,negative,negative,Immune cells,negative,baseline_immune_all_dropout,svtuner_immune_all_dropout,available_nonimmune_reference_assignment_retained,0.3644721359909477,0.3644721359909477,False,0.6355278640090523,,1.0,Fibroblasts,1.0,0.0,1.0,Fibroblasts,1.0,ok,True,both,negative,0
ATCGTTAGCTAGCGGA-1,1,58,98,9925,9870,32900.0,33083.3333333333,25,25,0,0,1.0,0.0,0.0,Tumor,1.0,True,,positive,negative,negative,negative,Immune cells,negative,baseline_immune_all_dropout,svtuner_immune_all_dropout,available_nonimmune_reference_assignment_retained,0.4865636312532832,0.4865636312532832,False,0.5134363687467167,,1.0,PVL,0.6666666666666666,0.0,1.0,PVL,0.6666666666666666,ok,True,both,negative,0
ATCTACCATCTGCTCC-1,1,70,88,11746,9000,30000.0,39153.3333333333,28,28,0,0,1.0,0.0,0.0,Tumor,1.0,True,,positive,negative,negative,negative,Immune cells,negative,baseline_immune_all_dropout,svtuner_immune_all_dropout,available_nonimmune_reference_assignment_retained,0.2226422524399691,0.2226422524399691,False,0.7773577475600308,,1.0,Epithelial cells,1.0,0.0,1.0,Epithelial cells,1.0,ok,True,both,negative,0
ATCTAGCTTGTGAGGG-1,1,67,65,11292,6994,23313.3333333333,37640.0,18,12,3,3,0.6666666666666666,0.1666666666666666,0.1666666666666666,Tumor,0.6666666666666666,True,,positive,negative,negative,negative,Immune cells,negative,baseline_immune_all_dropout,svtuner_immune_all_dropout,available_nonimmune_reference_assignment_retained,0.3677651007824357,0.3677651007824357,False,0.6322348992175644,,1.0,Fibroblasts,1.0,0.0,1.0,Fibroblasts,1.0,ok,True,both,negative,0
ATCTCCCACGGAATAT-1,1,60,108,10228,10742,35806.6666666667,34093.3333333333,32,32,0,0,1.0,0.0,0.0,Tumor,1.0,True,,positive,negative,negative,negative,Immune cells,negative,baseline_immune_all_dropout,svtuner_immune_all_dropout,available_nonimmune_reference_assignment_retained,0.4827590453986456,0.4827590453986456,False,0.5172409546013543,,1.0,PVL,1.0,0.0,1.0,PVL,1.0,ok,True,both,negative,0
ATCTCGTGAGCGAAAC-1,1,48,116,8407,11439,38130.0,28023.3333333333,15,15,0,0,1.0,0.0,0.0,Tumor,1.0,True,,positive,negative,negative,negative,Immune cells,negative,baseline_immune_all_dropout,svtuner_immune_all_dropout,available_nonimmune_reference_assignment_retained,0.4091077289716296,0.4091077289716296,False,0.5908922710283704,,1.0,Fibroblasts,1.0,0.0,1.0,Fibroblasts,1.0,ok,True,both,negative,0
ATCTGACATGGAAGGA-1,1,63,41,10687,4902,16340.0,35623.3333333333,17,12,3,2,0.7058823529411765,0.1764705882352941,0.1176470588235294,Tumor,0.7058823529411765,True,,positive,negative,negative,negative,Immune cells,negative,baseline_immune_all_dropout,svtuner_immune_all_dropout,available_nonimmune_reference_assignment_retained,0.2637989113082853,0.2637989113082853,False,0.7362010886917147,,1.0,Fibroblasts,1.0,0.0,1.0,Fibroblasts,1.0,ok,True,both,negative,0
ATCTGCACCTCTGCGA-1,1,29,101,5526,10129,33763.3333333333,18420.0,27,26,1,0,0.9629629629629628,0.037037037037037,0.0,Tumor,0.9629629629629628,True,,positive,negative,negative,negative,Immune cells,negative,baseline_immune_all_dropout,svtuner_immune_all_dropout,available_nonimmune_reference_assignment_retained,0.333466934570261,0.333466934570261,False,0.666533065429739,,1.0,Fibroblasts,1.0,0.0,1.0,Fibroblasts,1.0,ok,True,both,negative,0
ATCTGGGCTGTTCTTG-1,1,61,69,10382,7342,24473.3333333333,34606.6666666667,9,2,0,7,0.2222222222222222,0.0,0.7777777777777778,Stroma,0.7777777777777778,True,,ambiguous,negative,positive,negative,Immune cells,negative,baseline_immune_all_dropout,svtuner_immune_all_dropout,available_nonimmune_reference_assignment_retained,0.5410300142297075,0.5410300142297075,False,0.4589699857702924,,1.0,Endothelial cells,1.0,0.0,1.0,Endothelial cells,1.0,ok,True,both,negative,0
ATCTTTCGTATAACCA-1,1,26,120,5069,11785,39283.3333333333,16896.6666666667,26,26,0,0,1.0,0.0,0.0,Tumor,1.0,True,,positive,negative,negative,negative,Immune cells,negative,baseline_immune_all_dropout,svtuner_immune_all_dropout,available_nonimmune_reference_assignment_retained,0.3618861933886154,0.3618861933886154,False,0.6381138066113846,,1.0,Endothelial cells,0.8,0.0,1.0,Endothelial cells,0.8,ok,True,both,negative,0
ATGACGCGTTCTATCC-1,1,52,30,9018,3941,13136.6666666667,30060.0,29,29,0,0,1.0,0.0,0.0,Tumor,1.0,True,,positive,negative,negative,negative,Immune cells,negative,baseline_immune_all_dropout,svtuner_immune_all_dropout,available_nonimmune_reference_assignment_retained,0.2609967605760129,0.2609967605760129,False,0.7390032394239872,,1.0,Epithelial cells,1.0,0.0,1.0,Epithelial cells,1.0,ok,True,both,negative,0
ATGACTATCAGCTGTG-1,1,63,43,10686,5076,16920.0,35620.0,31,31,0,0,1.0,0.0,0.0,Tumor,1.0,True,,positive,negative,negative,negative,Immune cells,negative,baseline_immune_all_dropout,svtuner_immune_all_dropout,available_nonimmune_reference_assignment_retained,0.2482372388288524,0.2482372388288524,False,0.7517627611711476,,1.0,Epithelial cells,1.0,0.0,1.0,Epithelial cells,1.0,ok,True,both,negative,0
ATGACTATGCGACATT-1,1,48,88,8408,8998,29993.3333333333,28026.6666666667,13,11,0,2,0.8461538461538461,0.0,0.1538461538461538,Tumor,0.8461538461538461,True,,positive,negative,negative,negative,Immune cells,negative,baseline_immune_all_dropout,svtuner_immune_all_dropout,available_nonimmune_reference_assignment_retained,0.3455811542407826,0.3455811542407826,False,0.6544188457592174,,1.0,PVL,0.6666666666666666,0.0,1.0,PVL,0.6666666666666666,ok,True,both,negative,0
ATGAGGGCAGCGGCTA-1,1,42,120,7497,11787,39290.0,24990.0,29,29,0,0,1.0,0.0,0.0,Tumor,1.0,True,,positive,negative,negative,negative,Immune cells,negative,baseline_immune_all_dropout,svtuner_immune_all_dropout,available_nonimmune_reference_assignment_retained,0.2910339363699016,0.2910339363699016,False,0.7089660636300984,,1.0,Fibroblasts,1.0,0.0,1.0,Fibroblasts,1.0,ok,True,both,negative,0
ATGATGCAATGGTACA-1,1,44,50,7804,5684,18946.6666666667,26013.3333333333,23,19,0,4,0.8260869565217391,0.0,0.1739130434782608,Tumor,0.8260869565217391,True,,positive,negative,negative,negative,Immune cells,negative,baseline_immune_all_dropout,svtuner_immune_all_dropout,available_nonimmune_reference_assignment_retained,0.3321810147231699,0.3321810147231699,False,0.6678189852768301,,1.0,Endothelial cells,1.0,0.0,1.0,Endothelial cells,1.0,ok,True,both,negative,0
ATGCCATTTGCGACCA-1,1,43,91,7650,9259,30863.3333333333,25500.0,22,22,0,0,1.0,0.0,0.0,Tumor,1.0,True,,positive,negative,negative,negative,Immune cells,negative,baseline_immune_all_dropout,svtuner_immune_all_dropout,available_nonimmune_reference_assignment_retained,0.2197473715487971,0.2197473715487971,False,0.7802526284512029,,1.0,Epithelial cells,1.0,0.0,1.0,Epithelial cells,1.0,ok,True,both,negative,0
ATGCGACAGTCCCATT-1,1,35,71,6437,7514,25046.6666666667,21456.6666666667,26,26,0,0,1.0,0.0,0.0,Tumor,1.0,True,,positive,negative,negative,negative,Immune cells,negative,baseline_immune_all_dropout,svtuner_immune_all_dropout,available_nonimmune_reference_assignment_retained,0.3690007814538609,0.3690007814538609,False,0.630999218546139,,1.0,Endothelial cells,1.0,0.0,1.0,Endothelial cells,1.0,ok,True,both,negative,0
ATGCGAGTCCCACCAC-1,1,48,104,8408,10393,34643.3333333333,28026.6666666667,22,19,1,2,0.8636363636363636,0.0454545454545454,0.0909090909090909,Tumor,0.8636363636363636,True,,positive,negative,negative,negative,Immune cells,negative,baseline_immune_all_dropout,svtuner_immune_all_dropout,available_nonimmune_reference_assignment_retained,0.2946793109269292,0.2946793109269292,False,0.7053206890730708,,1.0,Endothelial cells,0.8333333333333334,0.0,1.0,Endothelial cells,0.8333333333333334,ok,True,both,negative,0
ATGCTTAGGAGTTGAT-1,1,56,112,9621,11091,36970.0,32070.0,15,8,1,6,0.5333333333333333,0.0666666666666666,0.4,Tumor,0.5333333333333333,True,,ambiguous,negative,ambiguous,negative,Immune cells,negative,baseline_immune_all_dropout,svtuner_immune_all_dropout,available_nonimmune_reference_assignment_retained,0.5050994964910774,0.5050994964910774,False,0.4949005035089225,,1.0,PVL,1.0,0.0,1.0,PVL,1.0,ok,True,both,negative,0
ATGGAACCTTTGCACA-1,1,38,120,6890,11787,39290.0,22966.6666666667,30,30,0,0,1.0,0.0,0.0,Tumor,1.0,True,,positive,negative,negative,negative,Immune cells,negative,baseline_immune_all_dropout,svtuner_immune_all_dropout,available_nonimmune_reference_assignment_retained,0.563785672775058,0.563785672775058,False,0.436214327224942,,1.0,Fibroblasts,0.5,0.0,1.0,Fibroblasts,0.5,ok,True,both,negative,0
ATGGAGCAGGCCGTGA-1,1,36,66,6589,7079,23596.6666666667,21963.3333333333,22,22,0,0,1.0,0.0,0.0,Tumor,1.0,True,,positive,negative,negative,negative,Immune cells,negative,baseline_immune_all_dropout,svtuner_immune_all_dropout,available_nonimmune_reference_assignment_retained,0.373197734373199,0.373197734373199,False,0.6268022656268011,,1.0,PVL,0.8,0.0,1.0,PVL,0.8,ok,True,both,negative,0
ATGGCAGCATTACGAT-1,1,64,18,10839,2896,9653.33333333333,36130.0,3,0,0,3,0.0,0.0,1.0,Stroma,1.0,True,,negative,negative,positive,negative,Immune cells,negative,baseline_immune_all_dropout,svtuner_immune_all_dropout,reference_unrepresented_withheld_by_stage3b,0.5289652599907283,0.5289652599907283,True,0.4710347400092717,,0.0,__withheld_reference_unrepresented__,0.0,0.0,1.0,PVL,1.0,ok,True,both,negative,0
ATGGCGGAATAGTCGC-1,1,34,124,6283,12135,40450.0,20943.3333333333,24,24,0,0,1.0,0.0,0.0,Tumor,1.0,True,,positive,negative,negative,negative,Immune cells,negative,baseline_immune_all_dropout,svtuner_immune_all_dropout,available_nonimmune_reference_assignment_retained,0.3717253833935224,0.3717253833935224,False,0.6282746166064777,,1.0,Endothelial cells,0.75,0.0,1.0,Endothelial cells,0.75,ok,True,both,negative,0
ATGGGACCTGCTGAAC-1,1,61,31,10384,4030,13433.3333333333,34613.3333333333,19,17,0,2,0.8947368421052632,0.0,0.1052631578947368,Tumor,0.8947368421052632,True,,positive,negative,negative,negative,Immune cells,negative,baseline_immune_all_dropout,svtuner_immune_all_dropout,available_nonimmune_reference_assignment_retained,0.3355070467763283,0.3355070467763283,False,0.6644929532236716,,1.0,Endothelial cells,1.0,0.0,1.0,Endothelial cells,1.0,ok,True,both,negative,0
ATGGGCCTCGGCCTCT-1,1,45,91,7953,9259,30863.3333333333,26510.0,27,27,0,0,1.0,0.0,0.0,Tumor,1.0,True,,positive,negative,negative,negative,Immune cells,negative,baseline_immune_all_dropout,svtuner_immune_all_dropout,available_nonimmune_reference_assignment_retained,0.2688134252493449,0.2688134252493449,False,0.7311865747506552,,1.0,Epithelial cells,1.0,0.0,1.0,Epithelial cells,1.0,ok,True,both,negative,0
ATGGTATTGGGAACCG-1,1,73,61,12202,6646,22153.3333333333,40673.3333333333,24,17,3,4,0.7083333333333334,0.125,0.1666666666666666,Tumor,0.7083333333333334,True,,positive,negative,negative,negative,Immune cells,negative,baseline_immune_all_dropout,svtuner_immune_all_dropout,available_nonimmune_reference_assignment_retained,0.3189587538429297,0.3189587538429297,False,0.6810412461570703,,1.0,Endothelial cells,1.0,0.0,1.0,Endothelial cells,1.0,ok,True,both,negative,0
ATGGTCGCGTGGTTTC-1,1,45,85,7954,8736,29120.0,26513.3333333333,22,22,0,0,1.0,0.0,0.0,Tumor,1.0,True,,positive,negative,negative,negative,Immune cells,negative,baseline_immune_all_dropout,svtuner_immune_all_dropout,available_nonimmune_reference_assignment_retained,0.2432728535435064,0.2432728535435064,False,0.7567271464564936,,1.0,Epithelial cells,1.0,0.0,1.0,Epithelial cells,1.0,ok,True,both,negative,0
ATGTAAGGCTGCTCTT-1,1,32,112,5980,11089,36963.3333333333,19933.3333333333,27,27,0,0,1.0,0.0,0.0,Tumor,1.0,True,,positive,negative,negative,negative,Immune cells,negative,baseline_immune_all_dropout,svtuner_immune_all_dropout,available_nonimmune_reference_assignment_retained,0.4916041217827007,0.4916041217827007,False,0.5083958782172993,,1.0,PVL,1.0,0.0,1.0,PVL,1.0,ok,True,both,negative,0
ATGTACATGCGGTGAG-1,1,64,112,10834,11092,36973.3333333333,36113.3333333333,7,1,1,5,0.1428571428571428,0.1428571428571428,0.7142857142857143,Stroma,0.7142857142857143,True,,negative,negative,positive,negative,Immune cells,negative,baseline_immune_all_dropout,svtuner_immune_all_dropout,available_nonimmune_reference_assignment_retained,0.5280533202496566,0.5280533202496566,False,0.4719466797503434,,1.0,Endothelial cells,1.0,0.0,1.0,Endothelial cells,1.0,ok,True,both,negative,0
ATGTACGATGACGTCG-1,1,66,64,11140,6907,23023.3333333333,37133.3333333333,13,10,2,1,0.7692307692307693,0.1538461538461538,0.0769230769230769,Tumor,0.7692307692307693,True,,positive,negative,negative,negative,Immune cells,negative,baseline_immune_all_dropout,svtuner_immune_all_dropout,available_nonimmune_reference_assignment_retained,0.546034432953314,0.546034432953314,False,0.453965567046686,,1.0,PVL,1.0,0.0,1.0,PVL,1.0,ok,True,both,negative,0
ATGTAGCGCGCGTAGG-1,1,68,72,11443,7605,25350.0,38143.3333333333,21,21,0,0,1.0,0.0,0.0,Tumor,1.0,True,,positive,negative,negative,negative,Immune cells,negative,baseline_immune_all_dropout,svtuner_immune_all_dropout,available_nonimmune_reference_assignment_retained,0.2651737213315354,0.2651737213315354,False,0.7348262786684646,,1.0,Epithelial cells,1.0,0.0,1.0,Epithelial cells,1.0,ok,True,both,negative,0
ATGTGGACATCTTGAT-1,1,47,71,8258,7515,25050.0,27526.6666666667,26,26,0,0,1.0,0.0,0.0,Tumor,1.0,True,,positive,negative,negative,negative,Immune cells,negative,baseline_immune_all_dropout,svtuner_immune_all_dropout,available_nonimmune_reference_assignment_retained,0.2853441539279915,0.2853441539279915,False,0.7146558460720085,,1.0,PVL,1.0,0.0,1.0,PVL,1.0,ok,True,both,negative,0
ATGTTGATTAGAGACT-1,1,68,92,11442,9348,31160.0,38140.0,11,5,2,4,0.4545454545454545,0.1818181818181818,0.3636363636363636,Tumor,0.4545454545454545,True,,ambiguous,negative,ambiguous,negative,Immune cells,negative,baseline_immune_all_dropout,svtuner_immune_all_dropout,available_nonimmune_reference_assignment_retained,0.465666361897781,0.465666361897781,False,0.534333638102219,,1.0,Fibroblasts,1.0,0.0,1.0,Fibroblasts,1.0,ok,True,both,negative,0
ATGTTTCGGCCCGGAG-1,1,33,125,6131,12222,40740.0,20436.6666666667,28,28,0,0,1.0,0.0,0.0,Tumor,1.0,True,,positive,negative,negative,negative,Immune cells,negative,baseline_immune_all_dropout,svtuner_immune_all_dropout,available_nonimmune_reference_assignment_retained,0.5005069585199147,0.5005069585199147,False,0.4994930414800853,,1.0,Epithelial cells,1.0,0.0,1.0,Epithelial cells,1.0,ok,True,both,negative,0
ATTAAACATGCGGACC-1,1,43,59,7652,6469,21563.3333333333,25506.6666666667,26,26,0,0,1.0,0.0,0.0,Tumor,1.0,True,,positive,negative,negative,negative,Immune cells,negative,baseline_immune_all_dropout,svtuner_immune_all_dropout,available_nonimmune_reference_assignment_retained,0.3025292979124895,0.3025292979124895,False,0.6974707020875105,,1.0,Epithelial cells,1.0,0.0,1.0,Epithelial cells,1.0,ok,True,both,negative,0
ATTACATGTCAGTCTT-1,1,50,108,8711,10742,35806.6666666667,29036.6666666667,29,29,0,0,1.0,0.0,0.0,Tumor,1.0,True,,positive,negative,negative,negative,Immune cells,negative,baseline_immune_all_dropout,svtuner_immune_all_dropout,available_nonimmune_reference_assignment_retained,0.3900150664903585,0.3900150664903585,False,0.6099849335096414,,1.0,Endothelial cells,0.8,0.0,1.0,Endothelial cells,0.8,ok,True,both,negative,0
ATTACCACACTGCCTG-1,1,48,118,8407,11613,38710.0,28023.3333333333,24,24,0,0,1.0,0.0,0.0,Tumor,1.0,True,,positive,negative,negative,negative,Immune cells,negative,baseline_immune_all_dropout,svtuner_immune_all_dropout,available_nonimmune_reference_assignment_retained,0.4031396894226793,0.4031396894226793,False,0.5968603105773207,,1.0,Fibroblasts,1.0,0.0,1.0,Fibroblasts,1.0,ok,True,both,negative,0
ATTACGACTCCACAGT-1,1,19,121,4007,11872,39573.3333333333,13356.6666666667,28,28,0,0,1.0,0.0,0.0,Tumor,1.0,True,,positive,negative,negative,negative,Immune cells,negative,baseline_immune_all_dropout,svtuner_immune_all_dropout,available_nonimmune_reference_assignment_retained,0.3885047671887473,0.3885047671887473,False,0.6114952328112526,,1.0,Endothelial cells,1.0,0.0,1.0,Endothelial cells,1.0,ok,True,both,negative,0
ATTAGGCGATGCTTTC-1,1,37,71,6741,7515,25050.0,22470.0,26,26,0,0,1.0,0.0,0.0,Tumor,1.0,True,,positive,negative,negative,negative,Immune cells,negative,baseline_immune_all_dropout,svtuner_immune_all_dropout,available_nonimmune_reference_assignment_retained,0.3156348353626401,0.3156348353626401,False,0.6843651646373599,,1.0,PVL,0.8333333333333334,0.0,1.0,PVL,0.8333333333333334,ok,True,both,negative,0
ATTATAGCTACTTTAC-1,1,33,115,6132,11350,37833.3333333333,20440.0,22,22,0,0,1.0,0.0,0.0,Tumor,1.0,True,,positive,negative,negative,negative,Immune cells,negative,baseline_immune_all_dropout,svtuner_immune_all_dropout,available_nonimmune_reference_assignment_retained,0.4468859915117785,0.4468859915117785,False,0.5531140084882216,,1.0,Endothelial cells,1.0,0.0,1.0,Endothelial cells,1.0,ok,True,both,negative,0
ATTATCGGAATGTACG-1,1,69,57,11596,6297,20990.0,38653.3333333333,18,14,2,2,0.7777777777777778,0.1111111111111111,0.1111111111111111,Tumor,0.7777777777777778,True,,positive,negative,negative,negative,Immune cells,negative,baseline_immune_all_dropout,svtuner_immune_all_dropout,available_nonimmune_reference_assignment_retained,0.611743880039928,0.611743880039928,False,0.388256119960072,,1.0,PVL,1.0,0.0,1.0,PVL,1.0,ok,True,both,negative,0
ATTATTATGTCCGTCA-1,1,59,37,10080,4552,15173.3333333333,33600.0,24,21,3,0,0.875,0.125,0.0,Tumor,0.875,True,,positive,negative,negative,negative,Immune cells,negative,baseline_immune_all_dropout,svtuner_immune_all_dropout,available_nonimmune_reference_assignment_retained,0.3092991565586056,0.3092991565586056,False,0.6907008434413944,,1.0,Endothelial cells,0.8333333333333334,0.0,1.0,Endothelial cells,0.8333333333333334,ok,True,both,negative,0
ATTCAACCATTTAAGG-1,1,58,100,9925,10045,33483.3333333333,33083.3333333333,31,31,0,0,1.0,0.0,0.0,Tumor,1.0,True,,positive,negative,negative,negative,Immune cells,negative,baseline_immune_all_dropout,svtuner_immune_all_dropout,available_nonimmune_reference_assignment_retained,0.1853678571634081,0.1853678571634081,False,0.8146321428365919,,1.0,Epithelial cells,1.0,0.0,1.0,Epithelial cells,1.0,ok,True,both,negative,0
ATTCACTGATGTTGGA-1,1,56,68,9623,7255,24183.3333333333,32076.6666666667,25,25,0,0,1.0,0.0,0.0,Tumor,1.0,True,,positive,negative,negative,negative,Immune cells,negative,baseline_immune_all_dropout,svtuner_immune_all_dropout,available_nonimmune_reference_assignment_retained,0.4500771458728801,0.4500771458728801,False,0.5499228541271199,,1.0,PVL,0.75,0.0,1.0,PVL,0.75,ok,True,both,negative,0
ATTCATATACTGTCCA-1,1,46,60,8107,6556,21853.3333333333,27023.3333333333,21,18,3,0,0.8571428571428571,0.1428571428571428,0.0,Tumor,0.8571428571428571,True,,positive,negative,negative,negative,Immune cells,negative,baseline_immune_all_dropout,svtuner_immune_all_dropout,available_nonimmune_reference_assignment_retained,0.3395821216365562,0.3395821216365562,False,0.6604178783634438,,1.0,Endothelial cells,1.0,0.0,1.0,Endothelial cells,1.0,ok,True,both,negative,0
ATTCATCGTTGAGGCA-1,1,61,89,10381,9086,30286.6666666667,34603.3333333333,25,21,3,1,0.84,0.12,0.04,Tumor,0.84,True,,positive,negative,negative,negative,Immune cells,negative,baseline_immune_all_dropout,svtuner_immune_all_dropout,available_nonimmune_reference_assignment_retained,0.3034403972715572,0.3034403972715572,False,0.6965596027284429,,1.0,Endothelial cells,1.0,0.0,1.0,Endothelial cells,1.0,ok,True,both,negative,0
ATTCGCAGAGGACACT-1,1,14,126,3249,12307,41023.3333333333,10830.0,8,6,1,1,0.75,0.125,0.125,Tumor,0.75,True,,positive,negative,negative,negative,Immune cells,negative,baseline_immune_all_dropout,svtuner_immune_all_dropout,available_nonimmune_reference_assignment_retained,0.4976391956420342,0.4976391956420342,False,0.5023608043579658,,1.0,Fibroblasts,1.0,0.0,1.0,Fibroblasts,1.0,ok,True,both,negative,0
ATTCGTGCTATCTCTT-1,1,42,110,7497,10915,36383.3333333333,24990.0,20,20,0,0,1.0,0.0,0.0,Tumor,1.0,True,,positive,negative,negative,negative,Immune cells,negative,baseline_immune_all_dropout,svtuner_immune_all_dropout,available_nonimmune_reference_assignment_retained,0.3805313386837209,0.3805313386837209,False,0.6194686613162791,,1.0,Fibroblasts,1.0,0.0,1.0,Fibroblasts,1.0,ok,True,both,negative,0
ATTGATGAGTCCTAAC-1,1,33,99,6132,9955,33183.3333333333,20440.0,24,24,0,0,1.0,0.0,0.0,Tumor,1.0,True,,positive,negative,negative,negative,Immune cells,negative,baseline_immune_all_dropout,svtuner_immune_all_dropout,available_nonimmune_reference_assignment_retained,0.3433217562783693,0.3433217562783693,False,0.6566782437216307,,1.0,PVL,0.8,0.0,1.0,PVL,0.8,ok,True,both,negative,0
ATTGCCTATTAGACCG-1,1,67,25,11294,3507,11690.0,37646.6666666667,11,0,2,9,0.0,0.1818181818181818,0.8181818181818182,Stroma,0.8181818181818182,True,,negative,negative,positive,negative,Immune cells,negative,baseline_immune_all_dropout,svtuner_immune_all_dropout,available_nonimmune_reference_assignment_retained,0.6287392901962149,0.6287392901962149,False,0.3712607098037851,,1.0,Epithelial cells,1.0,0.0,1.0,Epithelial cells,1.0,ok,True,both,negative,0
ATTGCCTTTATGTTTG-1,1,64,84,10836,8650,28833.3333333333,36120.0,19,19,0,0,1.0,0.0,0.0,Tumor,1.0,True,,positive,negative,negative,negative,Immune cells,negative,baseline_immune_all_dropout,svtuner_immune_all_dropout,available_nonimmune_reference_assignment_retained,0.2935848582903148,0.2935848582903148,False,0.7064151417096852,,1.0,Fibroblasts,1.0,0.0,1.0,Fibroblasts,1.0,ok,True,both,negative,0
ATTGCGATCAGTAACT-1,1,51,99,8863,9957,33190.0,29543.3333333333,22,22,0,0,1.0,0.0,0.0,Tumor,1.0,True,,positive,negative,negative,negative,Immune cells,negative,baseline_immune_all_dropout,svtuner_immune_all_dropout,available_nonimmune_reference_assignment_retained,0.3765496554643499,0.3765496554643499,False,0.6234503445356501,,1.0,Fibroblasts,0.6,0.0,1.0,Fibroblasts,0.6,ok,True,both,negative,0
ATTGCTGCTCCTCCAT-1,1,35,43,6439,5073,16910.0,21463.3333333333,31,31,0,0,1.0,0.0,0.0,Tumor,1.0,True,,positive,negative,negative,negative,Immune cells,negative,baseline_immune_all_dropout,svtuner_immune_all_dropout,available_nonimmune_reference_assignment_retained,0.208618476582205,0.208618476582205,False,0.791381523417795,,1.0,Epithelial cells,0.7142857142857143,0.0,1.0,Epithelial cells,0.7142857142857143,ok,True,both,negative,0
ATTGGATTACAGCGTA-1,1,54,102,9318,10219,34063.3333333333,31060.0,29,29,0,0,1.0,0.0,0.0,Tumor,1.0,True,,positive,negative,negative,negative,Immune cells,negative,baseline_immune_all_dropout,svtuner_immune_all_dropout,available_nonimmune_reference_assignment_retained,0.2829236850447366,0.2829236850447366,False,0.7170763149552635,,1.0,Epithelial cells,0.6666666666666666,0.0,1.0,Epithelial cells,0.6666666666666666,ok,True,both,negative,0
ATTGTACAACTCGGCT-1,1,35,103,6436,10304,34346.6666666667,21453.3333333333,28,28,0,0,1.0,0.0,0.0,Tumor,1.0,True,,positive,negative,negative,negative,Immune cells,negative,baseline_immune_all_dropout,svtuner_immune_all_dropout,available_nonimmune_reference_assignment_retained,0.420605837143453,0.420605837143453,False,0.579394162856547,,1.0,Fibroblasts,1.0,0.0,1.0,Fibroblasts,1.0,ok,True,both,negative,0
ATTGTCTGTTTCATGT-1,1,71,53,11899,5948,19826.6666666667,39663.3333333333,11,11,0,0,1.0,0.0,0.0,Tumor,1.0,True,,positive,negative,negative,negative,Immune cells,negative,baseline_immune_all_dropout,svtuner_immune_all_dropout,available_nonimmune_reference_assignment_retained,0.487125656645363,0.487125656645363,False,0.512874343354637,,1.0,PVL,1.0,0.0,1.0,PVL,1.0,ok,True,both,negative,0
ATTGTTCAACGATCCG-1,1,53,123,9165,12050,40166.6666666667,30550.0,27,8,19,0,0.2962962962962963,0.7037037037037037,0.0,Immune cells,0.7037037037037037,True,,ambiguous,positive,negative,positive,Immune cells,positive,baseline_immune_all_dropout,svtuner_immune_all_dropout,reference_unrepresented_withheld_by_stage3b,0.6234370845710978,0.6234370845710978,True,0.3765629154289022,,0.0,__withheld_reference_unrepresented__,0.0,0.0,1.0,PVL,1.0,ok,True,both,positive,1
ATTTACTAAGTCCATT-1,1,31,111,5828,11001,36670.0,19426.6666666667,24,24,0,0,1.0,0.0,0.0,Tumor,1.0,True,,positive,negative,negative,negative,Immune cells,negative,baseline_immune_all_dropout,svtuner_immune_all_dropout,available_nonimmune_reference_assignment_retained,0.4394223040135958,0.4394223040135958,False,0.5605776959864042,,1.0,Endothelial cells,1.0,0.0,1.0,Endothelial cells,1.0,ok,True,both,negative,0
ATTTATACTGGTAAAG-1,1,75,75,12505,7867,26223.3333333333,41683.3333333333,5,0,0,5,0.0,0.0,1.0,Stroma,1.0,True,,negative,negative,positive,negative,Immune cells,negative,baseline_immune_all_dropout,svtuner_immune_all_dropout,available_nonimmune_reference_assignment_retained,0.5454402951205354,0.5454402951205354,False,0.4545597048794646,,1.0,Endothelial cells,1.0,0.0,1.0,Endothelial cells,1.0,ok,True,both,negative,0
ATTTCCGGGTTCTGCG-1,1,55,35,9473,4378,14593.3333333333,31576.6666666667,24,22,0,2,0.9166666666666666,0.0,0.0833333333333333,Tumor,0.9166666666666666,True,,positive,negative,negative,negative,Immune cells,negative,baseline_immune_all_dropout,svtuner_immune_all_dropout,available_nonimmune_reference_assignment_retained,0.2844954112339207,0.2844954112339207,False,0.7155045887660794,,1.0,Epithelial cells,0.8333333333333334,0.0,1.0,Epithelial cells,0.8333333333333334,ok,True,both,negative,0
ATTTGCGCGAGTAGCT-1,1,53,31,9170,4029,13430.0,30566.6666666667,21,10,2,9,0.4761904761904761,0.0952380952380952,0.4285714285714285,Tumor,0.4761904761904761,True,,ambiguous,negative,ambiguous,negative,Immune cells,negative,baseline_immune_all_dropout,svtuner_immune_all_dropout,available_nonimmune_reference_assignment_retained,0.4228531640398077,0.4228531640398077,False,0.5771468359601923,,1.0,Endothelial cells,1.0,0.0,1.0,Endothelial cells,1.0,ok,True,both,negative,0
ATTTGTCTTGGGAGCT-1,1,40,84,7195,8648,28826.6666666667,23983.3333333333,21,21,0,0,1.0,0.0,0.0,Tumor,1.0,True,,positive,negative,negative,negative,Immune cells,negative,baseline_immune_all_dropout,svtuner_immune_all_dropout,available_nonimmune_reference_assignment_retained,0.4667650738138306,0.4667650738138306,False,0.5332349261861694,,1.0,Fibroblasts,1.0,0.0,1.0,Fibroblasts,1.0,ok,True,both,negative,0
CAAACTCGCGACGCCG-1,1,45,111,7952,11003,36676.6666666667,26506.6666666667,19,18,0,1,0.9473684210526316,0.0,0.0526315789473684,Tumor,0.9473684210526316,True,,positive,negative,negative,negative,Immune cells,negative,baseline_immune_all_dropout,svtuner_immune_all_dropout,available_nonimmune_reference_assignment_retained,0.2621618517682794,0.2621618517682794,False,0.7378381482317207,,1.0,Endothelial cells,1.0,0.0,1.0,Endothelial cells,1.0,ok,True,both,negative,0
CAAAGATTATTGGGCC-1,1,56,30,9625,3942,13140.0,32083.3333333333,17,14,2,1,0.8235294117647058,0.1176470588235294,0.0588235294117647,Tumor,0.8235294117647058,True,,positive,negative,negative,negative,Immune cells,negative,baseline_immune_all_dropout,svtuner_immune_all_dropout,available_nonimmune_reference_assignment_retained,0.3736813466184325,0.3736813466184325,False,0.6263186533815674,,1.0,Fibroblasts,0.6,0.0,1.0,Fibroblasts,0.6,ok,True,both,negative,0
CAAAGGTCATCTGAAA-1,1,46,124,8103,12136,40453.3333333333,27010.0,34,34,0,0,1.0,0.0,0.0,Tumor,1.0,True,,positive,negative,negative,negative,Immune cells,negative,baseline_immune_all_dropout,svtuner_immune_all_dropout,available_nonimmune_reference_assignment_retained,0.4635912166638482,0.4635912166638482,False,0.5364087833361517,,1.0,PVL,1.0,0.0,1.0,PVL,1.0,ok,True,both,negative,0
CAAATGTCCTTCCGTG-1,1,45,53,7955,5946,19820.0,26516.6666666667,23,23,0,0,1.0,0.0,0.0,Tumor,1.0,True,,positive,negative,negative,negative,Immune cells,negative,baseline_immune_all_dropout,svtuner_immune_all_dropout,available_nonimmune_reference_assignment_retained,0.3488503254436547,0.3488503254436547,False,0.6511496745563453,,1.0,PVL,1.0,0.0,1.0,PVL,1.0,ok,True,both,negative,0
CAAATTGGATTATGCC-1,1,22,116,4463,11436,38120.0,14876.6666666667,23,23,0,0,1.0,0.0,0.0,Tumor,1.0,True,,positive,negative,negative,negative,Immune cells,negative,baseline_immune_all_dropout,svtuner_immune_all_dropout,available_nonimmune_reference_assignment_retained,0.2723276811380924,0.2723276811380924,False,0.7276723188619076,,1.0,PVL,0.8333333333333334,0.0,1.0,PVL,0.8333333333333334,ok,True,both,negative,0
CAACACATCTCCTGCC-1,1,32,120,5980,11786,39286.6666666667,19933.3333333333,20,20,0,0,1.0,0.0,0.0,Tumor,1.0,True,,positive,negative,negative,negative,Immune cells,negative,baseline_immune_all_dropout,svtuner_immune_all_dropout,available_nonimmune_reference_assignment_retained,0.3974152771710211,0.3974152771710211,False,0.6025847228289789,,1.0,Epithelial cells,1.0,0.0,1.0,Epithelial cells,1.0,ok,True,both,negative,0
CAACCTGAACCTGCCA-1,1,25,123,4918,12047,40156.6666666667,16393.3333333333,25,25,0,0,1.0,0.0,0.0,Tumor,1.0,True,,positive,negative,negative,negative,Immune cells,negative,baseline_immune_all_dropout,svtuner_immune_all_dropout,available_nonimmune_reference_assignment_retained,0.3042985096182819,0.3042985096182819,False,0.695701490381718,,1.0,Fibroblasts,0.8,0.0,1.0,Fibroblasts,0.8,ok,True,both,negative,0
CAACGTGGTGGAGTCT-1,1,55,113,9469,11178,37260.0,31563.3333333333,15,12,1,2,0.8,0.0666666666666666,0.1333333333333333,Tumor,0.8,True,,positive,negative,negative,negative,Immune cells,negative,baseline_immune_all_dropout,svtuner_immune_all_dropout,available_nonimmune_reference_assignment_retained,0.5711524745258011,0.5711524745258011,False,0.4288475254741989,,1.0,Endothelial cells,1.0,0.0,1.0,Endothelial cells,1.0,ok,True,both,negative,0
CAACTGCTCATCCGAT-1,1,59,55,10079,6122,20406.6666666667,33596.6666666667,22,22,0,0,1.0,0.0,0.0,Tumor,1.0,True,,positive,negative,negative,negative,Immune cells,negative,baseline_immune_all_dropout,svtuner_immune_all_dropout,available_nonimmune_reference_assignment_retained,0.4618132372859909,0.4618132372859909,False,0.5381867627140091,,1.0,Endothelial cells,0.6666666666666666,0.0,1.0,Endothelial cells,0.6666666666666666,ok,True,both,negative,0
CAAGACTCAGAAGCGC-1,1,30,126,5676,12309,41030.0,18920.0,32,32,0,0,1.0,0.0,0.0,Tumor,1.0,True,,positive,negative,negative,negative,Immune cells,negative,baseline_immune_all_dropout,svtuner_immune_all_dropout,available_nonimmune_reference_assignment_retained,0.4932974814048569,0.4932974814048569,False,0.506702518595143,,1.0,Epithelial cells,1.0,0.0,1.0,Epithelial cells,1.0,ok,True,both,negative,0
CAAGAGGGCGGAGTAC-1,1,46,74,8106,7777,25923.3333333333,27020.0,20,14,2,4,0.7,0.1,0.2,Tumor,0.7,True,,positive,negative,negative,negative,Immune cells,negative,baseline_immune_all_dropout,svtuner_immune_all_dropout,available_nonimmune_reference_assignment_retained,0.3985113637606646,0.3985113637606646,False,0.6014886362393355,,1.0,Epithelial cells,0.8,0.0,1.0,Epithelial cells,0.8,ok,True,both,negative,0
CAAGATATTATAACGT-1,1,45,89,7953,9085,30283.3333333333,26510.0,24,24,0,0,1.0,0.0,0.0,Tumor,1.0,True,,positive,negative,negative,negative,Immune cells,negative,baseline_immune_all_dropout,svtuner_immune_all_dropout,available_nonimmune_reference_assignment_retained,0.1653632210996869,0.1653632210996869,False,0.8346367789003131,,1.0,Epithelial cells,1.0,0.0,1.0,Epithelial cells,1.0,ok,True,both,negative,0
CAAGCGGCACATAATT-1,1,54,72,9320,7603,25343.3333333333,31066.6666666667,20,20,0,0,1.0,0.0,0.0,Tumor,1.0,True,,positive,negative,negative,negative,Immune cells,negative,baseline_immune_all_dropout,svtuner_immune_all_dropout,available_nonimmune_reference_assignment_retained,0.3614279232308575,0.3614279232308575,False,0.6385720767691425,,1.0,Fibroblasts,0.6,0.0,1.0,Fibroblasts,0.6,ok,True,both,negative,0
CAAGGATCGCATGTTC-1,1,40,68,7196,7253,24176.6666666667,23986.6666666667,33,33,0,0,1.0,0.0,0.0,Tumor,1.0,True,,positive,negative,negative,negative,Immune cells,negative,baseline_immune_all_dropout,svtuner_immune_all_dropout,available_nonimmune_reference_assignment_retained,0.4204331684860178,0.4204331684860178,False,0.5795668315139821,,1.0,Epithelial cells,0.75,0.0,1.0,Epithelial cells,0.75,ok,True,both,negative,0
CAAGGCCAGTGGTGCA-1,1,66,100,11138,10046,33486.6666666667,37126.6666666667,21,16,4,1,0.7619047619047619,0.1904761904761904,0.0476190476190476,Tumor,0.7619047619047619,True,,positive,negative,negative,negative,Immune cells,negative,baseline_immune_all_dropout,svtuner_immune_all_dropout,available_nonimmune_reference_assignment_retained,0.352707561230721,0.352707561230721,False,0.647292438769279,,1.0,Endothelial cells,1.0,0.0,1.0,Endothelial cells,1.0,ok,True,both,negative,0
CAAGGTCCTATAGGCT-1,1,34,110,6284,10914,36380.0,20946.6666666667,33,33,0,0,1.0,0.0,0.0,Tumor,1.0,True,,positive,negative,negative,negative,Immune cells,negative,baseline_immune_all_dropout,svtuner_immune_all_dropout,available_nonimmune_reference_assignment_retained,0.4575166121004275,0.4575166121004275,False,0.5424833878995725,,1.0,Epithelial cells,0.75,0.0,1.0,Epithelial cells,0.75,ok,True,both,negative,0
CAAGTAAGTGATAGAC-1,1,69,53,11596,5948,19826.6666666667,38653.3333333333,13,8,1,4,0.6153846153846154,0.0769230769230769,0.3076923076923077,Tumor,0.6153846153846154,True,,positive,negative,ambiguous,negative,Immune cells,negative,baseline_immune_all_dropout,svtuner_immune_all_dropout,available_nonimmune_reference_assignment_retained,0.5363491368125738,0.5363491368125738,False,0.4636508631874262,,1.0,Fibroblasts,1.0,0.0,1.0,Fibroblasts,1.0,ok,True,both,negative,0
CAAGTGTGGTTGCAAA-1,1,40,94,7195,9520,31733.3333333333,23983.3333333333,27,27,0,0,1.0,0.0,0.0,Tumor,1.0,True,,positive,negative,negative,negative,Immune cells,negative,baseline_immune_all_dropout,svtuner_immune_all_dropout,available_nonimmune_reference_assignment_retained,0.3396339167797168,0.3396339167797168,False,0.6603660832202831,,1.0,Fibroblasts,1.0,0.0,1.0,Fibroblasts,1.0,ok,True,both,negative,0
CAATACGAGAGTCTGA-1,1,44,120,7800,11787,39290.0,26000.0,10,7,0,3,0.7,0.0,0.3,Tumor,0.7,True,,positive,negative,ambiguous,negative,Immune cells,negative,baseline_immune_all_dropout,svtuner_immune_all_dropout,available_nonimmune_reference_assignment_retained,0.3652421665315035,0.3652421665315035,False,0.6347578334684965,,1.0,PVL,1.0,0.0,1.0,PVL,1.0,ok,True,both,negative,0
CAATATTCTTGACCTA-1,1,54,40,9321,4813,16043.3333333333,31070.0,28,28,0,0,1.0,0.0,0.0,Tumor,1.0,True,,positive,negative,negative,negative,Immune cells,negative,baseline_immune_all_dropout,svtuner_immune_all_dropout,available_nonimmune_reference_assignment_retained,0.2703197259683184,0.2703197259683184,False,0.7296802740316817,,1.0,Epithelial cells,0.5714285714285714,0.0,1.0,Epithelial cells,0.5714285714285714,ok,True,both,negative,0
CAATGAGGTTCGACTA-1,1,29,119,5525,11699,38996.6666666667,18416.6666666667,30,30,0,0,1.0,0.0,0.0,Tumor,1.0,True,,positive,negative,negative,negative,Immune cells,negative,baseline_immune_all_dropout,svtuner_immune_all_dropout,available_nonimmune_reference_assignment_retained,0.5066494868610006,0.5066494868610006,False,0.4933505131389993,,1.0,Fibroblasts,1.0,0.0,1.0,Fibroblasts,1.0,ok,True,both,negative,0
CAATGCGAGAAGTATC-1,1,54,82,9319,8475,28250.0,31063.3333333333,29,29,0,0,1.0,0.0,0.0,Tumor,1.0,True,,positive,negative,negative,negative,Immune cells,negative,baseline_immune_all_dropout,svtuner_immune_all_dropout,available_nonimmune_reference_assignment_retained,0.3288424965218364,0.3288424965218364,False,0.6711575034781636,,1.0,PVL,1.0,0.0,1.0,PVL,1.0,ok,True,both,negative,0
CAATGTGCCAACCCTT-1,1,37,115,6738,11351,37836.6666666667,22460.0,28,28,0,0,1.0,0.0,0.0,Tumor,1.0,True,,positive,negative,negative,negative,Immune cells,negative,baseline_immune_all_dropout,svtuner_immune_all_dropout,available_nonimmune_reference_assignment_retained,0.5514632400286739,0.5514632400286739,False,0.4485367599713261,,1.0,Endothelial cells,1.0,0.0,1.0,Endothelial cells,1.0,ok,True,both,negative,0
CAATTTCGTATAAGGG-1,1,37,63,6741,6817,22723.3333333333,22470.0,24,24,0,0,1.0,0.0,0.0,Tumor,1.0,True,,positive,negative,negative,negative,Immune cells,negative,baseline_immune_all_dropout,svtuner_immune_all_dropout,available_nonimmune_reference_assignment_retained,0.2560254095037119,0.2560254095037119,False,0.7439745904962881,,1.0,Endothelial cells,1.0,0.0,1.0,Endothelial cells,1.0,ok,True,both,negative,0
CACACACGCTAACGAG-1,1,55,103,9470,10306,34353.3333333333,31566.6666666667,28,28,0,0,1.0,0.0,0.0,Tumor,1.0,True,,positive,negative,negative,negative,Immune cells,negative,baseline_immune_all_dropout,svtuner_immune_all_dropout,available_nonimmune_reference_assignment_retained,0.3025848979096227,0.3025848979096227,False,0.6974151020903774,,1.0,Epithelial cells,0.8333333333333334,0.0,1.0,Epithelial cells,0.8333333333333334,ok,True,both,negative,0
CACACAGCTTGCGCTC-1,1,47,115,8255,11351,37836.6666666667,27516.6666666667,25,25,0,0,1.0,0.0,0.0,Tumor,1.0,True,,positive,negative,negative,negative,Immune cells,negative,baseline_immune_all_dropout,svtuner_immune_all_dropout,available_nonimmune_reference_assignment_retained,0.4326740587655162,0.4326740587655162,False,0.5673259412344838,,1.0,Endothelial cells,0.6666666666666666,0.0,1.0,Endothelial cells,0.6666666666666666,ok,True,both,negative,0
CACACGCGCTGTCTTA-1,1,33,89,6133,9083,30276.6666666667,20443.3333333333,30,22,3,5,0.7333333333333333,0.1,0.1666666666666666,Tumor,0.7333333333333333,True,,positive,negative,negative,negative,Immune cells,negative,baseline_immune_all_dropout,svtuner_immune_all_dropout,available_nonimmune_reference_assignment_retained,0.2578756039292551,0.2578756039292551,False,0.7421243960707449,,1.0,Fibroblasts,0.7142857142857143,0.0,1.0,Fibroblasts,0.7142857142857143,ok,True,both,negative,0
CACAGAGACGAGGACG-1,1,64,20,10839,3071,10236.6666666667,36130.0,17,0,13,4,0.0,0.7647058823529411,0.2352941176470588,Immune cells,0.7647058823529411,True,,negative,positive,ambiguous,positive,Immune cells,positive,baseline_immune_all_dropout,svtuner_immune_all_dropout,reference_unrepresented_withheld_by_stage3b,0.644081933539772,0.644081933539772,True,0.355918066460228,,0.0,__withheld_reference_unrepresented__,0.0,0.0,1.0,Fibroblasts,1.0,ok,True,both,positive,1
CACAGGGCCATATAGT-1,1,57,97,9773,9783,32610.0,32576.6666666667,20,20,0,0,1.0,0.0,0.0,Tumor,1.0,True,,positive,negative,negative,negative,Immune cells,negative,baseline_immune_all_dropout,svtuner_immune_all_dropout,available_nonimmune_reference_assignment_retained,0.5181080918502917,0.5181080918502917,False,0.4818919081497083,,1.0,Endothelial cells,1.0,0.0,1.0,Endothelial cells,1.0,ok,True,both,negative,0
CACAGGGCCGTTGTCA-1,1,62,60,10534,6558,21860.0,35113.3333333333,21,10,3,8,0.4761904761904761,0.1428571428571428,0.3809523809523809,Tumor,0.4761904761904761,True,,ambiguous,negative,ambiguous,negative,Immune cells,negative,baseline_immune_all_dropout,svtuner_immune_all_dropout,available_nonimmune_reference_assignment_retained,0.4238876399436778,0.4238876399436778,False,0.5761123600563223,,1.0,Endothelial cells,1.0,0.0,1.0,Endothelial cells,1.0,ok,True,both,negative,0
CACAGTTCGCTTCCCA-1,1,54,114,9317,11265,37550.0,31056.6666666667,9,7,0,2,0.7777777777777778,0.0,0.2222222222222222,Tumor,0.7777777777777778,True,,positive,negative,ambiguous,negative,Immune cells,negative,baseline_immune_all_dropout,svtuner_immune_all_dropout,available_nonimmune_reference_assignment_retained,0.5316505097967803,0.5316505097967803,False,0.4683494902032197,,1.0,Fibroblasts,1.0,0.0,1.0,Fibroblasts,1.0,ok,True,both,negative,0
CACATATTAGCAGGAT-1,1,47,73,8258,7690,25633.3333333333,27526.6666666667,28,28,0,0,1.0,0.0,0.0,Tumor,1.0,True,,positive,negative,negative,negative,Immune cells,negative,baseline_immune_all_dropout,svtuner_immune_all_dropout,available_nonimmune_reference_assignment_retained,0.3886735115209219,0.3886735115209219,False,0.6113264884790781,,1.0,Endothelial cells,1.0,0.0,1.0,Endothelial cells,1.0,ok,True,both,negative,0
CACATCGTGCACGCGC-1,1,60,38,10232,4640,15466.6666666667,34106.6666666667,20,20,0,0,1.0,0.0,0.0,Tumor,1.0,True,,positive,negative,negative,negative,Immune cells,negative,baseline_immune_all_dropout,svtuner_immune_all_dropout,available_nonimmune_reference_assignment_retained,0.2972756661364715,0.2972756661364715,False,0.7027243338635285,,1.0,PVL,1.0,0.0,1.0,PVL,1.0,ok,True,both,negative,0
CACATCTCACCGACGA-1,1,57,75,9774,7865,26216.6666666667,32580.0,16,12,1,3,0.75,0.0625,0.1875,Tumor,0.75,True,,positive,negative,negative,negative,Immune cells,negative,baseline_immune_all_dropout,svtuner_immune_all_dropout,available_nonimmune_reference_assignment_retained,0.4726289888826519,0.4726289888826519,False,0.5273710111173481,,1.0,Fibroblasts,1.0,0.0,1.0,Fibroblasts,1.0,ok,True,both,negative,0
CACATGATTCAGCAAC-1,1,38,64,6893,6904,23013.3333333333,22976.6666666667,26,26,0,0,1.0,0.0,0.0,Tumor,1.0,True,,positive,negative,negative,negative,Immune cells,negative,baseline_immune_all_dropout,svtuner_immune_all_dropout,available_nonimmune_reference_assignment_retained,0.3401422840382981,0.3401422840382981,False,0.6598577159617018,,1.0,PVL,1.0,0.0,1.0,PVL,1.0,ok,True,both,negative,0
CACATTTCTTGTCAGA-1,1,44,108,7801,10741,35803.3333333333,26003.3333333333,38,38,0,0,1.0,0.0,0.0,Tumor,1.0,True,,positive,negative,negative,negative,Immune cells,negative,baseline_immune_all_dropout,svtuner_immune_all_dropout,available_nonimmune_reference_assignment_retained,0.431154228559634,0.431154228559634,False,0.5688457714403661,,1.0,Fibroblasts,0.75,0.0,1.0,Fibroblasts,0.75,ok,True,both,negative,0
CACCCAAATCTTATGT-1,1,35,105,6436,10479,34930.0,21453.3333333333,18,14,0,4,0.7777777777777778,0.0,0.2222222222222222,Tumor,0.7777777777777778,True,,positive,negative,ambiguous,negative,Immune cells,negative,baseline_immune_all_dropout,svtuner_immune_all_dropout,available_nonimmune_reference_assignment_retained,0.246303241343882,0.246303241343882,False,0.753696758656118,,1.0,Fibroblasts,1.0,0.0,1.0,Fibroblasts,1.0,ok,True,both,negative,0
CACCCGGTTTGTGACT-1,1,53,39,9170,4726,15753.3333333333,30566.6666666667,24,24,0,0,1.0,0.0,0.0,Tumor,1.0,True,,positive,negative,negative,negative,Immune cells,negative,baseline_immune_all_dropout,svtuner_immune_all_dropout,available_nonimmune_reference_assignment_retained,0.3751573698473978,0.3751573698473978,False,0.6248426301526022,,1.0,PVL,1.0,0.0,1.0,PVL,1.0,ok,True,both,negative,0
CACCCTAACAAGATCT-1,1,56,80,9623,8301,27670.0,32076.6666666667,17,16,1,0,0.9411764705882352,0.0588235294117647,0.0,Tumor,0.9411764705882352,True,,positive,negative,negative,negative,Immune cells,negative,baseline_immune_all_dropout,svtuner_immune_all_dropout,available_nonimmune_reference_assignment_retained,0.3304854580582068,0.3304854580582068,False,0.6695145419417932,,1.0,Endothelial cells,1.0,0.0,1.0,Endothelial cells,1.0,ok,True,both,negative,0
CACCGGGCATCACAAG-1,1,72,94,12049,9523,31743.3333333333,40163.3333333333,14,9,1,4,0.6428571428571429,0.0714285714285714,0.2857142857142857,Tumor,0.6428571428571429,True,,positive,negative,ambiguous,negative,Immune cells,negative,baseline_immune_all_dropout,svtuner_immune_all_dropout,available_nonimmune_reference_assignment_retained,0.4372414966616062,0.4372414966616062,False,0.5627585033383937,,1.0,Fibroblasts,1.0,0.0,1.0,Fibroblasts,1.0,ok,True,both,negative,0
CACCGTATCCCATCCG-1,1,52,104,9014,10393,34643.3333333333,30046.6666666667,18,18,0,0,1.0,0.0,0.0,Tumor,1.0,True,,positive,negative,negative,negative,Immune cells,negative,baseline_immune_all_dropout,svtuner_immune_all_dropout,available_nonimmune_reference_assignment_retained,0.4765550752301603,0.4765550752301603,False,0.5234449247698397,,1.0,Endothelial cells,1.0,0.0,1.0,Endothelial cells,1.0,ok,True,both,negative,0
CACCGTTAGGGATCAC-1,1,53,37,9170,4552,15173.3333333333,30566.6666666667,19,19,0,0,1.0,0.0,0.0,Tumor,1.0,True,,positive,negative,negative,negative,Immune cells,negative,baseline_immune_all_dropout,svtuner_immune_all_dropout,available_nonimmune_reference_assignment_retained,0.3095568835784871,0.3095568835784871,False,0.6904431164215129,,1.0,Fibroblasts,0.8333333333333334,0.0,1.0,Fibroblasts,0.8333333333333334,ok,True,both,negative,0
CACCTTGGCGCCTTTG-1,1,43,103,7649,10305,34350.0,25496.6666666667,30,30,0,0,1.0,0.0,0.0,Tumor,1.0,True,,positive,negative,negative,negative,Immune cells,negative,baseline_immune_all_dropout,svtuner_immune_all_dropout,available_nonimmune_reference_assignment_retained,0.2690668936638704,0.2690668936638704,False,0.7309331063361296,,1.0,Epithelial cells,1.0,0.0,1.0,Epithelial cells,1.0,ok,True,both,negative,0
CACGCAGCGAGGCTTT-1,1,31,43,5832,5073,16910.0,19440.0,32,5,27,0,0.15625,0.84375,0.0,Immune cells,0.84375,True,,negative,positive,negative,positive,Immune cells,positive,baseline_immune_all_dropout,svtuner_immune_all_dropout,available_nonimmune_reference_assignment_retained,0.4576428706063358,0.4576428706063358,False,0.5423571293936642,,1.0,Fibroblasts,1.0,0.0,1.0,Fibroblasts,1.0,ok,True,both,positive,1
CACGCGGAACTGTTGC-1,1,42,98,7498,9869,32896.6666666667,24993.3333333333,26,26,0,0,1.0,0.0,0.0,Tumor,1.0,True,,positive,negative,negative,negative,Immune cells,negative,baseline_immune_all_dropout,svtuner_immune_all_dropout,available_nonimmune_reference_assignment_retained,0.5662378570498798,0.5662378570498798,False,0.4337621429501201,,1.0,PVL,1.0,0.0,1.0,PVL,1.0,ok,True,both,negative,0
CACGGACGTGGATGGC-1,1,23,123,4614,12047,40156.6666666667,15380.0,24,24,0,0,1.0,0.0,0.0,Tumor,1.0,True,,positive,negative,negative,negative,Immune cells,negative,baseline_immune_all_dropout,svtuner_immune_all_dropout,available_nonimmune_reference_assignment_retained,0.3619179306811115,0.3619179306811115,False,0.6380820693188884,,1.0,Endothelial cells,1.0,0.0,1.0,Endothelial cells,1.0,ok,True,both,negative,0
CACGTCAATCAATGGA-1,1,62,116,10531,11440,38133.3333333333,35103.3333333333,6,0,0,6,0.0,0.0,1.0,Stroma,1.0,True,,negative,negative,positive,negative,Immune cells,negative,baseline_immune_all_dropout,svtuner_immune_all_dropout,reference_unrepresented_withheld_by_stage3b,0.5501448808776608,0.5501448808776608,True,0.4498551191223392,,0.0,__withheld_reference_unrepresented__,0.0,0.0,1.0,Fibroblasts,1.0,ok,True,both,negative,0
CACGTCGGCAACCTCT-1,1,49,37,8563,4551,15170.0,28543.3333333333,35,35,0,0,1.0,0.0,0.0,Tumor,1.0,True,,positive,negative,negative,negative,Immune cells,negative,baseline_immune_all_dropout,svtuner_immune_all_dropout,available_nonimmune_reference_assignment_retained,0.4325369694611382,0.4325369694611382,False,0.5674630305388618,,1.0,Endothelial cells,0.5,0.0,1.0,Endothelial cells,0.5,ok,True,both,negative,0
CACGTTCGTGCTCTAG-1,1,37,81,6740,8386,27953.3333333333,22466.6666666667,24,19,3,2,0.7916666666666666,0.125,0.0833333333333333,Tumor,0.7916666666666666,True,,positive,negative,negative,negative,Immune cells,negative,baseline_immune_all_dropout,svtuner_immune_all_dropout,available_nonimmune_reference_assignment_retained,0.2067209970498646,0.2067209970498646,False,0.7932790029501354,,1.0,Fibroblasts,1.0,0.0,1.0,Fibroblasts,1.0,ok,True,both,negative,0
CACGTTTCGTACACAC-1,1,55,91,9470,9260,30866.6666666667,31566.6666666667,29,29,0,0,1.0,0.0,0.0,Tumor,1.0,True,,positive,negative,negative,negative,Immune cells,negative,baseline_immune_all_dropout,svtuner_immune_all_dropout,available_nonimmune_reference_assignment_retained,0.2976093775078641,0.2976093775078641,False,0.7023906224921359,,1.0,Endothelial cells,1.0,0.0,1.0,Endothelial cells,1.0,ok,True,both,negative,0
CACTAAAGTTGCCTAT-1,1,35,51,6438,5771,19236.6666666667,21460.0,10,1,8,1,0.1,0.8,0.1,Immune cells,0.8,True,,negative,positive,negative,positive,Immune cells,positive,baseline_immune_all_dropout,svtuner_immune_all_dropout,available_nonimmune_reference_assignment_retained,0.404851856027003,0.404851856027003,False,0.595148143972997,,1.0,Endothelial cells,1.0,0.0,1.0,Endothelial cells,1.0,ok,True,both,positive,1
CACTACGGGAGCTGCC-1,1,59,107,10076,10655,35516.6666666667,33586.6666666667,26,26,0,0,1.0,0.0,0.0,Tumor,1.0,True,,positive,negative,negative,negative,Immune cells,negative,baseline_immune_all_dropout,svtuner_immune_all_dropout,available_nonimmune_reference_assignment_retained,0.2924882963660066,0.2924882963660066,False,0.7075117036339934,,1.0,Epithelial cells,1.0,0.0,1.0,Epithelial cells,1.0,ok,True,both,negative,0
CACTCAAGAGCTATGG-1,1,39,57,7045,6294,20980.0,23483.3333333333,26,26,0,0,1.0,0.0,0.0,Tumor,1.0,True,,positive,negative,negative,negative,Immune cells,negative,baseline_immune_all_dropout,svtuner_immune_all_dropout,available_nonimmune_reference_assignment_retained,0.2674104678222905,0.2674104678222905,False,0.7325895321777095,,1.0,Endothelial cells,1.0,0.0,1.0,Endothelial cells,1.0,ok,True,both,negative,0
CACTCCTATGTAAGAT-1,1,56,36,9625,4465,14883.3333333333,32083.3333333333,23,23,0,0,1.0,0.0,0.0,Tumor,1.0,True,,positive,negative,negative,negative,Immune cells,negative,baseline_immune_all_dropout,svtuner_immune_all_dropout,available_nonimmune_reference_assignment_retained,0.2739317308052951,0.2739317308052951,False,0.7260682691947049,,1.0,Epithelial cells,1.0,0.0,1.0,Epithelial cells,1.0,ok,True,both,negative,0
CACTCGAGCTGAACAA-1,1,48,74,8409,7777,25923.3333333333,28030.0,20,20,0,0,1.0,0.0,0.0,Tumor,1.0,True,,positive,negative,negative,negative,Immune cells,negative,baseline_immune_all_dropout,svtuner_immune_all_dropout,available_nonimmune_reference_assignment_retained,0.2323241154146205,0.2323241154146205,False,0.7676758845853795,,1.0,Epithelial cells,1.0,0.0,1.0,Epithelial cells,1.0,ok,True,both,negative,0
CACTCTCAAGCATCGA-1,1,69,47,11596,5425,18083.3333333333,38653.3333333333,20,15,0,5,0.75,0.0,0.25,Tumor,0.75,True,,positive,negative,ambiguous,negative,Immune cells,negative,baseline_immune_all_dropout,svtuner_immune_all_dropout,available_nonimmune_reference_assignment_retained,0.3228586089817865,0.3228586089817865,False,0.6771413910182136,,1.0,Endothelial cells,0.8,0.0,1.0,Endothelial cells,0.8,ok,True,both,negative,0
CACTCTTCTGCTAGCC-1,1,59,101,10076,10132,33773.3333333333,33586.6666666667,21,18,1,2,0.8571428571428571,0.0476190476190476,0.0952380952380952,Tumor,0.8571428571428571,True,,positive,negative,negative,negative,Immune cells,negative,baseline_immune_all_dropout,svtuner_immune_all_dropout,available_nonimmune_reference_assignment_retained,0.3720406517508612,0.3720406517508612,False,0.6279593482491388,,1.0,PVL,1.0,0.0,1.0,PVL,1.0,ok,True,both,negative,0
CACTTAATCAGACGGA-1,1,34,48,6287,5509,18363.3333333333,20956.6666666667,17,12,3,2,0.7058823529411765,0.1764705882352941,0.1176470588235294,Tumor,0.7058823529411765,True,,positive,negative,negative,negative,Immune cells,negative,baseline_immune_all_dropout,svtuner_immune_all_dropout,available_nonimmune_reference_assignment_retained,0.3694532253894769,0.3694532253894769,False,0.6305467746105231,,1.0,PVL,1.0,0.0,1.0,PVL,1.0,ok,True,both,negative,0
CAGAACTTAGCCCTCT-1,1,53,85,9167,8737,29123.3333333333,30556.6666666667,23,18,3,2,0.782608695652174,0.1304347826086956,0.0869565217391304,Tumor,0.782608695652174,True,,positive,negative,negative,negative,Immune cells,negative,baseline_immune_all_dropout,svtuner_immune_all_dropout,available_nonimmune_reference_assignment_retained,0.3134022441659223,0.3134022441659223,False,0.6865977558340777,,1.0,Endothelial cells,1.0,0.0,1.0,Endothelial cells,1.0,ok,True,both,negative,0
CAGAATAACACACGGA-1,1,55,111,9469,11004,36680.0,31563.3333333333,24,24,0,0,1.0,0.0,0.0,Tumor,1.0,True,,positive,negative,negative,negative,Immune cells,negative,baseline_immune_all_dropout,svtuner_immune_all_dropout,available_nonimmune_reference_assignment_retained,0.3051690746313179,0.3051690746313179,False,0.6948309253686821,,1.0,Fibroblasts,1.0,0.0,1.0,Fibroblasts,1.0,ok,True,both,negative,0
CAGACACCGATCGCTG-1,1,53,51,9169,5772,19240.0,30563.3333333333,26,26,0,0,1.0,0.0,0.0,Tumor,1.0,True,,positive,negative,negative,negative,Immune cells,negative,baseline_immune_all_dropout,svtuner_immune_all_dropout,available_nonimmune_reference_assignment_retained,0.5126492836107198,0.5126492836107198,False,0.4873507163892802,,1.0,PVL,1.0,0.0,1.0,PVL,1.0,ok,True,both,negative,0
CAGACCTGTAAGTGTT-1,1,31,99,5829,9955,33183.3333333333,19430.0,24,23,0,1,0.9583333333333334,0.0,0.0416666666666666,Tumor,0.9583333333333334,True,,positive,negative,negative,negative,Immune cells,negative,baseline_immune_all_dropout,svtuner_immune_all_dropout,available_nonimmune_reference_assignment_retained,0.3740101093124598,0.3740101093124598,False,0.6259898906875402,,1.0,PVL,0.6,0.0,1.0,PVL,0.6,ok,True,both,negative,0
CAGACGAACCTGATAC-1,1,50,50,8714,5685,18950.0,29046.6666666667,29,29,0,0,1.0,0.0,0.0,Tumor,1.0,True,,positive,negative,negative,negative,Immune cells,negative,baseline_immune_all_dropout,svtuner_immune_all_dropout,available_nonimmune_reference_assignment_retained,0.4045925384879959,0.4045925384879959,False,0.5954074615120041,,1.0,Epithelial cells,0.5,0.0,1.0,Epithelial cells,0.5,ok,True,both,negative,0
CAGAGGCGATGCATGA-1,1,54,48,9321,5511,18370.0,31070.0,36,36,0,0,1.0,0.0,0.0,Tumor,1.0,True,,positive,negative,negative,negative,Immune cells,negative,baseline_immune_all_dropout,svtuner_immune_all_dropout,available_nonimmune_reference_assignment_retained,0.50586995003185,0.50586995003185,False,0.49413004996815,,1.0,Fibroblasts,1.0,0.0,1.0,Fibroblasts,1.0,ok,True,both,negative,0
CAGATAATGGGCGGGT-1,1,66,102,11138,10220,34066.6666666667,37126.6666666667,23,23,0,0,1.0,0.0,0.0,Tumor,1.0,True,,positive,negative,negative,negative,Immune cells,negative,baseline_immune_all_dropout,svtuner_immune_all_dropout,available_nonimmune_reference_assignment_retained,0.463483650825682,0.463483650825682,False,0.536516349174318,,1.0,Fibroblasts,0.5,0.0,1.0,Fibroblasts,0.5,ok,True,both,negative,0
CAGCAGTCCAGACTAT-1,1,50,100,8711,10044,33480.0,29036.6666666667,30,30,0,0,1.0,0.0,0.0,Tumor,1.0,True,,positive,negative,negative,negative,Immune cells,negative,baseline_immune_all_dropout,svtuner_immune_all_dropout,available_nonimmune_reference_assignment_retained,0.4339314894895184,0.4339314894895184,False,0.5660685105104817,,1.0,Fibroblasts,1.0,0.0,1.0,Fibroblasts,1.0,ok,True,both,negative,0
CAGCAGTCTGTGCTGC-1,1,62,74,10533,7778,25926.6666666667,35110.0,21,18,3,0,0.8571428571428571,0.1428571428571428,0.0,Tumor,0.8571428571428571,True,,positive,negative,negative,negative,Immune cells,negative,baseline_immune_all_dropout,svtuner_immune_all_dropout,available_nonimmune_reference_assignment_retained,0.3036441127960901,0.3036441127960901,False,0.69635588720391,,1.0,PVL,1.0,0.0,1.0,PVL,1.0,ok,True,both,negative,0
CAGCGATTCCCTTCAA-1,1,53,43,9169,5075,16916.6666666667,30563.3333333333,28,28,0,0,1.0,0.0,0.0,Tumor,1.0,True,,positive,negative,negative,negative,Immune cells,negative,baseline_immune_all_dropout,svtuner_immune_all_dropout,available_nonimmune_reference_assignment_retained,0.2358231892313119,0.2358231892313119,False,0.7641768107686882,,1.0,Epithelial cells,1.0,0.0,1.0,Epithelial cells,1.0,ok,True,both,negative,0
CAGGATATATCGTTGT-1,1,44,60,7803,6556,21853.3333333333,26010.0,16,1,14,1,0.0625,0.875,0.0625,Immune cells,0.875,True,,negative,positive,negative,positive,Immune cells,positive,baseline_immune_all_dropout,svtuner_immune_all_dropout,available_nonimmune_reference_assignment_retained,0.4746260686867851,0.4746260686867851,False,0.5253739313132149,,1.0,Endothelial cells,1.0,0.0,1.0,Endothelial cells,1.0,ok,True,both,positive,1
CAGGCAGTCTTACCAG-1,1,65,85,10988,8738,29126.6666666667,36626.6666666667,27,27,0,0,1.0,0.0,0.0,Tumor,1.0,True,,positive,negative,negative,negative,Immune cells,negative,baseline_immune_all_dropout,svtuner_immune_all_dropout,available_nonimmune_reference_assignment_retained,0.1888441271329668,0.1888441271329668,False,0.8111558728670332,,1.0,Epithelial cells,1.0,0.0,1.0,Epithelial cells,1.0,ok,True,both,negative,0
CAGGCCGTTTGGGTGT-1,1,39,43,7046,5074,16913.3333333333,23486.6666666667,25,25,0,0,1.0,0.0,0.0,Tumor,1.0,True,,positive,negative,negative,negative,Immune cells,negative,baseline_immune_all_dropout,svtuner_immune_all_dropout,available_nonimmune_reference_assignment_retained,0.3775122151747204,0.3775122151747204,False,0.6224877848252797,,1.0,PVL,1.0,0.0,1.0,PVL,1.0,ok,True,both,negative,0
CAGGCGCACGGTGGTC-1,1,56,28,9625,3767,12556.6666666667,32083.3333333333,22,18,0,4,0.8181818181818182,0.0,0.1818181818181818,Tumor,0.8181818181818182,True,,positive,negative,negative,negative,Immune cells,negative,baseline_immune_all_dropout,svtuner_immune_all_dropout,available_nonimmune_reference_assignment_retained,0.3299984329601058,0.3299984329601058,False,0.6700015670398942,,1.0,Epithelial cells,0.6666666666666666,0.0,1.0,Epithelial cells,0.6666666666666666,ok,True,both,negative,0
CAGGCGCCATGCTAGG-1,1,49,73,8561,7690,25633.3333333333,28536.6666666667,25,25,0,0,1.0,0.0,0.0,Tumor,1.0,True,,positive,negative,negative,negative,Immune cells,negative,baseline_immune_all_dropout,svtuner_immune_all_dropout,available_nonimmune_reference_assignment_retained,0.3163064275023897,0.3163064275023897,False,0.6836935724976103,,1.0,PVL,1.0,0.0,1.0,PVL,1.0,ok,True,both,negative,0
CAGTCGAGGATGCAAT-1,1,25,99,4919,9955,33183.3333333333,16396.6666666667,18,18,0,0,1.0,0.0,0.0,Tumor,1.0,True,,positive,negative,negative,negative,Immune cells,negative,baseline_immune_all_dropout,svtuner_immune_all_dropout,available_nonimmune_reference_assignment_retained,0.2295500205283445,0.2295500205283445,False,0.7704499794716555,,1.0,Fibroblasts,0.5714285714285714,0.0,1.0,Fibroblasts,0.5714285714285714,ok,True,both,negative,0
CAGTCTGTATACTGGG-1,1,42,66,7500,7079,23596.6666666667,25000.0,24,24,0,0,1.0,0.0,0.0,Tumor,1.0,True,,positive,negative,negative,negative,Immune cells,negative,baseline_immune_all_dropout,svtuner_immune_all_dropout,available_nonimmune_reference_assignment_retained,0.3236364338721079,0.3236364338721079,False,0.6763635661278922,,1.0,Endothelial cells,1.0,0.0,1.0,Endothelial cells,1.0,ok,True,both,negative,0
CAGTGTCGGCTGGCCC-1,1,52,92,9015,9347,31156.6666666667,30050.0,26,26,0,0,1.0,0.0,0.0,Tumor,1.0,True,,positive,negative,negative,negative,Immune cells,negative,baseline_immune_all_dropout,svtuner_immune_all_dropout,available_nonimmune_reference_assignment_retained,0.285791727766419,0.285791727766419,False,0.714208272233581,,1.0,Epithelial cells,1.0,0.0,1.0,Epithelial cells,1.0,ok,True,both,negative,0
CAGTTCGAGGACCCGA-1,1,69,49,11596,5600,18666.6666666667,38653.3333333333,21,21,0,0,1.0,0.0,0.0,Tumor,1.0,True,,positive,negative,negative,negative,Immune cells,negative,baseline_immune_all_dropout,svtuner_immune_all_dropout,available_nonimmune_reference_assignment_retained,0.3632207549201939,0.3632207549201939,False,0.6367792450798061,,1.0,PVL,1.0,0.0,1.0,PVL,1.0,ok,True,both,negative,0
CATAACGGACAGTCGT-1,1,36,94,6588,9520,31733.3333333333,21960.0,24,20,4,0,0.8333333333333334,0.1666666666666666,0.0,Tumor,0.8333333333333334,True,,positive,negative,negative,negative,Immune cells,negative,baseline_immune_all_dropout,svtuner_immune_all_dropout,available_nonimmune_reference_assignment_retained,0.2609683542064449,0.2609683542064449,False,0.7390316457935551,,1.0,Endothelial cells,1.0,0.0,1.0,Endothelial cells,1.0,ok,True,both,negative,0
CATAAGAAGCTTGGCT-1,1,58,72,9926,7604,25346.6666666667,33086.6666666667,17,15,1,1,0.8823529411764706,0.0588235294117647,0.0588235294117647,Tumor,0.8823529411764706,True,,positive,negative,negative,negative,Immune cells,negative,baseline_immune_all_dropout,svtuner_immune_all_dropout,available_nonimmune_reference_assignment_retained,0.5271384720903438,0.5271384720903438,False,0.4728615279096562,,1.0,Epithelial cells,1.0,0.0,1.0,Epithelial cells,1.0,ok,True,both,negative,0
CATACACGGTTCCCAC-1,1,61,55,10382,6122,20406.6666666667,34606.6666666667,31,31,0,0,1.0,0.0,0.0,Tumor,1.0,True,,positive,negative,negative,negative,Immune cells,negative,baseline_immune_all_dropout,svtuner_immune_all_dropout,available_nonimmune_reference_assignment_retained,0.427610121884761,0.427610121884761,False,0.572389878115239,,1.0,PVL,1.0,0.0,1.0,PVL,1.0,ok,True,both,negative,0
CATACGAACTAGCTGG-1,1,65,31,10990,4030,13433.3333333333,36633.3333333333,31,31,0,0,1.0,0.0,0.0,Tumor,1.0,True,,positive,negative,negative,negative,Immune cells,negative,baseline_immune_all_dropout,svtuner_immune_all_dropout,available_nonimmune_reference_assignment_retained,0.2303328082060013,0.2303328082060013,False,0.7696671917939987,,1.0,Epithelial cells,1.0,0.0,1.0,Epithelial cells,1.0,ok,True,both,negative,0
CATACGGCGTCTGGGC-1,1,39,63,7045,6817,22723.3333333333,23483.3333333333,36,33,3,0,0.9166666666666666,0.0833333333333333,0.0,Tumor,0.9166666666666666,True,,positive,negative,negative,negative,Immune cells,negative,baseline_immune_all_dropout,svtuner_immune_all_dropout,available_nonimmune_reference_assignment_retained,0.3718118424765403,0.3718118424765403,False,0.6281881575234597,,1.0,Endothelial cells,1.0,0.0,1.0,Endothelial cells,1.0,ok,True,both,negative,0
CATACTATGTAATTGT-1,1,36,48,6590,5509,18363.3333333333,21966.6666666667,23,22,1,0,0.9565217391304348,0.0434782608695652,0.0,Tumor,0.9565217391304348,True,,positive,negative,negative,negative,Immune cells,negative,baseline_immune_all_dropout,svtuner_immune_all_dropout,available_nonimmune_reference_assignment_retained,0.2880870921053809,0.2880870921053809,False,0.7119129078946191,,1.0,PVL,1.0,0.0,1.0,PVL,1.0,ok,True,both,negative,0
CATACTTAGGCAATAC-1,1,37,113,6738,11176,37253.3333333333,22460.0,21,21,0,0,1.0,0.0,0.0,Tumor,1.0,True,,positive,negative,negative,negative,Immune cells,negative,baseline_immune_all_dropout,svtuner_immune_all_dropout,available_nonimmune_reference_assignment_retained,0.3201504701162286,0.3201504701162286,False,0.6798495298837715,,1.0,Epithelial cells,0.8,0.0,1.0,Epithelial cells,0.8,ok,True,both,negative,0
CATACTTCTTTCTCCG-1,1,68,52,11444,5861,19536.6666666667,38146.6666666667,22,21,0,1,0.9545454545454546,0.0,0.0454545454545454,Tumor,0.9545454545454546,True,,positive,negative,negative,negative,Immune cells,negative,baseline_immune_all_dropout,svtuner_immune_all_dropout,available_nonimmune_reference_assignment_retained,0.3830270043998081,0.3830270043998081,False,0.6169729956001919,,1.0,Endothelial cells,0.8,0.0,1.0,Endothelial cells,0.8,ok,True,both,negative,0
CATAGAGGAGATACTA-1,1,69,87,11594,8912,29706.6666666667,38646.6666666667,12,5,0,7,0.4166666666666667,0.0,0.5833333333333334,Stroma,0.5833333333333334,True,,ambiguous,negative,ambiguous,negative,Immune cells,negative,baseline_immune_all_dropout,svtuner_immune_all_dropout,available_nonimmune_reference_assignment_retained,0.4343812942917484,0.4343812942917484,False,0.5656187057082516,,1.0,PVL,1.0,0.0,1.0,PVL,1.0,ok,True,both,negative,0
CATAGCGTTGCCCACC-1,1,54,42,9321,4988,16626.6666666667,31070.0,27,27,0,0,1.0,0.0,0.0,Tumor,1.0,True,,positive,negative,negative,negative,Immune cells,negative,baseline_immune_all_dropout,svtuner_immune_all_dropout,available_nonimmune_reference_assignment_retained,0.3415474189645954,0.3415474189645954,False,0.6584525810354046,,1.0,PVL,1.0,0.0,1.0,PVL,1.0,ok,True,both,negative,0
CATAGTCAAATACATA-1,1,65,93,10987,9435,31450.0,36623.3333333333,22,22,0,0,1.0,0.0,0.0,Tumor,1.0,True,,positive,negative,negative,negative,Immune cells,negative,baseline_immune_all_dropout,svtuner_immune_all_dropout,available_nonimmune_reference_assignment_retained,0.300421243761338,0.300421243761338,False,0.699578756238662,,1.0,PVL,0.6666666666666666,0.0,1.0,PVL,0.6666666666666666,ok,True,both,negative,0
CATAGTCCACAAGAAC-1,1,45,31,7957,4028,13426.6666666667,26523.3333333333,8,8,0,0,1.0,0.0,0.0,Tumor,1.0,True,,positive,negative,negative,negative,Immune cells,negative,baseline_immune_all_dropout,svtuner_immune_all_dropout,available_nonimmune_reference_assignment_retained,0.3137414280459281,0.3137414280459281,False,0.6862585719540719,,1.0,Epithelial cells,1.0,0.0,1.0,Epithelial cells,1.0,ok,True,both,negative,0
CATATAGGTACAGTCA-1,1,43,55,7652,6120,20400.0,25506.6666666667,20,19,1,0,0.95,0.05,0.0,Tumor,0.95,True,,positive,negative,negative,negative,Immune cells,negative,baseline_immune_all_dropout,svtuner_immune_all_dropout,available_nonimmune_reference_assignment_retained,0.386887820209087,0.386887820209087,False,0.6131121797909129,,1.0,Fibroblasts,1.0,0.0,1.0,Fibroblasts,1.0,ok,True,both,negative,0
CATCATTACCCTGAGG-1,1,52,94,9015,9521,31736.6666666667,30050.0,23,23,0,0,1.0,0.0,0.0,Tumor,1.0,True,,positive,negative,negative,negative,Immune cells,negative,baseline_immune_all_dropout,svtuner_immune_all_dropout,available_nonimmune_reference_assignment_retained,0.3111653222531061,0.3111653222531061,False,0.6888346777468939,,1.0,Epithelial cells,1.0,0.0,1.0,Epithelial cells,1.0,ok,True,both,negative,0
CATCCAATATAGTTTG-1,1,66,18,11143,2897,9656.66666666667,37143.3333333333,10,0,2,8,0.0,0.2,0.8,Stroma,0.8,True,,negative,negative,positive,negative,Immune cells,negative,baseline_immune_all_dropout,svtuner_immune_all_dropout,reference_unrepresented_withheld_by_stage3b,0.4792792444241233,0.4792792444241233,True,0.5207207555758767,,0.0,__withheld_reference_unrepresented__,0.0,0.0,1.0,PVL,0.75,ok,True,both,negative,0
CATCCTCTCAAAGATC-1,1,54,92,9318,9347,31156.6666666667,31060.0,19,16,0,3,0.8421052631578947,0.0,0.1578947368421052,Tumor,0.8421052631578947,True,,positive,negative,negative,negative,Immune cells,negative,baseline_immune_all_dropout,svtuner_immune_all_dropout,available_nonimmune_reference_assignment_retained,0.3608192542630671,0.3608192542630671,False,0.639180745736933,,1.0,Endothelial cells,1.0,0.0,1.0,Endothelial cells,1.0,ok,True,both,negative,0
CATCGGACGGGTTAAT-1,1,42,58,7500,6382,21273.3333333333,25000.0,21,21,0,0,1.0,0.0,0.0,Tumor,1.0,True,,positive,negative,negative,negative,Immune cells,negative,baseline_immune_all_dropout,svtuner_immune_all_dropout,available_nonimmune_reference_assignment_retained,0.3622676514157204,0.3622676514157204,False,0.6377323485842796,,1.0,Epithelial cells,1.0,0.0,1.0,Epithelial cells,1.0,ok,True,both,negative,0
CATCTAGTGAAGGGAA-1,1,45,121,7952,11874,39580.0,26506.6666666667,15,15,0,0,1.0,0.0,0.0,Tumor,1.0,True,,positive,negative,negative,negative,Immune cells,negative,baseline_immune_all_dropout,svtuner_immune_all_dropout,available_nonimmune_reference_assignment_retained,0.3136024478978524,0.3136024478978524,False,0.6863975521021476,,1.0,PVL,1.0,0.0,1.0,PVL,1.0,ok,True,both,negative,0
CATCTTACACCACCTC-1,1,37,99,6739,9956,33186.6666666667,22463.3333333333,36,36,0,0,1.0,0.0,0.0,Tumor,1.0,True,,positive,negative,negative,negative,Immune cells,negative,baseline_immune_all_dropout,svtuner_immune_all_dropout,available_nonimmune_reference_assignment_retained,0.4838859156527716,0.4838859156527716,False,0.5161140843472284,,1.0,Epithelial cells,1.0,0.0,1.0,Epithelial cells,1.0,ok,True,both,negative,0
CATGACTTCGCTGAAT-1,1,40,106,7194,10566,35220.0,23980.0,24,24,0,0,1.0,0.0,0.0,Tumor,1.0,True,,positive,negative,negative,negative,Immune cells,negative,baseline_immune_all_dropout,svtuner_immune_all_dropout,available_nonimmune_reference_assignment_retained,0.5169085802369344,0.5169085802369344,False,0.4830914197630656,,1.0,Fibroblasts,1.0,0.0,1.0,Fibroblasts,1.0,ok,True,both,negative,0
CATGAGATGCACTCTC-1,1,59,79,10078,8214,27380.0,33593.3333333333,10,5,0,5,0.5,0.0,0.5,Tumor,0.5,True,,ambiguous,negative,ambiguous,negative,Immune cells,negative,baseline_immune_all_dropout,svtuner_immune_all_dropout,available_nonimmune_reference_assignment_retained,0.5220609286732433,0.5220609286732433,False,0.4779390713267567,,1.0,Fibroblasts,1.0,0.0,1.0,Fibroblasts,1.0,ok,True,both,negative,0
CATGATGGAAGTTAGC-1,1,45,103,7953,10305,34350.0,26510.0,17,17,0,0,1.0,0.0,0.0,Tumor,1.0,True,,positive,negative,negative,negative,Immune cells,negative,baseline_immune_all_dropout,svtuner_immune_all_dropout,available_nonimmune_reference_assignment_retained,0.3807431826956231,0.3807431826956231,False,0.6192568173043769,,1.0,Endothelial cells,0.5,0.0,1.0,Endothelial cells,0.5,ok,True,both,negative,0
CATGCGACCAGTTTAA-1,1,26,98,5071,9867,32890.0,16903.3333333333,22,22,0,0,1.0,0.0,0.0,Tumor,1.0,True,,positive,negative,negative,negative,Immune cells,negative,baseline_immune_all_dropout,svtuner_immune_all_dropout,available_nonimmune_reference_assignment_retained,0.2618475418681874,0.2618475418681874,False,0.7381524581318126,,1.0,Epithelial cells,1.0,0.0,1.0,Epithelial cells,1.0,ok,True,both,negative,0
CATGCGTTGAGAGGAG-1,1,72,46,12052,5338,17793.3333333333,40173.3333333333,20,0,19,1,0.0,0.95,0.05,Immune cells,0.95,True,,negative,positive,negative,positive,Immune cells,positive,baseline_immune_all_dropout,svtuner_immune_all_dropout,reference_unrepresented_withheld_by_stage3b,0.6464829773421193,0.6464829773421193,True,0.3535170226578806,,0.0,__withheld_reference_unrepresented__,0.0,0.0,1.0,Endothelial cells,1.0,ok,True,both,positive,1
CATGGATTGTCTTCCG-1,1,55,101,9470,10132,33773.3333333333,31566.6666666667,30,30,0,0,1.0,0.0,0.0,Tumor,1.0,True,,positive,negative,negative,negative,Immune cells,negative,baseline_immune_all_dropout,svtuner_immune_all_dropout,available_nonimmune_reference_assignment_retained,0.2777600282758713,0.2777600282758713,False,0.7222399717241287,,1.0,Endothelial cells,0.6666666666666666,0.0,1.0,Endothelial cells,0.6666666666666666,ok,True,both,negative,0
CATGGGTATGCCTTAT-1,1,56,82,9622,8475,28250.0,32073.3333333333,23,22,0,1,0.9565217391304348,0.0,0.0434782608695652,Tumor,0.9565217391304348,True,,positive,negative,negative,negative,Immune cells,negative,baseline_immune_all_dropout,svtuner_immune_all_dropout,available_nonimmune_reference_assignment_retained,0.2238236920842625,0.2238236920842625,False,0.7761763079157376,,1.0,Endothelial cells,1.0,0.0,1.0,Endothelial cells,1.0,ok,True,both,negative,0
CATGGTAAGTAGCGTT-1,1,45,73,7954,7690,25633.3333333333,26513.3333333333,17,17,0,0,1.0,0.0,0.0,Tumor,1.0,True,,positive,negative,negative,negative,Immune cells,negative,baseline_immune_all_dropout,svtuner_immune_all_dropout,available_nonimmune_reference_assignment_retained,0.5083671501898653,0.5083671501898653,False,0.4916328498101346,,1.0,Fibroblasts,1.0,0.0,1.0,Fibroblasts,1.0,ok,True,both,negative,0
CATTACATAGATTGTG-1,1,27,117,5221,11524,38413.3333333333,17403.3333333333,27,25,2,0,0.925925925925926,0.074074074074074,0.0,Tumor,0.925925925925926,True,,positive,negative,negative,negative,Immune cells,negative,baseline_immune_all_dropout,svtuner_immune_all_dropout,available_nonimmune_reference_assignment_retained,0.4729701403185813,0.4729701403185813,False,0.5270298596814187,,1.0,PVL,1.0,0.0,1.0,PVL,1.0,ok,True,both,negative,0
CATTCCCATTCCGTCG-1,1,32,118,5980,11612,38706.6666666667,19933.3333333333,22,22,0,0,1.0,0.0,0.0,Tumor,1.0,True,,positive,negative,negative,negative,Immune cells,negative,baseline_immune_all_dropout,svtuner_immune_all_dropout,available_nonimmune_reference_assignment_retained,0.4738714441402586,0.4738714441402586,False,0.5261285558597414,,1.0,Endothelial cells,1.0,0.0,1.0,Endothelial cells,1.0,ok,True,both,negative,0
CATTGATGAACACGCC-1,1,23,119,4614,11698,38993.3333333333,15380.0,28,26,1,1,0.9285714285714286,0.0357142857142857,0.0357142857142857,Tumor,0.9285714285714286,True,,positive,negative,negative,negative,Immune cells,negative,baseline_immune_all_dropout,svtuner_immune_all_dropout,available_nonimmune_reference_assignment_retained,0.5567082784343687,0.5567082784343687,False,0.4432917215656313,,1.0,PVL,1.0,0.0,1.0,PVL,1.0,ok,True,both,negative,0
CATTGCGGGTCAATTC-1,1,25,115,4918,11349,37830.0,16393.3333333333,25,25,0,0,1.0,0.0,0.0,Tumor,1.0,True,,positive,negative,negative,negative,Immune cells,negative,baseline_immune_all_dropout,svtuner_immune_all_dropout,available_nonimmune_reference_assignment_retained,0.3548135738217687,0.3548135738217687,False,0.6451864261782313,,1.0,Epithelial cells,1.0,0.0,1.0,Epithelial cells,1.0,ok,True,both,negative,0
CATTTGAGTGGTACGT-1,1,50,48,8714,5511,18370.0,29046.6666666667,24,24,0,0,1.0,0.0,0.0,Tumor,1.0,True,,positive,negative,negative,negative,Immune cells,negative,baseline_immune_all_dropout,svtuner_immune_all_dropout,available_nonimmune_reference_assignment_retained,0.3033157019384779,0.3033157019384779,False,0.6966842980615221,,1.0,Epithelial cells,1.0,0.0,1.0,Epithelial cells,1.0,ok,True,both,negative,0
CCAAATAACAAGATTC-1,1,51,113,8862,11178,37260.0,29540.0,23,22,0,1,0.9565217391304348,0.0,0.0434782608695652,Tumor,0.9565217391304348,True,,positive,negative,negative,negative,Immune cells,negative,baseline_immune_all_dropout,svtuner_immune_all_dropout,available_nonimmune_reference_assignment_retained,0.2485089797162994,0.2485089797162994,False,0.7514910202837006,,1.0,Endothelial cells,1.0,0.0,1.0,Endothelial cells,1.0,ok,True,both,negative,0
CCAACCTTATGTAACT-1,1,67,41,11293,4902,16340.0,37643.3333333333,24,22,1,1,0.9166666666666666,0.0416666666666666,0.0416666666666666,Tumor,0.9166666666666666,True,,positive,negative,negative,negative,Immune cells,negative,baseline_immune_all_dropout,svtuner_immune_all_dropout,available_nonimmune_reference_assignment_retained,0.2222580465845883,0.2222580465845883,False,0.7777419534154117,,1.0,PVL,0.5714285714285714,0.0,1.0,PVL,0.5714285714285714,ok,True,both,negative,0
CCAACTTGATAGATCC-1,1,47,123,8255,12049,40163.3333333333,27516.6666666667,25,25,0,0,1.0,0.0,0.0,Tumor,1.0,True,,positive,negative,negative,negative,Immune cells,negative,baseline_immune_all_dropout,svtuner_immune_all_dropout,available_nonimmune_reference_assignment_retained,0.3275656714698948,0.3275656714698948,False,0.6724343285301052,,1.0,Fibroblasts,1.0,0.0,1.0,Fibroblasts,1.0,ok,True,both,negative,0
CCAAGAAAGTGGGCGA-1,1,52,52,9017,5859,19530.0,30056.6666666667,24,24,0,0,1.0,0.0,0.0,Tumor,1.0,True,,positive,negative,negative,negative,Immune cells,negative,baseline_immune_all_dropout,svtuner_immune_all_dropout,available_nonimmune_reference_assignment_retained,0.3739350979893291,0.3739350979893291,False,0.6260649020106709,,1.0,Endothelial cells,0.6,0.0,1.0,Endothelial cells,0.6,ok,True,both,negative,0
CCAATGTCACAGCAAG-1,1,37,49,6742,5597,18656.6666666667,22473.3333333333,34,34,0,0,1.0,0.0,0.0,Tumor,1.0,True,,positive,negative,negative,negative,Immune cells,negative,baseline_immune_all_dropout,svtuner_immune_all_dropout,available_nonimmune_reference_assignment_retained,0.3829406721072775,0.3829406721072775,False,0.6170593278927226,,1.0,PVL,1.0,0.0,1.0,PVL,1.0,ok,True,both,negative,0
CCACACTGAGATATTA-1,1,39,49,7045,5597,18656.6666666667,23483.3333333333,25,20,1,4,0.8,0.04,0.16,Tumor,0.8,True,,positive,negative,negative,negative,Immune cells,negative,baseline_immune_all_dropout,svtuner_immune_all_dropout,reference_unrepresented_withheld_by_stage3b,0.5266748962957266,0.5266748962957266,True,0.4733251037042734,,0.0,__withheld_reference_unrepresented__,0.0,0.0,1.0,Endothelial cells,0.6666666666666666,ok,True,both,negative,0
CCACAGTACCCATCCT-1,1,48,92,8408,9346,31153.3333333333,28026.6666666667,21,21,0,0,1.0,0.0,0.0,Tumor,1.0,True,,positive,negative,negative,negative,Immune cells,negative,baseline_immune_all_dropout,svtuner_immune_all_dropout,available_nonimmune_reference_assignment_retained,0.2227165072138946,0.2227165072138946,False,0.7772834927861054,,1.0,Fibroblasts,1.0,0.0,1.0,Fibroblasts,1.0,ok,True,both,negative,0
CCACATACTGCACCCA-1,1,52,118,9014,11614,38713.3333333333,30046.6666666667,6,4,0,2,0.6666666666666666,0.0,0.3333333333333333,Tumor,0.6666666666666666,True,,positive,negative,ambiguous,negative,Immune cells,negative,baseline_immune_all_dropout,svtuner_immune_all_dropout,available_nonimmune_reference_assignment_retained,0.5220161229732283,0.5220161229732283,False,0.4779838770267717,,1.0,Endothelial cells,0.6666666666666666,0.0,1.0,Endothelial cells,0.6666666666666666,ok,True,both,negative,0
CCACCAACTTTACTGT-1,1,52,40,9018,4813,16043.3333333333,30060.0,19,19,0,0,1.0,0.0,0.0,Tumor,1.0,True,,positive,negative,negative,negative,Immune cells,negative,baseline_immune_all_dropout,svtuner_immune_all_dropout,available_nonimmune_reference_assignment_retained,0.333286547949578,0.333286547949578,False,0.666713452050422,,1.0,Endothelial cells,1.0,0.0,1.0,Endothelial cells,1.0,ok,True,both,negative,0
CCACCCAAGGAAAGTG-1,1,37,75,6741,7863,26210.0,22470.0,23,22,1,0,0.9565217391304348,0.0434782608695652,0.0,Tumor,0.9565217391304348,True,,positive,negative,negative,negative,Immune cells,negative,baseline_immune_all_dropout,svtuner_immune_all_dropout,available_nonimmune_reference_assignment_retained,0.2786579140398253,0.2786579140398253,False,0.7213420859601747,,1.0,PVL,1.0,0.0,1.0,PVL,1.0,ok,True,both,negative,0
CCACGAATTTAACCTC-1,1,41,109,7345,10828,36093.3333333333,24483.3333333333,37,37,0,0,1.0,0.0,0.0,Tumor,1.0,True,,positive,negative,negative,negative,Immune cells,negative,baseline_immune_all_dropout,svtuner_immune_all_dropout,available_nonimmune_reference_assignment_retained,0.4553745723167855,0.4553745723167855,False,0.5446254276832145,,1.0,Endothelial cells,1.0,0.0,1.0,Endothelial cells,1.0,ok,True,both,negative,0
CCACGGTGCCCGGTAG-1,1,35,107,6435,10653,35510.0,21450.0,25,23,0,2,0.92,0.0,0.08,Tumor,0.92,True,,positive,negative,negative,negative,Immune cells,negative,baseline_immune_all_dropout,svtuner_immune_all_dropout,available_nonimmune_reference_assignment_retained,0.5142792618718722,0.5142792618718722,False,0.4857207381281277,,1.0,PVL,0.6666666666666666,0.0,1.0,PVL,0.6666666666666666,ok,True,both,negative,0
CCACGTAAATTAGACT-1,1,34,122,6283,11961,39870.0,20943.3333333333,28,28,0,0,1.0,0.0,0.0,Tumor,1.0,True,,positive,negative,negative,negative,Immune cells,negative,baseline_immune_all_dropout,svtuner_immune_all_dropout,available_nonimmune_reference_assignment_retained,0.4470991988819151,0.4470991988819151,False,0.5529008011180849,,1.0,Epithelial cells,1.0,0.0,1.0,Epithelial cells,1.0,ok,True,both,negative,0
CCACTATCCGGGTCAC-1,1,30,116,5676,11437,38123.3333333333,18920.0,25,25,0,0,1.0,0.0,0.0,Tumor,1.0,True,,positive,negative,negative,negative,Immune cells,negative,baseline_immune_all_dropout,svtuner_immune_all_dropout,available_nonimmune_reference_assignment_retained,0.508496412446666,0.508496412446666,False,0.491503587553334,,1.0,PVL,1.0,0.0,1.0,PVL,1.0,ok,True,both,negative,0
CCACTCAGATCCGCAA-1,1,72,80,12050,8302,27673.3333333333,40166.6666666667,17,16,1,0,0.9411764705882352,0.0588235294117647,0.0,Tumor,0.9411764705882352,True,,positive,negative,negative,negative,Immune cells,negative,baseline_immune_all_dropout,svtuner_immune_all_dropout,available_nonimmune_reference_assignment_retained,0.28576191855871,0.28576191855871,False,0.71423808144129,,1.0,Fibroblasts,0.5,0.0,1.0,Fibroblasts,0.5,ok,True,both,negative,0
CCACTGTTTGGATTAA-1,1,58,106,9924,10568,35226.6666666667,33080.0,18,18,0,0,1.0,0.0,0.0,Tumor,1.0,True,,positive,negative,negative,negative,Immune cells,negative,baseline_immune_all_dropout,svtuner_immune_all_dropout,available_nonimmune_reference_assignment_retained,0.4797371687614415,0.4797371687614415,False,0.5202628312385584,,1.0,PVL,0.6666666666666666,0.0,1.0,PVL,0.6666666666666666,ok,True,both,negative,0
CCAGAAAGCAACTCAT-1,1,52,36,9018,4465,14883.3333333333,30060.0,26,26,0,0,1.0,0.0,0.0,Tumor,1.0,True,,positive,negative,negative,negative,Immune cells,negative,baseline_immune_all_dropout,svtuner_immune_all_dropout,available_nonimmune_reference_assignment_retained,0.2041869937331146,0.2041869937331146,False,0.7958130062668853,,1.0,Epithelial cells,1.0,0.0,1.0,Epithelial cells,1.0,ok,True,both,negative,0
CCAGATGTAAATGGGT-1,1,19,123,4007,12046,40153.3333333333,13356.6666666667,32,29,3,0,0.90625,0.09375,0.0,Tumor,0.90625,True,,positive,negative,negative,negative,Immune cells,negative,baseline_immune_all_dropout,svtuner_immune_all_dropout,available_nonimmune_reference_assignment_retained,0.4975023461105509,0.4975023461105509,False,0.5024976538894491,,1.0,Fibroblasts,1.0,0.0,1.0,Fibroblasts,1.0,ok,True,both,negative,0
CCAGCCTGGACCAATA-1,1,37,65,6741,6991,23303.3333333333,22470.0,27,27,0,0,1.0,0.0,0.0,Tumor,1.0,True,,positive,negative,negative,negative,Immune cells,negative,baseline_immune_all_dropout,svtuner_immune_all_dropout,available_nonimmune_reference_assignment_retained,0.3771093681823459,0.3771093681823459,False,0.6228906318176541,,1.0,Endothelial cells,0.8,0.0,1.0,Endothelial cells,0.8,ok,True,both,negative,0
CCAGCGGGATCACCAG-1,1,32,124,5979,12135,40450.0,19930.0,24,24,0,0,1.0,0.0,0.0,Tumor,1.0,True,,positive,negative,negative,negative,Immune cells,negative,baseline_immune_all_dropout,svtuner_immune_all_dropout,available_nonimmune_reference_assignment_retained,0.4326147891309265,0.4326147891309265,False,0.5673852108690736,,1.0,Endothelial cells,0.6666666666666666,0.0,1.0,Endothelial cells,0.6666666666666666,ok,True,both,negative,0
CCAGCTCGAACGCATT-1,1,63,65,10685,6994,23313.3333333333,35616.6666666667,25,25,0,0,1.0,0.0,0.0,Tumor,1.0,True,,positive,negative,negative,negative,Immune cells,negative,baseline_immune_all_dropout,svtuner_immune_all_dropout,available_nonimmune_reference_assignment_retained,0.3915499710574024,0.3915499710574024,False,0.6084500289425976,,1.0,Epithelial cells,0.6,0.0,1.0,Epithelial cells,0.6,ok,True,both,negative,0
CCAGGCTGGCGTCTGA-1,1,56,122,9620,11963,39876.6666666667,32066.6666666667,19,0,18,1,0.0,0.9473684210526316,0.0526315789473684,Immune cells,0.9473684210526316,True,,negative,positive,negative,positive,Immune cells,positive,baseline_immune_all_dropout,svtuner_immune_all_dropout,reference_unrepresented_withheld_by_stage3b,0.5425982571868402,0.5425982571868402,True,0.4574017428131598,,0.0,__withheld_reference_unrepresented__,0.0,0.0,1.0,Fibroblasts,1.0,ok,True,both,positive,1
CCAGTCTTGTCATAGA-1,1,59,59,10079,6470,21566.6666666667,33596.6666666667,21,21,0,0,1.0,0.0,0.0,Tumor,1.0,True,,positive,negative,negative,negative,Immune cells,negative,baseline_immune_all_dropout,svtuner_immune_all_dropout,available_nonimmune_reference_assignment_retained,0.3766586722567185,0.3766586722567185,False,0.6233413277432815,,1.0,PVL,1.0,0.0,1.0,PVL,1.0,ok,True,both,negative,0
CCATACCTTTACTTGT-1,1,30,102,5677,10217,34056.6666666667,18923.3333333333,21,21,0,0,1.0,0.0,0.0,Tumor,1.0,True,,positive,negative,negative,negative,Immune cells,negative,baseline_immune_all_dropout,svtuner_immune_all_dropout,available_nonimmune_reference_assignment_retained,0.379136676996223,0.379136676996223,False,0.620863323003777,,1.0,Endothelial cells,0.8,0.0,1.0,Endothelial cells,0.8,ok,True,both,negative,0
CCATATGGAAACTATA-1,1,53,103,9166,10306,34353.3333333333,30553.3333333333,32,32,0,0,1.0,0.0,0.0,Tumor,1.0,True,,positive,negative,negative,negative,Immune cells,negative,baseline_immune_all_dropout,svtuner_immune_all_dropout,available_nonimmune_reference_assignment_retained,0.1983353893972365,0.1983353893972365,False,0.8016646106027635,,1.0,Epithelial cells,1.0,0.0,1.0,Epithelial cells,1.0,ok,True,both,negative,0
CCATCGCAGTTAAACT-1,1,50,62,8713,6731,22436.6666666667,29043.3333333333,26,26,0,0,1.0,0.0,0.0,Tumor,1.0,True,,positive,negative,negative,negative,Immune cells,negative,baseline_immune_all_dropout,svtuner_immune_all_dropout,available_nonimmune_reference_assignment_retained,0.4506835984079961,0.4506835984079961,False,0.5493164015920039,,1.0,Endothelial cells,1.0,0.0,1.0,Endothelial cells,1.0,ok,True,both,negative,0
CCATCTCACCAGTGAA-1,1,38,98,6891,9869,32896.6666666667,22970.0,27,27,0,0,1.0,0.0,0.0,Tumor,1.0,True,,positive,negative,negative,negative,Immune cells,negative,baseline_immune_all_dropout,svtuner_immune_all_dropout,available_nonimmune_reference_assignment_retained,0.3562390071001643,0.3562390071001643,False,0.6437609928998357,,1.0,Fibroblasts,0.6,0.0,1.0,Fibroblasts,0.6,ok,True,both,negative,0
CCATGCCTGTTTAGTA-1,1,35,53,6438,5945,19816.6666666667,21460.0,20,3,16,1,0.15,0.8,0.05,Immune cells,0.8,True,,negative,positive,negative,positive,Immune cells,positive,baseline_immune_all_dropout,svtuner_immune_all_dropout,available_nonimmune_reference_assignment_retained,0.5084887346647778,0.5084887346647778,False,0.4915112653352221,,1.0,Endothelial cells,0.6666666666666666,0.0,1.0,Endothelial cells,0.6666666666666666,ok,True,both,positive,1
CCATGTTCATCTATAT-1,1,68,28,11446,3769,12563.3333333333,38153.3333333333,6,0,0,6,0.0,0.0,1.0,Stroma,1.0,True,,negative,negative,positive,negative,Immune cells,negative,baseline_immune_all_dropout,svtuner_immune_all_dropout,available_nonimmune_reference_assignment_retained,0.6628322005669713,0.6628322005669713,False,0.3371677994330286,,1.0,PVL,1.0,0.0,1.0,PVL,1.0,ok,True,both,negative,0
CCATTAGCGATAATCC-1,1,32,42,5984,4986,16620.0,19946.6666666667,25,7,15,3,0.28,0.6,0.12,Immune cells,0.6,True,,ambiguous,positive,negative,positive,Immune cells,positive,baseline_immune_all_dropout,svtuner_immune_all_dropout,available_nonimmune_reference_assignment_retained,0.3730944655481678,0.3730944655481678,False,0.6269055344518322,,1.0,Fibroblasts,1.0,0.0,1.0,Fibroblasts,1.0,ok,True,both,positive,1
CCATTGTTTCCTCCAT-1,1,29,123,5524,12047,40156.6666666667,18413.3333333333,25,25,0,0,1.0,0.0,0.0,Tumor,1.0,True,,positive,negative,negative,negative,Immune cells,negative,baseline_immune_all_dropout,svtuner_immune_all_dropout,available_nonimmune_reference_assignment_retained,0.4363925820948541,0.4363925820948541,False,0.5636074179051459,,1.0,PVL,0.75,0.0,1.0,PVL,0.75,ok,True,both,negative,0
CCATTTCTACCTATTA-1,1,55,71,9471,7516,25053.3333333333,31570.0,11,11,0,0,1.0,0.0,0.0,Tumor,1.0,True,,positive,negative,negative,negative,Immune cells,negative,baseline_immune_all_dropout,svtuner_immune_all_dropout,available_nonimmune_reference_assignment_retained,0.5336072190281504,0.5336072190281504,False,0.4663927809718495,,1.0,Endothelial cells,1.0,0.0,1.0,Endothelial cells,1.0,ok,True,both,negative,0
CCCAAACATGCTGCTC-1,1,34,88,6285,8996,29986.6666666667,20950.0,24,23,0,1,0.9583333333333334,0.0,0.0416666666666666,Tumor,0.9583333333333334,True,,positive,negative,negative,negative,Immune cells,negative,baseline_immune_all_dropout,svtuner_immune_all_dropout,available_nonimmune_reference_assignment_retained,0.2083787376099557,0.2083787376099557,False,0.7916212623900443,,1.0,Endothelial cells,0.625,0.0,1.0,Endothelial cells,0.625,ok,True,both,negative,0
CCCAACATACGTCGCG-1,1,43,35,7653,4377,14590.0,25510.0,28,28,0,0,1.0,0.0,0.0,Tumor,1.0,True,,positive,negative,negative,negative,Immune cells,negative,baseline_immune_all_dropout,svtuner_immune_all_dropout,available_nonimmune_reference_assignment_retained,0.2687131983637089,0.2687131983637089,False,0.7312868016362911,,1.0,Epithelial cells,1.0,0.0,1.0,Epithelial cells,1.0,ok,True,both,negative,0
CCCAAGTCATTACACT-1,1,68,96,11442,9697,32323.3333333333,38140.0,17,15,1,1,0.8823529411764706,0.0588235294117647,0.0588235294117647,Tumor,0.8823529411764706,True,,positive,negative,negative,negative,Immune cells,negative,baseline_immune_all_dropout,svtuner_immune_all_dropout,available_nonimmune_reference_assignment_retained,0.3688228423799934,0.3688228423799934,False,0.6311771576200066,,1.0,PVL,0.75,0.0,1.0,PVL,0.75,ok,True,both,negative,0
CCCAATTTCACAACTT-1,1,39,33,7046,4202,14006.6666666667,23486.6666666667,28,24,1,3,0.8571428571428571,0.0357142857142857,0.1071428571428571,Tumor,0.8571428571428571,True,,positive,negative,negative,negative,Immune cells,negative,baseline_immune_all_dropout,svtuner_immune_all_dropout,available_nonimmune_reference_assignment_retained,0.0987634670772107,0.0987634670772107,False,0.9012365329227892,,1.0,Endothelial cells,1.0,0.0,1.0,Endothelial cells,1.0,ok,True,both,negative,0
CCCAGGTCTGAAGGCT-1,1,53,111,9166,11003,36676.6666666667,30553.3333333333,14,2,12,0,0.1428571428571428,0.8571428571428571,0.0,Immune cells,0.8571428571428571,True,,negative,positive,negative,positive,Immune cells,positive,baseline_immune_all_dropout,svtuner_immune_all_dropout,available_nonimmune_reference_assignment_retained,0.5667326231730296,0.5667326231730296,False,0.4332673768269703,,1.0,Fibroblasts,1.0,0.0,1.0,Fibroblasts,1.0,ok,True,both,positive,1
CCCAGTTAAGGCGCCG-1,1,42,82,7499,8474,28246.6666666667,24996.6666666667,18,13,3,2,0.7222222222222222,0.1666666666666666,0.1111111111111111,Tumor,0.7222222222222222,True,,positive,negative,negative,negative,Immune cells,negative,baseline_immune_all_dropout,svtuner_immune_all_dropout,available_nonimmune_reference_assignment_retained,0.4300692438926531,0.4300692438926531,False,0.5699307561073469,,1.0,Endothelial cells,0.75,0.0,1.0,Endothelial cells,0.75,ok,True,both,negative,0
CCCGAGTTTCTCCGTA-1,1,48,108,8407,10741,35803.3333333333,28023.3333333333,31,31,0,0,1.0,0.0,0.0,Tumor,1.0,True,,positive,negative,negative,negative,Immune cells,negative,baseline_immune_all_dropout,svtuner_immune_all_dropout,available_nonimmune_reference_assignment_retained,0.2960000058907804,0.2960000058907804,False,0.7039999941092197,,1.0,Epithelial cells,1.0,0.0,1.0,Epithelial cells,1.0,ok,True,both,negative,0
CCCGATAGCCTCGCCT-1,1,37,127,6738,12397,41323.3333333333,22460.0,26,26,0,0,1.0,0.0,0.0,Tumor,1.0,True,,positive,negative,negative,negative,Immune cells,negative,baseline_immune_all_dropout,svtuner_immune_all_dropout,available_nonimmune_reference_assignment_retained,0.4453485769246019,0.4453485769246019,False,0.554651423075398,,1.0,PVL,1.0,0.0,1.0,PVL,1.0,ok,True,both,negative,0
CCCGCAGCGCGAACTA-1,1,49,67,8561,7167,23890.0,28536.6666666667,27,26,0,1,0.9629629629629628,0.0,0.037037037037037,Tumor,0.9629629629629628,True,,positive,negative,negative,negative,Immune cells,negative,baseline_immune_all_dropout,svtuner_immune_all_dropout,available_nonimmune_reference_assignment_retained,0.4341876489639326,0.4341876489639326,False,0.5658123510360674,,1.0,Endothelial cells,0.75,0.0,1.0,Endothelial cells,0.75,ok,True,both,negative,0
CCCGGGTCGTTCAGGG-1,1,65,57,10989,6297,20990.0,36630.0,25,21,3,1,0.84,0.12,0.04,Tumor,0.84,True,,positive,negative,negative,negative,Immune cells,negative,baseline_immune_all_dropout,svtuner_immune_all_dropout,available_nonimmune_reference_assignment_retained,0.3879149666299247,0.3879149666299247,False,0.6120850333700754,,1.0,PVL,0.6,0.0,1.0,PVL,0.6,ok,True,both,negative,0
CCCGTAGCTGGGAAGA-1,1,57,39,9776,4727,15756.6666666667,32586.6666666667,23,23,0,0,1.0,0.0,0.0,Tumor,1.0,True,,positive,negative,negative,negative,Immune cells,negative,baseline_immune_all_dropout,svtuner_immune_all_dropout,available_nonimmune_reference_assignment_retained,0.332138833359132,0.332138833359132,False,0.667861166640868,,1.0,PVL,1.0,0.0,1.0,PVL,1.0,ok,True,both,negative,0
CCCGTTTCGCAGATGT-1,1,52,106,9014,10567,35223.3333333333,30046.6666666667,33,33,0,0,1.0,0.0,0.0,Tumor,1.0,True,,positive,negative,negative,negative,Immune cells,negative,baseline_immune_all_dropout,svtuner_immune_all_dropout,available_nonimmune_reference_assignment_retained,0.3683076623926385,0.3683076623926385,False,0.6316923376073615,,1.0,Endothelial cells,1.0,0.0,1.0,Endothelial cells,1.0,ok,True,both,negative,0
CCCTACTTGAACAATG-1,1,70,86,11746,8825,29416.6666666667,39153.3333333333,14,1,10,3,0.0714285714285714,0.7142857142857143,0.2142857142857142,Immune cells,0.7142857142857143,True,,negative,positive,ambiguous,positive,Immune cells,positive,baseline_immune_all_dropout,svtuner_immune_all_dropout,available_nonimmune_reference_assignment_retained,0.3733244286612194,0.3733244286612194,False,0.6266755713387806,,1.0,PVL,1.0,0.0,1.0,PVL,1.0,ok,True,both,positive,1
CCCTATGTAGAGCAGA-1,1,60,24,10232,3419,11396.6666666667,34106.6666666667,21,10,0,11,0.4761904761904761,0.0,0.5238095238095238,Stroma,0.5238095238095238,True,,ambiguous,negative,ambiguous,negative,Immune cells,negative,baseline_immune_all_dropout,svtuner_immune_all_dropout,available_nonimmune_reference_assignment_retained,0.4860925217196922,0.4860925217196922,False,0.5139074782803078,,1.0,PVL,1.0,0.0,1.0,PVL,1.0,ok,True,both,negative,0
CCCTCCTCGCTCGTAT-1,1,50,106,8711,10567,35223.3333333333,29036.6666666667,23,23,0,0,1.0,0.0,0.0,Tumor,1.0,True,,positive,negative,negative,negative,Immune cells,negative,baseline_immune_all_dropout,svtuner_immune_all_dropout,available_nonimmune_reference_assignment_retained,0.2717748300808086,0.2717748300808086,False,0.7282251699191914,,1.0,Endothelial cells,0.5,0.0,1.0,Endothelial cells,0.5,ok,True,both,negative,0
CCCTGAAATGAGTTGA-1,1,31,39,5832,4724,15746.6666666667,19440.0,15,8,1,6,0.5333333333333333,0.0666666666666666,0.4,Tumor,0.5333333333333333,True,,ambiguous,negative,ambiguous,negative,Immune cells,negative,baseline_immune_all_dropout,svtuner_immune_all_dropout,available_nonimmune_reference_assignment_retained,0.4736912083826729,0.4736912083826729,False,0.526308791617327,,1.0,Fibroblasts,1.0,0.0,1.0,Fibroblasts,1.0,ok,True,both,negative,0
CCCTTTAATGGAGTTC-1,1,63,109,10683,10830,36100.0,35610.0,12,11,0,1,0.9166666666666666,0.0,0.0833333333333333,Tumor,0.9166666666666666,True,,positive,negative,negative,negative,Immune cells,negative,baseline_immune_all_dropout,svtuner_immune_all_dropout,available_nonimmune_reference_assignment_retained,0.3921703768321768,0.3921703768321768,False,0.6078296231678232,,1.0,PVL,0.6,0.0,1.0,PVL,0.6,ok,True,both,negative,0
CCGAAGGGCGTACCGC-1,1,29,125,5524,12222,40740.0,18413.3333333333,27,27,0,0,1.0,0.0,0.0,Tumor,1.0,True,,positive,negative,negative,negative,Immune cells,negative,baseline_immune_all_dropout,svtuner_immune_all_dropout,available_nonimmune_reference_assignment_retained,0.3624631799530896,0.3624631799530896,False,0.6375368200469105,,1.0,PVL,1.0,0.0,1.0,PVL,1.0,ok,True,both,negative,0
CCGACAATAGGCCGCC-1,1,57,111,9773,11004,36680.0,32576.6666666667,16,8,1,7,0.5,0.0625,0.4375,Tumor,0.5,True,,ambiguous,negative,ambiguous,negative,Immune cells,negative,baseline_immune_all_dropout,svtuner_immune_all_dropout,available_nonimmune_reference_assignment_retained,0.4537304983951892,0.4537304983951892,False,0.5462695016048108,,1.0,Fibroblasts,1.0,0.0,1.0,Fibroblasts,1.0,ok,True,both,negative,0
CCGAGAAGTCGCATAA-1,1,46,112,8104,11090,36966.6666666667,27013.3333333333,21,20,0,1,0.9523809523809524,0.0,0.0476190476190476,Tumor,0.9523809523809524,True,,positive,negative,negative,negative,Immune cells,negative,baseline_immune_all_dropout,svtuner_immune_all_dropout,available_nonimmune_reference_assignment_retained,0.3532326547536122,0.3532326547536122,False,0.6467673452463878,,1.0,Fibroblasts,1.0,0.0,1.0,Fibroblasts,1.0,ok,True,both,negative,0
CCGATATGACGTAAGG-1,1,55,127,9468,12398,41326.6666666667,31560.0,2,0,0,2,0.0,0.0,1.0,Stroma,1.0,True,,negative,negative,positive,negative,Immune cells,negative,baseline_immune_all_dropout,svtuner_immune_all_dropout,available_nonimmune_reference_assignment_retained,0.557433501828795,0.557433501828795,False,0.4425664981712049,,1.0,PVL,1.0,0.0,1.0,PVL,1.0,ok,True,both,negative,0
CCGATCTCAACCTTAT-1,1,37,101,6739,10130,33766.6666666667,22463.3333333333,33,33,0,0,1.0,0.0,0.0,Tumor,1.0,True,,positive,negative,negative,negative,Immune cells,negative,baseline_immune_all_dropout,svtuner_immune_all_dropout,available_nonimmune_reference_assignment_retained,0.5916329034655898,0.5916329034655898,False,0.4083670965344101,,1.0,Epithelial cells,1.0,0.0,1.0,Epithelial cells,1.0,ok,True,both,negative,0
CCGCACAAAGACCAAC-1,1,36,76,6589,7950,26500.0,21963.3333333333,23,13,2,8,0.5652173913043478,0.0869565217391304,0.3478260869565217,Tumor,0.5652173913043478,True,,ambiguous,negative,ambiguous,negative,Immune cells,negative,baseline_immune_all_dropout,svtuner_immune_all_dropout,available_nonimmune_reference_assignment_retained,0.3832145361384487,0.3832145361384487,False,0.6167854638615513,,1.0,Fibroblasts,1.0,0.0,1.0,Fibroblasts,1.0,ok,True,both,negative,0
CCGCACACGAACGTGT-1,1,45,123,7952,12049,40163.3333333333,26506.6666666667,30,30,0,0,1.0,0.0,0.0,Tumor,1.0,True,,positive,negative,negative,negative,Immune cells,negative,baseline_immune_all_dropout,svtuner_immune_all_dropout,available_nonimmune_reference_assignment_retained,0.5378489241352193,0.5378489241352193,False,0.4621510758647806,,1.0,Epithelial cells,1.0,0.0,1.0,Epithelial cells,1.0,ok,True,both,negative,0
CCGCCGTTGAGGATAA-1,1,45,119,7952,11700,39000.0,26506.6666666667,21,19,1,1,0.9047619047619048,0.0476190476190476,0.0476190476190476,Tumor,0.9047619047619048,True,,positive,negative,negative,negative,Immune cells,negative,baseline_immune_all_dropout,svtuner_immune_all_dropout,available_nonimmune_reference_assignment_retained,0.2947436881703333,0.2947436881703333,False,0.7052563118296666,,1.0,Fibroblasts,1.0,0.0,1.0,Fibroblasts,1.0,ok,True,both,negative,0
CCGCGGAATGCGTCAC-1,1,51,45,8866,5249,17496.6666666667,29553.3333333333,39,39,0,0,1.0,0.0,0.0,Tumor,1.0,True,,positive,negative,negative,negative,Immune cells,negative,baseline_immune_all_dropout,svtuner_immune_all_dropout,available_nonimmune_reference_assignment_retained,0.2319445943180414,0.2319445943180414,False,0.7680554056819586,,1.0,Epithelial cells,1.0,0.0,1.0,Epithelial cells,1.0,ok,True,both,negative,0
CCGCTATCAGCACCAG-1,1,45,63,7955,6818,22726.6666666667,26516.6666666667,28,22,4,2,0.7857142857142857,0.1428571428571428,0.0714285714285714,Tumor,0.7857142857142857,True,,positive,negative,negative,negative,Immune cells,negative,baseline_immune_all_dropout,svtuner_immune_all_dropout,available_nonimmune_reference_assignment_retained,0.2572208202169062,0.2572208202169062,False,0.7427791797830938,,1.0,Epithelial cells,1.0,0.0,1.0,Epithelial cells,1.0,ok,True,both,negative,0
CCGCTCCAGGGCGATC-1,1,71,69,11899,7343,24476.6666666667,39663.3333333333,3,0,0,3,0.0,0.0,1.0,Stroma,1.0,True,,negative,negative,positive,negative,Immune cells,negative,baseline_immune_all_dropout,svtuner_immune_all_dropout,available_nonimmune_reference_assignment_retained,0.6327998470065912,0.6327998470065912,False,0.3672001529934088,,1.0,PVL,1.0,0.0,1.0,PVL,1.0,ok,True,both,negative,0
CCGCTCTTCCGAACTA-1,1,63,99,10683,9958,33193.3333333333,35610.0,22,22,0,0,1.0,0.0,0.0,Tumor,1.0,True,,positive,negative,negative,negative,Immune cells,negative,baseline_immune_all_dropout,svtuner_immune_all_dropout,available_nonimmune_reference_assignment_retained,0.5573987295625819,0.5573987295625819,False,0.4426012704374181,,1.0,Endothelial cells,1.0,0.0,1.0,Endothelial cells,1.0,ok,True,both,negative,0
CCGCTTACCTCACTCT-1,1,47,35,8260,4377,14590.0,27533.3333333333,33,30,3,0,0.9090909090909092,0.0909090909090909,0.0,Tumor,0.9090909090909092,True,,positive,negative,negative,negative,Immune cells,negative,baseline_immune_all_dropout,svtuner_immune_all_dropout,available_nonimmune_reference_assignment_retained,0.4083365004874959,0.4083365004874959,False,0.5916634995125041,,1.0,Epithelial cells,1.0,0.0,1.0,Epithelial cells,1.0,ok,True,both,negative,0
CCGGAAGTTATCAGTC-1,1,49,127,8558,12398,41326.6666666667,28526.6666666667,27,27,0,0,1.0,0.0,0.0,Tumor,1.0,True,,positive,negative,negative,negative,Immune cells,negative,baseline_immune_all_dropout,svtuner_immune_all_dropout,available_nonimmune_reference_assignment_retained,0.4862265458293109,0.4862265458293109,False,0.5137734541706891,,1.0,Fibroblasts,1.0,0.0,1.0,Fibroblasts,1.0,ok,True,both,negative,0
CCGGAGCGTACTTTCT-1,1,58,56,9927,6209,20696.6666666667,33090.0,25,24,1,0,0.96,0.04,0.0,Tumor,0.96,True,,positive,negative,negative,negative,Immune cells,negative,baseline_immune_all_dropout,svtuner_immune_all_dropout,available_nonimmune_reference_assignment_retained,0.5153980032709757,0.5153980032709757,False,0.4846019967290242,,1.0,PVL,1.0,0.0,1.0,PVL,1.0,ok,True,both,negative,0
CCGGAGGTCTTATGGT-1,1,18,118,3856,11610,38700.0,12853.3333333333,9,3,0,6,0.3333333333333333,0.0,0.6666666666666666,Stroma,0.6666666666666666,True,,ambiguous,negative,positive,negative,Immune cells,negative,baseline_immune_all_dropout,svtuner_immune_all_dropout,available_nonimmune_reference_assignment_retained,0.4545322205974498,0.4545322205974498,False,0.5454677794025502,,1.0,Fibroblasts,1.0,0.0,1.0,Fibroblasts,1.0,ok,True,both,negative,0
CCGGCACGACCGTTTC-1,1,35,111,6435,11002,36673.3333333333,21450.0,31,31,0,0,1.0,0.0,0.0,Tumor,1.0,True,,positive,negative,negative,negative,Immune cells,negative,baseline_immune_all_dropout,svtuner_immune_all_dropout,available_nonimmune_reference_assignment_retained,0.5112670012963167,0.5112670012963167,False,0.4887329987036832,,1.0,Endothelial cells,1.0,0.0,1.0,Endothelial cells,1.0,ok,True,both,negative,0
CCGGGCTGCTCCATAC-1,1,36,86,6588,8822,29406.6666666667,21960.0,13,12,0,1,0.9230769230769232,0.0,0.0769230769230769,Tumor,0.9230769230769232,True,,positive,negative,negative,negative,Immune cells,negative,baseline_immune_all_dropout,svtuner_immune_all_dropout,available_nonimmune_reference_assignment_retained,0.1936471736014213,0.1936471736014213,False,0.8063528263985786,,1.0,Fibroblasts,1.0,0.0,1.0,Fibroblasts,1.0,ok,True,both,negative,0
CCGGGTTCGAGGTTAC-1,1,38,32,6895,4115,13716.6666666667,22983.3333333333,26,21,3,2,0.8076923076923077,0.1153846153846153,0.0769230769230769,Tumor,0.8076923076923077,True,,positive,negative,negative,negative,Immune cells,negative,baseline_immune_all_dropout,svtuner_immune_all_dropout,available_nonimmune_reference_assignment_retained,0.1622410471100024,0.1622410471100024,False,0.8377589528899976,,1.0,Epithelial cells,1.0,0.0,1.0,Epithelial cells,1.0,ok,True,both,negative,0
CCGGTAATGGCTAGTC-1,1,38,114,6890,11263,37543.3333333333,22966.6666666667,27,27,0,0,1.0,0.0,0.0,Tumor,1.0,True,,positive,negative,negative,negative,Immune cells,negative,baseline_immune_all_dropout,svtuner_immune_all_dropout,available_nonimmune_reference_assignment_retained,0.6145501940535407,0.6145501940535407,False,0.3854498059464593,,1.0,Epithelial cells,1.0,0.0,1.0,Epithelial cells,1.0,ok,True,both,negative,0
CCGTAGGAAATCCCTG-1,1,60,96,10228,9696,32320.0,34093.3333333333,21,21,0,0,1.0,0.0,0.0,Tumor,1.0,True,,positive,negative,negative,negative,Immune cells,negative,baseline_immune_all_dropout,svtuner_immune_all_dropout,available_nonimmune_reference_assignment_retained,0.4889466676223981,0.4889466676223981,False,0.5110533323776019,,1.0,Fibroblasts,0.6666666666666666,0.0,1.0,Fibroblasts,0.6666666666666666,ok,True,both,negative,0
CCGTAGGGTTGTTTAC-1,1,60,104,10228,10394,34646.6666666667,34093.3333333333,35,35,0,0,1.0,0.0,0.0,Tumor,1.0,True,,positive,negative,negative,negative,Immune cells,negative,baseline_immune_all_dropout,svtuner_immune_all_dropout,available_nonimmune_reference_assignment_retained,0.3481640925046938,0.3481640925046938,False,0.6518359074953062,,1.0,Epithelial cells,0.8,0.0,1.0,Epithelial cells,0.8,ok,True,both,negative,0
CCGTGAGGCATTCATG-1,1,36,120,6586,11786,39286.6666666667,21953.3333333333,24,24,0,0,1.0,0.0,0.0,Tumor,1.0,True,,positive,negative,negative,negative,Immune cells,negative,baseline_immune_all_dropout,svtuner_immune_all_dropout,available_nonimmune_reference_assignment_retained,0.5871005194746021,0.5871005194746021,False,0.4128994805253979,,1.0,PVL,1.0,0.0,1.0,PVL,1.0,ok,True,both,negative,0
CCGTGGAACGATCCAA-1,1,24,106,4767,10565,35216.6666666667,15890.0,25,25,0,0,1.0,0.0,0.0,Tumor,1.0,True,,positive,negative,negative,negative,Immune cells,negative,baseline_immune_all_dropout,svtuner_immune_all_dropout,available_nonimmune_reference_assignment_retained,0.323121680028298,0.323121680028298,False,0.676878319971702,,1.0,Fibroblasts,0.6,0.0,1.0,Fibroblasts,0.6,ok,True,both,negative,0
CCGTGTTAAATTCCAT-1,1,48,36,8411,4464,14880.0,28036.6666666667,32,31,1,0,0.96875,0.03125,0.0,Tumor,0.96875,True,,positive,negative,negative,negative,Immune cells,negative,baseline_immune_all_dropout,svtuner_immune_all_dropout,reference_unrepresented_withheld_by_stage3b,0.4735995439366015,0.4735995439366015,True,0.5264004560633986,,0.0,__withheld_reference_unrepresented__,0.0,0.0,1.0,PVL,1.0,ok,True,both,negative,0
CCTAAATTAACGGTTC-1,1,42,68,7499,7253,24176.6666666667,24996.6666666667,29,26,3,0,0.896551724137931,0.1034482758620689,0.0,Tumor,0.896551724137931,True,,positive,negative,negative,negative,Immune cells,negative,baseline_immune_all_dropout,svtuner_immune_all_dropout,available_nonimmune_reference_assignment_retained,0.306998944739743,0.306998944739743,False,0.693001055260257,,1.0,PVL,1.0,0.0,1.0,PVL,1.0,ok,True,both,negative,0
CCTAAATTGTATCCTA-1,1,52,114,9014,11265,37550.0,30046.6666666667,14,13,0,1,0.9285714285714286,0.0,0.0714285714285714,Tumor,0.9285714285714286,True,,positive,negative,negative,negative,Immune cells,negative,baseline_immune_all_dropout,svtuner_immune_all_dropout,available_nonimmune_reference_assignment_retained,0.4023384502993501,0.4023384502993501,False,0.5976615497006499,,1.0,PVL,1.0,0.0,1.0,PVL,1.0,ok,True,both,negative,0
CCTAACCCAAACAAGT-1,1,49,89,8560,9085,30283.3333333333,28533.3333333333,36,35,1,0,0.9722222222222222,0.0277777777777777,0.0,Tumor,0.9722222222222222,True,,positive,negative,negative,negative,Immune cells,negative,baseline_immune_all_dropout,svtuner_immune_all_dropout,available_nonimmune_reference_assignment_retained,0.22833211099623,0.22833211099623,False,0.77166788900377,,1.0,Epithelial cells,1.0,0.0,1.0,Epithelial cells,1.0,ok,True,both,negative,0
CCTACATTCACAGACG-1,1,51,33,8867,4203,14010.0,29556.6666666667,21,18,0,3,0.8571428571428571,0.0,0.1428571428571428,Tumor,0.8571428571428571,True,,positive,negative,negative,negative,Immune cells,negative,baseline_immune_all_dropout,svtuner_immune_all_dropout,available_nonimmune_reference_assignment_retained,0.2984493362951756,0.2984493362951756,False,0.7015506637048243,,1.0,Epithelial cells,1.0,0.0,1.0,Epithelial cells,1.0,ok,True,both,negative,0
CCTACTGCGGCGGCCA-1,1,22,126,4462,12308,41026.6666666667,14873.3333333333,31,31,0,0,1.0,0.0,0.0,Tumor,1.0,True,,positive,negative,negative,negative,Immune cells,negative,baseline_immune_all_dropout,svtuner_immune_all_dropout,available_nonimmune_reference_assignment_retained,0.4844202311765819,0.4844202311765819,False,0.515579768823418,,1.0,Endothelial cells,1.0,0.0,1.0,Endothelial cells,1.0,ok,True,both,negative,0
CCTAGGCGTAGCGATC-1,1,36,88,6588,8997,29990.0,21960.0,32,32,0,0,1.0,0.0,0.0,Tumor,1.0,True,,positive,negative,negative,negative,Immune cells,negative,baseline_immune_all_dropout,svtuner_immune_all_dropout,available_nonimmune_reference_assignment_retained,0.3275185345608826,0.3275185345608826,False,0.6724814654391174,,1.0,PVL,1.0,0.0,1.0,PVL,1.0,ok,True,both,negative,0
CCTATAATGAGTGCCC-1,1,55,81,9471,8388,27960.0,31570.0,27,26,0,1,0.9629629629629628,0.0,0.037037037037037,Tumor,0.9629629629629628,True,,positive,negative,negative,negative,Immune cells,negative,baseline_immune_all_dropout,svtuner_immune_all_dropout,available_nonimmune_reference_assignment_retained,0.3452507255063959,0.3452507255063959,False,0.6547492744936041,,1.0,Endothelial cells,0.6666666666666666,0.0,1.0,Endothelial cells,0.6666666666666666,ok,True,both,negative,0
CCTATACCGTCCTGTC-1,1,55,45,9473,5249,17496.6666666667,31576.6666666667,13,5,8,0,0.3846153846153846,0.6153846153846154,0.0,Immune cells,0.6153846153846154,True,,ambiguous,positive,negative,positive,Immune cells,positive,baseline_immune_all_dropout,svtuner_immune_all_dropout,available_nonimmune_reference_assignment_retained,0.5301673431387671,0.5301673431387671,False,0.4698326568612329,,1.0,Fibroblasts,1.0,0.0,1.0,Fibroblasts,1.0,ok,True,both,positive,1
CCTATATTTGTCCTGG-1,1,62,52,10534,5860,19533.3333333333,35113.3333333333,25,25,0,0,1.0,0.0,0.0,Tumor,1.0,True,,positive,negative,negative,negative,Immune cells,negative,baseline_immune_all_dropout,svtuner_immune_all_dropout,available_nonimmune_reference_assignment_retained,0.3488288624773755,0.3488288624773755,False,0.6511711375226246,,1.0,Endothelial cells,1.0,0.0,1.0,Endothelial cells,1.0,ok,True,both,negative,0
CCTATGAAGTGGTGCC-1,1,37,111,6739,11002,36673.3333333333,22463.3333333333,25,25,0,0,1.0,0.0,0.0,Tumor,1.0,True,,positive,negative,negative,negative,Immune cells,negative,baseline_immune_all_dropout,svtuner_immune_all_dropout,available_nonimmune_reference_assignment_retained,0.4306984986812674,0.4306984986812674,False,0.5693015013187326,,1.0,Endothelial cells,1.0,0.0,1.0,Endothelial cells,1.0,ok,True,both,negative,0
CCTATGGCTCCTAGTG-1,1,62,24,10536,3419,11396.6666666667,35120.0,17,15,0,2,0.8823529411764706,0.0,0.1176470588235294,Tumor,0.8823529411764706,True,,positive,negative,negative,negative,Immune cells,negative,baseline_immune_all_dropout,svtuner_immune_all_dropout,reference_unrepresented_withheld_by_stage3b,0.613446189758389,0.613446189758389,True,0.3865538102416109,,0.0,__withheld_reference_unrepresented__,0.0,0.0,1.0,PVL,1.0,ok,True,both,negative,0
CCTATGGTCAAAGCTG-1,1,68,68,11444,7256,24186.6666666667,38146.6666666667,26,22,4,0,0.8461538461538461,0.1538461538461538,0.0,Tumor,0.8461538461538461,True,,positive,negative,negative,negative,Immune cells,negative,baseline_immune_all_dropout,svtuner_immune_all_dropout,available_nonimmune_reference_assignment_retained,0.3909718215592536,0.3909718215592536,False,0.6090281784407464,,1.0,Endothelial cells,1.0,0.0,1.0,Endothelial cells,1.0,ok,True,both,negative,0
CCTATGTCCACTCCAC-1,1,62,92,10532,9348,31160.0,35106.6666666667,10,8,0,2,0.8,0.0,0.2,Tumor,0.8,True,,positive,negative,negative,negative,Immune cells,negative,baseline_immune_all_dropout,svtuner_immune_all_dropout,available_nonimmune_reference_assignment_retained,0.4666430876869776,0.4666430876869776,False,0.5333569123130224,,1.0,Fibroblasts,1.0,0.0,1.0,Fibroblasts,1.0,ok,True,both,negative,0
CCTCACCTGAGGGAGC-1,1,28,102,5374,10216,34053.3333333333,17913.3333333333,21,21,0,0,1.0,0.0,0.0,Tumor,1.0,True,,positive,negative,negative,negative,Immune cells,negative,baseline_immune_all_dropout,svtuner_immune_all_dropout,available_nonimmune_reference_assignment_retained,0.3437910769910762,0.3437910769910762,False,0.6562089230089239,,1.0,PVL,1.0,0.0,1.0,PVL,1.0,ok,True,both,negative,0
CCTCACCTTAGCATCG-1,1,27,97,5222,9780,32600.0,17406.6666666667,13,13,0,0,1.0,0.0,0.0,Tumor,1.0,True,,positive,negative,negative,negative,Immune cells,negative,baseline_immune_all_dropout,svtuner_immune_all_dropout,available_nonimmune_reference_assignment_retained,0.3496722678235871,0.3496722678235871,False,0.6503277321764129,,1.0,Fibroblasts,1.0,0.0,1.0,Fibroblasts,1.0,ok,True,both,negative,0
CCTCCTGTTGTGTCGT-1,1,62,96,10532,9696,32320.0,35106.6666666667,18,9,3,6,0.5,0.1666666666666666,0.3333333333333333,Tumor,0.5,True,,ambiguous,negative,ambiguous,negative,Immune cells,negative,baseline_immune_all_dropout,svtuner_immune_all_dropout,available_nonimmune_reference_assignment_retained,0.3955402557348628,0.3955402557348628,False,0.6044597442651372,,1.0,Endothelial cells,0.6,0.0,1.0,Endothelial cells,0.6,ok,True,both,negative,0
CCTCGGACCGGGATAG-1,1,41,85,7347,8735,29116.6666666667,24490.0,27,27,0,0,1.0,0.0,0.0,Tumor,1.0,True,,positive,negative,negative,negative,Immune cells,negative,baseline_immune_all_dropout,svtuner_immune_all_dropout,available_nonimmune_reference_assignment_retained,0.2143013015458701,0.2143013015458701,False,0.7856986984541299,,1.0,Epithelial cells,1.0,0.0,1.0,Epithelial cells,1.0,ok,True,both,negative,0
CCTCGGTTTCCTTGCC-1,1,70,38,11749,4641,15470.0,39163.3333333333,31,30,1,0,0.967741935483871,0.032258064516129,0.0,Tumor,0.967741935483871,True,,positive,negative,negative,negative,Immune cells,negative,baseline_immune_all_dropout,svtuner_immune_all_dropout,available_nonimmune_reference_assignment_retained,0.3097948993912291,0.3097948993912291,False,0.6902051006087708,,1.0,PVL,0.6666666666666666,0.0,1.0,PVL,0.6666666666666666,ok,True,both,negative,0
CCTGAACGATATATTC-1,1,37,85,6740,8735,29116.6666666667,22466.6666666667,18,17,1,0,0.9444444444444444,0.0555555555555555,0.0,Tumor,0.9444444444444444,True,,positive,negative,negative,negative,Immune cells,negative,baseline_immune_all_dropout,svtuner_immune_all_dropout,available_nonimmune_reference_assignment_retained,0.3010875593259308,0.3010875593259308,False,0.6989124406740692,,1.0,PVL,1.0,0.0,1.0,PVL,1.0,ok,True,both,negative,0
CCTGACCACCGATGGT-1,1,45,61,7955,6643,22143.3333333333,26516.6666666667,20,1,19,0,0.05,0.95,0.0,Immune cells,0.95,True,,negative,positive,negative,positive,Immune cells,positive,baseline_immune_all_dropout,svtuner_immune_all_dropout,available_nonimmune_reference_assignment_retained,0.4951904137909056,0.4951904137909056,False,0.5048095862090944,,1.0,Fibroblasts,1.0,0.0,1.0,Fibroblasts,1.0,ok,True,both,positive,1
CCTGGAAACGTTCTGC-1,1,39,113,7042,11176,37253.3333333333,23473.3333333333,24,23,0,1,0.9583333333333334,0.0,0.0416666666666666,Tumor,0.9583333333333334,True,,positive,negative,negative,negative,Immune cells,negative,baseline_immune_all_dropout,svtuner_immune_all_dropout,available_nonimmune_reference_assignment_retained,0.5017713358174293,0.5017713358174293,False,0.4982286641825707,,1.0,Fibroblasts,1.0,0.0,1.0,Fibroblasts,1.0,ok,True,both,negative,0
CCTGGTCGAATGTGGG-1,1,59,69,10078,7342,24473.3333333333,33593.3333333333,15,10,3,2,0.6666666666666666,0.2,0.1333333333333333,Tumor,0.6666666666666666,True,,positive,negative,negative,negative,Immune cells,negative,baseline_immune_all_dropout,svtuner_immune_all_dropout,available_nonimmune_reference_assignment_retained,0.4041860892339937,0.4041860892339937,False,0.5958139107660063,,1.0,PVL,1.0,0.0,1.0,PVL,1.0,ok,True,both,negative,0
CCTGTAAGACATGATA-1,1,37,41,6742,4899,16330.0,22473.3333333333,22,22,0,0,1.0,0.0,0.0,Tumor,1.0,True,,positive,negative,negative,negative,Immune cells,negative,baseline_immune_all_dropout,svtuner_immune_all_dropout,available_nonimmune_reference_assignment_retained,0.2524123988945519,0.2524123988945519,False,0.7475876011054481,,1.0,Epithelial cells,0.8571428571428571,0.0,1.0,Epithelial cells,0.8571428571428571,ok,True,both,negative,0
CCTGTCCCTCACGTTA-1,1,36,114,6587,11263,37543.3333333333,21956.6666666667,28,28,0,0,1.0,0.0,0.0,Tumor,1.0,True,,positive,negative,negative,negative,Immune cells,negative,baseline_immune_all_dropout,svtuner_immune_all_dropout,available_nonimmune_reference_assignment_retained,0.5244177047754062,0.5244177047754062,False,0.4755822952245938,,1.0,Epithelial cells,1.0,0.0,1.0,Epithelial cells,1.0,ok,True,both,negative,0
CCTGTCGCCCGTAAAT-1,1,36,62,6590,6730,22433.3333333333,21966.6666666667,30,30,0,0,1.0,0.0,0.0,Tumor,1.0,True,,positive,negative,negative,negative,Immune cells,negative,baseline_immune_all_dropout,svtuner_immune_all_dropout,available_nonimmune_reference_assignment_retained,0.2525252214399298,0.2525252214399298,False,0.7474747785600702,,1.0,Epithelial cells,1.0,0.0,1.0,Epithelial cells,1.0,ok,True,both,negative,0
CCTGTTCAACCTCGGG-1,1,71,51,11900,5774,19246.6666666667,39666.6666666667,18,14,2,2,0.7777777777777778,0.1111111111111111,0.1111111111111111,Tumor,0.7777777777777778,True,,positive,negative,negative,negative,Immune cells,negative,baseline_immune_all_dropout,svtuner_immune_all_dropout,available_nonimmune_reference_assignment_retained,0.3847601492184422,0.3847601492184422,False,0.6152398507815577,,1.0,Fibroblasts,1.0,0.0,1.0,Fibroblasts,1.0,ok,True,both,negative,0
CCTGTTTGAAGACACG-1,1,58,94,9925,9522,31740.0,33083.3333333333,32,32,0,0,1.0,0.0,0.0,Tumor,1.0,True,,positive,negative,negative,negative,Immune cells,negative,baseline_immune_all_dropout,svtuner_immune_all_dropout,available_nonimmune_reference_assignment_retained,0.2632377687967467,0.2632377687967467,False,0.7367622312032533,,1.0,Epithelial cells,1.0,0.0,1.0,Epithelial cells,1.0,ok,True,both,negative,0
CCTTCAGTTAAAGTGA-1,1,61,47,10383,5424,18080.0,34610.0,20,20,0,0,1.0,0.0,0.0,Tumor,1.0,True,,positive,negative,negative,negative,Immune cells,negative,baseline_immune_all_dropout,svtuner_immune_all_dropout,available_nonimmune_reference_assignment_retained,0.2176695460192918,0.2176695460192918,False,0.7823304539807082,,1.0,PVL,1.0,0.0,1.0,PVL,1.0,ok,True,both,negative,0
CCTTGACCACTTTATT-1,1,55,109,9469,10829,36096.6666666667,31563.3333333333,11,10,0,1,0.9090909090909092,0.0,0.0909090909090909,Tumor,0.9090909090909092,True,,positive,negative,negative,negative,Immune cells,negative,baseline_immune_all_dropout,svtuner_immune_all_dropout,available_nonimmune_reference_assignment_retained,0.552284679125166,0.552284679125166,False,0.447715320874834,,1.0,Endothelial cells,1.0,0.0,1.0,Endothelial cells,1.0,ok,True,both,negative,0
CCTTTAAGGGAGCACT-1,1,58,50,9928,5686,18953.3333333333,33093.3333333333,22,22,0,0,1.0,0.0,0.0,Tumor,1.0,True,,positive,negative,negative,negative,Immune cells,negative,baseline_immune_all_dropout,svtuner_immune_all_dropout,available_nonimmune_reference_assignment_retained,0.4473086543222181,0.4473086543222181,False,0.5526913456777819,,1.0,Endothelial cells,0.5,0.0,1.0,Endothelial cells,0.5,ok,True,both,negative,0
CGAAACGCAATTCATG-1,1,41,33,7350,4202,14006.6666666667,24500.0,28,28,0,0,1.0,0.0,0.0,Tumor,1.0,True,,positive,negative,negative,negative,Immune cells,negative,baseline_immune_all_dropout,svtuner_immune_all_dropout,available_nonimmune_reference_assignment_retained,0.1697943080854061,0.1697943080854061,False,0.8302056919145939,,1.0,Epithelial cells,1.0,0.0,1.0,Epithelial cells,1.0,ok,True,both,negative,0
CGAACAGTATGGGCGT-1,1,50,96,8711,9695,32316.6666666667,29036.6666666667,31,31,0,0,1.0,0.0,0.0,Tumor,1.0,True,,positive,negative,negative,negative,Immune cells,negative,baseline_immune_all_dropout,svtuner_immune_all_dropout,available_nonimmune_reference_assignment_retained,0.3348006509321163,0.3348006509321163,False,0.6651993490678837,,1.0,Epithelial cells,0.8,0.0,1.0,Epithelial cells,0.8,ok,True,both,negative,0
CGAACCCGCATGCGTC-1,1,49,49,8562,5598,18660.0,28540.0,32,32,0,0,1.0,0.0,0.0,Tumor,1.0,True,,positive,negative,negative,negative,Immune cells,negative,baseline_immune_all_dropout,svtuner_immune_all_dropout,available_nonimmune_reference_assignment_retained,0.3630093867225227,0.3630093867225227,False,0.6369906132774773,,1.0,Epithelial cells,0.75,0.0,1.0,Epithelial cells,0.75,ok,True,both,negative,0
CGAAGTTGCTCTGTGT-1,1,33,35,6136,4376,14586.6666666667,20453.3333333333,11,0,7,4,0.0,0.6363636363636364,0.3636363636363636,Immune cells,0.6363636363636364,True,,negative,positive,ambiguous,positive,Immune cells,positive,baseline_immune_all_dropout,svtuner_immune_all_dropout,available_nonimmune_reference_assignment_retained,0.6034637786068642,0.6034637786068642,False,0.3965362213931358,,1.0,Fibroblasts,1.0,0.0,1.0,Fibroblasts,1.0,ok,True,both,positive,1
CGAATGAAGTCATTGC-1,1,62,20,10536,3071,10236.6666666667,35120.0,2,0,2,0,0.0,1.0,0.0,Immune cells,1.0,True,,negative,positive,negative,positive,Immune cells,positive,baseline_immune_all_dropout,svtuner_immune_all_dropout,reference_unrepresented_withheld_by_stage3b,0.5705570382918356,0.5705570382918356,True,0.4294429617081644,,0.0,__withheld_reference_unrepresented__,0.0,0.0,1.0,Endothelial cells,1.0,ok,True,both,positive,1
CGAATGACGCATAATG-1,1,63,57,10686,6296,20986.6666666667,35620.0,28,28,0,0,1.0,0.0,0.0,Tumor,1.0,True,,positive,negative,negative,negative,Immune cells,negative,baseline_immune_all_dropout,svtuner_immune_all_dropout,available_nonimmune_reference_assignment_retained,0.369443411726149,0.369443411726149,False,0.6305565882738511,,1.0,Endothelial cells,1.0,0.0,1.0,Endothelial cells,1.0,ok,True,both,negative,0
CGACAATTTGATCTAA-1,1,43,95,7650,9607,32023.3333333333,25500.0,24,21,0,3,0.875,0.0,0.125,Tumor,0.875,True,,positive,negative,negative,negative,Immune cells,negative,baseline_immune_all_dropout,svtuner_immune_all_dropout,available_nonimmune_reference_assignment_retained,0.2795517538730181,0.2795517538730181,False,0.7204482461269819,,1.0,Endothelial cells,1.0,0.0,1.0,Endothelial cells,1.0,ok,True,both,negative,0
CGACACGCTCCGACAG-1,1,46,94,8105,9521,31736.6666666667,27016.6666666667,27,27,0,0,1.0,0.0,0.0,Tumor,1.0,True,,positive,negative,negative,negative,Immune cells,negative,baseline_immune_all_dropout,svtuner_immune_all_dropout,available_nonimmune_reference_assignment_retained,0.2479010041017282,0.2479010041017282,False,0.7520989958982718,,1.0,Epithelial cells,0.7142857142857143,0.0,1.0,Epithelial cells,0.7142857142857143,ok,True,both,negative,0
CGACAGTTCGCGTTAT-1,1,36,42,6591,4986,16620.0,21970.0,27,27,0,0,1.0,0.0,0.0,Tumor,1.0,True,,positive,negative,negative,negative,Immune cells,negative,baseline_immune_all_dropout,svtuner_immune_all_dropout,available_nonimmune_reference_assignment_retained,0.2970782130577102,0.2970782130577102,False,0.7029217869422898,,1.0,Epithelial cells,1.0,0.0,1.0,Epithelial cells,1.0,ok,True,both,negative,0
CGACTTTGTATAGCCT-1,1,33,109,6132,10827,36090.0,20440.0,22,22,0,0,1.0,0.0,0.0,Tumor,1.0,True,,positive,negative,negative,negative,Immune cells,negative,baseline_immune_all_dropout,svtuner_immune_all_dropout,available_nonimmune_reference_assignment_retained,0.4239076872843696,0.4239076872843696,False,0.5760923127156303,,1.0,Endothelial cells,1.0,0.0,1.0,Endothelial cells,1.0,ok,True,both,negative,0
CGAGACCCTAGAGTGT-1,1,43,61,7651,6643,22143.3333333333,25503.3333333333,29,29,0,0,1.0,0.0,0.0,Tumor,1.0,True,,positive,negative,negative,negative,Immune cells,negative,baseline_immune_all_dropout,svtuner_immune_all_dropout,available_nonimmune_reference_assignment_retained,0.3579695213750182,0.3579695213750182,False,0.6420304786249817,,1.0,Epithelial cells,1.0,0.0,1.0,Epithelial cells,1.0,ok,True,both,negative,0
CGAGAGCTTTCACTAC-1,1,64,88,10836,8999,29996.6666666667,36120.0,9,3,1,5,0.3333333333333333,0.1111111111111111,0.5555555555555556,Stroma,0.5555555555555556,True,,ambiguous,negative,ambiguous,negative,Immune cells,negative,baseline_immune_all_dropout,svtuner_immune_all_dropout,available_nonimmune_reference_assignment_retained,0.5218502516267517,0.5218502516267517,False,0.4781497483732483,,1.0,PVL,1.0,0.0,1.0,PVL,1.0,ok,True,both,negative,0
CGAGAGGGTAGCCGCG-1,1,56,104,9621,10393,34643.3333333333,32070.0,24,24,0,0,1.0,0.0,0.0,Tumor,1.0,True,,positive,negative,negative,negative,Immune cells,negative,baseline_immune_all_dropout,svtuner_immune_all_dropout,available_nonimmune_reference_assignment_retained,0.3036110111291284,0.3036110111291284,False,0.6963889888708716,,1.0,Epithelial cells,1.0,0.0,1.0,Epithelial cells,1.0,ok,True,both,negative,0
CGAGATTTCGCTCGGG-1,1,42,116,7497,11438,38126.6666666667,24990.0,24,24,0,0,1.0,0.0,0.0,Tumor,1.0,True,,positive,negative,negative,negative,Immune cells,negative,baseline_immune_all_dropout,svtuner_immune_all_dropout,available_nonimmune_reference_assignment_retained,0.4794602580617785,0.4794602580617785,False,0.5205397419382215,,1.0,PVL,1.0,0.0,1.0,PVL,1.0,ok,True,both,negative,0
CGAGGAGCTTCCATAT-1,1,23,117,4614,11524,38413.3333333333,15380.0,25,25,0,0,1.0,0.0,0.0,Tumor,1.0,True,,positive,negative,negative,negative,Immune cells,negative,baseline_immune_all_dropout,svtuner_immune_all_dropout,available_nonimmune_reference_assignment_retained,0.338322262178702,0.338322262178702,False,0.661677737821298,,1.0,Fibroblasts,1.0,0.0,1.0,Fibroblasts,1.0,ok,True,both,negative,0
CGAGGATCGGGAACGA-1,1,28,118,5373,11611,38703.3333333333,17910.0,26,26,0,0,1.0,0.0,0.0,Tumor,1.0,True,,positive,negative,negative,negative,Immune cells,negative,baseline_immune_all_dropout,svtuner_immune_all_dropout,available_nonimmune_reference_assignment_retained,0.3562384035685225,0.3562384035685225,False,0.6437615964314776,,1.0,Epithelial cells,1.0,0.0,1.0,Epithelial cells,1.0,ok,True,both,negative,0
CGAGGGACTGCGGTCG-1,1,38,78,6892,8125,27083.3333333333,22973.3333333333,26,26,0,0,1.0,0.0,0.0,Tumor,1.0,True,,positive,negative,negative,negative,Immune cells,negative,baseline_immune_all_dropout,svtuner_immune_all_dropout,available_nonimmune_reference_assignment_retained,0.2886905540462229,0.2886905540462229,False,0.7113094459537771,,1.0,Fibroblasts,1.0,0.0,1.0,Fibroblasts,1.0,ok,True,both,negative,0
CGAGGGTATCCAGGTG-1,1,64,60,10837,6558,21860.0,36123.3333333333,19,16,3,0,0.8421052631578947,0.1578947368421052,0.0,Tumor,0.8421052631578947,True,,positive,negative,negative,negative,Immune cells,negative,baseline_immune_all_dropout,svtuner_immune_all_dropout,available_nonimmune_reference_assignment_retained,0.4499097084068513,0.4499097084068513,False,0.5500902915931487,,1.0,PVL,1.0,0.0,1.0,PVL,1.0,ok,True,both,negative,0
CGAGTACTAAAGAGGA-1,1,45,35,7956,4377,14590.0,26520.0,33,33,0,0,1.0,0.0,0.0,Tumor,1.0,True,,positive,negative,negative,negative,Immune cells,negative,baseline_immune_all_dropout,svtuner_immune_all_dropout,available_nonimmune_reference_assignment_retained,0.1969553233313584,0.1969553233313584,False,0.8030446766686417,,1.0,Epithelial cells,1.0,0.0,1.0,Epithelial cells,1.0,ok,True,both,negative,0
CGAGTGAAGGTACCAG-1,1,55,29,9474,3855,12850.0,31580.0,16,2,12,2,0.125,0.75,0.125,Immune cells,0.75,True,,negative,positive,negative,positive,Immune cells,positive,baseline_immune_all_dropout,svtuner_immune_all_dropout,available_nonimmune_reference_assignment_retained,0.2253816157861399,0.2253816157861399,False,0.7746183842138601,,1.0,PVL,1.0,0.0,1.0,PVL,1.0,ok,True,both,positive,1
CGAGTTTATCGGACTG-1,1,37,93,6740,9433,31443.3333333333,22466.6666666667,23,21,2,0,0.9130434782608696,0.0869565217391304,0.0,Tumor,0.9130434782608696,True,,positive,negative,negative,negative,Immune cells,negative,baseline_immune_all_dropout,svtuner_immune_all_dropout,available_nonimmune_reference_assignment_retained,0.3314610773360943,0.3314610773360943,False,0.6685389226639057,,1.0,Endothelial cells,0.8,0.0,1.0,Endothelial cells,0.8,ok,True,both,negative,0
CGATAATACTCAGGTT-1,1,43,117,7648,11525,38416.6666666667,25493.3333333333,19,19,0,0,1.0,0.0,0.0,Tumor,1.0,True,,positive,negative,negative,negative,Immune cells,negative,baseline_immune_all_dropout,svtuner_immune_all_dropout,available_nonimmune_reference_assignment_retained,0.4279719027089752,0.4279719027089752,False,0.5720280972910248,,1.0,PVL,1.0,0.0,1.0,PVL,1.0,ok,True,both,negative,0
CGATAGTCGTACTGCA-1,1,66,88,11139,8999,29996.6666666667,37130.0,10,6,0,4,0.6,0.0,0.4,Tumor,0.6,True,,positive,negative,ambiguous,negative,Immune cells,negative,baseline_immune_all_dropout,svtuner_immune_all_dropout,available_nonimmune_reference_assignment_retained,0.4674473901753633,0.4674473901753633,False,0.5325526098246367,,1.0,PVL,1.0,0.0,1.0,PVL,1.0,ok,True,both,negative,0
CGATCCACCATTGTTG-1,1,72,54,12051,6036,20120.0,40170.0,12,0,10,2,0.0,0.8333333333333334,0.1666666666666666,Immune cells,0.8333333333333334,True,,negative,positive,negative,positive,Immune cells,positive,baseline_immune_all_dropout,svtuner_immune_all_dropout,available_nonimmune_reference_assignment_retained,0.4684340648466215,0.4684340648466215,False,0.5315659351533786,,1.0,Fibroblasts,1.0,0.0,1.0,Fibroblasts,1.0,ok,True,both,positive,1
CGATCCGACCCAGTGC-1,1,38,50,6894,5684,18946.6666666667,22980.0,25,20,1,4,0.8,0.04,0.16,Tumor,0.8,True,,positive,negative,negative,negative,Immune cells,negative,baseline_immune_all_dropout,svtuner_immune_all_dropout,available_nonimmune_reference_assignment_retained,0.3284488286901316,0.3284488286901316,False,0.6715511713098684,,1.0,Endothelial cells,1.0,0.0,1.0,Endothelial cells,1.0,ok,True,both,negative,0
CGATCCTCGCAACATA-1,1,66,40,11142,4815,16050.0,37140.0,11,0,10,1,0.0,0.9090909090909092,0.0909090909090909,Immune cells,0.9090909090909092,True,,negative,positive,negative,positive,Immune cells,positive,baseline_immune_all_dropout,svtuner_immune_all_dropout,available_nonimmune_reference_assignment_retained,0.5590185900424907,0.5590185900424907,False,0.4409814099575093,,1.0,Endothelial cells,1.0,0.0,1.0,Endothelial cells,1.0,ok,True,both,positive,1
CGATCGAGAAGCACCA-1,1,74,64,12354,6908,23026.6666666667,41180.0,27,23,3,1,0.8518518518518519,0.1111111111111111,0.037037037037037,Tumor,0.8518518518518519,True,,positive,negative,negative,negative,Immune cells,negative,baseline_immune_all_dropout,svtuner_immune_all_dropout,available_nonimmune_reference_assignment_retained,0.2617343341170005,0.2617343341170005,False,0.7382656658829996,,1.0,Fibroblasts,1.0,0.0,1.0,Fibroblasts,1.0,ok,True,both,negative,0
CGATTAAATATCTCCT-1,1,56,62,9623,6732,22440.0,32076.6666666667,26,25,1,0,0.9615384615384616,0.0384615384615384,0.0,Tumor,0.9615384615384616,True,,positive,negative,negative,negative,Immune cells,negative,baseline_immune_all_dropout,svtuner_immune_all_dropout,available_nonimmune_reference_assignment_retained,0.503732577200987,0.503732577200987,False,0.496267422799013,,1.0,Endothelial cells,1.0,0.0,1.0,Endothelial cells,1.0,ok,True,both,negative,0
CGATTCGCCTGGCTGC-1,1,57,73,9775,7691,25636.6666666667,32583.3333333333,22,22,0,0,1.0,0.0,0.0,Tumor,1.0,True,,positive,negative,negative,negative,Immune cells,negative,baseline_immune_all_dropout,svtuner_immune_all_dropout,available_nonimmune_reference_assignment_retained,0.2867417290449267,0.2867417290449267,False,0.7132582709550733,,1.0,PVL,1.0,0.0,1.0,PVL,1.0,ok,True,both,negative,0
CGCACATGTCCACTAC-1,1,39,87,7043,8910,29700.0,23476.6666666667,18,18,0,0,1.0,0.0,0.0,Tumor,1.0,True,,positive,negative,negative,negative,Immune cells,negative,baseline_immune_all_dropout,svtuner_immune_all_dropout,available_nonimmune_reference_assignment_retained,0.3437796234937199,0.3437796234937199,False,0.6562203765062802,,1.0,PVL,0.6,0.0,1.0,PVL,0.6,ok,True,both,negative,0
CGCACGTCTGTTTATG-1,1,68,32,11445,4117,13723.3333333333,38150.0,17,13,1,3,0.7647058823529411,0.0588235294117647,0.1764705882352941,Tumor,0.7647058823529411,True,,positive,negative,negative,negative,Immune cells,negative,baseline_immune_all_dropout,svtuner_immune_all_dropout,available_nonimmune_reference_assignment_retained,0.4869402710562843,0.4869402710562843,False,0.5130597289437158,,1.0,PVL,1.0,0.0,1.0,PVL,1.0,ok,True,both,negative,0
CGCACGTGCGCTATCA-1,1,39,99,7043,9956,33186.6666666667,23476.6666666667,33,33,0,0,1.0,0.0,0.0,Tumor,1.0,True,,positive,negative,negative,negative,Immune cells,negative,baseline_immune_all_dropout,svtuner_immune_all_dropout,available_nonimmune_reference_assignment_retained,0.4714076047819486,0.4714076047819486,False,0.5285923952180513,,1.0,Endothelial cells,0.6666666666666666,0.0,1.0,Endothelial cells,0.6666666666666666,ok,True,both,negative,0
CGCAGATCTTCACCCG-1,1,25,113,4918,11175,37250.0,16393.3333333333,34,32,2,0,0.9411764705882352,0.0588235294117647,0.0,Tumor,0.9411764705882352,True,,positive,negative,negative,negative,Immune cells,negative,baseline_immune_all_dropout,svtuner_immune_all_dropout,available_nonimmune_reference_assignment_retained,0.4480407800301034,0.4480407800301034,False,0.5519592199698966,,1.0,Endothelial cells,0.6666666666666666,0.0,1.0,Endothelial cells,0.6666666666666666,ok,True,both,negative,0
CGCAGGCGATCCAAAC-1,1,52,102,9015,10219,34063.3333333333,30050.0,17,12,1,4,0.7058823529411765,0.0588235294117647,0.2352941176470588,Tumor,0.7058823529411765,True,,positive,negative,ambiguous,negative,Immune cells,negative,baseline_immune_all_dropout,svtuner_immune_all_dropout,available_nonimmune_reference_assignment_retained,0.2471618489629636,0.2471618489629636,False,0.7528381510370364,,1.0,Fibroblasts,0.8571428571428571,0.0,1.0,Fibroblasts,0.8571428571428571,ok,True,both,negative,0
CGCATCCATCAGCCAG-1,1,28,116,5373,11437,38123.3333333333,17910.0,28,28,0,0,1.0,0.0,0.0,Tumor,1.0,True,,positive,negative,negative,negative,Immune cells,negative,baseline_immune_all_dropout,svtuner_immune_all_dropout,available_nonimmune_reference_assignment_retained,0.5490946619430676,0.5490946619430676,False,0.4509053380569324,,1.0,Epithelial cells,1.0,0.0,1.0,Epithelial cells,1.0,ok,True,both,negative,0
CGCATGCCGAATGCGT-1,1,67,89,11291,9087,30290.0,37636.6666666667,20,17,3,0,0.85,0.15,0.0,Tumor,0.85,True,,positive,negative,negative,negative,Immune cells,negative,baseline_immune_all_dropout,svtuner_immune_all_dropout,available_nonimmune_reference_assignment_retained,0.3454075440784969,0.3454075440784969,False,0.6545924559215031,,1.0,Endothelial cells,1.0,0.0,1.0,Endothelial cells,1.0,ok,True,both,negative,0
CGCATGGTGCGATGCT-1,1,40,66,7196,7079,23596.6666666667,23986.6666666667,30,30,0,0,1.0,0.0,0.0,Tumor,1.0,True,,positive,negative,negative,negative,Immune cells,negative,baseline_immune_all_dropout,svtuner_immune_all_dropout,available_nonimmune_reference_assignment_retained,0.3679748844137394,0.3679748844137394,False,0.6320251155862606,,1.0,Epithelial cells,1.0,0.0,1.0,Epithelial cells,1.0,ok,True,both,negative,0
CGCCCAGCACGCCTAG-1,1,59,51,10079,5773,19243.3333333333,33596.6666666667,26,26,0,0,1.0,0.0,0.0,Tumor,1.0,True,,positive,negative,negative,negative,Immune cells,negative,baseline_immune_all_dropout,svtuner_immune_all_dropout,available_nonimmune_reference_assignment_retained,0.407018026810059,0.407018026810059,False,0.5929819731899411,,1.0,PVL,1.0,0.0,1.0,PVL,1.0,ok,True,both,negative,0
CGCCCAGCGTTTCACG-1,1,65,89,10987,9086,30286.6666666667,36623.3333333333,21,20,1,0,0.9523809523809524,0.0476190476190476,0.0,Tumor,0.9523809523809524,True,,positive,negative,negative,negative,Immune cells,negative,baseline_immune_all_dropout,svtuner_immune_all_dropout,available_nonimmune_reference_assignment_retained,0.36738534038243,0.36738534038243,False,0.63261465961757,,1.0,PVL,0.8,0.0,1.0,PVL,0.8,ok,True,both,negative,0
CGCCGCCCATGCCTGT-1,1,39,83,7043,8561,28536.6666666667,23476.6666666667,23,18,3,2,0.782608695652174,0.1304347826086956,0.0869565217391304,Tumor,0.782608695652174,True,,positive,negative,negative,negative,Immune cells,negative,baseline_immune_all_dropout,svtuner_immune_all_dropout,available_nonimmune_reference_assignment_retained,0.4030196256118025,0.4030196256118025,False,0.5969803743881975,,1.0,PVL,0.75,0.0,1.0,PVL,0.75,ok,True,both,negative,0
CGCCGCGTTCTGAACG-1,1,73,45,12203,5251,17503.3333333333,40676.6666666667,20,3,15,2,0.15,0.75,0.1,Immune cells,0.75,True,,negative,positive,negative,positive,Immune cells,positive,baseline_immune_all_dropout,svtuner_immune_all_dropout,reference_unrepresented_withheld_by_stage3b,0.654492344606818,0.654492344606818,True,0.3455076553931819,,0.0,__withheld_reference_unrepresented__,0.0,0.0,1.0,Fibroblasts,1.0,ok,True,both,positive,1
CGCCGTCTACCCATCG-1,1,38,122,6890,11961,39870.0,22966.6666666667,24,24,0,0,1.0,0.0,0.0,Tumor,1.0,True,,positive,negative,negative,negative,Immune cells,negative,baseline_immune_all_dropout,svtuner_immune_all_dropout,available_nonimmune_reference_assignment_retained,0.4620796185766375,0.4620796185766375,False,0.5379203814233625,,1.0,PVL,1.0,0.0,1.0,PVL,1.0,ok,True,both,negative,0
CGCCTCCCTCCTCTAT-1,1,43,73,7651,7689,25630.0,25503.3333333333,20,9,4,7,0.45,0.2,0.35,Tumor,0.45,True,,ambiguous,negative,ambiguous,negative,Immune cells,negative,baseline_immune_all_dropout,svtuner_immune_all_dropout,available_nonimmune_reference_assignment_retained,0.4856238626054248,0.4856238626054248,False,0.5143761373945752,,1.0,PVL,0.6666666666666666,0.0,1.0,PVL,0.6666666666666666,ok,True,both,negative,0
CGCCTTTAGCATGCTC-1,1,45,117,7952,11526,38420.0,26506.6666666667,24,24,0,0,1.0,0.0,0.0,Tumor,1.0,True,,positive,negative,negative,negative,Immune cells,negative,baseline_immune_all_dropout,svtuner_immune_all_dropout,available_nonimmune_reference_assignment_retained,0.534825169899562,0.534825169899562,False,0.465174830100438,,1.0,Endothelial cells,1.0,0.0,1.0,Endothelial cells,1.0,ok,True,both,negative,0
CGCGAAGTGGCATACT-1,1,64,96,10835,9697,32323.3333333333,36116.6666666667,25,25,0,0,1.0,0.0,0.0,Tumor,1.0,True,,positive,negative,negative,negative,Immune cells,negative,baseline_immune_all_dropout,svtuner_immune_all_dropout,available_nonimmune_reference_assignment_retained,0.244382252123536,0.244382252123536,False,0.755617747876464,,1.0,Epithelial cells,1.0,0.0,1.0,Epithelial cells,1.0,ok,True,both,negative,0
CGCGACCGCGACAGAT-1,1,59,81,10078,8388,27960.0,33593.3333333333,15,15,0,0,1.0,0.0,0.0,Tumor,1.0,True,,positive,negative,negative,negative,Immune cells,negative,baseline_immune_all_dropout,svtuner_immune_all_dropout,available_nonimmune_reference_assignment_retained,0.3373083466951869,0.3373083466951869,False,0.662691653304813,,1.0,Epithelial cells,1.0,0.0,1.0,Epithelial cells,1.0,ok,True,both,negative,0
CGCGCATGTTTGATTG-1,1,50,54,8714,6034,20113.3333333333,29046.6666666667,18,15,3,0,0.8333333333333334,0.1666666666666666,0.0,Tumor,0.8333333333333334,True,,positive,negative,negative,negative,Immune cells,negative,baseline_immune_all_dropout,svtuner_immune_all_dropout,available_nonimmune_reference_assignment_retained,0.5514412687252519,0.5514412687252519,False,0.4485587312747481,,1.0,Fibroblasts,1.0,0.0,1.0,Fibroblasts,1.0,ok,True,both,negative,0
CGCGGCTCAACTTGAA-1,1,43,97,7650,9782,32606.6666666667,25500.0,27,27,0,0,1.0,0.0,0.0,Tumor,1.0,True,,positive,negative,negative,negative,Immune cells,negative,baseline_immune_all_dropout,svtuner_immune_all_dropout,available_nonimmune_reference_assignment_retained,0.2783046725975105,0.2783046725975105,False,0.7216953274024895,,1.0,Epithelial cells,1.0,0.0,1.0,Epithelial cells,1.0,ok,True,both,negative,0
CGCGGGAATTCCTTTC-1,1,72,84,12049,8651,28836.6666666667,40163.3333333333,19,0,17,2,0.0,0.8947368421052632,0.1052631578947368,Immune cells,0.8947368421052632,True,,negative,positive,negative,positive,Immune cells,positive,baseline_immune_all_dropout,svtuner_immune_all_dropout,available_nonimmune_reference_assignment_retained,0.5374206447994037,0.5374206447994037,False,0.4625793552005963,,1.0,Fibroblasts,1.0,0.0,1.0,Fibroblasts,1.0,ok,True,both,positive,1
CGCGGTAAGTCTAGCT-1,1,30,118,5676,11611,38703.3333333333,18920.0,26,26,0,0,1.0,0.0,0.0,Tumor,1.0,True,,positive,negative,negative,negative,Immune cells,negative,baseline_immune_all_dropout,svtuner_immune_all_dropout,available_nonimmune_reference_assignment_retained,0.4037703178559911,0.4037703178559911,False,0.596229682144009,,1.0,PVL,1.0,0.0,1.0,PVL,1.0,ok,True,both,negative,0
CGCTACGGGACATTTA-1,1,38,48,6894,5509,18363.3333333333,22980.0,28,28,0,0,1.0,0.0,0.0,Tumor,1.0,True,,positive,negative,negative,negative,Immune cells,negative,baseline_immune_all_dropout,svtuner_immune_all_dropout,available_nonimmune_reference_assignment_retained,0.4605079779242772,0.4605079779242772,False,0.5394920220757228,,1.0,Fibroblasts,0.6666666666666666,0.0,1.0,Fibroblasts,0.6666666666666666,ok,True,both,negative,0
CGCTAGAGACCGCTGC-1,1,39,101,7043,10130,33766.6666666667,23476.6666666667,26,26,0,0,1.0,0.0,0.0,Tumor,1.0,True,,positive,negative,negative,negative,Immune cells,negative,baseline_immune_all_dropout,svtuner_immune_all_dropout,available_nonimmune_reference_assignment_retained,0.3062795867432326,0.3062795867432326,False,0.6937204132567674,,1.0,Epithelial cells,1.0,0.0,1.0,Epithelial cells,1.0,ok,True,both,negative,0
CGCTATTCTTAGGCTC-1,1,38,60,6893,6556,21853.3333333333,22976.6666666667,29,29,0,0,1.0,0.0,0.0,Tumor,1.0,True,,positive,negative,negative,negative,Immune cells,negative,baseline_immune_all_dropout,svtuner_immune_all_dropout,available_nonimmune_reference_assignment_retained,0.2356927948175673,0.2356927948175673,False,0.7643072051824327,,1.0,Epithelial cells,1.0,0.0,1.0,Epithelial cells,1.0,ok,True,both,negative,0
CGCTGGTGACTACCCT-1,1,48,98,8408,9869,32896.6666666667,28026.6666666667,20,20,0,0,1.0,0.0,0.0,Tumor,1.0,True,,positive,negative,negative,negative,Immune cells,negative,baseline_immune_all_dropout,svtuner_immune_all_dropout,available_nonimmune_reference_assignment_retained,0.2592906865933073,0.2592906865933073,False,0.7407093134066927,,1.0,Epithelial cells,1.0,0.0,1.0,Epithelial cells,1.0,ok,True,both,negative,0
CGCTGTGTGGATGTTG-1,1,59,43,10080,5076,16920.0,33600.0,19,16,0,3,0.8421052631578947,0.0,0.1578947368421052,Tumor,0.8421052631578947,True,,positive,negative,negative,negative,Immune cells,negative,baseline_immune_all_dropout,svtuner_immune_all_dropout,available_nonimmune_reference_assignment_retained,0.5040886352225709,0.5040886352225709,False,0.4959113647774291,,1.0,Epithelial cells,0.6666666666666666,0.0,1.0,Epithelial cells,0.6666666666666666,ok,True,both,negative,0
CGCTTAGTATTGATAC-1,1,66,52,11141,5861,19536.6666666667,37136.6666666667,25,25,0,0,1.0,0.0,0.0,Tumor,1.0,True,,positive,negative,negative,negative,Immune cells,negative,baseline_immune_all_dropout,svtuner_immune_all_dropout,available_nonimmune_reference_assignment_retained,0.274769201999507,0.274769201999507,False,0.7252307980004931,,1.0,Epithelial cells,1.0,0.0,1.0,Epithelial cells,1.0,ok,True,both,negative,0
CGCTTATTCCCGGTCG-1,1,42,30,7501,3941,13136.6666666667,25003.3333333333,37,31,2,4,0.8378378378378378,0.054054054054054,0.1081081081081081,Tumor,0.8378378378378378,True,,positive,negative,negative,negative,Immune cells,negative,baseline_immune_all_dropout,svtuner_immune_all_dropout,available_nonimmune_reference_assignment_retained,0.2690702839697045,0.2690702839697045,False,0.7309297160302954,,1.0,Fibroblasts,1.0,0.0,1.0,Fibroblasts,1.0,ok,True,both,negative,0
CGGAAAGAATCAAACG-1,1,58,48,9928,5511,18370.0,33093.3333333333,21,19,2,0,0.9047619047619048,0.0952380952380952,0.0,Tumor,0.9047619047619048,True,,positive,negative,negative,negative,Immune cells,negative,baseline_immune_all_dropout,svtuner_immune_all_dropout,available_nonimmune_reference_assignment_retained,0.3555178813760375,0.3555178813760375,False,0.6444821186239624,,1.0,Endothelial cells,0.8,0.0,1.0,Endothelial cells,0.8,ok,True,both,negative,0
CGGAACGTAAACATAG-1,1,47,45,8259,5249,17496.6666666667,27530.0,26,1,25,0,0.0384615384615384,0.9615384615384616,0.0,Immune cells,0.9615384615384616,True,,negative,positive,negative,positive,Immune cells,positive,baseline_immune_all_dropout,svtuner_immune_all_dropout,reference_unrepresented_withheld_by_stage3b,0.4196756015426886,0.4196756015426886,True,0.5803243984573114,,0.0,__withheld_reference_unrepresented__,0.0,0.0,1.0,Endothelial cells,1.0,ok,True,both,positive,1
CGGAGCAATTTAATCG-1,1,54,60,9320,6557,21856.6666666667,31066.6666666667,24,23,0,1,0.9583333333333334,0.0,0.0416666666666666,Tumor,0.9583333333333334,True,,positive,negative,negative,negative,Immune cells,negative,baseline_immune_all_dropout,svtuner_immune_all_dropout,available_nonimmune_reference_assignment_retained,0.423125786690704,0.423125786690704,False,0.576874213309296,,1.0,Epithelial cells,1.0,0.0,1.0,Epithelial cells,1.0,ok,True,both,negative,0
CGGAGCATGGCGATCC-1,1,39,67,7044,7166,23886.6666666667,23480.0,27,27,0,0,1.0,0.0,0.0,Tumor,1.0,True,,positive,negative,negative,negative,Immune cells,negative,baseline_immune_all_dropout,svtuner_immune_all_dropout,available_nonimmune_reference_assignment_retained,0.4531697982468669,0.4531697982468669,False,0.5468302017531331,,1.0,Endothelial cells,0.75,0.0,1.0,Endothelial cells,0.75,ok,True,both,negative,0
CGGATCCTCAAGGACT-1,1,60,80,10229,8301,27670.0,34096.6666666667,24,19,2,3,0.7916666666666666,0.0833333333333333,0.125,Tumor,0.7916666666666666,True,,positive,negative,negative,negative,Immune cells,negative,baseline_immune_all_dropout,svtuner_immune_all_dropout,available_nonimmune_reference_assignment_retained,0.3549654939235757,0.3549654939235757,False,0.6450345060764243,,1.0,Epithelial cells,1.0,0.0,1.0,Epithelial cells,1.0,ok,True,both,negative,0
CGGCAAACATCGTGCG-1,1,52,66,9016,7080,23600.0,30053.3333333333,27,27,0,0,1.0,0.0,0.0,Tumor,1.0,True,,positive,negative,negative,negative,Immune cells,negative,baseline_immune_all_dropout,svtuner_immune_all_dropout,available_nonimmune_reference_assignment_retained,0.4161736681934266,0.4161736681934266,False,0.5838263318065734,,1.0,Fibroblasts,0.75,0.0,1.0,Fibroblasts,0.75,ok,True,both,negative,0
CGGCAATAAGATCGCC-1,1,54,108,9318,10742,35806.6666666667,31060.0,17,16,0,1,0.9411764705882352,0.0,0.0588235294117647,Tumor,0.9411764705882352,True,,positive,negative,negative,negative,Immune cells,negative,baseline_immune_all_dropout,svtuner_immune_all_dropout,available_nonimmune_reference_assignment_retained,0.4218212783585284,0.4218212783585284,False,0.5781787216414715,,1.0,PVL,1.0,0.0,1.0,PVL,1.0,ok,True,both,negative,0
CGGCAGGGTCGGGTTG-1,1,32,94,5981,9519,31730.0,19936.6666666667,28,28,0,0,1.0,0.0,0.0,Tumor,1.0,True,,positive,negative,negative,negative,Immune cells,negative,baseline_immune_all_dropout,svtuner_immune_all_dropout,available_nonimmune_reference_assignment_retained,0.2875549359945401,0.2875549359945401,False,0.7124450640054599,,1.0,Endothelial cells,0.8333333333333334,0.0,1.0,Endothelial cells,0.8333333333333334,ok,True,both,negative,0
CGGCCACGCACAAAGT-1,1,35,59,6438,6468,21560.0,21460.0,22,1,0,21,0.0454545454545454,0.0,0.9545454545454546,Stroma,0.9545454545454546,True,,negative,negative,positive,negative,Immune cells,negative,baseline_immune_all_dropout,svtuner_immune_all_dropout,reference_unrepresented_withheld_by_stage3b,0.3995924585887203,0.3995924585887203,True,0.6004075414112797,,0.0,__withheld_reference_unrepresented__,0.0,0.0,1.0,PVL,1.0,ok,True,both,negative,0
CGGCCAGAGCGACCAT-1,1,67,49,11293,5599,18663.3333333333,37643.3333333333,23,23,0,0,1.0,0.0,0.0,Tumor,1.0,True,,positive,negative,negative,negative,Immune cells,negative,baseline_immune_all_dropout,svtuner_immune_all_dropout,available_nonimmune_reference_assignment_retained,0.3212605221422119,0.3212605221422119,False,0.6787394778577881,,1.0,Endothelial cells,1.0,0.0,1.0,Endothelial cells,1.0,ok,True,both,negative,0
CGGCCCAACCTGTAGT-1,1,28,112,5373,11088,36960.0,17910.0,28,28,0,0,1.0,0.0,0.0,Tumor,1.0,True,,positive,negative,negative,negative,Immune cells,negative,baseline_immune_all_dropout,svtuner_immune_all_dropout,available_nonimmune_reference_assignment_retained,0.5316409015169503,0.5316409015169503,False,0.4683590984830497,,1.0,Fibroblasts,1.0,0.0,1.0,Fibroblasts,1.0,ok,True,both,negative,0
CGGCCCAGGTATATCC-1,1,43,105,7649,10479,34930.0,25496.6666666667,15,10,1,4,0.6666666666666666,0.0666666666666666,0.2666666666666666,Tumor,0.6666666666666666,True,,positive,negative,ambiguous,negative,Immune cells,negative,baseline_immune_all_dropout,svtuner_immune_all_dropout,available_nonimmune_reference_assignment_retained,0.4186888986840544,0.4186888986840544,False,0.5813111013159455,,1.0,PVL,1.0,0.0,1.0,PVL,1.0,ok,True,both,negative,0
CGGCGCCATCAATCCC-1,1,59,93,10077,9435,31450.0,33590.0,14,11,0,3,0.7857142857142857,0.0,0.2142857142857142,Tumor,0.7857142857142857,True,,positive,negative,ambiguous,negative,Immune cells,negative,baseline_immune_all_dropout,svtuner_immune_all_dropout,available_nonimmune_reference_assignment_retained,0.2910660574771038,0.2910660574771038,False,0.7089339425228962,,1.0,PVL,1.0,0.0,1.0,PVL,1.0,ok,True,both,negative,0
CGGCTCTAAAGCTGCA-1,1,46,110,8104,10915,36383.3333333333,27013.3333333333,28,24,2,2,0.8571428571428571,0.0714285714285714,0.0714285714285714,Tumor,0.8571428571428571,True,,positive,negative,negative,negative,Immune cells,negative,baseline_immune_all_dropout,svtuner_immune_all_dropout,available_nonimmune_reference_assignment_retained,0.3101916070807594,0.3101916070807594,False,0.6898083929192407,,1.0,Fibroblasts,1.0,0.0,1.0,Fibroblasts,1.0,ok,True,both,negative,0
CGGGAATATAGTATAC-1,1,47,105,8256,10480,34933.3333333333,27520.0,29,29,0,0,1.0,0.0,0.0,Tumor,1.0,True,,positive,negative,negative,negative,Immune cells,negative,baseline_immune_all_dropout,svtuner_immune_all_dropout,available_nonimmune_reference_assignment_retained,0.259845398803665,0.259845398803665,False,0.740154601196335,,1.0,PVL,0.5714285714285714,0.0,1.0,PVL,0.5714285714285714,ok,True,both,negative,0
CGGGAATTTATGTAAA-1,1,45,65,7955,6992,23306.6666666667,26516.6666666667,23,23,0,0,1.0,0.0,0.0,Tumor,1.0,True,,positive,negative,negative,negative,Immune cells,negative,baseline_immune_all_dropout,svtuner_immune_all_dropout,available_nonimmune_reference_assignment_retained,0.349664433668223,0.349664433668223,False,0.650335566331777,,1.0,Endothelial cells,1.0,0.0,1.0,Endothelial cells,1.0,ok,True,both,negative,0
CGGGAGCTTCAGTGTA-1,1,49,91,8560,9259,30863.3333333333,28533.3333333333,34,34,0,0,1.0,0.0,0.0,Tumor,1.0,True,,positive,negative,negative,negative,Immune cells,negative,baseline_immune_all_dropout,svtuner_immune_all_dropout,available_nonimmune_reference_assignment_retained,0.1927686532351061,0.1927686532351061,False,0.8072313467648939,,1.0,Epithelial cells,1.0,0.0,1.0,Epithelial cells,1.0,ok,True,both,negative,0
CGGGCAGCTAAACCGC-1,1,32,56,5983,6206,20686.6666666667,19943.3333333333,7,0,0,7,0.0,0.0,1.0,Stroma,1.0,True,,negative,negative,positive,negative,Immune cells,negative,baseline_immune_all_dropout,svtuner_immune_all_dropout,available_nonimmune_reference_assignment_retained,0.6171198058576233,0.6171198058576233,False,0.3828801941423767,,1.0,Fibroblasts,1.0,0.0,1.0,Fibroblasts,1.0,ok,True,both,negative,0
CGGGCGATGGATCACG-1,1,69,75,11595,7866,26220.0,38650.0,16,5,11,0,0.3125,0.6875,0.0,Immune cells,0.6875,True,,ambiguous,positive,negative,positive,Immune cells,positive,baseline_immune_all_dropout,svtuner_immune_all_dropout,available_nonimmune_reference_assignment_retained,0.2715497569893283,0.2715497569893283,False,0.7284502430106716,,1.0,PVL,1.0,0.0,1.0,PVL,1.0,ok,True,both,positive,1
CGGGTTTGTTAGGGCT-1,1,56,114,9621,11265,37550.0,32070.0,27,27,0,0,1.0,0.0,0.0,Tumor,1.0,True,,positive,negative,negative,negative,Immune cells,negative,baseline_immune_all_dropout,svtuner_immune_all_dropout,available_nonimmune_reference_assignment_retained,0.5449505860028886,0.5449505860028886,False,0.4550494139971114,,1.0,Endothelial cells,1.0,0.0,1.0,Endothelial cells,1.0,ok,True,both,negative,0
CGGTACTAGAATCAAA-1,1,43,83,7650,8561,28536.6666666667,25500.0,22,22,0,0,1.0,0.0,0.0,Tumor,1.0,True,,positive,negative,negative,negative,Immune cells,negative,baseline_immune_all_dropout,svtuner_immune_all_dropout,available_nonimmune_reference_assignment_retained,0.3558418727972415,0.3558418727972415,False,0.6441581272027586,,1.0,Fibroblasts,1.0,0.0,1.0,Fibroblasts,1.0,ok,True,both,negative,0
CGGTATGGGCACTCTG-1,1,75,77,12505,8041,26803.3333333333,41683.3333333333,10,10,0,0,1.0,0.0,0.0,Tumor,1.0,True,,positive,negative,negative,negative,Immune cells,negative,baseline_immune_all_dropout,svtuner_immune_all_dropout,available_nonimmune_reference_assignment_retained,0.4652338832347968,0.4652338832347968,False,0.5347661167652031,,1.0,Epithelial cells,0.6666666666666666,0.0,1.0,Epithelial cells,0.6666666666666666,ok,True,both,negative,0
CGGTCCGTCGCAAGCC-1,1,63,51,10686,5773,19243.3333333333,35620.0,19,15,1,3,0.7894736842105263,0.0526315789473684,0.1578947368421052,Tumor,0.7894736842105263,True,,positive,negative,negative,negative,Immune cells,negative,baseline_immune_all_dropout,svtuner_immune_all_dropout,available_nonimmune_reference_assignment_retained,0.3710608841464339,0.3710608841464339,False,0.6289391158535661,,1.0,Epithelial cells,1.0,0.0,1.0,Epithelial cells,1.0,ok,True,both,negative,0
CGGTGCAGATAGAACG-1,1,42,36,7501,4464,14880.0,25003.3333333333,20,20,0,0,1.0,0.0,0.0,Tumor,1.0,True,,positive,negative,negative,negative,Immune cells,negative,baseline_immune_all_dropout,svtuner_immune_all_dropout,available_nonimmune_reference_assignment_retained,0.2130748337450543,0.2130748337450543,False,0.7869251662549457,,1.0,Epithelial cells,0.8571428571428571,0.0,1.0,Epithelial cells,0.8571428571428571,ok,True,both,negative,0
CGGTGCGCGTTGGTCC-1,1,49,39,8563,4726,15753.3333333333,28543.3333333333,25,9,16,0,0.36,0.64,0.0,Immune cells,0.64,True,,ambiguous,positive,negative,positive,Immune cells,positive,baseline_immune_all_dropout,svtuner_immune_all_dropout,available_nonimmune_reference_assignment_retained,0.4888747542670875,0.4888747542670875,False,0.5111252457329125,,1.0,Fibroblasts,1.0,0.0,1.0,Fibroblasts,1.0,ok,True,both,positive,1
CGGTTATCCAACAGTG-1,1,30,98,5677,9868,32893.3333333333,18923.3333333333,35,31,4,0,0.8857142857142857,0.1142857142857142,0.0,Tumor,0.8857142857142857,True,,positive,negative,negative,negative,Immune cells,negative,baseline_immune_all_dropout,svtuner_immune_all_dropout,available_nonimmune_reference_assignment_retained,0.5090001751599531,0.5090001751599531,False,0.4909998248400469,,1.0,Fibroblasts,1.0,0.0,1.0,Fibroblasts,1.0,ok,True,both,negative,0
CGGTTGAGTATCCTTC-1,1,66,30,11142,3943,13143.3333333333,37140.0,18,11,2,5,0.6111111111111112,0.1111111111111111,0.2777777777777778,Tumor,0.6111111111111112,True,,positive,negative,ambiguous,negative,Immune cells,negative,baseline_immune_all_dropout,svtuner_immune_all_dropout,available_nonimmune_reference_assignment_retained,0.5099818709337341,0.5099818709337341,False,0.4900181290662658,,1.0,PVL,0.6666666666666666,0.0,1.0,PVL,0.6666666666666666,ok,True,both,negative,0
CGTAAATAACAAAGGG-1,1,75,55,12506,6123,20410.0,41686.6666666667,25,20,4,1,0.8,0.16,0.04,Tumor,0.8,True,,positive,negative,negative,negative,Immune cells,negative,baseline_immune_all_dropout,svtuner_immune_all_dropout,available_nonimmune_reference_assignment_retained,0.4744655089403031,0.4744655089403031,False,0.5255344910596969,,1.0,PVL,1.0,0.0,1.0,PVL,1.0,ok,True,both,negative,0
CGTAACTTCGACACTT-1,1,68,50,11445,5687,18956.6666666667,38150.0,31,31,0,0,1.0,0.0,0.0,Tumor,1.0,True,,positive,negative,negative,negative,Immune cells,negative,baseline_immune_all_dropout,svtuner_immune_all_dropout,available_nonimmune_reference_assignment_retained,0.2347016996437881,0.2347016996437881,False,0.7652983003562119,,1.0,Epithelial cells,1.0,0.0,1.0,Epithelial cells,1.0,ok,True,both,negative,0
CGTAGAGAGTAATTAT-1,1,67,87,11291,8912,29706.6666666667,37636.6666666667,17,15,0,2,0.8823529411764706,0.0,0.1176470588235294,Tumor,0.8823529411764706,True,,positive,negative,negative,negative,Immune cells,negative,baseline_immune_all_dropout,svtuner_immune_all_dropout,available_nonimmune_reference_assignment_retained,0.3908448838313991,0.3908448838313991,False,0.6091551161686009,,1.0,Fibroblasts,0.8,0.0,1.0,Fibroblasts,0.8,ok,True,both,negative,0
CGTATTGTTTCCTAAT-1,1,23,125,4614,12221,40736.6666666667,15380.0,24,24,0,0,1.0,0.0,0.0,Tumor,1.0,True,,positive,negative,negative,negative,Immune cells,negative,baseline_immune_all_dropout,svtuner_immune_all_dropout,available_nonimmune_reference_assignment_retained,0.5051707201074611,0.5051707201074611,False,0.4948292798925389,,1.0,Fibroblasts,1.0,0.0,1.0,Fibroblasts,1.0,ok,True,both,negative,0
CGTCAAATGGTCGCAG-1,1,20,124,4159,12134,40446.6666666667,13863.3333333333,35,34,0,1,0.9714285714285714,0.0,0.0285714285714285,Tumor,0.9714285714285714,True,,positive,negative,negative,negative,Immune cells,negative,baseline_immune_all_dropout,svtuner_immune_all_dropout,available_nonimmune_reference_assignment_retained,0.4407843588647547,0.4407843588647547,False,0.5592156411352454,,1.0,PVL,1.0,0.0,1.0,PVL,1.0,ok,True,both,negative,0
CGTCACGTCCATTGGT-1,1,47,51,8259,5772,19240.0,27530.0,23,23,0,0,1.0,0.0,0.0,Tumor,1.0,True,,positive,negative,negative,negative,Immune cells,negative,baseline_immune_all_dropout,svtuner_immune_all_dropout,available_nonimmune_reference_assignment_retained,0.4477037264599517,0.4477037264599517,False,0.5522962735400483,,1.0,Endothelial cells,1.0,0.0,1.0,Endothelial cells,1.0,ok,True,both,negative,0
CGTCGCATGTGAGCCA-1,1,65,77,10988,8040,26800.0,36626.6666666667,14,11,0,3,0.7857142857142857,0.0,0.2142857142857142,Tumor,0.7857142857142857,True,,positive,negative,ambiguous,negative,Immune cells,negative,baseline_immune_all_dropout,svtuner_immune_all_dropout,available_nonimmune_reference_assignment_retained,0.5508243260764334,0.5508243260764334,False,0.4491756739235666,,1.0,Endothelial cells,1.0,0.0,1.0,Endothelial cells,1.0,ok,True,both,negative,0
CGTCGCTTGGTTATAC-1,1,63,25,10687,3507,11690.0,35623.3333333333,20,12,1,7,0.6,0.05,0.35,Tumor,0.6,True,,positive,negative,ambiguous,negative,Immune cells,negative,baseline_immune_all_dropout,svtuner_immune_all_dropout,available_nonimmune_reference_assignment_retained,0.3549601786747283,0.3549601786747283,False,0.6450398213252717,,1.0,Fibroblasts,1.0,0.0,1.0,Fibroblasts,1.0,ok,True,both,negative,0
CGTCGGATAGTGTTGA-1,1,34,96,6284,9694,32313.3333333333,20946.6666666667,27,27,0,0,1.0,0.0,0.0,Tumor,1.0,True,,positive,negative,negative,negative,Immune cells,negative,baseline_immune_all_dropout,svtuner_immune_all_dropout,available_nonimmune_reference_assignment_retained,0.3452957167371737,0.3452957167371737,False,0.6547042832628263,,1.0,PVL,0.6,0.0,1.0,PVL,0.6,ok,True,both,negative,0
CGTCGTCCTTCGCGAA-1,1,56,76,9623,7952,26506.6666666667,32076.6666666667,16,13,2,1,0.8125,0.125,0.0625,Tumor,0.8125,True,,positive,negative,negative,negative,Immune cells,negative,baseline_immune_all_dropout,svtuner_immune_all_dropout,available_nonimmune_reference_assignment_retained,0.3768679673622333,0.3768679673622333,False,0.6231320326377667,,1.0,Fibroblasts,0.8,0.0,1.0,Fibroblasts,0.8,ok,True,both,negative,0
CGTCTTGAGTGTGACG-1,1,41,125,7345,12223,40743.3333333333,24483.3333333333,22,22,0,0,1.0,0.0,0.0,Tumor,1.0,True,,positive,negative,negative,negative,Immune cells,negative,baseline_immune_all_dropout,svtuner_immune_all_dropout,available_nonimmune_reference_assignment_retained,0.5548630235238213,0.5548630235238213,False,0.4451369764761786,,1.0,PVL,1.0,0.0,1.0,PVL,1.0,ok,True,both,negative,0
CGTGAAGTTAATTCAC-1,1,40,56,7197,6207,20690.0,23990.0,21,13,2,6,0.6190476190476191,0.0952380952380952,0.2857142857142857,Tumor,0.6190476190476191,True,,positive,negative,ambiguous,negative,Immune cells,negative,baseline_immune_all_dropout,svtuner_immune_all_dropout,available_nonimmune_reference_assignment_retained,0.3967251694376457,0.3967251694376457,False,0.6032748305623543,,1.0,Endothelial cells,1.0,0.0,1.0,Endothelial cells,1.0,ok,True,both,negative,0
CGTGACCAGTCCTCTG-1,1,63,55,10686,6122,20406.6666666667,35620.0,27,27,0,0,1.0,0.0,0.0,Tumor,1.0,True,,positive,negative,negative,negative,Immune cells,negative,baseline_immune_all_dropout,svtuner_immune_all_dropout,available_nonimmune_reference_assignment_retained,0.3360033190628899,0.3360033190628899,False,0.6639966809371101,,1.0,Endothelial cells,0.8333333333333334,0.0,1.0,Endothelial cells,0.8333333333333334,ok,True,both,negative,0
CGTGCAGACTGGGACA-1,1,40,74,7196,7776,25920.0,23986.6666666667,17,16,1,0,0.9411764705882352,0.0588235294117647,0.0,Tumor,0.9411764705882352,True,,positive,negative,negative,negative,Immune cells,negative,baseline_immune_all_dropout,svtuner_immune_all_dropout,available_nonimmune_reference_assignment_retained,0.5477607779478426,0.5477607779478426,False,0.4522392220521574,,1.0,Endothelial cells,1.0,0.0,1.0,Endothelial cells,1.0,ok,True,both,negative,0
CGTGCATTGTCGACGC-1,1,39,31,7046,4027,13423.3333333333,23486.6666666667,22,18,3,1,0.8181818181818182,0.1363636363636363,0.0454545454545454,Tumor,0.8181818181818182,True,,positive,negative,negative,negative,Immune cells,negative,baseline_immune_all_dropout,svtuner_immune_all_dropout,available_nonimmune_reference_assignment_retained,0.2074543149868178,0.2074543149868178,False,0.7925456850131822,,1.0,Endothelial cells,1.0,0.0,1.0,Endothelial cells,1.0,ok,True,both,negative,0
CGTGCCCTCCCGAAGA-1,1,43,77,7651,8038,26793.3333333333,25503.3333333333,19,19,0,0,1.0,0.0,0.0,Tumor,1.0,True,,positive,negative,negative,negative,Immune cells,negative,baseline_immune_all_dropout,svtuner_immune_all_dropout,available_nonimmune_reference_assignment_retained,0.3588282623866045,0.3588282623866045,False,0.6411717376133955,,1.0,Epithelial cells,1.0,0.0,1.0,Epithelial cells,1.0,ok,True,both,negative,0
CGTGCTTCTACCTAAA-1,1,62,28,10536,3768,12560.0,35120.0,28,28,0,0,1.0,0.0,0.0,Tumor,1.0,True,,positive,negative,negative,negative,Immune cells,negative,baseline_immune_all_dropout,svtuner_immune_all_dropout,available_nonimmune_reference_assignment_retained,0.2052656724902691,0.2052656724902691,False,0.7947343275097309,,1.0,Fibroblasts,0.75,0.0,1.0,Fibroblasts,0.75,ok,True,both,negative,0
CGTGGCCGAATATCTA-1,1,47,101,8256,10131,33770.0,27520.0,27,26,1,0,0.9629629629629628,0.037037037037037,0.0,Tumor,0.9629629629629628,True,,positive,negative,negative,negative,Immune cells,negative,baseline_immune_all_dropout,svtuner_immune_all_dropout,available_nonimmune_reference_assignment_retained,0.3143948719004314,0.3143948719004314,False,0.6856051280995685,,1.0,Endothelial cells,0.8333333333333334,0.0,1.0,Endothelial cells,0.8333333333333334,ok,True,both,negative,0
CGTGTGTTAAACCCTG-1,1,32,116,5980,11437,38123.3333333333,19933.3333333333,35,35,0,0,1.0,0.0,0.0,Tumor,1.0,True,,positive,negative,negative,negative,Immune cells,negative,baseline_immune_all_dropout,svtuner_immune_all_dropout,available_nonimmune_reference_assignment_retained,0.6265070665624896,0.6265070665624896,False,0.3734929334375104,,1.0,PVL,1.0,0.0,1.0,PVL,1.0,ok,True,both,negative,0
CGTTAAACTAGTTAGG-1,1,49,111,8559,11003,36676.6666666667,28530.0,21,20,0,1,0.9523809523809524,0.0,0.0476190476190476,Tumor,0.9523809523809524,True,,positive,negative,negative,negative,Immune cells,negative,baseline_immune_all_dropout,svtuner_immune_all_dropout,available_nonimmune_reference_assignment_retained,0.5324202234361295,0.5324202234361295,False,0.4675797765638705,,1.0,Fibroblasts,1.0,0.0,1.0,Fibroblasts,1.0,ok,True,both,negative,0
CGTTAATGTCCCGACG-1,1,59,87,10077,8912,29706.6666666667,33590.0,21,20,1,0,0.9523809523809524,0.0476190476190476,0.0,Tumor,0.9523809523809524,True,,positive,negative,negative,negative,Immune cells,negative,baseline_immune_all_dropout,svtuner_immune_all_dropout,available_nonimmune_reference_assignment_retained,0.4527413301916154,0.4527413301916154,False,0.5472586698083846,,1.0,Endothelial cells,1.0,0.0,1.0,Endothelial cells,1.0,ok,True,both,negative,0
CGTTCAAGGAAACGGA-1,1,70,46,11748,5338,17793.3333333333,39160.0,24,22,1,1,0.9166666666666666,0.0416666666666666,0.0416666666666666,Tumor,0.9166666666666666,True,,positive,negative,negative,negative,Immune cells,negative,baseline_immune_all_dropout,svtuner_immune_all_dropout,available_nonimmune_reference_assignment_retained,0.3762695978761782,0.3762695978761782,False,0.6237304021238218,,1.0,Fibroblasts,1.0,0.0,1.0,Fibroblasts,1.0,ok,True,both,negative,0
CGTTCAGACCCGCGAA-1,1,65,61,10989,6645,22150.0,36630.0,23,22,1,0,0.9565217391304348,0.0434782608695652,0.0,Tumor,0.9565217391304348,True,,positive,negative,negative,negative,Immune cells,negative,baseline_immune_all_dropout,svtuner_immune_all_dropout,available_nonimmune_reference_assignment_retained,0.4917228027334547,0.4917228027334547,False,0.5082771972665453,,1.0,Endothelial cells,0.6666666666666666,0.0,1.0,Endothelial cells,0.6666666666666666,ok,True,both,negative,0
CGTTGAATACCGCGCT-1,1,57,77,9774,8040,26800.0,32580.0,10,5,2,3,0.5,0.2,0.3,Tumor,0.5,True,,ambiguous,negative,ambiguous,negative,Immune cells,negative,baseline_immune_all_dropout,svtuner_immune_all_dropout,available_nonimmune_reference_assignment_retained,0.5799446731964172,0.5799446731964172,False,0.4200553268035828,,1.0,PVL,1.0,0.0,1.0,PVL,1.0,ok,True,both,negative,0
CGTTGTAAGATTGATT-1,1,26,108,5070,10739,35796.6666666667,16900.0,25,22,3,0,0.88,0.12,0.0,Tumor,0.88,True,,positive,negative,negative,negative,Immune cells,negative,baseline_immune_all_dropout,svtuner_immune_all_dropout,available_nonimmune_reference_assignment_retained,0.4014493522888654,0.4014493522888654,False,0.5985506477111346,,1.0,Fibroblasts,1.0,0.0,1.0,Fibroblasts,1.0,ok,True,both,negative,0
CGTTGTCGGCAATTGA-1,1,64,66,10837,7081,23603.3333333333,36123.3333333333,19,19,0,0,1.0,0.0,0.0,Tumor,1.0,True,,positive,negative,negative,negative,Immune cells,negative,baseline_immune_all_dropout,svtuner_immune_all_dropout,available_nonimmune_reference_assignment_retained,0.3937805257354624,0.3937805257354624,False,0.6062194742645376,,1.0,Endothelial cells,1.0,0.0,1.0,Endothelial cells,1.0,ok,True,both,negative,0
CGTTTCGCTCATTACA-1,1,35,49,6439,5596,18653.3333333333,21463.3333333333,26,21,5,0,0.8076923076923077,0.1923076923076923,0.0,Tumor,0.8076923076923077,True,,positive,negative,negative,negative,Immune cells,negative,baseline_immune_all_dropout,svtuner_immune_all_dropout,available_nonimmune_reference_assignment_retained,0.4420769438046568,0.4420769438046568,False,0.5579230561953432,,1.0,Endothelial cells,0.5,0.0,1.0,Endothelial cells,0.5,ok,True,both,negative,0
CGTTTGTGTAGAGGGT-1,1,55,41,9473,4901,16336.6666666667,31576.6666666667,21,19,1,1,0.9047619047619048,0.0476190476190476,0.0476190476190476,Tumor,0.9047619047619048,True,,positive,negative,negative,negative,Immune cells,negative,baseline_immune_all_dropout,svtuner_immune_all_dropout,available_nonimmune_reference_assignment_retained,0.4275839709054901,0.4275839709054901,False,0.57241602909451,,1.0,Endothelial cells,1.0,0.0,1.0,Endothelial cells,1.0,ok,True,both,negative,0
CTAAAGAATGCCTACT-1,1,36,36,6591,4463,14876.6666666667,21970.0,22,20,0,2,0.9090909090909092,0.0,0.0909090909090909,Tumor,0.9090909090909092,True,,positive,negative,negative,negative,Immune cells,negative,baseline_immune_all_dropout,svtuner_immune_all_dropout,available_nonimmune_reference_assignment_retained,0.0831969787619414,0.0831969787619414,False,0.9168030212380586,,1.0,PVL,0.7,0.0,1.0,PVL,0.7,ok,True,both,negative,0
CTAAATCCGGTGTACA-1,1,61,35,10383,4378,14593.3333333333,34610.0,11,11,0,0,1.0,0.0,0.0,Tumor,1.0,True,,positive,negative,negative,negative,Immune cells,negative,baseline_immune_all_dropout,svtuner_immune_all_dropout,available_nonimmune_reference_assignment_retained,0.3120962597474679,0.3120962597474679,False,0.6879037402525321,,1.0,Fibroblasts,0.8333333333333334,0.0,1.0,Fibroblasts,0.8333333333333334,ok,True,both,negative,0
CTAACCGCGCGCCCGT-1,1,37,35,6743,4376,14586.6666666667,22476.6666666667,24,24,0,0,1.0,0.0,0.0,Tumor,1.0,True,,positive,negative,negative,negative,Immune cells,negative,baseline_immune_all_dropout,svtuner_immune_all_dropout,available_nonimmune_reference_assignment_retained,0.1666004463476851,0.1666004463476851,False,0.8333995536523149,,1.0,Endothelial cells,1.0,0.0,1.0,Endothelial cells,1.0,ok,True,both,negative,0
CTAACGAAACTTGCTG-1,1,30,94,5678,9519,31730.0,18926.6666666667,24,22,2,0,0.9166666666666666,0.0833333333333333,0.0,Tumor,0.9166666666666666,True,,positive,negative,negative,negative,Immune cells,negative,baseline_immune_all_dropout,svtuner_immune_all_dropout,available_nonimmune_reference_assignment_retained,0.2787390328093806,0.2787390328093806,False,0.7212609671906194,,1.0,Fibroblasts,1.0,0.0,1.0,Fibroblasts,1.0,ok,True,both,negative,0
CTAACTGATAATCGCC-1,1,58,102,9925,10219,34063.3333333333,33083.3333333333,5,1,0,4,0.2,0.0,0.8,Stroma,0.8,True,,negative,negative,positive,negative,Immune cells,negative,baseline_immune_all_dropout,svtuner_immune_all_dropout,available_nonimmune_reference_assignment_retained,0.5320793073440518,0.5320793073440518,False,0.4679206926559481,,1.0,PVL,1.0,0.0,1.0,PVL,1.0,ok,True,both,negative,0
CTAACTGGTCCGGTTC-1,1,50,36,8715,4464,14880.0,29050.0,23,23,0,0,1.0,0.0,0.0,Tumor,1.0,True,,positive,negative,negative,negative,Immune cells,negative,baseline_immune_all_dropout,svtuner_immune_all_dropout,available_nonimmune_reference_assignment_retained,0.3302270376865031,0.3302270376865031,False,0.6697729623134969,,1.0,Endothelial cells,1.0,0.0,1.0,Endothelial cells,1.0,ok,True,both,negative,0
CTAAGGGAATGATTGG-1,1,44,72,7803,7602,25340.0,26010.0,25,21,4,0,0.84,0.16,0.0,Tumor,0.84,True,,positive,negative,negative,negative,Immune cells,negative,baseline_immune_all_dropout,svtuner_immune_all_dropout,available_nonimmune_reference_assignment_retained,0.3585148213082552,0.3585148213082552,False,0.6414851786917448,,1.0,Endothelial cells,0.6,0.0,1.0,Endothelial cells,0.6,ok,True,both,negative,0
CTAATTCTCAGATATT-1,1,27,105,5222,10478,34926.6666666667,17406.6666666667,26,26,0,0,1.0,0.0,0.0,Tumor,1.0,True,,positive,negative,negative,negative,Immune cells,negative,baseline_immune_all_dropout,svtuner_immune_all_dropout,available_nonimmune_reference_assignment_retained,0.2335658677695798,0.2335658677695798,False,0.7664341322304202,,1.0,Endothelial cells,1.0,0.0,1.0,Endothelial cells,1.0,ok,True,both,negative,0
CTACAAGAAATAACCC-1,1,58,40,9928,4814,16046.6666666667,33093.3333333333,17,17,0,0,1.0,0.0,0.0,Tumor,1.0,True,,positive,negative,negative,negative,Immune cells,negative,baseline_immune_all_dropout,svtuner_immune_all_dropout,available_nonimmune_reference_assignment_retained,0.2192179692255933,0.2192179692255933,False,0.7807820307744067,,1.0,Epithelial cells,1.0,0.0,1.0,Epithelial cells,1.0,ok,True,both,negative,0
CTACACTCGCAGATGG-1,1,57,101,9773,10132,33773.3333333333,32576.6666666667,23,23,0,0,1.0,0.0,0.0,Tumor,1.0,True,,positive,negative,negative,negative,Immune cells,negative,baseline_immune_all_dropout,svtuner_immune_all_dropout,available_nonimmune_reference_assignment_retained,0.2778335219099737,0.2778335219099737,False,0.7221664780900263,,1.0,PVL,0.7142857142857143,0.0,1.0,PVL,0.7142857142857143,ok,True,both,negative,0
CTACCCTAAGGTCATA-1,1,31,91,5829,9258,30860.0,19430.0,24,24,0,0,1.0,0.0,0.0,Tumor,1.0,True,,positive,negative,negative,negative,Immune cells,negative,baseline_immune_all_dropout,svtuner_immune_all_dropout,available_nonimmune_reference_assignment_retained,0.2948254217635195,0.2948254217635195,False,0.7051745782364804,,1.0,Fibroblasts,1.0,0.0,1.0,Fibroblasts,1.0,ok,True,both,negative,0
CTACGCACGGAGTACC-1,1,35,57,6438,6294,20980.0,21460.0,4,0,0,4,0.0,0.0,1.0,Stroma,1.0,True,,negative,negative,positive,negative,Immune cells,negative,baseline_immune_all_dropout,svtuner_immune_all_dropout,reference_unrepresented_withheld_by_stage3b,0.5626016732817158,0.5626016732817158,True,0.4373983267182841,,0.0,__withheld_reference_unrepresented__,0.0,0.0,1.0,Fibroblasts,1.0,ok,True,both,negative,0
CTACTCAAGGTATAGT-1,1,60,42,10231,4988,16626.6666666667,34103.3333333333,21,20,1,0,0.9523809523809524,0.0476190476190476,0.0,Tumor,0.9523809523809524,True,,positive,negative,negative,negative,Immune cells,negative,baseline_immune_all_dropout,svtuner_immune_all_dropout,available_nonimmune_reference_assignment_retained,0.2420789703527226,0.2420789703527226,False,0.7579210296472774,,1.0,PVL,1.0,0.0,1.0,PVL,1.0,ok,True,both,negative,0
CTAGATGTGAGTGTAA-1,1,33,103,6132,10304,34346.6666666667,20440.0,28,25,3,0,0.8928571428571429,0.1071428571428571,0.0,Tumor,0.8928571428571429,True,,positive,negative,negative,negative,Immune cells,negative,baseline_immune_all_dropout,svtuner_immune_all_dropout,available_nonimmune_reference_assignment_retained,0.5193196663844054,0.5193196663844054,False,0.4806803336155946,,1.0,Endothelial cells,1.0,0.0,1.0,Endothelial cells,1.0,ok,True,both,negative,0
CTAGATTTACGACGGC-1,1,42,74,7499,7777,25923.3333333333,24996.6666666667,23,23,0,0,1.0,0.0,0.0,Tumor,1.0,True,,positive,negative,negative,negative,Immune cells,negative,baseline_immune_all_dropout,svtuner_immune_all_dropout,available_nonimmune_reference_assignment_retained,0.4308521261399146,0.4308521261399146,False,0.5691478738600855,,1.0,Epithelial cells,1.0,0.0,1.0,Epithelial cells,1.0,ok,True,both,negative,0
CTAGCATAGTATAATG-1,1,34,66,6286,7078,23593.3333333333,20953.3333333333,21,5,15,1,0.238095238095238,0.7142857142857143,0.0476190476190476,Immune cells,0.7142857142857143,True,,ambiguous,positive,negative,positive,Immune cells,positive,baseline_immune_all_dropout,svtuner_immune_all_dropout,reference_unrepresented_withheld_by_stage3b,0.4575058515246774,0.4575058515246774,True,0.5424941484753226,,0.0,__withheld_reference_unrepresented__,0.0,0.0,1.0,PVL,0.6,ok,True,both,positive,1
CTAGCCACAGGCGAGC-1,1,59,117,10076,11527,38423.3333333333,33586.6666666667,22,1,19,2,0.0454545454545454,0.8636363636363636,0.0909090909090909,Immune cells,0.8636363636363636,True,,negative,positive,negative,positive,Immune cells,positive,baseline_immune_all_dropout,svtuner_immune_all_dropout,reference_unrepresented_withheld_by_stage3b,0.4852661995565621,0.4852661995565621,True,0.5147338004434379,,0.0,__withheld_reference_unrepresented__,0.0,0.0,1.0,Fibroblasts,0.75,ok,True,both,positive,1
CTAGCTTAATGGTCCC-1,1,47,125,8255,12223,40743.3333333333,27516.6666666667,25,25,0,0,1.0,0.0,0.0,Tumor,1.0,True,,positive,negative,negative,negative,Immune cells,negative,baseline_immune_all_dropout,svtuner_immune_all_dropout,available_nonimmune_reference_assignment_retained,0.4798530259540171,0.4798530259540171,False,0.520146974045983,,1.0,Fibroblasts,1.0,0.0,1.0,Fibroblasts,1.0,ok,True,both,negative,0
CTAGGCGCCCTATCAG-1,1,51,91,8863,9259,30863.3333333333,29543.3333333333,22,20,2,0,0.9090909090909092,0.0909090909090909,0.0,Tumor,0.9090909090909092,True,,positive,negative,negative,negative,Immune cells,negative,baseline_immune_all_dropout,svtuner_immune_all_dropout,available_nonimmune_reference_assignment_retained,0.4739964042249384,0.4739964042249384,False,0.5260035957750616,,1.0,Endothelial cells,0.6666666666666666,0.0,1.0,Endothelial cells,0.6666666666666666,ok,True,both,negative,0
CTAGGTCTGAAGGAAT-1,1,36,104,6587,10391,34636.6666666667,21956.6666666667,24,21,3,0,0.875,0.125,0.0,Tumor,0.875,True,,positive,negative,negative,negative,Immune cells,negative,baseline_immune_all_dropout,svtuner_immune_all_dropout,available_nonimmune_reference_assignment_retained,0.5075774071960362,0.5075774071960362,False,0.4924225928039638,,1.0,Fibroblasts,1.0,0.0,1.0,Fibroblasts,1.0,ok,True,both,negative,0
CTAGGTTCGGACGTGA-1,1,58,70,9926,7429,24763.3333333333,33086.6666666667,24,4,18,2,0.1666666666666666,0.75,0.0833333333333333,Immune cells,0.75,True,,negative,positive,negative,positive,Immune cells,positive,baseline_immune_all_dropout,svtuner_immune_all_dropout,available_nonimmune_reference_assignment_retained,0.4560604981305383,0.4560604981305383,False,0.5439395018694617,,1.0,Endothelial cells,1.0,0.0,1.0,Endothelial cells,1.0,ok,True,both,positive,1
CTAGTAGAAAGGGATT-1,1,63,81,10684,8389,27963.3333333333,35613.3333333333,26,23,3,0,0.8846153846153846,0.1153846153846153,0.0,Tumor,0.8846153846153846,True,,positive,negative,negative,negative,Immune cells,negative,baseline_immune_all_dropout,svtuner_immune_all_dropout,available_nonimmune_reference_assignment_retained,0.3801170665526431,0.3801170665526431,False,0.6198829334473569,,1.0,PVL,1.0,0.0,1.0,PVL,1.0,ok,True,both,negative,0
CTAGTCACGTCTTAAG-1,1,37,69,6741,7340,24466.6666666667,22470.0,26,26,0,0,1.0,0.0,0.0,Tumor,1.0,True,,positive,negative,negative,negative,Immune cells,negative,baseline_immune_all_dropout,svtuner_immune_all_dropout,available_nonimmune_reference_assignment_retained,0.2785116092318774,0.2785116092318774,False,0.7214883907681227,,1.0,Endothelial cells,1.0,0.0,1.0,Endothelial cells,1.0,ok,True,both,negative,0
CTAGTTACAACCCGGT-1,1,53,67,9168,7167,23890.0,30560.0,27,25,0,2,0.925925925925926,0.0,0.074074074074074,Tumor,0.925925925925926,True,,positive,negative,negative,negative,Immune cells,negative,baseline_immune_all_dropout,svtuner_immune_all_dropout,available_nonimmune_reference_assignment_retained,0.4263535023135518,0.4263535023135518,False,0.5736464976864482,,1.0,PVL,1.0,0.0,1.0,PVL,1.0,ok,True,both,negative,0
CTATAAGAGCCAATCG-1,1,26,100,5071,10042,33473.3333333333,16903.3333333333,31,31,0,0,1.0,0.0,0.0,Tumor,1.0,True,,positive,negative,negative,negative,Immune cells,negative,baseline_immune_all_dropout,svtuner_immune_all_dropout,available_nonimmune_reference_assignment_retained,0.2757427297280663,0.2757427297280663,False,0.7242572702719337,,1.0,Endothelial cells,1.0,0.0,1.0,Endothelial cells,1.0,ok,True,both,negative,0
CTATAGGCGTTGATGT-1,1,62,38,10535,4640,15466.6666666667,35116.6666666667,21,21,0,0,1.0,0.0,0.0,Tumor,1.0,True,,positive,negative,negative,negative,Immune cells,negative,baseline_immune_all_dropout,svtuner_immune_all_dropout,available_nonimmune_reference_assignment_retained,0.1831170614127618,0.1831170614127618,False,0.8168829385872383,,1.0,Epithelial cells,1.0,0.0,1.0,Epithelial cells,1.0,ok,True,both,negative,0
CTATATCCAGCCTGGC-1,1,69,31,11597,4030,13433.3333333333,38656.6666666667,11,7,1,3,0.6363636363636364,0.0909090909090909,0.2727272727272727,Tumor,0.6363636363636364,True,,positive,negative,ambiguous,negative,Immune cells,negative,baseline_immune_all_dropout,svtuner_immune_all_dropout,available_nonimmune_reference_assignment_retained,0.4882527482322962,0.4882527482322962,False,0.5117472517677037,,1.0,Fibroblasts,1.0,0.0,1.0,Fibroblasts,1.0,ok,True,both,negative,0
CTATCACAACGCTGGA-1,1,74,78,12353,8128,27093.3333333333,41176.6666666667,15,13,0,2,0.8666666666666667,0.0,0.1333333333333333,Tumor,0.8666666666666667,True,,positive,negative,negative,negative,Immune cells,negative,baseline_immune_all_dropout,svtuner_immune_all_dropout,available_nonimmune_reference_assignment_retained,0.4681768127297609,0.4681768127297609,False,0.531823187270239,,1.0,Endothelial cells,1.0,0.0,1.0,Endothelial cells,1.0,ok,True,both,negative,0
CTATCGACGAAATACA-1,1,53,93,9167,9434,31446.6666666667,30556.6666666667,22,22,0,0,1.0,0.0,0.0,Tumor,1.0,True,,positive,negative,negative,negative,Immune cells,negative,baseline_immune_all_dropout,svtuner_immune_all_dropout,available_nonimmune_reference_assignment_retained,0.3733740411415789,0.3733740411415789,False,0.6266259588584211,,1.0,PVL,1.0,0.0,1.0,PVL,1.0,ok,True,both,negative,0
CTATCGCGTAGAGAAC-1,1,58,118,9924,11614,38713.3333333333,33080.0,12,6,0,6,0.5,0.0,0.5,Tumor,0.5,True,,ambiguous,negative,ambiguous,negative,Immune cells,negative,baseline_immune_all_dropout,svtuner_immune_all_dropout,available_nonimmune_reference_assignment_retained,0.5597286301967833,0.5597286301967833,False,0.4402713698032167,,1.0,PVL,1.0,0.0,1.0,PVL,1.0,ok,True,both,negative,0
CTATCGGGTCTCAACA-1,1,35,69,6437,7340,24466.6666666667,21456.6666666667,21,9,3,9,0.4285714285714285,0.1428571428571428,0.4285714285714285,Tumor,0.4285714285714285,True,,ambiguous,negative,ambiguous,negative,Immune cells,negative,baseline_immune_all_dropout,svtuner_immune_all_dropout,available_nonimmune_reference_assignment_retained,0.4660473895796023,0.4660473895796023,False,0.5339526104203978,,1.0,Fibroblasts,1.0,0.0,1.0,Fibroblasts,1.0,ok,True,both,negative,0
CTATGCCCGAATGCAA-1,1,63,59,10686,6471,21570.0,35620.0,25,25,0,0,1.0,0.0,0.0,Tumor,1.0,True,,positive,negative,negative,negative,Immune cells,negative,baseline_immune_all_dropout,svtuner_immune_all_dropout,available_nonimmune_reference_assignment_retained,0.2597277615469249,0.2597277615469249,False,0.7402722384530751,,1.0,Endothelial cells,1.0,0.0,1.0,Endothelial cells,1.0,ok,True,both,negative,0
CTATGGGAAGCGGAAT-1,1,54,104,9318,10393,34643.3333333333,31060.0,28,28,0,0,1.0,0.0,0.0,Tumor,1.0,True,,positive,negative,negative,negative,Immune cells,negative,baseline_immune_all_dropout,svtuner_immune_all_dropout,available_nonimmune_reference_assignment_retained,0.4174922522591475,0.4174922522591475,False,0.5825077477408525,,1.0,PVL,1.0,0.0,1.0,PVL,1.0,ok,True,both,negative,0
CTATTCATGTGTCCCA-1,1,52,62,9017,6731,22436.6666666667,30056.6666666667,23,23,0,0,1.0,0.0,0.0,Tumor,1.0,True,,positive,negative,negative,negative,Immune cells,negative,baseline_immune_all_dropout,svtuner_immune_all_dropout,available_nonimmune_reference_assignment_retained,0.507621092745793,0.507621092745793,False,0.4923789072542069,,1.0,PVL,1.0,0.0,1.0,PVL,1.0,ok,True,both,negative,0
CTATTTGCTTGGAGGA-1,1,70,64,11747,6907,23023.3333333333,39156.6666666667,28,27,1,0,0.9642857142857144,0.0357142857142857,0.0,Tumor,0.9642857142857144,True,,positive,negative,negative,negative,Immune cells,negative,baseline_immune_all_dropout,svtuner_immune_all_dropout,available_nonimmune_reference_assignment_retained,0.4652307723425018,0.4652307723425018,False,0.5347692276574982,,1.0,Epithelial cells,1.0,0.0,1.0,Epithelial cells,1.0,ok,True,both,negative,0
CTATTTGGTTACGGAT-1,1,36,82,6588,8473,28243.3333333333,21960.0,30,23,0,7,0.7666666666666667,0.0,0.2333333333333333,Tumor,0.7666666666666667,True,,positive,negative,ambiguous,negative,Immune cells,negative,baseline_immune_all_dropout,svtuner_immune_all_dropout,available_nonimmune_reference_assignment_retained,0.2717078851934091,0.2717078851934091,False,0.7282921148065908,,1.0,Fibroblasts,1.0,0.0,1.0,Fibroblasts,1.0,ok,True,both,negative,0
CTCAAACCACTGCCCG-1,1,64,40,10838,4814,16046.6666666667,36126.6666666667,29,29,0,0,1.0,0.0,0.0,Tumor,1.0,True,,positive,negative,negative,negative,Immune cells,negative,baseline_immune_all_dropout,svtuner_immune_all_dropout,available_nonimmune_reference_assignment_retained,0.1869889240245211,0.1869889240245211,False,0.813011075975479,,1.0,Epithelial cells,1.0,0.0,1.0,Epithelial cells,1.0,ok,True,both,negative,0
CTCAACTAACCCGGAT-1,1,63,85,10684,8738,29126.6666666667,35613.3333333333,27,20,2,5,0.7407407407407407,0.074074074074074,0.1851851851851851,Tumor,0.7407407407407407,True,,positive,negative,negative,negative,Immune cells,negative,baseline_immune_all_dropout,svtuner_immune_all_dropout,available_nonimmune_reference_assignment_retained,0.4027811548177036,0.4027811548177036,False,0.5972188451822964,,1.0,PVL,1.0,0.0,1.0,PVL,1.0,ok,True,both,negative,0
CTCACACGCAAGCCTA-1,1,18,122,3856,11959,39863.3333333333,12853.3333333333,23,22,0,1,0.9565217391304348,0.0,0.0434782608695652,Tumor,0.9565217391304348,True,,positive,negative,negative,negative,Immune cells,negative,baseline_immune_all_dropout,svtuner_immune_all_dropout,available_nonimmune_reference_assignment_retained,0.5228512617165006,0.5228512617165006,False,0.4771487382834993,,1.0,Epithelial cells,1.0,0.0,1.0,Epithelial cells,1.0,ok,True,both,negative,0
CTCACATTTACTAAAT-1,1,62,68,10533,7255,24183.3333333333,35110.0,19,14,3,2,0.7368421052631579,0.1578947368421052,0.1052631578947368,Tumor,0.7368421052631579,True,,positive,negative,negative,negative,Immune cells,negative,baseline_immune_all_dropout,svtuner_immune_all_dropout,available_nonimmune_reference_assignment_retained,0.4819652433189946,0.4819652433189946,False,0.5180347566810054,,1.0,Fibroblasts,0.6666666666666666,0.0,1.0,Fibroblasts,0.6666666666666666,ok,True,both,negative,0
CTCACTGTGATACTTA-1,1,63,75,10685,7866,26220.0,35616.6666666667,20,13,4,3,0.65,0.2,0.15,Tumor,0.65,True,,positive,negative,negative,negative,Immune cells,negative,baseline_immune_all_dropout,svtuner_immune_all_dropout,available_nonimmune_reference_assignment_retained,0.4227128183504783,0.4227128183504783,False,0.5772871816495218,,1.0,PVL,1.0,0.0,1.0,PVL,1.0,ok,True,both,negative,0
CTCAGAGCTAATGTCG-1,1,73,59,12203,6472,21573.3333333333,40676.6666666667,25,20,5,0,0.8,0.2,0.0,Tumor,0.8,True,,positive,negative,negative,negative,Immune cells,negative,baseline_immune_all_dropout,svtuner_immune_all_dropout,available_nonimmune_reference_assignment_retained,0.4294291771880801,0.4294291771880801,False,0.57057082281192,,1.0,Fibroblasts,1.0,0.0,1.0,Fibroblasts,1.0,ok,True,both,negative,0
CTCATCACTTAGTGAT-1,1,28,124,5373,12134,40446.6666666667,17910.0,31,31,0,0,1.0,0.0,0.0,Tumor,1.0,True,,positive,negative,negative,negative,Immune cells,negative,baseline_immune_all_dropout,svtuner_immune_all_dropout,available_nonimmune_reference_assignment_retained,0.5972897962924822,0.5972897962924822,False,0.4027102037075177,,1.0,Endothelial cells,1.0,0.0,1.0,Endothelial cells,1.0,ok,True,both,negative,0
CTCATTAACGTTGCCC-1,1,29,127,5524,12396,41320.0,18413.3333333333,29,29,0,0,1.0,0.0,0.0,Tumor,1.0,True,,positive,negative,negative,negative,Immune cells,negative,baseline_immune_all_dropout,svtuner_immune_all_dropout,available_nonimmune_reference_assignment_retained,0.3761480591832557,0.3761480591832557,False,0.6238519408167442,,1.0,Endothelial cells,1.0,0.0,1.0,Endothelial cells,1.0,ok,True,both,negative,0
CTCATTGCTCTAACAA-1,1,60,78,10229,8127,27090.0,34096.6666666667,33,33,0,0,1.0,0.0,0.0,Tumor,1.0,True,,positive,negative,negative,negative,Immune cells,negative,baseline_immune_all_dropout,svtuner_immune_all_dropout,available_nonimmune_reference_assignment_retained,0.2811842038793944,0.2811842038793944,False,0.7188157961206056,,1.0,PVL,0.8333333333333334,0.0,1.0,PVL,0.8333333333333334,ok,True,both,negative,0
CTCCCAATGAGTCGCG-1,1,51,115,8862,11352,37840.0,29540.0,10,7,0,3,0.7,0.0,0.3,Tumor,0.7,True,,positive,negative,ambiguous,negative,Immune cells,negative,baseline_immune_all_dropout,svtuner_immune_all_dropout,available_nonimmune_reference_assignment_retained,0.4262722864686925,0.4262722864686925,False,0.5737277135313075,,1.0,Epithelial cells,1.0,0.0,1.0,Epithelial cells,1.0,ok,True,both,negative,0
CTCCGCCCACATGAGG-1,1,43,39,7653,4725,15750.0,25510.0,26,26,0,0,1.0,0.0,0.0,Tumor,1.0,True,,positive,negative,negative,negative,Immune cells,negative,baseline_immune_all_dropout,svtuner_immune_all_dropout,available_nonimmune_reference_assignment_retained,0.3402237596431605,0.3402237596431605,False,0.6597762403568395,,1.0,PVL,1.0,0.0,1.0,PVL,1.0,ok,True,both,negative,0
CTCCTCCAGCTCACAC-1,1,62,50,10534,5686,18953.3333333333,35113.3333333333,23,23,0,0,1.0,0.0,0.0,Tumor,1.0,True,,positive,negative,negative,negative,Immune cells,negative,baseline_immune_all_dropout,svtuner_immune_all_dropout,available_nonimmune_reference_assignment_retained,0.4223405910098303,0.4223405910098303,False,0.5776594089901697,,1.0,Fibroblasts,1.0,0.0,1.0,Fibroblasts,1.0,ok,True,both,negative,0
CTCCTGTTCAAGGCAG-1,1,55,117,9469,11527,38423.3333333333,31563.3333333333,12,8,0,4,0.6666666666666666,0.0,0.3333333333333333,Tumor,0.6666666666666666,True,,positive,negative,ambiguous,negative,Immune cells,negative,baseline_immune_all_dropout,svtuner_immune_all_dropout,available_nonimmune_reference_assignment_retained,0.497662816655825,0.497662816655825,False,0.502337183344175,,1.0,PVL,0.6666666666666666,0.0,1.0,PVL,0.6666666666666666,ok,True,both,negative,0
CTCGCCGAATGTAGGG-1,1,60,64,10230,6906,23020.0,34100.0,28,28,0,0,1.0,0.0,0.0,Tumor,1.0,True,,positive,negative,negative,negative,Immune cells,negative,baseline_immune_all_dropout,svtuner_immune_all_dropout,available_nonimmune_reference_assignment_retained,0.3591190609942689,0.3591190609942689,False,0.6408809390057311,,1.0,PVL,1.0,0.0,1.0,PVL,1.0,ok,True,both,negative,0
CTCGCTAGGTAAGCGA-1,1,72,96,12049,9697,32323.3333333333,40163.3333333333,15,14,1,0,0.9333333333333332,0.0666666666666666,0.0,Tumor,0.9333333333333332,True,,positive,negative,negative,negative,Immune cells,negative,baseline_immune_all_dropout,svtuner_immune_all_dropout,available_nonimmune_reference_assignment_retained,0.5647919373642463,0.5647919373642463,False,0.4352080626357537,,1.0,PVL,1.0,0.0,1.0,PVL,1.0,ok,True,both,negative,0
CTCGGGATAACACCTA-1,1,31,121,5828,11873,39576.6666666667,19426.6666666667,26,26,0,0,1.0,0.0,0.0,Tumor,1.0,True,,positive,negative,negative,negative,Immune cells,negative,baseline_immune_all_dropout,svtuner_immune_all_dropout,available_nonimmune_reference_assignment_retained,0.3725449286643542,0.3725449286643542,False,0.6274550713356458,,1.0,Epithelial cells,1.0,0.0,1.0,Epithelial cells,1.0,ok,True,both,negative,0
CTCGGGTTCTCTGGCC-1,1,61,27,10384,3681,12270.0,34613.3333333333,25,22,0,3,0.88,0.0,0.12,Tumor,0.88,True,,positive,negative,negative,negative,Immune cells,negative,baseline_immune_all_dropout,svtuner_immune_all_dropout,available_nonimmune_reference_assignment_retained,0.3313909488287195,0.3313909488287195,False,0.6686090511712806,,1.0,Fibroblasts,0.8333333333333334,0.0,1.0,Fibroblasts,0.8333333333333334,ok,True,both,negative,0
CTCGGTACCACTGCTC-1,1,41,81,7347,8387,27956.6666666667,24490.0,30,30,0,0,1.0,0.0,0.0,Tumor,1.0,True,,positive,negative,negative,negative,Immune cells,negative,baseline_immune_all_dropout,svtuner_immune_all_dropout,available_nonimmune_reference_assignment_retained,0.4351891963383886,0.4351891963383886,False,0.5648108036616114,,1.0,Endothelial cells,1.0,0.0,1.0,Endothelial cells,1.0,ok,True,both,negative,0
CTCGTCTGTGCCTTCG-1,1,70,82,11746,8477,28256.6666666667,39153.3333333333,24,24,0,0,1.0,0.0,0.0,Tumor,1.0,True,,positive,negative,negative,negative,Immune cells,negative,baseline_immune_all_dropout,svtuner_immune_all_dropout,available_nonimmune_reference_assignment_retained,0.3677582059429254,0.3677582059429254,False,0.6322417940570746,,1.0,Fibroblasts,0.6,0.0,1.0,Fibroblasts,0.6,ok,True,both,negative,0
CTCGTTACGGCTACCA-1,1,70,40,11748,4815,16050.0,39160.0,27,24,0,3,0.8888888888888888,0.0,0.1111111111111111,Tumor,0.8888888888888888,True,,positive,negative,negative,negative,Immune cells,negative,baseline_immune_all_dropout,svtuner_immune_all_dropout,available_nonimmune_reference_assignment_retained,0.4288553084263353,0.4288553084263353,False,0.5711446915736647,,1.0,Fibroblasts,1.0,0.0,1.0,Fibroblasts,1.0,ok,True,both,negative,0
CTCTAATGCATTGATC-1,1,24,110,4767,10913,36376.6666666667,15890.0,23,21,2,0,0.9130434782608696,0.0869565217391304,0.0,Tumor,0.9130434782608696,True,,positive,negative,negative,negative,Immune cells,negative,baseline_immune_all_dropout,svtuner_immune_all_dropout,available_nonimmune_reference_assignment_retained,0.6113624191547489,0.6113624191547489,False,0.3886375808452511,,1.0,Endothelial cells,1.0,0.0,1.0,Endothelial cells,1.0,ok,True,both,negative,0
CTCTACATCCTGCGTG-1,1,72,66,12050,7082,23606.6666666667,40166.6666666667,19,0,19,0,0.0,1.0,0.0,Immune cells,1.0,True,,negative,positive,negative,positive,Immune cells,positive,baseline_immune_all_dropout,svtuner_immune_all_dropout,reference_unrepresented_withheld_by_stage3b,0.5918779112189203,0.5918779112189203,True,0.4081220887810797,,0.0,__withheld_reference_unrepresented__,0.0,0.0,1.0,Endothelial cells,1.0,ok,True,both,positive,1
CTCTAGCCCTCGGAAA-1,1,66,90,11139,9174,30580.0,37130.0,27,23,3,1,0.8518518518518519,0.1111111111111111,0.037037037037037,Tumor,0.8518518518518519,True,,positive,negative,negative,negative,Immune cells,negative,baseline_immune_all_dropout,svtuner_immune_all_dropout,available_nonimmune_reference_assignment_retained,0.2740463961156328,0.2740463961156328,False,0.7259536038843672,,1.0,Fibroblasts,1.0,0.0,1.0,Fibroblasts,1.0,ok,True,both,negative,0
CTCTATTTGGCTGCAG-1,1,48,68,8410,7254,24180.0,28033.3333333333,15,13,0,2,0.8666666666666667,0.0,0.1333333333333333,Tumor,0.8666666666666667,True,,positive,negative,negative,negative,Immune cells,negative,baseline_immune_all_dropout,svtuner_immune_all_dropout,available_nonimmune_reference_assignment_retained,0.3947291796708236,0.3947291796708236,False,0.6052708203291763,,1.0,Epithelial cells,0.5,0.0,1.0,Epithelial cells,0.5,ok,True,both,negative,0
CTCTGGACGCCTGGTG-1,1,32,62,5983,6729,22430.0,19943.3333333333,12,1,2,9,0.0833333333333333,0.1666666666666666,0.75,Stroma,0.75,True,,negative,negative,positive,negative,Immune cells,negative,baseline_immune_all_dropout,svtuner_immune_all_dropout,reference_unrepresented_withheld_by_stage3b,0.6445279360868867,0.6445279360868867,True,0.3554720639131132,,0.0,__withheld_reference_unrepresented__,0.0,0.0,1.0,Endothelial cells,1.0,ok,True,both,negative,0
CTCTTCTATTGACTGG-1,1,46,100,8104,10044,33480.0,27013.3333333333,28,28,0,0,1.0,0.0,0.0,Tumor,1.0,True,,positive,negative,negative,negative,Immune cells,negative,baseline_immune_all_dropout,svtuner_immune_all_dropout,available_nonimmune_reference_assignment_retained,0.2866734954223988,0.2866734954223988,False,0.7133265045776012,,1.0,PVL,0.6,0.0,1.0,PVL,0.6,ok,True,both,negative,0
CTCTTCTGGAAGTTAG-1,1,62,40,10535,4814,16046.6666666667,35116.6666666667,19,18,0,1,0.9473684210526316,0.0,0.0526315789473684,Tumor,0.9473684210526316,True,,positive,negative,negative,negative,Immune cells,negative,baseline_immune_all_dropout,svtuner_immune_all_dropout,available_nonimmune_reference_assignment_retained,0.2961965131118527,0.2961965131118527,False,0.7038034868881473,,1.0,Endothelial cells,1.0,0.0,1.0,Endothelial cells,1.0,ok,True,both,negative,0
CTCTTGTCCCGCTTGG-1,1,54,58,9320,6383,21276.6666666667,31066.6666666667,14,6,2,6,0.4285714285714285,0.1428571428571428,0.4285714285714285,Tumor,0.4285714285714285,True,,ambiguous,negative,ambiguous,negative,Immune cells,negative,baseline_immune_all_dropout,svtuner_immune_all_dropout,available_nonimmune_reference_assignment_retained,0.6198877220515854,0.6198877220515854,False,0.3801122779484146,,1.0,Fibroblasts,1.0,0.0,1.0,Fibroblasts,1.0,ok,True,both,negative,0
CTGAATCCGAGACCTC-1,1,47,53,8259,5946,19820.0,27530.0,23,23,0,0,1.0,0.0,0.0,Tumor,1.0,True,,positive,negative,negative,negative,Immune cells,negative,baseline_immune_all_dropout,svtuner_immune_all_dropout,available_nonimmune_reference_assignment_retained,0.3375197255261051,0.3375197255261051,False,0.6624802744738949,,1.0,Fibroblasts,1.0,0.0,1.0,Fibroblasts,1.0,ok,True,both,negative,0
CTGACTGCGCAGCTCG-1,1,31,101,5829,10129,33763.3333333333,19430.0,27,27,0,0,1.0,0.0,0.0,Tumor,1.0,True,,positive,negative,negative,negative,Immune cells,negative,baseline_immune_all_dropout,svtuner_immune_all_dropout,available_nonimmune_reference_assignment_retained,0.449324622135328,0.449324622135328,False,0.550675377864672,,1.0,Endothelial cells,1.0,0.0,1.0,Endothelial cells,1.0,ok,True,both,negative,0
CTGAGAAAGTTCGGCG-1,1,49,117,8559,11526,38420.0,28530.0,21,13,2,6,0.6190476190476191,0.0952380952380952,0.2857142857142857,Tumor,0.6190476190476191,True,,positive,negative,ambiguous,negative,Immune cells,negative,baseline_immune_all_dropout,svtuner_immune_all_dropout,available_nonimmune_reference_assignment_retained,0.4245359936099883,0.4245359936099883,False,0.5754640063900117,,1.0,Endothelial cells,0.75,0.0,1.0,Endothelial cells,0.75,ok,True,both,negative,0
CTGAGCGAGACTTATT-1,1,31,125,5828,12222,40740.0,19426.6666666667,25,25,0,0,1.0,0.0,0.0,Tumor,1.0,True,,positive,negative,negative,negative,Immune cells,negative,baseline_immune_all_dropout,svtuner_immune_all_dropout,available_nonimmune_reference_assignment_retained,0.376647647480849,0.376647647480849,False,0.623352352519151,,1.0,Fibroblasts,1.0,0.0,1.0,Fibroblasts,1.0,ok,True,both,negative,0
CTGCAAGCACGTTCCG-1,1,61,111,10379,11004,36680.0,34596.6666666667,17,3,12,2,0.1764705882352941,0.7058823529411765,0.1176470588235294,Immune cells,0.7058823529411765,True,,negative,positive,negative,positive,Immune cells,positive,baseline_immune_all_dropout,svtuner_immune_all_dropout,available_nonimmune_reference_assignment_retained,0.415505639666302,0.415505639666302,False,0.5844943603336981,,1.0,Endothelial cells,1.0,0.0,1.0,Endothelial cells,1.0,ok,True,both,positive,1
CTGCACAACTACATAT-1,1,50,76,8713,7952,26506.6666666667,29043.3333333333,23,23,0,0,1.0,0.0,0.0,Tumor,1.0,True,,positive,negative,negative,negative,Immune cells,negative,baseline_immune_all_dropout,svtuner_immune_all_dropout,available_nonimmune_reference_assignment_retained,0.4303905863132855,0.4303905863132855,False,0.5696094136867145,,1.0,Epithelial cells,1.0,0.0,1.0,Epithelial cells,1.0,ok,True,both,negative,0
CTGCACCTAGTCCACA-1,1,29,117,5525,11524,38413.3333333333,18416.6666666667,32,32,0,0,1.0,0.0,0.0,Tumor,1.0,True,,positive,negative,negative,negative,Immune cells,negative,baseline_immune_all_dropout,svtuner_immune_all_dropout,available_nonimmune_reference_assignment_retained,0.4792399228011328,0.4792399228011328,False,0.5207600771988672,,1.0,Epithelial cells,1.0,0.0,1.0,Epithelial cells,1.0,ok,True,both,negative,0
CTGCACTCCAGTACAG-1,1,54,70,9320,7429,24763.3333333333,31066.6666666667,25,22,2,1,0.88,0.08,0.04,Tumor,0.88,True,,positive,negative,negative,negative,Immune cells,negative,baseline_immune_all_dropout,svtuner_immune_all_dropout,available_nonimmune_reference_assignment_retained,0.4712219524135904,0.4712219524135904,False,0.5287780475864097,,1.0,PVL,1.0,0.0,1.0,PVL,1.0,ok,True,both,negative,0
CTGCCATGCATCACAT-1,1,40,62,7196,6730,22433.3333333333,23986.6666666667,32,32,0,0,1.0,0.0,0.0,Tumor,1.0,True,,positive,negative,negative,negative,Immune cells,negative,baseline_immune_all_dropout,svtuner_immune_all_dropout,available_nonimmune_reference_assignment_retained,0.4009651179926675,0.4009651179926675,False,0.5990348820073326,,1.0,Endothelial cells,1.0,0.0,1.0,Endothelial cells,1.0,ok,True,both,negative,0
CTGCCTCATATGCAAC-1,1,33,121,6131,11873,39576.6666666667,20436.6666666667,32,32,0,0,1.0,0.0,0.0,Tumor,1.0,True,,positive,negative,negative,negative,Immune cells,negative,baseline_immune_all_dropout,svtuner_immune_all_dropout,available_nonimmune_reference_assignment_retained,0.4160342186072241,0.4160342186072241,False,0.5839657813927759,,1.0,Epithelial cells,1.0,0.0,1.0,Epithelial cells,1.0,ok,True,both,negative,0
CTGCCTTTAATACCTT-1,1,64,28,10839,3768,12560.0,36130.0,30,28,0,2,0.9333333333333332,0.0,0.0666666666666666,Tumor,0.9333333333333332,True,,positive,negative,negative,negative,Immune cells,negative,baseline_immune_all_dropout,svtuner_immune_all_dropout,available_nonimmune_reference_assignment_retained,0.2370726738372716,0.2370726738372716,False,0.7629273261627284,,1.0,Fibroblasts,1.0,0.0,1.0,Fibroblasts,1.0,ok,True,both,negative,0
CTGCCTTTCTAGTAAA-1,1,63,93,10684,9435,31450.0,35613.3333333333,26,26,0,0,1.0,0.0,0.0,Tumor,1.0,True,,positive,negative,negative,negative,Immune cells,negative,baseline_immune_all_dropout,svtuner_immune_all_dropout,available_nonimmune_reference_assignment_retained,0.244467891472977,0.244467891472977,False,0.755532108527023,,1.0,Epithelial cells,1.0,0.0,1.0,Epithelial cells,1.0,ok,True,both,negative,0
CTGCGACCTCGCCGAA-1,1,71,73,11898,7692,25640.0,39660.0,16,16,0,0,1.0,0.0,0.0,Tumor,1.0,True,,positive,negative,negative,negative,Immune cells,negative,baseline_immune_all_dropout,svtuner_immune_all_dropout,available_nonimmune_reference_assignment_retained,0.4969641410973086,0.4969641410973086,False,0.5030358589026914,,1.0,Fibroblasts,1.0,0.0,1.0,Fibroblasts,1.0,ok,True,both,negative,0
CTGCGATTTCGAGATT-1,1,72,60,12051,6559,21863.3333333333,40170.0,25,24,0,1,0.96,0.0,0.04,Tumor,0.96,True,,positive,negative,negative,negative,Immune cells,negative,baseline_immune_all_dropout,svtuner_immune_all_dropout,available_nonimmune_reference_assignment_retained,0.3013720145859129,0.3013720145859129,False,0.6986279854140871,,1.0,Epithelial cells,0.6666666666666666,0.0,1.0,Epithelial cells,0.6666666666666666,ok,True,both,negative,0
CTGCTCTGACGGCAAA-1,1,75,65,12506,6995,23316.6666666667,41686.6666666667,20,0,12,8,0.0,0.6,0.4,Immune cells,0.6,True,,negative,positive,ambiguous,positive,Immune cells,positive,baseline_immune_all_dropout,svtuner_immune_all_dropout,reference_unrepresented_withheld_by_stage3b,0.7124321957355342,0.7124321957355342,True,0.2875678042644658,,0.0,__withheld_reference_unrepresented__,0.0,0.0,1.0,Endothelial cells,0.5,ok,True,both,positive,1
CTGCTGAGGCCACGAA-1,1,49,35,8563,4377,14590.0,28543.3333333333,25,25,0,0,1.0,0.0,0.0,Tumor,1.0,True,,positive,negative,negative,negative,Immune cells,negative,baseline_immune_all_dropout,svtuner_immune_all_dropout,available_nonimmune_reference_assignment_retained,0.3001968374643102,0.3001968374643102,False,0.6998031625356897,,1.0,Endothelial cells,0.5,0.0,1.0,Endothelial cells,0.5,ok,True,both,negative,0
CTGCTTGGCGATAGCT-1,1,53,75,9168,7865,26216.6666666667,30560.0,29,29,0,0,1.0,0.0,0.0,Tumor,1.0,True,,positive,negative,negative,negative,Immune cells,negative,baseline_immune_all_dropout,svtuner_immune_all_dropout,available_nonimmune_reference_assignment_retained,0.3856186327094423,0.3856186327094423,False,0.6143813672905577,,1.0,Endothelial cells,0.6,0.0,1.0,Endothelial cells,0.6,ok,True,both,negative,0
CTGGAAGACACGGTGG-1,1,50,88,8712,8998,29993.3333333333,29040.0,9,6,1,2,0.6666666666666666,0.1111111111111111,0.2222222222222222,Tumor,0.6666666666666666,True,,positive,negative,ambiguous,negative,Immune cells,negative,baseline_immune_all_dropout,svtuner_immune_all_dropout,available_nonimmune_reference_assignment_retained,0.3942303163359008,0.3942303163359008,False,0.6057696836640992,,1.0,PVL,1.0,0.0,1.0,PVL,1.0,ok,True,both,negative,0
CTGGATTTACACTTGA-1,1,49,55,8562,6121,20403.3333333333,28540.0,22,22,0,0,1.0,0.0,0.0,Tumor,1.0,True,,positive,negative,negative,negative,Immune cells,negative,baseline_immune_all_dropout,svtuner_immune_all_dropout,available_nonimmune_reference_assignment_retained,0.4594290307947358,0.4594290307947358,False,0.5405709692052643,,1.0,PVL,1.0,0.0,1.0,PVL,1.0,ok,True,both,negative,0
CTGGCGCACAGGTCTG-1,1,37,89,6740,9084,30280.0,22466.6666666667,21,21,0,0,1.0,0.0,0.0,Tumor,1.0,True,,positive,negative,negative,negative,Immune cells,negative,baseline_immune_all_dropout,svtuner_immune_all_dropout,available_nonimmune_reference_assignment_retained,0.2230267499159909,0.2230267499159909,False,0.7769732500840091,,1.0,Epithelial cells,1.0,0.0,1.0,Epithelial cells,1.0,ok,True,both,negative,0
CTGGCTGATTCATCCT-1,1,44,96,7801,9695,32316.6666666667,26003.3333333333,26,26,0,0,1.0,0.0,0.0,Tumor,1.0,True,,positive,negative,negative,negative,Immune cells,negative,baseline_immune_all_dropout,svtuner_immune_all_dropout,available_nonimmune_reference_assignment_retained,0.2874889732465887,0.2874889732465887,False,0.7125110267534114,,1.0,Epithelial cells,1.0,0.0,1.0,Epithelial cells,1.0,ok,True,both,negative,0
CTGGCTGGTTGTCAGT-1,1,54,56,9320,6208,20693.3333333333,31066.6666666667,12,3,2,7,0.25,0.1666666666666666,0.5833333333333334,Stroma,0.5833333333333334,True,,ambiguous,negative,ambiguous,negative,Immune cells,negative,baseline_immune_all_dropout,svtuner_immune_all_dropout,available_nonimmune_reference_assignment_retained,0.4829457741109437,0.4829457741109437,False,0.5170542258890563,,1.0,PVL,1.0,0.0,1.0,PVL,1.0,ok,True,both,negative,0
CTGGGATAAATAATGG-1,1,38,84,6892,8648,28826.6666666667,22973.3333333333,28,28,0,0,1.0,0.0,0.0,Tumor,1.0,True,,positive,negative,negative,negative,Immune cells,negative,baseline_immune_all_dropout,svtuner_immune_all_dropout,available_nonimmune_reference_assignment_retained,0.4306945554900755,0.4306945554900755,False,0.5693054445099245,,1.0,Endothelial cells,1.0,0.0,1.0,Endothelial cells,1.0,ok,True,both,negative,0
CTGGGATACGCTACCC-1,1,37,117,6738,11525,38416.6666666667,22460.0,27,27,0,0,1.0,0.0,0.0,Tumor,1.0,True,,positive,negative,negative,negative,Immune cells,negative,baseline_immune_all_dropout,svtuner_immune_all_dropout,available_nonimmune_reference_assignment_retained,0.6216985726461156,0.6216985726461156,False,0.3783014273538844,,1.0,Endothelial cells,1.0,0.0,1.0,Endothelial cells,1.0,ok,True,both,negative,0
CTGGGCCTGCTATATC-1,1,44,30,7805,3941,13136.6666666667,26016.6666666667,17,16,1,0,0.9411764705882352,0.0588235294117647,0.0,Tumor,0.9411764705882352,True,,positive,negative,negative,negative,Immune cells,negative,baseline_immune_all_dropout,svtuner_immune_all_dropout,available_nonimmune_reference_assignment_retained,0.2357809947143219,0.2357809947143219,False,0.7642190052856781,,1.0,PVL,1.0,0.0,1.0,PVL,1.0,ok,True,both,negative,0
CTGGGTAGGCAGTTAA-1,1,43,79,7651,8213,27376.6666666667,25503.3333333333,28,28,0,0,1.0,0.0,0.0,Tumor,1.0,True,,positive,negative,negative,negative,Immune cells,negative,baseline_immune_all_dropout,svtuner_immune_all_dropout,available_nonimmune_reference_assignment_retained,0.2878775666098015,0.2878775666098015,False,0.7121224333901985,,1.0,Endothelial cells,0.8333333333333334,0.0,1.0,Endothelial cells,0.8333333333333334,ok,True,both,negative,0
CTGGTAACACATAGAA-1,1,42,88,7498,8997,29990.0,24993.3333333333,24,24,0,0,1.0,0.0,0.0,Tumor,1.0,True,,positive,negative,negative,negative,Immune cells,negative,baseline_immune_all_dropout,svtuner_immune_all_dropout,available_nonimmune_reference_assignment_retained,0.2216212506856397,0.2216212506856397,False,0.7783787493143604,,1.0,Epithelial cells,1.0,0.0,1.0,Epithelial cells,1.0,ok,True,both,negative,0
CTGGTAACGAGCTCTT-1,1,29,97,5526,9781,32603.3333333333,18420.0,29,26,3,0,0.896551724137931,0.1034482758620689,0.0,Tumor,0.896551724137931,True,,positive,negative,negative,negative,Immune cells,negative,baseline_immune_all_dropout,svtuner_immune_all_dropout,available_nonimmune_reference_assignment_retained,0.3445249562203042,0.3445249562203042,False,0.6554750437796958,,1.0,Endothelial cells,1.0,0.0,1.0,Endothelial cells,1.0,ok,True,both,negative,0
CTGGTGAATGGGCCTA-1,1,65,19,10991,2984,9946.66666666667,36636.6666666667,20,0,19,1,0.0,0.95,0.05,Immune cells,0.95,True,,negative,positive,negative,positive,Immune cells,positive,baseline_immune_all_dropout,svtuner_immune_all_dropout,reference_unrepresented_withheld_by_stage3b,0.3765702531028674,0.3765702531028674,True,0.6234297468971326,,0.0,__withheld_reference_unrepresented__,0.0,0.0,1.0,PVL,1.0,ok,True,both,positive,1
CTGGTTCGCGAGCTAC-1,1,42,124,7496,12136,40453.3333333333,24986.6666666667,33,33,0,0,1.0,0.0,0.0,Tumor,1.0,True,,positive,negative,negative,negative,Immune cells,negative,baseline_immune_all_dropout,svtuner_immune_all_dropout,available_nonimmune_reference_assignment_retained,0.640261367615807,0.640261367615807,False,0.359738632384193,,1.0,Endothelial cells,1.0,0.0,1.0,Endothelial cells,1.0,ok,True,both,negative,0
CTGGTTTCGAGCAAGA-1,1,46,88,8105,8997,29990.0,27016.6666666667,28,26,2,0,0.9285714285714286,0.0714285714285714,0.0,Tumor,0.9285714285714286,True,,positive,negative,negative,negative,Immune cells,negative,baseline_immune_all_dropout,svtuner_immune_all_dropout,available_nonimmune_reference_assignment_retained,0.3556294464697601,0.3556294464697601,False,0.64437055353024,,1.0,PVL,0.8,0.0,1.0,PVL,0.8,ok,True,both,negative,0
CTGTAGTGAGGATCGA-1,1,69,43,11597,5076,16920.0,38656.6666666667,21,17,3,1,0.8095238095238095,0.1428571428571428,0.0476190476190476,Tumor,0.8095238095238095,True,,positive,negative,negative,negative,Immune cells,negative,baseline_immune_all_dropout,svtuner_immune_all_dropout,available_nonimmune_reference_assignment_retained,0.6199173467108543,0.6199173467108543,False,0.3800826532891457,,1.0,Fibroblasts,1.0,0.0,1.0,Fibroblasts,1.0,ok,True,both,negative,0
CTGTGCAGGGTAGGTC-1,1,42,70,7499,7428,24760.0,24996.6666666667,21,19,0,2,0.9047619047619048,0.0,0.0952380952380952,Tumor,0.9047619047619048,True,,positive,negative,negative,negative,Immune cells,negative,baseline_immune_all_dropout,svtuner_immune_all_dropout,available_nonimmune_reference_assignment_retained,0.3497595637516559,0.3497595637516559,False,0.650240436248344,,1.0,Endothelial cells,1.0,0.0,1.0,Endothelial cells,1.0,ok,True,both,negative,0
CTGTGGTCGGGAGATA-1,1,55,89,9470,9086,30286.6666666667,31566.6666666667,38,38,0,0,1.0,0.0,0.0,Tumor,1.0,True,,positive,negative,negative,negative,Immune cells,negative,baseline_immune_all_dropout,svtuner_immune_all_dropout,available_nonimmune_reference_assignment_retained,0.197270106336444,0.197270106336444,False,0.802729893663556,,1.0,Epithelial cells,1.0,0.0,1.0,Epithelial cells,1.0,ok,True,both,negative,0
CTGTTACCCAATCTAG-1,1,48,58,8410,6382,21273.3333333333,28033.3333333333,23,19,2,2,0.8260869565217391,0.0869565217391304,0.0869565217391304,Tumor,0.8260869565217391,True,,positive,negative,negative,negative,Immune cells,negative,baseline_immune_all_dropout,svtuner_immune_all_dropout,available_nonimmune_reference_assignment_retained,0.3852641323044435,0.3852641323044435,False,0.6147358676955565,,1.0,Epithelial cells,0.75,0.0,1.0,Epithelial cells,0.75,ok,True,both,negative,0
CTGTTGTTCAGTCGTA-1,1,67,21,11294,3158,10526.6666666667,37646.6666666667,18,3,13,2,0.1666666666666666,0.7222222222222222,0.1111111111111111,Immune cells,0.7222222222222222,True,,negative,positive,negative,positive,Immune cells,positive,baseline_immune_all_dropout,svtuner_immune_all_dropout,available_nonimmune_reference_assignment_retained,0.5753361366624882,0.5753361366624882,False,0.4246638633375118,,1.0,PVL,1.0,0.0,1.0,PVL,1.0,ok,True,both,positive,1
CTTAATCGACTTAGTA-1,1,76,64,12657,6908,23026.6666666667,42190.0,14,0,9,5,0.0,0.6428571428571429,0.3571428571428571,Immune cells,0.6428571428571429,True,,negative,positive,ambiguous,positive,Immune cells,positive,baseline_immune_all_dropout,svtuner_immune_all_dropout,available_nonimmune_reference_assignment_retained,0.5595674715315537,0.5595674715315537,False,0.4404325284684462,,1.0,Fibroblasts,1.0,0.0,1.0,Fibroblasts,1.0,ok,True,both,positive,1
CTTACACGGTATTCCA-1,1,31,45,5832,5247,17490.0,19440.0,17,2,15,0,0.1176470588235294,0.8823529411764706,0.0,Immune cells,0.8823529411764706,True,,negative,positive,negative,positive,Immune cells,positive,baseline_immune_all_dropout,svtuner_immune_all_dropout,available_nonimmune_reference_assignment_retained,0.5929628296437643,0.5929628296437643,False,0.4070371703562356,,1.0,Endothelial cells,1.0,0.0,1.0,Endothelial cells,1.0,ok,True,both,positive,1
CTTACATAGATTTCTT-1,1,74,82,12353,8477,28256.6666666667,41176.6666666667,30,0,28,2,0.0,0.9333333333333332,0.0666666666666666,Immune cells,0.9333333333333332,True,,negative,positive,negative,positive,Immune cells,positive,baseline_immune_all_dropout,svtuner_immune_all_dropout,available_nonimmune_reference_assignment_retained,0.5576633100721717,0.5576633100721717,False,0.4423366899278282,,1.0,PVL,1.0,0.0,1.0,PVL,1.0,ok,True,both,positive,1
CTTAGGTCCCAATCGT-1,1,23,127,4614,12395,41316.6666666667,15380.0,27,27,0,0,1.0,0.0,0.0,Tumor,1.0,True,,positive,negative,negative,negative,Immune cells,negative,baseline_immune_all_dropout,svtuner_immune_all_dropout,available_nonimmune_reference_assignment_retained,0.4523912122020918,0.4523912122020918,False,0.5476087877979082,,1.0,Epithelial cells,1.0,0.0,1.0,Epithelial cells,1.0,ok,True,both,negative,0
CTTAGTAGGCCTACAG-1,1,32,102,5981,10217,34056.6666666667,19936.6666666667,29,28,1,0,0.9655172413793104,0.0344827586206896,0.0,Tumor,0.9655172413793104,True,,positive,negative,negative,negative,Immune cells,negative,baseline_immune_all_dropout,svtuner_immune_all_dropout,available_nonimmune_reference_assignment_retained,0.3096887256746761,0.3096887256746761,False,0.6903112743253239,,1.0,Endothelial cells,0.6666666666666666,0.0,1.0,Endothelial cells,0.6666666666666666,ok,True,both,negative,0
CTTAGTGTAGTAGCAT-1,1,61,83,10381,8563,28543.3333333333,34603.3333333333,19,13,2,4,0.6842105263157895,0.1052631578947368,0.2105263157894736,Tumor,0.6842105263157895,True,,positive,negative,ambiguous,negative,Immune cells,negative,baseline_immune_all_dropout,svtuner_immune_all_dropout,available_nonimmune_reference_assignment_retained,0.4834553514191297,0.4834553514191297,False,0.5165446485808702,,1.0,Endothelial cells,1.0,0.0,1.0,Endothelial cells,1.0,ok,True,both,negative,0
CTTAGTTGAGGAATCG-1,1,67,33,11294,4204,14013.3333333333,37646.6666666667,21,18,2,1,0.8571428571428571,0.0952380952380952,0.0476190476190476,Tumor,0.8571428571428571,True,,positive,negative,negative,negative,Immune cells,negative,baseline_immune_all_dropout,svtuner_immune_all_dropout,available_nonimmune_reference_assignment_retained,0.4469482435661375,0.4469482435661375,False,0.5530517564338625,,1.0,Endothelial cells,0.5,0.0,1.0,Endothelial cells,0.5,ok,True,both,negative,0
CTTATAGATGGCTGTT-1,1,61,119,10379,11702,39006.6666666667,34596.6666666667,5,1,4,0,0.2,0.8,0.0,Immune cells,0.8,True,,negative,positive,negative,positive,Immune cells,positive,baseline_immune_all_dropout,svtuner_immune_all_dropout,reference_unrepresented_withheld_by_stage3b,0.6335235380451149,0.6335235380451149,True,0.3664764619548851,,0.0,__withheld_reference_unrepresented__,0.0,0.0,1.0,Fibroblasts,0.5,ok,True,both,positive,1
CTTCAACTCCACTTGG-1,1,59,77,10078,8040,26800.0,33593.3333333333,20,19,0,1,0.95,0.0,0.05,Tumor,0.95,True,,positive,negative,negative,negative,Immune cells,negative,baseline_immune_all_dropout,svtuner_immune_all_dropout,available_nonimmune_reference_assignment_retained,0.4764642207316197,0.4764642207316197,False,0.5235357792683804,,1.0,PVL,1.0,0.0,1.0,PVL,1.0,ok,True,both,negative,0
CTTCCGCTCCGTGAAG-1,1,56,50,9624,5685,18950.0,32080.0,23,23,0,0,1.0,0.0,0.0,Tumor,1.0,True,,positive,negative,negative,negative,Immune cells,negative,baseline_immune_all_dropout,svtuner_immune_all_dropout,available_nonimmune_reference_assignment_retained,0.3815303328508326,0.3815303328508326,False,0.6184696671491674,,1.0,Epithelial cells,1.0,0.0,1.0,Epithelial cells,1.0,ok,True,both,negative,0
CTTCGATTGCGCAAGC-1,1,68,88,11442,9000,30000.0,38140.0,19,11,0,8,0.5789473684210527,0.0,0.4210526315789473,Tumor,0.5789473684210527,True,,ambiguous,negative,ambiguous,negative,Immune cells,negative,baseline_immune_all_dropout,svtuner_immune_all_dropout,available_nonimmune_reference_assignment_retained,0.3998681747046525,0.3998681747046525,False,0.6001318252953475,,1.0,PVL,1.0,0.0,1.0,PVL,1.0,ok,True,both,negative,0
CTTCGGCCAATTGTTT-1,1,50,110,8711,10916,36386.6666666667,29036.6666666667,23,23,0,0,1.0,0.0,0.0,Tumor,1.0,True,,positive,negative,negative,negative,Immune cells,negative,baseline_immune_all_dropout,svtuner_immune_all_dropout,available_nonimmune_reference_assignment_retained,0.5738002036198663,0.5738002036198663,False,0.4261997963801337,,1.0,PVL,1.0,0.0,1.0,PVL,1.0,ok,True,both,negative,0
CTTCGTAGATAGGTGA-1,1,39,45,7046,5248,17493.3333333333,23486.6666666667,23,23,0,0,1.0,0.0,0.0,Tumor,1.0,True,,positive,negative,negative,negative,Immune cells,negative,baseline_immune_all_dropout,svtuner_immune_all_dropout,available_nonimmune_reference_assignment_retained,0.3574080459378857,0.3574080459378857,False,0.6425919540621143,,1.0,PVL,0.6,0.0,1.0,PVL,0.6,ok,True,both,negative,0
CTTCTGGGCGTACCTA-1,1,66,34,11142,4292,14306.6666666667,37140.0,11,4,1,6,0.3636363636363636,0.0909090909090909,0.5454545454545454,Stroma,0.5454545454545454,True,,ambiguous,negative,ambiguous,negative,Immune cells,negative,baseline_immune_all_dropout,svtuner_immune_all_dropout,available_nonimmune_reference_assignment_retained,0.3661761221337679,0.3661761221337679,False,0.6338238778662322,,1.0,Fibroblasts,1.0,0.0,1.0,Fibroblasts,1.0,ok,True,both,negative,0
CTTGAGTTAGGGTAAT-1,1,39,93,7043,9433,31443.3333333333,23476.6666666667,33,33,0,0,1.0,0.0,0.0,Tumor,1.0,True,,positive,negative,negative,negative,Immune cells,negative,baseline_immune_all_dropout,svtuner_immune_all_dropout,available_nonimmune_reference_assignment_retained,0.2428898625059711,0.2428898625059711,False,0.7571101374940289,,1.0,Epithelial cells,1.0,0.0,1.0,Epithelial cells,1.0,ok,True,both,negative,0
CTTGATGACCATCCAG-1,1,70,98,11745,9872,32906.6666666667,39150.0,25,21,4,0,0.84,0.16,0.0,Tumor,0.84,True,,positive,negative,negative,negative,Immune cells,negative,baseline_immune_all_dropout,svtuner_immune_all_dropout,available_nonimmune_reference_assignment_retained,0.5902957313239668,0.5902957313239668,False,0.4097042686760331,,1.0,Endothelial cells,1.0,0.0,1.0,Endothelial cells,1.0,ok,True,both,negative,0
CTTGCCCACCCACGCA-1,1,70,100,11745,10046,33486.6666666667,39150.0,35,35,0,0,1.0,0.0,0.0,Tumor,1.0,True,,positive,negative,negative,negative,Immune cells,negative,baseline_immune_all_dropout,svtuner_immune_all_dropout,available_nonimmune_reference_assignment_retained,0.4668006752884017,0.4668006752884017,False,0.5331993247115983,,1.0,Epithelial cells,1.0,0.0,1.0,Epithelial cells,1.0,ok,True,both,negative,0
CTTGCCCAGGCTCTAC-1,1,45,55,7955,6120,20400.0,26516.6666666667,29,26,0,3,0.896551724137931,0.0,0.1034482758620689,Tumor,0.896551724137931,True,,positive,negative,negative,negative,Immune cells,negative,baseline_immune_all_dropout,svtuner_immune_all_dropout,available_nonimmune_reference_assignment_retained,0.3573926157733987,0.3573926157733987,False,0.6426073842266014,,1.0,Endothelial cells,1.0,0.0,1.0,Endothelial cells,1.0,ok,True,both,negative,0
CTTGGCCAAGCTGGGA-1,1,61,57,10382,6296,20986.6666666667,34606.6666666667,26,25,1,0,0.9615384615384616,0.0384615384615384,0.0,Tumor,0.9615384615384616,True,,positive,negative,negative,negative,Immune cells,negative,baseline_immune_all_dropout,svtuner_immune_all_dropout,available_nonimmune_reference_assignment_retained,0.5676940080427538,0.5676940080427538,False,0.4323059919572461,,1.0,Endothelial cells,1.0,0.0,1.0,Endothelial cells,1.0,ok,True,both,negative,0
CTTGTCAACATTCGAG-1,1,50,66,8713,7080,23600.0,29043.3333333333,19,15,3,1,0.7894736842105263,0.1578947368421052,0.0526315789473684,Tumor,0.7894736842105263,True,,positive,negative,negative,negative,Immune cells,negative,baseline_immune_all_dropout,svtuner_immune_all_dropout,available_nonimmune_reference_assignment_retained,0.4891055436324439,0.4891055436324439,False,0.5108944563675561,,1.0,Epithelial cells,1.0,0.0,1.0,Epithelial cells,1.0,ok,True,both,negative,0
CTTGTTGCTGAGTCAA-1,1,38,80,6892,8299,27663.3333333333,22973.3333333333,26,24,2,0,0.9230769230769232,0.0769230769230769,0.0,Tumor,0.9230769230769232,True,,positive,negative,negative,negative,Immune cells,negative,baseline_immune_all_dropout,svtuner_immune_all_dropout,available_nonimmune_reference_assignment_retained,0.2707343754295621,0.2707343754295621,False,0.7292656245704379,,1.0,Fibroblasts,1.0,0.0,1.0,Fibroblasts,1.0,ok,True,both,negative,0
CTTTAATATTGGTCGA-1,1,51,73,8864,7690,25633.3333333333,29546.6666666667,24,21,1,2,0.875,0.0416666666666666,0.0833333333333333,Tumor,0.875,True,,positive,negative,negative,negative,Immune cells,negative,baseline_immune_all_dropout,svtuner_immune_all_dropout,available_nonimmune_reference_assignment_retained,0.3071681945182281,0.3071681945182281,False,0.6928318054817719,,1.0,Endothelial cells,1.0,0.0,1.0,Endothelial cells,1.0,ok,True,both,negative,0
CTTTACCGAATAGTAG-1,1,50,84,8712,8649,28830.0,29040.0,27,27,0,0,1.0,0.0,0.0,Tumor,1.0,True,,positive,negative,negative,negative,Immune cells,negative,baseline_immune_all_dropout,svtuner_immune_all_dropout,available_nonimmune_reference_assignment_retained,0.3031299238048681,0.3031299238048681,False,0.6968700761951319,,1.0,Endothelial cells,1.0,0.0,1.0,Endothelial cells,1.0,ok,True,both,negative,0
CTTTAGGAACACTGTT-1,1,41,87,7347,8910,29700.0,24490.0,29,29,0,0,1.0,0.0,0.0,Tumor,1.0,True,,positive,negative,negative,negative,Immune cells,negative,baseline_immune_all_dropout,svtuner_immune_all_dropout,available_nonimmune_reference_assignment_retained,0.3010310537300637,0.3010310537300637,False,0.6989689462699362,,1.0,Endothelial cells,1.0,0.0,1.0,Endothelial cells,1.0,ok,True,both,negative,0
CTTTAGTGCTATTATT-1,1,44,64,7803,6905,23016.6666666667,26010.0,24,24,0,0,1.0,0.0,0.0,Tumor,1.0,True,,positive,negative,negative,negative,Immune cells,negative,baseline_immune_all_dropout,svtuner_immune_all_dropout,available_nonimmune_reference_assignment_retained,0.345734298222961,0.345734298222961,False,0.654265701777039,,1.0,Epithelial cells,1.0,0.0,1.0,Epithelial cells,1.0,ok,True,both,negative,0
CTTTGCATCGCTCTTG-1,1,60,94,10229,9522,31740.0,34096.6666666667,28,28,0,0,1.0,0.0,0.0,Tumor,1.0,True,,positive,negative,negative,negative,Immune cells,negative,baseline_immune_all_dropout,svtuner_immune_all_dropout,available_nonimmune_reference_assignment_retained,0.3517164167740214,0.3517164167740214,False,0.6482835832259786,,1.0,Epithelial cells,1.0,0.0,1.0,Epithelial cells,1.0,ok,True,both,negative,0
CTTTGCTGTCATGGAT-1,1,48,122,8407,11962,39873.3333333333,28023.3333333333,24,24,0,0,1.0,0.0,0.0,Tumor,1.0,True,,positive,negative,negative,negative,Immune cells,negative,baseline_immune_all_dropout,svtuner_immune_all_dropout,available_nonimmune_reference_assignment_retained,0.3327364403727648,0.3327364403727648,False,0.6672635596272352,,1.0,Epithelial cells,1.0,0.0,1.0,Epithelial cells,1.0,ok,True,both,negative,0
CTTTGGCTTTAGTAAA-1,1,32,40,5984,4811,16036.6666666667,19946.6666666667,27,27,0,0,1.0,0.0,0.0,Tumor,1.0,True,,positive,negative,negative,negative,Immune cells,negative,baseline_immune_all_dropout,svtuner_immune_all_dropout,available_nonimmune_reference_assignment_retained,0.1100197735694386,0.1100197735694386,False,0.8899802264305614,,1.0,Epithelial cells,1.0,0.0,1.0,Epithelial cells,1.0,ok,True,both,negative,0
CTTTGGGATTGTTGCA-1,1,62,44,10535,5163,17210.0,35116.6666666667,22,22,0,0,1.0,0.0,0.0,Tumor,1.0,True,,positive,negative,negative,negative,Immune cells,negative,baseline_immune_all_dropout,svtuner_immune_all_dropout,available_nonimmune_reference_assignment_retained,0.3566215001670881,0.3566215001670881,False,0.643378499832912,,1.0,Endothelial cells,1.0,0.0,1.0,Endothelial cells,1.0,ok,True,both,negative,0
GAAACAGATGACCACC-1,1,40,92,7195,9346,31153.3333333333,23983.3333333333,20,20,0,0,1.0,0.0,0.0,Tumor,1.0,True,,positive,negative,negative,negative,Immune cells,negative,baseline_immune_all_dropout,svtuner_immune_all_dropout,available_nonimmune_reference_assignment_retained,0.4019822350409719,0.4019822350409719,False,0.5980177649590281,,1.0,Endothelial cells,1.0,0.0,1.0,Endothelial cells,1.0,ok,True,both,negative,0
GAAACCATGGTGCGCT-1,1,27,109,5222,10827,36090.0,17406.6666666667,34,28,6,0,0.8235294117647058,0.1764705882352941,0.0,Tumor,0.8235294117647058,True,,positive,negative,negative,negative,Immune cells,negative,baseline_immune_all_dropout,svtuner_immune_all_dropout,available_nonimmune_reference_assignment_retained,0.281076207441762,0.281076207441762,False,0.718923792558238,,1.0,Fibroblasts,1.0,0.0,1.0,Fibroblasts,1.0,ok,True,both,negative,0
GAAACCGAATTACCTT-1,1,45,51,7955,5772,19240.0,26516.6666666667,24,24,0,0,1.0,0.0,0.0,Tumor,1.0,True,,positive,negative,negative,negative,Immune cells,negative,baseline_immune_all_dropout,svtuner_immune_all_dropout,available_nonimmune_reference_assignment_retained,0.1904374267364441,0.1904374267364441,False,0.8095625732635559,,1.0,Fibroblasts,0.75,0.0,1.0,Fibroblasts,0.75,ok,True,both,negative,0
GAAACCTATACAAATG-1,1,60,52,10231,5860,19533.3333333333,34103.3333333333,29,29,0,0,1.0,0.0,0.0,Tumor,1.0,True,,positive,negative,negative,negative,Immune cells,negative,baseline_immune_all_dropout,svtuner_immune_all_dropout,available_nonimmune_reference_assignment_retained,0.4308341664235351,0.4308341664235351,False,0.5691658335764649,,1.0,Endothelial cells,1.0,0.0,1.0,Endothelial cells,1.0,ok,True,both,negative,0
GAAAGCAGTGCACTTT-1,1,56,54,9624,6034,20113.3333333333,32080.0,26,25,1,0,0.9615384615384616,0.0384615384615384,0.0,Tumor,0.9615384615384616,True,,positive,negative,negative,negative,Immune cells,negative,baseline_immune_all_dropout,svtuner_immune_all_dropout,available_nonimmune_reference_assignment_retained,0.40906517107724,0.40906517107724,False,0.5909348289227601,,1.0,Fibroblasts,1.0,0.0,1.0,Fibroblasts,1.0,ok,True,both,negative,0
GAAATTGTCTCTATAA-1,1,43,53,7652,5946,19820.0,25506.6666666667,22,22,0,0,1.0,0.0,0.0,Tumor,1.0,True,,positive,negative,negative,negative,Immune cells,negative,baseline_immune_all_dropout,svtuner_immune_all_dropout,available_nonimmune_reference_assignment_retained,0.2095225270703119,0.2095225270703119,False,0.7904774729296881,,1.0,PVL,1.0,0.0,1.0,PVL,1.0,ok,True,both,negative,0
GAACAGATTACTAAAT-1,1,57,71,9775,7516,25053.3333333333,32583.3333333333,20,16,4,0,0.8,0.2,0.0,Tumor,0.8,True,,positive,negative,negative,negative,Immune cells,negative,baseline_immune_all_dropout,svtuner_immune_all_dropout,available_nonimmune_reference_assignment_retained,0.312583886349413,0.312583886349413,False,0.687416113650587,,1.0,Endothelial cells,0.6666666666666666,0.0,1.0,Endothelial cells,0.6666666666666666,ok,True,both,negative,0
GAACCCTCTGTGTTCT-1,1,59,67,10078,7168,23893.3333333333,33593.3333333333,26,26,0,0,1.0,0.0,0.0,Tumor,1.0,True,,positive,negative,negative,negative,Immune cells,negative,baseline_immune_all_dropout,svtuner_immune_all_dropout,available_nonimmune_reference_assignment_retained,0.4940605663183517,0.4940605663183517,False,0.5059394336816483,,1.0,Endothelial cells,1.0,0.0,1.0,Endothelial cells,1.0,ok,True,both,negative,0
GAACCTTTAACGATCC-1,1,63,79,10684,8214,27380.0,35613.3333333333,24,24,0,0,1.0,0.0,0.0,Tumor,1.0,True,,positive,negative,negative,negative,Immune cells,negative,baseline_immune_all_dropout,svtuner_immune_all_dropout,available_nonimmune_reference_assignment_retained,0.2231841245457427,0.2231841245457427,False,0.7768158754542573,,1.0,PVL,1.0,0.0,1.0,PVL,1.0,ok,True,both,negative,0
GAACGATAAGTTAAAG-1,1,27,123,5221,12047,40156.6666666667,17403.3333333333,31,31,0,0,1.0,0.0,0.0,Tumor,1.0,True,,positive,negative,negative,negative,Immune cells,negative,baseline_immune_all_dropout,svtuner_immune_all_dropout,available_nonimmune_reference_assignment_retained,0.3863484484825873,0.3863484484825873,False,0.6136515515174127,,1.0,Epithelial cells,1.0,0.0,1.0,Epithelial cells,1.0,ok,True,both,negative,0
GAACGCGGGTCACACG-1,1,48,114,8407,11264,37546.6666666667,28023.3333333333,22,20,0,2,0.9090909090909092,0.0,0.0909090909090909,Tumor,0.9090909090909092,True,,positive,negative,negative,negative,Immune cells,negative,baseline_immune_all_dropout,svtuner_immune_all_dropout,available_nonimmune_reference_assignment_retained,0.2868278441683852,0.2868278441683852,False,0.7131721558316149,,1.0,Fibroblasts,1.0,0.0,1.0,Fibroblasts,1.0,ok,True,both,negative,0
GAACGTCTCATGGTCG-1,1,31,87,5830,8909,29696.6666666667,19433.3333333333,25,2,23,0,0.08,0.92,0.0,Immune cells,0.92,True,,negative,positive,negative,positive,Immune cells,positive,baseline_immune_all_dropout,svtuner_immune_all_dropout,reference_unrepresented_withheld_by_stage3b,0.4977266692281987,0.4977266692281987,True,0.5022733307718013,,0.0,__withheld_reference_unrepresented__,0.0,0.0,1.0,PVL,1.0,ok,True,both,positive,1
GAACTGTGGAGAGACA-1,1,68,66,11444,7082,23606.6666666667,38146.6666666667,6,2,0,4,0.3333333333333333,0.0,0.6666666666666666,Stroma,0.6666666666666666,True,,ambiguous,negative,positive,negative,Immune cells,negative,baseline_immune_all_dropout,svtuner_immune_all_dropout,available_nonimmune_reference_assignment_retained,0.5117429362187398,0.5117429362187398,False,0.4882570637812602,,1.0,Epithelial cells,0.6666666666666666,0.0,1.0,Epithelial cells,0.6666666666666666,ok,True,both,negative,0
GAAGAAACGATATTGT-1,1,59,29,10080,3855,12850.0,33600.0,27,27,0,0,1.0,0.0,0.0,Tumor,1.0,True,,positive,negative,negative,negative,Immune cells,negative,baseline_immune_all_dropout,svtuner_immune_all_dropout,available_nonimmune_reference_assignment_retained,0.2088230003054894,0.2088230003054894,False,0.7911769996945106,,1.0,Fibroblasts,1.0,0.0,1.0,Fibroblasts,1.0,ok,True,both,negative,0
GAAGCCACTGATTATG-1,1,65,69,10988,7343,24476.6666666667,36626.6666666667,17,16,1,0,0.9411764705882352,0.0588235294117647,0.0,Tumor,0.9411764705882352,True,,positive,negative,negative,negative,Immune cells,negative,baseline_immune_all_dropout,svtuner_immune_all_dropout,available_nonimmune_reference_assignment_retained,0.3032281581590755,0.3032281581590755,False,0.6967718418409246,,1.0,Epithelial cells,1.0,0.0,1.0,Epithelial cells,1.0,ok,True,both,negative,0
GAAGCCTGCACATTCC-1,1,61,61,10382,6645,22150.0,34606.6666666667,24,21,0,3,0.875,0.0,0.125,Tumor,0.875,True,,positive,negative,negative,negative,Immune cells,negative,baseline_immune_all_dropout,svtuner_immune_all_dropout,available_nonimmune_reference_assignment_retained,0.2963923684904266,0.2963923684904266,False,0.7036076315095734,,1.0,Fibroblasts,1.0,0.0,1.0,Fibroblasts,1.0,ok,True,both,negative,0
GAAGCGTGAGGAATTT-1,1,34,60,6286,6555,21850.0,20953.3333333333,22,18,1,3,0.8181818181818182,0.0454545454545454,0.1363636363636363,Tumor,0.8181818181818182,True,,positive,negative,negative,negative,Immune cells,negative,baseline_immune_all_dropout,svtuner_immune_all_dropout,reference_unrepresented_withheld_by_stage3b,0.374293520064466,0.374293520064466,True,0.6257064799355341,,0.0,__withheld_reference_unrepresented__,0.0,0.0,1.0,Fibroblasts,1.0,ok,True,both,negative,0
GAAGGAGTCGAGTGCG-1,1,66,60,11141,6558,21860.0,37136.6666666667,17,1,16,0,0.0588235294117647,0.9411764705882352,0.0,Immune cells,0.9411764705882352,True,,negative,positive,negative,positive,Immune cells,positive,baseline_immune_all_dropout,svtuner_immune_all_dropout,available_nonimmune_reference_assignment_retained,0.5455532793126859,0.5455532793126859,False,0.454446720687314,,1.0,Fibroblasts,1.0,0.0,1.0,Fibroblasts,1.0,ok,True,both,positive,1
GAAGGCTACCATTGTT-1,1,25,119,4918,11698,38993.3333333333,16393.3333333333,31,31,0,0,1.0,0.0,0.0,Tumor,1.0,True,,positive,negative,negative,negative,Immune cells,negative,baseline_immune_all_dropout,svtuner_immune_all_dropout,available_nonimmune_reference_assignment_retained,0.3510911882584578,0.3510911882584578,False,0.6489088117415422,,1.0,Endothelial cells,1.0,0.0,1.0,Endothelial cells,1.0,ok,True,both,negative,0
GAAGGGTCATTAAGAC-1,1,73,81,12201,8390,27966.6666666667,40670.0,16,5,10,1,0.3125,0.625,0.0625,Immune cells,0.625,True,,ambiguous,positive,negative,positive,Immune cells,positive,baseline_immune_all_dropout,svtuner_immune_all_dropout,available_nonimmune_reference_assignment_retained,0.4744594941311343,0.4744594941311343,False,0.5255405058688657,,1.0,Fibroblasts,1.0,0.0,1.0,Fibroblasts,1.0,ok,True,both,positive,1
GAAGTCTCCCTAGCGA-1,1,37,91,6740,9258,30860.0,22466.6666666667,22,18,3,1,0.8181818181818182,0.1363636363636363,0.0454545454545454,Tumor,0.8181818181818182,True,,positive,negative,negative,negative,Immune cells,negative,baseline_immune_all_dropout,svtuner_immune_all_dropout,available_nonimmune_reference_assignment_retained,0.3937849561473345,0.3937849561473345,False,0.6062150438526654,,1.0,Epithelial cells,0.5,0.0,1.0,Epithelial cells,0.5,ok,True,both,negative,0
GAAGTGATTTATCGTG-1,1,39,47,7045,5422,18073.3333333333,23483.3333333333,24,24,0,0,1.0,0.0,0.0,Tumor,1.0,True,,positive,negative,negative,negative,Immune cells,negative,baseline_immune_all_dropout,svtuner_immune_all_dropout,available_nonimmune_reference_assignment_retained,0.3020575850847138,0.3020575850847138,False,0.6979424149152862,,1.0,Fibroblasts,1.0,0.0,1.0,Fibroblasts,1.0,ok,True,both,negative,0
GAATAGACGCGACCCA-1,1,42,92,7498,9346,31153.3333333333,24993.3333333333,17,16,1,0,0.9411764705882352,0.0588235294117647,0.0,Tumor,0.9411764705882352,True,,positive,negative,negative,negative,Immune cells,negative,baseline_immune_all_dropout,svtuner_immune_all_dropout,available_nonimmune_reference_assignment_retained,0.2165659277875104,0.2165659277875104,False,0.7834340722124896,,1.0,Epithelial cells,0.5714285714285714,0.0,1.0,Epithelial cells,0.5714285714285714,ok,True,both,negative,0
GAATAGCATTTAGGGT-1,1,46,118,8103,11613,38710.0,27010.0,25,25,0,0,1.0,0.0,0.0,Tumor,1.0,True,,positive,negative,negative,negative,Immune cells,negative,baseline_immune_all_dropout,svtuner_immune_all_dropout,available_nonimmune_reference_assignment_retained,0.4422217053797385,0.4422217053797385,False,0.5577782946202615,,1.0,Endothelial cells,1.0,0.0,1.0,Endothelial cells,1.0,ok,True,both,negative,0
GAATAGTGCTCGATTA-1,1,60,36,10232,4465,14883.3333333333,34106.6666666667,19,11,0,8,0.5789473684210527,0.0,0.4210526315789473,Tumor,0.5789473684210527,True,,ambiguous,negative,ambiguous,negative,Immune cells,negative,baseline_immune_all_dropout,svtuner_immune_all_dropout,available_nonimmune_reference_assignment_retained,0.154043640845256,0.154043640845256,False,0.845956359154744,,1.0,PVL,0.8888888888888888,0.0,1.0,PVL,0.8888888888888888,ok,True,both,negative,0
GAATCTGAACATTCTC-1,1,42,64,7500,6905,23016.6666666667,25000.0,26,26,0,0,1.0,0.0,0.0,Tumor,1.0,True,,positive,negative,negative,negative,Immune cells,negative,baseline_immune_all_dropout,svtuner_immune_all_dropout,available_nonimmune_reference_assignment_retained,0.3120853436715163,0.3120853436715163,False,0.6879146563284837,,1.0,Epithelial cells,0.6666666666666666,0.0,1.0,Epithelial cells,0.6666666666666666,ok,True,both,negative,0
GAATGCGAATCGGTTC-1,1,63,69,10685,7343,24476.6666666667,35616.6666666667,25,25,0,0,1.0,0.0,0.0,Tumor,1.0,True,,positive,negative,negative,negative,Immune cells,negative,baseline_immune_all_dropout,svtuner_immune_all_dropout,available_nonimmune_reference_assignment_retained,0.4471586619734073,0.4471586619734073,False,0.5528413380265926,,1.0,Epithelial cells,1.0,0.0,1.0,Epithelial cells,1.0,ok,True,both,negative,0
GAATGTGGTCCGGATT-1,1,43,81,7650,8387,27956.6666666667,25500.0,25,19,0,6,0.76,0.0,0.24,Tumor,0.76,True,,positive,negative,ambiguous,negative,Immune cells,negative,baseline_immune_all_dropout,svtuner_immune_all_dropout,available_nonimmune_reference_assignment_retained,0.3570405777775434,0.3570405777775434,False,0.6429594222224566,,1.0,Endothelial cells,1.0,0.0,1.0,Endothelial cells,1.0,ok,True,both,negative,0
GAATTATAGTGAAAGG-1,1,34,68,6286,7253,24176.6666666667,20953.3333333333,20,20,0,0,1.0,0.0,0.0,Tumor,1.0,True,,positive,negative,negative,negative,Immune cells,negative,baseline_immune_all_dropout,svtuner_immune_all_dropout,available_nonimmune_reference_assignment_retained,0.194779865891742,0.194779865891742,False,0.805220134108258,,1.0,Fibroblasts,1.0,0.0,1.0,Fibroblasts,1.0,ok,True,both,negative,0
GAATTCACCCGGGTGT-1,1,47,55,8259,6121,20403.3333333333,27530.0,25,25,0,0,1.0,0.0,0.0,Tumor,1.0,True,,positive,negative,negative,negative,Immune cells,negative,baseline_immune_all_dropout,svtuner_immune_all_dropout,available_nonimmune_reference_assignment_retained,0.3469135027565051,0.3469135027565051,False,0.6530864972434949,,1.0,Epithelial cells,1.0,0.0,1.0,Epithelial cells,1.0,ok,True,both,negative,0
GACAAACATATGCAGG-1,1,44,100,7801,10043,33476.6666666667,26003.3333333333,17,17,0,0,1.0,0.0,0.0,Tumor,1.0,True,,positive,negative,negative,negative,Immune cells,negative,baseline_immune_all_dropout,svtuner_immune_all_dropout,available_nonimmune_reference_assignment_retained,0.2532445789243203,0.2532445789243203,False,0.7467554210756797,,1.0,Fibroblasts,0.8571428571428571,0.0,1.0,Fibroblasts,0.8571428571428571,ok,True,both,negative,0
GACAAGAGATGAGATT-1,1,56,116,9621,11440,38133.3333333333,32070.0,15,15,0,0,1.0,0.0,0.0,Tumor,1.0,True,,positive,negative,negative,negative,Immune cells,negative,baseline_immune_all_dropout,svtuner_immune_all_dropout,available_nonimmune_reference_assignment_retained,0.3081435898785873,0.3081435898785873,False,0.6918564101214126,,1.0,Epithelial cells,0.6666666666666666,0.0,1.0,Epithelial cells,0.6666666666666666,ok,True,both,negative,0
GACACTGAGTTCAGTG-1,1,44,46,7804,5336,17786.6666666667,26013.3333333333,25,23,0,2,0.92,0.0,0.08,Tumor,0.92,True,,positive,negative,negative,negative,Immune cells,negative,baseline_immune_all_dropout,svtuner_immune_all_dropout,reference_unrepresented_withheld_by_stage3b,0.596248004729117,0.596248004729117,True,0.403751995270883,,0.0,__withheld_reference_unrepresented__,0.0,0.0,1.0,Endothelial cells,1.0,ok,True,both,negative,0
GACACTGGAACCCGAT-1,1,52,110,9014,10916,36386.6666666667,30046.6666666667,17,9,3,5,0.5294117647058824,0.1764705882352941,0.2941176470588235,Tumor,0.5294117647058824,True,,ambiguous,negative,ambiguous,negative,Immune cells,negative,baseline_immune_all_dropout,svtuner_immune_all_dropout,available_nonimmune_reference_assignment_retained,0.516929524156031,0.516929524156031,False,0.483070475843969,,1.0,Endothelial cells,1.0,0.0,1.0,Endothelial cells,1.0,ok,True,both,negative,0
GACACTTCCAATTACC-1,1,70,96,11745,9697,32323.3333333333,39150.0,10,8,1,1,0.8,0.1,0.1,Tumor,0.8,True,,positive,negative,negative,negative,Immune cells,negative,baseline_immune_all_dropout,svtuner_immune_all_dropout,available_nonimmune_reference_assignment_retained,0.5884043280974406,0.5884043280974406,False,0.4115956719025594,,1.0,PVL,1.0,0.0,1.0,PVL,1.0,ok,True,both,negative,0
GACAGCCAGACCTGAC-1,1,42,86,7498,8823,29410.0,24993.3333333333,12,11,0,1,0.9166666666666666,0.0,0.0833333333333333,Tumor,0.9166666666666666,True,,positive,negative,negative,negative,Immune cells,negative,baseline_immune_all_dropout,svtuner_immune_all_dropout,available_nonimmune_reference_assignment_retained,0.3429344573096416,0.3429344573096416,False,0.6570655426903584,,1.0,Fibroblasts,0.6,0.0,1.0,Fibroblasts,0.6,ok,True,both,negative,0
GACATCGATTTATAAC-1,1,52,50,9017,5685,18950.0,30056.6666666667,33,32,1,0,0.9696969696969696,0.0303030303030303,0.0,Tumor,0.9696969696969696,True,,positive,negative,negative,negative,Immune cells,negative,baseline_immune_all_dropout,svtuner_immune_all_dropout,available_nonimmune_reference_assignment_retained,0.3843465187560683,0.3843465187560683,False,0.6156534812439317,,1.0,Fibroblasts,1.0,0.0,1.0,Fibroblasts,1.0,ok,True,both,negative,0
GACCAAACGTTGACTG-1,1,58,108,9924,10742,35806.6666666667,33080.0,27,27,0,0,1.0,0.0,0.0,Tumor,1.0,True,,positive,negative,negative,negative,Immune cells,negative,baseline_immune_all_dropout,svtuner_immune_all_dropout,available_nonimmune_reference_assignment_retained,0.2560568591183095,0.2560568591183095,False,0.7439431408816906,,1.0,Epithelial cells,0.8571428571428571,0.0,1.0,Epithelial cells,0.8571428571428571,ok,True,both,negative,0
GACCAGAGCCCTGTAG-1,1,31,47,5832,5422,18073.3333333333,19440.0,16,0,15,1,0.0,0.9375,0.0625,Immune cells,0.9375,True,,negative,positive,negative,positive,Immune cells,positive,baseline_immune_all_dropout,svtuner_immune_all_dropout,available_nonimmune_reference_assignment_retained,0.5992165209685236,0.5992165209685236,False,0.4007834790314764,,1.0,Fibroblasts,1.0,0.0,1.0,Fibroblasts,1.0,ok,True,both,positive,1
GACCGACGTGAAAGCA-1,1,38,112,6890,11089,36963.3333333333,22966.6666666667,16,16,0,0,1.0,0.0,0.0,Tumor,1.0,True,,positive,negative,negative,negative,Immune cells,negative,baseline_immune_all_dropout,svtuner_immune_all_dropout,available_nonimmune_reference_assignment_retained,0.362389614152436,0.362389614152436,False,0.637610385847564,,1.0,Epithelial cells,1.0,0.0,1.0,Epithelial cells,1.0,ok,True,both,negative,0
GACCGCGTCTGACGTG-1,1,50,112,8711,11090,36966.6666666667,29036.6666666667,27,27,0,0,1.0,0.0,0.0,Tumor,1.0,True,,positive,negative,negative,negative,Immune cells,negative,baseline_immune_all_dropout,svtuner_immune_all_dropout,available_nonimmune_reference_assignment_retained,0.3731748647804451,0.3731748647804451,False,0.6268251352195549,,1.0,Epithelial cells,1.0,0.0,1.0,Epithelial cells,1.0,ok,True,both,negative,0
GACCGTGCTGACGGTG-1,1,40,52,7197,5858,19526.6666666667,23990.0,21,0,20,1,0.0,0.9523809523809524,0.0476190476190476,Immune cells,0.9523809523809524,True,,negative,positive,negative,positive,Immune cells,positive,baseline_immune_all_dropout,svtuner_immune_all_dropout,reference_unrepresented_withheld_by_stage3b,0.5649088290591461,0.5649088290591461,True,0.4350911709408539,,0.0,__withheld_reference_unrepresented__,0.0,0.0,1.0,PVL,1.0,ok,True,both,positive,1
GACCTTCCACGTCTAC-1,1,66,74,11140,7779,25930.0,37133.3333333333,28,28,0,0,1.0,0.0,0.0,Tumor,1.0,True,,positive,negative,negative,negative,Immune cells,negative,baseline_immune_all_dropout,svtuner_immune_all_dropout,available_nonimmune_reference_assignment_retained,0.3090921025746886,0.3090921025746886,False,0.6909078974253113,,1.0,Fibroblasts,1.0,0.0,1.0,Fibroblasts,1.0,ok,True,both,negative,0
GACGACGATCCGCGTT-1,1,52,70,9016,7429,24763.3333333333,30053.3333333333,29,28,1,0,0.9655172413793104,0.0344827586206896,0.0,Tumor,0.9655172413793104,True,,positive,negative,negative,negative,Immune cells,negative,baseline_immune_all_dropout,svtuner_immune_all_dropout,available_nonimmune_reference_assignment_retained,0.2772303418960708,0.2772303418960708,False,0.7227696581039291,,1.0,Epithelial cells,1.0,0.0,1.0,Epithelial cells,1.0,ok,True,both,negative,0
GACGCCGTAAAGGCTA-1,1,54,54,9321,6034,20113.3333333333,31070.0,28,28,0,0,1.0,0.0,0.0,Tumor,1.0,True,,positive,negative,negative,negative,Immune cells,negative,baseline_immune_all_dropout,svtuner_immune_all_dropout,available_nonimmune_reference_assignment_retained,0.530294927521249,0.530294927521249,False,0.469705072478751,,1.0,PVL,1.0,0.0,1.0,PVL,1.0,ok,True,both,negative,0
GACGCTTGCTTCTAAA-1,1,38,36,6894,4463,14876.6666666667,22980.0,24,24,0,0,1.0,0.0,0.0,Tumor,1.0,True,,positive,negative,negative,negative,Immune cells,negative,baseline_immune_all_dropout,svtuner_immune_all_dropout,available_nonimmune_reference_assignment_retained,0.1689879184374653,0.1689879184374653,False,0.8310120815625347,,1.0,Epithelial cells,1.0,0.0,1.0,Epithelial cells,1.0,ok,True,both,negative,0
GACGGGTTGGCCCGTA-1,1,61,51,10383,5773,19243.3333333333,34610.0,34,34,0,0,1.0,0.0,0.0,Tumor,1.0,True,,positive,negative,negative,negative,Immune cells,negative,baseline_immune_all_dropout,svtuner_immune_all_dropout,available_nonimmune_reference_assignment_retained,0.4182687695581326,0.4182687695581326,False,0.5817312304418674,,1.0,Endothelial cells,0.5,0.0,1.0,Endothelial cells,0.5,ok,True,both,negative,0
GACGGTCAATAGAAGC-1,1,30,100,5677,10042,33473.3333333333,18923.3333333333,30,27,3,0,0.9,0.1,0.0,Tumor,0.9,True,,positive,negative,negative,negative,Immune cells,negative,baseline_immune_all_dropout,svtuner_immune_all_dropout,available_nonimmune_reference_assignment_retained,0.5828906808749961,0.5828906808749961,False,0.4171093191250039,,1.0,Endothelial cells,0.5,0.0,1.0,Endothelial cells,0.5,ok,True,both,negative,0
GACGGTCCTAGGGTGT-1,1,43,125,7648,12223,40743.3333333333,25493.3333333333,28,28,0,0,1.0,0.0,0.0,Tumor,1.0,True,,positive,negative,negative,negative,Immune cells,negative,baseline_immune_all_dropout,svtuner_immune_all_dropout,available_nonimmune_reference_assignment_retained,0.5288645051850903,0.5288645051850903,False,0.4711354948149097,,1.0,Endothelial cells,1.0,0.0,1.0,Endothelial cells,1.0,ok,True,both,negative,0
GACGTTCGTAAATACA-1,1,24,116,4766,11437,38123.3333333333,15886.6666666667,25,25,0,0,1.0,0.0,0.0,Tumor,1.0,True,,positive,negative,negative,negative,Immune cells,negative,baseline_immune_all_dropout,svtuner_immune_all_dropout,available_nonimmune_reference_assignment_retained,0.2591742645170093,0.2591742645170093,False,0.7408257354829907,,1.0,Fibroblasts,1.0,0.0,1.0,Fibroblasts,1.0,ok,True,both,negative,0
GACTAGGCCGTTAGGT-1,1,66,78,11140,8128,27093.3333333333,37133.3333333333,20,18,1,1,0.9,0.05,0.05,Tumor,0.9,True,,positive,negative,negative,negative,Immune cells,negative,baseline_immune_all_dropout,svtuner_immune_all_dropout,available_nonimmune_reference_assignment_retained,0.363641864645625,0.363641864645625,False,0.636358135354375,,1.0,PVL,0.6,0.0,1.0,PVL,0.6,ok,True,both,negative,0
GACTCACCCACGTGAG-1,1,38,106,6891,10566,35220.0,22970.0,29,29,0,0,1.0,0.0,0.0,Tumor,1.0,True,,positive,negative,negative,negative,Immune cells,negative,baseline_immune_all_dropout,svtuner_immune_all_dropout,available_nonimmune_reference_assignment_retained,0.455732385689681,0.455732385689681,False,0.544267614310319,,1.0,PVL,1.0,0.0,1.0,PVL,1.0,ok,True,both,negative,0
GACTGCAAATCGAGCT-1,1,59,75,10078,7865,26216.6666666667,33593.3333333333,26,26,0,0,1.0,0.0,0.0,Tumor,1.0,True,,positive,negative,negative,negative,Immune cells,negative,baseline_immune_all_dropout,svtuner_immune_all_dropout,available_nonimmune_reference_assignment_retained,0.3507220326508455,0.3507220326508455,False,0.6492779673491544,,1.0,PVL,0.6,0.0,1.0,PVL,0.6,ok,True,both,negative,0
GACTGCACCAGCCCAG-1,1,46,80,8106,8300,27666.6666666667,27020.0,20,20,0,0,1.0,0.0,0.0,Tumor,1.0,True,,positive,negative,negative,negative,Immune cells,negative,baseline_immune_all_dropout,svtuner_immune_all_dropout,available_nonimmune_reference_assignment_retained,0.3527281465865646,0.3527281465865646,False,0.6472718534134354,,1.0,PVL,1.0,0.0,1.0,PVL,1.0,ok,True,both,negative,0
GACTGCTGGTGAGAAA-1,1,67,39,11293,4728,15760.0,37643.3333333333,20,0,16,4,0.0,0.8,0.2,Immune cells,0.8,True,,negative,positive,negative,positive,Immune cells,positive,baseline_immune_all_dropout,svtuner_immune_all_dropout,available_nonimmune_reference_assignment_retained,0.5078402438254155,0.5078402438254155,False,0.4921597561745845,,1.0,PVL,1.0,0.0,1.0,PVL,1.0,ok,True,both,positive,1
GAGACTTCGCGACCGA-1,1,53,57,9169,6295,20983.3333333333,30563.3333333333,4,0,0,4,0.0,0.0,1.0,Stroma,1.0,True,,negative,negative,positive,negative,Immune cells,negative,baseline_immune_all_dropout,svtuner_immune_all_dropout,available_nonimmune_reference_assignment_retained,0.4590246696834778,0.4590246696834778,False,0.5409753303165221,,1.0,Fibroblasts,1.0,0.0,1.0,Fibroblasts,1.0,ok,True,both,negative,0
GAGAGGGCGCGAGGTT-1,1,38,40,6894,4812,16040.0,22980.0,22,22,0,0,1.0,0.0,0.0,Tumor,1.0,True,,positive,negative,negative,negative,Immune cells,negative,baseline_immune_all_dropout,svtuner_immune_all_dropout,available_nonimmune_reference_assignment_retained,0.3074482746257236,0.3074482746257236,False,0.6925517253742763,,1.0,Fibroblasts,0.6666666666666666,0.0,1.0,Fibroblasts,0.6666666666666666,ok,True,both,negative,0
GAGAGTCTCGGGAGAG-1,1,72,40,12052,4815,16050.0,40173.3333333333,31,27,3,1,0.8709677419354839,0.0967741935483871,0.032258064516129,Tumor,0.8709677419354839,True,,positive,negative,negative,negative,Immune cells,negative,baseline_immune_all_dropout,svtuner_immune_all_dropout,available_nonimmune_reference_assignment_retained,0.4602032292393199,0.4602032292393199,False,0.5397967707606801,,1.0,Endothelial cells,0.5,0.0,1.0,Endothelial cells,0.5,ok,True,both,negative,0
GAGATCTGCTTGGCAT-1,1,34,44,6287,5160,17200.0,20956.6666666667,26,26,0,0,1.0,0.0,0.0,Tumor,1.0,True,,positive,negative,negative,negative,Immune cells,negative,baseline_immune_all_dropout,svtuner_immune_all_dropout,available_nonimmune_reference_assignment_retained,0.1598147799429435,0.1598147799429435,False,0.8401852200570565,,1.0,Epithelial cells,1.0,0.0,1.0,Epithelial cells,1.0,ok,True,both,negative,0
GAGATCTTCCATGACA-1,1,45,77,7954,8038,26793.3333333333,26513.3333333333,20,20,0,0,1.0,0.0,0.0,Tumor,1.0,True,,positive,negative,negative,negative,Immune cells,negative,baseline_immune_all_dropout,svtuner_immune_all_dropout,available_nonimmune_reference_assignment_retained,0.3286600808122207,0.3286600808122207,False,0.6713399191877794,,1.0,Endothelial cells,1.0,0.0,1.0,Endothelial cells,1.0,ok,True,both,negative,0
GAGATGACAATCCTTA-1,1,27,121,5221,11873,39576.6666666667,17403.3333333333,26,26,0,0,1.0,0.0,0.0,Tumor,1.0,True,,positive,negative,negative,negative,Immune cells,negative,baseline_immune_all_dropout,svtuner_immune_all_dropout,available_nonimmune_reference_assignment_retained,0.3483857325359078,0.3483857325359078,False,0.6516142674640921,,1.0,Fibroblasts,0.6,0.0,1.0,Fibroblasts,0.6,ok,True,both,negative,0
GAGATGGCTTTAATCA-1,1,70,76,11746,7954,26513.3333333333,39153.3333333333,29,29,0,0,1.0,0.0,0.0,Tumor,1.0,True,,positive,negative,negative,negative,Immune cells,negative,baseline_immune_all_dropout,svtuner_immune_all_dropout,available_nonimmune_reference_assignment_retained,0.2376987591930542,0.2376987591930542,False,0.7623012408069458,,1.0,Epithelial cells,1.0,0.0,1.0,Epithelial cells,1.0,ok,True,both,negative,0
GAGATGGGAGTCGACA-1,1,52,72,9016,7603,25343.3333333333,30053.3333333333,24,4,17,3,0.1666666666666666,0.7083333333333334,0.125,Immune cells,0.7083333333333334,True,,negative,positive,negative,positive,Immune cells,positive,baseline_immune_all_dropout,svtuner_immune_all_dropout,available_nonimmune_reference_assignment_retained,0.5730943468174247,0.5730943468174247,False,0.4269056531825753,,1.0,Fibroblasts,0.5,0.0,1.0,Fibroblasts,0.5,ok,True,both,positive,1
GAGCACCTGTGTCCAG-1,1,58,80,9926,8301,27670.0,33086.6666666667,30,30,0,0,1.0,0.0,0.0,Tumor,1.0,True,,positive,negative,negative,negative,Immune cells,negative,baseline_immune_all_dropout,svtuner_immune_all_dropout,available_nonimmune_reference_assignment_retained,0.3261929897597238,0.3261929897597238,False,0.6738070102402762,,1.0,Endothelial cells,1.0,0.0,1.0,Endothelial cells,1.0,ok,True,both,negative,0
GAGCACGGCGCCTCTT-1,1,42,122,7496,11961,39870.0,24986.6666666667,29,29,0,0,1.0,0.0,0.0,Tumor,1.0,True,,positive,negative,negative,negative,Immune cells,negative,baseline_immune_all_dropout,svtuner_immune_all_dropout,available_nonimmune_reference_assignment_retained,0.6033703603193449,0.6033703603193449,False,0.3966296396806551,,1.0,Endothelial cells,1.0,0.0,1.0,Endothelial cells,1.0,ok,True,both,negative,0
GAGCCAGCTACCTGTG-1,1,53,89,9167,9085,30283.3333333333,30556.6666666667,16,16,0,0,1.0,0.0,0.0,Tumor,1.0,True,,positive,negative,negative,negative,Immune cells,negative,baseline_immune_all_dropout,svtuner_immune_all_dropout,available_nonimmune_reference_assignment_retained,0.3322476352638007,0.3322476352638007,False,0.6677523647361994,,1.0,PVL,0.6666666666666666,0.0,1.0,PVL,0.6666666666666666,ok,True,both,negative,0
GAGCGCAAATACTCCG-1,1,51,107,8863,10654,35513.3333333333,29543.3333333333,36,35,1,0,0.9722222222222222,0.0277777777777777,0.0,Tumor,0.9722222222222222,True,,positive,negative,negative,negative,Immune cells,negative,baseline_immune_all_dropout,svtuner_immune_all_dropout,available_nonimmune_reference_assignment_retained,0.414820299888028,0.414820299888028,False,0.5851797001119721,,1.0,Endothelial cells,1.0,0.0,1.0,Endothelial cells,1.0,ok,True,both,negative,0
GAGCGCGCACGAGTAG-1,1,49,93,8560,9434,31446.6666666667,28533.3333333333,21,17,2,2,0.8095238095238095,0.0952380952380952,0.0952380952380952,Tumor,0.8095238095238095,True,,positive,negative,negative,negative,Immune cells,negative,baseline_immune_all_dropout,svtuner_immune_all_dropout,available_nonimmune_reference_assignment_retained,0.3796147272646174,0.3796147272646174,False,0.6203852727353826,,1.0,Endothelial cells,0.8,0.0,1.0,Endothelial cells,0.8,ok,True,both,negative,0
GAGCGGAATGCGGTGT-1,1,68,48,11445,5512,18373.3333333333,38150.0,29,29,0,0,1.0,0.0,0.0,Tumor,1.0,True,,positive,negative,negative,negative,Immune cells,negative,baseline_immune_all_dropout,svtuner_immune_all_dropout,available_nonimmune_reference_assignment_retained,0.3082141933036141,0.3082141933036141,False,0.6917858066963859,,1.0,PVL,0.6666666666666666,0.0,1.0,PVL,0.6666666666666666,ok,True,both,negative,0
GAGCTCAACATGAGCG-1,1,73,69,12202,7344,24480.0,40673.3333333333,15,1,13,1,0.0666666666666666,0.8666666666666667,0.0666666666666666,Immune cells,0.8666666666666667,True,,negative,positive,negative,positive,Immune cells,positive,baseline_immune_all_dropout,svtuner_immune_all_dropout,reference_unrepresented_withheld_by_stage3b,0.5551923681304435,0.5551923681304435,True,0.4448076318695565,,0.0,__withheld_reference_unrepresented__,0.0,0.0,1.0,Fibroblasts,1.0,ok,True,both,positive,1
GAGGAATATCTCTTTG-1,1,71,45,11900,5251,17503.3333333333,39666.6666666667,17,1,16,0,0.0588235294117647,0.9411764705882352,0.0,Immune cells,0.9411764705882352,True,,negative,positive,negative,positive,Immune cells,positive,baseline_immune_all_dropout,svtuner_immune_all_dropout,available_nonimmune_reference_assignment_retained,0.3949320990617037,0.3949320990617037,False,0.6050679009382963,,1.0,PVL,1.0,0.0,1.0,PVL,1.0,ok,True,both,positive,1
GAGGATAAACAGTGCT-1,1,40,114,7194,11264,37546.6666666667,23980.0,29,29,0,0,1.0,0.0,0.0,Tumor,1.0,True,,positive,negative,negative,negative,Immune cells,negative,baseline_immune_all_dropout,svtuner_immune_all_dropout,available_nonimmune_reference_assignment_retained,0.4312783245965403,0.4312783245965403,False,0.5687216754034596,,1.0,Epithelial cells,1.0,0.0,1.0,Epithelial cells,1.0,ok,True,both,negative,0
GAGGCCTGTTGATACA-1,1,63,107,10683,10656,35520.0,35610.0,18,13,2,3,0.7222222222222222,0.1111111111111111,0.1666666666666666,Tumor,0.7222222222222222,True,,positive,negative,negative,negative,Immune cells,negative,baseline_immune_all_dropout,svtuner_immune_all_dropout,available_nonimmune_reference_assignment_retained,0.4177944308469961,0.4177944308469961,False,0.5822055691530039,,1.0,Endothelial cells,0.5,0.0,1.0,Endothelial cells,0.5,ok,True,both,negative,0
GAGGGCCATAATATTA-1,1,20,122,4159,11959,39863.3333333333,13863.3333333333,26,26,0,0,1.0,0.0,0.0,Tumor,1.0,True,,positive,negative,negative,negative,Immune cells,negative,baseline_immune_all_dropout,svtuner_immune_all_dropout,available_nonimmune_reference_assignment_retained,0.4520883376030854,0.4520883376030854,False,0.5479116623969146,,1.0,Fibroblasts,1.0,0.0,1.0,Fibroblasts,1.0,ok,True,both,negative,0
GAGGGTAGTAACAAAG-1,1,63,31,10687,4030,13433.3333333333,35623.3333333333,21,20,0,1,0.9523809523809524,0.0,0.0476190476190476,Tumor,0.9523809523809524,True,,positive,negative,negative,negative,Immune cells,negative,baseline_immune_all_dropout,svtuner_immune_all_dropout,available_nonimmune_reference_assignment_retained,0.2094154635552506,0.2094154635552506,False,0.7905845364447495,,1.0,Epithelial cells,1.0,0.0,1.0,Epithelial cells,1.0,ok,True,both,negative,0
GAGGTACGCGTGTCCC-1,1,67,67,11292,7169,23896.6666666667,37640.0,23,20,0,3,0.8695652173913043,0.0,0.1304347826086956,Tumor,0.8695652173913043,True,,positive,negative,negative,negative,Immune cells,negative,baseline_immune_all_dropout,svtuner_immune_all_dropout,available_nonimmune_reference_assignment_retained,0.3351827620074727,0.3351827620074727,False,0.6648172379925272,,1.0,PVL,1.0,0.0,1.0,PVL,1.0,ok,True,both,negative,0
GAGTAAACCGGAAAGT-1,1,51,117,8862,11526,38420.0,29540.0,22,22,0,0,1.0,0.0,0.0,Tumor,1.0,True,,positive,negative,negative,negative,Immune cells,negative,baseline_immune_all_dropout,svtuner_immune_all_dropout,available_nonimmune_reference_assignment_retained,0.3440801462298777,0.3440801462298777,False,0.6559198537701223,,1.0,Endothelial cells,1.0,0.0,1.0,Endothelial cells,1.0,ok,True,both,negative,0
GAGTAGATACTAGTTG-1,1,62,64,10534,6907,23023.3333333333,35113.3333333333,19,18,0,1,0.9473684210526316,0.0,0.0526315789473684,Tumor,0.9473684210526316,True,,positive,negative,negative,negative,Immune cells,negative,baseline_immune_all_dropout,svtuner_immune_all_dropout,available_nonimmune_reference_assignment_retained,0.4108081781514189,0.4108081781514189,False,0.5891918218485811,,1.0,PVL,1.0,0.0,1.0,PVL,1.0,ok,True,both,negative,0
GAGTATACCCTAATCA-1,1,70,30,11749,3943,13143.3333333333,39163.3333333333,4,0,3,1,0.0,0.75,0.25,Immune cells,0.75,True,,negative,positive,ambiguous,positive,Immune cells,positive,baseline_immune_all_dropout,svtuner_immune_all_dropout,available_nonimmune_reference_assignment_retained,0.3878501070374848,0.3878501070374848,False,0.6121498929625152,,1.0,PVL,1.0,0.0,1.0,PVL,1.0,ok,True,both,positive,1
GAGTATGCCCGCCTTG-1,1,49,43,8563,5075,16916.6666666667,28543.3333333333,20,16,1,3,0.8,0.05,0.15,Tumor,0.8,True,,positive,negative,negative,negative,Immune cells,negative,baseline_immune_all_dropout,svtuner_immune_all_dropout,available_nonimmune_reference_assignment_retained,0.3769165949955738,0.3769165949955738,False,0.6230834050044263,,1.0,Endothelial cells,1.0,0.0,1.0,Endothelial cells,1.0,ok,True,both,negative,0
GAGTATGCGCGTGCAT-1,1,63,71,10685,7517,25056.6666666667,35616.6666666667,24,23,1,0,0.9583333333333334,0.0416666666666666,0.0,Tumor,0.9583333333333334,True,,positive,negative,negative,negative,Immune cells,negative,baseline_immune_all_dropout,svtuner_immune_all_dropout,available_nonimmune_reference_assignment_retained,0.5319776878641087,0.5319776878641087,False,0.4680223121358913,,1.0,PVL,1.0,0.0,1.0,PVL,1.0,ok,True,both,negative,0
GAGTCAGACCAGAATC-1,1,56,48,9624,5511,18370.0,32080.0,18,17,0,1,0.9444444444444444,0.0,0.0555555555555555,Tumor,0.9444444444444444,True,,positive,negative,negative,negative,Immune cells,negative,baseline_immune_all_dropout,svtuner_immune_all_dropout,available_nonimmune_reference_assignment_retained,0.5216100545735947,0.5216100545735947,False,0.4783899454264053,,1.0,Fibroblasts,1.0,0.0,1.0,Fibroblasts,1.0,ok,True,both,negative,0
GAGTCCGCTTACCGGA-1,1,46,58,8107,6382,21273.3333333333,27023.3333333333,23,23,0,0,1.0,0.0,0.0,Tumor,1.0,True,,positive,negative,negative,negative,Immune cells,negative,baseline_immune_all_dropout,svtuner_immune_all_dropout,available_nonimmune_reference_assignment_retained,0.2702710775361206,0.2702710775361206,False,0.7297289224638794,,1.0,Epithelial cells,1.0,0.0,1.0,Epithelial cells,1.0,ok,True,both,negative,0
GAGTGCACGGACAACA-1,1,21,127,4311,12395,41316.6666666667,14370.0,32,32,0,0,1.0,0.0,0.0,Tumor,1.0,True,,positive,negative,negative,negative,Immune cells,negative,baseline_immune_all_dropout,svtuner_immune_all_dropout,available_nonimmune_reference_assignment_retained,0.277728293658245,0.277728293658245,False,0.722271706341755,,1.0,Endothelial cells,1.0,0.0,1.0,Endothelial cells,1.0,ok,True,both,negative,0
GAGTGTCAACCAGAAA-1,1,63,83,10684,8563,28543.3333333333,35613.3333333333,20,20,0,0,1.0,0.0,0.0,Tumor,1.0,True,,positive,negative,negative,negative,Immune cells,negative,baseline_immune_all_dropout,svtuner_immune_all_dropout,available_nonimmune_reference_assignment_retained,0.3758120591148576,0.3758120591148576,False,0.6241879408851424,,1.0,Epithelial cells,1.0,0.0,1.0,Epithelial cells,1.0,ok,True,both,negative,0
GAGTGTGCGGTACCCA-1,1,44,88,7802,8997,29990.0,26006.6666666667,32,32,0,0,1.0,0.0,0.0,Tumor,1.0,True,,positive,negative,negative,negative,Immune cells,negative,baseline_immune_all_dropout,svtuner_immune_all_dropout,available_nonimmune_reference_assignment_retained,0.3249819526492777,0.3249819526492777,False,0.6750180473507223,,1.0,Epithelial cells,1.0,0.0,1.0,Epithelial cells,1.0,ok,True,both,negative,0
GATAACTCGCACTGTG-1,1,39,89,7043,9084,30280.0,23476.6666666667,29,29,0,0,1.0,0.0,0.0,Tumor,1.0,True,,positive,negative,negative,negative,Immune cells,negative,baseline_immune_all_dropout,svtuner_immune_all_dropout,available_nonimmune_reference_assignment_retained,0.2729850727187454,0.2729850727187454,False,0.7270149272812546,,1.0,Epithelial cells,1.0,0.0,1.0,Epithelial cells,1.0,ok,True,both,negative,0
GATACGATGGGAGTCA-1,1,45,45,7956,5249,17496.6666666667,26520.0,23,23,0,0,1.0,0.0,0.0,Tumor,1.0,True,,positive,negative,negative,negative,Immune cells,negative,baseline_immune_all_dropout,svtuner_immune_all_dropout,available_nonimmune_reference_assignment_retained,0.3942598960004426,0.3942598960004426,False,0.6057401039995574,,1.0,Endothelial cells,1.0,0.0,1.0,Endothelial cells,1.0,ok,True,both,negative,0
GATAGGATTAATTACA-1,1,40,126,7193,12310,41033.3333333333,23976.6666666667,28,28,0,0,1.0,0.0,0.0,Tumor,1.0,True,,positive,negative,negative,negative,Immune cells,negative,baseline_immune_all_dropout,svtuner_immune_all_dropout,available_nonimmune_reference_assignment_retained,0.4349880538763641,0.4349880538763641,False,0.5650119461236359,,1.0,Fibroblasts,0.75,0.0,1.0,Fibroblasts,0.75,ok,True,both,negative,0
GATAGGTAACGTTGAC-1,1,48,60,8410,6557,21856.6666666667,28033.3333333333,20,17,1,2,0.85,0.05,0.1,Tumor,0.85,True,,positive,negative,negative,negative,Immune cells,negative,baseline_immune_all_dropout,svtuner_immune_all_dropout,available_nonimmune_reference_assignment_retained,0.3331595345100196,0.3331595345100196,False,0.6668404654899804,,1.0,Endothelial cells,1.0,0.0,1.0,Endothelial cells,1.0,ok,True,both,negative,0
GATAGGTGTCCCGGGC-1,1,39,123,7041,12048,40160.0,23470.0,28,28,0,0,1.0,0.0,0.0,Tumor,1.0,True,,positive,negative,negative,negative,Immune cells,negative,baseline_immune_all_dropout,svtuner_immune_all_dropout,available_nonimmune_reference_assignment_retained,0.3861001291662604,0.3861001291662604,False,0.6138998708337395,,1.0,Epithelial cells,1.0,0.0,1.0,Epithelial cells,1.0,ok,True,both,negative,0
GATAGTGCGAGTAAGT-1,1,68,44,11445,5164,17213.3333333333,38150.0,28,27,1,0,0.9642857142857144,0.0357142857142857,0.0,Tumor,0.9642857142857144,True,,positive,negative,negative,negative,Immune cells,negative,baseline_immune_all_dropout,svtuner_immune_all_dropout,available_nonimmune_reference_assignment_retained,0.3530762193680398,0.3530762193680398,False,0.6469237806319602,,1.0,Epithelial cells,0.6,0.0,1.0,Epithelial cells,0.6,ok,True,both,negative,0
GATATGAGACACTAAC-1,1,39,81,7044,8387,27956.6666666667,23480.0,30,29,0,1,0.9666666666666668,0.0,0.0333333333333333,Tumor,0.9666666666666668,True,,positive,negative,negative,negative,Immune cells,negative,baseline_immune_all_dropout,svtuner_immune_all_dropout,available_nonimmune_reference_assignment_retained,0.2903939438540024,0.2903939438540024,False,0.7096060561459976,,1.0,PVL,1.0,0.0,1.0,PVL,1.0,ok,True,both,negative,0
GATATTGAGATTGGCG-1,1,34,100,6284,10043,33476.6666666667,20946.6666666667,21,20,1,0,0.9523809523809524,0.0476190476190476,0.0,Tumor,0.9523809523809524,True,,positive,negative,negative,negative,Immune cells,negative,baseline_immune_all_dropout,svtuner_immune_all_dropout,available_nonimmune_reference_assignment_retained,0.326731758756274,0.326731758756274,False,0.673268241243726,,1.0,Endothelial cells,1.0,0.0,1.0,Endothelial cells,1.0,ok,True,both,negative,0
GATCAACATAAAGGGA-1,1,62,36,10535,4466,14886.6666666667,35116.6666666667,25,23,1,1,0.92,0.04,0.04,Tumor,0.92,True,,positive,negative,negative,negative,Immune cells,negative,baseline_immune_all_dropout,svtuner_immune_all_dropout,available_nonimmune_reference_assignment_retained,0.2143831303839987,0.2143831303839987,False,0.7856168696160013,,1.0,Fibroblasts,1.0,0.0,1.0,Fibroblasts,1.0,ok,True,both,negative,0
GATCATTCCAAACATT-1,1,30,56,5680,6206,20686.6666666667,18933.3333333333,5,0,0,5,0.0,0.0,1.0,Stroma,1.0,True,,negative,negative,positive,negative,Immune cells,negative,baseline_immune_all_dropout,svtuner_immune_all_dropout,reference_unrepresented_withheld_by_stage3b,0.7049979897146436,0.7049979897146436,True,0.2950020102853564,,0.0,__withheld_reference_unrepresented__,0.0,0.0,1.0,PVL,1.0,ok,True,both,negative,0
GATCCGAATATAAGTG-1,1,36,124,6586,12135,40450.0,21953.3333333333,27,27,0,0,1.0,0.0,0.0,Tumor,1.0,True,,positive,negative,negative,negative,Immune cells,negative,baseline_immune_all_dropout,svtuner_immune_all_dropout,available_nonimmune_reference_assignment_retained,0.3196110023814493,0.3196110023814493,False,0.6803889976185507,,1.0,PVL,0.6,0.0,1.0,PVL,0.6,ok,True,both,negative,0
GATCCGGGAATTAACA-1,1,39,73,7044,7689,25630.0,23480.0,20,20,0,0,1.0,0.0,0.0,Tumor,1.0,True,,positive,negative,negative,negative,Immune cells,negative,baseline_immune_all_dropout,svtuner_immune_all_dropout,available_nonimmune_reference_assignment_retained,0.2586287138173784,0.2586287138173784,False,0.7413712861826216,,1.0,PVL,0.7142857142857143,0.0,1.0,PVL,0.7142857142857143,ok,True,both,negative,0
GATCCTAAATCGGGAC-1,1,27,95,5222,9606,32020.0,17406.6666666667,6,0,4,2,0.0,0.6666666666666666,0.3333333333333333,Immune cells,0.6666666666666666,True,,negative,positive,ambiguous,positive,Immune cells,positive,baseline_immune_all_dropout,svtuner_immune_all_dropout,available_nonimmune_reference_assignment_retained,0.4392917106830744,0.4392917106830744,False,0.5607082893169256,,1.0,PVL,1.0,0.0,1.0,PVL,1.0,ok,True,both,positive,1
GATCCTCGACACTGGC-1,1,50,32,8715,4116,13720.0,29050.0,31,31,0,0,1.0,0.0,0.0,Tumor,1.0,True,,positive,negative,negative,negative,Immune cells,negative,baseline_immune_all_dropout,svtuner_immune_all_dropout,available_nonimmune_reference_assignment_retained,0.2640791338269359,0.2640791338269359,False,0.7359208661730641,,1.0,Fibroblasts,0.6666666666666666,0.0,1.0,Fibroblasts,0.6666666666666666,ok,True,both,negative,0
GATCGCTACCCGATTT-1,1,50,98,8711,9870,32900.0,29036.6666666667,26,26,0,0,1.0,0.0,0.0,Tumor,1.0,True,,positive,negative,negative,negative,Immune cells,negative,baseline_immune_all_dropout,svtuner_immune_all_dropout,available_nonimmune_reference_assignment_retained,0.3052610071674281,0.3052610071674281,False,0.6947389928325719,,1.0,PVL,1.0,0.0,1.0,PVL,1.0,ok,True,both,negative,0
GATCGTGACTGATATC-1,1,38,72,6892,7602,25340.0,22973.3333333333,34,32,2,0,0.9411764705882352,0.0588235294117647,0.0,Tumor,0.9411764705882352,True,,positive,negative,negative,negative,Immune cells,negative,baseline_immune_all_dropout,svtuner_immune_all_dropout,available_nonimmune_reference_assignment_retained,0.3210013178471317,0.3210013178471317,False,0.6789986821528683,,1.0,Endothelial cells,0.8333333333333334,0.0,1.0,Endothelial cells,0.8333333333333334,ok,True,both,negative,0
GATCTCGACGCTGTGG-1,1,50,118,8710,11613,38710.0,29033.3333333333,16,0,15,1,0.0,0.9375,0.0625,Immune cells,0.9375,True,,negative,positive,negative,positive,Immune cells,positive,baseline_immune_all_dropout,svtuner_immune_all_dropout,available_nonimmune_reference_assignment_retained,0.5175696960373084,0.5175696960373084,False,0.4824303039626916,,1.0,PVL,1.0,0.0,1.0,PVL,1.0,ok,True,both,positive,1
GATCTGCTATCTAAGG-1,1,62,56,10534,6209,20696.6666666667,35113.3333333333,25,24,0,1,0.96,0.0,0.04,Tumor,0.96,True,,positive,negative,negative,negative,Immune cells,negative,baseline_immune_all_dropout,svtuner_immune_all_dropout,available_nonimmune_reference_assignment_retained,0.2985793592346681,0.2985793592346681,False,0.7014206407653318,,1.0,Endothelial cells,1.0,0.0,1.0,Endothelial cells,1.0,ok,True,both,negative,0
GATCTTGGAGGGCATA-1,1,44,70,7803,7428,24760.0,26010.0,25,25,0,0,1.0,0.0,0.0,Tumor,1.0,True,,positive,negative,negative,negative,Immune cells,negative,baseline_immune_all_dropout,svtuner_immune_all_dropout,available_nonimmune_reference_assignment_retained,0.269286791395205,0.269286791395205,False,0.7307132086047949,,1.0,Epithelial cells,1.0,0.0,1.0,Epithelial cells,1.0,ok,True,both,negative,0
GATCTTTGCAGGGTAT-1,1,36,38,6591,4637,15456.6666666667,21970.0,21,21,0,0,1.0,0.0,0.0,Tumor,1.0,True,,positive,negative,negative,negative,Immune cells,negative,baseline_immune_all_dropout,svtuner_immune_all_dropout,available_nonimmune_reference_assignment_retained,0.2054580015086057,0.2054580015086057,False,0.7945419984913943,,1.0,Fibroblasts,0.7142857142857143,0.0,1.0,Fibroblasts,0.7142857142857143,ok,True,both,negative,0
GATGACAAGTAGGGCA-1,1,57,33,9777,4203,14010.0,32590.0,24,22,1,1,0.9166666666666666,0.0416666666666666,0.0416666666666666,Tumor,0.9166666666666666,True,,positive,negative,negative,negative,Immune cells,negative,baseline_immune_all_dropout,svtuner_immune_all_dropout,available_nonimmune_reference_assignment_retained,0.2954167322714504,0.2954167322714504,False,0.7045832677285496,,1.0,Endothelial cells,0.5,0.0,1.0,Endothelial cells,0.5,ok,True,both,negative,0
GATGAGGAACCTTCGG-1,1,67,81,11291,8389,27963.3333333333,37636.6666666667,13,11,0,2,0.8461538461538461,0.0,0.1538461538461538,Tumor,0.8461538461538461,True,,positive,negative,negative,negative,Immune cells,negative,baseline_immune_all_dropout,svtuner_immune_all_dropout,available_nonimmune_reference_assignment_retained,0.4318515790411701,0.4318515790411701,False,0.5681484209588299,,1.0,Fibroblasts,1.0,0.0,1.0,Fibroblasts,1.0,ok,True,both,negative,0
GATGCGTCCTGCATTC-1,1,37,57,6742,6294,20980.0,22473.3333333333,10,0,1,9,0.0,0.1,0.9,Stroma,0.9,True,,negative,negative,positive,negative,Immune cells,negative,baseline_immune_all_dropout,svtuner_immune_all_dropout,reference_unrepresented_withheld_by_stage3b,0.5259123868193646,0.5259123868193646,True,0.4740876131806354,,0.0,__withheld_reference_unrepresented__,0.0,0.0,1.0,Fibroblasts,1.0,ok,True,both,negative,0
GATGCTGTATTTCATC-1,1,43,75,7651,7864,26213.3333333333,25503.3333333333,19,15,2,2,0.7894736842105263,0.1052631578947368,0.1052631578947368,Tumor,0.7894736842105263,True,,positive,negative,negative,negative,Immune cells,negative,baseline_immune_all_dropout,svtuner_immune_all_dropout,available_nonimmune_reference_assignment_retained,0.4476653059060556,0.4476653059060556,False,0.5523346940939444,,1.0,PVL,1.0,0.0,1.0,PVL,1.0,ok,True,both,negative,0
GATTAACCGAAAGCCC-1,1,55,93,9470,9434,31446.6666666667,31566.6666666667,26,26,0,0,1.0,0.0,0.0,Tumor,1.0,True,,positive,negative,negative,negative,Immune cells,negative,baseline_immune_all_dropout,svtuner_immune_all_dropout,available_nonimmune_reference_assignment_retained,0.1932156653251998,0.1932156653251998,False,0.8067843346748003,,1.0,PVL,1.0,0.0,1.0,PVL,1.0,ok,True,both,negative,0
GATTACTGAATTTGGG-1,1,41,39,7349,4725,15750.0,24496.6666666667,27,27,0,0,1.0,0.0,0.0,Tumor,1.0,True,,positive,negative,negative,negative,Immune cells,negative,baseline_immune_all_dropout,svtuner_immune_all_dropout,available_nonimmune_reference_assignment_retained,0.2111241189075786,0.2111241189075786,False,0.7888758810924215,,1.0,Epithelial cells,1.0,0.0,1.0,Epithelial cells,1.0,ok,True,both,negative,0
GATTCGACGGTTCACG-1,1,41,71,7348,7515,25050.0,24493.3333333333,24,22,0,2,0.9166666666666666,0.0,0.0833333333333333,Tumor,0.9166666666666666,True,,positive,negative,negative,negative,Immune cells,negative,baseline_immune_all_dropout,svtuner_immune_all_dropout,available_nonimmune_reference_assignment_retained,0.5106034184265705,0.5106034184265705,False,0.4893965815734294,,1.0,PVL,1.0,0.0,1.0,PVL,1.0,ok,True,both,negative,0
GATTCTGTTAATGAGT-1,1,74,62,12354,6733,22443.3333333333,41180.0,33,33,0,0,1.0,0.0,0.0,Tumor,1.0,True,,positive,negative,negative,negative,Immune cells,negative,baseline_immune_all_dropout,svtuner_immune_all_dropout,available_nonimmune_reference_assignment_retained,0.3115620105093495,0.3115620105093495,False,0.6884379894906505,,1.0,Endothelial cells,1.0,0.0,1.0,Endothelial cells,1.0,ok,True,both,negative,0
GATTGCTCCAGTTGCA-1,1,63,27,10687,3681,12270.0,35623.3333333333,20,13,1,6,0.65,0.05,0.3,Tumor,0.65,True,,positive,negative,ambiguous,negative,Immune cells,negative,baseline_immune_all_dropout,svtuner_immune_all_dropout,available_nonimmune_reference_assignment_retained,0.2334556981499889,0.2334556981499889,False,0.7665443018500111,,1.0,Epithelial cells,0.625,0.0,1.0,Epithelial cells,0.625,ok,True,both,negative,0
GATTGGGAAAGGTTGT-1,1,66,80,11139,8302,27673.3333333333,37130.0,22,18,4,0,0.8181818181818182,0.1818181818181818,0.0,Tumor,0.8181818181818182,True,,positive,negative,negative,negative,Immune cells,negative,baseline_immune_all_dropout,svtuner_immune_all_dropout,available_nonimmune_reference_assignment_retained,0.433681552575359,0.433681552575359,False,0.566318447424641,,1.0,Fibroblasts,1.0,0.0,1.0,Fibroblasts,1.0,ok,True,both,negative,0
GATTTAGTGCGTACTG-1,1,15,127,3400,12395,41316.6666666667,11333.3333333333,38,38,0,0,1.0,0.0,0.0,Tumor,1.0,True,,positive,negative,negative,negative,Immune cells,negative,baseline_immune_all_dropout,svtuner_immune_all_dropout,available_nonimmune_reference_assignment_retained,0.4147648429828412,0.4147648429828412,False,0.5852351570171588,,1.0,Fibroblasts,1.0,0.0,1.0,Fibroblasts,1.0,ok,True,both,negative,0
GATTTGCGCTAACACC-1,1,75,51,12506,5774,19246.6666666667,41686.6666666667,7,0,5,2,0.0,0.7142857142857143,0.2857142857142857,Immune cells,0.7142857142857143,True,,negative,positive,ambiguous,positive,Immune cells,positive,baseline_immune_all_dropout,svtuner_immune_all_dropout,available_nonimmune_reference_assignment_retained,0.6246183565504027,0.6246183565504027,False,0.3753816434495973,,1.0,Fibroblasts,1.0,0.0,1.0,Fibroblasts,1.0,ok,True,both,positive,1
GCAAACCCTACATTAT-1,1,48,82,8409,8475,28250.0,28030.0,19,18,1,0,0.9473684210526316,0.0526315789473684,0.0,Tumor,0.9473684210526316,True,,positive,negative,negative,negative,Immune cells,negative,baseline_immune_all_dropout,svtuner_immune_all_dropout,available_nonimmune_reference_assignment_retained,0.3043875001673874,0.3043875001673874,False,0.6956124998326125,,1.0,PVL,0.8333333333333334,0.0,1.0,PVL,0.8333333333333334,ok,True,both,negative,0
GCAAACCTTGGCCATA-1,1,57,67,9775,7168,23893.3333333333,32583.3333333333,19,16,3,0,0.8421052631578947,0.1578947368421052,0.0,Tumor,0.8421052631578947,True,,positive,negative,negative,negative,Immune cells,negative,baseline_immune_all_dropout,svtuner_immune_all_dropout,available_nonimmune_reference_assignment_retained,0.3348635178387394,0.3348635178387394,False,0.6651364821612606,,1.0,PVL,0.8,0.0,1.0,PVL,0.8,ok,True,both,negative,0
GCAAACGTCGCCAGGT-1,1,47,117,8255,11526,38420.0,27516.6666666667,24,24,0,0,1.0,0.0,0.0,Tumor,1.0,True,,positive,negative,negative,negative,Immune cells,negative,baseline_immune_all_dropout,svtuner_immune_all_dropout,available_nonimmune_reference_assignment_retained,0.370136964473878,0.370136964473878,False,0.629863035526122,,1.0,Endothelial cells,0.8,0.0,1.0,Endothelial cells,0.8,ok,True,both,negative,0
GCAAATATTACGCTTT-1,1,35,41,6439,4899,16330.0,21463.3333333333,18,17,1,0,0.9444444444444444,0.0555555555555555,0.0,Tumor,0.9444444444444444,True,,positive,negative,negative,negative,Immune cells,negative,baseline_immune_all_dropout,svtuner_immune_all_dropout,available_nonimmune_reference_assignment_retained,0.2012106708366302,0.2012106708366302,False,0.7987893291633699,,1.0,Epithelial cells,0.875,0.0,1.0,Epithelial cells,0.875,ok,True,both,negative,0
GCAACAGCAGTATGCG-1,1,46,106,8104,10567,35223.3333333333,27013.3333333333,14,14,0,0,1.0,0.0,0.0,Tumor,1.0,True,,positive,negative,negative,negative,Immune cells,negative,baseline_immune_all_dropout,svtuner_immune_all_dropout,available_nonimmune_reference_assignment_retained,0.239343454015615,0.239343454015615,False,0.760656545984385,,1.0,Fibroblasts,1.0,0.0,1.0,Fibroblasts,1.0,ok,True,both,negative,0
GCAACGGCTAGTTATG-1,1,43,113,7649,11177,37256.6666666667,25496.6666666667,22,21,0,1,0.9545454545454546,0.0,0.0454545454545454,Tumor,0.9545454545454546,True,,positive,negative,negative,negative,Immune cells,negative,baseline_immune_all_dropout,svtuner_immune_all_dropout,available_nonimmune_reference_assignment_retained,0.6150519764256673,0.6150519764256673,False,0.3849480235743326,,1.0,Endothelial cells,1.0,0.0,1.0,Endothelial cells,1.0,ok,True,both,negative,0
GCAAGAATTCCTTGGC-1,1,44,36,7805,4464,14880.0,26016.6666666667,31,31,0,0,1.0,0.0,0.0,Tumor,1.0,True,,positive,negative,negative,negative,Immune cells,negative,baseline_immune_all_dropout,svtuner_immune_all_dropout,available_nonimmune_reference_assignment_retained,0.3150740415251866,0.3150740415251866,False,0.6849259584748134,,1.0,Epithelial cells,0.8,0.0,1.0,Epithelial cells,0.8,ok,True,both,negative,0
GCAAGTGTAAAGCATG-1,1,67,45,11293,5251,17503.3333333333,37643.3333333333,8,6,1,1,0.75,0.125,0.125,Tumor,0.75,True,,positive,negative,negative,negative,Immune cells,negative,baseline_immune_all_dropout,svtuner_immune_all_dropout,available_nonimmune_reference_assignment_retained,0.3495284386245504,0.3495284386245504,False,0.6504715613754496,,1.0,Endothelial cells,0.8,0.0,1.0,Endothelial cells,0.8,ok,True,both,negative,0
GCAATTAGTCGCACCG-1,1,31,123,5828,12047,40156.6666666667,19426.6666666667,22,22,0,0,1.0,0.0,0.0,Tumor,1.0,True,,positive,negative,negative,negative,Immune cells,negative,baseline_immune_all_dropout,svtuner_immune_all_dropout,available_nonimmune_reference_assignment_retained,0.4511308278319413,0.4511308278319413,False,0.5488691721680587,,1.0,PVL,1.0,0.0,1.0,PVL,1.0,ok,True,both,negative,0
GCACAAACGAGGCGTG-1,1,46,114,8104,11264,37546.6666666667,27013.3333333333,26,26,0,0,1.0,0.0,0.0,Tumor,1.0,True,,positive,negative,negative,negative,Immune cells,negative,baseline_immune_all_dropout,svtuner_immune_all_dropout,available_nonimmune_reference_assignment_retained,0.2932266615987576,0.2932266615987576,False,0.7067733384012425,,1.0,PVL,0.6666666666666666,0.0,1.0,PVL,0.6666666666666666,ok,True,both,negative,0
GCACACACTGGTAGCC-1,1,56,94,9622,9522,31740.0,32073.3333333333,21,21,0,0,1.0,0.0,0.0,Tumor,1.0,True,,positive,negative,negative,negative,Immune cells,negative,baseline_immune_all_dropout,svtuner_immune_all_dropout,available_nonimmune_reference_assignment_retained,0.1692920064198531,0.1692920064198531,False,0.8307079935801469,,1.0,Epithelial cells,1.0,0.0,1.0,Epithelial cells,1.0,ok,True,both,negative,0
GCACACAGCTATTACC-1,1,72,70,12050,7431,24770.0,40166.6666666667,6,0,1,5,0.0,0.1666666666666666,0.8333333333333334,Stroma,0.8333333333333334,True,,negative,negative,positive,negative,Immune cells,negative,baseline_immune_all_dropout,svtuner_immune_all_dropout,available_nonimmune_reference_assignment_retained,0.6042124643723936,0.6042124643723936,False,0.3957875356276064,,1.0,Endothelial cells,1.0,0.0,1.0,Endothelial cells,1.0,ok,True,both,negative,0
GCACAGCACGGGCCGA-1,1,72,42,12052,4990,16633.3333333333,40173.3333333333,28,22,3,3,0.7857142857142857,0.1071428571428571,0.1071428571428571,Tumor,0.7857142857142857,True,,positive,negative,negative,negative,Immune cells,negative,baseline_immune_all_dropout,svtuner_immune_all_dropout,available_nonimmune_reference_assignment_retained,0.3698630608815809,0.3698630608815809,False,0.6301369391184191,,1.0,Fibroblasts,1.0,0.0,1.0,Fibroblasts,1.0,ok,True,both,negative,0
GCACGCCGATTCCCGC-1,1,72,76,12050,7954,26513.3333333333,40166.6666666667,8,6,0,2,0.75,0.0,0.25,Tumor,0.75,True,,positive,negative,ambiguous,negative,Immune cells,negative,baseline_immune_all_dropout,svtuner_immune_all_dropout,available_nonimmune_reference_assignment_retained,0.4123732663496097,0.4123732663496097,False,0.5876267336503903,,1.0,PVL,1.0,0.0,1.0,PVL,1.0,ok,True,both,negative,0
GCACGCCTACTTAGAT-1,1,55,39,9473,4726,15753.3333333333,31576.6666666667,28,28,0,0,1.0,0.0,0.0,Tumor,1.0,True,,positive,negative,negative,negative,Immune cells,negative,baseline_immune_all_dropout,svtuner_immune_all_dropout,available_nonimmune_reference_assignment_retained,0.3705829469717739,0.3705829469717739,False,0.6294170530282261,,1.0,Epithelial cells,1.0,0.0,1.0,Epithelial cells,1.0,ok,True,both,negative,0
GCACGTGGTTTACTTA-1,1,64,106,10835,10568,35226.6666666667,36116.6666666667,27,27,0,0,1.0,0.0,0.0,Tumor,1.0,True,,positive,negative,negative,negative,Immune cells,negative,baseline_immune_all_dropout,svtuner_immune_all_dropout,available_nonimmune_reference_assignment_retained,0.4928340860881706,0.4928340860881706,False,0.5071659139118294,,1.0,Endothelial cells,1.0,0.0,1.0,Endothelial cells,1.0,ok,True,both,negative,0
GCACTGCCTACCTTTA-1,1,66,68,11140,7256,24186.6666666667,37133.3333333333,24,21,3,0,0.875,0.125,0.0,Tumor,0.875,True,,positive,negative,negative,negative,Immune cells,negative,baseline_immune_all_dropout,svtuner_immune_all_dropout,available_nonimmune_reference_assignment_retained,0.3291464562259807,0.3291464562259807,False,0.6708535437740193,,1.0,Endothelial cells,0.8333333333333334,0.0,1.0,Endothelial cells,0.8333333333333334,ok,True,both,negative,0
GCAGAAGGTAATCTCC-1,1,50,122,8710,11962,39873.3333333333,29033.3333333333,21,21,0,0,1.0,0.0,0.0,Tumor,1.0,True,,positive,negative,negative,negative,Immune cells,negative,baseline_immune_all_dropout,svtuner_immune_all_dropout,available_nonimmune_reference_assignment_retained,0.3872293885593824,0.3872293885593824,False,0.6127706114406176,,1.0,Endothelial cells,1.0,0.0,1.0,Endothelial cells,1.0,ok,True,both,negative,0
GCAGACCCAGCACGTA-1,1,39,103,7042,10305,34350.0,23473.3333333333,22,22,0,0,1.0,0.0,0.0,Tumor,1.0,True,,positive,negative,negative,negative,Immune cells,negative,baseline_immune_all_dropout,svtuner_immune_all_dropout,available_nonimmune_reference_assignment_retained,0.5135308844971099,0.5135308844971099,False,0.48646911550289,,1.0,Epithelial cells,1.0,0.0,1.0,Epithelial cells,1.0,ok,True,both,negative,0
GCAGATCCATAAGACT-1,1,51,85,8864,8736,29120.0,29546.6666666667,28,28,0,0,1.0,0.0,0.0,Tumor,1.0,True,,positive,negative,negative,negative,Immune cells,negative,baseline_immune_all_dropout,svtuner_immune_all_dropout,available_nonimmune_reference_assignment_retained,0.3644618517671757,0.3644618517671757,False,0.6355381482328243,,1.0,Fibroblasts,0.6,0.0,1.0,Fibroblasts,0.6,ok,True,both,negative,0
GCAGATTAGGGATATC-1,1,37,61,6741,6643,22143.3333333333,22470.0,32,32,0,0,1.0,0.0,0.0,Tumor,1.0,True,,positive,negative,negative,negative,Immune cells,negative,baseline_immune_all_dropout,svtuner_immune_all_dropout,available_nonimmune_reference_assignment_retained,0.1974890502973351,0.1974890502973351,False,0.8025109497026649,,1.0,PVL,0.625,0.0,1.0,PVL,0.625,ok,True,both,negative,0
GCAGCACACAGCCCAG-1,1,38,42,6894,4986,16620.0,22980.0,11,1,0,10,0.0909090909090909,0.0,0.9090909090909092,Stroma,0.9090909090909092,True,,negative,negative,positive,negative,Immune cells,negative,baseline_immune_all_dropout,svtuner_immune_all_dropout,available_nonimmune_reference_assignment_retained,0.318874334747118,0.318874334747118,False,0.681125665252882,,1.0,PVL,1.0,0.0,1.0,PVL,1.0,ok,True,both,negative,0
GCAGCCTATATCACAT-1,1,35,113,6435,11176,37253.3333333333,21450.0,21,21,0,0,1.0,0.0,0.0,Tumor,1.0,True,,positive,negative,negative,negative,Immune cells,negative,baseline_immune_all_dropout,svtuner_immune_all_dropout,available_nonimmune_reference_assignment_retained,0.3406774844878073,0.3406774844878073,False,0.6593225155121927,,1.0,Fibroblasts,1.0,0.0,1.0,Fibroblasts,1.0,ok,True,both,negative,0
GCAGGACTATAGAATA-1,1,35,37,6439,4550,15166.6666666667,21463.3333333333,16,6,1,9,0.375,0.0625,0.5625,Stroma,0.5625,True,,ambiguous,negative,ambiguous,negative,Immune cells,negative,baseline_immune_all_dropout,svtuner_immune_all_dropout,available_nonimmune_reference_assignment_retained,0.2282410994008596,0.2282410994008596,False,0.7717589005991404,,1.0,Endothelial cells,0.5714285714285714,0.0,1.0,Endothelial cells,0.5714285714285714,ok,True,both,negative,0
GCAGTGCGGGCGGATG-1,1,56,126,9620,12311,41036.6666666667,32066.6666666667,4,0,0,4,0.0,0.0,1.0,Stroma,1.0,True,,negative,negative,positive,negative,Immune cells,negative,baseline_immune_all_dropout,svtuner_immune_all_dropout,available_nonimmune_reference_assignment_retained,0.6137696677691461,0.6137696677691461,False,0.3862303322308539,,1.0,PVL,1.0,0.0,1.0,PVL,1.0,ok,True,both,negative,0
GCAGTGTGGCTATAGG-1,1,59,83,10077,8563,28543.3333333333,33590.0,23,23,0,0,1.0,0.0,0.0,Tumor,1.0,True,,positive,negative,negative,negative,Immune cells,negative,baseline_immune_all_dropout,svtuner_immune_all_dropout,available_nonimmune_reference_assignment_retained,0.3412160238292939,0.3412160238292939,False,0.6587839761707062,,1.0,Fibroblasts,1.0,0.0,1.0,Fibroblasts,1.0,ok,True,both,negative,0
GCAGTTCGATCCGAGC-1,1,56,118,9620,11614,38713.3333333333,32066.6666666667,11,0,2,9,0.0,0.1818181818181818,0.8181818181818182,Stroma,0.8181818181818182,True,,negative,negative,positive,negative,Immune cells,negative,baseline_immune_all_dropout,svtuner_immune_all_dropout,available_nonimmune_reference_assignment_retained,0.594194382907765,0.594194382907765,False,0.4058056170922349,,1.0,Endothelial cells,0.5,0.0,1.0,Endothelial cells,0.5,ok,True,both,negative,0
GCATAGAGCACTCAGG-1,1,37,59,6741,6468,21560.0,22470.0,28,27,0,1,0.9642857142857144,0.0,0.0357142857142857,Tumor,0.9642857142857144,True,,positive,negative,negative,negative,Immune cells,negative,baseline_immune_all_dropout,svtuner_immune_all_dropout,available_nonimmune_reference_assignment_retained,0.3132502323310582,0.3132502323310582,False,0.6867497676689418,,1.0,Endothelial cells,1.0,0.0,1.0,Endothelial cells,1.0,ok,True,both,negative,0
GCATGAGGGACGCGGC-1,1,30,90,5678,9170,30566.6666666667,18926.6666666667,28,27,1,0,0.9642857142857144,0.0357142857142857,0.0,Tumor,0.9642857142857144,True,,positive,negative,negative,negative,Immune cells,negative,baseline_immune_all_dropout,svtuner_immune_all_dropout,available_nonimmune_reference_assignment_retained,0.3065184486702126,0.3065184486702126,False,0.6934815513297874,,1.0,Endothelial cells,0.6666666666666666,0.0,1.0,Endothelial cells,0.6666666666666666,ok,True,both,negative,0
GCATGCTAATAACGAT-1,1,67,95,11290,9610,32033.3333333333,37633.3333333333,20,17,3,0,0.85,0.15,0.0,Tumor,0.85,True,,positive,negative,negative,negative,Immune cells,negative,baseline_immune_all_dropout,svtuner_immune_all_dropout,available_nonimmune_reference_assignment_retained,0.5076997037362744,0.5076997037362744,False,0.4923002962637256,,1.0,Fibroblasts,1.0,0.0,1.0,Fibroblasts,1.0,ok,True,both,negative,0
GCATTCAAGGCAACGC-1,1,28,108,5373,10739,35796.6666666667,17910.0,22,22,0,0,1.0,0.0,0.0,Tumor,1.0,True,,positive,negative,negative,negative,Immune cells,negative,baseline_immune_all_dropout,svtuner_immune_all_dropout,available_nonimmune_reference_assignment_retained,0.3663660332259393,0.3663660332259393,False,0.6336339667740607,,1.0,Endothelial cells,1.0,0.0,1.0,Endothelial cells,1.0,ok,True,both,negative,0
GCATTTCCAAGGCTCC-1,1,33,111,6132,11001,36670.0,20440.0,33,33,0,0,1.0,0.0,0.0,Tumor,1.0,True,,positive,negative,negative,negative,Immune cells,negative,baseline_immune_all_dropout,svtuner_immune_all_dropout,available_nonimmune_reference_assignment_retained,0.4189862555477731,0.4189862555477731,False,0.581013744452227,,1.0,Endothelial cells,1.0,0.0,1.0,Endothelial cells,1.0,ok,True,both,negative,0
GCCAACCATTTCCGGA-1,1,26,106,5070,10565,35216.6666666667,16900.0,29,29,0,0,1.0,0.0,0.0,Tumor,1.0,True,,positive,negative,negative,negative,Immune cells,negative,baseline_immune_all_dropout,svtuner_immune_all_dropout,available_nonimmune_reference_assignment_retained,0.2726673656458002,0.2726673656458002,False,0.7273326343541998,,1.0,Endothelial cells,1.0,0.0,1.0,Endothelial cells,1.0,ok,True,both,negative,0
GCCAATAGGGCATCTC-1,1,25,103,4919,10303,34343.3333333333,16396.6666666667,27,27,0,0,1.0,0.0,0.0,Tumor,1.0,True,,positive,negative,negative,negative,Immune cells,negative,baseline_immune_all_dropout,svtuner_immune_all_dropout,available_nonimmune_reference_assignment_retained,0.3054484307523249,0.3054484307523249,False,0.6945515692476751,,1.0,Endothelial cells,1.0,0.0,1.0,Endothelial cells,1.0,ok,True,both,negative,0
GCCACAATTTAAGGAC-1,1,45,39,7956,4725,15750.0,26520.0,23,23,0,0,1.0,0.0,0.0,Tumor,1.0,True,,positive,negative,negative,negative,Immune cells,negative,baseline_immune_all_dropout,svtuner_immune_all_dropout,available_nonimmune_reference_assignment_retained,0.2719052372072037,0.2719052372072037,False,0.7280947627927963,,1.0,Epithelial cells,0.8333333333333334,0.0,1.0,Epithelial cells,0.8333333333333334,ok,True,both,negative,0
GCCACTCAGAGCGCGA-1,1,59,95,10077,9609,32030.0,33590.0,19,19,0,0,1.0,0.0,0.0,Tumor,1.0,True,,positive,negative,negative,negative,Immune cells,negative,baseline_immune_all_dropout,svtuner_immune_all_dropout,available_nonimmune_reference_assignment_retained,0.2010215904023552,0.2010215904023552,False,0.7989784095976448,,1.0,Endothelial cells,1.0,0.0,1.0,Endothelial cells,1.0,ok,True,both,negative,0
GCCACTCCTTACGGTA-1,1,55,119,9469,11701,39003.3333333333,31563.3333333333,12,5,0,7,0.4166666666666667,0.0,0.5833333333333334,Stroma,0.5833333333333334,True,,ambiguous,negative,ambiguous,negative,Immune cells,negative,baseline_immune_all_dropout,svtuner_immune_all_dropout,reference_unrepresented_withheld_by_stage3b,0.639671082732618,0.639671082732618,True,0.360328917267382,,0.0,__withheld_reference_unrepresented__,0.0,0.0,1.0,Fibroblasts,1.0,ok,True,both,negative,0
GCCAGGAAAGAACACT-1,1,71,35,11900,4379,14596.6666666667,39666.6666666667,9,0,1,8,0.0,0.1111111111111111,0.8888888888888888,Stroma,0.8888888888888888,True,,negative,negative,positive,negative,Immune cells,negative,baseline_immune_all_dropout,svtuner_immune_all_dropout,available_nonimmune_reference_assignment_retained,0.6014817536619237,0.6014817536619237,False,0.3985182463380763,,1.0,PVL,1.0,0.0,1.0,PVL,1.0,ok,True,both,negative,0
GCCATCGAGCTGCGTG-1,1,53,47,9169,5424,18080.0,30563.3333333333,24,24,0,0,1.0,0.0,0.0,Tumor,1.0,True,,positive,negative,negative,negative,Immune cells,negative,baseline_immune_all_dropout,svtuner_immune_all_dropout,available_nonimmune_reference_assignment_retained,0.5512724544407882,0.5512724544407882,False,0.4487275455592118,,1.0,PVL,1.0,0.0,1.0,PVL,1.0,ok,True,both,negative,0
GCCATCGATGCTGCAT-1,1,32,110,5980,10914,36380.0,19933.3333333333,24,24,0,0,1.0,0.0,0.0,Tumor,1.0,True,,positive,negative,negative,negative,Immune cells,negative,baseline_immune_all_dropout,svtuner_immune_all_dropout,available_nonimmune_reference_assignment_retained,0.418819150655362,0.418819150655362,False,0.581180849344638,,1.0,Endothelial cells,1.0,0.0,1.0,Endothelial cells,1.0,ok,True,both,negative,0
GCCCAGATGCTGGAGA-1,1,37,121,6738,11874,39580.0,22460.0,26,26,0,0,1.0,0.0,0.0,Tumor,1.0,True,,positive,negative,negative,negative,Immune cells,negative,baseline_immune_all_dropout,svtuner_immune_all_dropout,available_nonimmune_reference_assignment_retained,0.4187395456448872,0.4187395456448872,False,0.5812604543551128,,1.0,Epithelial cells,0.75,0.0,1.0,Epithelial cells,0.75,ok,True,both,negative,0
GCCCGATCTGTGGTCG-1,1,53,63,9168,6819,22730.0,30560.0,25,18,2,5,0.72,0.08,0.2,Tumor,0.72,True,,positive,negative,negative,negative,Immune cells,negative,baseline_immune_all_dropout,svtuner_immune_all_dropout,available_nonimmune_reference_assignment_retained,0.4689829666788696,0.4689829666788696,False,0.5310170333211304,,1.0,Endothelial cells,1.0,0.0,1.0,Endothelial cells,1.0,ok,True,both,negative,0
GCCCGCGCGTAAACGG-1,1,49,41,8563,4900,16333.3333333333,28543.3333333333,28,5,23,0,0.1785714285714285,0.8214285714285714,0.0,Immune cells,0.8214285714285714,True,,negative,positive,negative,positive,Immune cells,positive,baseline_immune_all_dropout,svtuner_immune_all_dropout,reference_unrepresented_withheld_by_stage3b,0.4045675242071009,0.4045675242071009,True,0.595432475792899,,0.0,__withheld_reference_unrepresented__,0.0,0.0,1.0,PVL,1.0,ok,True,both,positive,1
GCCCTGAGGATGGGCT-1,1,68,74,11443,7779,25930.0,38143.3333333333,11,2,0,9,0.1818181818181818,0.0,0.8181818181818182,Stroma,0.8181818181818182,True,,negative,negative,positive,negative,Immune cells,negative,baseline_immune_all_dropout,svtuner_immune_all_dropout,available_nonimmune_reference_assignment_retained,0.6340227651203224,0.6340227651203224,False,0.3659772348796776,,1.0,Fibroblasts,1.0,0.0,1.0,Fibroblasts,1.0,ok,True,both,negative,0
GCCGAAATTCCTACGT-1,1,35,45,6439,5248,17493.3333333333,21463.3333333333,22,22,0,0,1.0,0.0,0.0,Tumor,1.0,True,,positive,negative,negative,negative,Immune cells,negative,baseline_immune_all_dropout,svtuner_immune_all_dropout,available_nonimmune_reference_assignment_retained,0.232343263495969,0.232343263495969,False,0.767656736504031,,1.0,Epithelial cells,0.5714285714285714,0.0,1.0,Epithelial cells,0.5714285714285714,ok,True,both,negative,0
GCCGACCCACGACTGC-1,1,62,30,10535,3942,13140.0,35116.6666666667,31,31,0,0,1.0,0.0,0.0,Tumor,1.0,True,,positive,negative,negative,negative,Immune cells,negative,baseline_immune_all_dropout,svtuner_immune_all_dropout,available_nonimmune_reference_assignment_retained,0.1697057671553618,0.1697057671553618,False,0.8302942328446382,,1.0,Epithelial cells,1.0,0.0,1.0,Epithelial cells,1.0,ok,True,both,negative,0
GCCGATTGGCCAAGCT-1,1,41,61,7348,6643,22143.3333333333,24493.3333333333,20,20,0,0,1.0,0.0,0.0,Tumor,1.0,True,,positive,negative,negative,negative,Immune cells,negative,baseline_immune_all_dropout,svtuner_immune_all_dropout,available_nonimmune_reference_assignment_retained,0.3108843372260716,0.3108843372260716,False,0.6891156627739283,,1.0,Fibroblasts,0.8333333333333334,0.0,1.0,Fibroblasts,0.8333333333333334,ok,True,both,negative,0
GCCGCACTCCGTTTCA-1,1,43,121,7648,11874,39580.0,25493.3333333333,6,4,0,2,0.6666666666666666,0.0,0.3333333333333333,Tumor,0.6666666666666666,True,,positive,negative,ambiguous,negative,Immune cells,negative,baseline_immune_all_dropout,svtuner_immune_all_dropout,available_nonimmune_reference_assignment_retained,0.3637499890252136,0.3637499890252136,False,0.6362500109747864,,1.0,Fibroblasts,1.0,0.0,1.0,Fibroblasts,1.0,ok,True,both,negative,0
GCCGCTTGTGAGAAAC-1,1,36,40,6591,4812,16040.0,21970.0,32,32,0,0,1.0,0.0,0.0,Tumor,1.0,True,,positive,negative,negative,negative,Immune cells,negative,baseline_immune_all_dropout,svtuner_immune_all_dropout,available_nonimmune_reference_assignment_retained,0.1658453787639904,0.1658453787639904,False,0.8341546212360096,,1.0,Epithelial cells,1.0,0.0,1.0,Epithelial cells,1.0,ok,True,both,negative,0
GCCGGGTTAGGGTCGC-1,1,41,59,7348,6469,21563.3333333333,24493.3333333333,31,31,0,0,1.0,0.0,0.0,Tumor,1.0,True,,positive,negative,negative,negative,Immune cells,negative,baseline_immune_all_dropout,svtuner_immune_all_dropout,available_nonimmune_reference_assignment_retained,0.3578515798887456,0.3578515798887456,False,0.6421484201112544,,1.0,Endothelial cells,0.6,0.0,1.0,Endothelial cells,0.6,ok,True,both,negative,0
GCCGTCGGTTTCGGGC-1,1,71,41,11900,4902,16340.0,39666.6666666667,23,12,1,10,0.5217391304347826,0.0434782608695652,0.4347826086956521,Tumor,0.5217391304347826,True,,ambiguous,negative,ambiguous,negative,Immune cells,negative,baseline_immune_all_dropout,svtuner_immune_all_dropout,available_nonimmune_reference_assignment_retained,0.3357531663665281,0.3357531663665281,False,0.6642468336334719,,1.0,Fibroblasts,1.0,0.0,1.0,Fibroblasts,1.0,ok,True,both,negative,0
GCCGTGGAAGAAATGT-1,1,39,115,7042,11351,37836.6666666667,23473.3333333333,28,28,0,0,1.0,0.0,0.0,Tumor,1.0,True,,positive,negative,negative,negative,Immune cells,negative,baseline_immune_all_dropout,svtuner_immune_all_dropout,available_nonimmune_reference_assignment_retained,0.4893321908235203,0.4893321908235203,False,0.5106678091764797,,1.0,Epithelial cells,1.0,0.0,1.0,Epithelial cells,1.0,ok,True,both,negative,0
GCCTACGTTCTGTGCA-1,1,68,82,11443,8476,28253.3333333333,38143.3333333333,19,16,0,3,0.8421052631578947,0.0,0.1578947368421052,Tumor,0.8421052631578947,True,,positive,negative,negative,negative,Immune cells,negative,baseline_immune_all_dropout,svtuner_immune_all_dropout,available_nonimmune_reference_assignment_retained,0.4949343884587683,0.4949343884587683,False,0.5050656115412318,,1.0,Endothelial cells,1.0,0.0,1.0,Endothelial cells,1.0,ok,True,both,negative,0
GCCTATAGTGTCAGGG-1,1,29,91,5526,9257,30856.6666666667,18420.0,16,15,0,1,0.9375,0.0,0.0625,Tumor,0.9375,True,,positive,negative,negative,negative,Immune cells,negative,baseline_immune_all_dropout,svtuner_immune_all_dropout,available_nonimmune_reference_assignment_retained,0.3018806703286251,0.3018806703286251,False,0.6981193296713749,,1.0,Endothelial cells,0.5,0.0,1.0,Endothelial cells,0.5,ok,True,both,negative,0
GCCTCATCTGGAAATA-1,1,41,95,7346,9607,32023.3333333333,24486.6666666667,24,24,0,0,1.0,0.0,0.0,Tumor,1.0,True,,positive,negative,negative,negative,Immune cells,negative,baseline_immune_all_dropout,svtuner_immune_all_dropout,available_nonimmune_reference_assignment_retained,0.3526786608654448,0.3526786608654448,False,0.6473213391345551,,1.0,Fibroblasts,0.8,0.0,1.0,Fibroblasts,0.8,ok,True,both,negative,0
GCCTCCGACAATTCAC-1,1,60,98,10228,9871,32903.3333333333,34093.3333333333,20,17,1,2,0.85,0.05,0.1,Tumor,0.85,True,,positive,negative,negative,negative,Immune cells,negative,baseline_immune_all_dropout,svtuner_immune_all_dropout,available_nonimmune_reference_assignment_retained,0.4035386803224571,0.4035386803224571,False,0.5964613196775429,,1.0,Endothelial cells,1.0,0.0,1.0,Endothelial cells,1.0,ok,True,both,negative,0
GCCTCTATACATAGCA-1,1,55,75,9471,7865,26216.6666666667,31570.0,27,27,0,0,1.0,0.0,0.0,Tumor,1.0,True,,positive,negative,negative,negative,Immune cells,negative,baseline_immune_all_dropout,svtuner_immune_all_dropout,available_nonimmune_reference_assignment_retained,0.240370608157309,0.240370608157309,False,0.759629391842691,,1.0,Epithelial cells,1.0,0.0,1.0,Epithelial cells,1.0,ok,True,both,negative,0
GCCTGTCCCGGTGCAT-1,1,73,63,12202,6820,22733.3333333333,40673.3333333333,24,22,1,1,0.9166666666666666,0.0416666666666666,0.0416666666666666,Tumor,0.9166666666666666,True,,positive,negative,negative,negative,Immune cells,negative,baseline_immune_all_dropout,svtuner_immune_all_dropout,available_nonimmune_reference_assignment_retained,0.3628267773777114,0.3628267773777114,False,0.6371732226222886,,1.0,Fibroblasts,1.0,0.0,1.0,Fibroblasts,1.0,ok,True,both,negative,0
GCGAAACGATCGGGAG-1,1,54,100,9318,10044,33480.0,31060.0,20,19,0,1,0.95,0.0,0.05,Tumor,0.95,True,,positive,negative,negative,negative,Immune cells,negative,baseline_immune_all_dropout,svtuner_immune_all_dropout,available_nonimmune_reference_assignment_retained,0.372996299667691,0.372996299667691,False,0.627003700332309,,1.0,Fibroblasts,0.6,0.0,1.0,Fibroblasts,0.6,ok,True,both,negative,0
GCGAAACTTAACTGGA-1,1,44,82,7802,8474,28246.6666666667,26006.6666666667,25,25,0,0,1.0,0.0,0.0,Tumor,1.0,True,,positive,negative,negative,negative,Immune cells,negative,baseline_immune_all_dropout,svtuner_immune_all_dropout,available_nonimmune_reference_assignment_retained,0.3623835648023812,0.3623835648023812,False,0.6376164351976188,,1.0,Endothelial cells,0.8,0.0,1.0,Endothelial cells,0.8,ok,True,both,negative,0
GCGAAGAATCTGACGG-1,1,66,84,11139,8651,28836.6666666667,37130.0,15,8,1,6,0.5333333333333333,0.0666666666666666,0.4,Tumor,0.5333333333333333,True,,ambiguous,negative,ambiguous,negative,Immune cells,negative,baseline_immune_all_dropout,svtuner_immune_all_dropout,available_nonimmune_reference_assignment_retained,0.4422109136963455,0.4422109136963455,False,0.5577890863036545,,1.0,Endothelial cells,1.0,0.0,1.0,Endothelial cells,1.0,ok,True,both,negative,0
GCGACATGTAAACATC-1,1,37,107,6739,10653,35510.0,22463.3333333333,25,25,0,0,1.0,0.0,0.0,Tumor,1.0,True,,positive,negative,negative,negative,Immune cells,negative,baseline_immune_all_dropout,svtuner_immune_all_dropout,available_nonimmune_reference_assignment_retained,0.276572586442928,0.276572586442928,False,0.723427413557072,,1.0,Fibroblasts,0.6666666666666666,0.0,1.0,Fibroblasts,0.6666666666666666,ok,True,both,negative,0
GCGACGATAGTTGTAC-1,1,48,54,8410,6033,20110.0,28033.3333333333,19,19,0,0,1.0,0.0,0.0,Tumor,1.0,True,,positive,negative,negative,negative,Immune cells,negative,baseline_immune_all_dropout,svtuner_immune_all_dropout,available_nonimmune_reference_assignment_retained,0.3279580446883419,0.3279580446883419,False,0.6720419553116581,,1.0,PVL,1.0,0.0,1.0,PVL,1.0,ok,True,both,negative,0
GCGAGAGGCCATGTAA-1,1,21,113,4311,11175,37250.0,14370.0,17,2,3,12,0.1176470588235294,0.1764705882352941,0.7058823529411765,Stroma,0.7058823529411765,True,,negative,negative,positive,negative,Immune cells,negative,baseline_immune_all_dropout,svtuner_immune_all_dropout,available_nonimmune_reference_assignment_retained,0.5574797233511423,0.5574797233511423,False,0.4425202766488577,,1.0,Fibroblasts,1.0,0.0,1.0,Fibroblasts,1.0,ok,True,both,negative,0
GCGAGCGCATGCTCCC-1,1,37,109,6739,10827,36090.0,22463.3333333333,25,25,0,0,1.0,0.0,0.0,Tumor,1.0,True,,positive,negative,negative,negative,Immune cells,negative,baseline_immune_all_dropout,svtuner_immune_all_dropout,available_nonimmune_reference_assignment_retained,0.2744732126222619,0.2744732126222619,False,0.7255267873777381,,1.0,Epithelial cells,0.8333333333333334,0.0,1.0,Epithelial cells,0.8333333333333334,ok,True,both,negative,0
GCGAGGCCCGAGCAGA-1,1,37,47,6742,5422,18073.3333333333,22473.3333333333,24,24,0,0,1.0,0.0,0.0,Tumor,1.0,True,,positive,negative,negative,negative,Immune cells,negative,baseline_immune_all_dropout,svtuner_immune_all_dropout,available_nonimmune_reference_assignment_retained,0.3873133442675185,0.3873133442675185,False,0.6126866557324815,,1.0,Endothelial cells,1.0,0.0,1.0,Endothelial cells,1.0,ok,True,both,negative,0
GCGAGTTCTGCAAAGA-1,1,35,63,6438,6817,22723.3333333333,21460.0,25,25,0,0,1.0,0.0,0.0,Tumor,1.0,True,,positive,negative,negative,negative,Immune cells,negative,baseline_immune_all_dropout,svtuner_immune_all_dropout,available_nonimmune_reference_assignment_retained,0.410979736439036,0.410979736439036,False,0.589020263560964,,1.0,Epithelial cells,0.75,0.0,1.0,Epithelial cells,0.75,ok,True,both,negative,0
GCGATTGTTAACGTTA-1,1,37,77,6740,8038,26793.3333333333,22466.6666666667,27,26,1,0,0.9629629629629628,0.037037037037037,0.0,Tumor,0.9629629629629628,True,,positive,negative,negative,negative,Immune cells,negative,baseline_immune_all_dropout,svtuner_immune_all_dropout,available_nonimmune_reference_assignment_retained,0.251191362934841,0.251191362934841,False,0.748808637065159,,1.0,Epithelial cells,1.0,0.0,1.0,Epithelial cells,1.0,ok,True,both,negative,0
GCGCAAATATATTCAA-1,1,58,28,9929,3768,12560.0,33096.6666666667,10,0,0,10,0.0,0.0,1.0,Stroma,1.0,True,,negative,negative,positive,negative,Immune cells,negative,baseline_immune_all_dropout,svtuner_immune_all_dropout,available_nonimmune_reference_assignment_retained,0.4189121227627622,0.4189121227627622,False,0.5810878772372379,,1.0,Fibroblasts,1.0,0.0,1.0,Fibroblasts,1.0,ok,True,both,negative,0
GCGCAAGAGCGCGCTG-1,1,40,100,7194,10043,33476.6666666667,23980.0,24,22,2,0,0.9166666666666666,0.0833333333333333,0.0,Tumor,0.9166666666666666,True,,positive,negative,negative,negative,Immune cells,negative,baseline_immune_all_dropout,svtuner_immune_all_dropout,available_nonimmune_reference_assignment_retained,0.5097962419606883,0.5097962419606883,False,0.4902037580393117,,1.0,Endothelial cells,1.0,0.0,1.0,Endothelial cells,1.0,ok,True,both,negative,0
GCGCATCCAGTCAGCA-1,1,29,95,5526,9606,32020.0,18420.0,34,29,5,0,0.8529411764705882,0.1470588235294117,0.0,Tumor,0.8529411764705882,True,,positive,negative,negative,negative,Immune cells,negative,baseline_immune_all_dropout,svtuner_immune_all_dropout,available_nonimmune_reference_assignment_retained,0.3252585381530742,0.3252585381530742,False,0.6747414618469258,,1.0,PVL,1.0,0.0,1.0,PVL,1.0,ok,True,both,negative,0
GCGCCGTTCCACGATA-1,1,41,65,7348,6992,23306.6666666667,24493.3333333333,31,31,0,0,1.0,0.0,0.0,Tumor,1.0,True,,positive,negative,negative,negative,Immune cells,negative,baseline_immune_all_dropout,svtuner_immune_all_dropout,available_nonimmune_reference_assignment_retained,0.5259030349288031,0.5259030349288031,False,0.4740969650711969,,1.0,Epithelial cells,1.0,0.0,1.0,Epithelial cells,1.0,ok,True,both,negative,0
GCGCCTCCCACTCCGA-1,1,48,110,8407,10916,36386.6666666667,28023.3333333333,17,3,12,2,0.1764705882352941,0.7058823529411765,0.1176470588235294,Immune cells,0.7058823529411765,True,,negative,positive,negative,positive,Immune cells,positive,baseline_immune_all_dropout,svtuner_immune_all_dropout,available_nonimmune_reference_assignment_retained,0.3302930173569955,0.3302930173569955,False,0.6697069826430044,,1.0,Fibroblasts,1.0,0.0,1.0,Fibroblasts,1.0,ok,True,both,positive,1
GCGCGTCATTGGTACA-1,1,57,83,9774,8563,28543.3333333333,32580.0,28,27,1,0,0.9642857142857144,0.0357142857142857,0.0,Tumor,0.9642857142857144,True,,positive,negative,negative,negative,Immune cells,negative,baseline_immune_all_dropout,svtuner_immune_all_dropout,available_nonimmune_reference_assignment_retained,0.3384499976155541,0.3384499976155541,False,0.6615500023844458,,1.0,Endothelial cells,0.8,0.0,1.0,Endothelial cells,0.8,ok,True,both,negative,0
GCGCTCGATCACCTGT-1,1,45,125,7951,12223,40743.3333333333,26503.3333333333,35,35,0,0,1.0,0.0,0.0,Tumor,1.0,True,,positive,negative,negative,negative,Immune cells,negative,baseline_immune_all_dropout,svtuner_immune_all_dropout,available_nonimmune_reference_assignment_retained,0.6326566603453199,0.6326566603453199,False,0.3673433396546801,,1.0,PVL,1.0,0.0,1.0,PVL,1.0,ok,True,both,negative,0
GCGCTTAAATAATTGG-1,1,57,89,9774,9086,30286.6666666667,32580.0,22,22,0,0,1.0,0.0,0.0,Tumor,1.0,True,,positive,negative,negative,negative,Immune cells,negative,baseline_immune_all_dropout,svtuner_immune_all_dropout,available_nonimmune_reference_assignment_retained,0.2683795624696017,0.2683795624696017,False,0.7316204375303983,,1.0,PVL,0.8571428571428571,0.0,1.0,PVL,0.8571428571428571,ok,True,both,negative,0
GCGGACCGCGTTGTGG-1,1,51,43,8866,5075,16916.6666666667,29553.3333333333,13,9,0,4,0.6923076923076923,0.0,0.3076923076923077,Tumor,0.6923076923076923,True,,positive,negative,ambiguous,negative,Immune cells,negative,baseline_immune_all_dropout,svtuner_immune_all_dropout,available_nonimmune_reference_assignment_retained,0.3678900303764384,0.3678900303764384,False,0.6321099696235616,,1.0,Fibroblasts,1.0,0.0,1.0,Fibroblasts,1.0,ok,True,both,negative,0
GCGGAGAAACTTCGCA-1,1,55,33,9473,4203,14010.0,31576.6666666667,13,13,0,0,1.0,0.0,0.0,Tumor,1.0,True,,positive,negative,negative,negative,Immune cells,negative,baseline_immune_all_dropout,svtuner_immune_all_dropout,available_nonimmune_reference_assignment_retained,0.3480473960928236,0.3480473960928236,False,0.6519526039071764,,1.0,Fibroblasts,1.0,0.0,1.0,Fibroblasts,1.0,ok,True,both,negative,0
GCGGAGAGGGAGAACG-1,1,46,78,8106,8126,27086.6666666667,27020.0,15,8,0,7,0.5333333333333333,0.0,0.4666666666666667,Tumor,0.5333333333333333,True,,ambiguous,negative,ambiguous,negative,Immune cells,negative,baseline_immune_all_dropout,svtuner_immune_all_dropout,available_nonimmune_reference_assignment_retained,0.386660146908616,0.386660146908616,False,0.6133398530913841,,1.0,Endothelial cells,1.0,0.0,1.0,Endothelial cells,1.0,ok,True,both,negative,0
GCGGCAAAGTATTGCC-1,1,59,27,10080,3681,12270.0,33600.0,10,0,0,10,0.0,0.0,1.0,Stroma,1.0,True,,negative,negative,positive,negative,Immune cells,negative,baseline_immune_all_dropout,svtuner_immune_all_dropout,available_nonimmune_reference_assignment_retained,0.5147899505462133,0.5147899505462133,False,0.4852100494537866,,1.0,Fibroblasts,1.0,0.0,1.0,Fibroblasts,1.0,ok,True,both,negative,0
GCGGCTCTGACGTACC-1,1,38,38,6894,4638,15460.0,22980.0,25,25,0,0,1.0,0.0,0.0,Tumor,1.0,True,,positive,negative,negative,negative,Immune cells,negative,baseline_immune_all_dropout,svtuner_immune_all_dropout,available_nonimmune_reference_assignment_retained,0.1859684083181095,0.1859684083181095,False,0.8140315916818905,,1.0,Epithelial cells,1.0,0.0,1.0,Epithelial cells,1.0,ok,True,both,negative,0
GCGGCTTTAGCAAGTT-1,1,70,78,11746,8128,27093.3333333333,39153.3333333333,19,9,2,8,0.4736842105263157,0.1052631578947368,0.4210526315789473,Tumor,0.4736842105263157,True,,ambiguous,negative,ambiguous,negative,Immune cells,negative,baseline_immune_all_dropout,svtuner_immune_all_dropout,available_nonimmune_reference_assignment_retained,0.2741081856417495,0.2741081856417495,False,0.7258918143582505,,1.0,PVL,1.0,0.0,1.0,PVL,1.0,ok,True,both,negative,0
GCGGGCAGACGGGTGA-1,1,75,69,12505,7344,24480.0,41683.3333333333,15,3,12,0,0.2,0.8,0.0,Immune cells,0.8,True,,negative,positive,negative,positive,Immune cells,positive,baseline_immune_all_dropout,svtuner_immune_all_dropout,available_nonimmune_reference_assignment_retained,0.5090206171672289,0.5090206171672289,False,0.4909793828327711,,1.0,Endothelial cells,1.0,0.0,1.0,Endothelial cells,1.0,ok,True,both,positive,1
GCGGGCATTACGATGC-1,1,31,119,5828,11699,38996.6666666667,19426.6666666667,24,24,0,0,1.0,0.0,0.0,Tumor,1.0,True,,positive,negative,negative,negative,Immune cells,negative,baseline_immune_all_dropout,svtuner_immune_all_dropout,available_nonimmune_reference_assignment_retained,0.4480461458383635,0.4480461458383635,False,0.5519538541616364,,1.0,PVL,1.0,0.0,1.0,PVL,1.0,ok,True,both,negative,0
GCGGTCCCGGTGAAGG-1,1,17,119,3704,11697,38990.0,12346.6666666667,17,15,0,2,0.8823529411764706,0.0,0.1176470588235294,Tumor,0.8823529411764706,True,,positive,negative,negative,negative,Immune cells,negative,baseline_immune_all_dropout,svtuner_immune_all_dropout,available_nonimmune_reference_assignment_retained,0.4798921986977215,0.4798921986977215,False,0.5201078013022785,,1.0,Fibroblasts,1.0,0.0,1.0,Fibroblasts,1.0,ok,True,both,negative,0
GCGGTCTTGCTTTCAC-1,1,72,82,12050,8477,28256.6666666667,40166.6666666667,17,8,1,8,0.4705882352941176,0.0588235294117647,0.4705882352941176,Tumor,0.4705882352941176,True,,ambiguous,negative,ambiguous,negative,Immune cells,negative,baseline_immune_all_dropout,svtuner_immune_all_dropout,available_nonimmune_reference_assignment_retained,0.3688703730634229,0.3688703730634229,False,0.6311296269365771,,1.0,Endothelial cells,1.0,0.0,1.0,Endothelial cells,1.0,ok,True,both,negative,0
GCGGTTCCCTATCATG-1,1,47,49,8259,5597,18656.6666666667,27530.0,28,28,0,0,1.0,0.0,0.0,Tumor,1.0,True,,positive,negative,negative,negative,Immune cells,negative,baseline_immune_all_dropout,svtuner_immune_all_dropout,available_nonimmune_reference_assignment_retained,0.4143667078582495,0.4143667078582495,False,0.5856332921417505,,1.0,Endothelial cells,1.0,0.0,1.0,Endothelial cells,1.0,ok,True,both,negative,0
GCGTAAATGGCCATAA-1,1,34,102,6284,10217,34056.6666666667,20946.6666666667,22,20,1,1,0.9090909090909092,0.0454545454545454,0.0454545454545454,Tumor,0.9090909090909092,True,,positive,negative,negative,negative,Immune cells,negative,baseline_immune_all_dropout,svtuner_immune_all_dropout,available_nonimmune_reference_assignment_retained,0.3135601295628872,0.3135601295628872,False,0.6864398704371129,,1.0,PVL,1.0,0.0,1.0,PVL,1.0,ok,True,both,negative,0
GCGTCCCTAAGACATA-1,1,64,42,10838,4989,16630.0,36126.6666666667,22,19,2,1,0.8636363636363636,0.0909090909090909,0.0454545454545454,Tumor,0.8636363636363636,True,,positive,negative,negative,negative,Immune cells,negative,baseline_immune_all_dropout,svtuner_immune_all_dropout,available_nonimmune_reference_assignment_retained,0.2479055341244178,0.2479055341244178,False,0.7520944658755822,,1.0,Fibroblasts,0.7142857142857143,0.0,1.0,Fibroblasts,0.7142857142857143,ok,True,both,negative,0
GCGTCGCCAGGGTGAT-1,1,54,62,9320,6731,22436.6666666667,31066.6666666667,23,18,1,4,0.782608695652174,0.0434782608695652,0.1739130434782608,Tumor,0.782608695652174,True,,positive,negative,negative,negative,Immune cells,negative,baseline_immune_all_dropout,svtuner_immune_all_dropout,available_nonimmune_reference_assignment_retained,0.5724806693163268,0.5724806693163268,False,0.4275193306836732,,1.0,PVL,1.0,0.0,1.0,PVL,1.0,ok,True,both,negative,0
GCGTCTAACCTCCTAA-1,1,32,126,5979,12309,41030.0,19930.0,26,26,0,0,1.0,0.0,0.0,Tumor,1.0,True,,positive,negative,negative,negative,Immune cells,negative,baseline_immune_all_dropout,svtuner_immune_all_dropout,available_nonimmune_reference_assignment_retained,0.4199297811802884,0.4199297811802884,False,0.5800702188197115,,1.0,Epithelial cells,1.0,0.0,1.0,Epithelial cells,1.0,ok,True,both,negative,0
GCGTCTCTGCATTGGG-1,1,39,41,7046,4899,16330.0,23486.6666666667,22,21,1,0,0.9545454545454546,0.0454545454545454,0.0,Tumor,0.9545454545454546,True,,positive,negative,negative,negative,Immune cells,negative,baseline_immune_all_dropout,svtuner_immune_all_dropout,available_nonimmune_reference_assignment_retained,0.3272192514094572,0.3272192514094572,False,0.6727807485905428,,1.0,Epithelial cells,1.0,0.0,1.0,Epithelial cells,1.0,ok,True,both,negative,0
GCTAACTGAAGTCTGA-1,1,58,88,9925,8999,29996.6666666667,33083.3333333333,21,18,2,1,0.8571428571428571,0.0952380952380952,0.0476190476190476,Tumor,0.8571428571428571,True,,positive,negative,negative,negative,Immune cells,negative,baseline_immune_all_dropout,svtuner_immune_all_dropout,available_nonimmune_reference_assignment_retained,0.276254455649552,0.276254455649552,False,0.723745544350448,,1.0,Fibroblasts,1.0,0.0,1.0,Fibroblasts,1.0,ok,True,both,negative,0
GCTAAGTAGTTTCTCT-1,1,34,80,6285,8299,27663.3333333333,20950.0,19,19,0,0,1.0,0.0,0.0,Tumor,1.0,True,,positive,negative,negative,negative,Immune cells,negative,baseline_immune_all_dropout,svtuner_immune_all_dropout,available_nonimmune_reference_assignment_retained,0.3654141337697514,0.3654141337697514,False,0.6345858662302486,,1.0,Endothelial cells,1.0,0.0,1.0,Endothelial cells,1.0,ok,True,both,negative,0
GCTACGACTTATTGGG-1,1,43,69,7651,7341,24470.0,25503.3333333333,29,29,0,0,1.0,0.0,0.0,Tumor,1.0,True,,positive,negative,negative,negative,Immune cells,negative,baseline_immune_all_dropout,svtuner_immune_all_dropout,available_nonimmune_reference_assignment_retained,0.3512904704788271,0.3512904704788271,False,0.6487095295211729,,1.0,Endothelial cells,1.0,0.0,1.0,Endothelial cells,1.0,ok,True,both,negative,0
GCTACTATAGTAGAGT-1,1,50,94,8712,9521,31736.6666666667,29040.0,29,29,0,0,1.0,0.0,0.0,Tumor,1.0,True,,positive,negative,negative,negative,Immune cells,negative,baseline_immune_all_dropout,svtuner_immune_all_dropout,available_nonimmune_reference_assignment_retained,0.1771010050460588,0.1771010050460588,False,0.8228989949539411,,1.0,Epithelial cells,1.0,0.0,1.0,Epithelial cells,1.0,ok,True,both,negative,0
GCTAGAGTAGAGATGT-1,1,56,96,9622,9696,32320.0,32073.3333333333,8,7,1,0,0.875,0.125,0.0,Tumor,0.875,True,,positive,negative,negative,negative,Immune cells,negative,baseline_immune_all_dropout,svtuner_immune_all_dropout,available_nonimmune_reference_assignment_retained,0.4926251840383241,0.4926251840383241,False,0.5073748159616759,,1.0,Fibroblasts,1.0,0.0,1.0,Fibroblasts,1.0,ok,True,both,negative,0
GCTAGCACCTGGGCCA-1,1,39,121,7041,11874,39580.0,23470.0,22,22,0,0,1.0,0.0,0.0,Tumor,1.0,True,,positive,negative,negative,negative,Immune cells,negative,baseline_immune_all_dropout,svtuner_immune_all_dropout,available_nonimmune_reference_assignment_retained,0.4299475796137079,0.4299475796137079,False,0.5700524203862921,,1.0,PVL,1.0,0.0,1.0,PVL,1.0,ok,True,both,negative,0
GCTAGCTTGAATAGCT-1,1,52,44,9018,5162,17206.6666666667,30060.0,20,20,0,0,1.0,0.0,0.0,Tumor,1.0,True,,positive,negative,negative,negative,Immune cells,negative,baseline_immune_all_dropout,svtuner_immune_all_dropout,available_nonimmune_reference_assignment_retained,0.4031161513779742,0.4031161513779742,False,0.5968838486220258,,1.0,Fibroblasts,1.0,0.0,1.0,Fibroblasts,1.0,ok,True,both,negative,0
GCTAGGCACCACGGAG-1,1,54,84,9319,8650,28833.3333333333,31063.3333333333,24,21,1,2,0.875,0.0416666666666666,0.0833333333333333,Tumor,0.875,True,,positive,negative,negative,negative,Immune cells,negative,baseline_immune_all_dropout,svtuner_immune_all_dropout,available_nonimmune_reference_assignment_retained,0.3187980165517956,0.3187980165517956,False,0.6812019834482044,,1.0,Fibroblasts,1.0,0.0,1.0,Fibroblasts,1.0,ok,True,both,negative,0
GCTAGTAGAGCTTGTA-1,1,39,65,7044,6992,23306.6666666667,23480.0,24,24,0,0,1.0,0.0,0.0,Tumor,1.0,True,,positive,negative,negative,negative,Immune cells,negative,baseline_immune_all_dropout,svtuner_immune_all_dropout,available_nonimmune_reference_assignment_retained,0.2494134866383542,0.2494134866383542,False,0.7505865133616458,,1.0,Fibroblasts,1.0,0.0,1.0,Fibroblasts,1.0,ok,True,both,negative,0
GCTATACGTCTCGGAC-1,1,52,88,9015,8998,29993.3333333333,30050.0,23,23,0,0,1.0,0.0,0.0,Tumor,1.0,True,,positive,negative,negative,negative,Immune cells,negative,baseline_immune_all_dropout,svtuner_immune_all_dropout,available_nonimmune_reference_assignment_retained,0.2392014922454247,0.2392014922454247,False,0.7607985077545754,,1.0,PVL,1.0,0.0,1.0,PVL,1.0,ok,True,both,negative,0
GCTATCATACTCATGG-1,1,54,78,9319,8126,27086.6666666667,31063.3333333333,17,15,0,2,0.8823529411764706,0.0,0.1176470588235294,Tumor,0.8823529411764706,True,,positive,negative,negative,negative,Immune cells,negative,baseline_immune_all_dropout,svtuner_immune_all_dropout,available_nonimmune_reference_assignment_retained,0.3566163108996804,0.3566163108996804,False,0.6433836891003196,,1.0,Fibroblasts,1.0,0.0,1.0,Fibroblasts,1.0,ok,True,both,negative,0
GCTCAATCCGTTTATT-1,1,53,35,9170,4377,14590.0,30566.6666666667,27,26,1,0,0.9629629629629628,0.037037037037037,0.0,Tumor,0.9629629629629628,True,,positive,negative,negative,negative,Immune cells,negative,baseline_immune_all_dropout,svtuner_immune_all_dropout,available_nonimmune_reference_assignment_retained,0.1991108841714778,0.1991108841714778,False,0.8008891158285222,,1.0,Epithelial cells,1.0,0.0,1.0,Epithelial cells,1.0,ok,True,both,negative,0
GCTCAATGTAATACCG-1,1,62,58,10534,6384,21280.0,35113.3333333333,26,7,18,1,0.2692307692307692,0.6923076923076923,0.0384615384615384,Immune cells,0.6923076923076923,True,,ambiguous,positive,negative,positive,Immune cells,positive,baseline_immune_all_dropout,svtuner_immune_all_dropout,available_nonimmune_reference_assignment_retained,0.4805190351347072,0.4805190351347072,False,0.5194809648652928,,1.0,Endothelial cells,1.0,0.0,1.0,Endothelial cells,1.0,ok,True,both,positive,1
GCTCCATGAGTGCAGA-1,1,57,125,9772,12224,40746.6666666667,32573.3333333333,11,0,9,2,0.0,0.8181818181818182,0.1818181818181818,Immune cells,0.8181818181818182,True,,negative,positive,negative,positive,Immune cells,positive,baseline_immune_all_dropout,svtuner_immune_all_dropout,available_nonimmune_reference_assignment_retained,0.6368017692594672,0.6368017692594672,False,0.3631982307405328,,1.0,Endothelial cells,1.0,0.0,1.0,Endothelial cells,1.0,ok,True,both,positive,1
GCTCCATGCAAAGCAA-1,1,69,55,11596,6123,20410.0,38653.3333333333,18,17,1,0,0.9444444444444444,0.0555555555555555,0.0,Tumor,0.9444444444444444,True,,positive,negative,negative,negative,Immune cells,negative,baseline_immune_all_dropout,svtuner_immune_all_dropout,available_nonimmune_reference_assignment_retained,0.2583076873737898,0.2583076873737898,False,0.7416923126262103,,1.0,Endothelial cells,0.8571428571428571,0.0,1.0,Endothelial cells,0.8571428571428571,ok,True,both,negative,0
GCTCCCAGTCGGTCCA-1,1,43,109,7649,10828,36093.3333333333,25496.6666666667,27,25,0,2,0.925925925925926,0.0,0.074074074074074,Tumor,0.925925925925926,True,,positive,negative,negative,negative,Immune cells,negative,baseline_immune_all_dropout,svtuner_immune_all_dropout,available_nonimmune_reference_assignment_retained,0.3266899449197536,0.3266899449197536,False,0.6733100550802464,,1.0,PVL,1.0,0.0,1.0,PVL,1.0,ok,True,both,negative,0
GCTCCGCTCGCTTCAG-1,1,42,112,7497,11089,36963.3333333333,24990.0,20,20,0,0,1.0,0.0,0.0,Tumor,1.0,True,,positive,negative,negative,negative,Immune cells,negative,baseline_immune_all_dropout,svtuner_immune_all_dropout,available_nonimmune_reference_assignment_retained,0.4294689199183605,0.4294689199183605,False,0.5705310800816394,,1.0,Endothelial cells,0.5,0.0,1.0,Endothelial cells,0.5,ok,True,both,negative,0
GCTCCTGACATACTGG-1,1,56,32,9625,4116,13720.0,32083.3333333333,30,30,0,0,1.0,0.0,0.0,Tumor,1.0,True,,positive,negative,negative,negative,Immune cells,negative,baseline_immune_all_dropout,svtuner_immune_all_dropout,available_nonimmune_reference_assignment_retained,0.3174894618221294,0.3174894618221294,False,0.6825105381778707,,1.0,Fibroblasts,1.0,0.0,1.0,Fibroblasts,1.0,ok,True,both,negative,0
GCTCGCTCATGTCCAA-1,1,41,99,7346,9956,33186.6666666667,24486.6666666667,28,28,0,0,1.0,0.0,0.0,Tumor,1.0,True,,positive,negative,negative,negative,Immune cells,negative,baseline_immune_all_dropout,svtuner_immune_all_dropout,available_nonimmune_reference_assignment_retained,0.3558620234031805,0.3558620234031805,False,0.6441379765968195,,1.0,PVL,0.8,0.0,1.0,PVL,0.8,ok,True,both,negative,0
GCTCTTTCCGCTAGTG-1,1,64,54,10838,6035,20116.6666666667,36126.6666666667,30,29,1,0,0.9666666666666668,0.0333333333333333,0.0,Tumor,0.9666666666666668,True,,positive,negative,negative,negative,Immune cells,negative,baseline_immune_all_dropout,svtuner_immune_all_dropout,available_nonimmune_reference_assignment_retained,0.6569385329651372,0.6569385329651372,False,0.3430614670348628,,1.0,PVL,1.0,0.0,1.0,PVL,1.0,ok,True,both,negative,0
GCTGAACTCTCCAGGG-1,1,40,120,7193,11787,39290.0,23976.6666666667,15,15,0,0,1.0,0.0,0.0,Tumor,1.0,True,,positive,negative,negative,negative,Immune cells,negative,baseline_immune_all_dropout,svtuner_immune_all_dropout,available_nonimmune_reference_assignment_retained,0.5621630684225343,0.5621630684225343,False,0.4378369315774657,,1.0,PVL,1.0,0.0,1.0,PVL,1.0,ok,True,both,negative,0
GCTGAGGCGTGAGTAT-1,1,40,64,7196,6905,23016.6666666667,23986.6666666667,24,23,0,1,0.9583333333333334,0.0,0.0416666666666666,Tumor,0.9583333333333334,True,,positive,negative,negative,negative,Immune cells,negative,baseline_immune_all_dropout,svtuner_immune_all_dropout,available_nonimmune_reference_assignment_retained,0.3816094145459825,0.3816094145459825,False,0.6183905854540175,,1.0,PVL,1.0,0.0,1.0,PVL,1.0,ok,True,both,negative,0
GCTGCACGGTTTCTTA-1,1,41,73,7347,7689,25630.0,24490.0,25,25,0,0,1.0,0.0,0.0,Tumor,1.0,True,,positive,negative,negative,negative,Immune cells,negative,baseline_immune_all_dropout,svtuner_immune_all_dropout,available_nonimmune_reference_assignment_retained,0.4395248213542294,0.4395248213542294,False,0.5604751786457707,,1.0,Endothelial cells,1.0,0.0,1.0,Endothelial cells,1.0,ok,True,both,negative,0
GCTGCTAAGTAGTCGA-1,1,56,56,9624,6209,20696.6666666667,32080.0,18,3,15,0,0.1666666666666666,0.8333333333333334,0.0,Immune cells,0.8333333333333334,True,,negative,positive,negative,positive,Immune cells,positive,baseline_immune_all_dropout,svtuner_immune_all_dropout,available_nonimmune_reference_assignment_retained,0.4833820128762339,0.4833820128762339,False,0.5166179871237662,,1.0,Fibroblasts,0.6666666666666666,0.0,1.0,Fibroblasts,0.6666666666666666,ok,True,both,positive,1
GCTGCTACTGCGTAGC-1,1,51,75,8864,7865,26216.6666666667,29546.6666666667,16,14,1,1,0.875,0.0625,0.0625,Tumor,0.875,True,,positive,negative,negative,negative,Immune cells,negative,baseline_immune_all_dropout,svtuner_immune_all_dropout,available_nonimmune_reference_assignment_retained,0.4633227426086574,0.4633227426086574,False,0.5366772573913425,,1.0,Endothelial cells,0.75,0.0,1.0,Endothelial cells,0.75,ok,True,both,negative,0
GCTGCTCTCCGGACAC-1,1,31,63,5831,6817,22723.3333333333,19436.6666666667,5,1,0,4,0.2,0.0,0.8,Stroma,0.8,True,,negative,negative,positive,negative,Immune cells,negative,baseline_immune_all_dropout,svtuner_immune_all_dropout,reference_unrepresented_withheld_by_stage3b,0.5401834197261781,0.5401834197261781,True,0.4598165802738219,,0.0,__withheld_reference_unrepresented__,0.0,0.0,1.0,Fibroblasts,1.0,ok,True,both,negative,0
GCTGGCGGCGCATGCT-1,1,54,64,9320,6906,23020.0,31066.6666666667,26,26,0,0,1.0,0.0,0.0,Tumor,1.0,True,,positive,negative,negative,negative,Immune cells,negative,baseline_immune_all_dropout,svtuner_immune_all_dropout,available_nonimmune_reference_assignment_retained,0.3029345547128281,0.3029345547128281,False,0.6970654452871718,,1.0,Endothelial cells,0.8333333333333334,0.0,1.0,Endothelial cells,0.8333333333333334,ok,True,both,negative,0
GCTGTATTACTGGCCC-1,1,46,38,8108,4638,15460.0,27026.6666666667,25,25,0,0,1.0,0.0,0.0,Tumor,1.0,True,,positive,negative,negative,negative,Immune cells,negative,baseline_immune_all_dropout,svtuner_immune_all_dropout,available_nonimmune_reference_assignment_retained,0.3296825740956155,0.3296825740956155,False,0.6703174259043845,,1.0,Endothelial cells,0.8333333333333334,0.0,1.0,Endothelial cells,0.8333333333333334,ok,True,both,negative,0
GCTGTTGCTACCGAAC-1,1,39,95,7043,9607,32023.3333333333,23476.6666666667,25,25,0,0,1.0,0.0,0.0,Tumor,1.0,True,,positive,negative,negative,negative,Immune cells,negative,baseline_immune_all_dropout,svtuner_immune_all_dropout,available_nonimmune_reference_assignment_retained,0.4664405318035156,0.4664405318035156,False,0.5335594681964844,,1.0,Endothelial cells,1.0,0.0,1.0,Endothelial cells,1.0,ok,True,both,negative,0
GCTTAATGTAACTAAC-1,1,42,84,7499,8648,28826.6666666667,24996.6666666667,22,22,0,0,1.0,0.0,0.0,Tumor,1.0,True,,positive,negative,negative,negative,Immune cells,negative,baseline_immune_all_dropout,svtuner_immune_all_dropout,available_nonimmune_reference_assignment_retained,0.2605538616174231,0.2605538616174231,False,0.7394461383825769,,1.0,Fibroblasts,1.0,0.0,1.0,Fibroblasts,1.0,ok,True,both,negative,0
GCTTACGTAGTTAGTA-1,1,36,112,6587,11089,36963.3333333333,21956.6666666667,28,28,0,0,1.0,0.0,0.0,Tumor,1.0,True,,positive,negative,negative,negative,Immune cells,negative,baseline_immune_all_dropout,svtuner_immune_all_dropout,available_nonimmune_reference_assignment_retained,0.3610921388869829,0.3610921388869829,False,0.6389078611130171,,1.0,Endothelial cells,1.0,0.0,1.0,Endothelial cells,1.0,ok,True,both,negative,0
GCTTATGAAGCAGGAA-1,1,35,89,6436,9084,30280.0,21453.3333333333,31,31,0,0,1.0,0.0,0.0,Tumor,1.0,True,,positive,negative,negative,negative,Immune cells,negative,baseline_immune_all_dropout,svtuner_immune_all_dropout,available_nonimmune_reference_assignment_retained,0.2868452195085305,0.2868452195085305,False,0.7131547804914695,,1.0,Endothelial cells,0.6666666666666666,0.0,1.0,Endothelial cells,0.6666666666666666,ok,True,both,negative,0
GCTTGGATCGATTAGG-1,1,31,97,5829,9781,32603.3333333333,19430.0,23,23,0,0,1.0,0.0,0.0,Tumor,1.0,True,,positive,negative,negative,negative,Immune cells,negative,baseline_immune_all_dropout,svtuner_immune_all_dropout,available_nonimmune_reference_assignment_retained,0.3884257909186334,0.3884257909186334,False,0.6115742090813666,,1.0,Epithelial cells,1.0,0.0,1.0,Epithelial cells,1.0,ok,True,both,negative,0
GCTTTCAGAGGAGGTG-1,1,33,95,6133,9607,32023.3333333333,20443.3333333333,26,26,0,0,1.0,0.0,0.0,Tumor,1.0,True,,positive,negative,negative,negative,Immune cells,negative,baseline_immune_all_dropout,svtuner_immune_all_dropout,available_nonimmune_reference_assignment_retained,0.3115165300542665,0.3115165300542665,False,0.6884834699457335,,1.0,Endothelial cells,1.0,0.0,1.0,Endothelial cells,1.0,ok,True,both,negative,0
GGAAACTAAATGGGCC-1,1,60,102,10228,10219,34063.3333333333,34093.3333333333,26,25,1,0,0.9615384615384616,0.0384615384615384,0.0,Tumor,0.9615384615384616,True,,positive,negative,negative,negative,Immune cells,negative,baseline_immune_all_dropout,svtuner_immune_all_dropout,available_nonimmune_reference_assignment_retained,0.4969448146038083,0.4969448146038083,False,0.5030551853961918,,1.0,Endothelial cells,1.0,0.0,1.0,Endothelial cells,1.0,ok,True,both,negative,0
GGAACCGTGTAAATTG-1,1,49,47,8562,5423,18076.6666666667,28540.0,29,29,0,0,1.0,0.0,0.0,Tumor,1.0,True,,positive,negative,negative,negative,Immune cells,negative,baseline_immune_all_dropout,svtuner_immune_all_dropout,available_nonimmune_reference_assignment_retained,0.2676597219362562,0.2676597219362562,False,0.7323402780637438,,1.0,Epithelial cells,1.0,0.0,1.0,Epithelial cells,1.0,ok,True,both,negative,0
GGAACTTTGGCGATTA-1,1,60,110,10228,10917,36390.0,34093.3333333333,16,13,0,3,0.8125,0.0,0.1875,Tumor,0.8125,True,,positive,negative,negative,negative,Immune cells,negative,baseline_immune_all_dropout,svtuner_immune_all_dropout,available_nonimmune_reference_assignment_retained,0.3924500873297869,0.3924500873297869,False,0.6075499126702131,,1.0,Endothelial cells,1.0,0.0,1.0,Endothelial cells,1.0,ok,True,both,negative,0
GGAAGGACACCGTATA-1,1,73,83,12201,8564,28546.6666666667,40670.0,28,0,25,3,0.0,0.8928571428571429,0.1071428571428571,Immune cells,0.8928571428571429,True,,negative,positive,negative,positive,Immune cells,positive,baseline_immune_all_dropout,svtuner_immune_all_dropout,available_nonimmune_reference_assignment_retained,0.5710960072290203,0.5710960072290203,False,0.4289039927709797,,1.0,Endothelial cells,1.0,0.0,1.0,Endothelial cells,1.0,ok,True,both,positive,1
GGACAACCATGAAGCC-1,1,70,102,11745,10220,34066.6666666667,39150.0,8,3,1,4,0.375,0.125,0.5,Stroma,0.5,True,,ambiguous,negative,ambiguous,negative,Immune cells,negative,baseline_immune_all_dropout,svtuner_immune_all_dropout,available_nonimmune_reference_assignment_retained,0.7327204273062451,0.7327204273062451,False,0.2672795726937549,,0.0,Endothelial cells,0.0,0.0,0.0,Endothelial cells,0.0,ok,True,both,negative,0
GGACACAAGTTTACAC-1,1,47,111,8256,11003,36676.6666666667,27520.0,21,2,16,3,0.0952380952380952,0.7619047619047619,0.1428571428571428,Immune cells,0.7619047619047619,True,,negative,positive,negative,positive,Immune cells,positive,baseline_immune_all_dropout,svtuner_immune_all_dropout,available_nonimmune_reference_assignment_retained,0.5307208130552901,0.5307208130552901,False,0.4692791869447099,,1.0,Fibroblasts,1.0,0.0,1.0,Fibroblasts,1.0,ok,True,both,positive,1
GGACCAACAGGATAAC-1,1,51,67,8865,7167,23890.0,29550.0,28,27,1,0,0.9642857142857144,0.0357142857142857,0.0,Tumor,0.9642857142857144,True,,positive,negative,negative,negative,Immune cells,negative,baseline_immune_all_dropout,svtuner_immune_all_dropout,available_nonimmune_reference_assignment_retained,0.4438862539376147,0.4438862539376147,False,0.5561137460623853,,1.0,Fibroblasts,0.75,0.0,1.0,Fibroblasts,0.75,ok,True,both,negative,0
GGACCTCTAGGCCGCC-1,1,58,30,9929,3942,13140.0,33096.6666666667,16,8,0,8,0.5,0.0,0.5,Tumor,0.5,True,,ambiguous,negative,ambiguous,negative,Immune cells,negative,baseline_immune_all_dropout,svtuner_immune_all_dropout,available_nonimmune_reference_assignment_retained,0.4137544611382419,0.4137544611382419,False,0.5862455388617581,,1.0,Fibroblasts,1.0,0.0,1.0,Fibroblasts,1.0,ok,True,both,negative,0
GGACTCACAAATTAGG-1,1,49,121,8558,11875,39583.3333333333,28526.6666666667,28,26,0,2,0.9285714285714286,0.0,0.0714285714285714,Tumor,0.9285714285714286,True,,positive,negative,negative,negative,Immune cells,negative,baseline_immune_all_dropout,svtuner_immune_all_dropout,available_nonimmune_reference_assignment_retained,0.2233907343638342,0.2233907343638342,False,0.7766092656361658,,1.0,Endothelial cells,1.0,0.0,1.0,Endothelial cells,1.0,ok,True,both,negative,0
GGACTCGACAGCGCAT-1,1,68,46,11445,5338,17793.3333333333,38150.0,30,30,0,0,1.0,0.0,0.0,Tumor,1.0,True,,positive,negative,negative,negative,Immune cells,negative,baseline_immune_all_dropout,svtuner_immune_all_dropout,available_nonimmune_reference_assignment_retained,0.1808942062434056,0.1808942062434056,False,0.8191057937565944,,1.0,Fibroblasts,1.0,0.0,1.0,Fibroblasts,1.0,ok,True,both,negative,0
GGACTCTTCCGGTTGA-1,1,57,123,9772,12050,40166.6666666667,32573.3333333333,15,1,13,1,0.0666666666666666,0.8666666666666667,0.0666666666666666,Immune cells,0.8666666666666667,True,,negative,positive,negative,positive,Immune cells,positive,baseline_immune_all_dropout,svtuner_immune_all_dropout,reference_unrepresented_withheld_by_stage3b,0.4933833006923284,0.4933833006923284,True,0.5066166993076716,,0.0,__withheld_reference_unrepresented__,0.0,0.0,1.0,Endothelial cells,1.0,ok,True,both,positive,1
GGACTCTTTGACTAAG-1,1,71,83,11898,8564,28546.6666666667,39660.0,21,16,3,2,0.7619047619047619,0.1428571428571428,0.0952380952380952,Tumor,0.7619047619047619,True,,positive,negative,negative,negative,Immune cells,negative,baseline_immune_all_dropout,svtuner_immune_all_dropout,available_nonimmune_reference_assignment_retained,0.4092947194254223,0.4092947194254223,False,0.5907052805745777,,1.0,Fibroblasts,1.0,0.0,1.0,Fibroblasts,1.0,ok,True,both,negative,0
GGAGACCAATGTGCTT-1,1,22,118,4463,11611,38703.3333333333,14876.6666666667,30,30,0,0,1.0,0.0,0.0,Tumor,1.0,True,,positive,negative,negative,negative,Immune cells,negative,baseline_immune_all_dropout,svtuner_immune_all_dropout,available_nonimmune_reference_assignment_retained,0.3321530241624572,0.3321530241624572,False,0.6678469758375428,,1.0,Fibroblasts,1.0,0.0,1.0,Fibroblasts,1.0,ok,True,both,negative,0
GGAGACGACACCTTTG-1,1,43,67,7651,7166,23886.6666666667,25503.3333333333,30,30,0,0,1.0,0.0,0.0,Tumor,1.0,True,,positive,negative,negative,negative,Immune cells,negative,baseline_immune_all_dropout,svtuner_immune_all_dropout,available_nonimmune_reference_assignment_retained,0.457306786956227,0.457306786956227,False,0.5426932130437729,,1.0,PVL,1.0,0.0,1.0,PVL,1.0,ok,True,both,negative,0
GGAGCAACATTTCAAG-1,1,57,103,9773,10306,34353.3333333333,32576.6666666667,28,28,0,0,1.0,0.0,0.0,Tumor,1.0,True,,positive,negative,negative,negative,Immune cells,negative,baseline_immune_all_dropout,svtuner_immune_all_dropout,available_nonimmune_reference_assignment_retained,0.3349525356062451,0.3349525356062451,False,0.665047464393755,,1.0,Endothelial cells,0.5,0.0,1.0,Endothelial cells,0.5,ok,True,both,negative,0
GGAGGCCGAAGTCGTC-1,1,40,116,7193,11438,38126.6666666667,23976.6666666667,27,27,0,0,1.0,0.0,0.0,Tumor,1.0,True,,positive,negative,negative,negative,Immune cells,negative,baseline_immune_all_dropout,svtuner_immune_all_dropout,available_nonimmune_reference_assignment_retained,0.5504303357466745,0.5504303357466745,False,0.4495696642533254,,1.0,PVL,1.0,0.0,1.0,PVL,1.0,ok,True,both,negative,0
GGAGGGTCAAGTAAGA-1,1,62,114,10531,11266,37553.3333333333,35103.3333333333,12,9,1,2,0.75,0.0833333333333333,0.1666666666666666,Tumor,0.75,True,,positive,negative,negative,negative,Immune cells,negative,baseline_immune_all_dropout,svtuner_immune_all_dropout,available_nonimmune_reference_assignment_retained,0.5381359925705758,0.5381359925705758,False,0.4618640074294242,,1.0,Endothelial cells,1.0,0.0,1.0,Endothelial cells,1.0,ok,True,both,negative,0
GGATCTTACTGCCCTT-1,1,65,35,10990,4379,14596.6666666667,36633.3333333333,20,19,1,0,0.95,0.05,0.0,Tumor,0.95,True,,positive,negative,negative,negative,Immune cells,negative,baseline_immune_all_dropout,svtuner_immune_all_dropout,available_nonimmune_reference_assignment_retained,0.3179800891560062,0.3179800891560062,False,0.6820199108439938,,1.0,Endothelial cells,0.6666666666666666,0.0,1.0,Endothelial cells,0.6666666666666666,ok,True,both,negative,0
GGATGAAGATCGCTGA-1,1,42,94,7498,9520,31733.3333333333,24993.3333333333,16,0,12,4,0.0,0.75,0.25,Immune cells,0.75,True,,negative,positive,ambiguous,positive,Immune cells,positive,baseline_immune_all_dropout,svtuner_immune_all_dropout,available_nonimmune_reference_assignment_retained,0.3571785459905316,0.3571785459905316,False,0.6428214540094683,,1.0,Endothelial cells,0.8,0.0,1.0,Endothelial cells,0.8,ok,True,both,positive,1
GGATGACGCGAGTTTA-1,1,37,45,6742,5248,17493.3333333333,22473.3333333333,27,27,0,0,1.0,0.0,0.0,Tumor,1.0,True,,positive,negative,negative,negative,Immune cells,negative,baseline_immune_all_dropout,svtuner_immune_all_dropout,available_nonimmune_reference_assignment_retained,0.2614701709979537,0.2614701709979537,False,0.7385298290020463,,1.0,Endothelial cells,1.0,0.0,1.0,Endothelial cells,1.0,ok,True,both,negative,0
GGATGGCTTGAAGTAT-1,1,68,98,11442,9871,32903.3333333333,38140.0,30,30,0,0,1.0,0.0,0.0,Tumor,1.0,True,,positive,negative,negative,negative,Immune cells,negative,baseline_immune_all_dropout,svtuner_immune_all_dropout,available_nonimmune_reference_assignment_retained,0.4049518653569289,0.4049518653569289,False,0.5950481346430712,,1.0,Epithelial cells,1.0,0.0,1.0,Epithelial cells,1.0,ok,True,both,negative,0
GGATGTCCTTACCGCA-1,1,35,91,6436,9258,30860.0,21453.3333333333,28,28,0,0,1.0,0.0,0.0,Tumor,1.0,True,,positive,negative,negative,negative,Immune cells,negative,baseline_immune_all_dropout,svtuner_immune_all_dropout,available_nonimmune_reference_assignment_retained,0.2864803752790749,0.2864803752790749,False,0.7135196247209251,,1.0,Epithelial cells,1.0,0.0,1.0,Epithelial cells,1.0,ok,True,both,negative,0
GGATTAATCATGGACC-1,1,71,75,11898,7866,26220.0,39660.0,18,16,2,0,0.8888888888888888,0.1111111111111111,0.0,Tumor,0.8888888888888888,True,,positive,negative,negative,negative,Immune cells,negative,baseline_immune_all_dropout,svtuner_immune_all_dropout,available_nonimmune_reference_assignment_retained,0.2650272290107021,0.2650272290107021,False,0.7349727709892979,,1.0,Fibroblasts,1.0,0.0,1.0,Fibroblasts,1.0,ok,True,both,negative,0
GGCAAAGGCGCCAATA-1,1,54,34,9322,4290,14300.0,31073.3333333333,29,29,0,0,1.0,0.0,0.0,Tumor,1.0,True,,positive,negative,negative,negative,Immune cells,negative,baseline_immune_all_dropout,svtuner_immune_all_dropout,available_nonimmune_reference_assignment_retained,0.2829201228492555,0.2829201228492555,False,0.7170798771507445,,1.0,Epithelial cells,0.8333333333333334,0.0,1.0,Epithelial cells,0.8333333333333334,ok,True,both,negative,0
GGCAAGCCAGGGATAG-1,1,17,121,3704,11872,39573.3333333333,12346.6666666667,20,20,0,0,1.0,0.0,0.0,Tumor,1.0,True,,positive,negative,negative,negative,Immune cells,negative,baseline_immune_all_dropout,svtuner_immune_all_dropout,available_nonimmune_reference_assignment_retained,0.4955104352730551,0.4955104352730551,False,0.504489564726945,,1.0,Fibroblasts,0.6666666666666666,0.0,1.0,Fibroblasts,0.6666666666666666,ok,True,both,negative,0
GGCAAGCCCATAGTGG-1,1,67,61,11292,6646,22153.3333333333,37640.0,22,19,2,1,0.8636363636363636,0.0909090909090909,0.0454545454545454,Tumor,0.8636363636363636,True,,positive,negative,negative,negative,Immune cells,negative,baseline_immune_all_dropout,svtuner_immune_all_dropout,available_nonimmune_reference_assignment_retained,0.4064265219780624,0.4064265219780624,False,0.5935734780219376,,1.0,PVL,1.0,0.0,1.0,PVL,1.0,ok,True,both,negative,0
GGCAAGGCGAAATAGC-1,1,45,69,7954,7341,24470.0,26513.3333333333,33,33,0,0,1.0,0.0,0.0,Tumor,1.0,True,,positive,negative,negative,negative,Immune cells,negative,baseline_immune_all_dropout,svtuner_immune_all_dropout,available_nonimmune_reference_assignment_retained,0.3399549326206444,0.3399549326206444,False,0.6600450673793556,,1.0,PVL,1.0,0.0,1.0,PVL,1.0,ok,True,both,negative,0
GGCACTCAGCCGACCC-1,1,55,123,9468,12050,40166.6666666667,31560.0,21,3,18,0,0.1428571428571428,0.8571428571428571,0.0,Immune cells,0.8571428571428571,True,,negative,positive,negative,positive,Immune cells,positive,baseline_immune_all_dropout,svtuner_immune_all_dropout,reference_unrepresented_withheld_by_stage3b,0.5367673354405557,0.5367673354405557,True,0.4632326645594443,,0.0,__withheld_reference_unrepresented__,0.0,0.0,1.0,Fibroblasts,1.0,ok,True,both,positive,1
GGCACTCCACTGGGCA-1,1,34,46,6287,5335,17783.3333333333,20956.6666666667,27,27,0,0,1.0,0.0,0.0,Tumor,1.0,True,,positive,negative,negative,negative,Immune cells,negative,baseline_immune_all_dropout,svtuner_immune_all_dropout,available_nonimmune_reference_assignment_retained,0.2662677783372825,0.2662677783372825,False,0.7337322216627176,,1.0,Fibroblasts,0.6666666666666666,0.0,1.0,Fibroblasts,0.6666666666666666,ok,True,both,negative,0
GGCAGCAAACCTATGC-1,1,51,103,8863,10306,34353.3333333333,29543.3333333333,12,9,2,1,0.75,0.1666666666666666,0.0833333333333333,Tumor,0.75,True,,positive,negative,negative,negative,Immune cells,negative,baseline_immune_all_dropout,svtuner_immune_all_dropout,available_nonimmune_reference_assignment_retained,0.3147915001312752,0.3147915001312752,False,0.6852084998687248,,1.0,PVL,1.0,0.0,1.0,PVL,1.0,ok,True,both,negative,0
GGCATTGAACATCTCA-1,1,74,58,12354,6385,21283.3333333333,41180.0,10,6,1,3,0.6,0.1,0.3,Tumor,0.6,True,,positive,negative,ambiguous,negative,Immune cells,negative,baseline_immune_all_dropout,svtuner_immune_all_dropout,available_nonimmune_reference_assignment_retained,0.4813054555235165,0.4813054555235165,False,0.5186945444764834,,1.0,Endothelial cells,1.0,0.0,1.0,Endothelial cells,1.0,ok,True,both,negative,0
GGCCCGGAGCATGTCT-1,1,35,119,6435,11699,38996.6666666667,21450.0,24,24,0,0,1.0,0.0,0.0,Tumor,1.0,True,,positive,negative,negative,negative,Immune cells,negative,baseline_immune_all_dropout,svtuner_immune_all_dropout,available_nonimmune_reference_assignment_retained,0.5689712274527041,0.5689712274527041,False,0.4310287725472959,,1.0,PVL,1.0,0.0,1.0,PVL,1.0,ok,True,both,negative,0
GGCCCGTATACCATGC-1,1,27,119,5221,11698,38993.3333333333,17403.3333333333,20,19,1,0,0.95,0.05,0.0,Tumor,0.95,True,,positive,negative,negative,negative,Immune cells,negative,baseline_immune_all_dropout,svtuner_immune_all_dropout,available_nonimmune_reference_assignment_retained,0.2340966642667325,0.2340966642667325,False,0.7659033357332675,,1.0,Fibroblasts,0.7142857142857143,0.0,1.0,Fibroblasts,0.7142857142857143,ok,True,both,negative,0
GGCCGTTTGGGTTTCA-1,1,59,45,10080,5250,17500.0,33600.0,24,24,0,0,1.0,0.0,0.0,Tumor,1.0,True,,positive,negative,negative,negative,Immune cells,negative,baseline_immune_all_dropout,svtuner_immune_all_dropout,available_nonimmune_reference_assignment_retained,0.2482427573659336,0.2482427573659336,False,0.7517572426340664,,1.0,Epithelial cells,1.0,0.0,1.0,Epithelial cells,1.0,ok,True,both,negative,0
GGCCTGCTTCTCCCGA-1,1,59,113,10076,11178,37260.0,33586.6666666667,27,27,0,0,1.0,0.0,0.0,Tumor,1.0,True,,positive,negative,negative,negative,Immune cells,negative,baseline_immune_all_dropout,svtuner_immune_all_dropout,available_nonimmune_reference_assignment_retained,0.3909093102462093,0.3909093102462093,False,0.6090906897537907,,1.0,Endothelial cells,1.0,0.0,1.0,Endothelial cells,1.0,ok,True,both,negative,0
GGCGAAATCTAACTTG-1,1,43,87,7650,8910,29700.0,25500.0,15,14,0,1,0.9333333333333332,0.0,0.0666666666666666,Tumor,0.9333333333333332,True,,positive,negative,negative,negative,Immune cells,negative,baseline_immune_all_dropout,svtuner_immune_all_dropout,available_nonimmune_reference_assignment_retained,0.2413354388496313,0.2413354388496313,False,0.7586645611503687,,1.0,PVL,1.0,0.0,1.0,PVL,1.0,ok,True,both,negative,0
GGCGAACCGTTCTGAT-1,1,17,127,3704,12395,41316.6666666667,12346.6666666667,28,28,0,0,1.0,0.0,0.0,Tumor,1.0,True,,positive,negative,negative,negative,Immune cells,negative,baseline_immune_all_dropout,svtuner_immune_all_dropout,available_nonimmune_reference_assignment_retained,0.3454774805130327,0.3454774805130327,False,0.6545225194869673,,1.0,Fibroblasts,1.0,0.0,1.0,Fibroblasts,1.0,ok,True,both,negative,0
GGCGCATGAATTGATG-1,1,42,54,7500,6033,20110.0,25000.0,29,29,0,0,1.0,0.0,0.0,Tumor,1.0,True,,positive,negative,negative,negative,Immune cells,negative,baseline_immune_all_dropout,svtuner_immune_all_dropout,available_nonimmune_reference_assignment_retained,0.3776489016120262,0.3776489016120262,False,0.6223510983879739,,1.0,Endothelial cells,1.0,0.0,1.0,Endothelial cells,1.0,ok,True,both,negative,0
GGCGCGGAGATCTTTC-1,1,58,86,9926,8824,29413.3333333333,33086.6666666667,26,26,0,0,1.0,0.0,0.0,Tumor,1.0,True,,positive,negative,negative,negative,Immune cells,negative,baseline_immune_all_dropout,svtuner_immune_all_dropout,available_nonimmune_reference_assignment_retained,0.3832411814381575,0.3832411814381575,False,0.6167588185618424,,1.0,Epithelial cells,1.0,0.0,1.0,Epithelial cells,1.0,ok,True,both,negative,0
GGCGCGTTCGAGTTTA-1,1,47,59,8258,6469,21563.3333333333,27526.6666666667,29,29,0,0,1.0,0.0,0.0,Tumor,1.0,True,,positive,negative,negative,negative,Immune cells,negative,baseline_immune_all_dropout,svtuner_immune_all_dropout,available_nonimmune_reference_assignment_retained,0.475870553737037,0.475870553737037,False,0.524129446262963,,1.0,Fibroblasts,0.6666666666666666,0.0,1.0,Fibroblasts,0.6666666666666666,ok,True,both,negative,0
GGCGCTTCATTCCCTG-1,1,67,71,11292,7517,25056.6666666667,37640.0,27,27,0,0,1.0,0.0,0.0,Tumor,1.0,True,,positive,negative,negative,negative,Immune cells,negative,baseline_immune_all_dropout,svtuner_immune_all_dropout,available_nonimmune_reference_assignment_retained,0.3657226685270689,0.3657226685270689,False,0.6342773314729311,,1.0,Epithelial cells,0.6,0.0,1.0,Epithelial cells,0.6,ok,True,both,negative,0
GGCGGGCTCTAAGAGT-1,1,53,127,9165,12398,41326.6666666667,30550.0,15,3,9,3,0.2,0.6,0.2,Immune cells,0.6,True,,negative,positive,negative,positive,Immune cells,positive,baseline_immune_all_dropout,svtuner_immune_all_dropout,available_nonimmune_reference_assignment_retained,0.4314995401603847,0.4314995401603847,False,0.5685004598396153,,1.0,Fibroblasts,1.0,0.0,1.0,Fibroblasts,1.0,ok,True,both,positive,1
GGCGTAGGGAAAGCTG-1,1,64,82,10836,8476,28253.3333333333,36120.0,21,16,0,5,0.7619047619047619,0.0,0.238095238095238,Tumor,0.7619047619047619,True,,positive,negative,ambiguous,negative,Immune cells,negative,baseline_immune_all_dropout,svtuner_immune_all_dropout,available_nonimmune_reference_assignment_retained,0.5493148088318042,0.5493148088318042,False,0.4506851911681958,,1.0,Endothelial cells,0.6666666666666666,0.0,1.0,Endothelial cells,0.6666666666666666,ok,True,both,negative,0
GGCTCCTCCACCTGTT-1,1,59,35,10080,4378,14593.3333333333,33600.0,23,21,2,0,0.9130434782608696,0.0869565217391304,0.0,Tumor,0.9130434782608696,True,,positive,negative,negative,negative,Immune cells,negative,baseline_immune_all_dropout,svtuner_immune_all_dropout,available_nonimmune_reference_assignment_retained,0.4130721405612204,0.4130721405612204,False,0.5869278594387797,,1.0,PVL,1.0,0.0,1.0,PVL,1.0,ok,True,both,negative,0
GGCTCGCGTTGAGGTA-1,1,31,93,5829,9432,31440.0,19430.0,27,27,0,0,1.0,0.0,0.0,Tumor,1.0,True,,positive,negative,negative,negative,Immune cells,negative,baseline_immune_all_dropout,svtuner_immune_all_dropout,available_nonimmune_reference_assignment_retained,0.1813788582028193,0.1813788582028193,False,0.8186211417971807,,1.0,Epithelial cells,1.0,0.0,1.0,Epithelial cells,1.0,ok,True,both,negative,0
GGCTGAAATAGCAAAG-1,1,49,79,8561,8213,27376.6666666667,28536.6666666667,27,27,0,0,1.0,0.0,0.0,Tumor,1.0,True,,positive,negative,negative,negative,Immune cells,negative,baseline_immune_all_dropout,svtuner_immune_all_dropout,available_nonimmune_reference_assignment_retained,0.2810378769839433,0.2810378769839433,False,0.7189621230160568,,1.0,Endothelial cells,0.8571428571428571,0.0,1.0,Endothelial cells,0.8571428571428571,ok,True,both,negative,0
GGGAACGGGAGGTTAG-1,1,39,37,7046,4551,15170.0,23486.6666666667,23,23,0,0,1.0,0.0,0.0,Tumor,1.0,True,,positive,negative,negative,negative,Immune cells,negative,baseline_immune_all_dropout,svtuner_immune_all_dropout,available_nonimmune_reference_assignment_retained,0.1759721951665012,0.1759721951665012,False,0.8240278048334988,,1.0,Epithelial cells,1.0,0.0,1.0,Epithelial cells,1.0,ok,True,both,negative,0
GGGAACGGTTTCAGAT-1,1,64,32,10839,4117,13723.3333333333,36130.0,17,9,1,7,0.5294117647058824,0.0588235294117647,0.4117647058823529,Tumor,0.5294117647058824,True,,ambiguous,negative,ambiguous,negative,Immune cells,negative,baseline_immune_all_dropout,svtuner_immune_all_dropout,available_nonimmune_reference_assignment_retained,0.3537303467209735,0.3537303467209735,False,0.6462696532790265,,1.0,PVL,0.8,0.0,1.0,PVL,0.8,ok,True,both,negative,0
GGGAAGACGGTCTGTC-1,1,64,76,10836,7953,26510.0,36120.0,16,7,0,9,0.4375,0.0,0.5625,Stroma,0.5625,True,,ambiguous,negative,ambiguous,negative,Immune cells,negative,baseline_immune_all_dropout,svtuner_immune_all_dropout,available_nonimmune_reference_assignment_retained,0.4045544143583474,0.4045544143583474,False,0.5954455856416526,,1.0,Fibroblasts,1.0,0.0,1.0,Fibroblasts,1.0,ok,True,both,negative,0
GGGAAGGGCTTTCTCA-1,1,63,87,10684,8912,29706.6666666667,35613.3333333333,14,6,2,6,0.4285714285714285,0.1428571428571428,0.4285714285714285,Tumor,0.4285714285714285,True,,ambiguous,negative,ambiguous,negative,Immune cells,negative,baseline_immune_all_dropout,svtuner_immune_all_dropout,available_nonimmune_reference_assignment_retained,0.5988300988242945,0.5988300988242945,False,0.4011699011757055,,1.0,PVL,1.0,0.0,1.0,PVL,1.0,ok,True,both,negative,0
GGGACCCGTATATCTT-1,1,57,53,9776,5947,19823.3333333333,32586.6666666667,24,24,0,0,1.0,0.0,0.0,Tumor,1.0,True,,positive,negative,negative,negative,Immune cells,negative,baseline_immune_all_dropout,svtuner_immune_all_dropout,available_nonimmune_reference_assignment_retained,0.3892168091368577,0.3892168091368577,False,0.6107831908631423,,1.0,PVL,1.0,0.0,1.0,PVL,1.0,ok,True,both,negative,0
GGGACTGCATAGATAG-1,1,32,60,5983,6555,21850.0,19943.3333333333,11,0,2,9,0.0,0.1818181818181818,0.8181818181818182,Stroma,0.8181818181818182,True,,negative,negative,positive,negative,Immune cells,negative,baseline_immune_all_dropout,svtuner_immune_all_dropout,reference_unrepresented_withheld_by_stage3b,0.6818894129839862,0.6818894129839862,True,0.3181105870160138,,0.0,__withheld_reference_unrepresented__,0.0,0.0,1.0,Endothelial cells,1.0,ok,True,both,negative,0
GGGAGAACTCACAGTA-1,1,32,64,5983,6904,23013.3333333333,19943.3333333333,16,0,0,16,0.0,0.0,1.0,Stroma,1.0,True,,negative,negative,positive,negative,Immune cells,negative,baseline_immune_all_dropout,svtuner_immune_all_dropout,reference_unrepresented_withheld_by_stage3b,0.5148929723726923,0.5148929723726923,True,0.4851070276273077,,0.0,__withheld_reference_unrepresented__,0.0,0.0,1.0,Endothelial cells,1.0,ok,True,both,negative,0
GGGAGCGACCGTAGTG-1,1,68,86,11443,8825,29416.6666666667,38143.3333333333,20,20,0,0,1.0,0.0,0.0,Tumor,1.0,True,,positive,negative,negative,negative,Immune cells,negative,baseline_immune_all_dropout,svtuner_immune_all_dropout,available_nonimmune_reference_assignment_retained,0.2223592549203211,0.2223592549203211,False,0.777640745079679,,1.0,Fibroblasts,1.0,0.0,1.0,Fibroblasts,1.0,ok,True,both,negative,0
GGGAGTTAATGAGGCG-1,1,33,75,6134,7863,26210.0,20446.6666666667,20,16,4,0,0.8,0.2,0.0,Tumor,0.8,True,,positive,negative,negative,negative,Immune cells,negative,baseline_immune_all_dropout,svtuner_immune_all_dropout,available_nonimmune_reference_assignment_retained,0.2575069734674357,0.2575069734674357,False,0.7424930265325643,,1.0,PVL,1.0,0.0,1.0,PVL,1.0,ok,True,both,negative,0
GGGATCCCAATACAAA-1,1,18,120,3856,11785,39283.3333333333,12853.3333333333,22,22,0,0,1.0,0.0,0.0,Tumor,1.0,True,,positive,negative,negative,negative,Immune cells,negative,baseline_immune_all_dropout,svtuner_immune_all_dropout,available_nonimmune_reference_assignment_retained,0.3863679786936879,0.3863679786936879,False,0.6136320213063121,,1.0,Endothelial cells,1.0,0.0,1.0,Endothelial cells,1.0,ok,True,both,negative,0
GGGATTTACCGCACCT-1,1,42,90,7498,9171,30570.0,24993.3333333333,24,20,4,0,0.8333333333333334,0.1666666666666666,0.0,Tumor,0.8333333333333334,True,,positive,negative,negative,negative,Immune cells,negative,baseline_immune_all_dropout,svtuner_immune_all_dropout,available_nonimmune_reference_assignment_retained,0.3800759762203481,0.3800759762203481,False,0.619924023779652,,1.0,Epithelial cells,1.0,0.0,1.0,Epithelial cells,1.0,ok,True,both,negative,0
GGGCACGTAGTACTGT-1,1,70,48,11748,5512,18373.3333333333,39160.0,25,22,2,1,0.88,0.08,0.04,Tumor,0.88,True,,positive,negative,negative,negative,Immune cells,negative,baseline_immune_all_dropout,svtuner_immune_all_dropout,available_nonimmune_reference_assignment_retained,0.3762469258810301,0.3762469258810301,False,0.6237530741189699,,1.0,PVL,1.0,0.0,1.0,PVL,1.0,ok,True,both,negative,0
GGGCAGTCAACGCCAA-1,1,69,79,11595,8215,27383.3333333333,38650.0,21,21,0,0,1.0,0.0,0.0,Tumor,1.0,True,,positive,negative,negative,negative,Immune cells,negative,baseline_immune_all_dropout,svtuner_immune_all_dropout,available_nonimmune_reference_assignment_retained,0.2334348986185246,0.2334348986185246,False,0.7665651013814754,,1.0,PVL,0.5714285714285714,0.0,1.0,PVL,0.5714285714285714,ok,True,both,negative,0
GGGCATGCATGTCGAG-1,1,73,55,12203,6123,20410.0,40676.6666666667,17,14,1,2,0.8235294117647058,0.0588235294117647,0.1176470588235294,Tumor,0.8235294117647058,True,,positive,negative,negative,negative,Immune cells,negative,baseline_immune_all_dropout,svtuner_immune_all_dropout,available_nonimmune_reference_assignment_retained,0.3368775065070311,0.3368775065070311,False,0.6631224934929689,,1.0,Fibroblasts,1.0,0.0,1.0,Fibroblasts,1.0,ok,True,both,negative,0
GGGCCCGTCTTAAACA-1,1,42,52,7500,5859,19530.0,25000.0,21,17,3,1,0.8095238095238095,0.1428571428571428,0.0476190476190476,Tumor,0.8095238095238095,True,,positive,negative,negative,negative,Immune cells,negative,baseline_immune_all_dropout,svtuner_immune_all_dropout,available_nonimmune_reference_assignment_retained,0.2159342895444564,0.2159342895444564,False,0.7840657104555436,,1.0,PVL,1.0,0.0,1.0,PVL,1.0,ok,True,both,negative,0
GGGCCGGCCGAAGTAC-1,1,36,84,6588,8648,28826.6666666667,21960.0,23,23,0,0,1.0,0.0,0.0,Tumor,1.0,True,,positive,negative,negative,negative,Immune cells,negative,baseline_immune_all_dropout,svtuner_immune_all_dropout,available_nonimmune_reference_assignment_retained,0.2898726993016739,0.2898726993016739,False,0.7101273006983261,,1.0,Endothelial cells,1.0,0.0,1.0,Endothelial cells,1.0,ok,True,both,negative,0
GGGCGCAGCGTTACTC-1,1,34,120,6283,11786,39286.6666666667,20943.3333333333,27,27,0,0,1.0,0.0,0.0,Tumor,1.0,True,,positive,negative,negative,negative,Immune cells,negative,baseline_immune_all_dropout,svtuner_immune_all_dropout,available_nonimmune_reference_assignment_retained,0.6368052628408183,0.6368052628408183,False,0.3631947371591817,,1.0,Endothelial cells,1.0,0.0,1.0,Endothelial cells,1.0,ok,True,both,negative,0
GGGCGGCAAATGAATT-1,1,49,45,8563,5249,17496.6666666667,28543.3333333333,29,26,3,0,0.896551724137931,0.1034482758620689,0.0,Tumor,0.896551724137931,True,,positive,negative,negative,negative,Immune cells,negative,baseline_immune_all_dropout,svtuner_immune_all_dropout,available_nonimmune_reference_assignment_retained,0.3221288788456227,0.3221288788456227,False,0.6778711211543773,,1.0,Endothelial cells,0.8333333333333334,0.0,1.0,Endothelial cells,0.8333333333333334,ok,True,both,negative,0
GGGCGGGTTCCCTACG-1,1,43,37,7653,4551,15170.0,25510.0,26,26,0,0,1.0,0.0,0.0,Tumor,1.0,True,,positive,negative,negative,negative,Immune cells,negative,baseline_immune_all_dropout,svtuner_immune_all_dropout,available_nonimmune_reference_assignment_retained,0.2424525193559268,0.2424525193559268,False,0.7575474806440732,,1.0,Epithelial cells,1.0,0.0,1.0,Epithelial cells,1.0,ok,True,both,negative,0
GGGCGTCACCACGTAA-1,1,48,50,8411,5685,18950.0,28036.6666666667,23,23,0,0,1.0,0.0,0.0,Tumor,1.0,True,,positive,negative,negative,negative,Immune cells,negative,baseline_immune_all_dropout,svtuner_immune_all_dropout,available_nonimmune_reference_assignment_retained,0.3485433359441575,0.3485433359441575,False,0.6514566640558426,,1.0,PVL,1.0,0.0,1.0,PVL,1.0,ok,True,both,negative,0
GGGCGTGGTTTCCCAG-1,1,61,81,10381,8389,27963.3333333333,34603.3333333333,26,26,0,0,1.0,0.0,0.0,Tumor,1.0,True,,positive,negative,negative,negative,Immune cells,negative,baseline_immune_all_dropout,svtuner_immune_all_dropout,available_nonimmune_reference_assignment_retained,0.4827938502455213,0.4827938502455213,False,0.5172061497544787,,1.0,Fibroblasts,1.0,0.0,1.0,Fibroblasts,1.0,ok,True,both,negative,0
GGGCGTTTACATTCAT-1,1,66,26,11142,3594,11980.0,37140.0,20,8,2,10,0.4,0.1,0.5,Stroma,0.5,True,,ambiguous,negative,ambiguous,negative,Immune cells,negative,baseline_immune_all_dropout,svtuner_immune_all_dropout,available_nonimmune_reference_assignment_retained,0.3201311409578148,0.3201311409578148,False,0.6798688590421852,,1.0,PVL,0.6,0.0,1.0,PVL,0.6,ok,True,both,negative,0
GGGCTATGATCGATGG-1,1,57,51,9776,5773,19243.3333333333,32586.6666666667,27,27,0,0,1.0,0.0,0.0,Tumor,1.0,True,,positive,negative,negative,negative,Immune cells,negative,baseline_immune_all_dropout,svtuner_immune_all_dropout,available_nonimmune_reference_assignment_retained,0.4100558219344251,0.4100558219344251,False,0.589944178065575,,1.0,Epithelial cells,1.0,0.0,1.0,Epithelial cells,1.0,ok,True,both,negative,0
GGGCTGCCTAGGGCGA-1,1,33,69,6134,7340,24466.6666666667,20446.6666666667,22,0,0,22,0.0,0.0,1.0,Stroma,1.0,True,,negative,negative,positive,negative,Immune cells,negative,baseline_immune_all_dropout,svtuner_immune_all_dropout,reference_unrepresented_withheld_by_stage3b,0.431412897273346,0.431412897273346,True,0.568587102726654,,0.0,__withheld_reference_unrepresented__,0.0,0.0,1.0,Endothelial cells,1.0,ok,True,both,negative,0
GGGTACTTCATGAACT-1,1,37,39,6742,4725,15750.0,22473.3333333333,27,25,1,1,0.925925925925926,0.037037037037037,0.037037037037037,Tumor,0.925925925925926,True,,positive,negative,negative,negative,Immune cells,negative,baseline_immune_all_dropout,svtuner_immune_all_dropout,available_nonimmune_reference_assignment_retained,0.257863295740999,0.257863295740999,False,0.742136704259001,,1.0,Fibroblasts,0.5,0.0,1.0,Fibroblasts,0.5,ok,True,both,negative,0
GGGTCACCGTGACGGT-1,1,35,47,6439,5422,18073.3333333333,21463.3333333333,27,26,0,1,0.9629629629629628,0.0,0.037037037037037,Tumor,0.9629629629629628,True,,positive,negative,negative,negative,Immune cells,negative,baseline_immune_all_dropout,svtuner_immune_all_dropout,available_nonimmune_reference_assignment_retained,0.2123458823004475,0.2123458823004475,False,0.7876541176995525,,1.0,Endothelial cells,1.0,0.0,1.0,Endothelial cells,1.0,ok,True,both,negative,0
GGGTCGTGGCAAGTGT-1,1,25,107,4918,10652,35506.6666666667,16393.3333333333,28,28,0,0,1.0,0.0,0.0,Tumor,1.0,True,,positive,negative,negative,negative,Immune cells,negative,baseline_immune_all_dropout,svtuner_immune_all_dropout,available_nonimmune_reference_assignment_retained,0.3268147437562372,0.3268147437562372,False,0.6731852562437628,,1.0,PVL,0.6666666666666666,0.0,1.0,PVL,0.6666666666666666,ok,True,both,negative,0
GGGTGACACCTTAACT-1,1,46,56,8107,6208,20693.3333333333,27023.3333333333,20,20,0,0,1.0,0.0,0.0,Tumor,1.0,True,,positive,negative,negative,negative,Immune cells,negative,baseline_immune_all_dropout,svtuner_immune_all_dropout,available_nonimmune_reference_assignment_retained,0.3250336323894708,0.3250336323894708,False,0.6749663676105292,,1.0,Endothelial cells,1.0,0.0,1.0,Endothelial cells,1.0,ok,True,both,negative,0
GGGTGCATATGAAAGC-1,1,30,112,5677,11088,36960.0,18923.3333333333,35,35,0,0,1.0,0.0,0.0,Tumor,1.0,True,,positive,negative,negative,negative,Immune cells,negative,baseline_immune_all_dropout,svtuner_immune_all_dropout,available_nonimmune_reference_assignment_retained,0.3470898106972233,0.3470898106972233,False,0.6529101893027767,,1.0,Fibroblasts,1.0,0.0,1.0,Fibroblasts,1.0,ok,True,both,negative,0
GGGTTAACATTTGAGT-1,1,54,50,9321,5685,18950.0,31070.0,24,21,2,1,0.875,0.0833333333333333,0.0416666666666666,Tumor,0.875,True,,positive,negative,negative,negative,Immune cells,negative,baseline_immune_all_dropout,svtuner_immune_all_dropout,available_nonimmune_reference_assignment_retained,0.4500436572978044,0.4500436572978044,False,0.5499563427021956,,1.0,Fibroblasts,1.0,0.0,1.0,Fibroblasts,1.0,ok,True,both,negative,0
GGGTTTAGGATAGGAT-1,1,43,107,7649,10654,35513.3333333333,25496.6666666667,32,32,0,0,1.0,0.0,0.0,Tumor,1.0,True,,positive,negative,negative,negative,Immune cells,negative,baseline_immune_all_dropout,svtuner_immune_all_dropout,available_nonimmune_reference_assignment_retained,0.3200625243182285,0.3200625243182285,False,0.6799374756817715,,1.0,Epithelial cells,1.0,0.0,1.0,Epithelial cells,1.0,ok,True,both,negative,0
GGTACAAACATGCTAT-1,1,40,54,7197,6033,20110.0,23990.0,29,11,18,0,0.3793103448275862,0.6206896551724138,0.0,Immune cells,0.6206896551724138,True,,ambiguous,positive,negative,positive,Immune cells,positive,baseline_immune_all_dropout,svtuner_immune_all_dropout,reference_unrepresented_withheld_by_stage3b,0.550587695848028,0.550587695848028,True,0.449412304151972,,0.0,__withheld_reference_unrepresented__,0.0,0.0,1.0,Fibroblasts,1.0,ok,True,both,positive,1
GGTACACCAGATTTAT-1,1,26,118,5070,11611,38703.3333333333,16900.0,26,26,0,0,1.0,0.0,0.0,Tumor,1.0,True,,positive,negative,negative,negative,Immune cells,negative,baseline_immune_all_dropout,svtuner_immune_all_dropout,available_nonimmune_reference_assignment_retained,0.3983194916436886,0.3983194916436886,False,0.6016805083563115,,1.0,Endothelial cells,1.0,0.0,1.0,Endothelial cells,1.0,ok,True,both,negative,0
GGTACCATTAAGACGG-1,1,29,105,5525,10478,34926.6666666667,18416.6666666667,29,29,0,0,1.0,0.0,0.0,Tumor,1.0,True,,positive,negative,negative,negative,Immune cells,negative,baseline_immune_all_dropout,svtuner_immune_all_dropout,available_nonimmune_reference_assignment_retained,0.2459090796129022,0.2459090796129022,False,0.7540909203870978,,1.0,Fibroblasts,0.8571428571428571,0.0,1.0,Fibroblasts,0.8571428571428571,ok,True,both,negative,0
GGTACTAAGTGCTTTG-1,1,51,123,8862,12049,40163.3333333333,29540.0,23,22,1,0,0.9565217391304348,0.0434782608695652,0.0,Tumor,0.9565217391304348,True,,positive,negative,negative,negative,Immune cells,negative,baseline_immune_all_dropout,svtuner_immune_all_dropout,available_nonimmune_reference_assignment_retained,0.4905568878431207,0.4905568878431207,False,0.5094431121568793,,1.0,Endothelial cells,0.6666666666666666,0.0,1.0,Endothelial cells,0.6666666666666666,ok,True,both,negative,0
GGTAGAAGACCGCCTG-1,1,53,71,9168,7516,25053.3333333333,30560.0,30,2,28,0,0.0666666666666666,0.9333333333333332,0.0,Immune cells,0.9333333333333332,True,,negative,positive,negative,positive,Immune cells,positive,baseline_immune_all_dropout,svtuner_immune_all_dropout,available_nonimmune_reference_assignment_retained,0.5451287932988513,0.5451287932988513,False,0.4548712067011486,,1.0,PVL,1.0,0.0,1.0,PVL,1.0,ok,True,both,positive,1
GGTAGACCGTTGGGCG-1,1,53,53,9169,5947,19823.3333333333,30563.3333333333,19,18,0,1,0.9473684210526316,0.0,0.0526315789473684,Tumor,0.9473684210526316,True,,positive,negative,negative,negative,Immune cells,negative,baseline_immune_all_dropout,svtuner_immune_all_dropout,available_nonimmune_reference_assignment_retained,0.4863753957677117,0.4863753957677117,False,0.5136246042322883,,1.0,Fibroblasts,0.6666666666666666,0.0,1.0,Fibroblasts,0.6666666666666666,ok,True,both,negative,0
GGTAGGCCAATATCAC-1,1,74,54,12354,6036,20120.0,41180.0,13,12,0,1,0.9230769230769232,0.0,0.0769230769230769,Tumor,0.9230769230769232,True,,positive,negative,negative,negative,Immune cells,negative,baseline_immune_all_dropout,svtuner_immune_all_dropout,available_nonimmune_reference_assignment_retained,0.4954433972259401,0.4954433972259401,False,0.5045566027740599,,1.0,Fibroblasts,1.0,0.0,1.0,Fibroblasts,1.0,ok,True,both,negative,0
GGTAGTGCTCGCACCA-1,1,34,72,6286,7601,25336.6666666667,20953.3333333333,25,21,3,1,0.84,0.12,0.04,Tumor,0.84,True,,positive,negative,negative,negative,Immune cells,negative,baseline_immune_all_dropout,svtuner_immune_all_dropout,available_nonimmune_reference_assignment_retained,0.2238872897235177,0.2238872897235177,False,0.7761127102764823,,1.0,PVL,1.0,0.0,1.0,PVL,1.0,ok,True,both,negative,0
GGTATAGTGACACATA-1,1,34,114,6283,11263,37543.3333333333,20943.3333333333,30,30,0,0,1.0,0.0,0.0,Tumor,1.0,True,,positive,negative,negative,negative,Immune cells,negative,baseline_immune_all_dropout,svtuner_immune_all_dropout,available_nonimmune_reference_assignment_retained,0.4018575562318365,0.4018575562318365,False,0.5981424437681635,,1.0,Endothelial cells,1.0,0.0,1.0,Endothelial cells,1.0,ok,True,both,negative,0
GGTATTGCCGAGTTTA-1,1,33,53,6135,5945,19816.6666666667,20450.0,9,2,1,6,0.2222222222222222,0.1111111111111111,0.6666666666666666,Stroma,0.6666666666666666,True,,ambiguous,negative,positive,negative,Immune cells,negative,baseline_immune_all_dropout,svtuner_immune_all_dropout,available_nonimmune_reference_assignment_retained,0.5245599462434706,0.5245599462434706,False,0.4754400537565294,,1.0,Endothelial cells,1.0,0.0,1.0,Endothelial cells,1.0,ok,True,both,negative,0
GGTCAAGACTACTTCG-1,1,53,105,9166,10480,34933.3333333333,30553.3333333333,31,31,0,0,1.0,0.0,0.0,Tumor,1.0,True,,positive,negative,negative,negative,Immune cells,negative,baseline_immune_all_dropout,svtuner_immune_all_dropout,available_nonimmune_reference_assignment_retained,0.2708687239991269,0.2708687239991269,False,0.729131276000873,,1.0,Epithelial cells,1.0,0.0,1.0,Epithelial cells,1.0,ok,True,both,negative,0
GGTCAGTGGGTCCCAC-1,1,48,62,8410,6731,22436.6666666667,28033.3333333333,15,5,9,1,0.3333333333333333,0.6,0.0666666666666666,Immune cells,0.6,True,,ambiguous,positive,negative,positive,Immune cells,positive,baseline_immune_all_dropout,svtuner_immune_all_dropout,available_nonimmune_reference_assignment_retained,0.4163871388320328,0.4163871388320328,False,0.5836128611679672,,1.0,PVL,1.0,0.0,1.0,PVL,1.0,ok,True,both,positive,1
GGTCGGCCAGGAGCTT-1,1,32,84,5982,8647,28823.3333333333,19940.0,35,0,35,0,0.0,1.0,0.0,Immune cells,1.0,True,,negative,positive,negative,positive,Immune cells,positive,baseline_immune_all_dropout,svtuner_immune_all_dropout,reference_unrepresented_withheld_by_stage3b,0.5245258312116247,0.5245258312116247,True,0.4754741687883753,,0.0,__withheld_reference_unrepresented__,0.0,0.0,1.0,Endothelial cells,0.5,ok,True,both,positive,1
GGTCGGTCGTCCACAG-1,1,56,52,9624,5860,19533.3333333333,32080.0,21,21,0,0,1.0,0.0,0.0,Tumor,1.0,True,,positive,negative,negative,negative,Immune cells,negative,baseline_immune_all_dropout,svtuner_immune_all_dropout,available_nonimmune_reference_assignment_retained,0.3546309797124312,0.3546309797124312,False,0.6453690202875688,,1.0,PVL,1.0,0.0,1.0,PVL,1.0,ok,True,both,negative,0
GGTCTCCAAGTAGTGC-1,1,49,125,8558,12224,40746.6666666667,28526.6666666667,27,25,2,0,0.925925925925926,0.074074074074074,0.0,Tumor,0.925925925925926,True,,positive,negative,negative,negative,Immune cells,negative,baseline_immune_all_dropout,svtuner_immune_all_dropout,available_nonimmune_reference_assignment_retained,0.4777524337500851,0.4777524337500851,False,0.5222475662499149,,1.0,Endothelial cells,1.0,0.0,1.0,Endothelial cells,1.0,ok,True,both,negative,0
GGTCTCCGTCCAGGTT-1,1,63,101,10683,10132,33773.3333333333,35610.0,31,25,6,0,0.8064516129032258,0.1935483870967742,0.0,Tumor,0.8064516129032258,True,,positive,negative,negative,negative,Immune cells,negative,baseline_immune_all_dropout,svtuner_immune_all_dropout,available_nonimmune_reference_assignment_retained,0.3645877078010088,0.3645877078010088,False,0.6354122921989912,,1.0,Epithelial cells,1.0,0.0,1.0,Epithelial cells,1.0,ok,True,both,negative,0
GGTCTCTGAATGGACT-1,1,52,34,9018,4290,14300.0,30060.0,37,37,0,0,1.0,0.0,0.0,Tumor,1.0,True,,positive,negative,negative,negative,Immune cells,negative,baseline_immune_all_dropout,svtuner_immune_all_dropout,available_nonimmune_reference_assignment_retained,0.4532793649638501,0.4532793649638501,False,0.54672063503615,,1.0,Endothelial cells,1.0,0.0,1.0,Endothelial cells,1.0,ok,True,both,negative,0
GGTCTTGAGCGCTCTT-1,1,65,65,10989,6994,23313.3333333333,36630.0,21,21,0,0,1.0,0.0,0.0,Tumor,1.0,True,,positive,negative,negative,negative,Immune cells,negative,baseline_immune_all_dropout,svtuner_immune_all_dropout,available_nonimmune_reference_assignment_retained,0.3353655638684944,0.3353655638684944,False,0.6646344361315055,,1.0,PVL,1.0,0.0,1.0,PVL,1.0,ok,True,both,negative,0
GGTGAAGTACAGGGAT-1,1,47,37,8260,4551,15170.0,27533.3333333333,22,20,2,0,0.9090909090909092,0.0909090909090909,0.0,Tumor,0.9090909090909092,True,,positive,negative,negative,negative,Immune cells,negative,baseline_immune_all_dropout,svtuner_immune_all_dropout,reference_unrepresented_withheld_by_stage3b,0.3855614068917383,0.3855614068917383,True,0.6144385931082617,,0.0,__withheld_reference_unrepresented__,0.0,0.0,1.0,Fibroblasts,0.6666666666666666,ok,True,both,negative,0
GGTGATAAGGAGCAGT-1,1,37,79,6740,8212,27373.3333333333,22466.6666666667,17,16,1,0,0.9411764705882352,0.0588235294117647,0.0,Tumor,0.9411764705882352,True,,positive,negative,negative,negative,Immune cells,negative,baseline_immune_all_dropout,svtuner_immune_all_dropout,available_nonimmune_reference_assignment_retained,0.3897898070880786,0.3897898070880786,False,0.6102101929119215,,1.0,Fibroblasts,1.0,0.0,1.0,Fibroblasts,1.0,ok,True,both,negative,0
GGTGCATAAATGATTA-1,1,67,47,11293,5425,18083.3333333333,37643.3333333333,17,13,0,4,0.7647058823529411,0.0,0.2352941176470588,Tumor,0.7647058823529411,True,,positive,negative,ambiguous,negative,Immune cells,negative,baseline_immune_all_dropout,svtuner_immune_all_dropout,available_nonimmune_reference_assignment_retained,0.209657270645294,0.209657270645294,False,0.7903427293547061,,1.0,Fibroblasts,1.0,0.0,1.0,Fibroblasts,1.0,ok,True,both,negative,0
GGTGCTGGTACACATT-1,1,42,46,7501,5335,17783.3333333333,25003.3333333333,20,16,3,1,0.8,0.15,0.05,Tumor,0.8,True,,positive,negative,negative,negative,Immune cells,negative,baseline_immune_all_dropout,svtuner_immune_all_dropout,reference_unrepresented_withheld_by_stage3b,0.4394073721885543,0.4394073721885543,True,0.5605926278114457,,0.0,__withheld_reference_unrepresented__,0.0,0.0,1.0,Endothelial cells,1.0,ok,True,both,negative,0
GGTGGACTGCTCTGGC-1,1,55,85,9471,8737,29123.3333333333,31570.0,20,20,0,0,1.0,0.0,0.0,Tumor,1.0,True,,positive,negative,negative,negative,Immune cells,negative,baseline_immune_all_dropout,svtuner_immune_all_dropout,available_nonimmune_reference_assignment_retained,0.470500888638255,0.470500888638255,False,0.529499111361745,,1.0,Endothelial cells,0.75,0.0,1.0,Endothelial cells,0.75,ok,True,both,negative,0
GGTGGAGGTTGATACG-1,1,44,122,7800,11961,39870.0,26000.0,26,26,0,0,1.0,0.0,0.0,Tumor,1.0,True,,positive,negative,negative,negative,Immune cells,negative,baseline_immune_all_dropout,svtuner_immune_all_dropout,available_nonimmune_reference_assignment_retained,0.4379480981970451,0.4379480981970451,False,0.5620519018029548,,1.0,Endothelial cells,1.0,0.0,1.0,Endothelial cells,1.0,ok,True,both,negative,0
GGTGTAAATCGATTGT-1,1,69,65,11595,6994,23313.3333333333,38650.0,27,25,0,2,0.925925925925926,0.0,0.074074074074074,Tumor,0.925925925925926,True,,positive,negative,negative,negative,Immune cells,negative,baseline_immune_all_dropout,svtuner_immune_all_dropout,available_nonimmune_reference_assignment_retained,0.4005291448831693,0.4005291448831693,False,0.5994708551168306,,1.0,PVL,1.0,0.0,1.0,PVL,1.0,ok,True,both,negative,0
GGTGTAGGTAAGTAAA-1,1,70,50,11748,5687,18956.6666666667,39160.0,27,27,0,0,1.0,0.0,0.0,Tumor,1.0,True,,positive,negative,negative,negative,Immune cells,negative,baseline_immune_all_dropout,svtuner_immune_all_dropout,available_nonimmune_reference_assignment_retained,0.2809031680752064,0.2809031680752064,False,0.7190968319247937,,1.0,Fibroblasts,0.7142857142857143,0.0,1.0,Fibroblasts,0.7142857142857143,ok,True,both,negative,0
GGTGTTGGGCGTCTTA-1,1,49,123,8558,12049,40163.3333333333,28526.6666666667,24,24,0,0,1.0,0.0,0.0,Tumor,1.0,True,,positive,negative,negative,negative,Immune cells,negative,baseline_immune_all_dropout,svtuner_immune_all_dropout,available_nonimmune_reference_assignment_retained,0.4426858540983617,0.4426858540983617,False,0.5573141459016383,,1.0,PVL,1.0,0.0,1.0,PVL,1.0,ok,True,both,negative,0
GGTTACCACCCTCGGG-1,1,45,33,7956,4202,14006.6666666667,26520.0,21,21,0,0,1.0,0.0,0.0,Tumor,1.0,True,,positive,negative,negative,negative,Immune cells,negative,baseline_immune_all_dropout,svtuner_immune_all_dropout,available_nonimmune_reference_assignment_retained,0.2712081010501916,0.2712081010501916,False,0.7287918989498083,,1.0,Fibroblasts,1.0,0.0,1.0,Fibroblasts,1.0,ok,True,both,negative,0
GGTTACCCGACACTTT-1,1,33,123,6131,12048,40160.0,20436.6666666667,18,18,0,0,1.0,0.0,0.0,Tumor,1.0,True,,positive,negative,negative,negative,Immune cells,negative,baseline_immune_all_dropout,svtuner_immune_all_dropout,available_nonimmune_reference_assignment_retained,0.4005977679146023,0.4005977679146023,False,0.5994022320853978,,1.0,PVL,1.0,0.0,1.0,PVL,1.0,ok,True,both,negative,0
GGTTAGCTATATGTCT-1,1,47,87,8257,8910,29700.0,27523.3333333333,27,27,0,0,1.0,0.0,0.0,Tumor,1.0,True,,positive,negative,negative,negative,Immune cells,negative,baseline_immune_all_dropout,svtuner_immune_all_dropout,available_nonimmune_reference_assignment_retained,0.1722709455971739,0.1722709455971739,False,0.8277290544028261,,1.0,Epithelial cells,1.0,0.0,1.0,Epithelial cells,1.0,ok,True,both,negative,0
GGTTCTACTCGTCTGA-1,1,39,105,7042,10479,34930.0,23473.3333333333,25,25,0,0,1.0,0.0,0.0,Tumor,1.0,True,,positive,negative,negative,negative,Immune cells,negative,baseline_immune_all_dropout,svtuner_immune_all_dropout,available_nonimmune_reference_assignment_retained,0.4173124480638526,0.4173124480638526,False,0.5826875519361474,,1.0,PVL,1.0,0.0,1.0,PVL,1.0,ok,True,both,negative,0
GGTTTAATTACCATCG-1,1,63,39,10687,4727,15756.6666666667,35623.3333333333,32,32,0,0,1.0,0.0,0.0,Tumor,1.0,True,,positive,negative,negative,negative,Immune cells,negative,baseline_immune_all_dropout,svtuner_immune_all_dropout,available_nonimmune_reference_assignment_retained,0.2299406758283627,0.2299406758283627,False,0.7700593241716374,,1.0,Endothelial cells,1.0,0.0,1.0,Endothelial cells,1.0,ok,True,both,negative,0
GGTTTAATTGAGCAGG-1,1,26,116,5070,11437,38123.3333333333,16900.0,30,30,0,0,1.0,0.0,0.0,Tumor,1.0,True,,positive,negative,negative,negative,Immune cells,negative,baseline_immune_all_dropout,svtuner_immune_all_dropout,available_nonimmune_reference_assignment_retained,0.4526634997375791,0.4526634997375791,False,0.5473365002624209,,1.0,Endothelial cells,1.0,0.0,1.0,Endothelial cells,1.0,ok,True,both,negative,0
GGTTTAGCCTTTCTTG-1,1,46,102,8104,10218,34060.0,27013.3333333333,32,32,0,0,1.0,0.0,0.0,Tumor,1.0,True,,positive,negative,negative,negative,Immune cells,negative,baseline_immune_all_dropout,svtuner_immune_all_dropout,available_nonimmune_reference_assignment_retained,0.3410630517237749,0.3410630517237749,False,0.6589369482762251,,1.0,Epithelial cells,1.0,0.0,1.0,Epithelial cells,1.0,ok,True,both,negative,0
GGTTTCAATCGGTCAG-1,1,33,91,6133,9258,30860.0,20443.3333333333,24,24,0,0,1.0,0.0,0.0,Tumor,1.0,True,,positive,negative,negative,negative,Immune cells,negative,baseline_immune_all_dropout,svtuner_immune_all_dropout,available_nonimmune_reference_assignment_retained,0.2631520073779341,0.2631520073779341,False,0.7368479926220659,,1.0,Fibroblasts,0.6666666666666666,0.0,1.0,Fibroblasts,0.6666666666666666,ok,True,both,negative,0
GGTTTGTGACCTGAGG-1,1,61,105,10380,10481,34936.6666666667,34600.0,22,21,1,0,0.9545454545454546,0.0454545454545454,0.0,Tumor,0.9545454545454546,True,,positive,negative,negative,negative,Immune cells,negative,baseline_immune_all_dropout,svtuner_immune_all_dropout,available_nonimmune_reference_assignment_retained,0.304501612665991,0.304501612665991,False,0.695498387334009,,1.0,Endothelial cells,0.5,0.0,1.0,Endothelial cells,0.5,ok,True,both,negative,0
GTAAGTAACAGTCTGG-1,1,40,82,7195,8474,28246.6666666667,23983.3333333333,27,27,0,0,1.0,0.0,0.0,Tumor,1.0,True,,positive,negative,negative,negative,Immune cells,negative,baseline_immune_all_dropout,svtuner_immune_all_dropout,available_nonimmune_reference_assignment_retained,0.2535615476082857,0.2535615476082857,False,0.7464384523917142,,1.0,Epithelial cells,1.0,0.0,1.0,Epithelial cells,1.0,ok,True,both,negative,0
GTAAGTCCACACTCTA-1,1,43,119,7648,11700,39000.0,25493.3333333333,14,14,0,0,1.0,0.0,0.0,Tumor,1.0,True,,positive,negative,negative,negative,Immune cells,negative,baseline_immune_all_dropout,svtuner_immune_all_dropout,available_nonimmune_reference_assignment_retained,0.4989160173503754,0.4989160173503754,False,0.5010839826496246,,1.0,PVL,1.0,0.0,1.0,PVL,1.0,ok,True,both,negative,0
GTAATAAAGGGCTCCC-1,1,31,103,5829,10304,34346.6666666667,19430.0,34,32,2,0,0.9411764705882352,0.0588235294117647,0.0,Tumor,0.9411764705882352,True,,positive,negative,negative,negative,Immune cells,negative,baseline_immune_all_dropout,svtuner_immune_all_dropout,available_nonimmune_reference_assignment_retained,0.3556379935445616,0.3556379935445616,False,0.6443620064554384,,1.0,Endothelial cells,0.8,0.0,1.0,Endothelial cells,0.8,ok,True,both,negative,0
GTAATCTGATTCTTCG-1,1,50,44,8714,5162,17206.6666666667,29046.6666666667,23,23,0,0,1.0,0.0,0.0,Tumor,1.0,True,,positive,negative,negative,negative,Immune cells,negative,baseline_immune_all_dropout,svtuner_immune_all_dropout,available_nonimmune_reference_assignment_retained,0.2548825735883003,0.2548825735883003,False,0.7451174264116998,,1.0,Epithelial cells,1.0,0.0,1.0,Epithelial cells,1.0,ok,True,both,negative,0
GTACACTTACCTGAAG-1,1,36,64,6589,6904,23013.3333333333,21963.3333333333,26,26,0,0,1.0,0.0,0.0,Tumor,1.0,True,,positive,negative,negative,negative,Immune cells,negative,baseline_immune_all_dropout,svtuner_immune_all_dropout,available_nonimmune_reference_assignment_retained,0.2692600791302973,0.2692600791302973,False,0.7307399208697027,,1.0,PVL,0.7142857142857143,0.0,1.0,PVL,0.7142857142857143,ok,True,both,negative,0
GTACGCTTCATTGCAC-1,1,46,72,8106,7603,25343.3333333333,27020.0,34,34,0,0,1.0,0.0,0.0,Tumor,1.0,True,,positive,negative,negative,negative,Immune cells,negative,baseline_immune_all_dropout,svtuner_immune_all_dropout,available_nonimmune_reference_assignment_retained,0.3376604866471432,0.3376604866471432,False,0.6623395133528568,,1.0,Epithelial cells,1.0,0.0,1.0,Epithelial cells,1.0,ok,True,both,negative,0
GTACGTTTGCCCGTCA-1,1,44,68,7803,7254,24180.0,26010.0,26,26,0,0,1.0,0.0,0.0,Tumor,1.0,True,,positive,negative,negative,negative,Immune cells,negative,baseline_immune_all_dropout,svtuner_immune_all_dropout,available_nonimmune_reference_assignment_retained,0.4520577401692595,0.4520577401692595,False,0.5479422598307405,,1.0,PVL,1.0,0.0,1.0,PVL,1.0,ok,True,both,negative,0
GTACTCCTGGGTATGC-1,1,26,102,5070,10216,34053.3333333333,16900.0,22,22,0,0,1.0,0.0,0.0,Tumor,1.0,True,,positive,negative,negative,negative,Immune cells,negative,baseline_immune_all_dropout,svtuner_immune_all_dropout,available_nonimmune_reference_assignment_retained,0.3038870645247717,0.3038870645247717,False,0.6961129354752282,,1.0,PVL,1.0,0.0,1.0,PVL,1.0,ok,True,both,negative,0
GTACTGGAGTTAGACC-1,1,33,81,6133,8386,27953.3333333333,20443.3333333333,30,30,0,0,1.0,0.0,0.0,Tumor,1.0,True,,positive,negative,negative,negative,Immune cells,negative,baseline_immune_all_dropout,svtuner_immune_all_dropout,available_nonimmune_reference_assignment_retained,0.1705822162343892,0.1705822162343892,False,0.8294177837656108,,1.0,Epithelial cells,1.0,0.0,1.0,Epithelial cells,1.0,ok,True,both,negative,0
GTAGACACGCCTGACT-1,1,63,67,10685,7168,23893.3333333333,35616.6666666667,18,18,0,0,1.0,0.0,0.0,Tumor,1.0,True,,positive,negative,negative,negative,Immune cells,negative,baseline_immune_all_dropout,svtuner_immune_all_dropout,available_nonimmune_reference_assignment_retained,0.498273743784769,0.498273743784769,False,0.5017262562152309,,1.0,PVL,1.0,0.0,1.0,PVL,1.0,ok,True,both,negative,0
GTAGAGGGAGACAAGT-1,1,51,31,8867,4029,13430.0,29556.6666666667,27,27,0,0,1.0,0.0,0.0,Tumor,1.0,True,,positive,negative,negative,negative,Immune cells,negative,baseline_immune_all_dropout,svtuner_immune_all_dropout,available_nonimmune_reference_assignment_retained,0.1731926825995245,0.1731926825995245,False,0.8268073174004755,,1.0,Epithelial cells,1.0,0.0,1.0,Epithelial cells,1.0,ok,True,both,negative,0
GTAGCCAAACATGGGA-1,1,50,70,8713,7429,24763.3333333333,29043.3333333333,21,21,0,0,1.0,0.0,0.0,Tumor,1.0,True,,positive,negative,negative,negative,Immune cells,negative,baseline_immune_all_dropout,svtuner_immune_all_dropout,available_nonimmune_reference_assignment_retained,0.4438200425273177,0.4438200425273177,False,0.5561799574726822,,1.0,Endothelial cells,0.75,0.0,1.0,Endothelial cells,0.75,ok,True,both,negative,0
GTAGCGGCTATACACT-1,1,39,69,7044,7340,24466.6666666667,23480.0,26,23,0,3,0.8846153846153846,0.0,0.1153846153846153,Tumor,0.8846153846153846,True,,positive,negative,negative,negative,Immune cells,negative,baseline_immune_all_dropout,svtuner_immune_all_dropout,available_nonimmune_reference_assignment_retained,0.3767880389391942,0.3767880389391942,False,0.6232119610608058,,1.0,Endothelial cells,0.6,0.0,1.0,Endothelial cells,0.6,ok,True,both,negative,0
GTAGCTCCGGGAGGCT-1,1,65,37,10990,4553,15176.6666666667,36633.3333333333,23,23,0,0,1.0,0.0,0.0,Tumor,1.0,True,,positive,negative,negative,negative,Immune cells,negative,baseline_immune_all_dropout,svtuner_immune_all_dropout,available_nonimmune_reference_assignment_retained,0.3434944551752358,0.3434944551752358,False,0.6565055448247642,,1.0,Fibroblasts,0.8,0.0,1.0,Fibroblasts,0.8,ok,True,both,negative,0
GTAGCTTCCTCTTGTT-1,1,31,89,5830,9083,30276.6666666667,19433.3333333333,23,23,0,0,1.0,0.0,0.0,Tumor,1.0,True,,positive,negative,negative,negative,Immune cells,negative,baseline_immune_all_dropout,svtuner_immune_all_dropout,available_nonimmune_reference_assignment_retained,0.2923761618763185,0.2923761618763185,False,0.7076238381236815,,1.0,Fibroblasts,1.0,0.0,1.0,Fibroblasts,1.0,ok,True,both,negative,0
GTAGTCGCGGGAATCA-1,1,49,81,8561,8387,27956.6666666667,28536.6666666667,23,23,0,0,1.0,0.0,0.0,Tumor,1.0,True,,positive,negative,negative,negative,Immune cells,negative,baseline_immune_all_dropout,svtuner_immune_all_dropout,available_nonimmune_reference_assignment_retained,0.1962247942806466,0.1962247942806466,False,0.8037752057193535,,1.0,Epithelial cells,1.0,0.0,1.0,Epithelial cells,1.0,ok,True,both,negative,0
GTAGTCTACGATATTG-1,1,63,77,10685,8040,26800.0,35616.6666666667,13,3,0,10,0.2307692307692307,0.0,0.7692307692307693,Stroma,0.7692307692307693,True,,ambiguous,negative,positive,negative,Immune cells,negative,baseline_immune_all_dropout,svtuner_immune_all_dropout,available_nonimmune_reference_assignment_retained,0.4822893066363558,0.4822893066363558,False,0.5177106933636442,,1.0,Fibroblasts,0.6666666666666666,0.0,1.0,Fibroblasts,0.6666666666666666,ok,True,both,negative,0
GTAGTTCGAAGGCGAA-1,1,65,39,10990,4727,15756.6666666667,36633.3333333333,17,17,0,0,1.0,0.0,0.0,Tumor,1.0,True,,positive,negative,negative,negative,Immune cells,negative,baseline_immune_all_dropout,svtuner_immune_all_dropout,available_nonimmune_reference_assignment_retained,0.4962363955191473,0.4962363955191473,False,0.5037636044808527,,1.0,Endothelial cells,1.0,0.0,1.0,Endothelial cells,1.0,ok,True,both,negative,0
GTATCAAACGTTAGCT-1,1,55,97,9470,9783,32610.0,31566.6666666667,29,29,0,0,1.0,0.0,0.0,Tumor,1.0,True,,positive,negative,negative,negative,Immune cells,negative,baseline_immune_all_dropout,svtuner_immune_all_dropout,available_nonimmune_reference_assignment_retained,0.1488279688042275,0.1488279688042275,False,0.8511720311957724,,1.0,Epithelial cells,1.0,0.0,1.0,Epithelial cells,1.0,ok,True,both,negative,0
GTATCCTTTGGTAACC-1,1,64,92,10835,9348,31160.0,36116.6666666667,28,28,0,0,1.0,0.0,0.0,Tumor,1.0,True,,positive,negative,negative,negative,Immune cells,negative,baseline_immune_all_dropout,svtuner_immune_all_dropout,available_nonimmune_reference_assignment_retained,0.3305390583790505,0.3305390583790505,False,0.6694609416209495,,1.0,Epithelial cells,1.0,0.0,1.0,Epithelial cells,1.0,ok,True,both,negative,0
GTATCTTTCATAACCA-1,1,46,66,8106,7079,23596.6666666667,27020.0,28,28,0,0,1.0,0.0,0.0,Tumor,1.0,True,,positive,negative,negative,negative,Immune cells,negative,baseline_immune_all_dropout,svtuner_immune_all_dropout,available_nonimmune_reference_assignment_retained,0.2198924494780193,0.2198924494780193,False,0.7801075505219807,,1.0,Epithelial cells,0.7142857142857143,0.0,1.0,Epithelial cells,0.7142857142857143,ok,True,both,negative,0
GTATGTGGGTCTAGTT-1,1,38,92,6891,9345,31150.0,22970.0,20,20,0,0,1.0,0.0,0.0,Tumor,1.0,True,,positive,negative,negative,negative,Immune cells,negative,baseline_immune_all_dropout,svtuner_immune_all_dropout,available_nonimmune_reference_assignment_retained,0.4011744960858098,0.4011744960858098,False,0.5988255039141902,,1.0,PVL,1.0,0.0,1.0,PVL,1.0,ok,True,both,negative,0
GTATTCTGAGAAACGA-1,1,48,38,8411,4639,15463.3333333333,28036.6666666667,29,29,0,0,1.0,0.0,0.0,Tumor,1.0,True,,positive,negative,negative,negative,Immune cells,negative,baseline_immune_all_dropout,svtuner_immune_all_dropout,available_nonimmune_reference_assignment_retained,0.3716402835203242,0.3716402835203242,False,0.6283597164796758,,1.0,PVL,1.0,0.0,1.0,PVL,1.0,ok,True,both,negative,0
GTCAAGCGGACTCGGG-1,1,39,77,7044,8038,26793.3333333333,23480.0,19,18,0,1,0.9473684210526316,0.0,0.0526315789473684,Tumor,0.9473684210526316,True,,positive,negative,negative,negative,Immune cells,negative,baseline_immune_all_dropout,svtuner_immune_all_dropout,available_nonimmune_reference_assignment_retained,0.2773764106269205,0.2773764106269205,False,0.7226235893730795,,1.0,Endothelial cells,0.5,0.0,1.0,Endothelial cells,0.5,ok,True,both,negative,0
GTCAATGCTATAATTT-1,1,22,120,4463,11785,39283.3333333333,14876.6666666667,27,27,0,0,1.0,0.0,0.0,Tumor,1.0,True,,positive,negative,negative,negative,Immune cells,negative,baseline_immune_all_dropout,svtuner_immune_all_dropout,available_nonimmune_reference_assignment_retained,0.3715343346736696,0.3715343346736696,False,0.6284656653263304,,1.0,Fibroblasts,0.6,0.0,1.0,Fibroblasts,0.6,ok,True,both,negative,0
GTCATGCGCGAGGGCT-1,1,64,98,10835,9871,32903.3333333333,36116.6666666667,29,27,2,0,0.9310344827586208,0.0689655172413793,0.0,Tumor,0.9310344827586208,True,,positive,negative,negative,negative,Immune cells,negative,baseline_immune_all_dropout,svtuner_immune_all_dropout,available_nonimmune_reference_assignment_retained,0.4635318835608206,0.4635318835608206,False,0.5364681164391794,,1.0,Endothelial cells,1.0,0.0,1.0,Endothelial cells,1.0,ok,True,both,negative,0
GTCATTAGAGCGAACG-1,1,37,67,6741,7166,23886.6666666667,22470.0,21,16,4,1,0.7619047619047619,0.1904761904761904,0.0476190476190476,Tumor,0.7619047619047619,True,,positive,negative,negative,negative,Immune cells,negative,baseline_immune_all_dropout,svtuner_immune_all_dropout,available_nonimmune_reference_assignment_retained,0.4210008552325113,0.4210008552325113,False,0.5789991447674887,,1.0,Fibroblasts,1.0,0.0,1.0,Fibroblasts,1.0,ok,True,both,negative,0
GTCCAATATTTAGCCT-1,1,65,53,10989,5948,19826.6666666667,36630.0,27,27,0,0,1.0,0.0,0.0,Tumor,1.0,True,,positive,negative,negative,negative,Immune cells,negative,baseline_immune_all_dropout,svtuner_immune_all_dropout,available_nonimmune_reference_assignment_retained,0.3168350814104764,0.3168350814104764,False,0.6831649185895237,,1.0,PVL,1.0,0.0,1.0,PVL,1.0,ok,True,both,negative,0
GTCCAGGCACGTGTGC-1,1,70,44,11748,5164,17213.3333333333,39160.0,9,1,0,8,0.1111111111111111,0.0,0.8888888888888888,Stroma,0.8888888888888888,True,,negative,negative,positive,negative,Immune cells,negative,baseline_immune_all_dropout,svtuner_immune_all_dropout,available_nonimmune_reference_assignment_retained,0.5970725452228729,0.5970725452228729,False,0.4029274547771271,,1.0,PVL,1.0,0.0,1.0,PVL,1.0,ok,True,both,negative,0
GTCCATTACTGCTACG-1,1,42,106,7497,10566,35220.0,24990.0,22,19,0,3,0.8636363636363636,0.0,0.1363636363636363,Tumor,0.8636363636363636,True,,positive,negative,negative,negative,Immune cells,negative,baseline_immune_all_dropout,svtuner_immune_all_dropout,available_nonimmune_reference_assignment_retained,0.4531599976507917,0.4531599976507917,False,0.5468400023492084,,1.0,PVL,1.0,0.0,1.0,PVL,1.0,ok,True,both,negative,0
GTCCCGCGACGTTATG-1,1,58,82,9926,8476,28253.3333333333,33086.6666666667,28,28,0,0,1.0,0.0,0.0,Tumor,1.0,True,,positive,negative,negative,negative,Immune cells,negative,baseline_immune_all_dropout,svtuner_immune_all_dropout,available_nonimmune_reference_assignment_retained,0.3096830969279068,0.3096830969279068,False,0.6903169030720933,,1.0,PVL,1.0,0.0,1.0,PVL,1.0,ok,True,both,negative,0
GTCCGGACCTGAAATT-1,1,54,88,9319,8998,29993.3333333333,31063.3333333333,19,16,1,2,0.8421052631578947,0.0526315789473684,0.1052631578947368,Tumor,0.8421052631578947,True,,positive,negative,negative,negative,Immune cells,negative,baseline_immune_all_dropout,svtuner_immune_all_dropout,available_nonimmune_reference_assignment_retained,0.2690014196032765,0.2690014196032765,False,0.7309985803967235,,1.0,Fibroblasts,0.5,0.0,1.0,Fibroblasts,0.5,ok,True,both,negative,0
GTCCGGGTTCACATTA-1,1,69,71,11595,7518,25060.0,38650.0,18,18,0,0,1.0,0.0,0.0,Tumor,1.0,True,,positive,negative,negative,negative,Immune cells,negative,baseline_immune_all_dropout,svtuner_immune_all_dropout,available_nonimmune_reference_assignment_retained,0.3149798630814657,0.3149798630814657,False,0.6850201369185343,,1.0,Fibroblasts,1.0,0.0,1.0,Fibroblasts,1.0,ok,True,both,negative,0
GTCCTACGAATAGTCT-1,1,53,91,9167,9260,30866.6666666667,30556.6666666667,36,36,0,0,1.0,0.0,0.0,Tumor,1.0,True,,positive,negative,negative,negative,Immune cells,negative,baseline_immune_all_dropout,svtuner_immune_all_dropout,available_nonimmune_reference_assignment_retained,0.2115204575786323,0.2115204575786323,False,0.7884795424213678,,1.0,Epithelial cells,1.0,0.0,1.0,Epithelial cells,1.0,ok,True,both,negative,0
GTCGATAGGTGACTTT-1,1,53,121,9165,11875,39583.3333333333,30550.0,19,18,1,0,0.9473684210526316,0.0526315789473684,0.0,Tumor,0.9473684210526316,True,,positive,negative,negative,negative,Immune cells,negative,baseline_immune_all_dropout,svtuner_immune_all_dropout,available_nonimmune_reference_assignment_retained,0.4486564277322625,0.4486564277322625,False,0.5513435722677376,,1.0,PVL,1.0,0.0,1.0,PVL,1.0,ok,True,both,negative,0
GTCGCCGTTGTGTGTT-1,1,57,43,9776,5075,16916.6666666667,32586.6666666667,23,18,2,3,0.782608695652174,0.0869565217391304,0.1304347826086956,Tumor,0.782608695652174,True,,positive,negative,negative,negative,Immune cells,negative,baseline_immune_all_dropout,svtuner_immune_all_dropout,available_nonimmune_reference_assignment_retained,0.4896142113143794,0.4896142113143794,False,0.5103857886856207,,1.0,PVL,1.0,0.0,1.0,PVL,1.0,ok,True,both,negative,0
GTCGCGTAACCCGTTG-1,1,39,75,7044,7863,26210.0,23480.0,26,26,0,0,1.0,0.0,0.0,Tumor,1.0,True,,positive,negative,negative,negative,Immune cells,negative,baseline_immune_all_dropout,svtuner_immune_all_dropout,available_nonimmune_reference_assignment_retained,0.3657665367002811,0.3657665367002811,False,0.6342334632997189,,1.0,Fibroblasts,0.6,0.0,1.0,Fibroblasts,0.6,ok,True,both,negative,0
GTCGGGAAGCAGAAAC-1,1,59,65,10078,6994,23313.3333333333,33593.3333333333,21,21,0,0,1.0,0.0,0.0,Tumor,1.0,True,,positive,negative,negative,negative,Immune cells,negative,baseline_immune_all_dropout,svtuner_immune_all_dropout,available_nonimmune_reference_assignment_retained,0.3752223595669152,0.3752223595669152,False,0.6247776404330848,,1.0,Fibroblasts,0.8,0.0,1.0,Fibroblasts,0.8,ok,True,both,negative,0
GTCGTCTGGTTGGCTA-1,1,30,122,5676,11960,39866.6666666667,18920.0,23,23,0,0,1.0,0.0,0.0,Tumor,1.0,True,,positive,negative,negative,negative,Immune cells,negative,baseline_immune_all_dropout,svtuner_immune_all_dropout,available_nonimmune_reference_assignment_retained,0.4789372006322193,0.4789372006322193,False,0.5210627993677808,,1.0,Fibroblasts,1.0,0.0,1.0,Fibroblasts,1.0,ok,True,both,negative,0
GTCGTTATTCGCTTAT-1,1,46,76,8106,7951,26503.3333333333,27020.0,18,18,0,0,1.0,0.0,0.0,Tumor,1.0,True,,positive,negative,negative,negative,Immune cells,negative,baseline_immune_all_dropout,svtuner_immune_all_dropout,available_nonimmune_reference_assignment_retained,0.5208432439239913,0.5208432439239913,False,0.4791567560760087,,1.0,Fibroblasts,0.6666666666666666,0.0,1.0,Fibroblasts,0.6666666666666666,ok,True,both,negative,0
GTCTAGTGAGCCGCTT-1,1,66,92,11139,9348,31160.0,37130.0,19,18,1,0,0.9473684210526316,0.0526315789473684,0.0,Tumor,0.9473684210526316,True,,positive,negative,negative,negative,Immune cells,negative,baseline_immune_all_dropout,svtuner_immune_all_dropout,available_nonimmune_reference_assignment_retained,0.4362240722693866,0.4362240722693866,False,0.5637759277306134,,1.0,Fibroblasts,1.0,0.0,1.0,Fibroblasts,1.0,ok,True,both,negative,0
GTCTATACACGCATGG-1,1,74,50,12355,5687,18956.6666666667,41183.3333333333,16,0,14,2,0.0,0.875,0.125,Immune cells,0.875,True,,negative,positive,negative,positive,Immune cells,positive,baseline_immune_all_dropout,svtuner_immune_all_dropout,reference_unrepresented_withheld_by_stage3b,0.6314352379261783,0.6314352379261783,True,0.3685647620738217,,0.0,__withheld_reference_unrepresented__,0.0,0.0,1.0,Fibroblasts,1.0,ok,True,both,positive,1
GTCTATCTGAGTTTCT-1,1,40,42,7197,4987,16623.3333333333,23990.0,25,24,1,0,0.96,0.04,0.0,Tumor,0.96,True,,positive,negative,negative,negative,Immune cells,negative,baseline_immune_all_dropout,svtuner_immune_all_dropout,available_nonimmune_reference_assignment_retained,0.2423923254754137,0.2423923254754137,False,0.7576076745245863,,1.0,Fibroblasts,1.0,0.0,1.0,Fibroblasts,1.0,ok,True,both,negative,0
GTCTATTGCATGCTCG-1,1,65,105,10986,10481,34936.6666666667,36620.0,4,0,0,4,0.0,0.0,1.0,Stroma,1.0,True,,negative,negative,positive,negative,Immune cells,negative,baseline_immune_all_dropout,svtuner_immune_all_dropout,available_nonimmune_reference_assignment_retained,0.6064161440293531,0.6064161440293531,False,0.3935838559706469,,1.0,Endothelial cells,1.0,0.0,1.0,Endothelial cells,1.0,ok,True,both,negative,0
GTCTATTGGTTCCGGT-1,1,50,90,8712,9172,30573.3333333333,29040.0,24,24,0,0,1.0,0.0,0.0,Tumor,1.0,True,,positive,negative,negative,negative,Immune cells,negative,baseline_immune_all_dropout,svtuner_immune_all_dropout,available_nonimmune_reference_assignment_retained,0.4069035370547907,0.4069035370547907,False,0.5930964629452093,,1.0,Epithelial cells,1.0,0.0,1.0,Epithelial cells,1.0,ok,True,both,negative,0
GTCTCAAGGCCCGGCT-1,1,60,66,10230,7081,23603.3333333333,34100.0,19,19,0,0,1.0,0.0,0.0,Tumor,1.0,True,,positive,negative,negative,negative,Immune cells,negative,baseline_immune_all_dropout,svtuner_immune_all_dropout,available_nonimmune_reference_assignment_retained,0.2642346068048142,0.2642346068048142,False,0.7357653931951857,,1.0,Epithelial cells,0.6666666666666666,0.0,1.0,Epithelial cells,0.6666666666666666,ok,True,both,negative,0
GTCTCCGCCTCAATAC-1,1,71,61,11899,6646,22153.3333333333,39663.3333333333,19,12,0,7,0.631578947368421,0.0,0.3684210526315789,Tumor,0.631578947368421,True,,positive,negative,ambiguous,negative,Immune cells,negative,baseline_immune_all_dropout,svtuner_immune_all_dropout,available_nonimmune_reference_assignment_retained,0.5011558342909406,0.5011558342909406,False,0.4988441657090594,,1.0,Fibroblasts,1.0,0.0,1.0,Fibroblasts,1.0,ok,True,both,negative,0
GTCTGCCGACTCGACG-1,1,73,87,12201,8913,29710.0,40670.0,15,0,9,6,0.0,0.6,0.4,Immune cells,0.6,True,,negative,positive,ambiguous,positive,Immune cells,positive,baseline_immune_all_dropout,svtuner_immune_all_dropout,available_nonimmune_reference_assignment_retained,0.6272941324138364,0.6272941324138364,False,0.3727058675861636,,1.0,Fibroblasts,1.0,0.0,1.0,Fibroblasts,1.0,ok,True,both,positive,1
GTCTTGAGGAGCAGTG-1,1,38,116,6890,11438,38126.6666666667,22966.6666666667,24,24,0,0,1.0,0.0,0.0,Tumor,1.0,True,,positive,negative,negative,negative,Immune cells,negative,baseline_immune_all_dropout,svtuner_immune_all_dropout,available_nonimmune_reference_assignment_retained,0.4728005158817306,0.4728005158817306,False,0.5271994841182694,,1.0,PVL,0.6666666666666666,0.0,1.0,PVL,0.6666666666666666,ok,True,both,negative,0
GTGAACTCCCATTCGA-1,1,30,104,5677,10391,34636.6666666667,18923.3333333333,29,29,0,0,1.0,0.0,0.0,Tumor,1.0,True,,positive,negative,negative,negative,Immune cells,negative,baseline_immune_all_dropout,svtuner_immune_all_dropout,available_nonimmune_reference_assignment_retained,0.41006595045695,0.41006595045695,False,0.5899340495430501,,1.0,Endothelial cells,1.0,0.0,1.0,Endothelial cells,1.0,ok,True,both,negative,0
GTGACAGCTTCCCACT-1,1,64,74,10836,7779,25930.0,36120.0,15,12,3,0,0.8,0.2,0.0,Tumor,0.8,True,,positive,negative,negative,negative,Immune cells,negative,baseline_immune_all_dropout,svtuner_immune_all_dropout,available_nonimmune_reference_assignment_retained,0.4882442961196079,0.4882442961196079,False,0.5117557038803922,,1.0,PVL,1.0,0.0,1.0,PVL,1.0,ok,True,both,negative,0
GTGACCGCACACTACG-1,1,39,91,7043,9258,30860.0,23476.6666666667,22,22,0,0,1.0,0.0,0.0,Tumor,1.0,True,,positive,negative,negative,negative,Immune cells,negative,baseline_immune_all_dropout,svtuner_immune_all_dropout,available_nonimmune_reference_assignment_retained,0.409222270254694,0.409222270254694,False,0.5907777297453061,,1.0,Epithelial cells,1.0,0.0,1.0,Epithelial cells,1.0,ok,True,both,negative,0
GTGACCTAAAGAATAA-1,1,30,124,5676,12135,40450.0,18920.0,25,25,0,0,1.0,0.0,0.0,Tumor,1.0,True,,positive,negative,negative,negative,Immune cells,negative,baseline_immune_all_dropout,svtuner_immune_all_dropout,available_nonimmune_reference_assignment_retained,0.3653037022500494,0.3653037022500494,False,0.6346962977499506,,1.0,PVL,1.0,0.0,1.0,PVL,1.0,ok,True,both,negative,0
GTGACGAGGGTGACCC-1,1,32,114,5980,11263,37543.3333333333,19933.3333333333,26,26,0,0,1.0,0.0,0.0,Tumor,1.0,True,,positive,negative,negative,negative,Immune cells,negative,baseline_immune_all_dropout,svtuner_immune_all_dropout,available_nonimmune_reference_assignment_retained,0.4959452415746593,0.4959452415746593,False,0.5040547584253408,,1.0,PVL,1.0,0.0,1.0,PVL,1.0,ok,True,both,negative,0
GTGACGCAGGTTTCAT-1,1,65,75,10988,7866,26220.0,36626.6666666667,17,14,2,1,0.8235294117647058,0.1176470588235294,0.0588235294117647,Tumor,0.8235294117647058,True,,positive,negative,negative,negative,Immune cells,negative,baseline_immune_all_dropout,svtuner_immune_all_dropout,available_nonimmune_reference_assignment_retained,0.321932011591481,0.321932011591481,False,0.678067988408519,,1.0,PVL,0.8333333333333334,0.0,1.0,PVL,0.8333333333333334,ok,True,both,negative,0
GTGACTTCAGTAGTGC-1,1,46,50,8107,5685,18950.0,27023.3333333333,23,23,0,0,1.0,0.0,0.0,Tumor,1.0,True,,positive,negative,negative,negative,Immune cells,negative,baseline_immune_all_dropout,svtuner_immune_all_dropout,available_nonimmune_reference_assignment_retained,0.334880325113816,0.334880325113816,False,0.6651196748861841,,1.0,Fibroblasts,0.6666666666666666,0.0,1.0,Fibroblasts,0.6666666666666666,ok,True,both,negative,0
GTGAGATAACCTTATA-1,1,69,41,11597,4902,16340.0,38656.6666666667,12,8,0,4,0.6666666666666666,0.0,0.3333333333333333,Tumor,0.6666666666666666,True,,positive,negative,ambiguous,negative,Immune cells,negative,baseline_immune_all_dropout,svtuner_immune_all_dropout,available_nonimmune_reference_assignment_retained,0.3950392043414237,0.3950392043414237,False,0.6049607956585763,,1.0,PVL,0.8,0.0,1.0,PVL,0.8,ok,True,both,negative,0
GTGAGGACACTTAAGG-1,1,41,77,7347,8038,26793.3333333333,24490.0,32,32,0,0,1.0,0.0,0.0,Tumor,1.0,True,,positive,negative,negative,negative,Immune cells,negative,baseline_immune_all_dropout,svtuner_immune_all_dropout,available_nonimmune_reference_assignment_retained,0.4541851203308526,0.4541851203308526,False,0.5458148796691473,,1.0,PVL,0.75,0.0,1.0,PVL,0.75,ok,True,both,negative,0
GTGAGTGGTACAACGC-1,1,52,56,9017,6208,20693.3333333333,30056.6666666667,22,21,1,0,0.9545454545454546,0.0454545454545454,0.0,Tumor,0.9545454545454546,True,,positive,negative,negative,negative,Immune cells,negative,baseline_immune_all_dropout,svtuner_immune_all_dropout,available_nonimmune_reference_assignment_retained,0.4672898362400474,0.4672898362400474,False,0.5327101637599526,,1.0,Endothelial cells,1.0,0.0,1.0,Endothelial cells,1.0,ok,True,both,negative,0
GTGATCAAGCGTGCAC-1,1,65,27,10991,3681,12270.0,36636.6666666667,17,3,11,3,0.1764705882352941,0.6470588235294118,0.1764705882352941,Immune cells,0.6470588235294118,True,,negative,positive,negative,positive,Immune cells,positive,baseline_immune_all_dropout,svtuner_immune_all_dropout,available_nonimmune_reference_assignment_retained,0.3754249872921483,0.3754249872921483,False,0.6245750127078518,,1.0,Endothelial cells,0.8,0.0,1.0,Endothelial cells,0.8,ok,True,both,positive,1
GTGATCACTAACGCCT-1,1,47,97,8256,9782,32606.6666666667,27520.0,24,24,0,0,1.0,0.0,0.0,Tumor,1.0,True,,positive,negative,negative,negative,Immune cells,negative,baseline_immune_all_dropout,svtuner_immune_all_dropout,available_nonimmune_reference_assignment_retained,0.2979740326253265,0.2979740326253265,False,0.7020259673746735,,1.0,Epithelial cells,1.0,0.0,1.0,Epithelial cells,1.0,ok,True,both,negative,0
GTGATCATAGATCTGC-1,1,45,57,7955,6295,20983.3333333333,26516.6666666667,18,18,0,0,1.0,0.0,0.0,Tumor,1.0,True,,positive,negative,negative,negative,Immune cells,negative,baseline_immune_all_dropout,svtuner_immune_all_dropout,available_nonimmune_reference_assignment_retained,0.3651439309651056,0.3651439309651056,False,0.6348560690348943,,1.0,Fibroblasts,0.8,0.0,1.0,Fibroblasts,0.8,ok,True,both,negative,0
GTGATCCTTGTCATGA-1,1,62,84,10532,8650,28833.3333333333,35106.6666666667,25,25,0,0,1.0,0.0,0.0,Tumor,1.0,True,,positive,negative,negative,negative,Immune cells,negative,baseline_immune_all_dropout,svtuner_immune_all_dropout,available_nonimmune_reference_assignment_retained,0.2743836449162218,0.2743836449162218,False,0.7256163550837782,,1.0,Epithelial cells,1.0,0.0,1.0,Epithelial cells,1.0,ok,True,both,negative,0
GTGATTCGCCGCTCAA-1,1,48,40,8411,4813,16043.3333333333,28036.6666666667,23,4,18,1,0.1739130434782608,0.782608695652174,0.0434782608695652,Immune cells,0.782608695652174,True,,negative,positive,negative,positive,Immune cells,positive,baseline_immune_all_dropout,svtuner_immune_all_dropout,reference_unrepresented_withheld_by_stage3b,0.6079033459284184,0.6079033459284184,True,0.3920966540715815,,0.0,__withheld_reference_unrepresented__,0.0,0.0,1.0,Fibroblasts,0.6666666666666666,ok,True,both,positive,1
GTGCACCAGCTTCAAC-1,1,66,54,11141,6035,20116.6666666667,37136.6666666667,18,16,0,2,0.8888888888888888,0.0,0.1111111111111111,Tumor,0.8888888888888888,True,,positive,negative,negative,negative,Immune cells,negative,baseline_immune_all_dropout,svtuner_immune_all_dropout,available_nonimmune_reference_assignment_retained,0.412986595022306,0.412986595022306,False,0.587013404977694,,1.0,PVL,1.0,0.0,1.0,PVL,1.0,ok,True,both,negative,0
GTGCAGCGTAGAGTAG-1,1,52,124,9013,12137,40456.6666666667,30043.3333333333,22,5,17,0,0.2272727272727272,0.7727272727272727,0.0,Immune cells,0.7727272727272727,True,,ambiguous,positive,negative,positive,Immune cells,positive,baseline_immune_all_dropout,svtuner_immune_all_dropout,reference_unrepresented_withheld_by_stage3b,0.4988487583768077,0.4988487583768077,True,0.5011512416231922,,0.0,__withheld_reference_unrepresented__,0.0,0.0,1.0,Fibroblasts,1.0,ok,True,both,positive,1
GTGCCATCACACGGTG-1,1,42,34,7501,4289,14296.6666666667,25003.3333333333,30,30,0,0,1.0,0.0,0.0,Tumor,1.0,True,,positive,negative,negative,negative,Immune cells,negative,baseline_immune_all_dropout,svtuner_immune_all_dropout,available_nonimmune_reference_assignment_retained,0.2281139151002602,0.2281139151002602,False,0.7718860848997398,,1.0,Epithelial cells,1.0,0.0,1.0,Epithelial cells,1.0,ok,True,both,negative,0
GTGCCCGTTCGGATTC-1,1,39,85,7043,8735,29116.6666666667,23476.6666666667,27,26,1,0,0.9629629629629628,0.037037037037037,0.0,Tumor,0.9629629629629628,True,,positive,negative,negative,negative,Immune cells,negative,baseline_immune_all_dropout,svtuner_immune_all_dropout,available_nonimmune_reference_assignment_retained,0.3014255063989426,0.3014255063989426,False,0.6985744936010574,,1.0,Epithelial cells,0.5,0.0,1.0,Epithelial cells,0.5,ok,True,both,negative,0
GTGCCGCTTCAAAGGT-1,1,44,44,7804,5161,17203.3333333333,26013.3333333333,27,26,1,0,0.9629629629629628,0.037037037037037,0.0,Tumor,0.9629629629629628,True,,positive,negative,negative,negative,Immune cells,negative,baseline_immune_all_dropout,svtuner_immune_all_dropout,available_nonimmune_reference_assignment_retained,0.322522124270534,0.322522124270534,False,0.6774778757294659,,1.0,Fibroblasts,1.0,0.0,1.0,Fibroblasts,1.0,ok,True,both,negative,0
GTGCGAAATCGAACAC-1,1,45,43,7956,5074,16913.3333333333,26520.0,31,30,0,1,0.967741935483871,0.0,0.032258064516129,Tumor,0.967741935483871,True,,positive,negative,negative,negative,Immune cells,negative,baseline_immune_all_dropout,svtuner_immune_all_dropout,available_nonimmune_reference_assignment_retained,0.3156556551530823,0.3156556551530823,False,0.6843443448469178,,1.0,PVL,1.0,0.0,1.0,PVL,1.0,ok,True,both,negative,0
GTGCGACAGGGAGTGT-1,1,36,100,6587,10043,33476.6666666667,21956.6666666667,23,23,0,0,1.0,0.0,0.0,Tumor,1.0,True,,positive,negative,negative,negative,Immune cells,negative,baseline_immune_all_dropout,svtuner_immune_all_dropout,available_nonimmune_reference_assignment_retained,0.3842778310689742,0.3842778310689742,False,0.6157221689310258,,1.0,Epithelial cells,1.0,0.0,1.0,Epithelial cells,1.0,ok,True,both,negative,0
GTGCGTGTATATGAGC-1,1,41,83,7347,8561,28536.6666666667,24490.0,23,23,0,0,1.0,0.0,0.0,Tumor,1.0,True,,positive,negative,negative,negative,Immune cells,negative,baseline_immune_all_dropout,svtuner_immune_all_dropout,available_nonimmune_reference_assignment_retained,0.3230042356917944,0.3230042356917944,False,0.6769957643082056,,1.0,PVL,0.6,0.0,1.0,PVL,0.6,ok,True,both,negative,0
GTGCTATCCAGCTGGA-1,1,76,66,12657,7082,23606.6666666667,42190.0,13,0,0,13,0.0,0.0,1.0,Stroma,1.0,True,,negative,negative,positive,negative,Immune cells,negative,baseline_immune_all_dropout,svtuner_immune_all_dropout,available_nonimmune_reference_assignment_retained,0.5855408731731144,0.5855408731731144,False,0.4144591268268855,,1.0,Fibroblasts,1.0,0.0,1.0,Fibroblasts,1.0,ok,True,both,negative,0
GTGCTTACATCAGCGC-1,1,46,116,8104,11439,38130.0,27013.3333333333,24,24,0,0,1.0,0.0,0.0,Tumor,1.0,True,,positive,negative,negative,negative,Immune cells,negative,baseline_immune_all_dropout,svtuner_immune_all_dropout,available_nonimmune_reference_assignment_retained,0.416475923146418,0.416475923146418,False,0.583524076853582,,1.0,Endothelial cells,1.0,0.0,1.0,Endothelial cells,1.0,ok,True,both,negative,0
GTGGACCAACCCGATT-1,1,45,29,7957,3854,12846.6666666667,26523.3333333333,21,11,4,6,0.5238095238095238,0.1904761904761904,0.2857142857142857,Tumor,0.5238095238095238,True,,ambiguous,negative,ambiguous,negative,Immune cells,negative,baseline_immune_all_dropout,svtuner_immune_all_dropout,available_nonimmune_reference_assignment_retained,0.2819605124749323,0.2819605124749323,False,0.7180394875250677,,1.0,Fibroblasts,1.0,0.0,1.0,Fibroblasts,1.0,ok,True,both,negative,0
GTGGACGCATTTGTCC-1,1,56,64,9623,6906,23020.0,32076.6666666667,16,15,1,0,0.9375,0.0625,0.0,Tumor,0.9375,True,,positive,negative,negative,negative,Immune cells,negative,baseline_immune_all_dropout,svtuner_immune_all_dropout,available_nonimmune_reference_assignment_retained,0.6159325066155382,0.6159325066155382,False,0.3840674933844618,,1.0,Endothelial cells,1.0,0.0,1.0,Endothelial cells,1.0,ok,True,both,negative,0
GTGGAGCATGTCGGCC-1,1,37,125,6738,12222,40740.0,22460.0,26,26,0,0,1.0,0.0,0.0,Tumor,1.0,True,,positive,negative,negative,negative,Immune cells,negative,baseline_immune_all_dropout,svtuner_immune_all_dropout,available_nonimmune_reference_assignment_retained,0.3910820931964131,0.3910820931964131,False,0.6089179068035868,,1.0,PVL,1.0,0.0,1.0,PVL,1.0,ok,True,both,negative,0
GTGGAGTCGGCGGTTG-1,1,54,38,9321,4639,15463.3333333333,31070.0,19,19,0,0,1.0,0.0,0.0,Tumor,1.0,True,,positive,negative,negative,negative,Immune cells,negative,baseline_immune_all_dropout,svtuner_immune_all_dropout,available_nonimmune_reference_assignment_retained,0.3090465364050367,0.3090465364050367,False,0.6909534635949632,,1.0,Epithelial cells,0.8,0.0,1.0,Epithelial cells,0.8,ok,True,both,negative,0
GTGGTATAGTCTGCCG-1,1,57,41,9776,4901,16336.6666666667,32586.6666666667,14,10,1,3,0.7142857142857143,0.0714285714285714,0.2142857142857142,Tumor,0.7142857142857143,True,,positive,negative,ambiguous,negative,Immune cells,negative,baseline_immune_all_dropout,svtuner_immune_all_dropout,available_nonimmune_reference_assignment_retained,0.5156976617511982,0.5156976617511982,False,0.4843023382488017,,1.0,PVL,1.0,0.0,1.0,PVL,1.0,ok,True,both,negative,0
GTGGTGATGGTTTGTG-1,1,54,126,9317,12311,41036.6666666667,31056.6666666667,27,1,25,1,0.037037037037037,0.925925925925926,0.037037037037037,Immune cells,0.925925925925926,True,,negative,positive,negative,positive,Immune cells,positive,baseline_immune_all_dropout,svtuner_immune_all_dropout,reference_unrepresented_withheld_by_stage3b,0.5016863844421177,0.5016863844421177,True,0.4983136155578823,,0.0,__withheld_reference_unrepresented__,0.0,0.0,1.0,Endothelial cells,1.0,ok,True,both,positive,1
GTGGTGGCCAAGTGAA-1,1,45,79,7954,8213,27376.6666666667,26513.3333333333,23,23,0,0,1.0,0.0,0.0,Tumor,1.0,True,,positive,negative,negative,negative,Immune cells,negative,baseline_immune_all_dropout,svtuner_immune_all_dropout,available_nonimmune_reference_assignment_retained,0.2995186149388117,0.2995186149388117,False,0.7004813850611883,,1.0,Epithelial cells,1.0,0.0,1.0,Epithelial cells,1.0,ok,True,both,negative,0
GTGGTTACTTCTTTCG-1,1,31,105,5829,10478,34926.6666666667,19430.0,30,28,2,0,0.9333333333333332,0.0666666666666666,0.0,Tumor,0.9333333333333332,True,,positive,negative,negative,negative,Immune cells,negative,baseline_immune_all_dropout,svtuner_immune_all_dropout,available_nonimmune_reference_assignment_retained,0.3493929031412741,0.3493929031412741,False,0.6506070968587259,,1.0,PVL,0.8,0.0,1.0,PVL,0.8,ok,True,both,negative,0
GTGGTTTCCGCCTTTC-1,1,42,32,7501,4115,13716.6666666667,25003.3333333333,34,34,0,0,1.0,0.0,0.0,Tumor,1.0,True,,positive,negative,negative,negative,Immune cells,negative,baseline_immune_all_dropout,svtuner_immune_all_dropout,available_nonimmune_reference_assignment_retained,0.2066001752424941,0.2066001752424941,False,0.7933998247575059,,1.0,Endothelial cells,1.0,0.0,1.0,Endothelial cells,1.0,ok,True,both,negative,0
GTGTACGAACCGTTCC-1,1,43,127,7648,12397,41323.3333333333,25493.3333333333,27,27,0,0,1.0,0.0,0.0,Tumor,1.0,True,,positive,negative,negative,negative,Immune cells,negative,baseline_immune_all_dropout,svtuner_immune_all_dropout,available_nonimmune_reference_assignment_retained,0.4848073919049373,0.4848073919049373,False,0.5151926080950626,,1.0,PVL,0.6666666666666666,0.0,1.0,PVL,0.6666666666666666,ok,True,both,negative,0
GTGTATATCAGCGGGC-1,1,58,76,9926,7952,26506.6666666667,33086.6666666667,13,12,0,1,0.9230769230769232,0.0,0.0769230769230769,Tumor,0.9230769230769232,True,,positive,negative,negative,negative,Immune cells,negative,baseline_immune_all_dropout,svtuner_immune_all_dropout,available_nonimmune_reference_assignment_retained,0.4078908485287577,0.4078908485287577,False,0.5921091514712423,,1.0,Fibroblasts,1.0,0.0,1.0,Fibroblasts,1.0,ok,True,both,negative,0
GTGTCAGTGTACGTGG-1,1,68,42,11445,4989,16630.0,38150.0,28,27,0,1,0.9642857142857144,0.0,0.0357142857142857,Tumor,0.9642857142857144,True,,positive,negative,negative,negative,Immune cells,negative,baseline_immune_all_dropout,svtuner_immune_all_dropout,available_nonimmune_reference_assignment_retained,0.2659535704618097,0.2659535704618097,False,0.7340464295381903,,1.0,Epithelial cells,0.5,0.0,1.0,Epithelial cells,0.5,ok,True,both,negative,0
GTGTCGTATAGCGTTC-1,1,54,76,9319,7952,26506.6666666667,31063.3333333333,26,24,2,0,0.9230769230769232,0.0769230769230769,0.0,Tumor,0.9230769230769232,True,,positive,negative,negative,negative,Immune cells,negative,baseline_immune_all_dropout,svtuner_immune_all_dropout,available_nonimmune_reference_assignment_retained,0.4503610156739178,0.4503610156739178,False,0.5496389843260823,,1.0,Endothelial cells,1.0,0.0,1.0,Endothelial cells,1.0,ok,True,both,negative,0
GTGTGAATAACTTAGG-1,1,33,83,6133,8560,28533.3333333333,20443.3333333333,38,0,37,1,0.0,0.9736842105263158,0.0263157894736842,Immune cells,0.9736842105263158,True,,negative,positive,negative,positive,Immune cells,positive,baseline_immune_all_dropout,svtuner_immune_all_dropout,reference_unrepresented_withheld_by_stage3b,0.5312128143001027,0.5312128143001027,True,0.4687871856998973,,0.0,__withheld_reference_unrepresented__,0.0,0.0,1.0,Endothelial cells,1.0,ok,True,both,positive,1
GTGTTACTATGCGTCC-1,1,41,75,7347,7864,26213.3333333333,24490.0,33,33,0,0,1.0,0.0,0.0,Tumor,1.0,True,,positive,negative,negative,negative,Immune cells,negative,baseline_immune_all_dropout,svtuner_immune_all_dropout,available_nonimmune_reference_assignment_retained,0.4421633296045578,0.4421633296045578,False,0.5578366703954423,,1.0,Endothelial cells,0.5,0.0,1.0,Endothelial cells,0.5,ok,True,both,negative,0
GTTAAAGTAGGACTGG-1,1,49,83,8560,8562,28540.0,28533.3333333333,31,31,0,0,1.0,0.0,0.0,Tumor,1.0,True,,positive,negative,negative,negative,Immune cells,negative,baseline_immune_all_dropout,svtuner_immune_all_dropout,available_nonimmune_reference_assignment_retained,0.3580518143459162,0.3580518143459162,False,0.6419481856540838,,1.0,Epithelial cells,1.0,0.0,1.0,Epithelial cells,1.0,ok,True,both,negative,0
GTTAACATCACTTAAA-1,1,55,73,9471,7691,25636.6666666667,31570.0,22,22,0,0,1.0,0.0,0.0,Tumor,1.0,True,,positive,negative,negative,negative,Immune cells,negative,baseline_immune_all_dropout,svtuner_immune_all_dropout,available_nonimmune_reference_assignment_retained,0.269003103045153,0.269003103045153,False,0.730996896954847,,1.0,Fibroblasts,1.0,0.0,1.0,Fibroblasts,1.0,ok,True,both,negative,0
GTTAACTATGTTGTCA-1,1,43,111,7649,11002,36673.3333333333,25496.6666666667,24,24,0,0,1.0,0.0,0.0,Tumor,1.0,True,,positive,negative,negative,negative,Immune cells,negative,baseline_immune_all_dropout,svtuner_immune_all_dropout,available_nonimmune_reference_assignment_retained,0.3406728221924623,0.3406728221924623,False,0.6593271778075377,,1.0,Epithelial cells,1.0,0.0,1.0,Epithelial cells,1.0,ok,True,both,negative,0
GTTAAGGGTGCGATGT-1,1,61,71,10381,7517,25056.6666666667,34603.3333333333,16,13,1,2,0.8125,0.0625,0.125,Tumor,0.8125,True,,positive,negative,negative,negative,Immune cells,negative,baseline_immune_all_dropout,svtuner_immune_all_dropout,available_nonimmune_reference_assignment_retained,0.3257303356919661,0.3257303356919661,False,0.6742696643080339,,1.0,Epithelial cells,1.0,0.0,1.0,Epithelial cells,1.0,ok,True,both,negative,0
GTTAAGTTAGAGTGGG-1,1,36,116,6587,11438,38126.6666666667,21956.6666666667,33,33,0,0,1.0,0.0,0.0,Tumor,1.0,True,,positive,negative,negative,negative,Immune cells,negative,baseline_immune_all_dropout,svtuner_immune_all_dropout,available_nonimmune_reference_assignment_retained,0.5428699342883893,0.5428699342883893,False,0.4571300657116107,,1.0,Endothelial cells,1.0,0.0,1.0,Endothelial cells,1.0,ok,True,both,negative,0
GTTACAATTGGTGACG-1,1,37,33,6743,4202,14006.6666666667,22476.6666666667,24,18,1,5,0.75,0.0416666666666666,0.2083333333333333,Tumor,0.75,True,,positive,negative,ambiguous,negative,Immune cells,negative,baseline_immune_all_dropout,svtuner_immune_all_dropout,available_nonimmune_reference_assignment_retained,0.1536690161649498,0.1536690161649498,False,0.8463309838350502,,1.0,Fibroblasts,1.0,0.0,1.0,Fibroblasts,1.0,ok,True,both,negative,0
GTTACCTACAACTTGC-1,1,47,67,8258,7167,23890.0,27526.6666666667,24,18,2,4,0.75,0.0833333333333333,0.1666666666666666,Tumor,0.75,True,,positive,negative,negative,negative,Immune cells,negative,baseline_immune_all_dropout,svtuner_immune_all_dropout,available_nonimmune_reference_assignment_retained,0.4954023635744498,0.4954023635744498,False,0.5045976364255502,,1.0,PVL,1.0,0.0,1.0,PVL,1.0,ok,True,both,negative,0
GTTAGCCCATGACATC-1,1,67,75,11291,7866,26220.0,37636.6666666667,15,12,0,3,0.8,0.0,0.2,Tumor,0.8,True,,positive,negative,negative,negative,Immune cells,negative,baseline_immune_all_dropout,svtuner_immune_all_dropout,available_nonimmune_reference_assignment_retained,0.5804440716416651,0.5804440716416651,False,0.4195559283583349,,1.0,Endothelial cells,1.0,0.0,1.0,Endothelial cells,1.0,ok,True,both,negative,0
GTTAGCCGTAAATCAA-1,1,30,110,5677,10914,36380.0,18923.3333333333,32,30,2,0,0.9375,0.0625,0.0,Tumor,0.9375,True,,positive,negative,negative,negative,Immune cells,negative,baseline_immune_all_dropout,svtuner_immune_all_dropout,available_nonimmune_reference_assignment_retained,0.3786613577630753,0.3786613577630753,False,0.6213386422369247,,1.0,Epithelial cells,0.75,0.0,1.0,Epithelial cells,0.75,ok,True,both,negative,0
GTTATAATACGGTGAA-1,1,53,107,9166,10655,35516.6666666667,30553.3333333333,20,19,0,1,0.95,0.0,0.05,Tumor,0.95,True,,positive,negative,negative,negative,Immune cells,negative,baseline_immune_all_dropout,svtuner_immune_all_dropout,available_nonimmune_reference_assignment_retained,0.361176536816184,0.361176536816184,False,0.638823463183816,,1.0,PVL,1.0,0.0,1.0,PVL,1.0,ok,True,both,negative,0
GTTATATCAGGAGCCA-1,1,23,115,4615,11349,37830.0,15383.3333333333,26,26,0,0,1.0,0.0,0.0,Tumor,1.0,True,,positive,negative,negative,negative,Immune cells,negative,baseline_immune_all_dropout,svtuner_immune_all_dropout,available_nonimmune_reference_assignment_retained,0.3207756258244807,0.3207756258244807,False,0.6792243741755193,,1.0,Fibroblasts,1.0,0.0,1.0,Fibroblasts,1.0,ok,True,both,negative,0
GTTATATTATCTCCCT-1,1,48,56,8410,6208,20693.3333333333,28033.3333333333,22,22,0,0,1.0,0.0,0.0,Tumor,1.0,True,,positive,negative,negative,negative,Immune cells,negative,baseline_immune_all_dropout,svtuner_immune_all_dropout,available_nonimmune_reference_assignment_retained,0.3205462958415923,0.3205462958415923,False,0.6794537041584077,,1.0,Epithelial cells,1.0,0.0,1.0,Epithelial cells,1.0,ok,True,both,negative,0
GTTCAGTCGCCAAATG-1,1,70,60,11747,6559,21863.3333333333,39156.6666666667,25,22,2,1,0.88,0.08,0.04,Tumor,0.88,True,,positive,negative,negative,negative,Immune cells,negative,baseline_immune_all_dropout,svtuner_immune_all_dropout,available_nonimmune_reference_assignment_retained,0.3194773715507728,0.3194773715507728,False,0.6805226284492272,,1.0,Fibroblasts,1.0,0.0,1.0,Fibroblasts,1.0,ok,True,both,negative,0
GTTCCCGTAAACATAT-1,1,59,119,10075,11701,39003.3333333333,33583.3333333333,13,0,10,3,0.0,0.7692307692307693,0.2307692307692307,Immune cells,0.7692307692307693,True,,negative,positive,ambiguous,positive,Immune cells,positive,baseline_immune_all_dropout,svtuner_immune_all_dropout,reference_unrepresented_withheld_by_stage3b,0.4672648393654601,0.4672648393654601,True,0.5327351606345399,,0.0,__withheld_reference_unrepresented__,0.0,0.0,1.0,Fibroblasts,1.0,ok,True,both,positive,1
GTTCCGTCCGCCTGCA-1,1,70,42,11748,4989,16630.0,39160.0,21,19,2,0,0.9047619047619048,0.0952380952380952,0.0,Tumor,0.9047619047619048,True,,positive,negative,negative,negative,Immune cells,negative,baseline_immune_all_dropout,svtuner_immune_all_dropout,available_nonimmune_reference_assignment_retained,0.3433211608926022,0.3433211608926022,False,0.6566788391073979,,1.0,Epithelial cells,1.0,0.0,1.0,Epithelial cells,1.0,ok,True,both,negative,0
GTTCGACAATTGTATA-1,1,69,27,11597,3682,12273.3333333333,38656.6666666667,4,4,0,0,1.0,0.0,0.0,Tumor,1.0,True,,positive,negative,negative,negative,Immune cells,negative,baseline_immune_all_dropout,svtuner_immune_all_dropout,available_nonimmune_reference_assignment_retained,0.4383913844956468,0.4383913844956468,False,0.5616086155043531,,1.0,Endothelial cells,1.0,0.0,1.0,Endothelial cells,1.0,ok,True,both,negative,0
GTTCGCCATAAGTGCC-1,1,37,53,6742,5945,19816.6666666667,22473.3333333333,19,0,16,3,0.0,0.8421052631578947,0.1578947368421052,Immune cells,0.8421052631578947,True,,negative,positive,negative,positive,Immune cells,positive,baseline_immune_all_dropout,svtuner_immune_all_dropout,available_nonimmune_reference_assignment_retained,0.5522920484469191,0.5522920484469191,False,0.4477079515530808,,1.0,PVL,1.0,0.0,1.0,PVL,1.0,ok,True,both,positive,1
GTTCGCTGAGACGTCT-1,1,53,109,9166,10829,36096.6666666667,30553.3333333333,25,25,0,0,1.0,0.0,0.0,Tumor,1.0,True,,positive,negative,negative,negative,Immune cells,negative,baseline_immune_all_dropout,svtuner_immune_all_dropout,available_nonimmune_reference_assignment_retained,0.5188126249114094,0.5188126249114094,False,0.4811873750885905,,1.0,PVL,1.0,0.0,1.0,PVL,1.0,ok,True,both,negative,0
GTTCGGAGCACTCAAC-1,1,64,114,10834,11266,37553.3333333333,36113.3333333333,12,9,0,3,0.75,0.0,0.25,Tumor,0.75,True,,positive,negative,ambiguous,negative,Immune cells,negative,baseline_immune_all_dropout,svtuner_immune_all_dropout,available_nonimmune_reference_assignment_retained,0.6441094836247571,0.6441094836247571,False,0.3558905163752429,,1.0,Endothelial cells,1.0,0.0,1.0,Endothelial cells,1.0,ok,True,both,negative,0
GTTCGGATCGGGAACA-1,1,44,110,7801,10915,36383.3333333333,26003.3333333333,24,24,0,0,1.0,0.0,0.0,Tumor,1.0,True,,positive,negative,negative,negative,Immune cells,negative,baseline_immune_all_dropout,svtuner_immune_all_dropout,available_nonimmune_reference_assignment_retained,0.3218755985037695,0.3218755985037695,False,0.6781244014962304,,1.0,Endothelial cells,1.0,0.0,1.0,Endothelial cells,1.0,ok,True,both,negative,0
GTTCGGGCGTACCATT-1,1,32,108,5980,10740,35800.0,19933.3333333333,29,26,1,2,0.896551724137931,0.0344827586206896,0.0689655172413793,Tumor,0.896551724137931,True,,positive,negative,negative,negative,Immune cells,negative,baseline_immune_all_dropout,svtuner_immune_all_dropout,available_nonimmune_reference_assignment_retained,0.4036198787447301,0.4036198787447301,False,0.59638012125527,,1.0,Endothelial cells,1.0,0.0,1.0,Endothelial cells,1.0,ok,True,both,negative,0
GTTCGTCTAAAGAACT-1,1,51,89,8864,9085,30283.3333333333,29546.6666666667,25,25,0,0,1.0,0.0,0.0,Tumor,1.0,True,,positive,negative,negative,negative,Immune cells,negative,baseline_immune_all_dropout,svtuner_immune_all_dropout,available_nonimmune_reference_assignment_retained,0.1906962594190379,0.1906962594190379,False,0.8093037405809621,,1.0,Epithelial cells,1.0,0.0,1.0,Epithelial cells,1.0,ok,True,both,negative,0
GTTCGTCTGGGTCCCT-1,1,21,119,4311,11698,38993.3333333333,14370.0,29,29,0,0,1.0,0.0,0.0,Tumor,1.0,True,,positive,negative,negative,negative,Immune cells,negative,baseline_immune_all_dropout,svtuner_immune_all_dropout,available_nonimmune_reference_assignment_retained,0.4160632020831089,0.4160632020831089,False,0.5839367979168911,,1.0,Fibroblasts,1.0,0.0,1.0,Fibroblasts,1.0,ok,True,both,negative,0
GTTCTTGTAACTCAAT-1,1,75,61,12506,6646,22153.3333333333,41686.6666666667,20,1,17,2,0.05,0.85,0.1,Immune cells,0.85,True,,negative,positive,negative,positive,Immune cells,positive,baseline_immune_all_dropout,svtuner_immune_all_dropout,available_nonimmune_reference_assignment_retained,0.3075666669921376,0.3075666669921376,False,0.6924333330078625,,1.0,PVL,1.0,0.0,1.0,PVL,1.0,ok,True,both,positive,1
GTTGAACCGGTTCCAT-1,1,42,40,7501,4812,16040.0,25003.3333333333,17,15,2,0,0.8823529411764706,0.1176470588235294,0.0,Tumor,0.8823529411764706,True,,positive,negative,negative,negative,Immune cells,negative,baseline_immune_all_dropout,svtuner_immune_all_dropout,available_nonimmune_reference_assignment_retained,0.3259622899312936,0.3259622899312936,False,0.6740377100687064,,1.0,PVL,1.0,0.0,1.0,PVL,1.0,ok,True,both,negative,0
GTTGAGTCCCGCCGGT-1,1,52,78,9016,8126,27086.6666666667,30053.3333333333,18,18,0,0,1.0,0.0,0.0,Tumor,1.0,True,,positive,negative,negative,negative,Immune cells,negative,baseline_immune_all_dropout,svtuner_immune_all_dropout,available_nonimmune_reference_assignment_retained,0.3218372131621332,0.3218372131621332,False,0.6781627868378668,,1.0,Fibroblasts,1.0,0.0,1.0,Fibroblasts,1.0,ok,True,both,negative,0
GTTGCGCTAACATTAC-1,1,41,119,7345,11700,39000.0,24483.3333333333,27,27,0,0,1.0,0.0,0.0,Tumor,1.0,True,,positive,negative,negative,negative,Immune cells,negative,baseline_immune_all_dropout,svtuner_immune_all_dropout,available_nonimmune_reference_assignment_retained,0.4309200936027033,0.4309200936027033,False,0.5690799063972967,,1.0,Epithelial cells,1.0,0.0,1.0,Epithelial cells,1.0,ok,True,both,negative,0
GTTGCGGACGGTCAGG-1,1,53,119,9165,11701,39003.3333333333,30550.0,15,6,2,7,0.4,0.1333333333333333,0.4666666666666667,Stroma,0.4666666666666667,True,,ambiguous,negative,ambiguous,negative,Immune cells,negative,baseline_immune_all_dropout,svtuner_immune_all_dropout,available_nonimmune_reference_assignment_retained,0.4963409369621127,0.4963409369621127,False,0.5036590630378873,,1.0,PVL,1.0,0.0,1.0,PVL,1.0,ok,True,both,negative,0
GTTGGACCGCATCAGG-1,1,20,116,4159,11436,38120.0,13863.3333333333,22,13,3,6,0.5909090909090909,0.1363636363636363,0.2727272727272727,Tumor,0.5909090909090909,True,,ambiguous,negative,ambiguous,negative,Immune cells,negative,baseline_immune_all_dropout,svtuner_immune_all_dropout,available_nonimmune_reference_assignment_retained,0.5120371253905673,0.5120371253905673,False,0.4879628746094326,,1.0,Endothelial cells,1.0,0.0,1.0,Endothelial cells,1.0,ok,True,both,negative,0
GTTGGATTTGCGTTGG-1,1,36,50,6590,5684,18946.6666666667,21966.6666666667,30,30,0,0,1.0,0.0,0.0,Tumor,1.0,True,,positive,negative,negative,negative,Immune cells,negative,baseline_immune_all_dropout,svtuner_immune_all_dropout,available_nonimmune_reference_assignment_retained,0.360120574466312,0.360120574466312,False,0.6398794255336879,,1.0,PVL,1.0,0.0,1.0,PVL,1.0,ok,True,both,negative,0
GTTGGTCATGCTATCC-1,1,55,63,9472,6819,22730.0,31573.3333333333,20,16,3,1,0.8,0.15,0.05,Tumor,0.8,True,,positive,negative,negative,negative,Immune cells,negative,baseline_immune_all_dropout,svtuner_immune_all_dropout,available_nonimmune_reference_assignment_retained,0.5504648553050981,0.5504648553050981,False,0.4495351446949018,,1.0,PVL,1.0,0.0,1.0,PVL,1.0,ok,True,both,negative,0
GTTTACGTTCCATCTG-1,1,48,64,8410,6905,23016.6666666667,28033.3333333333,18,18,0,0,1.0,0.0,0.0,Tumor,1.0,True,,positive,negative,negative,negative,Immune cells,negative,baseline_immune_all_dropout,svtuner_immune_all_dropout,available_nonimmune_reference_assignment_retained,0.4280714636203312,0.4280714636203312,False,0.5719285363796688,,1.0,PVL,1.0,0.0,1.0,PVL,1.0,ok,True,both,negative,0
GTTTCTAGAGGCGCGG-1,1,69,93,11594,9436,31453.3333333333,38646.6666666667,18,16,1,1,0.8888888888888888,0.0555555555555555,0.0555555555555555,Tumor,0.8888888888888888,True,,positive,negative,negative,negative,Immune cells,negative,baseline_immune_all_dropout,svtuner_immune_all_dropout,available_nonimmune_reference_assignment_retained,0.4763431759306137,0.4763431759306137,False,0.5236568240693863,,1.0,Fibroblasts,1.0,0.0,1.0,Fibroblasts,1.0,ok,True,both,negative,0
GTTTCTGCAGTCTCCC-1,1,40,72,7196,7602,25340.0,23986.6666666667,18,18,0,0,1.0,0.0,0.0,Tumor,1.0,True,,positive,negative,negative,negative,Immune cells,negative,baseline_immune_all_dropout,svtuner_immune_all_dropout,available_nonimmune_reference_assignment_retained,0.3543219703156925,0.3543219703156925,False,0.6456780296843074,,1.0,Endothelial cells,0.6,0.0,1.0,Endothelial cells,0.6,ok,True,both,negative,0
GTTTGACCAAATCCTA-1,1,30,58,5680,6380,21266.6666666667,18933.3333333333,9,0,0,9,0.0,0.0,1.0,Stroma,1.0,True,,negative,negative,positive,negative,Immune cells,negative,baseline_immune_all_dropout,svtuner_immune_all_dropout,reference_unrepresented_withheld_by_stage3b,0.6906596528737756,0.6906596528737756,True,0.3093403471262244,,0.0,__withheld_reference_unrepresented__,0.0,0.0,1.0,Endothelial cells,1.0,ok,True,both,negative,0
GTTTGGCCCAAGTTAT-1,1,42,80,7499,8300,27666.6666666667,24996.6666666667,29,29,0,0,1.0,0.0,0.0,Tumor,1.0,True,,positive,negative,negative,negative,Immune cells,negative,baseline_immune_all_dropout,svtuner_immune_all_dropout,available_nonimmune_reference_assignment_retained,0.3664129983383548,0.3664129983383548,False,0.6335870016616452,,1.0,PVL,0.8,0.0,1.0,PVL,0.8,ok,True,both,negative,0
GTTTGGGCTTGTGAGC-1,1,51,65,8865,6993,23310.0,29550.0,22,22,0,0,1.0,0.0,0.0,Tumor,1.0,True,,positive,negative,negative,negative,Immune cells,negative,baseline_immune_all_dropout,svtuner_immune_all_dropout,available_nonimmune_reference_assignment_retained,0.520515835314502,0.520515835314502,False,0.479484164685498,,1.0,Fibroblasts,1.0,0.0,1.0,Fibroblasts,1.0,ok,True,both,negative,0
GTTTGGGTTTCGCCCG-1,1,63,91,10684,9261,30870.0,35613.3333333333,16,12,2,2,0.75,0.125,0.125,Tumor,0.75,True,,positive,negative,negative,negative,Immune cells,negative,baseline_immune_all_dropout,svtuner_immune_all_dropout,available_nonimmune_reference_assignment_retained,0.467721229906602,0.467721229906602,False,0.532278770093398,,1.0,PVL,1.0,0.0,1.0,PVL,1.0,ok,True,both,negative,0
GTTTGGTGATCGGTGC-1,1,66,38,11142,4640,15466.6666666667,37140.0,29,20,5,4,0.6896551724137931,0.1724137931034483,0.1379310344827586,Tumor,0.6896551724137931,True,,positive,negative,negative,negative,Immune cells,negative,baseline_immune_all_dropout,svtuner_immune_all_dropout,available_nonimmune_reference_assignment_retained,0.3953728852677581,0.3953728852677581,False,0.604627114732242,,1.0,Fibroblasts,1.0,0.0,1.0,Fibroblasts,1.0,ok,True,both,negative,0
TAAACCCAGGAGGGCA-1,1,54,36,9322,4465,14883.3333333333,31073.3333333333,28,28,0,0,1.0,0.0,0.0,Tumor,1.0,True,,positive,negative,negative,negative,Immune cells,negative,baseline_immune_all_dropout,svtuner_immune_all_dropout,available_nonimmune_reference_assignment_retained,0.215176234594841,0.215176234594841,False,0.784823765405159,,1.0,Epithelial cells,1.0,0.0,1.0,Epithelial cells,1.0,ok,True,both,negative,0
TAAAGACAACCCTTTA-1,1,40,118,7193,11612,38706.6666666667,23976.6666666667,24,24,0,0,1.0,0.0,0.0,Tumor,1.0,True,,positive,negative,negative,negative,Immune cells,negative,baseline_immune_all_dropout,svtuner_immune_all_dropout,available_nonimmune_reference_assignment_retained,0.445125229902478,0.445125229902478,False,0.5548747700975221,,1.0,Endothelial cells,1.0,0.0,1.0,Endothelial cells,1.0,ok,True,both,negative,0
TAAAGTGCACGTCTCG-1,1,72,50,12051,5687,18956.6666666667,40170.0,28,23,4,1,0.8214285714285714,0.1428571428571428,0.0357142857142857,Tumor,0.8214285714285714,True,,positive,negative,negative,negative,Immune cells,negative,baseline_immune_all_dropout,svtuner_immune_all_dropout,available_nonimmune_reference_assignment_retained,0.4977636848664701,0.4977636848664701,False,0.5022363151335298,,1.0,Fibroblasts,1.0,0.0,1.0,Fibroblasts,1.0,ok,True,both,negative,0
TAAATCTTTACACCTC-1,1,24,120,4766,11785,39283.3333333333,15886.6666666667,28,28,0,0,1.0,0.0,0.0,Tumor,1.0,True,,positive,negative,negative,negative,Immune cells,negative,baseline_immune_all_dropout,svtuner_immune_all_dropout,available_nonimmune_reference_assignment_retained,0.3623107073788367,0.3623107073788367,False,0.6376892926211633,,1.0,PVL,1.0,0.0,1.0,PVL,1.0,ok,True,both,negative,0
TAAATTGTGGGTAAAG-1,1,74,74,12353,7780,25933.3333333333,41176.6666666667,9,0,0,9,0.0,0.0,1.0,Stroma,1.0,True,,negative,negative,positive,negative,Immune cells,negative,baseline_immune_all_dropout,svtuner_immune_all_dropout,available_nonimmune_reference_assignment_retained,0.5957612713776221,0.5957612713776221,False,0.4042387286223778,,1.0,Fibroblasts,1.0,0.0,1.0,Fibroblasts,1.0,ok,True,both,negative,0
TAAATTTAGTAACACC-1,1,71,39,11900,4728,15760.0,39666.6666666667,15,7,1,7,0.4666666666666667,0.0666666666666666,0.4666666666666667,Tumor,0.4666666666666667,True,,ambiguous,negative,ambiguous,negative,Immune cells,negative,baseline_immune_all_dropout,svtuner_immune_all_dropout,available_nonimmune_reference_assignment_retained,0.3031886859450445,0.3031886859450445,False,0.6968113140549554,,1.0,PVL,0.6666666666666666,0.0,1.0,PVL,0.6666666666666666,ok,True,both,negative,0
TAACAGGTTCCCTTAG-1,1,74,60,12354,6559,21863.3333333333,41180.0,10,0,2,8,0.0,0.2,0.8,Stroma,0.8,True,,negative,negative,positive,negative,Immune cells,negative,baseline_immune_all_dropout,svtuner_immune_all_dropout,available_nonimmune_reference_assignment_retained,0.4618152688149814,0.4618152688149814,False,0.5381847311850185,,1.0,Fibroblasts,1.0,0.0,1.0,Fibroblasts,1.0,ok,True,both,negative,0
TAACATACAATGTGGG-1,1,38,70,6893,7427,24756.6666666667,22976.6666666667,20,18,1,1,0.9,0.05,0.05,Tumor,0.9,True,,positive,negative,negative,negative,Immune cells,negative,baseline_immune_all_dropout,svtuner_immune_all_dropout,available_nonimmune_reference_assignment_retained,0.2741252971509286,0.2741252971509286,False,0.7258747028490714,,1.0,Endothelial cells,1.0,0.0,1.0,Endothelial cells,1.0,ok,True,both,negative,0
TAACCTACCGTCCGAG-1,1,33,101,6132,10130,33766.6666666667,20440.0,29,27,1,1,0.9310344827586208,0.0344827586206896,0.0344827586206896,Tumor,0.9310344827586208,True,,positive,negative,negative,negative,Immune cells,negative,baseline_immune_all_dropout,svtuner_immune_all_dropout,available_nonimmune_reference_assignment_retained,0.4300411461422769,0.4300411461422769,False,0.5699588538577232,,1.0,PVL,1.0,0.0,1.0,PVL,1.0,ok,True,both,negative,0
TAACCTAGGGAGTCCA-1,1,60,106,10228,10568,35226.6666666667,34093.3333333333,27,27,0,0,1.0,0.0,0.0,Tumor,1.0,True,,positive,negative,negative,negative,Immune cells,negative,baseline_immune_all_dropout,svtuner_immune_all_dropout,available_nonimmune_reference_assignment_retained,0.3025666495414992,0.3025666495414992,False,0.6974333504585009,,1.0,Fibroblasts,0.5,0.0,1.0,Fibroblasts,0.5,ok,True,both,negative,0
TAACTATTACGCCAAA-1,1,29,107,5525,10652,35506.6666666667,18416.6666666667,24,24,0,0,1.0,0.0,0.0,Tumor,1.0,True,,positive,negative,negative,negative,Immune cells,negative,baseline_immune_all_dropout,svtuner_immune_all_dropout,available_nonimmune_reference_assignment_retained,0.2638876739060674,0.2638876739060674,False,0.7361123260939326,,1.0,Endothelial cells,0.5714285714285714,0.0,1.0,Endothelial cells,0.5714285714285714,ok,True,both,negative,0
TAACTCATCCGCGCGG-1,1,43,49,7652,5597,18656.6666666667,25506.6666666667,14,4,2,8,0.2857142857142857,0.1428571428571428,0.5714285714285714,Stroma,0.5714285714285714,True,,ambiguous,negative,ambiguous,negative,Immune cells,negative,baseline_immune_all_dropout,svtuner_immune_all_dropout,reference_unrepresented_withheld_by_stage3b,0.5386103951483365,0.5386103951483365,True,0.4613896048516634,,0.0,__withheld_reference_unrepresented__,0.0,0.0,1.0,Fibroblasts,1.0,ok,True,both,negative,0
TAAGAGGGACAGGGAC-1,1,63,19,10688,2984,9946.66666666667,35626.6666666667,4,0,0,4,0.0,0.0,1.0,Stroma,1.0,True,,negative,negative,positive,negative,Immune cells,negative,baseline_immune_all_dropout,svtuner_immune_all_dropout,reference_unrepresented_withheld_by_stage3b,0.5867261213065926,0.5867261213065926,True,0.4132738786934073,,0.0,__withheld_reference_unrepresented__,0.0,0.0,1.0,Fibroblasts,0.6,ok,True,both,negative,0
TAAGCGCGAATCAAAT-1,1,65,25,10991,3507,11690.0,36636.6666666667,30,25,1,4,0.8333333333333334,0.0333333333333333,0.1333333333333333,Tumor,0.8333333333333334,True,,positive,negative,negative,negative,Immune cells,negative,baseline_immune_all_dropout,svtuner_immune_all_dropout,available_nonimmune_reference_assignment_retained,0.2720847248073609,0.2720847248073609,False,0.7279152751926391,,1.0,Epithelial cells,0.8333333333333334,0.0,1.0,Epithelial cells,0.8333333333333334,ok,True,both,negative,0
TAAGGCATAACATCAA-1,1,57,49,9776,5598,18660.0,32586.6666666667,17,15,2,0,0.8823529411764706,0.1176470588235294,0.0,Tumor,0.8823529411764706,True,,positive,negative,negative,negative,Immune cells,negative,baseline_immune_all_dropout,svtuner_immune_all_dropout,available_nonimmune_reference_assignment_retained,0.466876468141468,0.466876468141468,False,0.533123531858532,,1.0,Endothelial cells,1.0,0.0,1.0,Endothelial cells,1.0,ok,True,both,negative,0
TAAGGCCCGTCACCCT-1,1,62,70,10533,7430,24766.6666666667,35110.0,26,26,0,0,1.0,0.0,0.0,Tumor,1.0,True,,positive,negative,negative,negative,Immune cells,negative,baseline_immune_all_dropout,svtuner_immune_all_dropout,available_nonimmune_reference_assignment_retained,0.3078075423290015,0.3078075423290015,False,0.6921924576709986,,1.0,Epithelial cells,1.0,0.0,1.0,Epithelial cells,1.0,ok,True,both,negative,0
TAAGGCTGAATCCCTC-1,1,45,97,7953,9782,32606.6666666667,26510.0,27,27,0,0,1.0,0.0,0.0,Tumor,1.0,True,,positive,negative,negative,negative,Immune cells,negative,baseline_immune_all_dropout,svtuner_immune_all_dropout,available_nonimmune_reference_assignment_retained,0.3049808163966134,0.3049808163966134,False,0.6950191836033865,,1.0,Epithelial cells,1.0,0.0,1.0,Epithelial cells,1.0,ok,True,both,negative,0
TAAGGGCCTGTCCGAT-1,1,57,95,9773,9609,32030.0,32576.6666666667,17,17,0,0,1.0,0.0,0.0,Tumor,1.0,True,,positive,negative,negative,negative,Immune cells,negative,baseline_immune_all_dropout,svtuner_immune_all_dropout,available_nonimmune_reference_assignment_retained,0.3195189684748173,0.3195189684748173,False,0.6804810315251827,,1.0,Endothelial cells,0.3333333333333333,0.0,1.0,Endothelial cells,0.3333333333333333,ok,True,both,negative,0
TAAGTAACATCTTGAC-1,1,46,40,8108,4813,16043.3333333333,27026.6666666667,24,24,0,0,1.0,0.0,0.0,Tumor,1.0,True,,positive,negative,negative,negative,Immune cells,negative,baseline_immune_all_dropout,svtuner_immune_all_dropout,reference_unrepresented_withheld_by_stage3b,0.3899119248356081,0.3899119248356081,True,0.6100880751643919,,0.0,__withheld_reference_unrepresented__,0.0,0.0,1.0,Endothelial cells,1.0,ok,True,both,negative,0
TAAGTCGCCGAGTATC-1,1,54,32,9322,4116,13720.0,31073.3333333333,21,18,2,1,0.8571428571428571,0.0952380952380952,0.0476190476190476,Tumor,0.8571428571428571,True,,positive,negative,negative,negative,Immune cells,negative,baseline_immune_all_dropout,svtuner_immune_all_dropout,available_nonimmune_reference_assignment_retained,0.2220102113582212,0.2220102113582212,False,0.7779897886417788,,1.0,PVL,0.875,0.0,1.0,PVL,0.875,ok,True,both,negative,0
TAAGTTGCGACGTAGG-1,1,53,95,9167,9608,32026.6666666667,30556.6666666667,33,33,0,0,1.0,0.0,0.0,Tumor,1.0,True,,positive,negative,negative,negative,Immune cells,negative,baseline_immune_all_dropout,svtuner_immune_all_dropout,available_nonimmune_reference_assignment_retained,0.1709837687435126,0.1709837687435126,False,0.8290162312564874,,1.0,Epithelial cells,1.0,0.0,1.0,Epithelial cells,1.0,ok,True,both,negative,0
TAATACTAGAACAGAC-1,1,69,77,11595,8041,26803.3333333333,38650.0,31,31,0,0,1.0,0.0,0.0,Tumor,1.0,True,,positive,negative,negative,negative,Immune cells,negative,baseline_immune_all_dropout,svtuner_immune_all_dropout,available_nonimmune_reference_assignment_retained,0.1775609368719337,0.1775609368719337,False,0.8224390631280663,,1.0,Fibroblasts,1.0,0.0,1.0,Fibroblasts,1.0,ok,True,both,negative,0
TAATAGAACAGAGTTA-1,1,50,38,8715,4639,15463.3333333333,29050.0,26,26,0,0,1.0,0.0,0.0,Tumor,1.0,True,,positive,negative,negative,negative,Immune cells,negative,baseline_immune_all_dropout,svtuner_immune_all_dropout,available_nonimmune_reference_assignment_retained,0.1927960329202849,0.1927960329202849,False,0.8072039670797151,,1.0,Epithelial cells,1.0,0.0,1.0,Epithelial cells,1.0,ok,True,both,negative,0
TAATCAACCAAATGGG-1,1,51,125,8862,12224,40746.6666666667,29540.0,18,18,0,0,1.0,0.0,0.0,Tumor,1.0,True,,positive,negative,negative,negative,Immune cells,negative,baseline_immune_all_dropout,svtuner_immune_all_dropout,available_nonimmune_reference_assignment_retained,0.2958549343845519,0.2958549343845519,False,0.7041450656154481,,1.0,Fibroblasts,0.8,0.0,1.0,Fibroblasts,0.8,ok,True,both,negative,0
TAATTAGGACATCCGT-1,1,42,108,7497,10741,35803.3333333333,24990.0,31,31,0,0,1.0,0.0,0.0,Tumor,1.0,True,,positive,negative,negative,negative,Immune cells,negative,baseline_immune_all_dropout,svtuner_immune_all_dropout,available_nonimmune_reference_assignment_retained,0.3135030312047959,0.3135030312047959,False,0.686496968795204,,1.0,PVL,1.0,0.0,1.0,PVL,1.0,ok,True,both,negative,0
TACAACGCACAACTCA-1,1,41,49,7349,5597,18656.6666666667,24496.6666666667,22,3,18,1,0.1363636363636363,0.8181818181818182,0.0454545454545454,Immune cells,0.8181818181818182,True,,negative,positive,negative,positive,Immune cells,positive,baseline_immune_all_dropout,svtuner_immune_all_dropout,reference_unrepresented_withheld_by_stage3b,0.460648433370443,0.460648433370443,True,0.539351566629557,,0.0,__withheld_reference_unrepresented__,0.0,0.0,1.0,Fibroblasts,1.0,ok,True,both,positive,1
TACAAGGGCTTCTTTA-1,1,68,94,11442,9523,31743.3333333333,38140.0,34,34,0,0,1.0,0.0,0.0,Tumor,1.0,True,,positive,negative,negative,negative,Immune cells,negative,baseline_immune_all_dropout,svtuner_immune_all_dropout,available_nonimmune_reference_assignment_retained,0.3641059870988823,0.3641059870988823,False,0.6358940129011177,,1.0,Endothelial cells,1.0,0.0,1.0,Endothelial cells,1.0,ok,True,both,negative,0
TACACCGTCGTTAGTC-1,1,25,117,4918,11524,38413.3333333333,16393.3333333333,33,33,0,0,1.0,0.0,0.0,Tumor,1.0,True,,positive,negative,negative,negative,Immune cells,negative,baseline_immune_all_dropout,svtuner_immune_all_dropout,available_nonimmune_reference_assignment_retained,0.5058775874295345,0.5058775874295345,False,0.4941224125704655,,1.0,PVL,1.0,0.0,1.0,PVL,1.0,ok,True,both,negative,0
TACACCTCTTCGAATC-1,1,71,91,11897,9261,30870.0,39656.6666666667,28,28,0,0,1.0,0.0,0.0,Tumor,1.0,True,,positive,negative,negative,negative,Immune cells,negative,baseline_immune_all_dropout,svtuner_immune_all_dropout,available_nonimmune_reference_assignment_retained,0.2083498530133877,0.2083498530133877,False,0.7916501469866123,,1.0,PVL,0.5714285714285714,0.0,1.0,PVL,0.5714285714285714,ok,True,both,negative,0
TACAGAAACGGTGGGC-1,1,59,85,10077,8737,29123.3333333333,33590.0,34,34,0,0,1.0,0.0,0.0,Tumor,1.0,True,,positive,negative,negative,negative,Immune cells,negative,baseline_immune_all_dropout,svtuner_immune_all_dropout,available_nonimmune_reference_assignment_retained,0.2585573924044925,0.2585573924044925,False,0.7414426075955075,,1.0,Epithelial cells,1.0,0.0,1.0,Epithelial cells,1.0,ok,True,both,negative,0
TACATAGGCATACACC-1,1,40,60,7196,6556,21853.3333333333,23986.6666666667,21,21,0,0,1.0,0.0,0.0,Tumor,1.0,True,,positive,negative,negative,negative,Immune cells,negative,baseline_immune_all_dropout,svtuner_immune_all_dropout,available_nonimmune_reference_assignment_retained,0.4107450288210265,0.4107450288210265,False,0.5892549711789735,,1.0,Epithelial cells,1.0,0.0,1.0,Epithelial cells,1.0,ok,True,both,negative,0
TACCAAATAGCCCAGA-1,1,59,61,10079,6645,22150.0,33596.6666666667,14,11,1,2,0.7857142857142857,0.0714285714285714,0.1428571428571428,Tumor,0.7857142857142857,True,,positive,negative,negative,negative,Immune cells,negative,baseline_immune_all_dropout,svtuner_immune_all_dropout,available_nonimmune_reference_assignment_retained,0.5240712590281676,0.5240712590281676,False,0.4759287409718323,,1.0,Endothelial cells,1.0,0.0,1.0,Endothelial cells,1.0,ok,True,both,negative,0
TACCAATAAAGTACCA-1,1,55,83,9471,8562,28540.0,31570.0,25,24,0,1,0.96,0.0,0.04,Tumor,0.96,True,,positive,negative,negative,negative,Immune cells,negative,baseline_immune_all_dropout,svtuner_immune_all_dropout,available_nonimmune_reference_assignment_retained,0.2972757967880087,0.2972757967880087,False,0.7027242032119914,,1.0,Fibroblasts,1.0,0.0,1.0,Fibroblasts,1.0,ok,True,both,negative,0
TACCAGAAGTAGGTTC-1,1,49,51,8562,5772,19240.0,28540.0,27,27,0,0,1.0,0.0,0.0,Tumor,1.0,True,,positive,negative,negative,negative,Immune cells,negative,baseline_immune_all_dropout,svtuner_immune_all_dropout,available_nonimmune_reference_assignment_retained,0.3406330817956554,0.3406330817956554,False,0.6593669182043447,,1.0,PVL,0.6,0.0,1.0,PVL,0.6,ok,True,both,negative,0
TACCATGTATTGATTT-1,1,48,124,8407,12136,40453.3333333333,28023.3333333333,32,32,0,0,1.0,0.0,0.0,Tumor,1.0,True,,positive,negative,negative,negative,Immune cells,negative,baseline_immune_all_dropout,svtuner_immune_all_dropout,available_nonimmune_reference_assignment_retained,0.6047069715618342,0.6047069715618342,False,0.3952930284381658,,1.0,Endothelial cells,1.0,0.0,1.0,Endothelial cells,1.0,ok,True,both,negative,0
TACCGAATAATTGTAA-1,1,67,93,11290,9435,31450.0,37633.3333333333,11,5,1,5,0.4545454545454545,0.0909090909090909,0.4545454545454545,Tumor,0.4545454545454545,True,,ambiguous,negative,ambiguous,negative,Immune cells,negative,baseline_immune_all_dropout,svtuner_immune_all_dropout,available_nonimmune_reference_assignment_retained,0.5495356350414697,0.5495356350414697,False,0.4504643649585302,,1.0,Endothelial cells,1.0,0.0,1.0,Endothelial cells,1.0,ok,True,both,negative,0
TACCGCGGACTTGCAG-1,1,33,97,6133,9781,32603.3333333333,20443.3333333333,28,25,3,0,0.8928571428571429,0.1071428571428571,0.0,Tumor,0.8928571428571429,True,,positive,negative,negative,negative,Immune cells,negative,baseline_immune_all_dropout,svtuner_immune_all_dropout,available_nonimmune_reference_assignment_retained,0.5323729132184942,0.5323729132184942,False,0.4676270867815058,,1.0,PVL,1.0,0.0,1.0,PVL,1.0,ok,True,both,negative,0
TACCGGCTCACTGCCC-1,1,47,65,8258,6992,23306.6666666667,27526.6666666667,22,21,1,0,0.9545454545454546,0.0454545454545454,0.0,Tumor,0.9545454545454546,True,,positive,negative,negative,negative,Immune cells,negative,baseline_immune_all_dropout,svtuner_immune_all_dropout,available_nonimmune_reference_assignment_retained,0.4224548577756522,0.4224548577756522,False,0.5775451422243478,,1.0,PVL,1.0,0.0,1.0,PVL,1.0,ok,True,both,negative,0
TACCGGTCGTTTCCAT-1,1,44,34,7805,4289,14296.6666666667,26016.6666666667,43,43,0,0,1.0,0.0,0.0,Tumor,1.0,True,,positive,negative,negative,negative,Immune cells,negative,baseline_immune_all_dropout,svtuner_immune_all_dropout,available_nonimmune_reference_assignment_retained,0.241371224112087,0.241371224112087,False,0.758628775887913,,1.0,Epithelial cells,1.0,0.0,1.0,Epithelial cells,1.0,ok,True,both,negative,0
TACCGTAGGTTAACTA-1,1,59,57,10079,6296,20986.6666666667,33596.6666666667,23,22,1,0,0.9565217391304348,0.0434782608695652,0.0,Tumor,0.9565217391304348,True,,positive,negative,negative,negative,Immune cells,negative,baseline_immune_all_dropout,svtuner_immune_all_dropout,available_nonimmune_reference_assignment_retained,0.4444632839619123,0.4444632839619123,False,0.5555367160380877,,1.0,Endothelial cells,1.0,0.0,1.0,Endothelial cells,1.0,ok,True,both,negative,0
TACCGTGCCTCGGACC-1,1,51,69,8865,7341,24470.0,29550.0,26,26,0,0,1.0,0.0,0.0,Tumor,1.0,True,,positive,negative,negative,negative,Immune cells,negative,baseline_immune_all_dropout,svtuner_immune_all_dropout,available_nonimmune_reference_assignment_retained,0.5234680717291198,0.5234680717291198,False,0.4765319282708802,,1.0,Endothelial cells,1.0,0.0,1.0,Endothelial cells,1.0,ok,True,both,negative,0
TACCTACTCCCAGTAT-1,1,58,62,9927,6732,22440.0,33090.0,22,19,2,1,0.8636363636363636,0.0909090909090909,0.0454545454545454,Tumor,0.8636363636363636,True,,positive,negative,negative,negative,Immune cells,negative,baseline_immune_all_dropout,svtuner_immune_all_dropout,available_nonimmune_reference_assignment_retained,0.4269099080454854,0.4269099080454854,False,0.5730900919545145,,1.0,Fibroblasts,0.75,0.0,1.0,Fibroblasts,0.75,ok,True,both,negative,0
TACCTCAGTTGTCTGT-1,1,60,50,10231,5686,18953.3333333333,34103.3333333333,31,31,0,0,1.0,0.0,0.0,Tumor,1.0,True,,positive,negative,negative,negative,Immune cells,negative,baseline_immune_all_dropout,svtuner_immune_all_dropout,available_nonimmune_reference_assignment_retained,0.3418024554239693,0.3418024554239693,False,0.6581975445760306,,1.0,Endothelial cells,1.0,0.0,1.0,Endothelial cells,1.0,ok,True,both,negative,0
TACCTCCACACCAATG-1,1,65,29,10991,3856,12853.3333333333,36636.6666666667,31,31,0,0,1.0,0.0,0.0,Tumor,1.0,True,,positive,negative,negative,negative,Immune cells,negative,baseline_immune_all_dropout,svtuner_immune_all_dropout,available_nonimmune_reference_assignment_retained,0.1839356952070977,0.1839356952070977,False,0.8160643047929023,,1.0,Epithelial cells,1.0,0.0,1.0,Epithelial cells,1.0,ok,True,both,negative,0
TACCTTAAGATTTCCC-1,1,49,29,8563,3854,12846.6666666667,28543.3333333333,25,18,2,5,0.72,0.08,0.2,Tumor,0.72,True,,positive,negative,negative,negative,Immune cells,negative,baseline_immune_all_dropout,svtuner_immune_all_dropout,available_nonimmune_reference_assignment_retained,0.3370081783829185,0.3370081783829185,False,0.6629918216170815,,1.0,Fibroblasts,1.0,0.0,1.0,Fibroblasts,1.0,ok,True,both,negative,0
TACGACGCTTGCTGCG-1,1,46,54,8107,6033,20110.0,27023.3333333333,16,16,0,0,1.0,0.0,0.0,Tumor,1.0,True,,positive,negative,negative,negative,Immune cells,negative,baseline_immune_all_dropout,svtuner_immune_all_dropout,available_nonimmune_reference_assignment_retained,0.3579302808742747,0.3579302808742747,False,0.6420697191257253,,1.0,Epithelial cells,1.0,0.0,1.0,Epithelial cells,1.0,ok,True,both,negative,0
TACGACTGCCTCTTAG-1,1,44,66,7803,7079,23596.6666666667,26010.0,32,32,0,0,1.0,0.0,0.0,Tumor,1.0,True,,positive,negative,negative,negative,Immune cells,negative,baseline_immune_all_dropout,svtuner_immune_all_dropout,available_nonimmune_reference_assignment_retained,0.3905852329382859,0.3905852329382859,False,0.609414767061714,,1.0,Endothelial cells,1.0,0.0,1.0,Endothelial cells,1.0,ok,True,both,negative,0
TACGAGAACTTCACGT-1,1,35,39,6439,4725,15750.0,21463.3333333333,29,29,0,0,1.0,0.0,0.0,Tumor,1.0,True,,positive,negative,negative,negative,Immune cells,negative,baseline_immune_all_dropout,svtuner_immune_all_dropout,available_nonimmune_reference_assignment_retained,0.2578286089691458,0.2578286089691458,False,0.7421713910308543,,1.0,Endothelial cells,1.0,0.0,1.0,Endothelial cells,1.0,ok,True,both,negative,0
TACGATGTTGATCATC-1,1,35,35,6439,4376,14586.6666666667,21463.3333333333,12,1,0,11,0.0833333333333333,0.0,0.9166666666666666,Stroma,0.9166666666666666,True,,negative,negative,positive,negative,Immune cells,negative,baseline_immune_all_dropout,svtuner_immune_all_dropout,available_nonimmune_reference_assignment_retained,0.2676741538860287,0.2676741538860287,False,0.7323258461139712,,1.0,Endothelial cells,1.0,0.0,1.0,Endothelial cells,1.0,ok,True,both,negative,0
TACGCCATATTCTAAT-1,1,40,58,7197,6381,21270.0,23990.0,23,23,0,0,1.0,0.0,0.0,Tumor,1.0,True,,positive,negative,negative,negative,Immune cells,negative,baseline_immune_all_dropout,svtuner_immune_all_dropout,available_nonimmune_reference_assignment_retained,0.3490753839689292,0.3490753839689292,False,0.6509246160310709,,1.0,Endothelial cells,1.0,0.0,1.0,Endothelial cells,1.0,ok,True,both,negative,0
TACGCCGAGGGTACCC-1,1,56,34,9625,4291,14303.3333333333,32083.3333333333,23,23,0,0,1.0,0.0,0.0,Tumor,1.0,True,,positive,negative,negative,negative,Immune cells,negative,baseline_immune_all_dropout,svtuner_immune_all_dropout,available_nonimmune_reference_assignment_retained,0.2449701735382703,0.2449701735382703,False,0.7550298264617297,,1.0,Epithelial cells,1.0,0.0,1.0,Epithelial cells,1.0,ok,True,both,negative,0
TACGCCGCCTCAGAAG-1,1,45,127,7951,12397,41323.3333333333,26503.3333333333,30,30,0,0,1.0,0.0,0.0,Tumor,1.0,True,,positive,negative,negative,negative,Immune cells,negative,baseline_immune_all_dropout,svtuner_immune_all_dropout,available_nonimmune_reference_assignment_retained,0.5491374281745544,0.5491374281745544,False,0.4508625718254456,,1.0,Endothelial cells,1.0,0.0,1.0,Endothelial cells,1.0,ok,True,both,negative,0
TACGCCTCCATTCCGA-1,1,55,59,9472,6470,21566.6666666667,31573.3333333333,23,20,2,1,0.8695652173913043,0.0869565217391304,0.0434782608695652,Tumor,0.8695652173913043,True,,positive,negative,negative,negative,Immune cells,negative,baseline_immune_all_dropout,svtuner_immune_all_dropout,available_nonimmune_reference_assignment_retained,0.4765239096014455,0.4765239096014455,False,0.5234760903985545,,1.0,Fibroblasts,1.0,0.0,1.0,Fibroblasts,1.0,ok,True,both,negative,0
TACGCTATAGAAACCT-1,1,34,104,6284,10391,34636.6666666667,20946.6666666667,32,32,0,0,1.0,0.0,0.0,Tumor,1.0,True,,positive,negative,negative,negative,Immune cells,negative,baseline_immune_all_dropout,svtuner_immune_all_dropout,available_nonimmune_reference_assignment_retained,0.4093782269535584,0.4093782269535584,False,0.5906217730464416,,1.0,PVL,1.0,0.0,1.0,PVL,1.0,ok,True,both,negative,0
TACGCTCCTAGAACTG-1,1,73,47,12203,5426,18086.6666666667,40676.6666666667,15,0,15,0,0.0,1.0,0.0,Immune cells,1.0,True,,negative,positive,negative,positive,Immune cells,positive,baseline_immune_all_dropout,svtuner_immune_all_dropout,reference_unrepresented_withheld_by_stage3b,0.6364605927655683,0.6364605927655683,True,0.3635394072344317,,0.0,__withheld_reference_unrepresented__,0.0,0.0,1.0,Endothelial cells,1.0,ok,True,both,positive,1
TACGCTGCTGTGTTAA-1,1,68,24,11446,3420,11400.0,38153.3333333333,16,16,0,0,1.0,0.0,0.0,Tumor,1.0,True,,positive,negative,negative,negative,Immune cells,negative,baseline_immune_all_dropout,svtuner_immune_all_dropout,available_nonimmune_reference_assignment_retained,0.4526127722853796,0.4526127722853796,False,0.5473872277146203,,1.0,Endothelial cells,1.0,0.0,1.0,Endothelial cells,1.0,ok,True,both,negative,0
TACGGAAGCCAAACCA-1,1,69,73,11595,7692,25640.0,38650.0,15,3,10,2,0.2,0.6666666666666666,0.1333333333333333,Immune cells,0.6666666666666666,True,,negative,positive,negative,positive,Immune cells,positive,baseline_immune_all_dropout,svtuner_immune_all_dropout,available_nonimmune_reference_assignment_retained,0.478128715421615,0.478128715421615,False,0.521871284578385,,1.0,PVL,0.6666666666666666,0.0,1.0,PVL,0.6666666666666666,ok,True,both,positive,1
TACGGCATGGACGCTA-1,1,63,115,10682,11353,37843.3333333333,35606.6666666667,10,0,2,8,0.0,0.2,0.8,Stroma,0.8,True,,negative,negative,positive,negative,Immune cells,negative,baseline_immune_all_dropout,svtuner_immune_all_dropout,reference_unrepresented_withheld_by_stage3b,0.6639124824353666,0.6639124824353666,True,0.3360875175646334,,0.0,__withheld_reference_unrepresented__,0.0,0.0,1.0,PVL,1.0,ok,True,both,negative,0
TACGTACTAGTGCTGA-1,1,62,42,10535,4989,16630.0,35116.6666666667,20,20,0,0,1.0,0.0,0.0,Tumor,1.0,True,,positive,negative,negative,negative,Immune cells,negative,baseline_immune_all_dropout,svtuner_immune_all_dropout,available_nonimmune_reference_assignment_retained,0.2412541100724829,0.2412541100724829,False,0.7587458899275171,,1.0,Epithelial cells,1.0,0.0,1.0,Epithelial cells,1.0,ok,True,both,negative,0
TACGTGCAAGGTTCCT-1,1,34,126,6283,12309,41030.0,20943.3333333333,24,24,0,0,1.0,0.0,0.0,Tumor,1.0,True,,positive,negative,negative,negative,Immune cells,negative,baseline_immune_all_dropout,svtuner_immune_all_dropout,available_nonimmune_reference_assignment_retained,0.432455156716059,0.432455156716059,False,0.567544843283941,,1.0,Fibroblasts,1.0,0.0,1.0,Fibroblasts,1.0,ok,True,both,negative,0
TACGTGGGCCCAGGGC-1,1,69,81,11595,8389,27963.3333333333,38650.0,7,0,0,7,0.0,0.0,1.0,Stroma,1.0,True,,negative,negative,positive,negative,Immune cells,negative,baseline_immune_all_dropout,svtuner_immune_all_dropout,available_nonimmune_reference_assignment_retained,0.4559228138418755,0.4559228138418755,False,0.5440771861581245,,1.0,Endothelial cells,1.0,0.0,1.0,Endothelial cells,1.0,ok,True,both,negative,0
TACGTTTACCGGCAAT-1,1,40,32,7198,4115,13716.6666666667,23993.3333333333,29,28,1,0,0.9655172413793104,0.0344827586206896,0.0,Tumor,0.9655172413793104,True,,positive,negative,negative,negative,Immune cells,negative,baseline_immune_all_dropout,svtuner_immune_all_dropout,available_nonimmune_reference_assignment_retained,0.2321862417625873,0.2321862417625873,False,0.7678137582374127,,1.0,Endothelial cells,1.0,0.0,1.0,Endothelial cells,1.0,ok,True,both,negative,0
TACTACGTGCAATGCG-1,1,71,85,11898,8738,29126.6666666667,39660.0,19,0,16,3,0.0,0.8421052631578947,0.1578947368421052,Immune cells,0.8421052631578947,True,,negative,positive,negative,positive,Immune cells,positive,baseline_immune_all_dropout,svtuner_immune_all_dropout,available_nonimmune_reference_assignment_retained,0.2760702981616288,0.2760702981616288,False,0.7239297018383712,,1.0,Fibroblasts,1.0,0.0,1.0,Fibroblasts,1.0,ok,True,both,positive,1
TACTATGGTTCCTCAG-1,1,57,47,9776,5424,18080.0,32586.6666666667,28,25,1,2,0.8928571428571429,0.0357142857142857,0.0714285714285714,Tumor,0.8928571428571429,True,,positive,negative,negative,negative,Immune cells,negative,baseline_immune_all_dropout,svtuner_immune_all_dropout,available_nonimmune_reference_assignment_retained,0.3812813546150297,0.3812813546150297,False,0.6187186453849702,,1.0,Epithelial cells,1.0,0.0,1.0,Epithelial cells,1.0,ok,True,both,negative,0
TACTCCTCTAGTTGAC-1,1,64,36,10838,4466,14886.6666666667,36126.6666666667,6,3,0,3,0.5,0.0,0.5,Tumor,0.5,True,,ambiguous,negative,ambiguous,negative,Immune cells,negative,baseline_immune_all_dropout,svtuner_immune_all_dropout,available_nonimmune_reference_assignment_retained,0.583379993500986,0.583379993500986,False,0.416620006499014,,1.0,Fibroblasts,1.0,0.0,1.0,Fibroblasts,1.0,ok,True,both,negative,0
TACTCGTTTGAATCAA-1,1,72,86,12049,8826,29420.0,40163.3333333333,20,1,18,1,0.05,0.9,0.05,Immune cells,0.9,True,,negative,positive,negative,positive,Immune cells,positive,baseline_immune_all_dropout,svtuner_immune_all_dropout,available_nonimmune_reference_assignment_retained,0.5400988414451638,0.5400988414451638,False,0.4599011585548361,,1.0,PVL,1.0,0.0,1.0,PVL,1.0,ok,True,both,positive,1
TACTCTTACTTTACTG-1,1,59,111,10076,11004,36680.0,33586.6666666667,8,1,1,6,0.125,0.125,0.75,Stroma,0.75,True,,negative,negative,positive,negative,Immune cells,negative,baseline_immune_all_dropout,svtuner_immune_all_dropout,available_nonimmune_reference_assignment_retained,0.5124319151884114,0.5124319151884114,False,0.4875680848115886,,1.0,Endothelial cells,1.0,0.0,1.0,Endothelial cells,1.0,ok,True,both,negative,0
TACTCTTTCGTCTTCA-1,1,58,46,9928,5337,17790.0,33093.3333333333,24,22,0,2,0.9166666666666666,0.0,0.0833333333333333,Tumor,0.9166666666666666,True,,positive,negative,negative,negative,Immune cells,negative,baseline_immune_all_dropout,svtuner_immune_all_dropout,available_nonimmune_reference_assignment_retained,0.3178739006447653,0.3178739006447653,False,0.6821260993552347,,1.0,Epithelial cells,1.0,0.0,1.0,Epithelial cells,1.0,ok,True,both,negative,0
TACTGTTTCTCTGGTA-1,1,47,119,8255,11700,39000.0,27516.6666666667,30,30,0,0,1.0,0.0,0.0,Tumor,1.0,True,,positive,negative,negative,negative,Immune cells,negative,baseline_immune_all_dropout,svtuner_immune_all_dropout,available_nonimmune_reference_assignment_retained,0.370246397768633,0.370246397768633,False,0.629753602231367,,1.0,Epithelial cells,0.6,0.0,1.0,Epithelial cells,0.6,ok,True,both,negative,0
TACTTAAACATGTACA-1,1,66,108,11138,10743,35810.0,37126.6666666667,13,11,1,1,0.8461538461538461,0.0769230769230769,0.0769230769230769,Tumor,0.8461538461538461,True,,positive,negative,negative,negative,Immune cells,negative,baseline_immune_all_dropout,svtuner_immune_all_dropout,available_nonimmune_reference_assignment_retained,0.601084869118084,0.601084869118084,False,0.398915130881916,,1.0,PVL,1.0,0.0,1.0,PVL,1.0,ok,True,both,negative,0
TACTTGTTAGTAGTCC-1,1,37,87,6740,8909,29696.6666666667,22466.6666666667,23,23,0,0,1.0,0.0,0.0,Tumor,1.0,True,,positive,negative,negative,negative,Immune cells,negative,baseline_immune_all_dropout,svtuner_immune_all_dropout,available_nonimmune_reference_assignment_retained,0.2678545243283541,0.2678545243283541,False,0.7321454756716459,,1.0,PVL,1.0,0.0,1.0,PVL,1.0,ok,True,both,negative,0
TACTTTACTGAGCCGG-1,1,30,96,5678,9693,32310.0,18926.6666666667,30,28,2,0,0.9333333333333332,0.0666666666666666,0.0,Tumor,0.9333333333333332,True,,positive,negative,negative,negative,Immune cells,negative,baseline_immune_all_dropout,svtuner_immune_all_dropout,available_nonimmune_reference_assignment_retained,0.4783058311062142,0.4783058311062142,False,0.5216941688937857,,1.0,Endothelial cells,1.0,0.0,1.0,Endothelial cells,1.0,ok,True,both,negative,0
TAGAATAGCCGATGAA-1,1,62,100,10532,10045,33483.3333333333,35106.6666666667,34,34,0,0,1.0,0.0,0.0,Tumor,1.0,True,,positive,negative,negative,negative,Immune cells,negative,baseline_immune_all_dropout,svtuner_immune_all_dropout,available_nonimmune_reference_assignment_retained,0.2676859580581769,0.2676859580581769,False,0.732314041941823,,1.0,Endothelial cells,0.7142857142857143,0.0,1.0,Endothelial cells,0.7142857142857143,ok,True,both,negative,0
TAGACGCCCGTACCGG-1,1,32,90,5981,9171,30570.0,19936.6666666667,33,32,0,1,0.9696969696969696,0.0,0.0303030303030303,Tumor,0.9696969696969696,True,,positive,negative,negative,negative,Immune cells,negative,baseline_immune_all_dropout,svtuner_immune_all_dropout,available_nonimmune_reference_assignment_retained,0.1644856553622581,0.1644856553622581,False,0.8355143446377419,,1.0,Fibroblasts,1.0,0.0,1.0,Fibroblasts,1.0,ok,True,both,negative,0
TAGACTACCTAGCGTT-1,1,38,104,6891,10392,34640.0,22970.0,32,32,0,0,1.0,0.0,0.0,Tumor,1.0,True,,positive,negative,negative,negative,Immune cells,negative,baseline_immune_all_dropout,svtuner_immune_all_dropout,available_nonimmune_reference_assignment_retained,0.553819885867923,0.553819885867923,False,0.446180114132077,,1.0,Endothelial cells,1.0,0.0,1.0,Endothelial cells,1.0,ok,True,both,negative,0
TAGAGGGAGTTTATCT-1,1,73,65,12202,6995,23316.6666666667,40673.3333333333,18,0,18,0,0.0,1.0,0.0,Immune cells,1.0,True,,negative,positive,negative,positive,Immune cells,positive,baseline_immune_all_dropout,svtuner_immune_all_dropout,reference_unrepresented_withheld_by_stage3b,0.6131313752148696,0.6131313752148696,True,0.3868686247851304,,0.0,__withheld_reference_unrepresented__,0.0,0.0,1.0,PVL,1.0,ok,True,both,positive,1
TAGAGGTTCTACTTGT-1,1,54,96,9318,9696,32320.0,31060.0,15,14,1,0,0.9333333333333332,0.0666666666666666,0.0,Tumor,0.9333333333333332,True,,positive,negative,negative,negative,Immune cells,negative,baseline_immune_all_dropout,svtuner_immune_all_dropout,available_nonimmune_reference_assignment_retained,0.453086601805249,0.453086601805249,False,0.5469133981947509,,1.0,PVL,1.0,0.0,1.0,PVL,1.0,ok,True,both,negative,0
TAGATATGGACTGGAA-1,1,49,53,8562,5946,19820.0,28540.0,33,33,0,0,1.0,0.0,0.0,Tumor,1.0,True,,positive,negative,negative,negative,Immune cells,negative,baseline_immune_all_dropout,svtuner_immune_all_dropout,available_nonimmune_reference_assignment_retained,0.3713072335265157,0.3713072335265157,False,0.6286927664734843,,1.0,Fibroblasts,0.8,0.0,1.0,Fibroblasts,0.8,ok,True,both,negative,0
TAGATGGTTCCTTACT-1,1,59,97,10077,9783,32610.0,33590.0,11,8,2,1,0.7272727272727273,0.1818181818181818,0.0909090909090909,Tumor,0.7272727272727273,True,,positive,negative,negative,negative,Immune cells,negative,baseline_immune_all_dropout,svtuner_immune_all_dropout,available_nonimmune_reference_assignment_retained,0.4437841111085993,0.4437841111085993,False,0.5562158888914007,,1.0,PVL,0.75,0.0,1.0,PVL,0.75,ok,True,both,negative,0
TAGATTCAAAGTGCGG-1,1,69,39,11597,4728,15760.0,38656.6666666667,28,22,4,2,0.7857142857142857,0.1428571428571428,0.0714285714285714,Tumor,0.7857142857142857,True,,positive,negative,negative,negative,Immune cells,negative,baseline_immune_all_dropout,svtuner_immune_all_dropout,available_nonimmune_reference_assignment_retained,0.4019904174084546,0.4019904174084546,False,0.5980095825915455,,1.0,PVL,1.0,0.0,1.0,PVL,1.0,ok,True,both,negative,0
TAGCAGTATGACTAAA-1,1,66,98,11139,9871,32903.3333333333,37130.0,23,22,1,0,0.9565217391304348,0.0434782608695652,0.0,Tumor,0.9565217391304348,True,,positive,negative,negative,negative,Immune cells,negative,baseline_immune_all_dropout,svtuner_immune_all_dropout,available_nonimmune_reference_assignment_retained,0.4453078271825532,0.4453078271825532,False,0.5546921728174468,,1.0,Endothelial cells,1.0,0.0,1.0,Endothelial cells,1.0,ok,True,both,negative,0
TAGCCATTTCAAAGTC-1,1,43,89,7650,9084,30280.0,25500.0,30,30,0,0,1.0,0.0,0.0,Tumor,1.0,True,,positive,negative,negative,negative,Immune cells,negative,baseline_immune_all_dropout,svtuner_immune_all_dropout,available_nonimmune_reference_assignment_retained,0.2547905155656339,0.2547905155656339,False,0.7452094844343661,,1.0,Epithelial cells,0.8571428571428571,0.0,1.0,Epithelial cells,0.8571428571428571,ok,True,both,negative,0
TAGCCGGCGGTCAGCG-1,1,33,85,6133,8735,29116.6666666667,20443.3333333333,32,5,26,1,0.15625,0.8125,0.03125,Immune cells,0.8125,True,,negative,positive,negative,positive,Immune cells,positive,baseline_immune_all_dropout,svtuner_immune_all_dropout,reference_unrepresented_withheld_by_stage3b,0.5134176369065947,0.5134176369065947,True,0.4865823630934053,,0.0,__withheld_reference_unrepresented__,0.0,0.0,1.0,Fibroblasts,1.0,ok,True,both,positive,1
TAGCGTCCCTCGATTG-1,1,45,109,7952,10828,36093.3333333333,26506.6666666667,33,33,0,0,1.0,0.0,0.0,Tumor,1.0,True,,positive,negative,negative,negative,Immune cells,negative,baseline_immune_all_dropout,svtuner_immune_all_dropout,available_nonimmune_reference_assignment_retained,0.2593441318106169,0.2593441318106169,False,0.7406558681893831,,1.0,PVL,1.0,0.0,1.0,PVL,1.0,ok,True,both,negative,0
TAGCGTCCGGTGTGGT-1,1,53,77,9168,8039,26796.6666666667,30560.0,25,25,0,0,1.0,0.0,0.0,Tumor,1.0,True,,positive,negative,negative,negative,Immune cells,negative,baseline_immune_all_dropout,svtuner_immune_all_dropout,available_nonimmune_reference_assignment_retained,0.3427371549632914,0.3427371549632914,False,0.6572628450367086,,1.0,PVL,1.0,0.0,1.0,PVL,1.0,ok,True,both,negative,0
TAGCGTTGGGTCTTAC-1,1,38,68,6893,7253,24176.6666666667,22976.6666666667,22,22,0,0,1.0,0.0,0.0,Tumor,1.0,True,,positive,negative,negative,negative,Immune cells,negative,baseline_immune_all_dropout,svtuner_immune_all_dropout,available_nonimmune_reference_assignment_retained,0.4098845826774053,0.4098845826774053,False,0.5901154173225946,,1.0,Endothelial cells,1.0,0.0,1.0,Endothelial cells,1.0,ok,True,both,negative,0
TAGCTAGAAGGCATGA-1,1,51,51,8866,5772,19240.0,29553.3333333333,19,19,0,0,1.0,0.0,0.0,Tumor,1.0,True,,positive,negative,negative,negative,Immune cells,negative,baseline_immune_all_dropout,svtuner_immune_all_dropout,available_nonimmune_reference_assignment_retained,0.4530187700567452,0.4530187700567452,False,0.5469812299432548,,1.0,PVL,1.0,0.0,1.0,PVL,1.0,ok,True,both,negative,0
TAGCTAGTGATGATGG-1,1,60,48,10231,5512,18373.3333333333,34103.3333333333,18,18,0,0,1.0,0.0,0.0,Tumor,1.0,True,,positive,negative,negative,negative,Immune cells,negative,baseline_immune_all_dropout,svtuner_immune_all_dropout,available_nonimmune_reference_assignment_retained,0.2731141128314459,0.2731141128314459,False,0.7268858871685542,,1.0,Fibroblasts,0.7142857142857143,0.0,1.0,Fibroblasts,0.7142857142857143,ok,True,both,negative,0
TAGCTCGCCTGATAAC-1,1,50,58,8714,6382,21273.3333333333,29046.6666666667,21,17,3,1,0.8095238095238095,0.1428571428571428,0.0476190476190476,Tumor,0.8095238095238095,True,,positive,negative,negative,negative,Immune cells,negative,baseline_immune_all_dropout,svtuner_immune_all_dropout,available_nonimmune_reference_assignment_retained,0.329773360077102,0.329773360077102,False,0.670226639922898,,1.0,Fibroblasts,1.0,0.0,1.0,Fibroblasts,1.0,ok,True,both,negative,0
TAGGCCTATATAGTCT-1,1,66,110,11138,10917,36390.0,37126.6666666667,25,21,4,0,0.84,0.16,0.0,Tumor,0.84,True,,positive,negative,negative,negative,Immune cells,negative,baseline_immune_all_dropout,svtuner_immune_all_dropout,available_nonimmune_reference_assignment_retained,0.4865235587206448,0.4865235587206448,False,0.5134764412793552,,1.0,Endothelial cells,1.0,0.0,1.0,Endothelial cells,1.0,ok,True,both,negative,0
TAGGCTAAAGTGGCAC-1,1,65,99,10987,9958,33193.3333333333,36623.3333333333,14,14,0,0,1.0,0.0,0.0,Tumor,1.0,True,,positive,negative,negative,negative,Immune cells,negative,baseline_immune_all_dropout,svtuner_immune_all_dropout,available_nonimmune_reference_assignment_retained,0.3168168278743678,0.3168168278743678,False,0.6831831721256322,,1.0,Epithelial cells,1.0,0.0,1.0,Epithelial cells,1.0,ok,True,both,negative,0
TAGGGAGCTTGGGATG-1,1,36,96,6588,9694,32313.3333333333,21960.0,20,20,0,0,1.0,0.0,0.0,Tumor,1.0,True,,positive,negative,negative,negative,Immune cells,negative,baseline_immune_all_dropout,svtuner_immune_all_dropout,available_nonimmune_reference_assignment_retained,0.2439644618244349,0.2439644618244349,False,0.7560355381755651,,1.0,Endothelial cells,0.5714285714285714,0.0,1.0,Endothelial cells,0.5714285714285714,ok,True,both,negative,0
TAGGTCGCCGGAACTG-1,1,32,100,5981,10042,33473.3333333333,19936.6666666667,29,29,0,0,1.0,0.0,0.0,Tumor,1.0,True,,positive,negative,negative,negative,Immune cells,negative,baseline_immune_all_dropout,svtuner_immune_all_dropout,available_nonimmune_reference_assignment_retained,0.3571264396227309,0.3571264396227309,False,0.6428735603772691,,1.0,PVL,1.0,0.0,1.0,PVL,1.0,ok,True,both,negative,0
TAGGTGACGATAACCT-1,1,61,79,10381,8214,27380.0,34603.3333333333,14,10,0,4,0.7142857142857143,0.0,0.2857142857142857,Tumor,0.7142857142857143,True,,positive,negative,ambiguous,negative,Immune cells,negative,baseline_immune_all_dropout,svtuner_immune_all_dropout,available_nonimmune_reference_assignment_retained,0.5206668731873172,0.5206668731873172,False,0.4793331268126828,,1.0,Epithelial cells,1.0,0.0,1.0,Epithelial cells,1.0,ok,True,both,negative,0
TAGGTGCTCGCCTAGC-1,1,40,86,7195,8823,29410.0,23983.3333333333,16,16,0,0,1.0,0.0,0.0,Tumor,1.0,True,,positive,negative,negative,negative,Immune cells,negative,baseline_immune_all_dropout,svtuner_immune_all_dropout,available_nonimmune_reference_assignment_retained,0.3429900938233606,0.3429900938233606,False,0.6570099061766395,,1.0,Fibroblasts,1.0,0.0,1.0,Fibroblasts,1.0,ok,True,both,negative,0
TAGGTGTTCCACAGAT-1,1,60,60,10230,6558,21860.0,34100.0,17,15,0,2,0.8823529411764706,0.0,0.1176470588235294,Tumor,0.8823529411764706,True,,positive,negative,negative,negative,Immune cells,negative,baseline_immune_all_dropout,svtuner_immune_all_dropout,available_nonimmune_reference_assignment_retained,0.3815609218201276,0.3815609218201276,False,0.6184390781798724,,1.0,Fibroblasts,1.0,0.0,1.0,Fibroblasts,1.0,ok,True,both,negative,0
TAGGTTCGAGTTCGTC-1,1,35,67,6438,7166,23886.6666666667,21460.0,24,24,0,0,1.0,0.0,0.0,Tumor,1.0,True,,positive,negative,negative,negative,Immune cells,negative,baseline_immune_all_dropout,svtuner_immune_all_dropout,available_nonimmune_reference_assignment_retained,0.3356395438052505,0.3356395438052505,False,0.6643604561947495,,1.0,Endothelial cells,1.0,0.0,1.0,Endothelial cells,1.0,ok,True,both,negative,0
TAGTAGCTTATACCAG-1,1,61,43,10383,5076,16920.0,34610.0,29,29,0,0,1.0,0.0,0.0,Tumor,1.0,True,,positive,negative,negative,negative,Immune cells,negative,baseline_immune_all_dropout,svtuner_immune_all_dropout,available_nonimmune_reference_assignment_retained,0.3311311478644702,0.3311311478644702,False,0.6688688521355298,,1.0,Fibroblasts,1.0,0.0,1.0,Fibroblasts,1.0,ok,True,both,negative,0
TAGTCCCGGAGACCAC-1,1,66,48,11141,5512,18373.3333333333,37136.6666666667,24,20,0,4,0.8333333333333334,0.0,0.1666666666666666,Tumor,0.8333333333333334,True,,positive,negative,negative,negative,Immune cells,negative,baseline_immune_all_dropout,svtuner_immune_all_dropout,available_nonimmune_reference_assignment_retained,0.3863536403177108,0.3863536403177108,False,0.6136463596822892,,1.0,PVL,0.6,0.0,1.0,PVL,0.6,ok,True,both,negative,0
TAGTCCGCAGAGAATG-1,1,39,53,7045,5945,19816.6666666667,23483.3333333333,17,2,15,0,0.1176470588235294,0.8823529411764706,0.0,Immune cells,0.8823529411764706,True,,negative,positive,negative,positive,Immune cells,positive,baseline_immune_all_dropout,svtuner_immune_all_dropout,reference_unrepresented_withheld_by_stage3b,0.645853753519365,0.645853753519365,True,0.354146246480635,,0.0,__withheld_reference_unrepresented__,0.0,0.0,1.0,PVL,1.0,ok,True,both,positive,1
TAGTCGATCACGGGTT-1,1,48,96,8408,9695,32316.6666666667,28026.6666666667,25,23,2,0,0.92,0.08,0.0,Tumor,0.92,True,,positive,negative,negative,negative,Immune cells,negative,baseline_immune_all_dropout,svtuner_immune_all_dropout,available_nonimmune_reference_assignment_retained,0.398532000514696,0.398532000514696,False,0.601467999485304,,1.0,Epithelial cells,1.0,0.0,1.0,Epithelial cells,1.0,ok,True,both,negative,0
TAGTCTAACAACGAGA-1,1,40,34,7198,4289,14296.6666666667,23993.3333333333,33,33,0,0,1.0,0.0,0.0,Tumor,1.0,True,,positive,negative,negative,negative,Immune cells,negative,baseline_immune_all_dropout,svtuner_immune_all_dropout,available_nonimmune_reference_assignment_retained,0.1314023815558518,0.1314023815558518,False,0.8685976184441482,,1.0,Epithelial cells,1.0,0.0,1.0,Epithelial cells,1.0,ok,True,both,negative,0
TAGTCTGTGACGTTGC-1,1,23,103,4615,10303,34343.3333333333,15383.3333333333,11,9,1,1,0.8181818181818182,0.0909090909090909,0.0909090909090909,Tumor,0.8181818181818182,True,,positive,negative,negative,negative,Immune cells,negative,baseline_immune_all_dropout,svtuner_immune_all_dropout,available_nonimmune_reference_assignment_retained,0.4208503758163079,0.4208503758163079,False,0.5791496241836921,,1.0,Endothelial cells,1.0,0.0,1.0,Endothelial cells,1.0,ok,True,both,negative,0
TAGTCTTTCCGAATTG-1,1,50,116,8710,11439,38130.0,29033.3333333333,21,20,0,1,0.9523809523809524,0.0,0.0476190476190476,Tumor,0.9523809523809524,True,,positive,negative,negative,negative,Immune cells,negative,baseline_immune_all_dropout,svtuner_immune_all_dropout,available_nonimmune_reference_assignment_retained,0.3431253444789057,0.3431253444789057,False,0.6568746555210943,,1.0,PVL,1.0,0.0,1.0,PVL,1.0,ok,True,both,negative,0
TATACACAGACGCCTT-1,1,50,60,8713,6557,21856.6666666667,29043.3333333333,22,21,0,1,0.9545454545454546,0.0,0.0454545454545454,Tumor,0.9545454545454546,True,,positive,negative,negative,negative,Immune cells,negative,baseline_immune_all_dropout,svtuner_immune_all_dropout,available_nonimmune_reference_assignment_retained,0.445820166420421,0.445820166420421,False,0.554179833579579,,1.0,Endothelial cells,1.0,0.0,1.0,Endothelial cells,1.0,ok,True,both,negative,0
TATACGCGTCATCACT-1,1,60,68,10230,7255,24183.3333333333,34100.0,17,17,0,0,1.0,0.0,0.0,Tumor,1.0,True,,positive,negative,negative,negative,Immune cells,negative,baseline_immune_all_dropout,svtuner_immune_all_dropout,available_nonimmune_reference_assignment_retained,0.3898486035426525,0.3898486035426525,False,0.6101513964573475,,1.0,Endothelial cells,1.0,0.0,1.0,Endothelial cells,1.0,ok,True,both,negative,0
TATAGATGGTCGCAGT-1,1,40,102,7194,10217,34056.6666666667,23980.0,32,32,0,0,1.0,0.0,0.0,Tumor,1.0,True,,positive,negative,negative,negative,Immune cells,negative,baseline_immune_all_dropout,svtuner_immune_all_dropout,available_nonimmune_reference_assignment_retained,0.4910213211792461,0.4910213211792461,False,0.508978678820754,,1.0,Fibroblasts,0.6666666666666666,0.0,1.0,Fibroblasts,0.6666666666666666,ok,True,both,negative,0
TATATAGGGCTTTACG-1,1,63,33,10687,4204,14013.3333333333,35623.3333333333,8,6,0,2,0.75,0.0,0.25,Tumor,0.75,True,,positive,negative,ambiguous,negative,Immune cells,negative,baseline_immune_all_dropout,svtuner_immune_all_dropout,available_nonimmune_reference_assignment_retained,0.5097330790047734,0.5097330790047734,False,0.4902669209952266,,1.0,Fibroblasts,1.0,0.0,1.0,Fibroblasts,1.0,ok,True,both,negative,0
TATATATCGAGAAATG-1,1,60,28,10232,3768,12560.0,34106.6666666667,18,18,0,0,1.0,0.0,0.0,Tumor,1.0,True,,positive,negative,negative,negative,Immune cells,negative,baseline_immune_all_dropout,svtuner_immune_all_dropout,available_nonimmune_reference_assignment_retained,0.3158658964172506,0.3158658964172506,False,0.6841341035827494,,1.0,Epithelial cells,0.5,0.0,1.0,Epithelial cells,0.5,ok,True,both,negative,0
TATATCAAAGTGATCT-1,1,71,37,11900,4554,15180.0,39666.6666666667,17,4,13,0,0.2352941176470588,0.7647058823529411,0.0,Immune cells,0.7647058823529411,True,,ambiguous,positive,negative,positive,Immune cells,positive,baseline_immune_all_dropout,svtuner_immune_all_dropout,available_nonimmune_reference_assignment_retained,0.4729926054873469,0.4729926054873469,False,0.5270073945126531,,1.0,Fibroblasts,1.0,0.0,1.0,Fibroblasts,1.0,ok,True,both,positive,1
TATATCCCTGGGAGGA-1,1,36,98,6588,9868,32893.3333333333,21960.0,34,34,0,0,1.0,0.0,0.0,Tumor,1.0,True,,positive,negative,negative,negative,Immune cells,negative,baseline_immune_all_dropout,svtuner_immune_all_dropout,available_nonimmune_reference_assignment_retained,0.328806922140299,0.328806922140299,False,0.6711930778597011,,1.0,Epithelial cells,1.0,0.0,1.0,Epithelial cells,1.0,ok,True,both,negative,0
TATCACCCAACCGACC-1,1,24,100,4767,10042,33473.3333333333,15890.0,8,8,0,0,1.0,0.0,0.0,Tumor,1.0,True,,positive,negative,negative,negative,Immune cells,negative,baseline_immune_all_dropout,svtuner_immune_all_dropout,available_nonimmune_reference_assignment_retained,0.267277729163772,0.267277729163772,False,0.732722270836228,,1.0,Fibroblasts,1.0,0.0,1.0,Fibroblasts,1.0,ok,True,both,negative,0
TATCCAATTGGTTATC-1,1,55,79,9471,8214,27380.0,31570.0,29,29,0,0,1.0,0.0,0.0,Tumor,1.0,True,,positive,negative,negative,negative,Immune cells,negative,baseline_immune_all_dropout,svtuner_immune_all_dropout,available_nonimmune_reference_assignment_retained,0.3244650853863648,0.3244650853863648,False,0.6755349146136351,,1.0,Epithelial cells,0.8,0.0,1.0,Epithelial cells,0.8,ok,True,both,negative,0
TATCCGCACCGTCGGG-1,1,59,53,10079,5947,19823.3333333333,33596.6666666667,23,23,0,0,1.0,0.0,0.0,Tumor,1.0,True,,positive,negative,negative,negative,Immune cells,negative,baseline_immune_all_dropout,svtuner_immune_all_dropout,available_nonimmune_reference_assignment_retained,0.4366784097068306,0.4366784097068306,False,0.5633215902931694,,1.0,PVL,1.0,0.0,1.0,PVL,1.0,ok,True,both,negative,0
TATCTACCACAGCGGG-1,1,42,60,7500,6556,21853.3333333333,25000.0,25,25,0,0,1.0,0.0,0.0,Tumor,1.0,True,,positive,negative,negative,negative,Immune cells,negative,baseline_immune_all_dropout,svtuner_immune_all_dropout,available_nonimmune_reference_assignment_retained,0.3526623838804672,0.3526623838804672,False,0.6473376161195328,,1.0,PVL,0.8,0.0,1.0,PVL,0.8,ok,True,both,negative,0
TATGAAGAATTAAGGT-1,1,67,99,11290,9958,33193.3333333333,37633.3333333333,22,20,1,1,0.9090909090909092,0.0454545454545454,0.0454545454545454,Tumor,0.9090909090909092,True,,positive,negative,negative,negative,Immune cells,negative,baseline_immune_all_dropout,svtuner_immune_all_dropout,available_nonimmune_reference_assignment_retained,0.4313094084685711,0.4313094084685711,False,0.5686905915314289,,1.0,Fibroblasts,1.0,0.0,1.0,Fibroblasts,1.0,ok,True,both,negative,0
TATGATCCGGCACGCC-1,1,26,112,5070,11088,36960.0,16900.0,26,26,0,0,1.0,0.0,0.0,Tumor,1.0,True,,positive,negative,negative,negative,Immune cells,negative,baseline_immune_all_dropout,svtuner_immune_all_dropout,available_nonimmune_reference_assignment_retained,0.5529705797516673,0.5529705797516673,False,0.4470294202483327,,1.0,Fibroblasts,1.0,0.0,1.0,Fibroblasts,1.0,ok,True,both,negative,0
TATGATCTTCTCTTTA-1,1,58,90,9925,9173,30576.6666666667,33083.3333333333,16,4,10,2,0.25,0.625,0.125,Immune cells,0.625,True,,ambiguous,positive,negative,positive,Immune cells,positive,baseline_immune_all_dropout,svtuner_immune_all_dropout,available_nonimmune_reference_assignment_retained,0.3796054057636011,0.3796054057636011,False,0.6203945942363989,,1.0,Endothelial cells,1.0,0.0,1.0,Endothelial cells,1.0,ok,True,both,positive,1
TATGGGACCGAGCAGG-1,1,36,56,6590,6207,20690.0,21966.6666666667,23,0,19,4,0.0,0.8260869565217391,0.1739130434782608,Immune cells,0.8260869565217391,True,,negative,positive,negative,positive,Immune cells,positive,baseline_immune_all_dropout,svtuner_immune_all_dropout,reference_unrepresented_withheld_by_stage3b,0.6366644849523779,0.6366644849523779,True,0.363335515047622,,0.0,__withheld_reference_unrepresented__,0.0,0.0,1.0,PVL,1.0,ok,True,both,positive,1
TATGGTTAGTGGGAGA-1,1,41,105,7346,10479,34930.0,24486.6666666667,22,18,3,1,0.8181818181818182,0.1363636363636363,0.0454545454545454,Tumor,0.8181818181818182,True,,positive,negative,negative,negative,Immune cells,negative,baseline_immune_all_dropout,svtuner_immune_all_dropout,available_nonimmune_reference_assignment_retained,0.3707843392031528,0.3707843392031528,False,0.6292156607968472,,1.0,PVL,1.0,0.0,1.0,PVL,1.0,ok,True,both,negative,0
TATGTAAAGTGCTTAA-1,1,66,44,11141,5163,17210.0,37136.6666666667,22,22,0,0,1.0,0.0,0.0,Tumor,1.0,True,,positive,negative,negative,negative,Immune cells,negative,baseline_immune_all_dropout,svtuner_immune_all_dropout,available_nonimmune_reference_assignment_retained,0.2313087247805525,0.2313087247805525,False,0.7686912752194475,,1.0,Epithelial cells,1.0,0.0,1.0,Epithelial cells,1.0,ok,True,both,negative,0
TATTAACCTGACCGCG-1,1,57,45,9776,5250,17500.0,32586.6666666667,28,17,0,11,0.6071428571428571,0.0,0.3928571428571428,Tumor,0.6071428571428571,True,,positive,negative,ambiguous,negative,Immune cells,negative,baseline_immune_all_dropout,svtuner_immune_all_dropout,available_nonimmune_reference_assignment_retained,0.4022889384378034,0.4022889384378034,False,0.5977110615621966,,1.0,PVL,0.5,0.0,1.0,PVL,0.5,ok,True,both,negative,0
TATTACCATCCTGCTT-1,1,38,96,6891,9694,32313.3333333333,22970.0,32,32,0,0,1.0,0.0,0.0,Tumor,1.0,True,,positive,negative,negative,negative,Immune cells,negative,baseline_immune_all_dropout,svtuner_immune_all_dropout,available_nonimmune_reference_assignment_retained,0.2988625783101175,0.2988625783101175,False,0.7011374216898825,,1.0,Epithelial cells,1.0,0.0,1.0,Epithelial cells,1.0,ok,True,both,negative,0
TATTCAATTCTAATCC-1,1,34,74,6285,7776,25920.0,20950.0,15,15,0,0,1.0,0.0,0.0,Tumor,1.0,True,,positive,negative,negative,negative,Immune cells,negative,baseline_immune_all_dropout,svtuner_immune_all_dropout,available_nonimmune_reference_assignment_retained,0.3809682685205132,0.3809682685205132,False,0.6190317314794869,,1.0,Endothelial cells,1.0,0.0,1.0,Endothelial cells,1.0,ok,True,both,negative,0
TATTCCACTCAGCTCG-1,1,49,57,8562,6295,20983.3333333333,28540.0,24,24,0,0,1.0,0.0,0.0,Tumor,1.0,True,,positive,negative,negative,negative,Immune cells,negative,baseline_immune_all_dropout,svtuner_immune_all_dropout,available_nonimmune_reference_assignment_retained,0.3822937500788497,0.3822937500788497,False,0.6177062499211503,,1.0,Epithelial cells,1.0,0.0,1.0,Epithelial cells,1.0,ok,True,both,negative,0
TATTCCGAGCTGTTAT-1,1,54,86,9319,8824,29413.3333333333,31063.3333333333,26,24,2,0,0.9230769230769232,0.0769230769230769,0.0,Tumor,0.9230769230769232,True,,positive,negative,negative,negative,Immune cells,negative,baseline_immune_all_dropout,svtuner_immune_all_dropout,available_nonimmune_reference_assignment_retained,0.3315104568432196,0.3315104568432196,False,0.6684895431567803,,1.0,PVL,1.0,0.0,1.0,PVL,1.0,ok,True,both,negative,0
TATTCCTCCGCCCACT-1,1,48,32,8412,4115,13716.6666666667,28040.0,30,28,0,2,0.9333333333333332,0.0,0.0666666666666666,Tumor,0.9333333333333332,True,,positive,negative,negative,negative,Immune cells,negative,baseline_immune_all_dropout,svtuner_immune_all_dropout,available_nonimmune_reference_assignment_retained,0.1838710084088492,0.1838710084088492,False,0.8161289915911508,,1.0,Fibroblasts,0.875,0.0,1.0,Fibroblasts,0.875,ok,True,both,negative,0
TATTCGTGCCAGAATA-1,1,34,64,6286,6904,23013.3333333333,20953.3333333333,24,22,2,0,0.9166666666666666,0.0833333333333333,0.0,Tumor,0.9166666666666666,True,,positive,negative,negative,negative,Immune cells,negative,baseline_immune_all_dropout,svtuner_immune_all_dropout,available_nonimmune_reference_assignment_retained,0.3122747373612075,0.3122747373612075,False,0.6877252626387925,,1.0,Fibroblasts,1.0,0.0,1.0,Fibroblasts,1.0,ok,True,both,negative,0
TATTGACATTTCTGCC-1,1,35,117,6435,11525,38416.6666666667,21450.0,29,29,0,0,1.0,0.0,0.0,Tumor,1.0,True,,positive,negative,negative,negative,Immune cells,negative,baseline_immune_all_dropout,svtuner_immune_all_dropout,available_nonimmune_reference_assignment_retained,0.5836126803223354,0.5836126803223354,False,0.4163873196776646,,1.0,Endothelial cells,1.0,0.0,1.0,Endothelial cells,1.0,ok,True,both,negative,0
TATTTGATTTGCACAG-1,1,54,118,9317,11614,38713.3333333333,31056.6666666667,24,24,0,0,1.0,0.0,0.0,Tumor,1.0,True,,positive,negative,negative,negative,Immune cells,negative,baseline_immune_all_dropout,svtuner_immune_all_dropout,available_nonimmune_reference_assignment_retained,0.3234710832921595,0.3234710832921595,False,0.6765289167078405,,1.0,PVL,1.0,0.0,1.0,PVL,1.0,ok,True,both,negative,0
TCAAATTGTTGTGCCG-1,1,68,78,11443,8128,27093.3333333333,38143.3333333333,30,30,0,0,1.0,0.0,0.0,Tumor,1.0,True,,positive,negative,negative,negative,Immune cells,negative,baseline_immune_all_dropout,svtuner_immune_all_dropout,available_nonimmune_reference_assignment_retained,0.1627056646748302,0.1627056646748302,False,0.8372943353251698,,1.0,Epithelial cells,0.7777777777777778,0.0,1.0,Epithelial cells,0.7777777777777778,ok,True,both,negative,0
TCAACAAAGATAATTC-1,1,53,29,9170,3854,12846.6666666667,30566.6666666667,20,20,0,0,1.0,0.0,0.0,Tumor,1.0,True,,positive,negative,negative,negative,Immune cells,negative,baseline_immune_all_dropout,svtuner_immune_all_dropout,available_nonimmune_reference_assignment_retained,0.2256377066744861,0.2256377066744861,False,0.7743622933255139,,1.0,Fibroblasts,0.5714285714285714,0.0,1.0,Fibroblasts,0.5714285714285714,ok,True,both,negative,0
TCAACATAGCGCCCTA-1,1,58,44,9928,5163,17210.0,33093.3333333333,20,20,0,0,1.0,0.0,0.0,Tumor,1.0,True,,positive,negative,negative,negative,Immune cells,negative,baseline_immune_all_dropout,svtuner_immune_all_dropout,available_nonimmune_reference_assignment_retained,0.2854705429800874,0.2854705429800874,False,0.7145294570199126,,1.0,Epithelial cells,1.0,0.0,1.0,Epithelial cells,1.0,ok,True,both,negative,0
TCAACGAGGAGACAAA-1,1,42,56,7500,6207,20690.0,25000.0,19,19,0,0,1.0,0.0,0.0,Tumor,1.0,True,,positive,negative,negative,negative,Immune cells,negative,baseline_immune_all_dropout,svtuner_immune_all_dropout,available_nonimmune_reference_assignment_retained,0.3160873673241937,0.3160873673241937,False,0.6839126326758063,,1.0,Fibroblasts,1.0,0.0,1.0,Fibroblasts,1.0,ok,True,both,negative,0
TCAACGCAGGAAATAA-1,1,49,31,8563,4028,13426.6666666667,28543.3333333333,30,29,0,1,0.9666666666666668,0.0,0.0333333333333333,Tumor,0.9666666666666668,True,,positive,negative,negative,negative,Immune cells,negative,baseline_immune_all_dropout,svtuner_immune_all_dropout,available_nonimmune_reference_assignment_retained,0.1531353713484143,0.1531353713484143,False,0.8468646286515857,,1.0,Fibroblasts,1.0,0.0,1.0,Fibroblasts,1.0,ok,True,both,negative,0
TCAACTGCAGAGTCAG-1,1,56,108,9621,10742,35806.6666666667,32070.0,34,34,0,0,1.0,0.0,0.0,Tumor,1.0,True,,positive,negative,negative,negative,Immune cells,negative,baseline_immune_all_dropout,svtuner_immune_all_dropout,available_nonimmune_reference_assignment_retained,0.214463661247109,0.214463661247109,False,0.785536338752891,,1.0,Epithelial cells,1.0,0.0,1.0,Epithelial cells,1.0,ok,True,both,negative,0
TCAAGAAATACTAGCT-1,1,34,108,6284,10740,35800.0,20946.6666666667,25,25,0,0,1.0,0.0,0.0,Tumor,1.0,True,,positive,negative,negative,negative,Immune cells,negative,baseline_immune_all_dropout,svtuner_immune_all_dropout,available_nonimmune_reference_assignment_retained,0.2613277340840737,0.2613277340840737,False,0.7386722659159263,,1.0,PVL,1.0,0.0,1.0,PVL,1.0,ok,True,both,negative,0
TCAAGCGCGGACGGTA-1,1,58,114,9924,11265,37550.0,33080.0,15,15,0,0,1.0,0.0,0.0,Tumor,1.0,True,,positive,negative,negative,negative,Immune cells,negative,baseline_immune_all_dropout,svtuner_immune_all_dropout,available_nonimmune_reference_assignment_retained,0.2743944620529164,0.2743944620529164,False,0.7256055379470836,,1.0,Fibroblasts,0.7142857142857143,0.0,1.0,Fibroblasts,0.7142857142857143,ok,True,both,negative,0
TCAAGCTGCCTTGAAA-1,1,28,126,5372,12309,41030.0,17906.6666666667,19,15,3,1,0.7894736842105263,0.1578947368421052,0.0526315789473684,Tumor,0.7894736842105263,True,,positive,negative,negative,negative,Immune cells,negative,baseline_immune_all_dropout,svtuner_immune_all_dropout,available_nonimmune_reference_assignment_retained,0.4710600955074721,0.4710600955074721,False,0.5289399044925279,,1.0,Fibroblasts,1.0,0.0,1.0,Fibroblasts,1.0,ok,True,both,negative,0
TCAAGGTTACTACACC-1,1,47,103,8256,10305,34350.0,27520.0,21,21,0,0,1.0,0.0,0.0,Tumor,1.0,True,,positive,negative,negative,negative,Immune cells,negative,baseline_immune_all_dropout,svtuner_immune_all_dropout,available_nonimmune_reference_assignment_retained,0.3733964807131993,0.3733964807131993,False,0.6266035192868007,,1.0,Fibroblasts,1.0,0.0,1.0,Fibroblasts,1.0,ok,True,both,negative,0
TCAATACGCCGTCATG-1,1,63,61,10685,6645,22150.0,35616.6666666667,17,17,0,0,1.0,0.0,0.0,Tumor,1.0,True,,positive,negative,negative,negative,Immune cells,negative,baseline_immune_all_dropout,svtuner_immune_all_dropout,available_nonimmune_reference_assignment_retained,0.3724425645359391,0.3724425645359391,False,0.627557435464061,,1.0,Fibroblasts,1.0,0.0,1.0,Fibroblasts,1.0,ok,True,both,negative,0
TCACAAACCGAGGTAC-1,1,61,95,10380,9609,32030.0,34600.0,28,27,1,0,0.9642857142857144,0.0357142857142857,0.0,Tumor,0.9642857142857144,True,,positive,negative,negative,negative,Immune cells,negative,baseline_immune_all_dropout,svtuner_immune_all_dropout,available_nonimmune_reference_assignment_retained,0.3704814601989242,0.3704814601989242,False,0.6295185398010759,,1.0,Endothelial cells,0.6,0.0,1.0,Endothelial cells,0.6,ok,True,both,negative,0
TCACAGCAAACTCGAA-1,1,51,49,8866,5598,18660.0,29553.3333333333,25,25,0,0,1.0,0.0,0.0,Tumor,1.0,True,,positive,negative,negative,negative,Immune cells,negative,baseline_immune_all_dropout,svtuner_immune_all_dropout,available_nonimmune_reference_assignment_retained,0.3724901518637458,0.3724901518637458,False,0.6275098481362542,,1.0,Epithelial cells,1.0,0.0,1.0,Epithelial cells,1.0,ok,True,both,negative,0
TCACAGGAGAATAAGA-1,1,55,49,9472,5598,18660.0,31573.3333333333,16,11,2,3,0.6875,0.125,0.1875,Tumor,0.6875,True,,positive,negative,negative,negative,Immune cells,negative,baseline_immune_all_dropout,svtuner_immune_all_dropout,available_nonimmune_reference_assignment_retained,0.3959372007088881,0.3959372007088881,False,0.6040627992911118,,1.0,PVL,1.0,0.0,1.0,PVL,1.0,ok,True,both,negative,0
TCACAGGGAATCGCAA-1,1,47,79,8257,8213,27376.6666666667,27523.3333333333,22,22,0,0,1.0,0.0,0.0,Tumor,1.0,True,,positive,negative,negative,negative,Immune cells,negative,baseline_immune_all_dropout,svtuner_immune_all_dropout,available_nonimmune_reference_assignment_retained,0.296982351830146,0.296982351830146,False,0.703017648169854,,1.0,PVL,0.8333333333333334,0.0,1.0,PVL,0.8333333333333334,ok,True,both,negative,0
TCACAGGTTATTGGGC-1,1,32,48,5984,5509,18363.3333333333,19946.6666666667,31,9,22,0,0.2903225806451613,0.7096774193548387,0.0,Immune cells,0.7096774193548387,True,,ambiguous,positive,negative,positive,Immune cells,positive,baseline_immune_all_dropout,svtuner_immune_all_dropout,available_nonimmune_reference_assignment_retained,0.5512967207921756,0.5512967207921756,False,0.4487032792078244,,1.0,Fibroblasts,1.0,0.0,1.0,Fibroblasts,1.0,ok,True,both,positive,1
TCACCGCTCGGCACTC-1,1,30,92,5678,9345,31150.0,18926.6666666667,31,31,0,0,1.0,0.0,0.0,Tumor,1.0,True,,positive,negative,negative,negative,Immune cells,negative,baseline_immune_all_dropout,svtuner_immune_all_dropout,available_nonimmune_reference_assignment_retained,0.2681893315885892,0.2681893315885892,False,0.7318106684114107,,1.0,Epithelial cells,1.0,0.0,1.0,Epithelial cells,1.0,ok,True,both,negative,0
TCACGATGTCCGTGGA-1,1,52,28,9019,3767,12556.6666666667,30063.3333333333,19,18,1,0,0.9473684210526316,0.0526315789473684,0.0,Tumor,0.9473684210526316,True,,positive,negative,negative,negative,Immune cells,negative,baseline_immune_all_dropout,svtuner_immune_all_dropout,available_nonimmune_reference_assignment_retained,0.3171447352558875,0.3171447352558875,False,0.6828552647441125,,1.0,Epithelial cells,1.0,0.0,1.0,Epithelial cells,1.0,ok,True,both,negative,0
TCACGTGCCCGATTCA-1,1,38,62,6893,6730,22433.3333333333,22976.6666666667,30,30,0,0,1.0,0.0,0.0,Tumor,1.0,True,,positive,negative,negative,negative,Immune cells,negative,baseline_immune_all_dropout,svtuner_immune_all_dropout,available_nonimmune_reference_assignment_retained,0.2978072885573487,0.2978072885573487,False,0.7021927114426513,,1.0,Epithelial cells,1.0,0.0,1.0,Epithelial cells,1.0,ok,True,both,negative,0
TCAGAACCTCCACAGG-1,1,30,106,5677,10565,35216.6666666667,18923.3333333333,31,29,2,0,0.935483870967742,0.064516129032258,0.0,Tumor,0.935483870967742,True,,positive,negative,negative,negative,Immune cells,negative,baseline_immune_all_dropout,svtuner_immune_all_dropout,available_nonimmune_reference_assignment_retained,0.5853584939857958,0.5853584939857958,False,0.4146415060142042,,1.0,Endothelial cells,1.0,0.0,1.0,Endothelial cells,1.0,ok,True,both,negative,0
TCAGAACGGCGGTAAT-1,1,73,79,12201,8215,27383.3333333333,40670.0,9,0,1,8,0.0,0.1111111111111111,0.8888888888888888,Stroma,0.8888888888888888,True,,negative,negative,positive,negative,Immune cells,negative,baseline_immune_all_dropout,svtuner_immune_all_dropout,available_nonimmune_reference_assignment_retained,0.4289647008038209,0.4289647008038209,False,0.5710352991961791,,1.0,Fibroblasts,1.0,0.0,1.0,Fibroblasts,1.0,ok,True,both,negative,0
TCAGACGCTATAGAAG-1,1,48,72,8409,7603,25343.3333333333,28030.0,18,15,0,3,0.8333333333333334,0.0,0.1666666666666666,Tumor,0.8333333333333334,True,,positive,negative,negative,negative,Immune cells,negative,baseline_immune_all_dropout,svtuner_immune_all_dropout,available_nonimmune_reference_assignment_retained,0.4066554222351605,0.4066554222351605,False,0.5933445777648395,,1.0,PVL,0.75,0.0,1.0,PVL,0.75,ok,True,both,negative,0
TCAGCAGTAGGCCCTG-1,1,61,41,10383,4901,16336.6666666667,34610.0,29,25,4,0,0.8620689655172413,0.1379310344827586,0.0,Tumor,0.8620689655172413,True,,positive,negative,negative,negative,Immune cells,negative,baseline_immune_all_dropout,svtuner_immune_all_dropout,available_nonimmune_reference_assignment_retained,0.2850602420703957,0.2850602420703957,False,0.7149397579296043,,1.0,PVL,1.0,0.0,1.0,PVL,1.0,ok,True,both,negative,0
TCAGCCAATCCGTAAA-1,1,63,105,10683,10481,34936.6666666667,35610.0,14,1,1,12,0.0714285714285714,0.0714285714285714,0.8571428571428571,Stroma,0.8571428571428571,True,,negative,negative,positive,negative,Immune cells,negative,baseline_immune_all_dropout,svtuner_immune_all_dropout,available_nonimmune_reference_assignment_retained,0.4152199679561636,0.4152199679561636,False,0.5847800320438363,,1.0,Endothelial cells,1.0,0.0,1.0,Endothelial cells,1.0,ok,True,both,negative,0
TCAGCGCACGCCGTTT-1,1,74,80,12353,8303,27676.6666666667,41176.6666666667,12,0,10,2,0.0,0.8333333333333334,0.1666666666666666,Immune cells,0.8333333333333334,True,,negative,positive,negative,positive,Immune cells,positive,baseline_immune_all_dropout,svtuner_immune_all_dropout,available_nonimmune_reference_assignment_retained,0.4409616345506392,0.4409616345506392,False,0.5590383654493608,,1.0,PVL,1.0,0.0,1.0,PVL,1.0,ok,True,both,positive,1
TCAGTAGGGACTATAA-1,1,46,48,8107,5510,18366.6666666667,27023.3333333333,18,3,14,1,0.1666666666666666,0.7777777777777778,0.0555555555555555,Immune cells,0.7777777777777778,True,,negative,positive,negative,positive,Immune cells,positive,baseline_immune_all_dropout,svtuner_immune_all_dropout,reference_unrepresented_withheld_by_stage3b,0.2969999033426407,0.2969999033426407,True,0.7030000966573593,,0.0,__withheld_reference_unrepresented__,0.0,0.0,1.0,PVL,1.0,ok,True,both,positive,1
TCAGTGTATACGTCAT-1,1,58,36,9928,4465,14883.3333333333,33093.3333333333,30,30,0,0,1.0,0.0,0.0,Tumor,1.0,True,,positive,negative,negative,negative,Immune cells,negative,baseline_immune_all_dropout,svtuner_immune_all_dropout,available_nonimmune_reference_assignment_retained,0.197571545185022,0.197571545185022,False,0.802428454814978,,1.0,PVL,1.0,0.0,1.0,PVL,1.0,ok,True,both,negative,0
TCATATGAGCTTTGTT-1,1,64,62,10837,6732,22440.0,36123.3333333333,21,21,0,0,1.0,0.0,0.0,Tumor,1.0,True,,positive,negative,negative,negative,Immune cells,negative,baseline_immune_all_dropout,svtuner_immune_all_dropout,available_nonimmune_reference_assignment_retained,0.4057012542128294,0.4057012542128294,False,0.5942987457871707,,1.0,Endothelial cells,1.0,0.0,1.0,Endothelial cells,1.0,ok,True,both,negative,0
TCATCCTCAGCTGCTT-1,1,68,90,11442,9174,30580.0,38140.0,5,4,0,1,0.8,0.0,0.2,Tumor,0.8,True,,positive,negative,negative,negative,Immune cells,negative,baseline_immune_all_dropout,svtuner_immune_all_dropout,available_nonimmune_reference_assignment_retained,0.449479631576919,0.449479631576919,False,0.550520368423081,,1.0,PVL,0.75,0.0,1.0,PVL,0.75,ok,True,both,negative,0
TCATCGACGACCGTCG-1,1,70,84,11746,8651,28836.6666666667,39153.3333333333,14,12,2,0,0.8571428571428571,0.1428571428571428,0.0,Tumor,0.8571428571428571,True,,positive,negative,negative,negative,Immune cells,negative,baseline_immune_all_dropout,svtuner_immune_all_dropout,available_nonimmune_reference_assignment_retained,0.5680993083354166,0.5680993083354166,False,0.4319006916645834,,1.0,Endothelial cells,1.0,0.0,1.0,Endothelial cells,1.0,ok,True,both,negative,0
TCATCGATGGTCCCAA-1,1,57,29,9777,3855,12850.0,32590.0,31,27,4,0,0.8709677419354839,0.1290322580645161,0.0,Tumor,0.8709677419354839,True,,positive,negative,negative,negative,Immune cells,negative,baseline_immune_all_dropout,svtuner_immune_all_dropout,available_nonimmune_reference_assignment_retained,0.2338909325296574,0.2338909325296574,False,0.7661090674703426,,1.0,Epithelial cells,1.0,0.0,1.0,Epithelial cells,1.0,ok,True,both,negative,0
TCATTTAAGTCTCCGA-1,1,35,99,6436,9955,33183.3333333333,21453.3333333333,30,30,0,0,1.0,0.0,0.0,Tumor,1.0,True,,positive,negative,negative,negative,Immune cells,negative,baseline_immune_all_dropout,svtuner_immune_all_dropout,available_nonimmune_reference_assignment_retained,0.3199237173173561,0.3199237173173561,False,0.6800762826826439,,1.0,Fibroblasts,1.0,0.0,1.0,Fibroblasts,1.0,ok,True,both,negative,0
TCATTTAGAAGTGTGA-1,1,54,110,9317,10916,36386.6666666667,31056.6666666667,31,31,0,0,1.0,0.0,0.0,Tumor,1.0,True,,positive,negative,negative,negative,Immune cells,negative,baseline_immune_all_dropout,svtuner_immune_all_dropout,available_nonimmune_reference_assignment_retained,0.3920582049915579,0.3920582049915579,False,0.607941795008442,,1.0,Fibroblasts,1.0,0.0,1.0,Fibroblasts,1.0,ok,True,both,negative,0
TCCAACTCAGCTATCT-1,1,67,91,11291,9261,30870.0,37636.6666666667,30,30,0,0,1.0,0.0,0.0,Tumor,1.0,True,,positive,negative,negative,negative,Immune cells,negative,baseline_immune_all_dropout,svtuner_immune_all_dropout,available_nonimmune_reference_assignment_retained,0.2857389183639116,0.2857389183639116,False,0.7142610816360884,,1.0,Epithelial cells,1.0,0.0,1.0,Epithelial cells,1.0,ok,True,both,negative,0
TCCAACTTTAAATTCT-1,1,40,40,7198,4812,16040.0,23993.3333333333,14,8,0,6,0.5714285714285714,0.0,0.4285714285714285,Tumor,0.5714285714285714,True,,ambiguous,negative,ambiguous,negative,Immune cells,negative,baseline_immune_all_dropout,svtuner_immune_all_dropout,available_nonimmune_reference_assignment_retained,0.2528318353244145,0.2528318353244145,False,0.7471681646755854,,1.0,Fibroblasts,1.0,0.0,1.0,Fibroblasts,1.0,ok,True,both,negative,0
TCCAAGCCTAGACACA-1,1,67,79,11291,8215,27383.3333333333,37636.6666666667,28,28,0,0,1.0,0.0,0.0,Tumor,1.0,True,,positive,negative,negative,negative,Immune cells,negative,baseline_immune_all_dropout,svtuner_immune_all_dropout,available_nonimmune_reference_assignment_retained,0.5600305584762293,0.5600305584762293,False,0.4399694415237707,,1.0,PVL,1.0,0.0,1.0,PVL,1.0,ok,True,both,negative,0
TCCAATAAAGGCTACC-1,1,63,53,10686,5948,19826.6666666667,35620.0,27,27,0,0,1.0,0.0,0.0,Tumor,1.0,True,,positive,negative,negative,negative,Immune cells,negative,baseline_immune_all_dropout,svtuner_immune_all_dropout,available_nonimmune_reference_assignment_retained,0.3341063260863072,0.3341063260863072,False,0.6658936739136928,,1.0,Endothelial cells,0.5,0.0,1.0,Endothelial cells,0.5,ok,True,both,negative,0
TCCACATCGTATATTG-1,1,69,67,11595,7169,23896.6666666667,38650.0,11,7,1,3,0.6363636363636364,0.0909090909090909,0.2727272727272727,Tumor,0.6363636363636364,True,,positive,negative,ambiguous,negative,Immune cells,negative,baseline_immune_all_dropout,svtuner_immune_all_dropout,available_nonimmune_reference_assignment_retained,0.410348236321964,0.410348236321964,False,0.5896517636780361,,1.0,Epithelial cells,0.75,0.0,1.0,Epithelial cells,0.75,ok,True,both,negative,0
TCCACCTCTAGCCTTT-1,1,61,53,10382,5948,19826.6666666667,34606.6666666667,29,29,0,0,1.0,0.0,0.0,Tumor,1.0,True,,positive,negative,negative,negative,Immune cells,negative,baseline_immune_all_dropout,svtuner_immune_all_dropout,available_nonimmune_reference_assignment_retained,0.4461657718358088,0.4461657718358088,False,0.5538342281641913,,1.0,PVL,1.0,0.0,1.0,PVL,1.0,ok,True,both,negative,0
TCCAGAGCACCGGTTC-1,1,40,70,7196,7428,24760.0,23986.6666666667,21,20,1,0,0.9523809523809524,0.0476190476190476,0.0,Tumor,0.9523809523809524,True,,positive,negative,negative,negative,Immune cells,negative,baseline_immune_all_dropout,svtuner_immune_all_dropout,available_nonimmune_reference_assignment_retained,0.4433448563766067,0.4433448563766067,False,0.5566551436233933,,1.0,PVL,1.0,0.0,1.0,PVL,1.0,ok,True,both,negative,0
TCCAGATGTACGCCAA-1,1,24,114,4766,11262,37540.0,15886.6666666667,20,20,0,0,1.0,0.0,0.0,Tumor,1.0,True,,positive,negative,negative,negative,Immune cells,negative,baseline_immune_all_dropout,svtuner_immune_all_dropout,available_nonimmune_reference_assignment_retained,0.4320441450748345,0.4320441450748345,False,0.5679558549251655,,1.0,Fibroblasts,0.5,0.0,1.0,Fibroblasts,0.5,ok,True,both,negative,0
TCCAGCGCTATAAGCG-1,1,52,116,9014,11439,38130.0,30046.6666666667,20,18,0,2,0.9,0.0,0.1,Tumor,0.9,True,,positive,negative,negative,negative,Immune cells,negative,baseline_immune_all_dropout,svtuner_immune_all_dropout,available_nonimmune_reference_assignment_retained,0.2657426837059269,0.2657426837059269,False,0.7342573162940731,,1.0,Epithelial cells,1.0,0.0,1.0,Epithelial cells,1.0,ok,True,both,negative,0
TCCAGGCAGGACGATC-1,1,72,56,12051,6210,20700.0,40170.0,26,23,1,2,0.8846153846153846,0.0384615384615384,0.0769230769230769,Tumor,0.8846153846153846,True,,positive,negative,negative,negative,Immune cells,negative,baseline_immune_all_dropout,svtuner_immune_all_dropout,available_nonimmune_reference_assignment_retained,0.352732590075255,0.352732590075255,False,0.6472674099247451,,1.0,PVL,1.0,0.0,1.0,PVL,1.0,ok,True,both,negative,0
TCCAGGGTATATACGA-1,1,61,63,10382,6819,22730.0,34606.6666666667,19,19,0,0,1.0,0.0,0.0,Tumor,1.0,True,,positive,negative,negative,negative,Immune cells,negative,baseline_immune_all_dropout,svtuner_immune_all_dropout,available_nonimmune_reference_assignment_retained,0.4057139177172036,0.4057139177172036,False,0.5942860822827964,,1.0,Fibroblasts,1.0,0.0,1.0,Fibroblasts,1.0,ok,True,both,negative,0
TCCATTCCCACTAGAG-1,1,18,126,3856,12308,41026.6666666667,12853.3333333333,24,24,0,0,1.0,0.0,0.0,Tumor,1.0,True,,positive,negative,negative,negative,Immune cells,negative,baseline_immune_all_dropout,svtuner_immune_all_dropout,available_nonimmune_reference_assignment_retained,0.4161795958780331,0.4161795958780331,False,0.5838204041219669,,1.0,Endothelial cells,1.0,0.0,1.0,Endothelial cells,1.0,ok,True,both,negative,0
TCCCAAACAGACAACG-1,1,22,110,4463,10913,36376.6666666667,14876.6666666667,17,8,2,7,0.4705882352941176,0.1176470588235294,0.4117647058823529,Tumor,0.4705882352941176,True,,ambiguous,negative,ambiguous,negative,Immune cells,negative,baseline_immune_all_dropout,svtuner_immune_all_dropout,available_nonimmune_reference_assignment_retained,0.5484644459221337,0.5484644459221337,False,0.4515355540778663,,1.0,PVL,1.0,0.0,1.0,PVL,1.0,ok,True,both,negative,0
TCCCAAAGCCCTAAAT-1,1,39,117,7042,11525,38416.6666666667,23473.3333333333,24,24,0,0,1.0,0.0,0.0,Tumor,1.0,True,,positive,negative,negative,negative,Immune cells,negative,baseline_immune_all_dropout,svtuner_immune_all_dropout,available_nonimmune_reference_assignment_retained,0.4177319500505789,0.4177319500505789,False,0.582268049949421,,1.0,PVL,1.0,0.0,1.0,PVL,1.0,ok,True,both,negative,0
TCCCACTCTCTTCCGG-1,1,31,107,5829,10653,35510.0,19430.0,28,9,17,2,0.3214285714285714,0.6071428571428571,0.0714285714285714,Immune cells,0.6071428571428571,True,,ambiguous,positive,negative,positive,Immune cells,positive,baseline_immune_all_dropout,svtuner_immune_all_dropout,available_nonimmune_reference_assignment_retained,0.6587937729491041,0.6587937729491041,False,0.3412062270508958,,1.0,Endothelial cells,1.0,0.0,1.0,Endothelial cells,1.0,ok,True,both,positive,1
TCCCGCCTATGTGCGT-1,1,32,122,5979,11960,39866.6666666667,19930.0,29,29,0,0,1.0,0.0,0.0,Tumor,1.0,True,,positive,negative,negative,negative,Immune cells,negative,baseline_immune_all_dropout,svtuner_immune_all_dropout,available_nonimmune_reference_assignment_retained,0.6355776661159762,0.6355776661159762,False,0.3644223338840238,,1.0,Epithelial cells,1.0,0.0,1.0,Epithelial cells,1.0,ok,True,both,negative,0
TCCCGTCGCGTCATAG-1,1,29,115,5525,11350,37833.3333333333,18416.6666666667,24,24,0,0,1.0,0.0,0.0,Tumor,1.0,True,,positive,negative,negative,negative,Immune cells,negative,baseline_immune_all_dropout,svtuner_immune_all_dropout,available_nonimmune_reference_assignment_retained,0.4385130133458297,0.4385130133458297,False,0.5614869866541703,,1.0,PVL,1.0,0.0,1.0,PVL,1.0,ok,True,both,negative,0
TCCCGTGTGCAATTTG-1,1,44,80,7802,8300,27666.6666666667,26006.6666666667,33,33,0,0,1.0,0.0,0.0,Tumor,1.0,True,,positive,negative,negative,negative,Immune cells,negative,baseline_immune_all_dropout,svtuner_immune_all_dropout,available_nonimmune_reference_assignment_retained,0.3753962937345382,0.3753962937345382,False,0.6246037062654618,,1.0,PVL,1.0,0.0,1.0,PVL,1.0,ok,True,both,negative,0
TCCCTAGATCAATAGG-1,1,28,114,5373,11263,37543.3333333333,17910.0,29,29,0,0,1.0,0.0,0.0,Tumor,1.0,True,,positive,negative,negative,negative,Immune cells,negative,baseline_immune_all_dropout,svtuner_immune_all_dropout,available_nonimmune_reference_assignment_retained,0.3812953426080066,0.3812953426080066,False,0.6187046573919934,,1.0,Endothelial cells,1.0,0.0,1.0,Endothelial cells,1.0,ok,True,both,negative,0
TCCGAACGTTGCCGCT-1,1,51,121,8862,11875,39583.3333333333,29540.0,20,20,0,0,1.0,0.0,0.0,Tumor,1.0,True,,positive,negative,negative,negative,Immune cells,negative,baseline_immune_all_dropout,svtuner_immune_all_dropout,available_nonimmune_reference_assignment_retained,0.3970651947717226,0.3970651947717226,False,0.6029348052282775,,1.0,PVL,1.0,0.0,1.0,PVL,1.0,ok,True,both,negative,0
TCCGAATGGTCCTGAG-1,1,31,113,5828,11176,37253.3333333333,19426.6666666667,28,28,0,0,1.0,0.0,0.0,Tumor,1.0,True,,positive,negative,negative,negative,Immune cells,negative,baseline_immune_all_dropout,svtuner_immune_all_dropout,available_nonimmune_reference_assignment_retained,0.5757269254029989,0.5757269254029989,False,0.4242730745970011,,1.0,PVL,1.0,0.0,1.0,PVL,1.0,ok,True,both,negative,0
TCCGACCGCTAATCAA-1,1,70,36,11749,4466,14886.6666666667,39163.3333333333,27,27,0,0,1.0,0.0,0.0,Tumor,1.0,True,,positive,negative,negative,negative,Immune cells,negative,baseline_immune_all_dropout,svtuner_immune_all_dropout,available_nonimmune_reference_assignment_retained,0.2607366576446091,0.2607366576446091,False,0.7392633423553909,,1.0,Epithelial cells,1.0,0.0,1.0,Epithelial cells,1.0,ok,True,both,negative,0
TCCGCCTGTCTACAAG-1,1,56,74,9623,7778,25926.6666666667,32076.6666666667,10,5,1,4,0.5,0.1,0.4,Tumor,0.5,True,,ambiguous,negative,ambiguous,negative,Immune cells,negative,baseline_immune_all_dropout,svtuner_immune_all_dropout,available_nonimmune_reference_assignment_retained,0.5691027525417957,0.5691027525417957,False,0.4308972474582043,,1.0,Fibroblasts,1.0,0.0,1.0,Fibroblasts,1.0,ok,True,both,negative,0
TCCGCGGCAGCATCTG-1,1,34,84,6285,8648,28826.6666666667,20950.0,26,1,18,7,0.0384615384615384,0.6923076923076923,0.2692307692307692,Immune cells,0.6923076923076923,True,,negative,positive,ambiguous,positive,Immune cells,positive,baseline_immune_all_dropout,svtuner_immune_all_dropout,reference_unrepresented_withheld_by_stage3b,0.4231940255869673,0.4231940255869673,True,0.5768059744130327,,0.0,__withheld_reference_unrepresented__,0.0,0.0,1.0,Fibroblasts,1.0,ok,True,both,positive,1
TCCGCGGCCCAATGAA-1,1,53,99,9166,9957,33190.0,30553.3333333333,23,23,0,0,1.0,0.0,0.0,Tumor,1.0,True,,positive,negative,negative,negative,Immune cells,negative,baseline_immune_all_dropout,svtuner_immune_all_dropout,available_nonimmune_reference_assignment_retained,0.360529217472088,0.360529217472088,False,0.639470782527912,,1.0,Fibroblasts,1.0,0.0,1.0,Fibroblasts,1.0,ok,True,both,negative,0
TCCGCTGTCATCCCGG-1,1,47,81,8257,8387,27956.6666666667,27523.3333333333,19,9,2,8,0.4736842105263157,0.1052631578947368,0.4210526315789473,Tumor,0.4736842105263157,True,,ambiguous,negative,ambiguous,negative,Immune cells,negative,baseline_immune_all_dropout,svtuner_immune_all_dropout,available_nonimmune_reference_assignment_retained,0.4556615229992308,0.4556615229992308,False,0.5443384770007692,,1.0,PVL,0.75,0.0,1.0,PVL,0.75,ok,True,both,negative,0
TCCGCTTATCCCATTA-1,1,50,64,8713,6905,23016.6666666667,29043.3333333333,16,15,1,0,0.9375,0.0625,0.0,Tumor,0.9375,True,,positive,negative,negative,negative,Immune cells,negative,baseline_immune_all_dropout,svtuner_immune_all_dropout,available_nonimmune_reference_assignment_retained,0.4894700986146271,0.4894700986146271,False,0.5105299013853729,,1.0,Epithelial cells,0.6666666666666666,0.0,1.0,Epithelial cells,0.6666666666666666,ok,True,both,negative,0
TCCGGCCTAGCGTACA-1,1,28,98,5374,9868,32893.3333333333,17913.3333333333,25,23,1,1,0.92,0.04,0.04,Tumor,0.92,True,,positive,negative,negative,negative,Immune cells,negative,baseline_immune_all_dropout,svtuner_immune_all_dropout,available_nonimmune_reference_assignment_retained,0.2636846701614175,0.2636846701614175,False,0.7363153298385825,,1.0,Fibroblasts,0.6666666666666666,0.0,1.0,Fibroblasts,0.6666666666666666,ok,True,both,negative,0
TCCGGGCTTGACGGGA-1,1,66,96,11139,9697,32323.3333333333,37130.0,9,0,1,8,0.0,0.1111111111111111,0.8888888888888888,Stroma,0.8888888888888888,True,,negative,negative,positive,negative,Immune cells,negative,baseline_immune_all_dropout,svtuner_immune_all_dropout,available_nonimmune_reference_assignment_retained,0.6032449893654269,0.6032449893654269,False,0.3967550106345731,,1.0,Fibroblasts,1.0,0.0,1.0,Fibroblasts,1.0,ok,True,both,negative,0
TCCGGTTCGTCCGGTC-1,1,51,53,8865,5947,19823.3333333333,29550.0,11,11,0,0,1.0,0.0,0.0,Tumor,1.0,True,,positive,negative,negative,negative,Immune cells,negative,baseline_immune_all_dropout,svtuner_immune_all_dropout,available_nonimmune_reference_assignment_retained,0.5229960304401128,0.5229960304401128,False,0.4770039695598872,,1.0,Fibroblasts,1.0,0.0,1.0,Fibroblasts,1.0,ok,True,both,negative,0
TCCGTTAAGCTAATAT-1,1,52,100,9015,10044,33480.0,30050.0,20,20,0,0,1.0,0.0,0.0,Tumor,1.0,True,,positive,negative,negative,negative,Immune cells,negative,baseline_immune_all_dropout,svtuner_immune_all_dropout,available_nonimmune_reference_assignment_retained,0.3980140495712954,0.3980140495712954,False,0.6019859504287046,,1.0,PVL,1.0,0.0,1.0,PVL,1.0,ok,True,both,negative,0
TCCTAAAGATTCAGAC-1,1,68,84,11443,8651,28836.6666666667,38143.3333333333,9,5,1,3,0.5555555555555556,0.1111111111111111,0.3333333333333333,Tumor,0.5555555555555556,True,,ambiguous,negative,ambiguous,negative,Immune cells,negative,baseline_immune_all_dropout,svtuner_immune_all_dropout,available_nonimmune_reference_assignment_retained,0.5010007602165899,0.5010007602165899,False,0.4989992397834101,,1.0,Epithelial cells,1.0,0.0,1.0,Epithelial cells,1.0,ok,True,both,negative,0
TCCTAACCGTCGGGCA-1,1,62,46,10535,5337,17790.0,35116.6666666667,16,14,2,0,0.875,0.125,0.0,Tumor,0.875,True,,positive,negative,negative,negative,Immune cells,negative,baseline_immune_all_dropout,svtuner_immune_all_dropout,available_nonimmune_reference_assignment_retained,0.3466418717813476,0.3466418717813476,False,0.6533581282186525,,1.0,PVL,1.0,0.0,1.0,PVL,1.0,ok,True,both,negative,0
TCCTACATCCACGGCC-1,1,46,84,8105,8649,28830.0,27016.6666666667,25,25,0,0,1.0,0.0,0.0,Tumor,1.0,True,,positive,negative,negative,negative,Immune cells,negative,baseline_immune_all_dropout,svtuner_immune_all_dropout,available_nonimmune_reference_assignment_retained,0.3368018611824852,0.3368018611824852,False,0.6631981388175148,,1.0,Fibroblasts,1.0,0.0,1.0,Fibroblasts,1.0,ok,True,both,negative,0
TCCTAGCAAAGAAGCT-1,1,41,41,7349,4899,16330.0,24496.6666666667,24,23,0,1,0.9583333333333334,0.0,0.0416666666666666,Tumor,0.9583333333333334,True,,positive,negative,negative,negative,Immune cells,negative,baseline_immune_all_dropout,svtuner_immune_all_dropout,available_nonimmune_reference_assignment_retained,0.1729657999898576,0.1729657999898576,False,0.8270342000101424,,1.0,Endothelial cells,1.0,0.0,1.0,Endothelial cells,1.0,ok,True,both,negative,0
TCCTATCATAGGTAAC-1,1,46,120,8103,11787,39290.0,27010.0,15,14,0,1,0.9333333333333332,0.0,0.0666666666666666,Tumor,0.9333333333333332,True,,positive,negative,negative,negative,Immune cells,negative,baseline_immune_all_dropout,svtuner_immune_all_dropout,available_nonimmune_reference_assignment_retained,0.3153644613305726,0.3153644613305726,False,0.6846355386694274,,1.0,Epithelial cells,0.6666666666666666,0.0,1.0,Epithelial cells,0.6666666666666666,ok,True,both,negative,0
TCCTCGGGCTGGGCTT-1,1,40,76,7196,7951,26503.3333333333,23986.6666666667,32,32,0,0,1.0,0.0,0.0,Tumor,1.0,True,,positive,negative,negative,negative,Immune cells,negative,baseline_immune_all_dropout,svtuner_immune_all_dropout,available_nonimmune_reference_assignment_retained,0.4156595722054275,0.4156595722054275,False,0.5843404277945725,,1.0,PVL,1.0,0.0,1.0,PVL,1.0,ok,True,both,negative,0
TCCTTACGACGGTCCG-1,1,49,95,8560,9608,32026.6666666667,28533.3333333333,16,16,0,0,1.0,0.0,0.0,Tumor,1.0,True,,positive,negative,negative,negative,Immune cells,negative,baseline_immune_all_dropout,svtuner_immune_all_dropout,available_nonimmune_reference_assignment_retained,0.3437494124976694,0.3437494124976694,False,0.6562505875023306,,1.0,Endothelial cells,0.6,0.0,1.0,Endothelial cells,0.6,ok,True,both,negative,0
TCCTTGTCCTTTAATT-1,1,69,69,11595,7343,24476.6666666667,38650.0,18,17,0,1,0.9444444444444444,0.0,0.0555555555555555,Tumor,0.9444444444444444,True,,positive,negative,negative,negative,Immune cells,negative,baseline_immune_all_dropout,svtuner_immune_all_dropout,available_nonimmune_reference_assignment_retained,0.319159449838585,0.319159449838585,False,0.680840550161415,,1.0,Epithelial cells,0.6666666666666666,0.0,1.0,Epithelial cells,0.6666666666666666,ok,True,both,negative,0
TCCTTTAAATCCGCTT-1,1,56,92,9622,9347,31156.6666666667,32073.3333333333,22,22,0,0,1.0,0.0,0.0,Tumor,1.0,True,,positive,negative,negative,negative,Immune cells,negative,baseline_immune_all_dropout,svtuner_immune_all_dropout,available_nonimmune_reference_assignment_retained,0.2900761820154025,0.2900761820154025,False,0.7099238179845975,,1.0,Epithelial cells,1.0,0.0,1.0,Epithelial cells,1.0,ok,True,both,negative,0
TCGAAGAACCGAGCAC-1,1,45,99,7953,9956,33186.6666666667,26510.0,19,19,0,0,1.0,0.0,0.0,Tumor,1.0,True,,positive,negative,negative,negative,Immune cells,negative,baseline_immune_all_dropout,svtuner_immune_all_dropout,available_nonimmune_reference_assignment_retained,0.3173037439344846,0.3173037439344846,False,0.6826962560655154,,1.0,PVL,1.0,0.0,1.0,PVL,1.0,ok,True,both,negative,0
TCGAATATCCCGCAGG-1,1,58,32,9929,4116,13720.0,33096.6666666667,25,24,1,0,0.96,0.04,0.0,Tumor,0.96,True,,positive,negative,negative,negative,Immune cells,negative,baseline_immune_all_dropout,svtuner_immune_all_dropout,available_nonimmune_reference_assignment_retained,0.21816132670196,0.21816132670196,False,0.78183867329804,,1.0,Epithelial cells,1.0,0.0,1.0,Epithelial cells,1.0,ok,True,both,negative,0
TCGAATCGCAGGGTAG-1,1,75,53,12506,5949,19830.0,41686.6666666667,10,2,7,1,0.2,0.7,0.1,Immune cells,0.7,True,,negative,positive,negative,positive,Immune cells,positive,baseline_immune_all_dropout,svtuner_immune_all_dropout,reference_unrepresented_withheld_by_stage3b,0.6357540187402266,0.6357540187402266,True,0.3642459812597733,,0.0,__withheld_reference_unrepresented__,0.0,0.0,1.0,Endothelial cells,1.0,ok,True,both,positive,1
TCGAGACCAACACCGT-1,1,37,55,6742,6120,20400.0,22473.3333333333,21,4,14,3,0.1904761904761904,0.6666666666666666,0.1428571428571428,Immune cells,0.6666666666666666,True,,negative,positive,negative,positive,Immune cells,positive,baseline_immune_all_dropout,svtuner_immune_all_dropout,reference_unrepresented_withheld_by_stage3b,0.6454805947245642,0.6454805947245642,True,0.3545194052754358,,0.0,__withheld_reference_unrepresented__,0.0,0.0,1.0,Endothelial cells,1.0,ok,True,both,positive,1
TCGAGCCAGGCAGGCC-1,1,57,37,9777,4552,15173.3333333333,32590.0,32,29,2,1,0.90625,0.0625,0.03125,Tumor,0.90625,True,,positive,negative,negative,negative,Immune cells,negative,baseline_immune_all_dropout,svtuner_immune_all_dropout,available_nonimmune_reference_assignment_retained,0.2018072155946253,0.2018072155946253,False,0.7981927844053747,,1.0,Epithelial cells,1.0,0.0,1.0,Epithelial cells,1.0,ok,True,both,negative,0
TCGAGGGCAACAGACG-1,1,57,119,9772,11701,39003.3333333333,32573.3333333333,19,19,0,0,1.0,0.0,0.0,Tumor,1.0,True,,positive,negative,negative,negative,Immune cells,negative,baseline_immune_all_dropout,svtuner_immune_all_dropout,available_nonimmune_reference_assignment_retained,0.2866063213791322,0.2866063213791322,False,0.7133936786208678,,1.0,PVL,0.6666666666666666,0.0,1.0,PVL,0.6666666666666666,ok,True,both,negative,0
TCGCAAAGATGCATTT-1,1,47,75,8258,7864,26213.3333333333,27526.6666666667,27,24,0,3,0.8888888888888888,0.0,0.1111111111111111,Tumor,0.8888888888888888,True,,positive,negative,negative,negative,Immune cells,negative,baseline_immune_all_dropout,svtuner_immune_all_dropout,available_nonimmune_reference_assignment_retained,0.3924511403380895,0.3924511403380895,False,0.6075488596619105,,1.0,Endothelial cells,1.0,0.0,1.0,Endothelial cells,1.0,ok,True,both,negative,0
TCGCACCAGGAGGCAG-1,1,50,80,8712,8300,27666.6666666667,29040.0,19,19,0,0,1.0,0.0,0.0,Tumor,1.0,True,,positive,negative,negative,negative,Immune cells,negative,baseline_immune_all_dropout,svtuner_immune_all_dropout,available_nonimmune_reference_assignment_retained,0.3732307876043611,0.3732307876043611,False,0.6267692123956389,,1.0,Epithelial cells,0.6,0.0,1.0,Epithelial cells,0.6,ok,True,both,negative,0
TCGCATAAAGGGCGCA-1,1,63,111,10683,11004,36680.0,35610.0,12,4,2,6,0.3333333333333333,0.1666666666666666,0.5,Stroma,0.5,True,,ambiguous,negative,ambiguous,negative,Immune cells,negative,baseline_immune_all_dropout,svtuner_immune_all_dropout,available_nonimmune_reference_assignment_retained,0.5633794955140711,0.5633794955140711,False,0.4366205044859289,,1.0,Fibroblasts,1.0,0.0,1.0,Fibroblasts,1.0,ok,True,both,negative,0
TCGCCGAAGTTGCGTC-1,1,45,37,7956,4551,15170.0,26520.0,32,32,0,0,1.0,0.0,0.0,Tumor,1.0,True,,positive,negative,negative,negative,Immune cells,negative,baseline_immune_all_dropout,svtuner_immune_all_dropout,available_nonimmune_reference_assignment_retained,0.2738573823680981,0.2738573823680981,False,0.7261426176319019,,1.0,Epithelial cells,0.8333333333333334,0.0,1.0,Epithelial cells,0.8333333333333334,ok,True,both,negative,0
TCGCCGACATATTCGC-1,1,66,86,11139,8825,29416.6666666667,37130.0,11,6,1,4,0.5454545454545454,0.0909090909090909,0.3636363636363636,Tumor,0.5454545454545454,True,,ambiguous,negative,ambiguous,negative,Immune cells,negative,baseline_immune_all_dropout,svtuner_immune_all_dropout,available_nonimmune_reference_assignment_retained,0.5604418156810764,0.5604418156810764,False,0.4395581843189236,,1.0,Endothelial cells,1.0,0.0,1.0,Endothelial cells,1.0,ok,True,both,negative,0
TCGCTACTGGCTTTGA-1,1,65,73,10988,7692,25640.0,36626.6666666667,22,22,0,0,1.0,0.0,0.0,Tumor,1.0,True,,positive,negative,negative,negative,Immune cells,negative,baseline_immune_all_dropout,svtuner_immune_all_dropout,available_nonimmune_reference_assignment_retained,0.314614832745749,0.314614832745749,False,0.685385167254251,,1.0,Fibroblasts,1.0,0.0,1.0,Fibroblasts,1.0,ok,True,both,negative,0
TCGCTCGGCACCAGCG-1,1,24,108,4767,10739,35796.6666666667,15890.0,24,24,0,0,1.0,0.0,0.0,Tumor,1.0,True,,positive,negative,negative,negative,Immune cells,negative,baseline_immune_all_dropout,svtuner_immune_all_dropout,available_nonimmune_reference_assignment_retained,0.3430938682939121,0.3430938682939121,False,0.6569061317060879,,1.0,Epithelial cells,0.8,0.0,1.0,Epithelial cells,0.8,ok,True,both,negative,0
TCGCTGCCAATGCTGT-1,1,68,80,11443,8302,27673.3333333333,38143.3333333333,16,13,1,2,0.8125,0.0625,0.125,Tumor,0.8125,True,,positive,negative,negative,negative,Immune cells,negative,baseline_immune_all_dropout,svtuner_immune_all_dropout,available_nonimmune_reference_assignment_retained,0.3837398664515709,0.3837398664515709,False,0.6162601335484291,,1.0,Fibroblasts,1.0,0.0,1.0,Fibroblasts,1.0,ok,True,both,negative,0
TCGGCGAACCCAAACC-1,1,49,105,8559,10480,34933.3333333333,28530.0,26,26,0,0,1.0,0.0,0.0,Tumor,1.0,True,,positive,negative,negative,negative,Immune cells,negative,baseline_immune_all_dropout,svtuner_immune_all_dropout,available_nonimmune_reference_assignment_retained,0.2873207444162935,0.2873207444162935,False,0.7126792555837065,,1.0,Epithelial cells,1.0,0.0,1.0,Epithelial cells,1.0,ok,True,both,negative,0
TCGGCTTGTATCGACG-1,1,58,96,9925,9696,32320.0,33083.3333333333,17,17,0,0,1.0,0.0,0.0,Tumor,1.0,True,,positive,negative,negative,negative,Immune cells,negative,baseline_immune_all_dropout,svtuner_immune_all_dropout,available_nonimmune_reference_assignment_retained,0.2885045226400075,0.2885045226400075,False,0.7114954773599925,,1.0,Epithelial cells,1.0,0.0,1.0,Epithelial cells,1.0,ok,True,both,negative,0
TCGGGAACGTGCCTAG-1,1,31,109,5829,10827,36090.0,19430.0,29,28,1,0,0.9655172413793104,0.0344827586206896,0.0,Tumor,0.9655172413793104,True,,positive,negative,negative,negative,Immune cells,negative,baseline_immune_all_dropout,svtuner_immune_all_dropout,available_nonimmune_reference_assignment_retained,0.4783190323626279,0.4783190323626279,False,0.5216809676373722,,1.0,Endothelial cells,1.0,0.0,1.0,Endothelial cells,1.0,ok,True,both,negative,0
TCGGGAGACAGCGTAC-1,1,59,71,10078,7517,25056.6666666667,33593.3333333333,22,20,2,0,0.9090909090909092,0.0909090909090909,0.0,Tumor,0.9090909090909092,True,,positive,negative,negative,negative,Immune cells,negative,baseline_immune_all_dropout,svtuner_immune_all_dropout,available_nonimmune_reference_assignment_retained,0.5102526902976167,0.5102526902976167,False,0.4897473097023833,,1.0,PVL,1.0,0.0,1.0,PVL,1.0,ok,True,both,negative,0
TCGGGCCGTCGTGGTA-1,1,40,88,7195,8997,29990.0,23983.3333333333,25,25,0,0,1.0,0.0,0.0,Tumor,1.0,True,,positive,negative,negative,negative,Immune cells,negative,baseline_immune_all_dropout,svtuner_immune_all_dropout,available_nonimmune_reference_assignment_retained,0.3215186652956914,0.3215186652956914,False,0.6784813347043086,,1.0,Epithelial cells,1.0,0.0,1.0,Epithelial cells,1.0,ok,True,both,negative,0
TCGTACCGACGTCAAG-1,1,68,56,11444,6210,20700.0,38146.6666666667,23,23,0,0,1.0,0.0,0.0,Tumor,1.0,True,,positive,negative,negative,negative,Immune cells,negative,baseline_immune_all_dropout,svtuner_immune_all_dropout,available_nonimmune_reference_assignment_retained,0.3387653135416248,0.3387653135416248,False,0.6612346864583751,,1.0,Epithelial cells,1.0,0.0,1.0,Epithelial cells,1.0,ok,True,both,negative,0
TCGTCAAGTACGCGCA-1,1,56,38,9625,4639,15463.3333333333,32083.3333333333,22,22,0,0,1.0,0.0,0.0,Tumor,1.0,True,,positive,negative,negative,negative,Immune cells,negative,baseline_immune_all_dropout,svtuner_immune_all_dropout,available_nonimmune_reference_assignment_retained,0.1874401416139121,0.1874401416139121,False,0.8125598583860879,,1.0,Epithelial cells,1.0,0.0,1.0,Epithelial cells,1.0,ok,True,both,negative,0
TCGTCTTAGGCGTTAA-1,1,53,83,9167,8562,28540.0,30556.6666666667,32,32,0,0,1.0,0.0,0.0,Tumor,1.0,True,,positive,negative,negative,negative,Immune cells,negative,baseline_immune_all_dropout,svtuner_immune_all_dropout,available_nonimmune_reference_assignment_retained,0.3150806758929002,0.3150806758929002,False,0.6849193241070999,,1.0,Endothelial cells,1.0,0.0,1.0,Endothelial cells,1.0,ok,True,both,negative,0
TCGTGTTCGACCACAA-1,1,57,105,9773,10481,34936.6666666667,32576.6666666667,28,28,0,0,1.0,0.0,0.0,Tumor,1.0,True,,positive,negative,negative,negative,Immune cells,negative,baseline_immune_all_dropout,svtuner_immune_all_dropout,available_nonimmune_reference_assignment_retained,0.5633413525434577,0.5633413525434577,False,0.4366586474565422,,1.0,Endothelial cells,1.0,0.0,1.0,Endothelial cells,1.0,ok,True,both,negative,0
TCGTTAGGAGTCCCTA-1,1,52,54,9017,6034,20113.3333333333,30056.6666666667,15,11,3,1,0.7333333333333333,0.2,0.0666666666666666,Tumor,0.7333333333333333,True,,positive,negative,negative,negative,Immune cells,negative,baseline_immune_all_dropout,svtuner_immune_all_dropout,available_nonimmune_reference_assignment_retained,0.5074272311311591,0.5074272311311591,False,0.4925727688688409,,1.0,PVL,1.0,0.0,1.0,PVL,1.0,ok,True,both,negative,0
TCGTTGCTATCCGGTC-1,1,54,46,9321,5337,17790.0,31070.0,23,20,3,0,0.8695652173913043,0.1304347826086956,0.0,Tumor,0.8695652173913043,True,,positive,negative,negative,negative,Immune cells,negative,baseline_immune_all_dropout,svtuner_immune_all_dropout,available_nonimmune_reference_assignment_retained,0.5282726338970124,0.5282726338970124,False,0.4717273661029876,,1.0,PVL,1.0,0.0,1.0,PVL,1.0,ok,True,both,negative,0
TCTAATACTGCCTCAG-1,1,57,25,9777,3506,11686.6666666667,32590.0,7,1,1,5,0.1428571428571428,0.1428571428571428,0.7142857142857143,Stroma,0.7142857142857143,True,,negative,negative,positive,negative,Immune cells,negative,baseline_immune_all_dropout,svtuner_immune_all_dropout,available_nonimmune_reference_assignment_retained,0.4770707314307656,0.4770707314307656,False,0.5229292685692344,,1.0,Fibroblasts,1.0,0.0,1.0,Fibroblasts,1.0,ok,True,both,negative,0
TCTACCCAATAGAGAG-1,1,56,106,9621,10568,35226.6666666667,32070.0,21,16,2,3,0.7619047619047619,0.0952380952380952,0.1428571428571428,Tumor,0.7619047619047619,True,,positive,negative,negative,negative,Immune cells,negative,baseline_immune_all_dropout,svtuner_immune_all_dropout,available_nonimmune_reference_assignment_retained,0.3701426864267312,0.3701426864267312,False,0.6298573135732688,,1.0,Epithelial cells,0.6,0.0,1.0,Epithelial cells,0.6,ok,True,both,negative,0
TCTACGGGCTCAGTTG-1,1,16,122,3552,11959,39863.3333333333,11840.0,13,10,0,3,0.7692307692307693,0.0,0.2307692307692307,Tumor,0.7692307692307693,True,,positive,negative,ambiguous,negative,Immune cells,negative,baseline_immune_all_dropout,svtuner_immune_all_dropout,available_nonimmune_reference_assignment_retained,0.4843374527507899,0.4843374527507899,False,0.5156625472492101,,1.0,PVL,1.0,0.0,1.0,PVL,1.0,ok,True,both,negative,0
TCTAGCAATCTCCGCC-1,1,46,30,8108,3941,13136.6666666667,27026.6666666667,34,29,5,0,0.8529411764705882,0.1470588235294117,0.0,Tumor,0.8529411764705882,True,,positive,negative,negative,negative,Immune cells,negative,baseline_immune_all_dropout,svtuner_immune_all_dropout,available_nonimmune_reference_assignment_retained,0.2407134127279962,0.2407134127279962,False,0.7592865872720038,,1.0,PVL,1.0,0.0,1.0,PVL,1.0,ok,True,both,negative,0
TCTAGGTGGCGACGCT-1,1,29,99,5526,9955,33183.3333333333,18420.0,21,21,0,0,1.0,0.0,0.0,Tumor,1.0,True,,positive,negative,negative,negative,Immune cells,negative,baseline_immune_all_dropout,svtuner_immune_all_dropout,available_nonimmune_reference_assignment_retained,0.3561141739964817,0.3561141739964817,False,0.6438858260035183,,1.0,Endothelial cells,1.0,0.0,1.0,Endothelial cells,1.0,ok,True,both,negative,0
TCTAGTGATATCGTGG-1,1,44,98,7801,9869,32896.6666666667,26003.3333333333,29,28,1,0,0.9655172413793104,0.0344827586206896,0.0,Tumor,0.9655172413793104,True,,positive,negative,negative,negative,Immune cells,negative,baseline_immune_all_dropout,svtuner_immune_all_dropout,available_nonimmune_reference_assignment_retained,0.4574788503559921,0.4574788503559921,False,0.5425211496440079,,1.0,Endothelial cells,1.0,0.0,1.0,Endothelial cells,1.0,ok,True,both,negative,0
TCTAGTTATCAGAAGA-1,1,34,54,6287,6032,20106.6666666667,20956.6666666667,22,5,14,3,0.2272727272727272,0.6363636363636364,0.1363636363636363,Immune cells,0.6363636363636364,True,,ambiguous,positive,negative,positive,Immune cells,positive,baseline_immune_all_dropout,svtuner_immune_all_dropout,reference_unrepresented_withheld_by_stage3b,0.6015063820280916,0.6015063820280916,True,0.3984936179719084,,0.0,__withheld_reference_unrepresented__,0.0,0.0,1.0,Endothelial cells,1.0,ok,True,both,positive,1
TCTATAGGTGGGTAAT-1,1,65,109,10986,10830,36100.0,36620.0,12,6,2,4,0.5,0.1666666666666666,0.3333333333333333,Tumor,0.5,True,,ambiguous,negative,ambiguous,negative,Immune cells,negative,baseline_immune_all_dropout,svtuner_immune_all_dropout,available_nonimmune_reference_assignment_retained,0.5775089607391586,0.5775089607391586,False,0.4224910392608414,,1.0,Fibroblasts,1.0,0.0,1.0,Fibroblasts,1.0,ok,True,both,negative,0
TCTATGCTATAACGAC-1,1,64,94,10835,9522,31740.0,36116.6666666667,17,16,0,1,0.9411764705882352,0.0,0.0588235294117647,Tumor,0.9411764705882352,True,,positive,negative,negative,negative,Immune cells,negative,baseline_immune_all_dropout,svtuner_immune_all_dropout,available_nonimmune_reference_assignment_retained,0.5164717604265249,0.5164717604265249,False,0.4835282395734751,,1.0,Epithelial cells,1.0,0.0,1.0,Epithelial cells,1.0,ok,True,both,negative,0
TCTCAAATCAATCGGG-1,1,71,89,11897,9087,30290.0,39656.6666666667,18,18,0,0,1.0,0.0,0.0,Tumor,1.0,True,,positive,negative,negative,negative,Immune cells,negative,baseline_immune_all_dropout,svtuner_immune_all_dropout,available_nonimmune_reference_assignment_retained,0.3740241946767658,0.3740241946767658,False,0.6259758053232343,,1.0,PVL,1.0,0.0,1.0,PVL,1.0,ok,True,both,negative,0
TCTCATGAGATAGGGT-1,1,49,87,8560,8911,29703.3333333333,28533.3333333333,18,17,0,1,0.9444444444444444,0.0,0.0555555555555555,Tumor,0.9444444444444444,True,,positive,negative,negative,negative,Immune cells,negative,baseline_immune_all_dropout,svtuner_immune_all_dropout,available_nonimmune_reference_assignment_retained,0.2869671729354494,0.2869671729354494,False,0.7130328270645506,,1.0,Epithelial cells,0.6666666666666666,0.0,1.0,Epithelial cells,0.6666666666666666,ok,True,both,negative,0
TCTCCCTGGGCAGCGT-1,1,54,80,9319,8301,27670.0,31063.3333333333,28,28,0,0,1.0,0.0,0.0,Tumor,1.0,True,,positive,negative,negative,negative,Immune cells,negative,baseline_immune_all_dropout,svtuner_immune_all_dropout,available_nonimmune_reference_assignment_retained,0.411786155219255,0.411786155219255,False,0.588213844780745,,1.0,PVL,1.0,0.0,1.0,PVL,1.0,ok,True,both,negative,0
TCTCGACGTATCGCCG-1,1,45,113,7952,11177,37256.6666666667,26506.6666666667,21,13,3,5,0.6190476190476191,0.1428571428571428,0.238095238095238,Tumor,0.6190476190476191,True,,positive,negative,ambiguous,negative,Immune cells,negative,baseline_immune_all_dropout,svtuner_immune_all_dropout,available_nonimmune_reference_assignment_retained,0.4667797580619255,0.4667797580619255,False,0.5332202419380745,,1.0,Endothelial cells,1.0,0.0,1.0,Endothelial cells,1.0,ok,True,both,negative,0
TCTCGAGGAGGTTCGC-1,1,52,112,9014,11090,36966.6666666667,30046.6666666667,7,0,0,7,0.0,0.0,1.0,Stroma,1.0,True,,negative,negative,positive,negative,Immune cells,negative,baseline_immune_all_dropout,svtuner_immune_all_dropout,available_nonimmune_reference_assignment_retained,0.5464729001294077,0.5464729001294077,False,0.4535270998705922,,1.0,Epithelial cells,1.0,0.0,1.0,Epithelial cells,1.0,ok,True,both,negative,0
TCTCTCGCCGCACATA-1,1,55,115,9469,11352,37840.0,31563.3333333333,26,26,0,0,1.0,0.0,0.0,Tumor,1.0,True,,positive,negative,negative,negative,Immune cells,negative,baseline_immune_all_dropout,svtuner_immune_all_dropout,available_nonimmune_reference_assignment_retained,0.2229445725820452,0.2229445725820452,False,0.7770554274179549,,1.0,Epithelial cells,1.0,0.0,1.0,Epithelial cells,1.0,ok,True,both,negative,0
TCTCTTACCGCGAACC-1,1,65,43,10990,5076,16920.0,36633.3333333333,19,16,2,1,0.8421052631578947,0.1052631578947368,0.0526315789473684,Tumor,0.8421052631578947,True,,positive,negative,negative,negative,Immune cells,negative,baseline_immune_all_dropout,svtuner_immune_all_dropout,available_nonimmune_reference_assignment_retained,0.3907711551089038,0.3907711551089038,False,0.6092288448910962,,1.0,Fibroblasts,1.0,0.0,1.0,Fibroblasts,1.0,ok,True,both,negative,0
TCTGAACTCGTACCCG-1,1,47,95,8256,9608,32026.6666666667,27520.0,31,27,4,0,0.8709677419354839,0.1290322580645161,0.0,Tumor,0.8709677419354839,True,,positive,negative,negative,negative,Immune cells,negative,baseline_immune_all_dropout,svtuner_immune_all_dropout,available_nonimmune_reference_assignment_retained,0.3224096775102005,0.3224096775102005,False,0.6775903224897994,,1.0,Endothelial cells,1.0,0.0,1.0,Endothelial cells,1.0,ok,True,both,negative,0
TCTGAAGCACGTGGTC-1,1,56,84,9622,8650,28833.3333333333,32073.3333333333,34,34,0,0,1.0,0.0,0.0,Tumor,1.0,True,,positive,negative,negative,negative,Immune cells,negative,baseline_immune_all_dropout,svtuner_immune_all_dropout,available_nonimmune_reference_assignment_retained,0.2469081282723068,0.2469081282723068,False,0.7530918717276932,,1.0,Epithelial cells,1.0,0.0,1.0,Epithelial cells,1.0,ok,True,both,negative,0
TCTGAATTCCGTACAA-1,1,34,94,6284,9519,31730.0,20946.6666666667,24,24,0,0,1.0,0.0,0.0,Tumor,1.0,True,,positive,negative,negative,negative,Immune cells,negative,baseline_immune_all_dropout,svtuner_immune_all_dropout,available_nonimmune_reference_assignment_retained,0.306679089144992,0.306679089144992,False,0.693320910855008,,1.0,Endothelial cells,0.8333333333333334,0.0,1.0,Endothelial cells,0.8333333333333334,ok,True,both,negative,0
TCTGACGGGCTAACCC-1,1,28,120,5373,11786,39286.6666666667,17910.0,25,25,0,0,1.0,0.0,0.0,Tumor,1.0,True,,positive,negative,negative,negative,Immune cells,negative,baseline_immune_all_dropout,svtuner_immune_all_dropout,available_nonimmune_reference_assignment_retained,0.5018416911159287,0.5018416911159287,False,0.4981583088840713,,1.0,Endothelial cells,1.0,0.0,1.0,Endothelial cells,1.0,ok,True,both,negative,0
TCTGATCGGGTGCTAG-1,1,34,118,6283,11612,38706.6666666667,20943.3333333333,19,19,0,0,1.0,0.0,0.0,Tumor,1.0,True,,positive,negative,negative,negative,Immune cells,negative,baseline_immune_all_dropout,svtuner_immune_all_dropout,available_nonimmune_reference_assignment_retained,0.438128912459598,0.438128912459598,False,0.561871087540402,,1.0,PVL,1.0,0.0,1.0,PVL,1.0,ok,True,both,negative,0
TCTGATGTATTCTGTC-1,1,51,83,8864,8562,28540.0,29546.6666666667,36,36,0,0,1.0,0.0,0.0,Tumor,1.0,True,,positive,negative,negative,negative,Immune cells,negative,baseline_immune_all_dropout,svtuner_immune_all_dropout,available_nonimmune_reference_assignment_retained,0.35286934112349,0.35286934112349,False,0.64713065887651,,1.0,Endothelial cells,1.0,0.0,1.0,Endothelial cells,1.0,ok,True,both,negative,0
TCTGATTGGAAATGGA-1,1,35,123,6435,12048,40160.0,21450.0,20,17,0,3,0.85,0.0,0.15,Tumor,0.85,True,,positive,negative,negative,negative,Immune cells,negative,baseline_immune_all_dropout,svtuner_immune_all_dropout,available_nonimmune_reference_assignment_retained,0.4509477105038869,0.4509477105038869,False,0.5490522894961132,,1.0,Endothelial cells,1.0,0.0,1.0,Endothelial cells,1.0,ok,True,both,negative,0
TCTGCACCATTAGTAA-1,1,25,127,4917,12396,41320.0,16390.0,23,23,0,0,1.0,0.0,0.0,Tumor,1.0,True,,positive,negative,negative,negative,Immune cells,negative,baseline_immune_all_dropout,svtuner_immune_all_dropout,available_nonimmune_reference_assignment_retained,0.3673208627315721,0.3673208627315721,False,0.632679137268428,,1.0,PVL,1.0,0.0,1.0,PVL,1.0,ok,True,both,negative,0
TCTGCATACCTTGCTT-1,1,61,99,10380,9958,33193.3333333333,34600.0,11,10,1,0,0.9090909090909092,0.0909090909090909,0.0,Tumor,0.9090909090909092,True,,positive,negative,negative,negative,Immune cells,negative,baseline_immune_all_dropout,svtuner_immune_all_dropout,available_nonimmune_reference_assignment_retained,0.5448749850683055,0.5448749850683055,False,0.4551250149316945,,1.0,Fibroblasts,1.0,0.0,1.0,Fibroblasts,1.0,ok,True,both,negative,0
TCTGCCAGAAACTGCA-1,1,41,79,7347,8212,27373.3333333333,24490.0,27,27,0,0,1.0,0.0,0.0,Tumor,1.0,True,,positive,negative,negative,negative,Immune cells,negative,baseline_immune_all_dropout,svtuner_immune_all_dropout,available_nonimmune_reference_assignment_retained,0.3193111622150441,0.3193111622150441,False,0.6806888377849559,,1.0,PVL,1.0,0.0,1.0,PVL,1.0,ok,True,both,negative,0
TCTGCGAATCGTTCGC-1,1,17,123,3704,12046,40153.3333333333,12346.6666666667,35,35,0,0,1.0,0.0,0.0,Tumor,1.0,True,,positive,negative,negative,negative,Immune cells,negative,baseline_immune_all_dropout,svtuner_immune_all_dropout,available_nonimmune_reference_assignment_retained,0.3553203411891775,0.3553203411891775,False,0.6446796588108226,,1.0,Epithelial cells,1.0,0.0,1.0,Epithelial cells,1.0,ok,True,both,negative,0
TCTGCTTAGAACAAGC-1,1,50,126,8710,12311,41036.6666666667,29033.3333333333,31,31,0,0,1.0,0.0,0.0,Tumor,1.0,True,,positive,negative,negative,negative,Immune cells,negative,baseline_immune_all_dropout,svtuner_immune_all_dropout,available_nonimmune_reference_assignment_retained,0.4461765212285086,0.4461765212285086,False,0.5538234787714914,,1.0,Epithelial cells,1.0,0.0,1.0,Epithelial cells,1.0,ok,True,both,negative,0
TCTGGAGCGTAAGAGT-1,1,38,126,6889,12310,41033.3333333333,22963.3333333333,31,31,0,0,1.0,0.0,0.0,Tumor,1.0,True,,positive,negative,negative,negative,Immune cells,negative,baseline_immune_all_dropout,svtuner_immune_all_dropout,available_nonimmune_reference_assignment_retained,0.5435400671981204,0.5435400671981204,False,0.4564599328018796,,1.0,Epithelial cells,1.0,0.0,1.0,Epithelial cells,1.0,ok,True,both,negative,0
TCTGGCCGTTCAAGTT-1,1,36,122,6586,11961,39870.0,21953.3333333333,30,30,0,0,1.0,0.0,0.0,Tumor,1.0,True,,positive,negative,negative,negative,Immune cells,negative,baseline_immune_all_dropout,svtuner_immune_all_dropout,available_nonimmune_reference_assignment_retained,0.569512587278869,0.569512587278869,False,0.430487412721131,,1.0,Endothelial cells,1.0,0.0,1.0,Endothelial cells,1.0,ok,True,both,negative,0
TCTGGGAACCTTTGAA-1,1,40,98,7194,9869,32896.6666666667,23980.0,31,30,1,0,0.967741935483871,0.032258064516129,0.0,Tumor,0.967741935483871,True,,positive,negative,negative,negative,Immune cells,negative,baseline_immune_all_dropout,svtuner_immune_all_dropout,available_nonimmune_reference_assignment_retained,0.351319788753134,0.351319788753134,False,0.6486802112468659,,1.0,Epithelial cells,1.0,0.0,1.0,Epithelial cells,1.0,ok,True,both,negative,0
TCTGGGTAGCGCTCAT-1,1,40,36,7198,4463,14876.6666666667,23993.3333333333,28,28,0,0,1.0,0.0,0.0,Tumor,1.0,True,,positive,negative,negative,negative,Immune cells,negative,baseline_immune_all_dropout,svtuner_immune_all_dropout,available_nonimmune_reference_assignment_retained,0.3318079218674333,0.3318079218674333,False,0.6681920781325668,,1.0,Epithelial cells,1.0,0.0,1.0,Epithelial cells,1.0,ok,True,both,negative,0
TCTGTTACCCAGCATA-1,1,51,35,8866,4377,14590.0,29553.3333333333,17,15,1,1,0.8823529411764706,0.0588235294117647,0.0588235294117647,Tumor,0.8823529411764706,True,,positive,negative,negative,negative,Immune cells,negative,baseline_immune_all_dropout,svtuner_immune_all_dropout,available_nonimmune_reference_assignment_retained,0.3598274759427795,0.3598274759427795,False,0.6401725240572205,,1.0,Fibroblasts,1.0,0.0,1.0,Fibroblasts,1.0,ok,True,both,negative,0
TCTTACTTATGCCTCT-1,1,45,93,7953,9433,31443.3333333333,26510.0,24,24,0,0,1.0,0.0,0.0,Tumor,1.0,True,,positive,negative,negative,negative,Immune cells,negative,baseline_immune_all_dropout,svtuner_immune_all_dropout,available_nonimmune_reference_assignment_retained,0.2962305691940842,0.2962305691940842,False,0.7037694308059158,,1.0,PVL,1.0,0.0,1.0,PVL,1.0,ok,True,both,negative,0
TCTTAGAGCTCCAATT-1,1,40,108,7194,10741,35803.3333333333,23980.0,31,31,0,0,1.0,0.0,0.0,Tumor,1.0,True,,positive,negative,negative,negative,Immune cells,negative,baseline_immune_all_dropout,svtuner_immune_all_dropout,available_nonimmune_reference_assignment_retained,0.4854521530526529,0.4854521530526529,False,0.5145478469473471,,1.0,Epithelial cells,0.6666666666666666,0.0,1.0,Epithelial cells,0.6666666666666666,ok,True,both,negative,0
TCTTAGAGTGAACTCT-1,1,43,99,7649,9956,33186.6666666667,25496.6666666667,34,34,0,0,1.0,0.0,0.0,Tumor,1.0,True,,positive,negative,negative,negative,Immune cells,negative,baseline_immune_all_dropout,svtuner_immune_all_dropout,available_nonimmune_reference_assignment_retained,0.4671511458114849,0.4671511458114849,False,0.532848854188515,,1.0,Endothelial cells,1.0,0.0,1.0,Endothelial cells,1.0,ok,True,both,negative,0
TCTTCCCATGGGCACA-1,1,32,96,5981,9694,32313.3333333333,19936.6666666667,27,27,0,0,1.0,0.0,0.0,Tumor,1.0,True,,positive,negative,negative,negative,Immune cells,negative,baseline_immune_all_dropout,svtuner_immune_all_dropout,available_nonimmune_reference_assignment_retained,0.2436574045794434,0.2436574045794434,False,0.7563425954205566,,1.0,Epithelial cells,1.0,0.0,1.0,Epithelial cells,1.0,ok,True,both,negative,0
TCTTCGAATAGACGTT-1,1,39,71,7044,7515,25050.0,23480.0,33,27,5,1,0.8181818181818182,0.1515151515151515,0.0303030303030303,Tumor,0.8181818181818182,True,,positive,negative,negative,negative,Immune cells,negative,baseline_immune_all_dropout,svtuner_immune_all_dropout,available_nonimmune_reference_assignment_retained,0.5126561979097642,0.5126561979097642,False,0.4873438020902357,,1.0,Fibroblasts,1.0,0.0,1.0,Fibroblasts,1.0,ok,True,both,negative,0
TCTTCGATACCAATAA-1,1,32,66,5983,7078,23593.3333333333,19943.3333333333,11,0,1,10,0.0,0.0909090909090909,0.9090909090909092,Stroma,0.9090909090909092,True,,negative,negative,positive,negative,Immune cells,negative,baseline_immune_all_dropout,svtuner_immune_all_dropout,reference_unrepresented_withheld_by_stage3b,0.4235766580785449,0.4235766580785449,True,0.5764233419214551,,0.0,__withheld_reference_unrepresented__,0.0,0.0,1.0,Endothelial cells,0.6666666666666666,ok,True,both,negative,0
TCTTCGCGGTGAGAGG-1,1,60,116,10227,11440,38133.3333333333,34090.0,14,0,10,4,0.0,0.7142857142857143,0.2857142857142857,Immune cells,0.7142857142857143,True,,negative,positive,ambiguous,positive,Immune cells,positive,baseline_immune_all_dropout,svtuner_immune_all_dropout,reference_unrepresented_withheld_by_stage3b,0.4472920389379058,0.4472920389379058,True,0.5527079610620942,,0.0,__withheld_reference_unrepresented__,0.0,0.0,1.0,PVL,1.0,ok,True,both,positive,1
TCTTCTATAACCCGCC-1,1,45,107,7952,10654,35513.3333333333,26506.6666666667,32,32,0,0,1.0,0.0,0.0,Tumor,1.0,True,,positive,negative,negative,negative,Immune cells,negative,baseline_immune_all_dropout,svtuner_immune_all_dropout,available_nonimmune_reference_assignment_retained,0.3805182368319871,0.3805182368319871,False,0.619481763168013,,1.0,Endothelial cells,1.0,0.0,1.0,Endothelial cells,1.0,ok,True,both,negative,0
TCTTGCTCCCGATACT-1,1,65,67,10988,7168,23893.3333333333,36626.6666666667,25,23,2,0,0.92,0.08,0.0,Tumor,0.92,True,,positive,negative,negative,negative,Immune cells,negative,baseline_immune_all_dropout,svtuner_immune_all_dropout,available_nonimmune_reference_assignment_retained,0.4696647926370359,0.4696647926370359,False,0.5303352073629641,,1.0,Endothelial cells,1.0,0.0,1.0,Endothelial cells,1.0,ok,True,both,negative,0
TCTTTAAGACTATGAA-1,1,34,98,6284,9868,32893.3333333333,20946.6666666667,28,25,3,0,0.8928571428571429,0.1071428571428571,0.0,Tumor,0.8928571428571429,True,,positive,negative,negative,negative,Immune cells,negative,baseline_immune_all_dropout,svtuner_immune_all_dropout,available_nonimmune_reference_assignment_retained,0.2898894975021269,0.2898894975021269,False,0.7101105024978731,,1.0,Endothelial cells,1.0,0.0,1.0,Endothelial cells,1.0,ok,True,both,negative,0
TCTTTAGAGTCTAACA-1,1,50,114,8710,11265,37550.0,29033.3333333333,22,22,0,0,1.0,0.0,0.0,Tumor,1.0,True,,positive,negative,negative,negative,Immune cells,negative,baseline_immune_all_dropout,svtuner_immune_all_dropout,available_nonimmune_reference_assignment_retained,0.4805184325385205,0.4805184325385205,False,0.5194815674614794,,1.0,Endothelial cells,1.0,0.0,1.0,Endothelial cells,1.0,ok,True,both,negative,0
TCTTTAGCAGGCGAAC-1,1,34,116,6283,11437,38123.3333333333,20943.3333333333,23,23,0,0,1.0,0.0,0.0,Tumor,1.0,True,,positive,negative,negative,negative,Immune cells,negative,baseline_immune_all_dropout,svtuner_immune_all_dropout,available_nonimmune_reference_assignment_retained,0.4110432873394775,0.4110432873394775,False,0.5889567126605225,,1.0,PVL,1.0,0.0,1.0,PVL,1.0,ok,True,both,negative,0
TGAAAGGACCTGACTC-1,1,35,83,6437,8561,28536.6666666667,21456.6666666667,29,29,0,0,1.0,0.0,0.0,Tumor,1.0,True,,positive,negative,negative,negative,Immune cells,negative,baseline_immune_all_dropout,svtuner_immune_all_dropout,available_nonimmune_reference_assignment_retained,0.2719116085581357,0.2719116085581357,False,0.7280883914418643,,1.0,Fibroblasts,1.0,0.0,1.0,Fibroblasts,1.0,ok,True,both,negative,0
TGAACAAGCAGGGACT-1,1,66,36,11142,4466,14886.6666666667,37140.0,17,12,2,3,0.7058823529411765,0.1176470588235294,0.1764705882352941,Tumor,0.7058823529411765,True,,positive,negative,negative,negative,Immune cells,negative,baseline_immune_all_dropout,svtuner_immune_all_dropout,available_nonimmune_reference_assignment_retained,0.2818886341640106,0.2818886341640106,False,0.7181113658359894,,1.0,PVL,1.0,0.0,1.0,PVL,1.0,ok,True,both,negative,0
TGAATACCGACGCGTA-1,1,66,82,11139,8476,28253.3333333333,37130.0,25,25,0,0,1.0,0.0,0.0,Tumor,1.0,True,,positive,negative,negative,negative,Immune cells,negative,baseline_immune_all_dropout,svtuner_immune_all_dropout,available_nonimmune_reference_assignment_retained,0.2894382975211318,0.2894382975211318,False,0.7105617024788682,,1.0,Epithelial cells,0.6666666666666666,0.0,1.0,Epithelial cells,0.6666666666666666,ok,True,both,negative,0
TGAATGAGATACAGCA-1,1,17,125,3704,12220,40733.3333333333,12346.6666666667,33,33,0,0,1.0,0.0,0.0,Tumor,1.0,True,,positive,negative,negative,negative,Immune cells,negative,baseline_immune_all_dropout,svtuner_immune_all_dropout,available_nonimmune_reference_assignment_retained,0.449658403935525,0.449658403935525,False,0.5503415960644751,,1.0,Endothelial cells,1.0,0.0,1.0,Endothelial cells,1.0,ok,True,both,negative,0
TGAATGAGTGTTTCCC-1,1,66,50,11141,5686,18953.3333333333,37136.6666666667,24,24,0,0,1.0,0.0,0.0,Tumor,1.0,True,,positive,negative,negative,negative,Immune cells,negative,baseline_immune_all_dropout,svtuner_immune_all_dropout,available_nonimmune_reference_assignment_retained,0.3461290870042344,0.3461290870042344,False,0.6538709129957656,,1.0,Epithelial cells,0.8,0.0,1.0,Epithelial cells,0.8,ok,True,both,negative,0
TGAATGTCAGCCGGCC-1,1,47,109,8256,10828,36093.3333333333,27520.0,35,33,0,2,0.9428571428571428,0.0,0.0571428571428571,Tumor,0.9428571428571428,True,,positive,negative,negative,negative,Immune cells,negative,baseline_immune_all_dropout,svtuner_immune_all_dropout,available_nonimmune_reference_assignment_retained,0.2843855766827735,0.2843855766827735,False,0.7156144233172266,,1.0,Epithelial cells,1.0,0.0,1.0,Epithelial cells,1.0,ok,True,both,negative,0
TGACAACGCATGTCGC-1,1,40,124,7193,12135,40450.0,23976.6666666667,25,25,0,0,1.0,0.0,0.0,Tumor,1.0,True,,positive,negative,negative,negative,Immune cells,negative,baseline_immune_all_dropout,svtuner_immune_all_dropout,available_nonimmune_reference_assignment_retained,0.4362153167379665,0.4362153167379665,False,0.5637846832620335,,1.0,PVL,1.0,0.0,1.0,PVL,1.0,ok,True,both,negative,0
TGACATCGAGCGGACC-1,1,35,101,6436,10130,33766.6666666667,21453.3333333333,24,24,0,0,1.0,0.0,0.0,Tumor,1.0,True,,positive,negative,negative,negative,Immune cells,negative,baseline_immune_all_dropout,svtuner_immune_all_dropout,available_nonimmune_reference_assignment_retained,0.4507260107434201,0.4507260107434201,False,0.5492739892565799,,1.0,PVL,1.0,0.0,1.0,PVL,1.0,ok,True,both,negative,0
TGACCCACGTTAGACA-1,1,33,47,6135,5422,18073.3333333333,20450.0,21,17,2,2,0.8095238095238095,0.0952380952380952,0.0952380952380952,Tumor,0.8095238095238095,True,,positive,negative,negative,negative,Immune cells,negative,baseline_immune_all_dropout,svtuner_immune_all_dropout,available_nonimmune_reference_assignment_retained,0.236771418644924,0.236771418644924,False,0.763228581355076,,1.0,Endothelial cells,0.5714285714285714,0.0,1.0,Endothelial cells,0.5714285714285714,ok,True,both,negative,0
TGACGATGCACTAGAA-1,1,37,95,6739,9607,32023.3333333333,22463.3333333333,26,26,0,0,1.0,0.0,0.0,Tumor,1.0,True,,positive,negative,negative,negative,Immune cells,negative,baseline_immune_all_dropout,svtuner_immune_all_dropout,available_nonimmune_reference_assignment_retained,0.3295052059973974,0.3295052059973974,False,0.6704947940026026,,1.0,Fibroblasts,1.0,0.0,1.0,Fibroblasts,1.0,ok,True,both,negative,0
TGACTATAATCCTTTC-1,1,46,68,8106,7254,24180.0,27020.0,32,32,0,0,1.0,0.0,0.0,Tumor,1.0,True,,positive,negative,negative,negative,Immune cells,negative,baseline_immune_all_dropout,svtuner_immune_all_dropout,available_nonimmune_reference_assignment_retained,0.2929147467343747,0.2929147467343747,False,0.7070852532656253,,1.0,Epithelial cells,0.8333333333333334,0.0,1.0,Epithelial cells,0.8333333333333334,ok,True,both,negative,0
TGAGAGATTTACCACG-1,1,41,91,7346,9259,30863.3333333333,24486.6666666667,18,17,0,1,0.9444444444444444,0.0,0.0555555555555555,Tumor,0.9444444444444444,True,,positive,negative,negative,negative,Immune cells,negative,baseline_immune_all_dropout,svtuner_immune_all_dropout,available_nonimmune_reference_assignment_retained,0.2512926120994241,0.2512926120994241,False,0.7487073879005759,,1.0,Fibroblasts,1.0,0.0,1.0,Fibroblasts,1.0,ok,True,both,negative,0
TGAGCCATACAGTCTC-1,1,42,38,7501,4638,15460.0,25003.3333333333,31,31,0,0,1.0,0.0,0.0,Tumor,1.0,True,,positive,negative,negative,negative,Immune cells,negative,baseline_immune_all_dropout,svtuner_immune_all_dropout,available_nonimmune_reference_assignment_retained,0.2963248801039804,0.2963248801039804,False,0.7036751198960196,,1.0,Epithelial cells,0.6666666666666666,0.0,1.0,Epithelial cells,0.6666666666666666,ok,True,both,negative,0
TGAGCGGAAAGTGTTC-1,1,55,65,9472,6993,23310.0,31573.3333333333,18,6,12,0,0.3333333333333333,0.6666666666666666,0.0,Immune cells,0.6666666666666666,True,,ambiguous,positive,negative,positive,Immune cells,positive,baseline_immune_all_dropout,svtuner_immune_all_dropout,available_nonimmune_reference_assignment_retained,0.5604444180550128,0.5604444180550128,False,0.4395555819449872,,1.0,Endothelial cells,1.0,0.0,1.0,Endothelial cells,1.0,ok,True,both,positive,1
TGAGCTCAACTGTATA-1,1,58,124,9924,12137,40456.6666666667,33080.0,5,0,1,4,0.0,0.2,0.8,Stroma,0.8,True,,negative,negative,positive,negative,Immune cells,negative,baseline_immune_all_dropout,svtuner_immune_all_dropout,reference_unrepresented_withheld_by_stage3b,0.5185601138860821,0.5185601138860821,True,0.4814398861139178,,0.0,__withheld_reference_unrepresented__,0.0,0.0,1.0,Fibroblasts,1.0,ok,True,both,negative,0
TGAGGAGTGCCAGCTT-1,1,58,58,9927,6383,21276.6666666667,33090.0,20,18,2,0,0.9,0.1,0.0,Tumor,0.9,True,,positive,negative,negative,negative,Immune cells,negative,baseline_immune_all_dropout,svtuner_immune_all_dropout,available_nonimmune_reference_assignment_retained,0.3710704114924468,0.3710704114924468,False,0.6289295885075532,,1.0,Epithelial cells,1.0,0.0,1.0,Epithelial cells,1.0,ok,True,both,negative,0
TGAGTAAATTAGCGTA-1,1,47,57,8258,6295,20983.3333333333,27526.6666666667,22,22,0,0,1.0,0.0,0.0,Tumor,1.0,True,,positive,negative,negative,negative,Immune cells,negative,baseline_immune_all_dropout,svtuner_immune_all_dropout,available_nonimmune_reference_assignment_retained,0.239406887489116,0.239406887489116,False,0.760593112510884,,1.0,Epithelial cells,1.0,0.0,1.0,Epithelial cells,1.0,ok,True,both,negative,0
TGAGTGCCTCTTAAAT-1,1,45,41,7956,4900,16333.3333333333,26520.0,26,25,1,0,0.9615384615384616,0.0384615384615384,0.0,Tumor,0.9615384615384616,True,,positive,negative,negative,negative,Immune cells,negative,baseline_immune_all_dropout,svtuner_immune_all_dropout,available_nonimmune_reference_assignment_retained,0.293516227668423,0.293516227668423,False,0.706483772331577,,1.0,Epithelial cells,1.0,0.0,1.0,Epithelial cells,1.0,ok,True,both,negative,0
TGAGTTAAAGACATTC-1,1,48,112,8407,11090,36966.6666666667,28023.3333333333,22,22,0,0,1.0,0.0,0.0,Tumor,1.0,True,,positive,negative,negative,negative,Immune cells,negative,baseline_immune_all_dropout,svtuner_immune_all_dropout,available_nonimmune_reference_assignment_retained,0.2832558156152998,0.2832558156152998,False,0.7167441843847002,,1.0,PVL,0.6666666666666666,0.0,1.0,PVL,0.6666666666666666,ok,True,both,negative,0
TGATACATTTAGCCGT-1,1,55,43,9473,5075,16916.6666666667,31576.6666666667,14,14,0,0,1.0,0.0,0.0,Tumor,1.0,True,,positive,negative,negative,negative,Immune cells,negative,baseline_immune_all_dropout,svtuner_immune_all_dropout,available_nonimmune_reference_assignment_retained,0.4188303160545781,0.4188303160545781,False,0.5811696839454219,,1.0,Fibroblasts,1.0,0.0,1.0,Fibroblasts,1.0,ok,True,both,negative,0
TGATCACCACACTGAC-1,1,69,51,11596,5774,19246.6666666667,38653.3333333333,14,14,0,0,1.0,0.0,0.0,Tumor,1.0,True,,positive,negative,negative,negative,Immune cells,negative,baseline_immune_all_dropout,svtuner_immune_all_dropout,available_nonimmune_reference_assignment_retained,0.3978414618597147,0.3978414618597147,False,0.6021585381402853,,1.0,Fibroblasts,1.0,0.0,1.0,Fibroblasts,1.0,ok,True,both,negative,0
TGATCCCAGCATTAGT-1,1,27,107,5222,10652,35506.6666666667,17406.6666666667,26,26,0,0,1.0,0.0,0.0,Tumor,1.0,True,,positive,negative,negative,negative,Immune cells,negative,baseline_immune_all_dropout,svtuner_immune_all_dropout,available_nonimmune_reference_assignment_retained,0.4014181392997059,0.4014181392997059,False,0.5985818607002942,,1.0,Fibroblasts,1.0,0.0,1.0,Fibroblasts,1.0,ok,True,both,negative,0
TGATCTATCACACTCT-1,1,72,92,12049,9349,31163.3333333333,40163.3333333333,21,21,0,0,1.0,0.0,0.0,Tumor,1.0,True,,positive,negative,negative,negative,Immune cells,negative,baseline_immune_all_dropout,svtuner_immune_all_dropout,available_nonimmune_reference_assignment_retained,0.4020393173278015,0.4020393173278015,False,0.5979606826721985,,1.0,Fibroblasts,1.0,0.0,1.0,Fibroblasts,1.0,ok,True,both,negative,0
TGATGGCTGTTTCTGA-1,1,30,114,5677,11263,37543.3333333333,18923.3333333333,25,25,0,0,1.0,0.0,0.0,Tumor,1.0,True,,positive,negative,negative,negative,Immune cells,negative,baseline_immune_all_dropout,svtuner_immune_all_dropout,available_nonimmune_reference_assignment_retained,0.4255759496475229,0.4255759496475229,False,0.5744240503524771,,1.0,Epithelial cells,1.0,0.0,1.0,Epithelial cells,1.0,ok,True,both,negative,0
TGATGTCAATTAAGTG-1,1,59,103,10076,10306,34353.3333333333,33586.6666666667,23,23,0,0,1.0,0.0,0.0,Tumor,1.0,True,,positive,negative,negative,negative,Immune cells,negative,baseline_immune_all_dropout,svtuner_immune_all_dropout,available_nonimmune_reference_assignment_retained,0.2629283410487854,0.2629283410487854,False,0.7370716589512146,,1.0,Epithelial cells,1.0,0.0,1.0,Epithelial cells,1.0,ok,True,both,negative,0
TGATTCCCGGTTACCT-1,1,64,50,10838,5686,18953.3333333333,36126.6666666667,13,8,1,4,0.6153846153846154,0.0769230769230769,0.3076923076923077,Tumor,0.6153846153846154,True,,positive,negative,ambiguous,negative,Immune cells,negative,baseline_immune_all_dropout,svtuner_immune_all_dropout,available_nonimmune_reference_assignment_retained,0.5524303794712213,0.5524303794712213,False,0.4475696205287787,,1.0,Endothelial cells,0.5,0.0,1.0,Endothelial cells,0.5,ok,True,both,negative,0
TGATTTATTAGCTGTG-1,1,38,34,6894,4289,14296.6666666667,22980.0,25,25,0,0,1.0,0.0,0.0,Tumor,1.0,True,,positive,negative,negative,negative,Immune cells,negative,baseline_immune_all_dropout,svtuner_immune_all_dropout,available_nonimmune_reference_assignment_retained,0.1370399889097829,0.1370399889097829,False,0.8629600110902171,,1.0,Fibroblasts,1.0,0.0,1.0,Fibroblasts,1.0,ok,True,both,negative,0
TGCAACCCATCTGCGG-1,1,60,90,10229,9173,30576.6666666667,34096.6666666667,27,24,2,1,0.8888888888888888,0.074074074074074,0.037037037037037,Tumor,0.8888888888888888,True,,positive,negative,negative,negative,Immune cells,negative,baseline_immune_all_dropout,svtuner_immune_all_dropout,available_nonimmune_reference_assignment_retained,0.296346631434888,0.296346631434888,False,0.7036533685651121,,1.0,Fibroblasts,1.0,0.0,1.0,Fibroblasts,1.0,ok,True,both,negative,0
TGCAAGAATGACGTAA-1,1,30,60,5679,6555,21850.0,18930.0,6,0,1,5,0.0,0.1666666666666666,0.8333333333333334,Stroma,0.8333333333333334,True,,negative,negative,positive,negative,Immune cells,negative,baseline_immune_all_dropout,svtuner_immune_all_dropout,reference_unrepresented_withheld_by_stage3b,0.7087904727436729,0.7087904727436729,True,0.2912095272563271,,0.0,__withheld_reference_unrepresented__,0.0,0.0,1.0,Fibroblasts,1.0,ok,True,both,negative,0
TGCAGAGTACCGAGCA-1,1,38,46,6894,5335,17783.3333333333,22980.0,17,17,0,0,1.0,0.0,0.0,Tumor,1.0,True,,positive,negative,negative,negative,Immune cells,negative,baseline_immune_all_dropout,svtuner_immune_all_dropout,available_nonimmune_reference_assignment_retained,0.2405086212749788,0.2405086212749788,False,0.7594913787250213,,1.0,PVL,0.7142857142857143,0.0,1.0,PVL,0.7142857142857143,ok,True,both,negative,0
TGCAGTTTCCTCCCAT-1,1,40,90,7195,9171,30570.0,23983.3333333333,22,22,0,0,1.0,0.0,0.0,Tumor,1.0,True,,positive,negative,negative,negative,Immune cells,negative,baseline_immune_all_dropout,svtuner_immune_all_dropout,available_nonimmune_reference_assignment_retained,0.3672528664905281,0.3672528664905281,False,0.6327471335094719,,1.0,PVL,1.0,0.0,1.0,PVL,1.0,ok,True,both,negative,0
TGCATATGTCTGTCAC-1,1,35,85,6437,8735,29116.6666666667,21456.6666666667,20,20,0,0,1.0,0.0,0.0,Tumor,1.0,True,,positive,negative,negative,negative,Immune cells,negative,baseline_immune_all_dropout,svtuner_immune_all_dropout,available_nonimmune_reference_assignment_retained,0.2573801846773591,0.2573801846773591,False,0.7426198153226409,,1.0,Fibroblasts,1.0,0.0,1.0,Fibroblasts,1.0,ok,True,both,negative,0
TGCCAATGGGTACTCT-1,1,54,52,9321,5860,19533.3333333333,31070.0,23,23,0,0,1.0,0.0,0.0,Tumor,1.0,True,,positive,negative,negative,negative,Immune cells,negative,baseline_immune_all_dropout,svtuner_immune_all_dropout,available_nonimmune_reference_assignment_retained,0.4126966918802914,0.4126966918802914,False,0.5873033081197085,,1.0,Endothelial cells,1.0,0.0,1.0,Endothelial cells,1.0,ok,True,both,negative,0
TGCCAGTACGTGGAGA-1,1,51,71,8865,7516,25053.3333333333,29550.0,20,19,1,0,0.95,0.05,0.0,Tumor,0.95,True,,positive,negative,negative,negative,Immune cells,negative,baseline_immune_all_dropout,svtuner_immune_all_dropout,available_nonimmune_reference_assignment_retained,0.361922935388082,0.361922935388082,False,0.638077064611918,,1.0,Fibroblasts,1.0,0.0,1.0,Fibroblasts,1.0,ok,True,both,negative,0
TGCCCGATAGTTAGAA-1,1,72,78,12050,8128,27093.3333333333,40166.6666666667,22,22,0,0,1.0,0.0,0.0,Tumor,1.0,True,,positive,negative,negative,negative,Immune cells,negative,baseline_immune_all_dropout,svtuner_immune_all_dropout,available_nonimmune_reference_assignment_retained,0.4309482588249542,0.4309482588249542,False,0.5690517411750458,,1.0,PVL,1.0,0.0,1.0,PVL,1.0,ok,True,both,negative,0
TGCCCGTACCGTTAAA-1,1,45,75,7954,7864,26213.3333333333,26513.3333333333,21,21,0,0,1.0,0.0,0.0,Tumor,1.0,True,,positive,negative,negative,negative,Immune cells,negative,baseline_immune_all_dropout,svtuner_immune_all_dropout,available_nonimmune_reference_assignment_retained,0.3213497631412281,0.3213497631412281,False,0.6786502368587719,,1.0,Fibroblasts,1.0,0.0,1.0,Fibroblasts,1.0,ok,True,both,negative,0
TGCCGAAAGCGTATTC-1,1,33,119,6131,11699,38996.6666666667,20436.6666666667,27,24,0,3,0.8888888888888888,0.0,0.1111111111111111,Tumor,0.8888888888888888,True,,positive,negative,negative,negative,Immune cells,negative,baseline_immune_all_dropout,svtuner_immune_all_dropout,available_nonimmune_reference_assignment_retained,0.3740375647692507,0.3740375647692507,False,0.6259624352307493,,1.0,Fibroblasts,1.0,0.0,1.0,Fibroblasts,1.0,ok,True,both,negative,0
TGCCGGATGTACGAGC-1,1,62,34,10535,4291,14303.3333333333,35116.6666666667,24,22,1,1,0.9166666666666666,0.0416666666666666,0.0416666666666666,Tumor,0.9166666666666666,True,,positive,negative,negative,negative,Immune cells,negative,baseline_immune_all_dropout,svtuner_immune_all_dropout,available_nonimmune_reference_assignment_retained,0.2554266835882476,0.2554266835882476,False,0.7445733164117524,,0.9999999999999998,Endothelial cells,0.4285714285714285,0.0,0.9999999999999998,Endothelial cells,0.4285714285714285,ok,True,both,negative,0
TGCCGTGGATCGTCCT-1,1,57,63,9775,6819,22730.0,32583.3333333333,21,18,2,1,0.8571428571428571,0.0952380952380952,0.0476190476190476,Tumor,0.8571428571428571,True,,positive,negative,negative,negative,Immune cells,negative,baseline_immune_all_dropout,svtuner_immune_all_dropout,available_nonimmune_reference_assignment_retained,0.4985097539478878,0.4985097539478878,False,0.5014902460521122,,1.0,PVL,1.0,0.0,1.0,PVL,1.0,ok,True,both,negative,0
TGCCGTGGGACCCAAT-1,1,71,67,11899,7169,23896.6666666667,39663.3333333333,20,0,19,1,0.0,0.95,0.05,Immune cells,0.95,True,,negative,positive,negative,positive,Immune cells,positive,baseline_immune_all_dropout,svtuner_immune_all_dropout,reference_unrepresented_withheld_by_stage3b,0.5429086298513476,0.5429086298513476,True,0.4570913701486524,,0.0,__withheld_reference_unrepresented__,0.0,0.0,1.0,Fibroblasts,1.0,ok,True,both,positive,1
TGCCTAAATTTAATAG-1,1,39,127,7041,12397,41323.3333333333,23470.0,29,29,0,0,1.0,0.0,0.0,Tumor,1.0,True,,positive,negative,negative,negative,Immune cells,negative,baseline_immune_all_dropout,svtuner_immune_all_dropout,available_nonimmune_reference_assignment_retained,0.4717032713407051,0.4717032713407051,False,0.5282967286592949,,1.0,Endothelial cells,1.0,0.0,1.0,Endothelial cells,1.0,ok,True,both,negative,0
TGCCTAATTGAAGATT-1,1,55,105,9469,10480,34933.3333333333,31563.3333333333,21,20,1,0,0.9523809523809524,0.0476190476190476,0.0,Tumor,0.9523809523809524,True,,positive,negative,negative,negative,Immune cells,negative,baseline_immune_all_dropout,svtuner_immune_all_dropout,available_nonimmune_reference_assignment_retained,0.4277277024806924,0.4277277024806924,False,0.5722722975193075,,1.0,PVL,1.0,0.0,1.0,PVL,1.0,ok,True,both,negative,0
TGCCTTGGCCAGGCAA-1,1,52,82,9016,8475,28250.0,30053.3333333333,13,9,1,3,0.6923076923076923,0.0769230769230769,0.2307692307692307,Tumor,0.6923076923076923,True,,positive,negative,ambiguous,negative,Immune cells,negative,baseline_immune_all_dropout,svtuner_immune_all_dropout,available_nonimmune_reference_assignment_retained,0.4853977250359665,0.4853977250359665,False,0.5146022749640335,,1.0,PVL,1.0,0.0,1.0,PVL,1.0,ok,True,both,negative,0
TGCGACACCCTAGTGC-1,1,46,46,8107,5336,17786.6666666667,27023.3333333333,27,3,23,1,0.1111111111111111,0.8518518518518519,0.037037037037037,Immune cells,0.8518518518518519,True,,negative,positive,negative,positive,Immune cells,positive,baseline_immune_all_dropout,svtuner_immune_all_dropout,reference_unrepresented_withheld_by_stage3b,0.634118633024052,0.634118633024052,True,0.365881366975948,,0.0,__withheld_reference_unrepresented__,0.0,0.0,1.0,Endothelial cells,0.6666666666666666,ok,True,both,positive,1
TGCGACGGCCGAACGT-1,1,60,32,10232,4117,13723.3333333333,34106.6666666667,24,23,0,1,0.9583333333333334,0.0,0.0416666666666666,Tumor,0.9583333333333334,True,,positive,negative,negative,negative,Immune cells,negative,baseline_immune_all_dropout,svtuner_immune_all_dropout,available_nonimmune_reference_assignment_retained,0.4690368116036195,0.4690368116036195,False,0.5309631883963806,,1.0,Fibroblasts,1.0,0.0,1.0,Fibroblasts,1.0,ok,True,both,negative,0
TGCGCCGTTAATAACG-1,1,41,123,7345,12048,40160.0,24483.3333333333,28,26,1,1,0.9285714285714286,0.0357142857142857,0.0357142857142857,Tumor,0.9285714285714286,True,,positive,negative,negative,negative,Immune cells,negative,baseline_immune_all_dropout,svtuner_immune_all_dropout,available_nonimmune_reference_assignment_retained,0.5165334302202716,0.5165334302202716,False,0.4834665697797283,,1.0,Fibroblasts,1.0,0.0,1.0,Fibroblasts,1.0,ok,True,both,negative,0
TGCGTAAGAACCTGAT-1,1,43,43,7652,5074,16913.3333333333,25506.6666666667,15,11,1,3,0.7333333333333333,0.0666666666666666,0.2,Tumor,0.7333333333333333,True,,positive,negative,negative,negative,Immune cells,negative,baseline_immune_all_dropout,svtuner_immune_all_dropout,available_nonimmune_reference_assignment_retained,0.2579722147586257,0.2579722147586257,False,0.7420277852413744,,1.0,Endothelial cells,1.0,0.0,1.0,Endothelial cells,1.0,ok,True,both,negative,0
TGCGTACGGCTAATTG-1,1,67,101,11290,10133,33776.6666666667,37633.3333333333,25,25,0,0,1.0,0.0,0.0,Tumor,1.0,True,,positive,negative,negative,negative,Immune cells,negative,baseline_immune_all_dropout,svtuner_immune_all_dropout,available_nonimmune_reference_assignment_retained,0.5827451655238636,0.5827451655238636,False,0.4172548344761364,,1.0,Endothelial cells,1.0,0.0,1.0,Endothelial cells,1.0,ok,True,both,negative,0
TGCGTTTGTTGACACT-1,1,42,76,7499,7951,26503.3333333333,24996.6666666667,28,28,0,0,1.0,0.0,0.0,Tumor,1.0,True,,positive,negative,negative,negative,Immune cells,negative,baseline_immune_all_dropout,svtuner_immune_all_dropout,available_nonimmune_reference_assignment_retained,0.3450226669743534,0.3450226669743534,False,0.6549773330256465,,1.0,Fibroblasts,0.8,0.0,1.0,Fibroblasts,0.8,ok,True,both,negative,0
TGCTAAGTGTCTATTT-1,1,52,90,9015,9172,30573.3333333333,30050.0,27,27,0,0,1.0,0.0,0.0,Tumor,1.0,True,,positive,negative,negative,negative,Immune cells,negative,baseline_immune_all_dropout,svtuner_immune_all_dropout,available_nonimmune_reference_assignment_retained,0.201530241509914,0.201530241509914,False,0.798469758490086,,1.0,Epithelial cells,1.0,0.0,1.0,Epithelial cells,1.0,ok,True,both,negative,0
TGCTCCACAGTTCTTA-1,1,45,95,7953,9608,32026.6666666667,26510.0,31,25,5,1,0.8064516129032258,0.1612903225806451,0.032258064516129,Tumor,0.8064516129032258,True,,positive,negative,negative,negative,Immune cells,negative,baseline_immune_all_dropout,svtuner_immune_all_dropout,available_nonimmune_reference_assignment_retained,0.2624004399451392,0.2624004399451392,False,0.7375995600548608,,1.0,Fibroblasts,0.6666666666666666,0.0,1.0,Fibroblasts,0.6666666666666666,ok,True,both,negative,0
TGCTCGGCGAAACCCA-1,1,57,61,9775,6645,22150.0,32583.3333333333,27,27,0,0,1.0,0.0,0.0,Tumor,1.0,True,,positive,negative,negative,negative,Immune cells,negative,baseline_immune_all_dropout,svtuner_immune_all_dropout,available_nonimmune_reference_assignment_retained,0.2938954216792164,0.2938954216792164,False,0.7061045783207835,,1.0,PVL,1.0,0.0,1.0,PVL,1.0,ok,True,both,negative,0
TGCTCGGTGGGTCACC-1,1,66,72,11140,7604,25346.6666666667,37133.3333333333,22,22,0,0,1.0,0.0,0.0,Tumor,1.0,True,,positive,negative,negative,negative,Immune cells,negative,baseline_immune_all_dropout,svtuner_immune_all_dropout,available_nonimmune_reference_assignment_retained,0.2914003458718047,0.2914003458718047,False,0.7085996541281954,,1.0,Fibroblasts,1.0,0.0,1.0,Fibroblasts,1.0,ok,True,both,negative,0
TGCTCTGCCGGTTCAC-1,1,27,127,5221,12396,41320.0,17403.3333333333,21,21,0,0,1.0,0.0,0.0,Tumor,1.0,True,,positive,negative,negative,negative,Immune cells,negative,baseline_immune_all_dropout,svtuner_immune_all_dropout,available_nonimmune_reference_assignment_retained,0.501590309110309,0.501590309110309,False,0.498409690889691,,1.0,PVL,1.0,0.0,1.0,PVL,1.0,ok,True,both,negative,0
TGCTCTTGAGAGTTTG-1,1,64,70,10837,7430,24766.6666666667,36123.3333333333,18,5,13,0,0.2777777777777778,0.7222222222222222,0.0,Immune cells,0.7222222222222222,True,,ambiguous,positive,negative,positive,Immune cells,positive,baseline_immune_all_dropout,svtuner_immune_all_dropout,available_nonimmune_reference_assignment_retained,0.4214838805007114,0.4214838805007114,False,0.5785161194992886,,1.0,Fibroblasts,1.0,0.0,1.0,Fibroblasts,1.0,ok,True,both,positive,1
TGCTGTTGAAGAACTC-1,1,38,66,6893,7079,23596.6666666667,22976.6666666667,21,21,0,0,1.0,0.0,0.0,Tumor,1.0,True,,positive,negative,negative,negative,Immune cells,negative,baseline_immune_all_dropout,svtuner_immune_all_dropout,available_nonimmune_reference_assignment_retained,0.4464535872228243,0.4464535872228243,False,0.5535464127771756,,1.0,Endothelial cells,1.0,0.0,1.0,Endothelial cells,1.0,ok,True,both,negative,0
TGCTTAGAGAGAATGC-1,1,62,26,10536,3594,11980.0,35120.0,21,18,2,1,0.8571428571428571,0.0952380952380952,0.0476190476190476,Tumor,0.8571428571428571,True,,positive,negative,negative,negative,Immune cells,negative,baseline_immune_all_dropout,svtuner_immune_all_dropout,available_nonimmune_reference_assignment_retained,0.4403209942107593,0.4403209942107593,False,0.5596790057892407,,1.0,Endothelial cells,0.75,0.0,1.0,Endothelial cells,0.75,ok,True,both,negative,0
TGCTTCCCAAGCAGTA-1,1,62,66,10533,7081,23603.3333333333,35110.0,20,20,0,0,1.0,0.0,0.0,Tumor,1.0,True,,positive,negative,negative,negative,Immune cells,negative,baseline_immune_all_dropout,svtuner_immune_all_dropout,available_nonimmune_reference_assignment_retained,0.3409231189302008,0.3409231189302008,False,0.6590768810697992,,1.0,Epithelial cells,1.0,0.0,1.0,Epithelial cells,1.0,ok,True,both,negative,0
TGGAACCACTGACACA-1,1,24,102,4767,10216,34053.3333333333,15890.0,22,22,0,0,1.0,0.0,0.0,Tumor,1.0,True,,positive,negative,negative,negative,Immune cells,negative,baseline_immune_all_dropout,svtuner_immune_all_dropout,available_nonimmune_reference_assignment_retained,0.3418728900047472,0.3418728900047472,False,0.6581271099952528,,1.0,Fibroblasts,1.0,0.0,1.0,Fibroblasts,1.0,ok,True,both,negative,0
TGGAAGAAGGGAACGT-1,1,39,35,7046,4376,14586.6666666667,23486.6666666667,19,19,0,0,1.0,0.0,0.0,Tumor,1.0,True,,positive,negative,negative,negative,Immune cells,negative,baseline_immune_all_dropout,svtuner_immune_all_dropout,available_nonimmune_reference_assignment_retained,0.2389122384853248,0.2389122384853248,False,0.7610877615146752,,1.0,Epithelial cells,1.0,0.0,1.0,Epithelial cells,1.0,ok,True,both,negative,0
TGGAATATCCTTGACC-1,1,23,107,4615,10652,35506.6666666667,15383.3333333333,19,17,2,0,0.8947368421052632,0.1052631578947368,0.0,Tumor,0.8947368421052632,True,,positive,negative,negative,negative,Immune cells,negative,baseline_immune_all_dropout,svtuner_immune_all_dropout,available_nonimmune_reference_assignment_retained,0.491212509939292,0.491212509939292,False,0.508787490060708,,1.0,Fibroblasts,1.0,0.0,1.0,Fibroblasts,1.0,ok,True,both,negative,0
TGGACCAATCTAAGAT-1,1,62,80,10533,8302,27673.3333333333,35110.0,24,24,0,0,1.0,0.0,0.0,Tumor,1.0,True,,positive,negative,negative,negative,Immune cells,negative,baseline_immune_all_dropout,svtuner_immune_all_dropout,available_nonimmune_reference_assignment_retained,0.3291465318388943,0.3291465318388943,False,0.6708534681611057,,1.0,Fibroblasts,0.8333333333333334,0.0,1.0,Fibroblasts,0.8333333333333334,ok,True,both,negative,0
TGGAGGGAAACACCTC-1,1,22,122,4463,11959,39863.3333333333,14876.6666666667,29,29,0,0,1.0,0.0,0.0,Tumor,1.0,True,,positive,negative,negative,negative,Immune cells,negative,baseline_immune_all_dropout,svtuner_immune_all_dropout,available_nonimmune_reference_assignment_retained,0.4580172551208861,0.4580172551208861,False,0.5419827448791139,,1.0,Epithelial cells,1.0,0.0,1.0,Epithelial cells,1.0,ok,True,both,negative,0
TGGCAAACTAAATTAC-1,1,50,78,8712,8126,27086.6666666667,29040.0,25,25,0,0,1.0,0.0,0.0,Tumor,1.0,True,,positive,negative,negative,negative,Immune cells,negative,baseline_immune_all_dropout,svtuner_immune_all_dropout,available_nonimmune_reference_assignment_retained,0.2648471909400213,0.2648471909400213,False,0.7351528090599787,,1.0,Epithelial cells,1.0,0.0,1.0,Epithelial cells,1.0,ok,True,both,negative,0
TGGCAAGCACAAGTCG-1,1,66,56,11141,6210,20700.0,37136.6666666667,15,11,2,2,0.7333333333333333,0.1333333333333333,0.1333333333333333,Tumor,0.7333333333333333,True,,positive,negative,negative,negative,Immune cells,negative,baseline_immune_all_dropout,svtuner_immune_all_dropout,available_nonimmune_reference_assignment_retained,0.4569987302143883,0.4569987302143883,False,0.5430012697856117,,1.0,Fibroblasts,1.0,0.0,1.0,Fibroblasts,1.0,ok,True,both,negative,0
TGGCAATGGGACGGCG-1,1,54,106,9318,10568,35226.6666666667,31060.0,24,18,0,6,0.75,0.0,0.25,Tumor,0.75,True,,positive,negative,ambiguous,negative,Immune cells,negative,baseline_immune_all_dropout,svtuner_immune_all_dropout,available_nonimmune_reference_assignment_retained,0.4210457516833168,0.4210457516833168,False,0.5789542483166832,,1.0,Fibroblasts,0.75,0.0,1.0,Fibroblasts,0.75,ok,True,both,negative,0
TGGCAGATTACGATCA-1,1,44,58,7803,6382,21273.3333333333,26010.0,30,30,0,0,1.0,0.0,0.0,Tumor,1.0,True,,positive,negative,negative,negative,Immune cells,negative,baseline_immune_all_dropout,svtuner_immune_all_dropout,available_nonimmune_reference_assignment_retained,0.3348857927323627,0.3348857927323627,False,0.6651142072676373,,1.0,Endothelial cells,0.6,0.0,1.0,Endothelial cells,0.6,ok,True,both,negative,0
TGGCAGCAGTAATAGT-1,1,39,61,7045,6643,22143.3333333333,23483.3333333333,33,33,0,0,1.0,0.0,0.0,Tumor,1.0,True,,positive,negative,negative,negative,Immune cells,negative,baseline_immune_all_dropout,svtuner_immune_all_dropout,available_nonimmune_reference_assignment_retained,0.286400040436855,0.286400040436855,False,0.713599959563145,,1.0,Epithelial cells,1.0,0.0,1.0,Epithelial cells,1.0,ok,True,both,negative,0
TGGCGACTGCTCCAAA-1,1,55,47,9473,5424,18080.0,31576.6666666667,24,16,0,8,0.6666666666666666,0.0,0.3333333333333333,Tumor,0.6666666666666666,True,,positive,negative,ambiguous,negative,Immune cells,negative,baseline_immune_all_dropout,svtuner_immune_all_dropout,available_nonimmune_reference_assignment_retained,0.3599043961433382,0.3599043961433382,False,0.6400956038566619,,1.0,PVL,1.0,0.0,1.0,PVL,1.0,ok,True,both,negative,0
TGGCGATCAAGTTATG-1,1,51,55,8865,6121,20403.3333333333,29550.0,18,17,1,0,0.9444444444444444,0.0555555555555555,0.0,Tumor,0.9444444444444444,True,,positive,negative,negative,negative,Immune cells,negative,baseline_immune_all_dropout,svtuner_immune_all_dropout,available_nonimmune_reference_assignment_retained,0.4006326852424777,0.4006326852424777,False,0.5993673147575223,,1.0,Fibroblasts,1.0,0.0,1.0,Fibroblasts,1.0,ok,True,both,negative,0
TGGCTACACTCTACCT-1,1,64,100,10835,10045,33483.3333333333,36116.6666666667,9,1,6,2,0.1111111111111111,0.6666666666666666,0.2222222222222222,Immune cells,0.6666666666666666,True,,negative,positive,ambiguous,positive,Immune cells,positive,baseline_immune_all_dropout,svtuner_immune_all_dropout,available_nonimmune_reference_assignment_retained,0.5913926139424992,0.5913926139424992,False,0.4086073860575008,,1.0,Endothelial cells,0.5,0.0,1.0,Endothelial cells,0.5,ok,True,both,positive,1
TGGCTATGTGACATAC-1,1,60,82,10229,8476,28253.3333333333,34096.6666666667,22,22,0,0,1.0,0.0,0.0,Tumor,1.0,True,,positive,negative,negative,negative,Immune cells,negative,baseline_immune_all_dropout,svtuner_immune_all_dropout,available_nonimmune_reference_assignment_retained,0.3882579099607162,0.3882579099607162,False,0.6117420900392838,,1.0,Epithelial cells,0.8,0.0,1.0,Epithelial cells,0.8,ok,True,both,negative,0
TGGGCAATAGTTGGGT-1,1,46,108,8104,10741,35803.3333333333,27013.3333333333,24,18,2,4,0.75,0.0833333333333333,0.1666666666666666,Tumor,0.75,True,,positive,negative,negative,negative,Immune cells,negative,baseline_immune_all_dropout,svtuner_immune_all_dropout,available_nonimmune_reference_assignment_retained,0.2701850518504335,0.2701850518504335,False,0.7298149481495665,,1.0,Endothelial cells,1.0,0.0,1.0,Endothelial cells,1.0,ok,True,both,negative,0
TGGGCAGGCCACCGCA-1,1,54,116,9317,11439,38130.0,31056.6666666667,18,17,0,1,0.9444444444444444,0.0,0.0555555555555555,Tumor,0.9444444444444444,True,,positive,negative,negative,negative,Immune cells,negative,baseline_immune_all_dropout,svtuner_immune_all_dropout,available_nonimmune_reference_assignment_retained,0.3058316552816,0.3058316552816,False,0.6941683447183999,,1.0,Epithelial cells,0.8333333333333334,0.0,1.0,Epithelial cells,0.8333333333333334,ok,True,both,negative,0
TGGGCCCATACTAATT-1,1,47,89,8257,9085,30283.3333333333,27523.3333333333,25,25,0,0,1.0,0.0,0.0,Tumor,1.0,True,,positive,negative,negative,negative,Immune cells,negative,baseline_immune_all_dropout,svtuner_immune_all_dropout,available_nonimmune_reference_assignment_retained,0.2930870054731433,0.2930870054731433,False,0.7069129945268566,,1.0,Epithelial cells,0.5,0.0,1.0,Epithelial cells,0.5,ok,True,both,negative,0
TGGGCGATACAATAAG-1,1,68,62,11444,6733,22443.3333333333,38146.6666666667,11,0,8,3,0.0,0.7272727272727273,0.2727272727272727,Immune cells,0.7272727272727273,True,,negative,positive,ambiguous,positive,Immune cells,positive,baseline_immune_all_dropout,svtuner_immune_all_dropout,available_nonimmune_reference_assignment_retained,0.611382664321617,0.611382664321617,False,0.3886173356783829,,1.0,Fibroblasts,1.0,0.0,1.0,Fibroblasts,1.0,ok,True,both,positive,1
TGGGTGCACAAGCCAT-1,1,69,85,11594,8738,29126.6666666667,38646.6666666667,20,18,1,1,0.9,0.05,0.05,Tumor,0.9,True,,positive,negative,negative,negative,Immune cells,negative,baseline_immune_all_dropout,svtuner_immune_all_dropout,available_nonimmune_reference_assignment_retained,0.3595649152157932,0.3595649152157932,False,0.6404350847842069,,1.0,Fibroblasts,1.0,0.0,1.0,Fibroblasts,1.0,ok,True,both,negative,0
TGGGTGTAATAGATTT-1,1,68,102,11442,10220,34066.6666666667,38140.0,13,12,0,1,0.9230769230769232,0.0,0.0769230769230769,Tumor,0.9230769230769232,True,,positive,negative,negative,negative,Immune cells,negative,baseline_immune_all_dropout,svtuner_immune_all_dropout,available_nonimmune_reference_assignment_retained,0.6211499704828097,0.6211499704828097,False,0.3788500295171902,,1.0,Endothelial cells,1.0,0.0,1.0,Endothelial cells,1.0,ok,True,both,negative,0
TGGGTGTTAAGTAGAA-1,1,72,68,12050,7256,24186.6666666667,40166.6666666667,4,0,0,4,0.0,0.0,1.0,Stroma,1.0,True,,negative,negative,positive,negative,Immune cells,negative,baseline_immune_all_dropout,svtuner_immune_all_dropout,reference_unrepresented_withheld_by_stage3b,0.5875787101512453,0.5875787101512453,True,0.4124212898487547,,0.0,__withheld_reference_unrepresented__,0.0,0.0,1.0,Fibroblasts,1.0,ok,True,both,negative,0
TGGTCCCACGCTACGG-1,1,52,74,9016,7777,25923.3333333333,30053.3333333333,26,26,0,0,1.0,0.0,0.0,Tumor,1.0,True,,positive,negative,negative,negative,Immune cells,negative,baseline_immune_all_dropout,svtuner_immune_all_dropout,available_nonimmune_reference_assignment_retained,0.3855320077393313,0.3855320077393313,False,0.6144679922606687,,1.0,Endothelial cells,1.0,0.0,1.0,Endothelial cells,1.0,ok,True,both,negative,0
TGGTGCCCTGCCTTAC-1,1,74,52,12355,5862,19540.0,41183.3333333333,13,0,9,4,0.0,0.6923076923076923,0.3076923076923077,Immune cells,0.6923076923076923,True,,negative,positive,ambiguous,positive,Immune cells,positive,baseline_immune_all_dropout,svtuner_immune_all_dropout,reference_unrepresented_withheld_by_stage3b,0.5223862511470427,0.5223862511470427,True,0.4776137488529572,,0.0,__withheld_reference_unrepresented__,0.0,0.0,1.0,Fibroblasts,1.0,ok,True,both,positive,1
TGGTTAAGGGCGCTGG-1,1,26,114,5070,11262,37540.0,16900.0,19,19,0,0,1.0,0.0,0.0,Tumor,1.0,True,,positive,negative,negative,negative,Immune cells,negative,baseline_immune_all_dropout,svtuner_immune_all_dropout,available_nonimmune_reference_assignment_retained,0.4032563321110743,0.4032563321110743,False,0.5967436678889257,,1.0,PVL,1.0,0.0,1.0,PVL,1.0,ok,True,both,negative,0
TGGTTCAACGGGTAAT-1,1,50,74,8713,7777,25923.3333333333,29043.3333333333,27,26,1,0,0.9629629629629628,0.037037037037037,0.0,Tumor,0.9629629629629628,True,,positive,negative,negative,negative,Immune cells,negative,baseline_immune_all_dropout,svtuner_immune_all_dropout,available_nonimmune_reference_assignment_retained,0.2361388588868609,0.2361388588868609,False,0.7638611411131391,,1.0,Epithelial cells,1.0,0.0,1.0,Epithelial cells,1.0,ok,True,both,negative,0
TGGTTTAAACGTGGGT-1,1,24,112,4766,11088,36960.0,15886.6666666667,23,22,1,0,0.9565217391304348,0.0434782608695652,0.0,Tumor,0.9565217391304348,True,,positive,negative,negative,negative,Immune cells,negative,baseline_immune_all_dropout,svtuner_immune_all_dropout,available_nonimmune_reference_assignment_retained,0.4246945915000388,0.4246945915000388,False,0.5753054084999611,,1.0,Endothelial cells,0.6666666666666666,0.0,1.0,Endothelial cells,0.6666666666666666,ok,True,both,negative,0
TGTACCTACACGAGGG-1,1,59,91,10077,9260,30866.6666666667,33590.0,26,23,3,0,0.8846153846153846,0.1153846153846153,0.0,Tumor,0.8846153846153846,True,,positive,negative,negative,negative,Immune cells,negative,baseline_immune_all_dropout,svtuner_immune_all_dropout,available_nonimmune_reference_assignment_retained,0.2601810043162566,0.2601810043162566,False,0.7398189956837433,,1.0,Fibroblasts,1.0,0.0,1.0,Fibroblasts,1.0,ok,True,both,negative,0
TGTACTACTCTCACGG-1,1,20,120,4159,11785,39283.3333333333,13863.3333333333,29,28,0,1,0.9655172413793104,0.0,0.0344827586206896,Tumor,0.9655172413793104,True,,positive,negative,negative,negative,Immune cells,negative,baseline_immune_all_dropout,svtuner_immune_all_dropout,available_nonimmune_reference_assignment_retained,0.4504163844592188,0.4504163844592188,False,0.5495836155407812,,1.0,PVL,1.0,0.0,1.0,PVL,1.0,ok,True,both,negative,0
TGTAGCCAATTCCGTT-1,1,71,81,11898,8390,27966.6666666667,39660.0,23,20,0,3,0.8695652173913043,0.0,0.1304347826086956,Tumor,0.8695652173913043,True,,positive,negative,negative,negative,Immune cells,negative,baseline_immune_all_dropout,svtuner_immune_all_dropout,available_nonimmune_reference_assignment_retained,0.2030946085068039,0.2030946085068039,False,0.7969053914931961,,1.0,Epithelial cells,1.0,0.0,1.0,Epithelial cells,1.0,ok,True,both,negative,0
TGTAGCCATCCCATTC-1,1,62,112,10531,11091,36970.0,35103.3333333333,16,16,0,0,1.0,0.0,0.0,Tumor,1.0,True,,positive,negative,negative,negative,Immune cells,negative,baseline_immune_all_dropout,svtuner_immune_all_dropout,available_nonimmune_reference_assignment_retained,0.4647485470485005,0.4647485470485005,False,0.5352514529514996,,1.0,Fibroblasts,1.0,0.0,1.0,Fibroblasts,1.0,ok,True,both,negative,0
TGTAGGAGAAATTTCC-1,1,34,86,6285,8822,29406.6666666667,20950.0,29,28,0,1,0.9655172413793104,0.0,0.0344827586206896,Tumor,0.9655172413793104,True,,positive,negative,negative,negative,Immune cells,negative,baseline_immune_all_dropout,svtuner_immune_all_dropout,available_nonimmune_reference_assignment_retained,0.3016283948448338,0.3016283948448338,False,0.6983716051551663,,1.0,Fibroblasts,0.5,0.0,1.0,Fibroblasts,0.5,ok,True,both,negative,0
TGTAGTGATCTATAAT-1,1,35,33,6439,4201,14003.3333333333,21463.3333333333,8,2,1,5,0.25,0.125,0.625,Stroma,0.625,True,,ambiguous,negative,positive,negative,Immune cells,negative,baseline_immune_all_dropout,svtuner_immune_all_dropout,available_nonimmune_reference_assignment_retained,0.4384985492619965,0.4384985492619965,False,0.5615014507380035,,1.0,Fibroblasts,1.0,0.0,1.0,Fibroblasts,1.0,ok,True,both,negative,0
TGTATACGGATGATGA-1,1,25,125,4917,12221,40736.6666666667,16390.0,19,14,3,2,0.7368421052631579,0.1578947368421052,0.1052631578947368,Tumor,0.7368421052631579,True,,positive,negative,negative,negative,Immune cells,negative,baseline_immune_all_dropout,svtuner_immune_all_dropout,available_nonimmune_reference_assignment_retained,0.4621788679400581,0.4621788679400581,False,0.537821132059942,,1.0,Endothelial cells,0.6666666666666666,0.0,1.0,Endothelial cells,0.6666666666666666,ok,True,both,negative,0
TGTCATTTGTTGGGAA-1,1,21,109,4312,10826,36086.6666666667,14373.3333333333,4,2,0,2,0.5,0.0,0.5,Tumor,0.5,True,,ambiguous,negative,ambiguous,negative,Immune cells,negative,baseline_immune_all_dropout,svtuner_immune_all_dropout,available_nonimmune_reference_assignment_retained,0.4634251102522244,0.4634251102522244,False,0.5365748897477756,,1.0,PVL,1.0,0.0,1.0,PVL,1.0,ok,True,both,negative,0
TGTCCGCAAACAATTC-1,1,73,51,12203,5774,19246.6666666667,40676.6666666667,10,0,8,2,0.0,0.8,0.2,Immune cells,0.8,True,,negative,positive,negative,positive,Immune cells,positive,baseline_immune_all_dropout,svtuner_immune_all_dropout,reference_unrepresented_withheld_by_stage3b,0.5641237523493106,0.5641237523493106,True,0.4358762476506894,,0.0,__withheld_reference_unrepresented__,0.0,0.0,1.0,Endothelial cells,1.0,ok,True,both,positive,1
TGTGAGACTAGCCCAA-1,1,59,63,10079,6819,22730.0,33596.6666666667,24,21,2,1,0.875,0.0833333333333333,0.0416666666666666,Tumor,0.875,True,,positive,negative,negative,negative,Immune cells,negative,baseline_immune_all_dropout,svtuner_immune_all_dropout,available_nonimmune_reference_assignment_retained,0.4519300146656099,0.4519300146656099,False,0.5480699853343901,,1.0,Endothelial cells,1.0,0.0,1.0,Endothelial cells,1.0,ok,True,both,negative,0
TGTGCCGGTGCCGGAA-1,1,53,97,9166,9783,32610.0,30553.3333333333,23,22,1,0,0.9565217391304348,0.0434782608695652,0.0,Tumor,0.9565217391304348,True,,positive,negative,negative,negative,Immune cells,negative,baseline_immune_all_dropout,svtuner_immune_all_dropout,available_nonimmune_reference_assignment_retained,0.285317763424607,0.285317763424607,False,0.714682236575393,,1.0,Endothelial cells,0.5,0.0,1.0,Endothelial cells,0.5,ok,True,both,negative,0
TGTGGACTATCTACGT-1,1,52,126,9013,12311,41036.6666666667,30043.3333333333,30,29,1,0,0.9666666666666668,0.0333333333333333,0.0,Tumor,0.9666666666666668,True,,positive,negative,negative,negative,Immune cells,negative,baseline_immune_all_dropout,svtuner_immune_all_dropout,available_nonimmune_reference_assignment_retained,0.266604245170813,0.266604245170813,False,0.733395754829187,,1.0,Fibroblasts,1.0,0.0,1.0,Fibroblasts,1.0,ok,True,both,negative,0
TGTGGCGGGCTTCTGG-1,1,65,59,10989,6471,21570.0,36630.0,24,24,0,0,1.0,0.0,0.0,Tumor,1.0,True,,positive,negative,negative,negative,Immune cells,negative,baseline_immune_all_dropout,svtuner_immune_all_dropout,available_nonimmune_reference_assignment_retained,0.4308762599302084,0.4308762599302084,False,0.5691237400697916,,1.0,Fibroblasts,0.5,0.0,1.0,Fibroblasts,0.5,ok,True,both,negative,0
TGTGGCTCCCACCAAC-1,1,44,118,7800,11613,38710.0,26000.0,14,14,0,0,1.0,0.0,0.0,Tumor,1.0,True,,positive,negative,negative,negative,Immune cells,negative,baseline_immune_all_dropout,svtuner_immune_all_dropout,available_nonimmune_reference_assignment_retained,0.4852542882864935,0.4852542882864935,False,0.5147457117135066,,1.0,Fibroblasts,1.0,0.0,1.0,Fibroblasts,1.0,ok,True,both,negative,0
TGTGGTAGGGTGCCTT-1,1,53,125,9165,12224,40746.6666666667,30550.0,32,5,27,0,0.15625,0.84375,0.0,Immune cells,0.84375,True,,negative,positive,negative,positive,Immune cells,positive,baseline_immune_all_dropout,svtuner_immune_all_dropout,reference_unrepresented_withheld_by_stage3b,0.6800525211460492,0.6800525211460492,True,0.3199474788539508,,0.0,__withheld_reference_unrepresented__,0.0,0.0,1.0,Endothelial cells,1.0,ok,True,both,positive,1
TGTGGTTGCTAAAGCT-1,1,65,49,10989,5599,18663.3333333333,36630.0,27,25,2,0,0.925925925925926,0.074074074074074,0.0,Tumor,0.925925925925926,True,,positive,negative,negative,negative,Immune cells,negative,baseline_immune_all_dropout,svtuner_immune_all_dropout,available_nonimmune_reference_assignment_retained,0.3903605768486388,0.3903605768486388,False,0.6096394231513612,,1.0,Endothelial cells,0.75,0.0,1.0,Endothelial cells,0.75,ok,True,both,negative,0
TGTTATTGTATGTGGC-1,1,44,86,7802,8823,29410.0,26006.6666666667,22,22,0,0,1.0,0.0,0.0,Tumor,1.0,True,,positive,negative,negative,negative,Immune cells,negative,baseline_immune_all_dropout,svtuner_immune_all_dropout,available_nonimmune_reference_assignment_retained,0.3097362527463413,0.3097362527463413,False,0.6902637472536587,,1.0,Epithelial cells,0.8333333333333334,0.0,1.0,Epithelial cells,0.8333333333333334,ok,True,both,negative,0
TGTTCCGCTTCCATGA-1,1,36,44,6591,5161,17203.3333333333,21970.0,33,33,0,0,1.0,0.0,0.0,Tumor,1.0,True,,positive,negative,negative,negative,Immune cells,negative,baseline_immune_all_dropout,svtuner_immune_all_dropout,available_nonimmune_reference_assignment_retained,0.2511976857338313,0.2511976857338313,False,0.7488023142661687,,1.0,PVL,0.5714285714285714,0.0,1.0,PVL,0.5714285714285714,ok,True,both,negative,0
TGTTCCGGCCTGAGCT-1,1,70,66,11747,7082,23606.6666666667,39156.6666666667,22,21,1,0,0.9545454545454546,0.0454545454545454,0.0,Tumor,0.9545454545454546,True,,positive,negative,negative,negative,Immune cells,negative,baseline_immune_all_dropout,svtuner_immune_all_dropout,available_nonimmune_reference_assignment_retained,0.4407049726684675,0.4407049726684675,False,0.5592950273315325,,1.0,PVL,1.0,0.0,1.0,PVL,1.0,ok,True,both,negative,0
TGTTCGTATTGCGGTG-1,1,49,61,8562,6644,22146.6666666667,28540.0,23,23,0,0,1.0,0.0,0.0,Tumor,1.0,True,,positive,negative,negative,negative,Immune cells,negative,baseline_immune_all_dropout,svtuner_immune_all_dropout,available_nonimmune_reference_assignment_retained,0.4342140390418608,0.4342140390418608,False,0.5657859609581393,,1.0,Endothelial cells,1.0,0.0,1.0,Endothelial cells,1.0,ok,True,both,negative,0
TGTTGCCGTCGTCCCA-1,1,46,122,8103,11962,39873.3333333333,27010.0,29,29,0,0,1.0,0.0,0.0,Tumor,1.0,True,,positive,negative,negative,negative,Immune cells,negative,baseline_immune_all_dropout,svtuner_immune_all_dropout,available_nonimmune_reference_assignment_retained,0.4376086751330119,0.4376086751330119,False,0.5623913248669881,,1.0,Fibroblasts,1.0,0.0,1.0,Fibroblasts,1.0,ok,True,both,negative,0
TGTTTGAGATCGTCAG-1,1,49,115,8559,11352,37840.0,28530.0,22,19,0,3,0.8636363636363636,0.0,0.1363636363636363,Tumor,0.8636363636363636,True,,positive,negative,negative,negative,Immune cells,negative,baseline_immune_all_dropout,svtuner_immune_all_dropout,available_nonimmune_reference_assignment_retained,0.5769368805119389,0.5769368805119389,False,0.4230631194880611,,1.0,Fibroblasts,1.0,0.0,1.0,Fibroblasts,1.0,ok,True,both,negative,0
TTAAACTCGAATTCAT-1,1,31,95,5829,9606,32020.0,19430.0,31,31,0,0,1.0,0.0,0.0,Tumor,1.0,True,,positive,negative,negative,negative,Immune cells,negative,baseline_immune_all_dropout,svtuner_immune_all_dropout,available_nonimmune_reference_assignment_retained,0.2291446749030139,0.2291446749030139,False,0.7708553250969861,,1.0,PVL,0.8571428571428571,0.0,1.0,PVL,0.8571428571428571,ok,True,both,negative,0
TTAAAGGCGATGCTCG-1,1,73,49,12203,5600,18666.6666666667,40676.6666666667,23,0,22,1,0.0,0.9565217391304348,0.0434782608695652,Immune cells,0.9565217391304348,True,,negative,positive,negative,positive,Immune cells,positive,baseline_immune_all_dropout,svtuner_immune_all_dropout,reference_unrepresented_withheld_by_stage3b,0.4613554571448748,0.4613554571448748,True,0.5386445428551252,,0.0,__withheld_reference_unrepresented__,0.0,0.0,1.0,PVL,1.0,ok,True,both,positive,1
TTAACGAACAAGCAGT-1,1,22,114,4463,11262,37540.0,14876.6666666667,32,32,0,0,1.0,0.0,0.0,Tumor,1.0,True,,positive,negative,negative,negative,Immune cells,negative,baseline_immune_all_dropout,svtuner_immune_all_dropout,available_nonimmune_reference_assignment_retained,0.4643792865982466,0.4643792865982466,False,0.5356207134017534,,1.0,PVL,1.0,0.0,1.0,PVL,1.0,ok,True,both,negative,0
TTAAGATAGGATTGAC-1,1,43,101,7649,10131,33770.0,25496.6666666667,30,30,0,0,1.0,0.0,0.0,Tumor,1.0,True,,positive,negative,negative,negative,Immune cells,negative,baseline_immune_all_dropout,svtuner_immune_all_dropout,available_nonimmune_reference_assignment_retained,0.3141906388855626,0.3141906388855626,False,0.6858093611144374,,1.0,Epithelial cells,1.0,0.0,1.0,Epithelial cells,1.0,ok,True,both,negative,0
TTAAGGCCCGTACTTT-1,1,59,25,10081,3506,11686.6666666667,33603.3333333333,7,0,0,7,0.0,0.0,1.0,Stroma,1.0,True,,negative,negative,positive,negative,Immune cells,negative,baseline_immune_all_dropout,svtuner_immune_all_dropout,available_nonimmune_reference_assignment_retained,0.5294892049720555,0.5294892049720555,False,0.4705107950279444,,1.0,Endothelial cells,1.0,0.0,1.0,Endothelial cells,1.0,ok,True,both,negative,0
TTAAGTATTGTTATCC-1,1,64,90,10836,9174,30580.0,36120.0,13,9,0,4,0.6923076923076923,0.0,0.3076923076923077,Tumor,0.6923076923076923,True,,positive,negative,ambiguous,negative,Immune cells,negative,baseline_immune_all_dropout,svtuner_immune_all_dropout,available_nonimmune_reference_assignment_retained,0.503179816205508,0.503179816205508,False,0.496820183794492,,1.0,Epithelial cells,1.0,0.0,1.0,Epithelial cells,1.0,ok,True,both,negative,0
TTACACGATCTGCGAC-1,1,62,110,10531,10917,36390.0,35103.3333333333,27,27,0,0,1.0,0.0,0.0,Tumor,1.0,True,,positive,negative,negative,negative,Immune cells,negative,baseline_immune_all_dropout,svtuner_immune_all_dropout,available_nonimmune_reference_assignment_retained,0.3304958652341184,0.3304958652341184,False,0.6695041347658817,,1.0,Fibroblasts,1.0,0.0,1.0,Fibroblasts,1.0,ok,True,both,negative,0
TTACATGCCACAACTA-1,1,41,103,7346,10305,34350.0,24486.6666666667,26,25,0,1,0.9615384615384616,0.0,0.0384615384615384,Tumor,0.9615384615384616,True,,positive,negative,negative,negative,Immune cells,negative,baseline_immune_all_dropout,svtuner_immune_all_dropout,available_nonimmune_reference_assignment_retained,0.2759970366825838,0.2759970366825838,False,0.7240029633174162,,1.0,Fibroblasts,0.6666666666666666,0.0,1.0,Fibroblasts,0.6666666666666666,ok,True,both,negative,0
TTACGGATGGTTCGAG-1,1,33,93,6133,9432,31440.0,20443.3333333333,18,18,0,0,1.0,0.0,0.0,Tumor,1.0,True,,positive,negative,negative,negative,Immune cells,negative,baseline_immune_all_dropout,svtuner_immune_all_dropout,available_nonimmune_reference_assignment_retained,0.3425500196913197,0.3425500196913197,False,0.6574499803086803,,1.0,PVL,0.6,0.0,1.0,PVL,0.6,ok,True,both,negative,0
TTACTAAAGGACTTTA-1,1,48,78,8409,8126,27086.6666666667,28030.0,28,28,0,0,1.0,0.0,0.0,Tumor,1.0,True,,positive,negative,negative,negative,Immune cells,negative,baseline_immune_all_dropout,svtuner_immune_all_dropout,available_nonimmune_reference_assignment_retained,0.3035604306841297,0.3035604306841297,False,0.6964395693158703,,1.0,PVL,1.0,0.0,1.0,PVL,1.0,ok,True,both,negative,0
TTACTCCGGCCGGGAA-1,1,34,78,6285,8125,27083.3333333333,20950.0,19,15,1,3,0.7894736842105263,0.0526315789473684,0.1578947368421052,Tumor,0.7894736842105263,True,,positive,negative,negative,negative,Immune cells,negative,baseline_immune_all_dropout,svtuner_immune_all_dropout,available_nonimmune_reference_assignment_retained,0.3015576003429175,0.3015576003429175,False,0.6984423996570825,,1.0,Fibroblasts,0.5,0.0,1.0,Fibroblasts,0.5,ok,True,both,negative,0
TTACTCTGGTACGTAC-1,1,43,31,7653,4028,13426.6666666667,25510.0,33,32,0,1,0.9696969696969696,0.0,0.0303030303030303,Tumor,0.9696969696969696,True,,positive,negative,negative,negative,Immune cells,negative,baseline_immune_all_dropout,svtuner_immune_all_dropout,available_nonimmune_reference_assignment_retained,0.1452865075942069,0.1452865075942069,False,0.8547134924057931,,1.0,Fibroblasts,1.0,0.0,1.0,Fibroblasts,1.0,ok,True,both,negative,0
TTACTGGGATATTTCA-1,1,44,54,7804,6033,20110.0,26013.3333333333,25,25,0,0,1.0,0.0,0.0,Tumor,1.0,True,,positive,negative,negative,negative,Immune cells,negative,baseline_immune_all_dropout,svtuner_immune_all_dropout,available_nonimmune_reference_assignment_retained,0.2582536010218097,0.2582536010218097,False,0.7417463989781903,,1.0,Epithelial cells,0.5714285714285714,0.0,1.0,Epithelial cells,0.5714285714285714,ok,True,both,negative,0
TTAGAAGAACATGACT-1,1,52,64,9017,6906,23020.0,30056.6666666667,14,7,1,6,0.5,0.0714285714285714,0.4285714285714285,Tumor,0.5,True,,ambiguous,negative,ambiguous,negative,Immune cells,negative,baseline_immune_all_dropout,svtuner_immune_all_dropout,available_nonimmune_reference_assignment_retained,0.3992579122316874,0.3992579122316874,False,0.6007420877683126,,1.0,Epithelial cells,1.0,0.0,1.0,Epithelial cells,1.0,ok,True,both,negative,0
TTAGAATAAGGGTCGG-1,1,61,45,10383,5250,17500.0,34610.0,15,14,0,1,0.9333333333333332,0.0,0.0666666666666666,Tumor,0.9333333333333332,True,,positive,negative,negative,negative,Immune cells,negative,baseline_immune_all_dropout,svtuner_immune_all_dropout,available_nonimmune_reference_assignment_retained,0.3865971470101847,0.3865971470101847,False,0.6134028529898152,,1.0,PVL,1.0,0.0,1.0,PVL,1.0,ok,True,both,negative,0
TTAGACGAGTCACCTC-1,1,48,80,8409,8300,27666.6666666667,28030.0,24,24,0,0,1.0,0.0,0.0,Tumor,1.0,True,,positive,negative,negative,negative,Immune cells,negative,baseline_immune_all_dropout,svtuner_immune_all_dropout,available_nonimmune_reference_assignment_retained,0.381900697044319,0.381900697044319,False,0.6180993029556809,,1.0,Endothelial cells,0.8,0.0,1.0,Endothelial cells,0.8,ok,True,both,negative,0
TTAGAGTTTAGAAGGA-1,1,46,86,8105,8823,29410.0,27016.6666666667,19,16,0,3,0.8421052631578947,0.0,0.1578947368421052,Tumor,0.8421052631578947,True,,positive,negative,negative,negative,Immune cells,negative,baseline_immune_all_dropout,svtuner_immune_all_dropout,available_nonimmune_reference_assignment_retained,0.4026385032735565,0.4026385032735565,False,0.5973614967264436,,1.0,Endothelial cells,0.6,0.0,1.0,Endothelial cells,0.6,ok,True,both,negative,0
TTAGCTGATTTGCCGT-1,1,38,94,6891,9520,31733.3333333333,22970.0,32,32,0,0,1.0,0.0,0.0,Tumor,1.0,True,,positive,negative,negative,negative,Immune cells,negative,baseline_immune_all_dropout,svtuner_immune_all_dropout,available_nonimmune_reference_assignment_retained,0.4768733408194877,0.4768733408194877,False,0.5231266591805124,,1.0,Epithelial cells,1.0,0.0,1.0,Epithelial cells,1.0,ok,True,both,negative,0
TTAGGATGGGAGGGTA-1,1,47,127,8255,12398,41326.6666666667,27516.6666666667,34,34,0,0,1.0,0.0,0.0,Tumor,1.0,True,,positive,negative,negative,negative,Immune cells,negative,baseline_immune_all_dropout,svtuner_immune_all_dropout,available_nonimmune_reference_assignment_retained,0.4586414158002496,0.4586414158002496,False,0.5413585841997504,,1.0,Epithelial cells,1.0,0.0,1.0,Epithelial cells,1.0,ok,True,both,negative,0
TTAGGTCATAACCGAC-1,1,58,38,9928,4639,15463.3333333333,33093.3333333333,10,7,0,3,0.7,0.0,0.3,Tumor,0.7,True,,positive,negative,ambiguous,negative,Immune cells,negative,baseline_immune_all_dropout,svtuner_immune_all_dropout,available_nonimmune_reference_assignment_retained,0.1960641071126033,0.1960641071126033,False,0.8039358928873968,,1.0,Fibroblasts,1.0,0.0,1.0,Fibroblasts,1.0,ok,True,both,negative,0
TTAGTAAACCTGCTCT-1,1,62,94,10532,9522,31740.0,35106.6666666667,25,22,0,3,0.88,0.0,0.12,Tumor,0.88,True,,positive,negative,negative,negative,Immune cells,negative,baseline_immune_all_dropout,svtuner_immune_all_dropout,available_nonimmune_reference_assignment_retained,0.4424467674172329,0.4424467674172329,False,0.5575532325827671,,1.0,Endothelial cells,1.0,0.0,1.0,Endothelial cells,1.0,ok,True,both,negative,0
TTAGTTATTCGTGGCA-1,1,47,91,8257,9259,30863.3333333333,27523.3333333333,21,21,0,0,1.0,0.0,0.0,Tumor,1.0,True,,positive,negative,negative,negative,Immune cells,negative,baseline_immune_all_dropout,svtuner_immune_all_dropout,available_nonimmune_reference_assignment_retained,0.3012373642711684,0.3012373642711684,False,0.6987626357288317,,1.0,Endothelial cells,0.8333333333333334,0.0,1.0,Endothelial cells,0.8333333333333334,ok,True,both,negative,0
TTATAGGTAATTGTCT-1,1,61,73,10381,7691,25636.6666666667,34603.3333333333,22,21,1,0,0.9545454545454546,0.0454545454545454,0.0,Tumor,0.9545454545454546,True,,positive,negative,negative,negative,Immune cells,negative,baseline_immune_all_dropout,svtuner_immune_all_dropout,available_nonimmune_reference_assignment_retained,0.4713850393620356,0.4713850393620356,False,0.5286149606379644,,1.0,Fibroblasts,1.0,0.0,1.0,Fibroblasts,1.0,ok,True,both,negative,0
TTATATACGCTGTCAC-1,1,38,74,6892,7776,25920.0,22973.3333333333,24,24,0,0,1.0,0.0,0.0,Tumor,1.0,True,,positive,negative,negative,negative,Immune cells,negative,baseline_immune_all_dropout,svtuner_immune_all_dropout,available_nonimmune_reference_assignment_retained,0.3418349874745977,0.3418349874745977,False,0.6581650125254024,,1.0,Endothelial cells,1.0,0.0,1.0,Endothelial cells,1.0,ok,True,both,negative,0
TTATCCGGGATCTATA-1,1,51,87,8864,8911,29703.3333333333,29546.6666666667,32,32,0,0,1.0,0.0,0.0,Tumor,1.0,True,,positive,negative,negative,negative,Immune cells,negative,baseline_immune_all_dropout,svtuner_immune_all_dropout,available_nonimmune_reference_assignment_retained,0.3792072776067448,0.3792072776067448,False,0.6207927223932552,,1.0,PVL,1.0,0.0,1.0,PVL,1.0,ok,True,both,negative,0
TTATGAATGAAAGGGA-1,1,41,63,7348,6817,22723.3333333333,24493.3333333333,22,22,0,0,1.0,0.0,0.0,Tumor,1.0,True,,positive,negative,negative,negative,Immune cells,negative,baseline_immune_all_dropout,svtuner_immune_all_dropout,available_nonimmune_reference_assignment_retained,0.2987223804127837,0.2987223804127837,False,0.7012776195872163,,1.0,PVL,0.6666666666666666,0.0,1.0,PVL,0.6666666666666666,ok,True,both,negative,0
TTATGATCTTAACGAA-1,1,38,82,6892,8474,28246.6666666667,22973.3333333333,35,35,0,0,1.0,0.0,0.0,Tumor,1.0,True,,positive,negative,negative,negative,Immune cells,negative,baseline_immune_all_dropout,svtuner_immune_all_dropout,available_nonimmune_reference_assignment_retained,0.2549753047623246,0.2549753047623246,False,0.7450246952376753,,1.0,Epithelial cells,1.0,0.0,1.0,Epithelial cells,1.0,ok,True,both,negative,0
TTATTAGAGCGTGTTC-1,1,46,70,8106,7428,24760.0,27020.0,25,25,0,0,1.0,0.0,0.0,Tumor,1.0,True,,positive,negative,negative,negative,Immune cells,negative,baseline_immune_all_dropout,svtuner_immune_all_dropout,available_nonimmune_reference_assignment_retained,0.431698301207849,0.431698301207849,False,0.568301698792151,,1.0,Endothelial cells,1.0,0.0,1.0,Endothelial cells,1.0,ok,True,both,negative,0
TTATTATCTGGAAGGC-1,1,55,121,9469,11875,39583.3333333333,31563.3333333333,20,2,18,0,0.1,0.9,0.0,Immune cells,0.9,True,,negative,positive,negative,positive,Immune cells,positive,baseline_immune_all_dropout,svtuner_immune_all_dropout,available_nonimmune_reference_assignment_retained,0.345969237741375,0.345969237741375,False,0.654030762258625,,1.0,Fibroblasts,1.0,0.0,1.0,Fibroblasts,1.0,ok,True,both,positive,1
TTCAAAGTCTCTAGCC-1,1,35,75,6437,7863,26210.0,21456.6666666667,26,26,0,0,1.0,0.0,0.0,Tumor,1.0,True,,positive,negative,negative,negative,Immune cells,negative,baseline_immune_all_dropout,svtuner_immune_all_dropout,available_nonimmune_reference_assignment_retained,0.2396829043030504,0.2396829043030504,False,0.7603170956969496,,1.0,PVL,1.0,0.0,1.0,PVL,1.0,ok,True,both,negative,0
TTCAATACTCTGAATC-1,1,38,86,6892,8822,29406.6666666667,22973.3333333333,30,29,0,1,0.9666666666666668,0.0,0.0333333333333333,Tumor,0.9666666666666668,True,,positive,negative,negative,negative,Immune cells,negative,baseline_immune_all_dropout,svtuner_immune_all_dropout,available_nonimmune_reference_assignment_retained,0.2799564962645383,0.2799564962645383,False,0.7200435037354618,,1.0,PVL,0.6666666666666666,0.0,1.0,PVL,0.6666666666666666,ok,True,both,negative,0
TTCACGAAAGGATCAC-1,1,38,54,6893,6033,20110.0,22976.6666666667,18,1,17,0,0.0555555555555555,0.9444444444444444,0.0,Immune cells,0.9444444444444444,True,,negative,positive,negative,positive,Immune cells,positive,baseline_immune_all_dropout,svtuner_immune_all_dropout,reference_unrepresented_withheld_by_stage3b,0.6173666390323079,0.6173666390323079,True,0.382633360967692,,0.0,__withheld_reference_unrepresented__,0.0,0.0,1.0,PVL,1.0,ok,True,both,positive,1
TTCACTCGAGCACCTA-1,1,55,69,9471,7342,24473.3333333333,31570.0,19,17,2,0,0.8947368421052632,0.1052631578947368,0.0,Tumor,0.8947368421052632,True,,positive,negative,negative,negative,Immune cells,negative,baseline_immune_all_dropout,svtuner_immune_all_dropout,available_nonimmune_reference_assignment_retained,0.3278924769076857,0.3278924769076857,False,0.6721075230923144,,1.0,PVL,0.8,0.0,1.0,PVL,0.8,ok,True,both,negative,0
TTCACTTCCTAGAACG-1,1,67,51,11293,5774,19246.6666666667,37643.3333333333,16,15,0,1,0.9375,0.0,0.0625,Tumor,0.9375,True,,positive,negative,negative,negative,Immune cells,negative,baseline_immune_all_dropout,svtuner_immune_all_dropout,available_nonimmune_reference_assignment_retained,0.398228101893337,0.398228101893337,False,0.601771898106663,,1.0,Endothelial cells,1.0,0.0,1.0,Endothelial cells,1.0,ok,True,both,negative,0
TTCAGCCCTGGTCCAC-1,1,47,85,8257,8736,29120.0,27523.3333333333,20,20,0,0,1.0,0.0,0.0,Tumor,1.0,True,,positive,negative,negative,negative,Immune cells,negative,baseline_immune_all_dropout,svtuner_immune_all_dropout,available_nonimmune_reference_assignment_retained,0.3097858862514229,0.3097858862514229,False,0.6902141137485771,,1.0,PVL,1.0,0.0,1.0,PVL,1.0,ok,True,both,negative,0
TTCAGCTGGCGTGCCC-1,1,55,95,9470,9609,32030.0,31566.6666666667,28,28,0,0,1.0,0.0,0.0,Tumor,1.0,True,,positive,negative,negative,negative,Immune cells,negative,baseline_immune_all_dropout,svtuner_immune_all_dropout,available_nonimmune_reference_assignment_retained,0.2641944966848708,0.2641944966848708,False,0.7358055033151292,,1.0,Fibroblasts,0.5,0.0,1.0,Fibroblasts,0.5,ok,True,both,negative,0
TTCCACACAGATTTGA-1,1,50,46,8714,5336,17786.6666666667,29046.6666666667,25,25,0,0,1.0,0.0,0.0,Tumor,1.0,True,,positive,negative,negative,negative,Immune cells,negative,baseline_immune_all_dropout,svtuner_immune_all_dropout,available_nonimmune_reference_assignment_retained,0.2838402134388116,0.2838402134388116,False,0.7161597865611884,,1.0,Epithelial cells,1.0,0.0,1.0,Epithelial cells,1.0,ok,True,both,negative,0
TTCCAGACGAGATTTA-1,1,39,111,7042,11002,36673.3333333333,23473.3333333333,20,20,0,0,1.0,0.0,0.0,Tumor,1.0,True,,positive,negative,negative,negative,Immune cells,negative,baseline_immune_all_dropout,svtuner_immune_all_dropout,available_nonimmune_reference_assignment_retained,0.439924448508737,0.439924448508737,False,0.560075551491263,,1.0,PVL,1.0,0.0,1.0,PVL,1.0,ok,True,both,negative,0
TTCCATCGACAGCGTG-1,1,61,107,10380,10655,35516.6666666667,34600.0,10,5,0,5,0.5,0.0,0.5,Tumor,0.5,True,,ambiguous,negative,ambiguous,negative,Immune cells,negative,baseline_immune_all_dropout,svtuner_immune_all_dropout,available_nonimmune_reference_assignment_retained,0.6097649370995897,0.6097649370995897,False,0.3902350629004103,,1.0,Fibroblasts,1.0,0.0,1.0,Fibroblasts,1.0,ok,True,both,negative,0
TTCCGCGTGAGGCGAT-1,1,46,64,8106,6905,23016.6666666667,27020.0,16,13,0,3,0.8125,0.0,0.1875,Tumor,0.8125,True,,positive,negative,negative,negative,Immune cells,negative,baseline_immune_all_dropout,svtuner_immune_all_dropout,available_nonimmune_reference_assignment_retained,0.3654478822219897,0.3654478822219897,False,0.6345521177780102,,1.0,PVL,1.0,0.0,1.0,PVL,1.0,ok,True,both,negative,0
TTCCGGCCTTGAGGCT-1,1,54,44,9321,5162,17206.6666666667,31070.0,25,23,0,2,0.92,0.0,0.08,Tumor,0.92,True,,positive,negative,negative,negative,Immune cells,negative,baseline_immune_all_dropout,svtuner_immune_all_dropout,available_nonimmune_reference_assignment_retained,0.3941777506667245,0.3941777506667245,False,0.6058222493332754,,1.0,Endothelial cells,1.0,0.0,1.0,Endothelial cells,1.0,ok,True,both,negative,0
TTCCGGTATCTGTGTC-1,1,41,115,7345,11351,37836.6666666667,24483.3333333333,28,28,0,0,1.0,0.0,0.0,Tumor,1.0,True,,positive,negative,negative,negative,Immune cells,negative,baseline_immune_all_dropout,svtuner_immune_all_dropout,available_nonimmune_reference_assignment_retained,0.4989818239664237,0.4989818239664237,False,0.5010181760335763,,1.0,Fibroblasts,0.6666666666666666,0.0,1.0,Fibroblasts,0.6666666666666666,ok,True,both,negative,0
TTCCGGTTACCCACTT-1,1,45,87,7953,8910,29700.0,26510.0,32,32,0,0,1.0,0.0,0.0,Tumor,1.0,True,,positive,negative,negative,negative,Immune cells,negative,baseline_immune_all_dropout,svtuner_immune_all_dropout,available_nonimmune_reference_assignment_retained,0.2572213095331459,0.2572213095331459,False,0.7427786904668541,,1.0,Epithelial cells,1.0,0.0,1.0,Epithelial cells,1.0,ok,True,both,negative,0
TTCGACAGAGCCCGTG-1,1,52,68,9016,7254,24180.0,30053.3333333333,27,27,0,0,1.0,0.0,0.0,Tumor,1.0,True,,positive,negative,negative,negative,Immune cells,negative,baseline_immune_all_dropout,svtuner_immune_all_dropout,available_nonimmune_reference_assignment_retained,0.5455167093638382,0.5455167093638382,False,0.4544832906361618,,1.0,Epithelial cells,1.0,0.0,1.0,Epithelial cells,1.0,ok,True,both,negative,0
TTCGCGCGCCATACGA-1,1,59,47,10079,5424,18080.0,33596.6666666667,22,22,0,0,1.0,0.0,0.0,Tumor,1.0,True,,positive,negative,negative,negative,Immune cells,negative,baseline_immune_all_dropout,svtuner_immune_all_dropout,available_nonimmune_reference_assignment_retained,0.2489236704963277,0.2489236704963277,False,0.7510763295036723,,1.0,Epithelial cells,0.7142857142857143,0.0,1.0,Epithelial cells,0.7142857142857143,ok,True,both,negative,0
TTCGCTAGGAAGTTGT-1,1,41,117,7345,11525,38416.6666666667,24483.3333333333,27,27,0,0,1.0,0.0,0.0,Tumor,1.0,True,,positive,negative,negative,negative,Immune cells,negative,baseline_immune_all_dropout,svtuner_immune_all_dropout,available_nonimmune_reference_assignment_retained,0.4483812966688262,0.4483812966688262,False,0.5516187033311738,,1.0,Endothelial cells,1.0,0.0,1.0,Endothelial cells,1.0,ok,True,both,negative,0
TTCGGGCGCTAGTCTT-1,1,55,37,9473,4552,15173.3333333333,31576.6666666667,21,21,0,0,1.0,0.0,0.0,Tumor,1.0,True,,positive,negative,negative,negative,Immune cells,negative,baseline_immune_all_dropout,svtuner_immune_all_dropout,available_nonimmune_reference_assignment_retained,0.3633319916316027,0.3633319916316027,False,0.6366680083683973,,1.0,Fibroblasts,0.8,0.0,1.0,Fibroblasts,0.8,ok,True,both,negative,0
TTCGGGTTGCCACGGG-1,1,61,117,10379,11527,38423.3333333333,34596.6666666667,26,0,26,0,0.0,1.0,0.0,Immune cells,1.0,True,,negative,positive,negative,positive,Immune cells,positive,baseline_immune_all_dropout,svtuner_immune_all_dropout,reference_unrepresented_withheld_by_stage3b,0.6573143262902964,0.6573143262902964,True,0.3426856737097036,,0.0,__withheld_reference_unrepresented__,0.0,0.0,1.0,PVL,1.0,ok,True,both,positive,1
TTCGGTACTGTAGAGG-1,1,67,63,11292,6820,22733.3333333333,37640.0,18,12,3,3,0.6666666666666666,0.1666666666666666,0.1666666666666666,Tumor,0.6666666666666666,True,,positive,negative,negative,negative,Immune cells,negative,baseline_immune_all_dropout,svtuner_immune_all_dropout,available_nonimmune_reference_assignment_retained,0.5254469126043364,0.5254469126043364,False,0.4745530873956636,,1.0,Endothelial cells,1.0,0.0,1.0,Endothelial cells,1.0,ok,True,both,negative,0
TTCTAACCGAAGCTTA-1,1,34,90,6285,9171,30570.0,20950.0,32,32,0,0,1.0,0.0,0.0,Tumor,1.0,True,,positive,negative,negative,negative,Immune cells,negative,baseline_immune_all_dropout,svtuner_immune_all_dropout,available_nonimmune_reference_assignment_retained,0.2673193224344453,0.2673193224344453,False,0.7326806775655548,,1.0,Endothelial cells,0.8571428571428571,0.0,1.0,Endothelial cells,0.8571428571428571,ok,True,both,negative,0
TTCTAGAAAGTCTTAT-1,1,60,46,10231,5337,17790.0,34103.3333333333,20,20,0,0,1.0,0.0,0.0,Tumor,1.0,True,,positive,negative,negative,negative,Immune cells,negative,baseline_immune_all_dropout,svtuner_immune_all_dropout,available_nonimmune_reference_assignment_retained,0.1679239185783642,0.1679239185783642,False,0.8320760814216358,,1.0,Epithelial cells,1.0,0.0,1.0,Epithelial cells,1.0,ok,True,both,negative,0
TTCTATGCCTTTCGCA-1,1,29,121,5524,11873,39576.6666666667,18413.3333333333,22,22,0,0,1.0,0.0,0.0,Tumor,1.0,True,,positive,negative,negative,negative,Immune cells,negative,baseline_immune_all_dropout,svtuner_immune_all_dropout,available_nonimmune_reference_assignment_retained,0.5281153264951334,0.5281153264951334,False,0.4718846735048666,,1.0,Endothelial cells,1.0,0.0,1.0,Endothelial cells,1.0,ok,True,both,negative,0
TTCTATTAAACGCAGC-1,1,67,55,11293,6122,20406.6666666667,37643.3333333333,18,17,1,0,0.9444444444444444,0.0555555555555555,0.0,Tumor,0.9444444444444444,True,,positive,negative,negative,negative,Immune cells,negative,baseline_immune_all_dropout,svtuner_immune_all_dropout,available_nonimmune_reference_assignment_retained,0.3416237073653956,0.3416237073653956,False,0.6583762926346044,,1.0,Endothelial cells,1.0,0.0,1.0,Endothelial cells,1.0,ok,True,both,negative,0
TTCTGACCGGGCTCAA-1,1,52,84,9016,8649,28830.0,30053.3333333333,29,29,0,0,1.0,0.0,0.0,Tumor,1.0,True,,positive,negative,negative,negative,Immune cells,negative,baseline_immune_all_dropout,svtuner_immune_all_dropout,available_nonimmune_reference_assignment_retained,0.3018048491012554,0.3018048491012554,False,0.6981951508987446,,1.0,Epithelial cells,1.0,0.0,1.0,Epithelial cells,1.0,ok,True,both,negative,0
TTCTGCCGCGCCTAGA-1,1,49,69,8561,7341,24470.0,28536.6666666667,26,26,0,0,1.0,0.0,0.0,Tumor,1.0,True,,positive,negative,negative,negative,Immune cells,negative,baseline_immune_all_dropout,svtuner_immune_all_dropout,available_nonimmune_reference_assignment_retained,0.5034185844922634,0.5034185844922634,False,0.4965814155077366,,1.0,PVL,1.0,0.0,1.0,PVL,1.0,ok,True,both,negative,0
TTCTGCGGGTTAGCGG-1,1,40,80,7195,8299,27663.3333333333,23983.3333333333,24,23,0,1,0.9583333333333334,0.0,0.0416666666666666,Tumor,0.9583333333333334,True,,positive,negative,negative,negative,Immune cells,negative,baseline_immune_all_dropout,svtuner_immune_all_dropout,available_nonimmune_reference_assignment_retained,0.3548826417034913,0.3548826417034913,False,0.6451173582965086,,1.0,Endothelial cells,1.0,0.0,1.0,Endothelial cells,1.0,ok,True,both,negative,0
TTCTGCTAGACTCCAA-1,1,28,106,5374,10565,35216.6666666667,17913.3333333333,29,29,0,0,1.0,0.0,0.0,Tumor,1.0,True,,positive,negative,negative,negative,Immune cells,negative,baseline_immune_all_dropout,svtuner_immune_all_dropout,available_nonimmune_reference_assignment_retained,0.4469907516699944,0.4469907516699944,False,0.5530092483300055,,1.0,Endothelial cells,1.0,0.0,1.0,Endothelial cells,1.0,ok,True,both,negative,0
TTCTTATCCGCTGGGT-1,1,49,101,8559,10131,33770.0,28530.0,21,20,0,1,0.9523809523809524,0.0,0.0476190476190476,Tumor,0.9523809523809524,True,,positive,negative,negative,negative,Immune cells,negative,baseline_immune_all_dropout,svtuner_immune_all_dropout,available_nonimmune_reference_assignment_retained,0.362599328343592,0.362599328343592,False,0.637400671656408,,1.0,PVL,1.0,0.0,1.0,PVL,1.0,ok,True,both,negative,0
TTCTTGAGCCGCGCTA-1,1,47,41,8259,4900,16333.3333333333,27530.0,21,7,3,11,0.3333333333333333,0.1428571428571428,0.5238095238095238,Stroma,0.5238095238095238,True,,ambiguous,negative,ambiguous,negative,Immune cells,negative,baseline_immune_all_dropout,svtuner_immune_all_dropout,reference_unrepresented_withheld_by_stage3b,0.5575376733748967,0.5575376733748967,True,0.4424623266251033,,0.0,__withheld_reference_unrepresented__,0.0,0.0,1.0,Endothelial cells,1.0,ok,True,both,negative,0
TTCTTGCTAGCATCTC-1,1,40,110,7194,10915,36383.3333333333,23980.0,24,24,0,0,1.0,0.0,0.0,Tumor,1.0,True,,positive,negative,negative,negative,Immune cells,negative,baseline_immune_all_dropout,svtuner_immune_all_dropout,available_nonimmune_reference_assignment_retained,0.5047390951862327,0.5047390951862327,False,0.4952609048137673,,1.0,Endothelial cells,1.0,0.0,1.0,Endothelial cells,1.0,ok,True,both,negative,0
TTCTTGGACGATCTGC-1,1,52,32,9018,4116,13720.0,30060.0,18,16,0,2,0.8888888888888888,0.0,0.1111111111111111,Tumor,0.8888888888888888,True,,positive,negative,negative,negative,Immune cells,negative,baseline_immune_all_dropout,svtuner_immune_all_dropout,available_nonimmune_reference_assignment_retained,0.3401612095627738,0.3401612095627738,False,0.6598387904372263,,1.0,Fibroblasts,1.0,0.0,1.0,Fibroblasts,1.0,ok,True,both,negative,0
TTGAACGACGTGCTGA-1,1,60,88,10229,8999,29996.6666666667,34096.6666666667,26,25,1,0,0.9615384615384616,0.0384615384615384,0.0,Tumor,0.9615384615384616,True,,positive,negative,negative,negative,Immune cells,negative,baseline_immune_all_dropout,svtuner_immune_all_dropout,available_nonimmune_reference_assignment_retained,0.1686701531630124,0.1686701531630124,False,0.8313298468369876,,1.0,Epithelial cells,1.0,0.0,1.0,Epithelial cells,1.0,ok,True,both,negative,0
TTGAAGAATTCCCAGG-1,1,32,50,5983,5683,18943.3333333333,19943.3333333333,25,7,16,2,0.28,0.64,0.08,Immune cells,0.64,True,,ambiguous,positive,negative,positive,Immune cells,positive,baseline_immune_all_dropout,svtuner_immune_all_dropout,available_nonimmune_reference_assignment_retained,0.6251959257419265,0.6251959257419265,False,0.3748040742580735,,1.0,Endothelial cells,1.0,0.0,1.0,Endothelial cells,1.0,ok,True,both,positive,1
TTGAATATGGACTTTC-1,1,34,76,6285,7950,26500.0,20950.0,24,24,0,0,1.0,0.0,0.0,Tumor,1.0,True,,positive,negative,negative,negative,Immune cells,negative,baseline_immune_all_dropout,svtuner_immune_all_dropout,available_nonimmune_reference_assignment_retained,0.1717660108573709,0.1717660108573709,False,0.8282339891426291,,1.0,Epithelial cells,1.0,0.0,1.0,Epithelial cells,1.0,ok,True,both,negative,0
TTGAATTCACGTGAGG-1,1,39,97,7043,9781,32603.3333333333,23476.6666666667,34,33,1,0,0.9705882352941176,0.0294117647058823,0.0,Tumor,0.9705882352941176,True,,positive,negative,negative,negative,Immune cells,negative,baseline_immune_all_dropout,svtuner_immune_all_dropout,available_nonimmune_reference_assignment_retained,0.2615467639205963,0.2615467639205963,False,0.7384532360794037,,1.0,PVL,0.6666666666666666,0.0,1.0,PVL,0.6666666666666666,ok,True,both,negative,0
TTGACAGGAGCTCCCG-1,1,47,99,8256,9957,33190.0,27520.0,29,28,1,0,0.9655172413793104,0.0344827586206896,0.0,Tumor,0.9655172413793104,True,,positive,negative,negative,negative,Immune cells,negative,baseline_immune_all_dropout,svtuner_immune_all_dropout,available_nonimmune_reference_assignment_retained,0.4195171269133905,0.4195171269133905,False,0.5804828730866095,,1.0,Fibroblasts,1.0,0.0,1.0,Fibroblasts,1.0,ok,True,both,negative,0
TTGACATGAACGTGGA-1,1,44,32,7805,4115,13716.6666666667,26016.6666666667,30,30,0,0,1.0,0.0,0.0,Tumor,1.0,True,,positive,negative,negative,negative,Immune cells,negative,baseline_immune_all_dropout,svtuner_immune_all_dropout,available_nonimmune_reference_assignment_retained,0.188386542621442,0.188386542621442,False,0.8116134573785581,,1.0,Endothelial cells,0.5,0.0,1.0,Endothelial cells,0.5,ok,True,both,negative,0
TTGACCAGGAACAACT-1,1,64,80,10836,8302,27673.3333333333,36120.0,28,28,0,0,1.0,0.0,0.0,Tumor,1.0,True,,positive,negative,negative,negative,Immune cells,negative,baseline_immune_all_dropout,svtuner_immune_all_dropout,available_nonimmune_reference_assignment_retained,0.3176876850898746,0.3176876850898746,False,0.6823123149101253,,1.0,PVL,1.0,0.0,1.0,PVL,1.0,ok,True,both,negative,0
TTGACCGTGTTAATGA-1,1,50,34,8715,4290,14300.0,29050.0,21,19,2,0,0.9047619047619048,0.0952380952380952,0.0,Tumor,0.9047619047619048,True,,positive,negative,negative,negative,Immune cells,negative,baseline_immune_all_dropout,svtuner_immune_all_dropout,available_nonimmune_reference_assignment_retained,0.2258481646872136,0.2258481646872136,False,0.7741518353127864,,1.0,Fibroblasts,1.0,0.0,1.0,Fibroblasts,1.0,ok,True,both,negative,0
TTGACTACCATATGGT-1,1,43,41,7653,4900,16333.3333333333,25510.0,30,30,0,0,1.0,0.0,0.0,Tumor,1.0,True,,positive,negative,negative,negative,Immune cells,negative,baseline_immune_all_dropout,svtuner_immune_all_dropout,available_nonimmune_reference_assignment_retained,0.2039178975764289,0.2039178975764289,False,0.7960821024235711,,1.0,Epithelial cells,0.7142857142857143,0.0,1.0,Epithelial cells,0.7142857142857143,ok,True,both,negative,0
TTGACTATTGTCCGGC-1,1,46,104,8104,10392,34640.0,27013.3333333333,24,23,0,1,0.9583333333333334,0.0,0.0416666666666666,Tumor,0.9583333333333334,True,,positive,negative,negative,negative,Immune cells,negative,baseline_immune_all_dropout,svtuner_immune_all_dropout,available_nonimmune_reference_assignment_retained,0.2023269492271223,0.2023269492271223,False,0.7976730507728778,,1.0,Endothelial cells,0.625,0.0,1.0,Endothelial cells,0.625,ok,True,both,negative,0
TTGAGAAGTTTAGCAT-1,1,55,87,9470,8911,29703.3333333333,31566.6666666667,24,24,0,0,1.0,0.0,0.0,Tumor,1.0,True,,positive,negative,negative,negative,Immune cells,negative,baseline_immune_all_dropout,svtuner_immune_all_dropout,available_nonimmune_reference_assignment_retained,0.2151265950024871,0.2151265950024871,False,0.7848734049975129,,1.0,PVL,1.0,0.0,1.0,PVL,1.0,ok,True,both,negative,0
TTGAGAGTACTGCTAA-1,1,44,38,7804,4638,15460.0,26013.3333333333,31,31,0,0,1.0,0.0,0.0,Tumor,1.0,True,,positive,negative,negative,negative,Immune cells,negative,baseline_immune_all_dropout,svtuner_immune_all_dropout,available_nonimmune_reference_assignment_retained,0.1962456617402646,0.1962456617402646,False,0.8037543382597354,,1.0,Epithelial cells,1.0,0.0,1.0,Epithelial cells,1.0,ok,True,both,negative,0
TTGAGCAGCCCACGGT-1,1,44,116,7800,11438,38126.6666666667,26000.0,16,16,0,0,1.0,0.0,0.0,Tumor,1.0,True,,positive,negative,negative,negative,Immune cells,negative,baseline_immune_all_dropout,svtuner_immune_all_dropout,available_nonimmune_reference_assignment_retained,0.2619045903342292,0.2619045903342292,False,0.7380954096657708,,1.0,Epithelial cells,1.0,0.0,1.0,Epithelial cells,1.0,ok,True,both,negative,0
TTGAGCGCCACGTGAT-1,1,38,118,6890,11612,38706.6666666667,22966.6666666667,24,24,0,0,1.0,0.0,0.0,Tumor,1.0,True,,positive,negative,negative,negative,Immune cells,negative,baseline_immune_all_dropout,svtuner_immune_all_dropout,available_nonimmune_reference_assignment_retained,0.48264147962902,0.48264147962902,False,0.5173585203709801,,1.0,Epithelial cells,1.0,0.0,1.0,Epithelial cells,1.0,ok,True,both,negative,0
TTGAGTCCCGCTGCTG-1,1,39,119,7042,11699,38996.6666666667,23473.3333333333,21,21,0,0,1.0,0.0,0.0,Tumor,1.0,True,,positive,negative,negative,negative,Immune cells,negative,baseline_immune_all_dropout,svtuner_immune_all_dropout,available_nonimmune_reference_assignment_retained,0.4302641013095986,0.4302641013095986,False,0.5697358986904014,,1.0,PVL,1.0,0.0,1.0,PVL,1.0,ok,True,both,negative,0
TTGATAGTCAATACAT-1,1,27,115,5221,11350,37833.3333333333,17403.3333333333,27,27,0,0,1.0,0.0,0.0,Tumor,1.0,True,,positive,negative,negative,negative,Immune cells,negative,baseline_immune_all_dropout,svtuner_immune_all_dropout,available_nonimmune_reference_assignment_retained,0.3563930596569302,0.3563930596569302,False,0.6436069403430698,,1.0,Endothelial cells,1.0,0.0,1.0,Endothelial cells,1.0,ok,True,both,negative,0
TTGATGCCGCTCGTCG-1,1,70,34,11749,4292,14306.6666666667,39163.3333333333,27,25,1,1,0.925925925925926,0.037037037037037,0.037037037037037,Tumor,0.925925925925926,True,,positive,negative,negative,negative,Immune cells,negative,baseline_immune_all_dropout,svtuner_immune_all_dropout,available_nonimmune_reference_assignment_retained,0.3962729432567855,0.3962729432567855,False,0.6037270567432145,,1.0,PVL,1.0,0.0,1.0,PVL,1.0,ok,True,both,negative,0
TTGATTAGCTGTTTCT-1,1,48,34,8411,4290,14300.0,28036.6666666667,32,32,0,0,1.0,0.0,0.0,Tumor,1.0,True,,positive,negative,negative,negative,Immune cells,negative,baseline_immune_all_dropout,svtuner_immune_all_dropout,available_nonimmune_reference_assignment_retained,0.266005222022226,0.266005222022226,False,0.733994777977774,,1.0,Epithelial cells,1.0,0.0,1.0,Epithelial cells,1.0,ok,True,both,negative,0
TTGCACAATTCAGAAA-1,1,43,57,7652,6295,20983.3333333333,25506.6666666667,30,29,1,0,0.9666666666666668,0.0333333333333333,0.0,Tumor,0.9666666666666668,True,,positive,negative,negative,negative,Immune cells,negative,baseline_immune_all_dropout,svtuner_immune_all_dropout,available_nonimmune_reference_assignment_retained,0.2515541290494027,0.2515541290494027,False,0.7484458709505972,,1.0,Endothelial cells,1.0,0.0,1.0,Endothelial cells,1.0,ok,True,both,negative,0
TTGCATGCTGATCACG-1,1,41,35,7349,4376,14586.6666666667,24496.6666666667,28,28,0,0,1.0,0.0,0.0,Tumor,1.0,True,,positive,negative,negative,negative,Immune cells,negative,baseline_immune_all_dropout,svtuner_immune_all_dropout,available_nonimmune_reference_assignment_retained,0.2758655173271708,0.2758655173271708,False,0.7241344826728292,,1.0,Epithelial cells,1.0,0.0,1.0,Epithelial cells,1.0,ok,True,both,negative,0
TTGCCAAGCAGAACCC-1,1,44,114,7800,11264,37546.6666666667,26000.0,23,23,0,0,1.0,0.0,0.0,Tumor,1.0,True,,positive,negative,negative,negative,Immune cells,negative,baseline_immune_all_dropout,svtuner_immune_all_dropout,available_nonimmune_reference_assignment_retained,0.2994957681162254,0.2994957681162254,False,0.7005042318837746,,1.0,Endothelial cells,0.8333333333333334,0.0,1.0,Endothelial cells,0.8333333333333334,ok,True,both,negative,0
TTGCCCTGATCACGGG-1,1,36,34,6591,4289,14296.6666666667,21970.0,29,28,1,0,0.9655172413793104,0.0344827586206896,0.0,Tumor,0.9655172413793104,True,,positive,negative,negative,negative,Immune cells,negative,baseline_immune_all_dropout,svtuner_immune_all_dropout,available_nonimmune_reference_assignment_retained,0.231500081225753,0.231500081225753,False,0.768499918774247,,1.0,Fibroblasts,0.5714285714285714,0.0,1.0,Fibroblasts,0.5714285714285714,ok,True,both,negative,0
TTGCCGCTTTCTAGTA-1,1,62,78,10533,8127,27090.0,35110.0,19,6,13,0,0.3157894736842105,0.6842105263157895,0.0,Immune cells,0.6842105263157895,True,,ambiguous,positive,negative,positive,Immune cells,positive,baseline_immune_all_dropout,svtuner_immune_all_dropout,available_nonimmune_reference_assignment_retained,0.5221267866919904,0.5221267866919904,False,0.4778732133080096,,1.0,PVL,1.0,0.0,1.0,PVL,1.0,ok,True,both,positive,1
TTGCCTTCTCGCCGGG-1,1,68,104,11442,10394,34646.6666666667,38140.0,4,0,0,4,0.0,0.0,1.0,Stroma,1.0,True,,negative,negative,positive,negative,Immune cells,negative,baseline_immune_all_dropout,svtuner_immune_all_dropout,available_nonimmune_reference_assignment_retained,0.7199791580987022,0.7199791580987022,False,0.2800208419012978,,1.0,Endothelial cells,1.0,0.0,1.0,Endothelial cells,1.0,ok,True,both,negative,0
TTGCGCTTGATCAATA-1,1,69,101,11593,10133,33776.6666666667,38643.3333333333,18,13,2,3,0.7222222222222222,0.1111111111111111,0.1666666666666666,Tumor,0.7222222222222222,True,,positive,negative,negative,negative,Immune cells,negative,baseline_immune_all_dropout,svtuner_immune_all_dropout,available_nonimmune_reference_assignment_retained,0.5848305956246126,0.5848305956246126,False,0.4151694043753874,,1.0,Endothelial cells,1.0,0.0,1.0,Endothelial cells,1.0,ok,True,both,negative,0
TTGCGGCATCAGAAAG-1,1,53,45,9169,5249,17496.6666666667,30563.3333333333,17,11,1,5,0.6470588235294118,0.0588235294117647,0.2941176470588235,Tumor,0.6470588235294118,True,,positive,negative,ambiguous,negative,Immune cells,negative,baseline_immune_all_dropout,svtuner_immune_all_dropout,available_nonimmune_reference_assignment_retained,0.3176830008717999,0.3176830008717999,False,0.6823169991282001,,1.0,Endothelial cells,1.0,0.0,1.0,Endothelial cells,1.0,ok,True,both,negative,0
TTGCGTCGGCCAACCG-1,1,51,41,8866,4900,16333.3333333333,29553.3333333333,21,21,0,0,1.0,0.0,0.0,Tumor,1.0,True,,positive,negative,negative,negative,Immune cells,negative,baseline_immune_all_dropout,svtuner_immune_all_dropout,available_nonimmune_reference_assignment_retained,0.4256530244182457,0.4256530244182457,False,0.5743469755817543,,1.0,PVL,1.0,0.0,1.0,PVL,1.0,ok,True,both,negative,0
TTGCGTGTGTAGGCAT-1,1,69,83,11594,8564,28546.6666666667,38646.6666666667,15,13,0,2,0.8666666666666667,0.0,0.1333333333333333,Tumor,0.8666666666666667,True,,positive,negative,negative,negative,Immune cells,negative,baseline_immune_all_dropout,svtuner_immune_all_dropout,available_nonimmune_reference_assignment_retained,0.3626357887903493,0.3626357887903493,False,0.6373642112096507,,1.0,Epithelial cells,1.0,0.0,1.0,Epithelial cells,1.0,ok,True,both,negative,0
TTGCTCATAGTACGTG-1,1,67,107,11290,10656,35520.0,37633.3333333333,28,23,5,0,0.8214285714285714,0.1785714285714285,0.0,Tumor,0.8214285714285714,True,,positive,negative,negative,negative,Immune cells,negative,baseline_immune_all_dropout,svtuner_immune_all_dropout,available_nonimmune_reference_assignment_retained,0.3458256514414863,0.3458256514414863,False,0.6541743485585136,,1.0,Endothelial cells,0.8333333333333334,0.0,1.0,Endothelial cells,0.8333333333333334,ok,True,both,negative,0
TTGCTGATCATGTTCG-1,1,33,57,6135,6294,20980.0,20450.0,8,0,0,8,0.0,0.0,1.0,Stroma,1.0,True,,negative,negative,positive,negative,Immune cells,negative,baseline_immune_all_dropout,svtuner_immune_all_dropout,available_nonimmune_reference_assignment_retained,0.7178051196747104,0.7178051196747104,False,0.2821948803252896,,1.0,PVL,1.0,0.0,1.0,PVL,1.0,ok,True,both,negative,0
TTGGACCATCTGGCAA-1,1,51,105,8863,10480,34933.3333333333,29543.3333333333,31,31,0,0,1.0,0.0,0.0,Tumor,1.0,True,,positive,negative,negative,negative,Immune cells,negative,baseline_immune_all_dropout,svtuner_immune_all_dropout,available_nonimmune_reference_assignment_retained,0.2701417116521296,0.2701417116521296,False,0.7298582883478704,,1.0,Epithelial cells,0.4285714285714285,0.0,1.0,Epithelial cells,0.4285714285714285,ok,True,both,negative,0
TTGGACCTATAACAGT-1,1,56,86,9622,8824,29413.3333333333,32073.3333333333,21,21,0,0,1.0,0.0,0.0,Tumor,1.0,True,,positive,negative,negative,negative,Immune cells,negative,baseline_immune_all_dropout,svtuner_immune_all_dropout,available_nonimmune_reference_assignment_retained,0.3202067738247035,0.3202067738247035,False,0.6797932261752966,,1.0,Endothelial cells,1.0,0.0,1.0,Endothelial cells,1.0,ok,True,both,negative,0
TTGGATATCGTCTACG-1,1,48,52,8410,5859,19530.0,28033.3333333333,26,26,0,0,1.0,0.0,0.0,Tumor,1.0,True,,positive,negative,negative,negative,Immune cells,negative,baseline_immune_all_dropout,svtuner_immune_all_dropout,available_nonimmune_reference_assignment_retained,0.464119491026198,0.464119491026198,False,0.535880508973802,,1.0,PVL,1.0,0.0,1.0,PVL,1.0,ok,True,both,negative,0
TTGGCGATCCGAATAT-1,1,35,121,6435,11873,39576.6666666667,21450.0,30,30,0,0,1.0,0.0,0.0,Tumor,1.0,True,,positive,negative,negative,negative,Immune cells,negative,baseline_immune_all_dropout,svtuner_immune_all_dropout,available_nonimmune_reference_assignment_retained,0.4669778130778075,0.4669778130778075,False,0.5330221869221925,,1.0,Endothelial cells,1.0,0.0,1.0,Endothelial cells,1.0,ok,True,both,negative,0
TTGGCTCAATATGTGT-1,1,65,113,10986,11179,37263.3333333333,36620.0,22,16,2,4,0.7272727272727273,0.0909090909090909,0.1818181818181818,Tumor,0.7272727272727273,True,,positive,negative,negative,negative,Immune cells,negative,baseline_immune_all_dropout,svtuner_immune_all_dropout,available_nonimmune_reference_assignment_retained,0.5276971295940813,0.5276971295940813,False,0.4723028704059187,,1.0,Fibroblasts,1.0,0.0,1.0,Fibroblasts,1.0,ok,True,both,negative,0
TTGGGACGTAAGAGTT-1,1,51,109,8862,10829,36096.6666666667,29540.0,30,30,0,0,1.0,0.0,0.0,Tumor,1.0,True,,positive,negative,negative,negative,Immune cells,negative,baseline_immune_all_dropout,svtuner_immune_all_dropout,available_nonimmune_reference_assignment_retained,0.4440144233648845,0.4440144233648845,False,0.5559855766351155,,1.0,Endothelial cells,1.0,0.0,1.0,Endothelial cells,1.0,ok,True,both,negative,0
TTGGTATGGCTTGTGT-1,1,33,117,6131,11525,38416.6666666667,20436.6666666667,34,34,0,0,1.0,0.0,0.0,Tumor,1.0,True,,positive,negative,negative,negative,Immune cells,negative,baseline_immune_all_dropout,svtuner_immune_all_dropout,available_nonimmune_reference_assignment_retained,0.6138975192341848,0.6138975192341848,False,0.3861024807658152,,1.0,Endothelial cells,1.0,0.0,1.0,Endothelial cells,1.0,ok,True,both,negative,0
TTGGTCACACTCGTAA-1,1,48,48,8411,5510,18366.6666666667,28036.6666666667,25,23,0,2,0.92,0.0,0.08,Tumor,0.92,True,,positive,negative,negative,negative,Immune cells,negative,baseline_immune_all_dropout,svtuner_immune_all_dropout,available_nonimmune_reference_assignment_retained,0.3167430983003823,0.3167430983003823,False,0.6832569016996177,,1.0,PVL,0.6,0.0,1.0,PVL,0.6,ok,True,both,negative,0
TTGGTTCGCTCAAAGG-1,1,39,125,7041,12223,40743.3333333333,23470.0,24,24,0,0,1.0,0.0,0.0,Tumor,1.0,True,,positive,negative,negative,negative,Immune cells,negative,baseline_immune_all_dropout,svtuner_immune_all_dropout,available_nonimmune_reference_assignment_retained,0.498223929209813,0.498223929209813,False,0.501776070790187,,1.0,PVL,0.6666666666666666,0.0,1.0,PVL,0.6666666666666666,ok,True,both,negative,0
TTGTAATCCGTACTCG-1,1,35,55,6438,6119,20396.6666666667,21460.0,8,0,1,7,0.0,0.125,0.875,Stroma,0.875,True,,negative,negative,positive,negative,Immune cells,negative,baseline_immune_all_dropout,svtuner_immune_all_dropout,available_nonimmune_reference_assignment_retained,0.6692846092374073,0.6692846092374073,False,0.3307153907625927,,1.0,Fibroblasts,1.0,0.0,1.0,Fibroblasts,1.0,ok,True,both,negative,0
TTGTGAACCTAATCCG-1,1,56,90,9622,9173,30576.6666666667,32073.3333333333,23,23,0,0,1.0,0.0,0.0,Tumor,1.0,True,,positive,negative,negative,negative,Immune cells,negative,baseline_immune_all_dropout,svtuner_immune_all_dropout,available_nonimmune_reference_assignment_retained,0.363137168212601,0.363137168212601,False,0.636862831787399,,1.0,Endothelial cells,0.8,0.0,1.0,Endothelial cells,0.8,ok,True,both,negative,0
TTGTGCAGCCACGTCA-1,1,60,74,10230,7778,25926.6666666667,34100.0,33,33,0,0,1.0,0.0,0.0,Tumor,1.0,True,,positive,negative,negative,negative,Immune cells,negative,baseline_immune_all_dropout,svtuner_immune_all_dropout,available_nonimmune_reference_assignment_retained,0.32523058711405,0.32523058711405,False,0.67476941288595,,1.0,Fibroblasts,1.0,0.0,1.0,Fibroblasts,1.0,ok,True,both,negative,0
TTGTGGTATAGGTATG-1,1,24,126,4766,12308,41026.6666666667,15886.6666666667,26,24,0,2,0.9230769230769232,0.0,0.0769230769230769,Tumor,0.9230769230769232,True,,positive,negative,negative,negative,Immune cells,negative,baseline_immune_all_dropout,svtuner_immune_all_dropout,available_nonimmune_reference_assignment_retained,0.4325166156121038,0.4325166156121038,False,0.5674833843878961,,1.0,Endothelial cells,1.0,0.0,1.0,Endothelial cells,1.0,ok,True,both,negative,0
TTGTGGTGGTACTAAG-1,1,63,95,10684,9609,32030.0,35613.3333333333,21,19,2,0,0.9047619047619048,0.0952380952380952,0.0,Tumor,0.9047619047619048,True,,positive,negative,negative,negative,Immune cells,negative,baseline_immune_all_dropout,svtuner_immune_all_dropout,available_nonimmune_reference_assignment_retained,0.5034363089033933,0.5034363089033933,False,0.4965636910966067,,1.0,PVL,1.0,0.0,1.0,PVL,1.0,ok,True,both,negative,0
TTGTTTCACATCCAGG-1,1,58,42,9928,4988,16626.6666666667,33093.3333333333,8,5,0,3,0.625,0.0,0.375,Tumor,0.625,True,,positive,negative,ambiguous,negative,Immune cells,negative,baseline_immune_all_dropout,svtuner_immune_all_dropout,available_nonimmune_reference_assignment_retained,0.4930673018141284,0.4930673018141284,False,0.5069326981858716,,1.0,PVL,1.0,0.0,1.0,PVL,1.0,ok,True,both,negative,0
