method,count,mean,median,std
CytoSPACE,12,0.5881808888035075,0.6026006801644788,0.12821322364915955
SVTuner + CytoSPACE,12,0.6554041619851069,0.63777735959173,0.09844782508966261
"Tangram
(all genes)",12,0.5670867694020127,0.5925167891423209,0.12217356541354056
"Tangram
(marker genes)",12,0.6000050373900322,0.6266517719379194,0.1314319242558075
novoSpaRc,12,0.6212109960978515,0.6369464121013237,0.12143773592155266
SpaOTsc,12,0.48067867864830016,0.45196319278519137,0.14159698902977794
CellTrek,12,0.4861369439120529,0.5717094670410939,0.14319431223012663
